dataset,dataset_id,method,n_labeled,metric_accuracy_mean,metric_accuracy_std,metric_accuracy_count,metric_balanced_accuracy_mean,metric_balanced_accuracy_std,metric_balanced_accuracy_count,metric_macro_f1_mean,metric_macro_f1_std,metric_macro_f1_count,metric_f1_macro_mean,metric_f1_macro_std,metric_f1_macro_count,metric_roc_auc_mean,metric_roc_auc_std,metric_roc_auc_count,metric_average_precision_mean,metric_average_precision_std,metric_average_precision_count,metric_log_loss_mean,metric_log_loss_std,metric_log_loss_count,runtime_seconds_mean,runtime_seconds_std,runtime_seconds_count,n_pseudo_added_total_mean,n_pseudo_added_total_std,n_pseudo_added_total_count,pseudo_label_fraction_mean,pseudo_label_fraction_std,pseudo_label_fraction_count,n_expected_seeds,n_success_seeds,n_failed_seeds,success_rate,is_complete,rank_balanced_accuracy
MagicTelescope,1120,self_training_lr,50,0.7450052576235541,0.027445600706915187,3,0.7232708634135756,0.027587911341776107,3,0.7220634119827665,0.028647364305592726,3,0.7220634119827665,0.028647364305592726,3,0.7751557201861611,0.027585580766536524,3,0.683857410683435,0.08013692860651751,3,0.9946734110514323,0.18662244164825853,3,0.5751333333333334,0.15864943533884174,3,4901.0,150.34294130420622,3,0.32315706184887244,0.009913157147844295,3,3,3,0,1.0,True,1.0
MagicTelescope,1120,rpl_lite_xgboost,50,0.7513144058885383,0.0113038906414301,3,0.719761249252919,0.006865484840255536,3,0.7224364843098909,0.0049130339384215425,3,0.7224364843098909,0.0049130339384215425,3,0.77673413733199,0.002982135340100174,3,0.699197398297498,0.02122747748824988,3,0.9627313017845154,0.07127877929238868,3,9.7887,1.6206828406569864,3,3000.0,0.0,3,0.1978108927864961,0.0,3,3,3,0,1.0,True,2.0
MagicTelescope,1120,self_training_xgboost,50,0.7514020329477743,0.0077553660345865885,3,0.717948554754224,0.007712758964242227,3,0.7214664741099778,0.003760387270260658,3,0.7214664741099778,0.003760387270260658,3,0.7743976778760148,0.00256927222353376,3,0.696078606616771,0.02094763728715206,3,0.9595810572306315,0.037209250029235134,3,3.2682333333333333,2.1306809811263006,3,2936.0,110.85125168440814,3,0.1935909270737175,0.007309195020731157,3,3,3,0,1.0,True,3.0
MagicTelescope,1120,xgboost,50,0.7620925341745531,0.003437617463360131,3,0.7169635594155249,0.004492072012618233,3,0.7254992005767643,0.003534726025285111,3,0.7254992005767643,0.003534726025285111,3,0.7952445233248917,0.013324106210290215,3,0.7130609500384614,0.01246742199518209,3,0.5673995216687521,0.046341433363473225,3,1.2327000000000001,0.311769546299827,3,,,0,,,0,3,3,0,1.0,True,4.0
MagicTelescope,1120,self_training_catboost,50,0.7522783035401331,0.02522883322105543,3,0.7044368433111846,0.021102237217500534,3,0.7128583539659948,0.02342972081474083,3,0.7128583539659948,0.02342972081474083,3,0.8131947753018531,0.02383361626992106,3,0.7068210620113479,0.03315786092941598,3,0.512970854836841,0.01999505785808269,3,0.8126000000000001,0.0938281407681086,3,0.0,0.0,3,0.0,0.0,3,3,3,0,1.0,True,5.0
MagicTelescope,1120,catboost,50,0.7398352611286366,0.04142387920050578,3,0.7035003400506984,0.02106937566271182,3,0.707501569883385,0.03040435139491537,3,0.707501569883385,0.03040435139491537,3,0.8038901557444321,0.04343379626002485,3,0.6720734363981983,0.08194348323448769,3,0.7502436547233687,0.20194460037621448,3,3.0292666666666666,1.5446905752717381,3,,,0,,,0,3,3,0,1.0,True,6.0
MagicTelescope,1120,vime,50,0.7613038906414301,0.004621029398329899,3,0.7015409570154096,0.011567508180254076,3,0.7128261214320831,0.010454633009082259,3,0.7128261214320831,0.010454633009082259,3,0.7961794101827707,0.024737353346456662,3,0.7167000099991373,0.022994818238262073,3,0.5339569074372262,0.03799194833642627,3,117.88956666666667,22.15474793748133,3,,,0,,,0,3,3,0,1.0,True,7.0
MagicTelescope,1120,logistic_regression,50,0.7549071153172099,0.023041251548597895,3,0.701336381060449,0.018276849711703985,3,0.7114002816975864,0.02154242000526532,3,0.7114002816975864,0.02154242000526532,3,0.7852294948216522,0.03876665393001014,3,0.6942311908144463,0.07277672870595915,3,0.5445833007494608,0.07595256755970729,3,0.3584333333333333,0.19112860417355987,3,,,0,,,0,3,3,0,1.0,True,8.0
MagicTelescope,1120,random_forest,50,0.754118471784087,0.03864383117310087,3,0.6977082643836597,0.030483764182984593,3,0.7079742553995784,0.03519348282783082,3,0.7079742553995784,0.03519348282783082,3,0.8169578110837535,0.02745326170440835,3,0.7181609450485115,0.06345336852314273,3,0.4966783122811255,0.02061315548689356,3,2.8054666666666663,0.6070195246722572,3,,,0,,,0,3,3,0,1.0,True,9.0
MagicTelescope,1120,sslae,50,0.7597266035751841,0.007360672975814963,3,0.6972475896406373,0.012529611016278518,3,0.7081824374109938,0.010480820689405423,3,0.7081824374109938,0.010480820689405423,3,0.7811773250234074,0.010799148293226205,3,0.703906874889285,0.03382263823044857,3,0.5577840874302482,0.02608616273966813,3,38.31456666666667,24.634748958398852,3,,,0,,,0,3,3,0,1.0,True,10.0
MagicTelescope,1120,scarf,50,0.7556081317910971,0.025977839416316595,3,0.6883162580602926,0.03932172720468257,3,0.6985546771912547,0.04276407131573294,3,0.6985546771912547,0.04276407131573294,3,0.7819024331304344,0.05475288676748739,3,0.7096427883403642,0.0653419891886104,3,0.5346141306751636,0.0569862764312283,3,119.52363333333334,16.27359767363485,3,,,0,,,0,3,3,0,1.0,True,11.0
MagicTelescope,1120,rpl_lr,50,0.7522783035401331,0.024225514420463282,3,0.6877992112763479,0.0204174378650065,3,0.6988097651070406,0.02377698336400839,3,0.6988097651070406,0.02377698336400839,3,0.7898493250104762,0.03562249459649955,3,0.6902267550001472,0.08490178898181959,3,2.100673794746399,0.29005777328648885,3,0.47413333333333335,0.10080160382321966,3,,,0,,,0,3,3,0,1.0,True,12.0
MagicTelescope,1120,label_spreading,50,0.721521205748335,0.01601706633443385,3,0.6587206335005097,0.005126573298782586,3,0.6656606665400221,0.006532894991416936,3,0.6656606665400221,0.006532894991416936,3,0.7878527142026428,0.02063552076612353,3,0.6626392414097344,0.045696276286862444,3,0.8311109911374738,0.1064433679377219,3,23.188599999999997,6.1392662485023415,3,,,0,,,0,3,3,0,1.0,True,13.0
MagicTelescope,1120,mlp,50,0.6511566771819138,0.031068952056139097,3,0.5854184926964868,0.05322630712488762,3,0.569589243654033,0.0734210955934193,3,0.569589243654033,0.0734210955934193,3,0.5919394144015815,0.08488044158206827,3,0.5159870522327419,0.0998309876505978,3,0.6603769461313883,0.0179473588856638,3,0.4230666666666667,0.02869186876683589,3,,,0,,,0,3,3,0,1.0,True,14.0
MagicTelescope,1120,label_propagation,50,0.6497546442341395,0.0021410430639451153,3,0.5021745666323585,0.0031415113008716215,3,0.3980799333559358,0.006922778623643991,3,0.3980799333559358,0.006922778623643991,3,0.6607272457994747,0.04382373482865238,3,0.5467414275442922,0.05278626675133666,3,0.9008467475838491,0.11807704437669199,3,12.592433333333332,1.282613851996513,3,,,0,,,0,3,3,0,1.0,True,15.0
MagicTelescope,1120,lightgbm,50,0.6482649842271293,0.0,3,0.5,0.0,3,0.39330143540669854,0.0,3,0.39330143540669854,0.0,3,0.5153092521672928,0.02651640257963515,3,0.35730116697600117,0.009640856686432839,3,0.6528128514492659,0.007434255863512208,3,0.846,0.7713268827157522,3,,,0,,,0,3,3,0,1.0,True,16.5
MagicTelescope,1120,self_training_lightgbm,50,0.6482649842271293,0.0,3,0.5,0.0,3,0.39330143540669854,0.0,3,0.39330143540669854,0.0,3,0.5153092521672928,0.02651640257963515,3,0.35730116697600117,0.009640856686432839,3,0.6528128514492659,0.007434255863512208,3,0.45626666666666665,0.22766159828423707,3,0.0,0.0,3,0.0,0.0,3,3,3,0,1.0,True,16.5
MagicTelescope,1120,xgboost,100,0.797932001402033,0.021327965396949852,3,0.7593065390355168,0.032411754147189796,3,0.768136459590231,0.02933603983149743,3,0.768136459590231,0.02933603983149743,3,0.8326094375282618,0.0308835470851577,3,0.7839143390086863,0.028711926851575052,3,0.5299284259478251,0.0572051092958136,3,1.7440333333333335,0.3890255304389846,3,,,0,,,0,3,3,0,1.0,True,1.0
MagicTelescope,1120,self_training_lightgbm,100,0.7839992989835262,0.024060928907107454,3,0.7586455313943775,0.029334511244976373,3,0.7608278063780441,0.02807527237209902,3,0.7608278063780441,0.02807527237209902,3,0.8354123806741288,0.029150903829338756,3,0.784828814559698,0.026323972318567347,3,1.4413846671666464,0.236500996953218,3,9.775566666666668,0.5362101205062552,3,3000.0,0.0,3,0.1984652024345065,0.0,3,3,3,0,1.0,True,2.0
MagicTelescope,1120,catboost,100,0.7879425166491413,0.03167727281308362,3,0.7514308193827685,0.04092746658039841,3,0.7586501344987502,0.03962568832949918,3,0.7586501344987502,0.03962568832949918,3,0.8468996993895251,0.031179643488048962,3,0.7816575878954847,0.039854200238976185,3,0.6311991706048556,0.11997445523156383,3,2.6672,0.8570280742192753,3,,,0,,,0,3,3,0,1.0,True,3.0
MagicTelescope,1120,rpl_lite_xgboost,100,0.7729582895198037,0.038375550030857186,3,0.749901803541619,0.03860183926721009,3,0.7505810996110127,0.04000306596093104,3,0.7505810996110127,0.04000306596093104,3,0.8212883052059073,0.03682618705303993,3,0.769214931397725,0.036367794407021155,3,0.7985120813051859,0.14777024608935377,3,10.195,0.9936149807646816,3,3000.0,0.0,3,0.1984652024345065,0.0,3,3,3,0,1.0,True,4.0
MagicTelescope,1120,self_training_catboost,100,0.7970557308096741,0.026467578814315204,3,0.7495141699914049,0.03579960539721208,3,0.7616288444324435,0.035965795089853037,3,0.7616288444324435,0.035965795089853037,3,0.8549364531520053,0.03275921056918393,3,0.7924136446274345,0.04307115493672656,3,0.45619104985326864,0.03042896020224661,3,1.1750999999999998,0.17073570218322828,3,0.0,0.0,3,0.0,0.0,3,3,3,0,1.0,True,5.0
MagicTelescope,1120,self_training_xgboost,100,0.7700665965650192,0.04352595776249324,3,0.7481272965545166,0.041674884281098785,3,0.7482668628607586,0.04432433687082394,3,0.7482668628607586,0.04432433687082394,3,0.8210798397821737,0.03893788568598646,3,0.7690867602638914,0.03881167728288607,3,0.8022952079772949,0.1605805412095576,3,4.3197,1.6739642051131203,3,3000.0,0.0,3,0.1984652024345065,0.0,3,3,3,0,1.0,True,6.0
MagicTelescope,1120,lightgbm,100,0.784086926042762,0.02337771043104469,3,0.7474884134240621,0.027454687606824638,3,0.7546865355622697,0.026940998764800276,3,0.7546865355622697,0.026940998764800276,3,0.8251283221619709,0.029886086852432204,3,0.7729296155550943,0.02789073781904699,3,0.6082248679117706,0.07532485096296478,3,1.1072666666666666,0.05287270877620448,3,,,0,,,0,3,3,0,1.0,True,7.0
MagicTelescope,1120,random_forest,100,0.7867157378198387,0.02730212246544868,3,0.7434763001029244,0.027827972166987847,3,0.7537090099917895,0.029809278006997286,3,0.7537090099917895,0.029809278006997286,3,0.8434746432902522,0.036393779835307886,3,0.7771217460736767,0.038008074223963725,3,0.4600703271752405,0.03475917576941587,3,2.625,0.4504206145371232,3,,,0,,,0,3,3,0,1.0,True,8.0
MagicTelescope,1120,logistic_regression,100,0.7763757448300036,0.008150729726066196,3,0.7313987418730307,0.0077680955671648585,3,0.7412247756791608,0.008502844333852984,3,0.7412247756791608,0.008502844333852984,3,0.8091089136117667,0.004305642946303571,3,0.7428927513748037,0.017828492299067036,3,0.5007245043913523,0.023142519754189714,3,0.26076666666666665,0.011238475578713209,3,,,0,,,0,3,3,0,1.0,True,9.0
MagicTelescope,1120,scarf,100,0.7762004907115317,0.014693936979890118,3,0.7308647228617114,0.012759949353444008,3,0.7407565846801788,0.014441642113342878,3,0.7407565846801788,0.014441642113342878,3,0.8116140345772763,0.023408566461252542,3,0.7472773931886602,0.02810675781473133,3,0.5979086119415912,0.13044966368914593,3,111.24126666666666,12.654759616971527,3,,,0,,,0,3,3,0,1.0,True,10.0
MagicTelescope,1120,rpl_lr,100,0.7811076060287417,0.005140206581164562,3,0.7295784704871151,0.0048906802562409726,3,0.7417442397374442,0.004611975277086067,3,0.7417442397374442,0.004611975277086067,3,0.8085660043861084,0.0058125429378387645,3,0.7460832804951765,0.019990991447303614,3,1.6691787640253704,0.12651285682377966,3,0.5343666666666667,0.305726713476813,3,,,0,,,0,3,3,0,1.0,True,11.0
MagicTelescope,1120,self_training_lr,100,0.7449176305643183,0.029950385338778952,3,0.7274196637801756,0.025177171589436127,3,0.7242566045734895,0.02867372360234758,3,0.7242566045734895,0.02867372360234758,3,0.787604646915035,0.019910921994967405,3,0.7283686404169135,0.007470486564114898,3,0.8518935044606527,0.05430423516495116,3,0.4865,0.06308502199413107,3,4545.0,788.0831174438391,3,0.30067478168827727,0.05213569181290285,3,3,3,0,1.0,True,12.0
MagicTelescope,1120,vime,100,0.7705047318611987,0.006281705123737354,3,0.7157597435738904,0.010168851901121986,3,0.7275140876031263,0.01003137527343314,3,0.7275140876031263,0.01003137527343314,3,0.8091065900330191,0.003316507552499648,3,0.7429437424209668,0.006661718052420655,3,0.5392655050361177,0.06967846639662326,3,130.63026666666667,6.527215627151701,3,,,0,,,0,3,3,0,1.0,True,13.0
MagicTelescope,1120,sslae,100,0.7633193130038555,0.0214700601109935,3,0.708052533892932,0.036424737101079956,3,0.7178331613925467,0.03694830352510413,3,0.7178331613925467,0.03694830352510413,3,0.7820023470165856,0.023690666573596652,3,0.7160366242172014,0.03385847948120882,3,0.5645653097311613,0.06357685446469492,3,36.23726666666666,20.333673362757978,3,,,0,,,0,3,3,0,1.0,True,14.0
MagicTelescope,1120,label_spreading,100,0.745969155275149,0.0030240858616784458,3,0.6893715669124002,0.008893765722061034,3,0.6986707307713532,0.00787409966061804,3,0.6986707307713532,0.00787409966061804,3,0.8014518629242097,0.015406141836541388,3,0.6954256206899392,0.008408295879816945,3,0.7369026014251784,0.0715652976624743,3,17.203599999999998,0.0312558794469141,3,,,0,,,0,3,3,0,1.0,True,15.0
MagicTelescope,1120,mlp,100,0.6943568173852085,0.07767341813772853,3,0.6427261276529713,0.054127332792930236,3,0.6476557779936845,0.0621102701835234,3,0.6476557779936845,0.0621102701835234,3,0.6962120817204666,0.07911488520715218,3,0.6234726002799774,0.07085171553993415,3,0.6045019030570984,0.04985749355364011,3,0.49556666666666666,0.06448490779502856,3,,,0,,,0,3,3,0,1.0,True,16.0
MagicTelescope,1120,label_propagation,100,0.6501051524710831,0.0025351342694514187,3,0.5030146918873966,0.0042875185331863516,3,0.4004911043386858,0.010423193502183537,3,0.4004911043386858,0.010423193502183537,3,0.7220602788860239,0.03648772068377495,3,0.571999317959999,0.044690358657958666,3,0.8699611237024495,0.03960934337705048,3,13.1648,2.1877451496918003,3,,,0,,,0,3,3,0,1.0,True,17.0
MagicTelescope,1120,self_training_lightgbm,250,0.8281633368384158,0.009391642393594777,3,0.8035916263879342,0.009734492562085105,3,0.8083451969299155,0.009448684490364921,3,0.8083451969299155,0.009448684490364921,3,0.8796105358738333,0.005261237523280108,3,0.8386913742952714,0.0071337545228963494,3,1.0730208276384325,0.035701860324566806,3,10.908133333333334,1.4384430657253455,3,3000.0,0.0,3,0.2004543632233061,0.0,3,3,3,0,1.0,True,1.0
MagicTelescope,1120,catboost,250,0.8413073957237995,0.013985509249671561,3,0.8034164487553902,0.021217889262623562,3,0.8164886328388555,0.018471465446338042,3,0.8164886328388555,0.018471465446338042,3,0.8926724832914482,0.011166346105224219,3,0.8542513476433785,0.015908457843828525,3,0.4419226556864995,0.04121301300461283,3,4.428233333333334,0.6947797444754222,3,,,0,,,0,3,3,0,1.0,True,2.0
MagicTelescope,1120,rpl_lite_xgboost,250,0.8236943568173851,0.006926973071844232,3,0.8015692036509686,0.006146003064774692,3,0.8046201536071992,0.006559979718081508,3,0.8046201536071992,0.006559979718081508,3,0.8756759593652549,0.0063316081181384615,3,0.8334400989487359,0.007339010327310093,3,0.577296257019043,0.03803616655695199,3,11.9602,0.6431930114670088,3,3000.0,0.0,3,0.2004543632233061,0.0,3,3,3,0,1.0,True,3.0
MagicTelescope,1120,self_training_xgboost,250,0.8228180862250264,0.005954128103525791,3,0.8014631272298779,0.004047560172465337,3,0.8039976717389852,0.004797252521246181,3,0.8039976717389852,0.004797252521246181,3,0.8759384732511636,0.0062542322722834226,3,0.83402675595469,0.007260646614442356,3,0.5793662071228027,0.036837679592913335,3,6.800533333333333,1.3564177982219685,3,3000.0,0.0,3,0.2004543632233061,0.0,3,3,3,0,1.0,True,4.0
MagicTelescope,1120,xgboost,250,0.8307921486154924,0.011567767538316523,3,0.7968445598555906,0.015998361985845547,3,0.8068999560012696,0.014212553442686153,3,0.8068999560012696,0.014212553442686153,3,0.8799910976626414,0.0134748431626367,3,0.838449492689037,0.016172003926181764,3,0.4488983352979024,0.045289184959703355,3,2.5370666666666666,0.27261772380630944,3,,,0,,,0,3,3,0,1.0,True,5.0
MagicTelescope,1120,lightgbm,250,0.8256221521205749,0.008351736808583077,3,0.795022166941253,0.011578632177252478,3,0.8028454043852902,0.00943789063993796,3,0.8028454043852902,0.00943789063993796,3,0.8717757819246587,0.010342771583491443,3,0.8257690174298483,0.013884952055612465,3,0.6809451598468064,0.1143759856518497,3,2.008266666666667,0.2956724088130872,3,,,0,,,0,3,3,0,1.0,True,6.0
MagicTelescope,1120,random_forest,250,0.8336838415702769,0.003569122301860537,3,0.7944596588339837,0.009347055582647,3,0.8075447649749964,0.00673836919426205,3,0.8075447649749964,0.00673836919426205,3,0.8902827330620201,0.005823575507999439,3,0.8475404697195201,0.008805472085971551,3,0.3979344849878477,0.004224414257435842,3,2.5223999999999998,0.2112551301152238,3,,,0,,,0,3,3,0,1.0,True,7.0
MagicTelescope,1120,self_training_catboost,250,0.836926042762005,0.011353707912194639,3,0.7909776245428106,0.013923956013165695,3,0.8076871778082181,0.0138813434031938,3,0.8076871778082181,0.0138813434031938,3,0.8964680996883981,0.011312666444062588,3,0.856833234321002,0.015523406319235844,3,0.3957417003030914,0.010438252688781399,3,1.8451666666666666,0.31016725058157474,3,0.0,0.0,3,0.0,0.0,3,3,3,0,1.0,True,8.0
MagicTelescope,1120,vime,250,0.8108131791097092,0.022032412191623187,3,0.7662787906560614,0.038724995189721306,3,0.7779748183095991,0.03522987455076307,3,0.7779748183095991,0.03522987455076307,3,0.8520576401087677,0.02742804240770322,3,0.8069849422217779,0.026894407941251846,3,0.46974806262926766,0.013662790082863358,3,122.35953333333333,6.04087227172809,3,,,0,,,0,3,3,0,1.0,True,9.0
MagicTelescope,1120,scarf,250,0.8111636873466527,0.02352064363099558,3,0.7661502866487974,0.04567894585506201,3,0.7772848519091061,0.04140948503034828,3,0.7772848519091061,0.04140948503034828,3,0.857883054079578,0.01835692302760346,3,0.8123633934989635,0.023519354703859324,3,0.45231202665561115,0.01610027596108879,3,119.66853333333334,15.370809544826615,3,,,0,,,0,3,3,0,1.0,True,10.0
MagicTelescope,1120,sslae,250,0.8011742025937609,0.012277798729854144,3,0.7520639440789353,0.02720280651322175,3,0.7642816575645863,0.020502066181135307,3,0.7642816575645863,0.020502066181135307,3,0.8470083014396894,0.027069058621861555,3,0.7982880824391372,0.025049667242548593,3,0.4619465213420563,0.02547137284269613,3,50.6727,24.698937535043896,3,,,0,,,0,3,3,0,1.0,True,11.0
MagicTelescope,1120,self_training_lr,250,0.7634069400630915,0.01281663695399459,3,0.7415663183723149,0.01726099840579041,3,0.7410111148753352,0.015740504481966077,3,0.7410111148753352,0.015740504481966077,3,0.8018127248062439,0.022117164384318006,3,0.7493196566229838,0.03015979275795786,3,0.7214760780334473,0.0441139275347776,3,0.4626333333333333,0.07118850562649372,3,4701.333333333333,439.2338025850622,3,0.3141342598779455,0.029348777401113295,3,3,3,0,1.0,True,12.0
MagicTelescope,1120,logistic_regression,250,0.7796179460217315,0.01443295075422062,3,0.7340133741151712,0.014556008273324707,3,0.7442830003860915,0.015598834968550475,3,0.7442830003860915,0.015598834968550475,3,0.8099552519143258,0.01902209392047112,3,0.7518869516558818,0.030377448810736774,3,0.4895193576812744,0.025796764221598687,3,0.23729999999999998,0.05459816846744951,3,,,0,,,0,3,3,0,1.0,True,13.0
MagicTelescope,1120,rpl_lr,250,0.7831230283911671,0.00966244792297012,3,0.7335260287291318,0.013317878779607996,3,0.7452633854208663,0.012885602707282257,3,0.7452633854208663,0.012885602707282257,3,0.8126935894684904,0.018089553434069303,3,0.7564037489215206,0.02439008776722698,3,1.2741515239079793,0.0801478646401279,3,0.6191,0.31786794427875237,3,,,0,,,0,3,3,0,1.0,True,14.0
MagicTelescope,1120,label_spreading,250,0.763757448300035,0.016107417158953814,3,0.6981343885209551,0.0241575123276317,3,0.7101944484618685,0.025570372745751333,3,0.7101944484618685,0.025570372745751333,3,0.821813686565795,0.011397265656627041,3,0.7281470583118387,0.016049987095327276,3,0.8226642941445824,0.15459293128024124,3,11.919466666666667,5.522149103685388,3,,,0,,,0,3,3,0,1.0,True,15.0
MagicTelescope,1120,mlp,250,0.7588503329828251,0.021564803858872866,3,0.6738374327323952,0.031730846432126016,3,0.6829900921534645,0.03734750480069041,3,0.6829900921534645,0.03734750480069041,3,0.742581419209571,0.07632097328762047,3,0.7109349533858006,0.06952174070336249,3,0.5747079451878866,0.057414620263134625,3,0.5915666666666667,0.09929321896954153,3,,,0,,,0,3,3,0,1.0,True,16.0
MagicTelescope,1120,label_propagation,250,0.6585173501577287,0.003925653134350155,3,0.5153147075260918,0.006009895630433651,3,0.426769981905918,0.013189976929742461,3,0.426769981905918,0.013189976929742461,3,0.786224643189227,0.010097207502012819,3,0.6750954315586969,0.00912288167319405,3,0.8047329694828464,0.039393429827835155,3,11.999966666666666,1.0947569151795,3,,,0,,,0,3,3,0,1.0,True,17.0
MagicTelescope,1120,rpl_lite_xgboost,500,0.838503329828251,0.016038624601180183,3,0.8136179697094233,0.02155775227916516,3,0.8192583085749651,0.019616329355979463,3,0.8192583085749651,0.019616329355979463,3,0.8941116877627412,0.012751573374579644,3,0.8538202987822768,0.016393804088710256,3,0.5079838633537292,0.05612950200386871,3,13.441899999999999,0.20917820154117397,3,3000.0,0.0,3,0.2038597444957869,0.0,3,3,3,0,1.0,True,1.0
MagicTelescope,1120,self_training_lightgbm,500,0.8396424815983176,0.02172868382731001,3,0.812331414259338,0.02738301572395777,3,0.8194672738471823,0.026039551826122564,3,0.8194672738471823,0.026039551826122564,3,0.8944348672589973,0.01541696886152235,3,0.8553837640119785,0.01988955789460867,3,0.9690790731524791,0.1338121990632022,3,15.354933333333335,0.7362495251837754,3,3000.0,0.0,3,0.2038597444957869,0.0,3,3,3,0,1.0,True,2.0
MagicTelescope,1120,self_training_xgboost,500,0.8363126533473536,0.018053513608408796,3,0.8110736509806916,0.024105233728316633,3,0.8167147907666248,0.022077534755087093,3,0.8167147907666248,0.022077534755087093,3,0.8934721984813089,0.013050447160934694,3,0.8532504799381536,0.017643604928369996,3,0.5087468723456064,0.06014142735607846,3,7.286666666666666,0.49269877545345403,3,3000.0,0.0,3,0.2038597444957869,0.0,3,3,3,0,1.0,True,3.0
MagicTelescope,1120,xgboost,500,0.8434104451454609,0.013039365741601501,3,0.8104514370021226,0.017748498974734093,3,0.8212315688238823,0.016409320568885607,3,0.8212315688238823,0.016409320568885607,3,0.8941944778837733,0.01196735772412988,3,0.8546207932469384,0.013461855698345918,3,0.43631430466969806,0.03897157740826145,3,1.693933333333333,0.4549074887637413,3,,,0,,,0,3,3,0,1.0,True,4.0
MagicTelescope,1120,catboost,500,0.844987732211707,0.011465758778134508,3,0.808420225075981,0.015072843803657135,3,0.8213851618862833,0.014404923274105518,3,0.8213851618862833,0.014404923274105518,3,0.898325447309114,0.0072255204320834186,3,0.860385854703452,0.01055927503743614,3,0.4207858069388967,0.022542544796511355,3,4.634066666666667,0.4122607225207529,3,,,0,,,0,3,3,0,1.0,True,5.0
MagicTelescope,1120,lightgbm,500,0.8385909568874869,0.017340197249253952,3,0.8067911943235173,0.02178419004035074,3,0.8164555193892681,0.021018636600000685,3,0.8164555193892681,0.021018636600000685,3,0.8910986122779517,0.012590601211596946,3,0.8509094605843207,0.01631805195357025,3,0.7401395427116181,0.09937563086850572,3,2.8399,0.449734265983814,3,,,0,,,0,3,3,0,1.0,True,6.0
MagicTelescope,1120,vime,500,0.8378899404135997,0.00627253072841683,3,0.8051679220053414,0.01490404471311996,3,0.8151489671478233,0.010829513394271763,3,0.8151489671478233,0.010829513394271763,3,0.8934067341757216,0.008063520962703137,3,0.8504982868135675,0.014238487784866326,3,0.38731762592773605,0.009021086385604844,3,116.64936666666667,13.406067225824776,3,,,0,,,0,3,3,0,1.0,True,7.0
MagicTelescope,1120,scarf,500,0.8338590956887487,0.008546670981602989,3,0.8012612789543168,0.015648155110515597,3,0.8108354863994682,0.01265004317913836,3,0.8108354863994682,0.01265004317913836,3,0.8905200411697743,0.00868081228712945,3,0.8468275765006776,0.012229203417593003,3,0.4010304361451255,0.017803936720954754,3,112.79653333333333,2.4282841871027623,3,,,0,,,0,3,3,0,1.0,True,8.0
MagicTelescope,1120,random_forest,500,0.8336838415702769,0.011160330326610894,3,0.7967387865099888,0.011578606366797166,3,0.8087891595478119,0.012478417591101165,3,0.8087891595478119,0.012478417591101165,3,0.8979078092855056,0.01062342423531206,3,0.8534874882632281,0.012293964641402168,3,0.3783463550170884,0.015220053816736282,3,2.5450666666666666,0.2636350760679113,3,,,0,,,0,3,3,0,1.0,True,9.0
MagicTelescope,1120,sslae,500,0.827111812127585,0.011129326478414671,3,0.7952024968571072,0.016523747192150856,3,0.803796707393273,0.014182411236000792,3,0.803796707393273,0.014182411236000792,3,0.889678703612781,0.011999770647755533,3,0.8398338262624696,0.019065094766903073,3,0.3957260054304241,0.019916829103492052,3,48.77666666666667,21.677233603560524,3,,,0,,,0,3,3,0,1.0,True,10.0
MagicTelescope,1120,self_training_catboost,500,0.836838415702769,0.01010412569603894,3,0.7929612536172059,0.013299529910804297,3,0.8087108010047067,0.013002744266974583,3,0.8087108010047067,0.013002744266974583,3,0.8982245231713334,0.008912314829878348,3,0.8588718076748477,0.010033280564064943,3,0.3833042211917657,0.013690210359413434,3,2.311733333333333,0.25281131963053655,3,0.0,0.0,3,0.0,0.0,3,3,3,0,1.0,True,11.0
MagicTelescope,1120,self_training_lr,500,0.7781282860147214,0.013818150999948906,3,0.749217156012351,0.014476482087455203,3,0.7528507616953339,0.014786160690832521,3,0.7528507616953339,0.014786160690832521,3,0.822862277244567,0.017165692456637245,3,0.7693193027640733,0.023865326232879597,3,0.6024965047836304,0.045922121116507265,3,0.5363,0.07750270963005099,3,4286.666666666667,146.90926905179708,3,0.2912929238017577,0.009982962017654022,3,3,3,0,1.0,True,12.0
MagicTelescope,1120,logistic_regression,500,0.7873291272344901,0.007956228154795781,3,0.742297033375885,0.010016317230490955,3,0.7531478370745469,0.01003243508014511,3,0.7531478370745469,0.01003243508014511,3,0.8284559394915848,0.01445733266179209,3,0.771624515125661,0.020478858365813125,3,0.46870497862497956,0.021494504471610356,3,0.2953,0.08971203932583409,3,,,0,,,0,3,3,0,1.0,True,13.0
MagicTelescope,1120,rpl_lr,500,0.7885559060637926,0.006166978026608111,3,0.741078063759809,0.00920877125992004,3,0.752824453527615,0.008666222826203353,3,0.752824453527615,0.008666222826203353,3,0.8303086904673869,0.013302862040562987,3,0.7722074005285732,0.017537802929229226,3,0.9886379837989807,0.07321970834741745,3,0.47536666666666666,0.08330944324224795,3,,,0,,,0,3,3,0,1.0,True,14.0
MagicTelescope,1120,mlp,500,0.7908342096039257,0.020834611764609566,3,0.7340606538914286,0.02938301942668248,3,0.7482695850267337,0.03022663584648254,3,0.7482695850267337,0.03022663584648254,3,0.8358310794619482,0.043572541396732785,3,0.7724147064355448,0.045880563732436846,3,0.4979792733987172,0.08540591470936626,3,0.6839666666666666,0.16262491609016538,3,,,0,,,0,3,3,0,1.0,True,15.0
MagicTelescope,1120,label_spreading,500,0.7746232036452856,0.004471556544750534,3,0.7117000474010066,0.005235314414223741,3,0.7254355638883472,0.005719136813949506,3,0.7254355638883472,0.005719136813949506,3,0.8402748227917617,0.0049286468943143405,3,0.7538317909498277,0.013864328051189327,3,0.7832906960783657,0.05777559864044787,3,9.950666666666667,1.3706744191577116,3,,,0,,,0,3,3,0,1.0,True,16.0
MagicTelescope,1120,label_propagation,500,0.6867332632316859,0.006683250951864099,3,0.559526753685701,0.011351828956875892,3,0.5146844362225641,0.0219217902079615,3,0.5146844362225641,0.0219217902079615,3,0.8231734852590145,0.013367360605035855,3,0.718792798852979,0.02336746513951622,3,0.6982657287666004,0.026724520423273418,3,11.735266666666666,1.1888952238668187,3,,,0,,,0,3,3,0,1.0,True,17.0
adult,1590,self_training_lr,50,0.7699525710581089,0.012706552142058507,3,0.7387108149082383,0.015377647987818415,3,0.7126799351508443,0.0019404346606171645,3,0.7126799351508443,0.0019404346606171645,3,0.8333329783902599,0.008368762310797482,3,0.6061302147461035,0.03440033376169163,3,0.6754955252011617,0.0233462105406119,3,0.8656666666666667,0.11383164469220904,3,4977.0,39.83716857408418,3,0.127540168618507,0.0010208638129842428,3,3,3,0,1.0,True,1.0
adult,1590,vime,50,0.8111031494182277,0.006911191558511303,3,0.7130913500296252,0.024591732963143213,3,0.7241487161710433,0.01803142642233323,3,0.7241487161710433,0.01803142642233323,3,0.8313204319776158,0.031004108651895644,3,0.6310181987514918,0.020970807544727015,3,0.4685233507648771,0.06321136476125136,3,584.4842333333332,77.51743127331642,3,,,0,,,0,3,3,0,1.0,True,2.0
adult,1590,logistic_regression,50,0.8118538233186611,0.002771417006997842,3,0.7100181857481953,0.013614807879791526,3,0.7231964841868715,0.010208030193278438,3,0.7231964841868715,0.010208030193278438,3,0.8451284753867315,0.008985658075709581,3,0.6359763410401463,0.01277290456359315,3,0.41283368070920307,0.002939002483075784,3,0.7631,0.00851351866151707,3,,,0,,,0,3,3,0,1.0,True,3.0
adult,1590,self_training_catboost,50,0.7792677517316683,0.023386302761412372,3,0.7005689775839827,0.011412389939135596,3,0.6993228480438486,0.019067676337155903,3,0.6993228480438486,0.019067676337155903,3,0.8189266352620711,0.017238820147207363,3,0.5605598461050009,0.030822515417616637,3,0.6234996348773838,0.07651323575234285,3,3.7580000000000005,0.5798313202992744,3,1317.6666666666667,239.0697248363609,3,0.0337664112617345,0.006126379951217512,3,3,3,0,1.0,True,4.0
adult,1590,sslae,50,0.782850513529191,0.045314164318068555,3,0.6980870909046049,0.031416588478746475,3,0.6958673478630436,0.010895424439277128,3,0.6958673478630436,0.010895424439277128,3,0.824251145900137,0.01353362030505481,3,0.6175057825165823,0.013436455424905706,3,0.5377682829362843,0.03186769733707482,3,86.35146666666667,19.019339300915092,3,,,0,,,0,3,3,0,1.0,True,5.0
adult,1590,self_training_xgboost,50,0.7622411028082028,0.010833898215067658,3,0.6938231501700445,0.03229477014275385,3,0.6843561505245516,0.018910486294556026,3,0.6843561505245516,0.018910486294556026,3,0.7971734789451798,0.02446535336050464,3,0.5232131059580926,0.05473184568997642,3,0.8452796737353007,0.13373944963084916,3,4.348366666666666,0.9174527907927106,3,2865.6666666666665,130.21648641141155,3,0.07343532446676743,0.0033369163419370695,3,3,3,0,1.0,True,6.0
adult,1590,rpl_lite_xgboost,50,0.7587265840925377,0.012870290629953245,3,0.6931741607428586,0.03372786052645682,3,0.6819094689693529,0.018697015086073906,3,0.6819094689693529,0.018697015086073906,3,0.7938580995918078,0.02636178177794539,3,0.5186556130514179,0.06110410835427284,3,0.8614407380421957,0.13610208308626587,3,20.056066666666666,0.5101309864469463,3,3000.0,0.0,3,0.0768777387694436,0.0,3,3,3,0,1.0,True,7.0
adult,1590,catboost,50,0.7831234858566213,0.043581049403650915,3,0.6903516150504613,0.024342946693562132,3,0.695323920289641,0.0359444556342386,3,0.695323920289641,0.0359444556342386,3,0.7886463361413744,0.016140352220149517,3,0.552320760578851,0.01433841237093452,3,0.6967410610386097,0.07504245389212061,3,3.4235666666666664,0.8623053074945867,3,,,0,,,0,3,3,0,1.0,True,8.0
adult,1590,rpl_lr,50,0.8103524755177943,0.00785899905407977,3,0.6870943408375206,0.020103814631812735,3,0.706203474391698,0.018400323221533857,3,0.706203474391698,0.018400323221533857,3,0.8432372811329875,0.008663671381953012,3,0.6159412479395994,0.014561347645910704,3,1.7224444548288982,0.026809204677643427,3,1.1130666666666666,0.06623989231070154,3,,,0,,,0,3,3,0,1.0,True,9.0
adult,1590,scarf,50,0.7970109530146381,0.013408202675266625,3,0.6786667739554053,0.05134644287342529,3,0.6896642906113636,0.0460420660503951,3,0.6896642906113636,0.0460420660503951,3,0.8168471676904953,0.030380163606905236,3,0.5884762555747517,0.04904216415870514,3,0.46900589120625963,0.015686075680277498,3,294.46276666666665,23.774443745403026,3,,,0,,,0,3,3,0,1.0,True,10.0
adult,1590,random_forest,50,0.8042105981506125,0.018097513334108726,3,0.6764125880541817,0.0389071096682446,3,0.6923803842487973,0.03644745930529727,3,0.6923803842487973,0.03644745930529727,3,0.8416059148020739,0.01934279772190714,3,0.617992834003837,0.04035197040807797,3,0.41429112462815554,0.018448870717040815,3,2.3222,0.1410095032258464,3,,,0,,,0,3,3,0,1.0,True,11.0
adult,1590,xgboost,50,0.7633671136588528,0.006883085330468152,3,0.6504938869785276,0.045077506334069234,3,0.6531865950939492,0.037982978448103624,3,0.6531865950939492,0.037982978448103624,3,0.7770119353349744,0.022381279119276485,3,0.5093042607044351,0.044539581046859185,3,0.5575302441914877,0.04995472392149,3,1.5866666666666667,0.33447992964202405,3,,,0,,,0,3,3,0,1.0,True,12.0
adult,1590,mlp,50,0.6386870031050602,0.19786650868277295,3,0.5470426392538567,0.04153454015846126,3,0.4780343661361887,0.0787439180216822,3,0.4780343661361887,0.0787439180216822,3,0.5994338581233826,0.0940815680909288,3,0.34235133023960257,0.09619373359403817,3,0.6550410588582357,0.04507211627582443,3,0.7301333333333333,0.04990013360035554,3,,,0,,,0,3,3,0,1.0,True,13.0
adult,1590,lightgbm,50,0.7606715119254787,0.0,3,0.5,0.0,3,0.4320348837209302,0.0,3,0.4320348837209302,0.0,3,0.49820658776646676,0.0031062811073950883,3,0.23868792526460234,0.0011094873322189105,3,0.5540293527218263,0.0007630704053451914,3,1.1253,0.6939799132539788,3,,,0,,,0,3,3,0,1.0,True,14.5
adult,1590,self_training_lightgbm,50,0.7606715119254787,0.0,3,0.5,0.0,3,0.4320348837209302,0.0,3,0.4320348837209302,0.0,3,0.49820658776646676,0.0031062811073950883,3,0.23868792526460234,0.0011094873322189105,3,0.5540293527218263,0.0007630704053451914,3,0.9708,0.3045608477792246,3,0.0,0.0,3,0.0,0.0,3,3,3,0,1.0,True,14.5
adult,1590,self_training_lr,100,0.7831576073975501,0.004321597892845798,3,0.7493449669475091,0.018574663738849438,3,0.7261131561582025,0.010259251604300497,3,0.7261131561582025,0.010259251604300497,3,0.8411271925265336,0.02154336051228119,3,0.6372807424921126,0.03494038811196273,3,0.6181125044822693,0.0557892275584783,3,0.7667,0.022507998578283235,3,5000.0,0.0,3,0.1282939470915762,0.0,3,3,3,0,1.0,True,1.0
adult,1590,self_training_catboost,100,0.8083734261439247,0.011886203397370435,3,0.7400740936950713,0.007544717044062739,3,0.7385894728401619,0.010881830504067824,3,0.7385894728401619,0.010881830504067824,3,0.8545493456634033,0.013939148555072304,3,0.653089147646785,0.026641774595831384,3,0.4840133403926062,0.06545389752294106,3,3.879633333333333,0.1471168696422451,3,1367.0,116.6576186967658,3,0.0350755651348369,0.0029932932721824096,3,3,3,0,1.0,True,2.0
adult,1590,self_training_lightgbm,100,0.8006619578940185,0.008995476272923351,3,0.7310966432477145,0.009541213675534644,3,0.7287933840750168,0.008237012052415709,3,0.7287933840750168,0.008237012052415709,3,0.838027177281249,0.013315534977274952,3,0.6107970922649928,0.035317317575054664,3,1.2825253673951489,0.09524644884539613,3,11.211333333333334,1.131419207603147,3,2966.0,58.88972745734183,3,0.07610396941472297,0.0015110391157299422,3,3,3,0,1.0,True,3.0
adult,1590,logistic_regression,100,0.8159825297710445,0.003037200506564787,3,0.729587856986874,0.020033741937052686,3,0.737232701309057,0.011809225964017296,3,0.737232701309057,0.011809225964017296,3,0.8531629188323472,0.011278651354624619,3,0.6576290944947801,0.017115543242755726,3,0.41150936484336853,0.02479935105144122,3,0.7557999999999999,0.07872890193569318,3,,,0,,,0,3,3,0,1.0,True,4.0
adult,1590,catboost,100,0.8160848943938307,0.011042259958616305,3,0.7232548187743167,0.007365415932308221,3,0.7342246744035927,0.01040374575769566,3,0.7342246744035927,0.01040374575769566,3,0.848062166226403,0.008511125675278577,3,0.6361581804018276,0.02953395439164035,3,0.5024654687379306,0.06241434492303836,3,2.854566666666667,0.18558925974671395,3,,,0,,,0,3,3,0,1.0,True,5.0
adult,1590,rpl_lr,100,0.8201794793052853,0.003699788471292411,3,0.722721655905752,0.029584330630340546,3,0.7353038975243548,0.021202462804063606,3,0.7353038975243548,0.021202462804063606,3,0.8542396338491672,0.015832401387602606,3,0.6477952515795918,0.02296402245255657,3,1.5146867434183757,0.15860795670290057,3,1.5156333333333334,0.23294472162582563,3,,,0,,,0,3,3,0,1.0,True,6.0
adult,1590,rpl_lite_xgboost,100,0.7811444364827516,0.009250839970362584,3,0.7219318116367376,0.019537631509565282,3,0.7114081042280405,0.006604039397417982,3,0.7114081042280405,0.006604039397417982,3,0.8164750530467219,0.016068586171213907,3,0.5828412969215165,0.006955630686504957,3,0.7376766999562582,0.013649578091963797,3,20.61,1.3963021771808564,3,3000.0,0.0,3,0.0769763682549457,0.0,3,3,3,0,1.0,True,7.0
adult,1590,self_training_xgboost,100,0.7810079503190365,0.009017581548544975,3,0.7211580932949259,0.019312768033649924,3,0.7109269389926465,0.006384011935362441,3,0.7109269389926465,0.006384011935362441,3,0.8149815485241524,0.016097440758358526,3,0.581012774408566,0.00674949501969594,3,0.7412949204444885,0.013679175809929785,3,5.910066666666666,0.0613575042951823,3,3000.0,0.0,3,0.0769763682549457,0.0,3,3,3,0,1.0,True,8.0
adult,1590,random_forest,100,0.8259460197222506,0.00592153758483602,3,0.7142488673574664,0.002923225761889429,3,0.7345928798104696,0.0017688074284238782,3,0.7345928798104696,0.0017688074284238782,3,0.8606828770895066,0.005643164923581884,3,0.6644822085646663,0.009592122712644749,3,0.3916724454059604,0.006163623240887638,3,2.3325333333333336,0.21617257766269382,3,,,0,,,0,3,3,0,1.0,True,9.0
adult,1590,xgboost,100,0.8000477701573003,0.007438417661649213,3,0.7137882567717287,0.020390049685476024,3,0.7181957797111481,0.01211007673836969,3,0.7181957797111481,0.01211007673836969,3,0.8246903831570188,0.01529839983005091,3,0.5995298766266494,0.008660454697671332,3,0.506587823232015,0.046635469250882036,3,1.7863,0.02750218173163718,3,,,0,,,0,3,3,0,1.0,True,10.0
adult,1590,lightgbm,100,0.7849660490667759,0.011119801329941328,3,0.7082720001295447,0.02205389737578472,3,0.7065769162479586,0.01879157661823669,3,0.7065769162479586,0.01879157661823669,3,0.808994829227678,0.01559847932747242,3,0.5595723662366671,0.002657192733735562,3,0.5362480424472497,0.11775647123955243,3,1.2773,0.129487142218832,3,,,0,,,0,3,3,0,1.0,True,11.0
adult,1590,vime,100,0.816699082130549,0.011629239885365204,3,0.695663223028154,0.07376954999383428,3,0.7071202477004542,0.06991880195152762,3,0.7071202477004542,0.06991880195152762,3,0.8464425417960818,0.03695320197956198,3,0.6586216315374115,0.038135039353426534,3,0.49989231166738773,0.09807583241104516,3,539.4847,51.00997006929134,3,,,0,,,0,3,3,0,1.0,True,12.0
adult,1590,sslae,100,0.8112737571228718,0.00896280070518288,3,0.6779284252112113,0.06471886925180033,3,0.6918409928137308,0.059652244602359114,3,0.6918409928137308,0.059652244602359114,3,0.8346823856180596,0.015653895169972707,3,0.6393672579710469,0.013987738843967238,3,0.4663308138578451,0.031043058188645205,3,125.53573333333334,74.57706759563112,3,,,0,,,0,3,3,0,1.0,True,13.0
adult,1590,scarf,100,0.8077251168662777,0.023278069338699792,3,0.6738858442447632,0.10676134767668131,3,0.6738440391204213,0.1220630507836679,3,0.6738440391204213,0.1220630507836679,3,0.8492977422512378,0.019013937153251448,3,0.6473145403629071,0.03499415291894648,3,0.46844463776515427,0.028908014458914052,3,292.50196666666665,13.649877492978943,3,,,0,,,0,3,3,0,1.0,True,14.0
adult,1590,mlp,100,0.7076125157812126,0.07400306196415933,3,0.556780128345113,0.0642551273984243,3,0.527533521823648,0.05301709695337243,3,0.527533521823648,0.05301709695337243,3,0.6280991854459371,0.10596120615796596,3,0.37342090656115645,0.12171604442869186,3,0.6383170286814371,0.04099540607759493,3,0.9194,0.1797850661206319,3,,,0,,,0,3,3,0,1.0,True,15.0
adult,1590,sslae,250,0.7906643464018835,0.014956799057467433,3,0.7593604244305667,0.025963570455910665,3,0.7355310925548021,0.020321759721841737,3,0.7355310925548021,0.020321759721841737,3,0.8583438214215015,0.02214422589661407,3,0.6627860446566526,0.05449893720904853,3,0.42537027734617716,0.031425333041961157,3,214.51826666666668,156.2588496517984,3,,,0,,,0,3,3,0,1.0,True,1.0
adult,1590,self_training_lr,250,0.811069027877299,0.011516967845045684,3,0.7513242926070883,0.025755924874825444,3,0.745256867433241,0.015440757221004006,3,0.745256867433241,0.015440757221004006,3,0.861195290177858,0.010234197768846572,3,0.6669993318707818,0.03798227884578919,3,0.4951269030570984,0.027315658122201922,3,0.8973333333333334,0.15586267459957603,3,4942.666666666667,99.30424630061576,3,0.12731284719539096,0.0025578715272033467,3,3,3,0,1.0,True,2.0
adult,1590,self_training_catboost,250,0.828163919882622,0.013027817025942108,3,0.7395980095099418,0.02792083501432414,3,0.7508002279953249,0.022181913876917144,3,0.7508002279953249,0.022181913876917144,3,0.8745147784289928,0.011229034670691331,3,0.6974874422534815,0.03303325396971877,3,0.39727004852073966,0.03226068828265988,3,4.010066666666667,0.11593797192177098,3,1435.0,64.02343321003646,3,0.036962625247919996,0.001649110919043794,3,3,3,0,1.0,True,3.0
adult,1590,self_training_lightgbm,250,0.8080322107346367,0.01754958788854051,3,0.7340846307845696,0.01610714178147033,3,0.735276201778143,0.019312033804692517,3,0.735276201778143,0.019312033804692517,3,0.8493893367503031,0.0183004527133109,3,0.6391822609358024,0.04672809972103944,3,1.1415239209428627,0.05278457221267743,3,13.901366666666666,1.521427475541748,3,3000.0,0.0,3,0.0772737810061046,0.0,3,3,3,0,1.0,True,4.0
adult,1590,self_training_xgboost,250,0.8067697137202717,0.01600045610932889,3,0.7329616292723586,0.011232670727585685,3,0.7339137065739391,0.016198718479978367,3,0.7339137065739391,0.016198718479978367,3,0.849299708827726,0.016172220864798362,3,0.63729264557149,0.04492358418348807,3,0.5931592981020609,0.028161346460704666,3,7.111666666666667,0.24166936780099668,3,3000.0,0.0,3,0.0772737810061046,0.0,3,3,3,0,1.0,True,5.0
adult,1590,rpl_lite_xgboost,250,0.8063261336881974,0.015783084642270857,3,0.7322303410174097,0.01230453243904404,3,0.7332234003603992,0.016587234257759254,3,0.7332234003603992,0.016587234257759254,3,0.84937108116466,0.016522642787972792,3,0.6368748426163661,0.045113693203695626,3,0.5903764367103577,0.029641699921594426,3,22.53916666666667,0.5353760391849216,3,3000.0,0.0,3,0.0772737810061046,0.0,3,3,3,0,1.0,True,6.0
adult,1590,logistic_regression,250,0.8269355444091855,0.013294139448050791,3,0.7304848173196256,0.01889577612430649,3,0.7450194824589333,0.015020255200507775,3,0.7450194824589333,0.015020255200507775,3,0.8670953458060713,0.00864025517812611,3,0.6842709363859862,0.024132641245166547,3,0.3784468074639638,0.014587066202274812,3,0.8162333333333333,0.17404494630219325,3,,,0,,,0,3,3,0,1.0,True,7.0
adult,1590,vime,250,0.8230456887433036,0.012629626414236778,3,0.7228956451631409,0.019978963274556342,3,0.7374547585340849,0.005003574174386035,3,0.7374547585340849,0.005003574174386035,3,0.8707171273693457,0.013299424008615534,3,0.6866831774028949,0.02824096531937334,3,0.3804436487031755,0.03213899523621263,3,576.5586666666667,62.283271251944804,3,,,0,,,0,3,3,0,1.0,True,8.0
adult,1590,rpl_lr,250,0.8299041184699901,0.009326048231897727,3,0.7219317540784015,0.018147971345141834,3,0.7416233019410766,0.012751870396337343,3,0.7416233019410766,0.012751870396337343,3,0.8721876181504765,0.0055473396287971655,3,0.6929612987189547,0.019511182124977097,3,1.1620871623357136,0.049444550377176516,3,1.3807,0.09930135950730987,3,,,0,,,0,3,3,0,1.0,True,9.0
adult,1590,catboost,250,0.8198041423550687,0.01473529174591603,3,0.7212535058302949,0.011373373896866134,3,0.7350482404451518,0.008282292065237663,3,0.7350482404451518,0.008282292065237663,3,0.8624545994233346,0.015138639475832617,3,0.670780402677256,0.042162135814484934,3,0.45546977736180305,0.022680892423655702,3,3.3471999999999995,0.13135216024108634,3,,,0,,,0,3,3,0,1.0,True,10.0
adult,1590,random_forest,250,0.8265260859180401,0.00625458176538827,3,0.719418181534925,0.013539838801716194,3,0.7381255284521139,0.010122375444758767,3,0.7381255284521139,0.010122375444758767,3,0.8672931162493821,0.007976388510905055,3,0.6678008915723606,0.025791010656121827,3,0.37716502671939756,0.012518853872311875,3,2.3527666666666667,0.29382750608704644,3,,,0,,,0,3,3,0,1.0,True,11.0
adult,1590,xgboost,250,0.8112396355819428,0.017482187395155852,3,0.7171873739112696,0.011362389827702605,3,0.7275942455223875,0.015522148574621997,3,0.7275942455223875,0.015522148574621997,3,0.85023757395143,0.02038079712778937,3,0.6361665114294399,0.05030012176174488,3,0.4772425691286723,0.031245547115145003,3,2.360133333333333,0.29384020033571534,3,,,0,,,0,3,3,0,1.0,True,12.0
adult,1590,scarf,250,0.8245129150032415,0.0056107891510235,3,0.7112059979470092,0.024906626779060928,3,0.7306917399387256,0.015620085956778627,3,0.7306917399387256,0.015620085956778627,3,0.8668646328083206,0.0064649070190501085,3,0.6592874902896274,0.015241106690481884,3,0.3820816428470453,0.007346182578627106,3,250.78176666666664,8.376048451587023,3,,,0,,,0,3,3,0,1.0,True,13.0
adult,1590,lightgbm,250,0.7994335824205822,0.016307919207331406,3,0.7099156647583008,0.005231747585248434,3,0.7161932116880748,0.011928249091384357,3,0.7161932116880748,0.011928249091384357,3,0.833976672450512,0.022098546494181335,3,0.6092207530480528,0.04454601306290755,3,0.6256637621298388,0.04420336883197872,3,2.330633333333333,0.2443899820641865,3,,,0,,,0,3,3,0,1.0,True,14.0
adult,1590,mlp,250,0.7612174565803391,0.003524277840427277,3,0.5139900812405218,0.010159805809879891,3,0.4679897387552509,0.021092074121587468,3,0.4679897387552509,0.021092074121587468,3,0.6013459652392928,0.06344846869139466,3,0.3288251598180551,0.05880970568282997,3,0.6184386610984802,0.0020507347067647654,3,0.8524666666666666,0.07914886817468288,3,,,0,,,0,3,3,0,1.0,True,15.0
adult,1590,self_training_lr,500,0.8301770907974203,0.005729676310433671,3,0.7727274846466017,0.002025365538142882,3,0.7695245560499345,0.004677593753747868,3,0.7695245560499345,0.004677593753747868,3,0.8862585400742433,0.005616747078919775,3,0.7224747800955087,0.0037252039605372815,3,0.41040416558583576,0.012480681712641835,3,0.9607,0.10127047941033944,3,5000.0,0.0,3,0.1296243486376481,0.0,3,3,3,0,1.0,True,1.0
adult,1590,self_training_lightgbm,500,0.8317125601392159,0.008278887192382336,3,0.7594703992250039,0.013669384467782096,3,0.7643456530757297,0.012530257035960297,3,0.7643456530757297,0.012530257035960297,3,0.8789060286102536,0.012682712184916808,3,0.7162886909713451,0.023182356046344194,3,0.9676495606024788,0.02819781483688605,3,16.186433333333333,0.8067777967528194,3,3000.0,0.0,3,0.0777746091825888,0.0,3,3,3,0,1.0,True,2.0
adult,1590,sslae,500,0.8329068140717234,0.003364563882097719,3,0.7559559447726997,0.014997976397662592,3,0.7632500060730897,0.008214260471125402,3,0.7632500060730897,0.008214260471125402,3,0.8834386516583687,0.004145531078801829,3,0.7134040403988879,0.013956838402772558,3,0.35611501854223526,0.008202135801816234,3,144.60083333333333,93.76229202159755,3,,,0,,,0,3,3,0,1.0,True,3.0
adult,1590,rpl_lite_xgboost,500,0.8299041184699901,0.00580627925653415,3,0.7542265182229501,0.010208485710828894,3,0.7604402906680955,0.009057264501722086,3,0.7604402906680955,0.009057264501722086,3,0.8748307928810467,0.012211327803381033,3,0.7024526475132498,0.022391689137804326,3,0.5032801230748495,0.014246199560281793,3,23.3225,0.6903146891092484,3,3000.0,0.0,3,0.0777746091825888,0.0,3,3,3,0,1.0,True,4.0
adult,1590,self_training_catboost,500,0.8483297505715358,0.004555321560009992,3,0.7540747272972367,0.0051669508355473605,3,0.773818373810408,0.004687713484965473,3,0.773818373810408,0.004687713484965473,3,0.8958985637161382,0.0017085527180868644,3,0.7524706787697998,0.006757695204532624,3,0.338532353819633,0.007618193112928959,3,4.161366666666667,0.19363941575343926,3,1423.0,73.32803011127464,3,0.03689108962227463,0.0019010196280111525,3,3,3,0,1.0,True,5.0
adult,1590,self_training_xgboost,500,0.8285392568328386,0.00624675864567192,3,0.753378233056543,0.009723389030180744,3,0.7590585836884175,0.009143354254954416,3,0.7590585836884175,0.009143354254954416,3,0.8751893909088603,0.012792569415154179,3,0.7032334020840313,0.02196698644298331,3,0.5025903185208639,0.012338126074285994,3,8.365033333333333,0.27354738772895154,3,3000.0,0.0,3,0.0777746091825888,0.0,3,3,3,0,1.0,True,6.0
adult,1590,vime,500,0.8373767359333947,0.005710747291296265,3,0.7506860378096106,0.009721702091117468,3,0.7639434098128387,0.009015837675895111,3,0.7639434098128387,0.009015837675895111,3,0.886653821948352,0.009168532921012154,3,0.7135262761593175,0.016015824850750343,3,0.35307858192095026,0.01570870094304387,3,603.4956666666667,49.642748093284816,3,,,0,,,0,3,3,0,1.0,True,7.0
adult,1590,scarf,500,0.8360459958371721,0.0013359792507218163,3,0.7483456007415356,0.012233262611242867,3,0.7615635062494404,0.005732051718820027,3,0.7615635062494404,0.005732051718820027,3,0.8830565602363146,0.0036398712009400374,3,0.7025213479395469,0.0034196063942474294,3,0.36959108703200755,0.0076991132383221255,3,282.1181,33.92301052338959,3,,,0,,,0,3,3,0,1.0,True,8.0
adult,1590,catboost,500,0.8387415975705462,0.00566006327218587,3,0.7454760011092643,0.010078664866396716,3,0.7620669012390079,0.009235436327677078,3,0.7620669012390079,0.009235436327677078,3,0.8855413248325043,0.007528930213249595,3,0.7284961671961879,0.015890572339827352,3,0.39191418141359363,0.003439828036683624,3,3.720833333333333,0.15066407446147648,3,,,0,,,0,3,3,0,1.0,True,9.0
adult,1590,logistic_regression,500,0.839424028389122,0.0025289103577558645,3,0.7436771304268447,0.005232962051804779,3,0.7615785655265025,0.0046366242369710224,3,0.7615785655265025,0.0046366242369710224,3,0.8885147405172353,0.005371159138952658,3,0.7267486819889478,0.00767058510390266,3,0.3475457827250162,0.007881855884365543,3,0.7963,0.07330873072151772,3,,,0,,,0,3,3,0,1.0,True,10.0
adult,1590,random_forest,500,0.837649708260825,0.003280462761585048,3,0.7334722196800625,0.01616765712354737,3,0.7540401163197573,0.011069393727590582,3,0.7540401163197573,0.011069393727590582,3,0.8861202849506018,0.006172040697615355,3,0.7093433051985071,0.008232465434629499,3,0.35312162067852376,0.010269854894134728,3,2.3091666666666666,0.017121429068081062,3,,,0,,,0,3,3,0,1.0,True,11.0
adult,1590,xgboost,500,0.8265943289998976,0.010148046867760267,3,0.730162816800603,0.020720299241370588,3,0.7447849036536702,0.01900596067761114,3,0.7447849036536702,0.01900596067761114,3,0.8708526676581282,0.01592197789149438,3,0.6842153455398972,0.030237014219224746,3,0.4441235562165578,0.01745020147691947,3,2.845966666666667,0.29371050940225724,3,,,0,,,0,3,3,0,1.0,True,12.0
adult,1590,rpl_lr,500,0.8367284266557479,0.003551919658695328,3,0.727980904983581,0.0024523275884951717,3,0.7504064834753913,0.00390048538858314,3,0.7504064834753913,0.00390048538858314,3,0.8871023069112559,0.005640719517896781,3,0.7213144842977185,0.009347101251168945,3,0.9574438333511353,0.022198880083499302,3,1.7092666666666665,0.10451460822934436,3,,,0,,,0,3,3,0,1.0,True,13.0
adult,1590,lightgbm,500,0.820077114682499,0.014219596954197876,3,0.723826948636514,0.028834209874699694,3,0.7365972894078529,0.026665503313245863,3,0.7365972894078529,0.026665503313245863,3,0.8601669049773649,0.023561622397822026,3,0.6572313897900016,0.04784173862465108,3,0.6227656233137354,0.057268744751710336,3,3.6552000000000002,0.22229934772733798,3,,,0,,,0,3,3,0,1.0,True,14.0
adult,1590,label_spreading,500,0.7992629747159382,0.0057324188760365,3,0.7092660901546965,0.017209173986818788,3,0.7153352073066964,0.013178870510681406,3,0.7153352073066964,0.013178870510681406,3,0.8166443800788756,0.00860633236190702,3,0.5861190243126511,0.019477930874060148,3,0.728030609048017,0.04393095357849196,3,24.78516666666667,2.051873352167072,3,,,0,,,0,3,3,0,1.0,True,15.0
adult,1590,label_propagation,500,0.7993312177977957,0.00283373183157534,3,0.7035457700244397,0.009566141707944214,3,0.7119624034537102,0.00707947049986943,3,0.7119624034537102,0.00707947049986943,3,0.8272990036997347,0.006004104520679303,3,0.6050295203574706,0.025807832782574994,3,0.5057036989816556,0.03099698945744647,3,26.566266666666667,1.1600850069427393,3,,,0,,,0,3,3,0,1.0,True,16.0
adult,1590,mlp,500,0.7771863377350122,0.027153522654264288,3,0.5519933852425107,0.062042715770152475,3,0.5298336527343454,0.10266571762739878,3,0.5298336527343454,0.10266571762739878,3,0.6912958691494877,0.18056809938800306,3,0.4430168169520206,0.21712008829829293,3,0.5525119503339132,0.11710203228770101,3,0.9416666666666668,0.06483242501505965,3,,,0,,,0,3,3,0,1.0,True,17.0
bank-marketing,1461,self_training_lr,50,0.7678867632422869,0.050540560832955904,3,0.7075835717490143,0.03155240889542126,3,0.6242402786815614,0.04365657790411162,3,0.6242402786815614,0.04365657790411162,3,0.7912717567872022,0.04652595869234727,3,0.3227158332006876,0.04476228181438006,3,0.8324987292289734,0.13902639342049328,3,0.7049666666666666,0.12628991778179816,3,4776.666666666667,49.74267115197308,3,0.13225169352308172,0.0013772266225143379,3,3,3,0,1.0,True,1.0
bank-marketing,1461,logistic_regression,50,0.8643149397323896,0.024781645904842733,3,0.6057131578230922,0.03760764776978772,3,0.6196224656231207,0.04256466520774075,3,0.6196224656231207,0.04256466520774075,3,0.7811011430932053,0.06819136006541587,3,0.33016998572657613,0.10283940129879861,3,0.34630241990089417,0.05724612167937598,3,0.7925333333333334,0.07523591784070517,3,,,0,,,0,3,3,0,1.0,True,2.0
bank-marketing,1461,catboost,50,0.8268642412178849,0.07394749645793168,3,0.5797237179509943,0.05046203181947085,3,0.586047178236699,0.0748907018337911,3,0.586047178236699,0.0748907018337911,3,0.6858405745808046,0.11762721046701986,3,0.2718021709031654,0.14319944857490746,3,0.5460422839613656,0.0934586316233958,3,4.3931,1.0287931424732573,3,,,0,,,0,3,3,0,1.0,True,3.0
bank-marketing,1461,self_training_catboost,50,0.8420878027203361,0.06789430943502614,3,0.5757715612804254,0.06266073812263104,3,0.5804082368085387,0.08527401489578146,3,0.5804082368085387,0.08527401489578146,3,0.6938939938976634,0.09919240618923272,3,0.27397134853961597,0.12610794737827155,3,0.5305369574856712,0.008898016017778117,3,3.9580333333333333,0.4227764933547435,3,750.6666666666666,1.154700538379268,3,0.02078372741200137,3.1970223666257255e-05,3,3,3,0,1.0,True,4.0
bank-marketing,1461,rpl_lr,50,0.87821150798039,0.010798866708406817,3,0.5695783761218952,0.038594055190738476,3,0.5861295594215936,0.05181465810481737,3,0.5861295594215936,0.05181465810481737,3,0.788389324027921,0.05582312184536218,3,0.33528246599740646,0.09058323377422743,3,1.2637860774993896,0.18753589332378953,3,1.0886333333333333,0.15171309545762138,3,,,0,,,0,3,3,0,1.0,True,5.0
bank-marketing,1461,label_spreading,50,0.8550259869512331,0.025934665921203814,3,0.5687487645194854,0.03244404504507442,3,0.5808259733478188,0.04403255622850627,3,0.5808259733478188,0.04403255622850627,3,0.7163930952767061,0.0626833402289027,3,0.24661746784282543,0.09564051128386684,3,0.4497704496547066,0.04150975819801612,3,25.456599999999998,1.8504966009155486,3,,,0,,,0,3,3,0,1.0,True,6.0
bank-marketing,1461,sslae,50,0.8727560912676472,0.022299731678823414,3,0.5630728141415121,0.05483444180259474,3,0.563944787195533,0.08248573803920062,3,0.563944787195533,0.08248573803920062,3,0.7560230686159738,0.04136472832896974,3,0.32369934553282415,0.0544581457796434,3,0.34109879630066736,0.03560580390475239,3,98.10753333333334,70.6630362007134,3,,,0,,,0,3,3,0,1.0,True,7.0
bank-marketing,1461,rpl_lite_xgboost,50,0.7719414648531092,0.07005087614264474,3,0.5510835731299905,0.03408047663644397,3,0.5399538197507566,0.040678206515308256,3,0.5399538197507566,0.040678206515308256,3,0.630127199747163,0.11907961265575713,3,0.19220169118036745,0.06859724000550586,3,1.0310138861338298,0.2553445900353343,3,15.419466666666667,0.46571504520826207,3,2768.3333333333335,131.80414763327184,3,0.07664691658822008,0.003649264843935773,3,3,3,0,1.0,True,8.0
bank-marketing,1461,random_forest,50,0.8812709646503741,0.007503620266339086,3,0.5479423651545766,0.03632159150262847,3,0.5548574100280652,0.05495156883939454,3,0.5548574100280652,0.05495156883939454,3,0.740250544597838,0.08192544532244918,3,0.307431336858516,0.123881689811641,3,0.3316639546068702,0.041533109959744074,3,3.2426666666666666,0.39192974285365645,3,,,0,,,0,3,3,0,1.0,True,9.0
bank-marketing,1461,self_training_xgboost,50,0.7790924840576504,0.06720724969973821,3,0.5442002352394356,0.04464346158464089,3,0.5355499693118723,0.04773124159854816,3,0.5355499693118723,0.04773124159854816,3,0.6258716623284285,0.1347089663860731,3,0.19463238904936966,0.0770809736039071,3,0.9488807717959086,0.17465937410567642,3,4.153333333333333,0.851529707839564,3,2394.6666666666665,314.1183428794526,3,0.06630119792531884,0.008697002682303905,3,3,3,0,1.0,True,10.0
bank-marketing,1461,xgboost,50,0.8325408234730363,0.03324650985749911,3,0.5412575524603275,0.035603346431521646,3,0.54549492163977,0.03888048557745311,3,0.54549492163977,0.03888048557745311,3,0.6372446920206011,0.11393350973842094,3,0.20111693712927994,0.07539534546821085,3,0.4703851044178009,0.05796354998678459,3,3.236166666666667,0.7484411288360182,3,,,0,,,0,3,3,0,1.0,True,11.0
bank-marketing,1461,scarf,50,0.8826348188285599,0.0005107599417800658,3,0.5075807506118711,0.0059950245348827196,3,0.4858084540857693,0.01272933782076758,3,0.4858084540857693,0.01272933782076758,3,0.6678907639915579,0.062187744663583414,3,0.24045427805416308,0.04717160238318063,3,0.35133373635031945,0.020216538947397954,3,452.6897000000001,123.46822236304368,3,,,0,,,0,3,3,0,1.0,True,12.0
bank-marketing,1461,mlp,50,0.8363006376939807,0.05924846283885298,3,0.5002027864943682,0.002910873512963941,3,0.4854331037101866,0.01498341995919565,3,0.4854331037101866,0.01498341995919565,3,0.4569216303884212,0.03614879955741311,3,0.11335127921137023,0.00382259815593138,3,0.6003340482711792,0.04147692605434716,3,0.6751333333333335,0.06644187936334535,3,,,0,,,0,3,3,0,1.0,True,13.0
bank-marketing,1461,lightgbm,50,0.8830034280659073,0.0,3,0.5,0.0,3,0.4689335212591026,0.0,3,0.4689335212591026,0.0,3,0.5092869467365362,0.016085463594866647,3,0.11910826441597079,0.003657558668574257,3,0.36533395300061433,0.00022058299376400184,3,1.6383666666666665,0.8979805473022973,3,,,0,,,0,3,3,0,1.0,True,15.0
bank-marketing,1461,self_training_lightgbm,50,0.8830034280659073,0.0,3,0.5,0.0,3,0.4689335212591026,0.0,3,0.4689335212591026,0.0,3,0.5092869467365362,0.016085463594866647,3,0.11910826441597079,0.003657558668574257,3,0.36533395300061433,0.00022058299376400184,3,0.7584333333333334,0.05169587346523261,3,0.0,0.0,3,0.0,0.0,3,3,3,0,1.0,True,15.0
bank-marketing,1461,vime,50,0.8830034280659073,0.0,3,0.5,0.0,3,0.4689335212591026,0.0,3,0.4689335212591026,0.0,3,0.6022349719208077,0.15846127777536212,3,0.1910737773178944,0.10016079796145036,3,0.3667477771772438,0.036848006504126965,3,643.5806666666666,282.014737378321,3,,,0,,,0,3,3,0,1.0,True,15.0
bank-marketing,1461,label_propagation,50,0.8656419329868407,0.025166510549388885,3,0.499598431842313,0.0004321498466604082,3,0.47869458794591696,0.013857127362462668,3,0.47869458794591696,0.013857127362462668,3,0.6317153026764503,0.043584328471455464,3,0.15715887243815854,0.009486686712161898,3,0.4046817632058309,0.03302934596496435,3,22.986566666666665,1.125524807959974,3,,,0,,,0,3,3,0,1.0,True,17.0
bank-marketing,1461,self_training_lr,100,0.8145526926904788,0.011587998089526135,3,0.7331881730039665,0.004562192729748366,3,0.6653712293475035,0.00965108549930947,3,0.6653712293475035,0.00965108549930947,3,0.8099669986138945,0.01147058724834961,3,0.36539342019405946,0.037472438330170006,3,0.6879122654596964,0.04216344135059319,3,0.8451666666666666,0.04520235982040466,3,4832.666666666667,165.0494875282359,3,0.13398765295183168,0.004576064309865705,3,3,3,0,1.0,True,1.0
bank-marketing,1461,logistic_regression,100,0.8764790445648568,0.004091562534557104,3,0.6399325649581623,0.016199980772853957,3,0.65813859524927,0.015054729101720227,3,0.65813859524927,0.015054729101720227,3,0.7952610222617312,0.014169688462142328,3,0.36695718225758145,0.030003618910638144,3,0.3301985462506612,0.006828353701252527,3,0.8142999999999999,0.21624097669035805,3,,,0,,,0,3,3,0,1.0,True,2.0
bank-marketing,1461,catboost,100,0.8797965277009842,0.0039454965774436,3,0.6390779379578676,0.026236225145937053,3,0.6591241606771691,0.021402876488732566,3,0.6591241606771691,0.021402876488732566,3,0.8102475932543651,0.012572787881348559,3,0.39216865346121127,0.012925353361223864,3,0.37517462451876193,0.007950068435032778,3,3.569366666666667,0.4201061810225282,3,,,0,,,0,3,3,0,1.0,True,3.0
bank-marketing,1461,sslae,100,0.8598916288842199,0.030431968769179734,3,0.6242537105844725,0.08207011735517834,3,0.6160751646836039,0.07131313967724637,3,0.6160751646836039,0.07131313967724637,3,0.7690915425464965,0.02495406758736331,3,0.3290071848154471,0.04499758516373751,3,0.3655580355815633,0.0375629743555747,3,145.1341,94.69596036690267,3,,,0,,,0,3,3,0,1.0,True,4.0
bank-marketing,1461,self_training_catboost,100,0.8843672822440931,0.004291884365827581,3,0.6215774773036558,0.031169613927576865,3,0.6465202627645183,0.03158867224486186,3,0.6465202627645183,0.03158867224486186,3,0.8313525794071194,0.006072489498967125,3,0.41502153903671307,0.02093787841592958,3,0.31998435369446976,0.02086647006346725,3,4.946533333333334,0.11682471199764831,3,756.3333333333334,10.969655114602872,3,0.020969649920520434,0.0003041381588833383,3,3,3,0,1.0,True,5.0
bank-marketing,1461,self_training_lightgbm,100,0.7950532640347968,0.039638229417449544,3,0.6215667451455726,0.002334310482721687,3,0.59572881183355,0.020343749276472665,3,0.59572881183355,0.020343749276472665,3,0.7369102590356288,0.009690293086624675,3,0.24668636077601794,0.0265226446044969,3,1.6419894965884267,0.15683549088910223,3,12.817833333333333,1.4273013428611814,3,2975.0,43.30127018922193,3,0.08248308750138623,0.0012005453640130074,3,3,3,0,1.0,True,6.0
bank-marketing,1461,rpl_lite_xgboost,100,0.7821519407276346,0.033988869938732645,3,0.6209575965331973,0.00677091578002536,3,0.5890134925033104,0.02076373876750172,3,0.5890134925033104,0.02076373876750172,3,0.6891494527980354,0.03133000075240519,3,0.23014447314015554,0.03075639817364352,3,0.904635488986969,0.1381715089050248,3,16.177366666666668,0.3257232618855058,3,2950.0,86.60254037844386,3,0.08178995231229894,0.0024010907280260767,3,3,3,0,1.0,True,7.0
bank-marketing,1461,self_training_xgboost,100,0.7846953444653323,0.032944201840199645,3,0.6174781282958477,0.010939154330510743,3,0.5883463081621932,0.022535590557746326,3,0.5883463081621932,0.022535590557746326,3,0.6876871370745162,0.03141183747967952,3,0.2270564775184822,0.03165953815467588,3,0.8884955048561096,0.1304684768967437,3,5.7193,0.40665559137924023,3,2871.0,205.5164227014474,3,0.07959964511478314,0.005698026580388386,3,3,3,0,1.0,True,8.0
bank-marketing,1461,rpl_lr,100,0.8805706070994139,0.005750304102620787,3,0.5961958445241727,0.02373193787002311,3,0.61958734360255,0.02756693908718323,3,0.61958734360255,0.02756693908718323,3,0.8075515528288509,0.008541368553851712,3,0.36689427259913837,0.025745052644345005,3,1.0840577681859334,0.01606390846711411,3,1.0443333333333333,0.18176626016214706,3,,,0,,,0,3,3,0,1.0,True,9.0
bank-marketing,1461,lightgbm,100,0.825537247963434,0.0094742613406651,3,0.5935946574370107,0.0046066978107567776,3,0.5906994739468954,0.006430826633318955,3,0.5906994739468954,0.006430826633318955,3,0.6921473351696372,0.002914092573655884,3,0.2288379475211292,0.01695200611607235,3,0.5431835765965275,0.04780927767986239,3,1.8336333333333332,0.560078640311638,3,,,0,,,0,3,3,0,1.0,True,10.0
bank-marketing,1461,xgboost,100,0.8412031405507022,0.01877856958863731,3,0.5931727494723685,0.02082293139235357,3,0.5960989532677791,0.014848392634942784,3,0.5960989532677791,0.014848392634942784,3,0.7149074015985392,0.011453314907651673,3,0.2473891844693815,0.017849342598755563,3,0.447886844476064,0.029936358487299117,3,2.652066666666667,0.0604203883911161,3,,,0,,,0,3,3,0,1.0,True,11.0
bank-marketing,1461,scarf,100,0.87161340263187,0.0116175082734184,3,0.5759548562818043,0.06586007800955226,3,0.5756147150561476,0.09263360554716625,3,0.5756147150561476,0.09263360554716625,3,0.692237670742914,0.11630927472062065,3,0.25924965973449376,0.10190936498982064,3,0.40699822823317716,0.08840696861113662,3,388.1079,59.45516405939854,3,,,0,,,0,3,3,0,1.0,True,12.0
bank-marketing,1461,label_spreading,100,0.8459581997124848,0.035338246727295956,3,0.5699003803208521,0.02828898686852288,3,0.5783225999818625,0.035938736528016574,3,0.5783225999818625,0.035938736528016574,3,0.718320504064213,0.054232490812500304,3,0.24293753371186397,0.06769898749830228,3,0.4729556491822739,0.1679717963464169,3,22.683166666666665,2.6382308965163257,3,,,0,,,0,3,3,0,1.0,True,13.0
bank-marketing,1461,random_forest,100,0.8889380367872018,0.0035957826379909488,3,0.5652662975909067,0.032907826598473786,3,0.5827085553055916,0.049888442735709776,3,0.5827085553055916,0.049888442735709776,3,0.8149555779405225,0.01810672158780154,3,0.401484032873846,0.037044407098989,3,0.301067101550435,0.00426334057213471,3,3.0035333333333334,0.20138126361042966,3,,,0,,,0,3,3,0,1.0,True,14.0
bank-marketing,1461,vime,100,0.8792067529212283,0.00648050263755654,3,0.5365241972681134,0.06331600138059122,3,0.522115483386023,0.09214087281465219,3,0.522115483386023,0.09214087281465219,3,0.6894078137213008,0.07125993207031717,3,0.22230372466169024,0.09217614233333375,3,0.35957486916404496,0.03460288288511648,3,555.1519333333333,128.88004126086915,3,,,0,,,0,3,3,0,1.0,True,15.0
bank-marketing,1461,mlp,100,0.8495705702384901,0.03591069436553943,3,0.5015672896447695,0.006757924860810451,3,0.4896216085345522,0.014192324783657421,3,0.4896216085345522,0.014192324783657421,3,0.47208563709759827,0.042902221243879976,3,0.11786177423670612,0.005398495949076624,3,0.5986091097195944,0.013019022649215074,3,0.7478666666666666,0.0694187534700338,3,,,0,,,0,3,3,0,1.0,True,16.0
bank-marketing,1461,label_propagation,100,0.8179438976740757,0.11125299126597767,3,0.4991010042064536,0.0008795546479037266,3,0.4737031666235279,0.008669928682420813,3,0.4737031666235279,0.008669928682420813,3,0.6103685864998131,0.03735869146513236,3,0.13863868184263942,0.012033240256981277,3,0.4969662965443426,0.13860081753424047,3,23.439866666666664,1.0294953002968645,3,,,0,,,0,3,3,0,1.0,True,17.0
bank-marketing,1461,self_training_lightgbm,250,0.8480961332891002,0.0023019639494262136,3,0.7454859043756823,0.022059665440703716,3,0.6977450547198609,0.011681558290157597,3,0.6977450547198609,0.011681558290157597,3,0.8455364283772465,0.02040705458657402,3,0.43040402167941494,0.019582927184202275,3,1.1171573844041773,0.08628051818964903,3,16.4985,1.1602187854021326,3,3000.0,0.0,3,0.0835235814911743,0.0,3,3,3,0,1.0,True,1.0
bank-marketing,1461,rpl_lite_xgboost,250,0.8478749677466917,0.013451308168228994,3,0.7293717465679782,0.025010381848402995,3,0.6902529073689657,0.020818414260852687,3,0.6902529073689657,0.020818414260852687,3,0.8402667414761215,0.0135822851306948,3,0.41256478507382477,0.03298927325867076,3,0.5507273475329081,0.04435601141045462,3,17.839866666666666,0.4018168031993336,3,2867.3333333333335,131.95580068088452,3,0.0798299831096757,0.003673807023801021,3,3,3,0,1.0,True,2.0
bank-marketing,1461,self_training_lr,250,0.8593387150281986,0.022116554240849323,3,0.7282102666507262,0.02512670810755965,3,0.6998362708789729,0.014554523937931049,3,0.6998362708789729,0.014554523937931049,3,0.8465743306506884,0.006778021785857036,3,0.42208652712029443,0.040906826580377295,3,0.4702448944250743,0.15157974585996725,3,0.8512000000000001,0.03719287566187915,3,4208.0,1158.7942008829696,3,0.11715574363828718,0.03226221395631636,3,3,3,0,1.0,True,3.0
bank-marketing,1461,self_training_xgboost,250,0.8541413247815991,0.010897874594497368,3,0.7173411157262022,0.017449363915438915,3,0.6897498684457443,0.017887184175020058,3,0.6897498684457443,0.017887184175020058,3,0.8383802884977701,0.016743201208543577,3,0.40570198007226055,0.03222040479360362,3,0.5161729454994202,0.060434121247411994,3,7.832366666666666,0.25623632321225126,3,2618.3333333333335,168.8707592608422,3,0.07289752584590824,0.0047015635408665,3,3,3,0,1.0,True,4.0
bank-marketing,1461,logistic_regression,250,0.8884219838549154,0.011526099056326757,3,0.6384957972947859,0.03140302382996074,3,0.6654685578315189,0.029937035775947685,3,0.6654685578315189,0.029937035775947685,3,0.839629420948778,0.02213415947401957,3,0.4287207206110837,0.05495634951889335,3,0.296254277229309,0.03400884280640777,3,0.8960333333333333,0.1682896411943805,3,,,0,,,0,3,3,0,1.0,True,5.0
bank-marketing,1461,self_training_catboost,250,0.8915920232961039,0.007925270047273548,3,0.628128315575952,0.03563247264997574,3,0.6585535998114488,0.036717781728482106,3,0.6585535998114488,0.036717781728482106,3,0.8606217391698912,0.018500134468452688,3,0.47248759228131315,0.054503531663252704,3,0.2898252218903805,0.01539964475026062,3,4.723033333333333,0.3451899380534337,3,778.6666666666666,41.86088070422471,3,0.021679009595931432,0.0011654568935972251,3,3,3,0,1.0,True,6.0
bank-marketing,1461,lightgbm,250,0.8786169781414722,0.004770891573552561,3,0.6267941347177817,0.004683482820585712,3,0.6488310085215647,0.000553555914711898,3,0.6488310085215647,0.000553555914711898,3,0.8223074021509297,0.010561333243115511,3,0.3886130226341076,0.010454714059007032,3,0.5500957137713507,0.021286933133611467,3,4.440833333333333,0.285714583690321,3,,,0,,,0,3,3,0,1.0,True,7.0
bank-marketing,1461,catboost,250,0.8893066460245493,0.007398309713005723,3,0.6223245262561065,0.037086554615327144,3,0.650970512306004,0.038104772420073874,3,0.650970512306004,0.038104772420073874,3,0.8491464580524526,0.02721853230904699,3,0.44499889039772506,0.06345825288844703,3,0.37015393695072274,0.023874842986130393,3,3.5836,0.22756003603444958,3,,,0,,,0,3,3,0,1.0,True,8.0
bank-marketing,1461,xgboost,250,0.8828928452947031,0.009196338775314238,3,0.6156862524606037,0.017906863045076445,3,0.6415255571849905,0.02081740821549177,3,0.6415255571849905,0.02081740821549177,3,0.8333737959366944,0.015006391659835042,3,0.4039642052630506,0.033932693724573436,3,0.32595450679461163,0.01945836785419322,3,3.2019333333333333,0.5011860166977263,3,,,0,,,0,3,3,0,1.0,True,9.0
bank-marketing,1461,sslae,250,0.8868001032105864,0.004368136109503052,3,0.6064195074334005,0.04179237002609923,3,0.6307147534043525,0.04596231740305831,3,0.6307147534043525,0.04596231740305831,3,0.8453084883873708,0.003650655175684628,3,0.42204711943105583,0.011929386696575074,3,0.287147590780871,0.006253355932458996,3,127.35416666666667,71.67353618458722,3,,,0,,,0,3,3,0,1.0,True,10.0
bank-marketing,1461,rpl_lr,250,0.8863946330495042,0.009404304579723211,3,0.5977171476606854,0.04973379197212874,3,0.6188886294282424,0.06287673940072577,3,0.6188886294282424,0.06287673940072577,3,0.8481725738911057,0.021783454223921125,3,0.43334000841789627,0.06035169491983197,3,0.888745387395223,0.11241436365778237,3,1.1465666666666665,0.35040549843478963,3,,,0,,,0,3,3,0,1.0,True,11.0
bank-marketing,1461,vime,250,0.8885325666261196,0.004637889411812566,3,0.5941447397234655,0.0459721527077548,3,0.6184376410076524,0.05454954798707194,3,0.6184376410076524,0.05454954798707194,3,0.8458278932734226,0.03161969278745653,3,0.42444646981233664,0.050210773908877654,3,0.27716067218084195,0.013030823390784733,3,468.7742,6.793148079498916,3,,,0,,,0,3,3,0,1.0,True,12.0
bank-marketing,1461,random_forest,250,0.8914445796011649,0.0025224832630654807,3,0.57556836049319,0.016915377156955375,3,0.6001003144773441,0.022846359982049678,3,0.6001003144773441,0.022846359982049678,3,0.851045379273283,0.012523822013263826,3,0.45911013970204434,0.03943535337333074,3,0.2707021539179694,0.00754004356718532,3,2.824,0.736666464555025,3,,,0,,,0,3,3,0,1.0,True,13.0
bank-marketing,1461,scarf,250,0.8876479044564857,0.0030405235176086966,3,0.5712319767806603,0.05401572079753039,3,0.5854635440723173,0.0725471588584085,3,0.5854635440723173,0.0725471588584085,3,0.8089933709195606,0.058251524180297054,3,0.39222331047363274,0.07359440870551827,3,0.29469498775347963,0.023912107470505227,3,510.1213333333333,121.77857191535519,3,,,0,,,0,3,3,0,1.0,True,14.0
bank-marketing,1461,label_spreading,250,0.8758892697851008,0.006416024710351923,3,0.5592440181042037,0.011199924737888835,3,0.5741155637513833,0.015528507134018621,3,0.5741155637513833,0.015528507134018621,3,0.7810061122007671,0.02846684248498512,3,0.29938461515694725,0.035444361205714946,3,0.3987678482531187,0.024910847590791423,3,18.984133333333332,1.2247287794990915,3,,,0,,,0,3,3,0,1.0,True,15.0
bank-marketing,1461,mlp,250,0.8719820118692173,0.003098949398353608,3,0.5037351263928624,0.00802745641520396,3,0.4851190718747542,0.01711811850428379,3,0.4851190718747542,0.01711811850428379,3,0.469286220737607,0.03619937677243464,3,0.11675485480341034,0.00815742950277124,3,0.5813337167104086,0.017730006293482498,3,0.7097000000000001,0.00780192283991584,3,,,0,,,0,3,3,0,1.0,True,16.0
bank-marketing,1461,label_propagation,250,0.8830034280659073,0.0,3,0.5,0.0,3,0.4689335212591026,0.0,3,0.4689335212591026,0.0,3,0.7027218844091335,0.060457424132825024,3,0.2209100841525319,0.0626062992276248,3,0.4270617680655923,0.004601380760509391,3,22.948566666666665,1.0478301834425894,3,,,0,,,0,3,3,0,1.0,True,17.0
bank-marketing,1461,self_training_lightgbm,500,0.8723506211065649,0.003577029317397057,3,0.7430944086640081,0.014127376628113402,3,0.7195901670602494,0.006460327000039731,3,0.7195901670602494,0.006460327000039731,3,0.8633483386264179,0.014289704830286614,3,0.45626302414105235,0.010357430159089204,3,0.9530915184582787,0.021257121233642647,3,19.426233333333332,1.1571074813228586,3,3000.0,0.0,3,0.084109005270831,0.0,3,3,3,0,1.0,True,1.0
bank-marketing,1461,rpl_lite_xgboost,500,0.8739725017508939,0.010526488553858359,3,0.7337634876988557,0.012425992498522208,3,0.7166966853940583,0.004995034468425022,3,0.7166966853940583,0.004995034468425022,3,0.8578300760049857,0.004190226322627348,3,0.4559537559587681,0.01579916804741487,3,0.47193118929862976,0.030752255523467855,3,18.3691,0.12347214260714683,3,2992.6666666666665,12.701705922171701,3,0.08390340548016896,0.0003561092834521626,3,3,3,0,1.0,True,2.0
bank-marketing,1461,self_training_xgboost,500,0.8764790445648568,0.008372948886956073,3,0.7242502186874491,0.013029471984101343,3,0.7141414992088913,0.0022005417909985556,3,0.7141414992088913,0.0022005417909985556,3,0.8552891192094187,0.007404718812369411,3,0.45356291081578526,0.01854782055684191,3,0.45362422863642377,0.028358063858692332,3,9.410200000000001,0.2914573896815796,3,2741.6666666666665,54.99393905998486,3,0.07686628537250943,0.0015418285034200104,3,3,3,0,1.0,True,3.0
bank-marketing,1461,self_training_lr,500,0.877769176895573,0.010364345281876438,3,0.7165079924985371,0.013040377267481945,3,0.7112465393179122,0.003988059897149991,3,0.7112465393179122,0.003988059897149991,3,0.8660333509703725,0.015238715045637419,3,0.4538694015652096,0.016358096879657728,3,0.35496965050697327,0.04628021995673863,3,0.7459666666666666,0.11904290543049315,3,3703.3333333333335,384.47019823821626,3,0.10382789428432576,0.010779135310031851,3,3,3,0,1.0,True,4.0
bank-marketing,1461,catboost,500,0.8913708577536953,0.0007767078589592121,3,0.6530113962103644,0.011937159692317045,3,0.6818441790733378,0.010185416390562339,3,0.6818441790733378,0.010185416390562339,3,0.8807029879196145,0.007330225653806479,3,0.47857610523577615,0.013429984766232798,3,0.30236011034875193,0.017339455704597117,3,3.902766666666667,0.3707199661919132,3,,,0,,,0,3,3,0,1.0,True,5.0
bank-marketing,1461,self_training_catboost,500,0.8942828707287406,0.0023301235768777785,3,0.6527471168175679,0.021430733976594788,3,0.6840248428530127,0.020404156138405495,3,0.6840248428530127,0.020404156138405495,3,0.8901975545673025,0.006699733718105631,3,0.5041483903992109,0.012788393596811965,3,0.25157005726227843,0.006575604516022461,3,5.6593333333333335,0.2732610534513349,3,774.3333333333334,37.07200201409864,3,0.02170946880490447,0.001039363070934707,3,3,3,0,1.0,True,6.0
bank-marketing,1461,logistic_regression,500,0.893177043016698,0.0026562893175857867,3,0.649524450973174,0.011613639795891707,3,0.6806362882964961,0.00814281084098968,3,0.6806362882964961,0.00814281084098968,3,0.8637966824216324,0.01845371249255313,3,0.46191122035192667,0.024364897436285123,3,0.2736503481864929,0.013356835976638306,3,0.8605,0.12345213647401974,3,,,0,,,0,3,3,0,1.0,True,7.0
bank-marketing,1461,xgboost,500,0.8861734675070957,0.0037684773988373404,3,0.6482918310521578,0.009470244339426791,3,0.6732412800298023,0.006489509719354817,3,0.6732412800298023,0.006489509719354817,3,0.8578527634715217,0.008911956992947199,3,0.4442165652017314,0.011229748926471841,3,0.31258972485860187,0.007738028519604678,3,3.903266666666667,0.9231260820350238,3,,,0,,,0,3,3,0,1.0,True,8.0
bank-marketing,1461,lightgbm,500,0.8811235209554352,0.0027909829623186827,3,0.6433824408478562,0.030131800164986747,3,0.663784404605903,0.02766606843197303,3,0.663784404605903,0.02766606843197303,3,0.8425034100248615,0.018478067396337432,3,0.41359400295552096,0.031090770354017538,3,0.5837324874533208,0.013568089038423022,3,7.774633333333334,3.460581513753626,3,,,0,,,0,3,3,0,1.0,True,9.0
bank-marketing,1461,rpl_lr,500,0.892144937152125,0.0024661032376685097,3,0.6104026176996171,0.01560079514896753,3,0.6425825029513815,0.01814634044328175,3,0.6425825029513815,0.01814634044328175,3,0.8683559754249363,0.017738175151396814,3,0.45968451214172507,0.02292552087119491,3,0.679475724697113,0.038115022729614735,3,1.3341666666666667,0.2298043153061607,3,,,0,,,0,3,3,0,1.0,True,10.0
bank-marketing,1461,scarf,500,0.8881270964650375,0.0019667988605483445,3,0.5985614962522278,0.06681912511086471,3,0.6177225965962304,0.06948247970815,3,0.6177225965962304,0.06948247970815,3,0.8645400027382785,0.0196475003744402,3,0.44952155690581824,0.032337408553544354,3,0.2679652044753415,0.012755257255801886,3,440.4599333333333,57.3550816688751,3,,,0,,,0,3,3,0,1.0,True,11.0
bank-marketing,1461,sslae,500,0.8860628847358916,0.002718477506357373,3,0.5949328036697668,0.07465252931814102,3,0.6068113328464756,0.10184100602367165,3,0.6068113328464756,0.10184100602367165,3,0.8563816292284012,0.012068759374696696,3,0.43266933642948135,0.023135567322002636,3,0.2775667324489119,0.005277144456112864,3,130.61496666666667,59.81283103359456,3,,,0,,,0,3,3,0,1.0,True,12.0
bank-marketing,1461,random_forest,500,0.8923292417707988,0.0023622647307327224,3,0.5898717033631505,0.02674486595480105,3,0.6179672554952721,0.035229490903827085,3,0.6179672554952721,0.035229490903827085,3,0.8743583293975511,0.01799805956878148,3,0.4978298406940866,0.018532221371101252,3,0.2578183911613314,0.010934238323461676,3,3.2174,0.702720655737399,3,,,0,,,0,3,3,0,1.0,True,13.0
bank-marketing,1461,vime,500,0.8877953481514247,0.0034517652279434014,3,0.578148339731199,0.0685334201203507,3,0.5895873631481753,0.09382591518749413,3,0.5895873631481753,0.09382591518749413,3,0.8662020076237779,0.015867294967767613,3,0.4543265451673451,0.02778118118375254,3,0.26915966428981225,0.013078442146898187,3,512.0134666666667,11.032606783681441,3,,,0,,,0,3,3,0,1.0,True,14.0
bank-marketing,1461,label_spreading,500,0.8814552692690478,0.00286022717159738,3,0.5622591034939094,0.007335290394955269,3,0.5792697343990199,0.009683314489685702,3,0.5792697343990199,0.009683314489685702,3,0.8126776379309187,0.013144181136809903,3,0.3472699488166078,0.01628306498492988,3,0.35876185346355793,0.0236201346018224,3,19.067466666666665,1.3424273996508471,3,,,0,,,0,3,3,0,1.0,True,15.0
bank-marketing,1461,label_propagation,500,0.8830034280659073,0.0,3,0.5,0.0,3,0.4689335212591026,0.0,3,0.4689335212591026,0.0,3,0.7607721866653726,0.01372395179353932,3,0.2797641464879204,0.013941456471140125,3,0.4212338676157528,0.010900398806841245,3,23.3295,1.1244150657119447,3,,,0,,,0,3,3,0,1.0,True,16.0
bank-marketing,1461,mlp,500,0.8822293486674776,0.0007740793984297406,3,0.4995616781465247,0.000438321853475278,3,0.4687150567028353,0.00021854165230041162,3,0.4687150567028353,0.00021854165230041162,3,0.4662996623710414,0.0467519610486202,3,0.11452592122306439,0.011056808423014606,3,0.5322986046473185,0.010522082097324132,3,0.7446666666666667,0.053752147243931875,3,,,0,,,0,3,3,0,1.0,True,17.0
electricity,151,catboost,50,0.7000257457059841,0.040335161095255125,3,0.6957898048502075,0.030328383910640175,3,0.6933041293376251,0.03513679475395619,3,0.6933041293376251,0.03513679475395619,3,0.7502632804646229,0.028018109408267926,3,0.6938154010044345,0.027572205738927383,3,1.0805410701350058,0.15297460657057713,3,2.6989,1.008280099972225,3,,,0,,,0,3,3,0,1.0,True,1.0
electricity,151,self_training_catboost,50,0.7001728640258928,0.04625501225954104,3,0.6957813998082454,0.04225272682162839,3,0.6941202789796437,0.044740954277307406,3,0.6941202789796437,0.044740954277307406,3,0.7670802910735796,0.05026579736100542,3,0.7118333406425422,0.05126550198984795,3,0.5789539224688993,0.0574298065062853,3,1.1591333333333333,0.12069384132313196,3,0.0,0.0,3,0.0,0.0,3,3,3,0,1.0,True,2.0
electricity,151,rpl_lite_xgboost,50,0.685608150354923,0.021684393209961815,3,0.6823308576664281,0.020558286081471065,3,0.6804953211984377,0.021150784347392388,3,0.6804953211984377,0.021150784347392388,3,0.7464746330518143,0.021494307274089325,3,0.7063337327478753,0.019044216558695152,3,1.0912737449010212,0.10261930785682813,3,20.927566666666667,0.24253276754561096,3,3000.0,0.0,3,0.082875217547446,0.0,3,3,3,0,1.0,True,3.0
electricity,151,random_forest,50,0.6906469528117989,0.0472359789105874,3,0.6821565194887342,0.04120550220634925,3,0.6818252313812483,0.04424899694698753,3,0.6818252313812483,0.04424899694698753,3,0.7570813309068343,0.04579107391010322,3,0.712748622482445,0.04710875035301353,3,0.5960268185837653,0.07852244226123196,3,1.7825333333333333,0.24735796597913182,3,,,0,,,0,3,3,0,1.0,True,4.0
electricity,151,self_training_lr,50,0.6811210415977049,0.014865458143004615,3,0.6819854785458812,0.014706457688018145,3,0.6780281918456689,0.014765263813358912,3,0.6780281918456689,0.014765263813358912,3,0.7536381456683469,0.01312301296218727,3,0.7068680699826643,0.03400719425651179,3,0.8881856799125671,0.04085763349325407,3,0.40116666666666667,0.011433430514650171,3,5000.0,0.0,3,0.1381253625790767,0.0,3,3,3,0,1.0,True,5.0
electricity,151,self_training_xgboost,50,0.6849828974953106,0.02226519852980181,3,0.6811744667449365,0.02142041308370765,3,0.6796121455868653,0.021910664208856692,3,0.6796121455868653,0.021910664208856692,3,0.7460695050460151,0.02052396037259614,3,0.7088115325503432,0.014910010738614766,3,1.0978569587071736,0.10640477900370071,3,6.1088,0.7608467716958525,3,3000.0,0.0,3,0.082875217547446,0.0,3,3,3,0,1.0,True,6.0
electricity,151,xgboost,50,0.6881091617933723,0.04384105877256953,3,0.679395023019184,0.039514217907973256,3,0.6798409790219856,0.0414735483691346,3,0.6798409790219856,0.0414735483691346,3,0.7443770103166076,0.05637436840531122,3,0.6964244450030804,0.058419277672543006,3,0.7220203479131063,0.1539277406601843,3,1.2640333333333333,0.11507755355990734,3,,,0,,,0,3,3,0,1.0,True,7.0
electricity,151,sslae,50,0.6874103497738057,0.007304891258097976,3,0.6748254458824929,0.010439393541872198,3,0.675324052404147,0.010032549198551888,3,0.675324052404147,0.010032549198551888,3,0.7482564770316449,0.009587363644110114,3,0.6933192362188626,0.008905000256596034,3,0.6219030003111164,0.05638967964913447,3,106.55543333333333,53.937958086150545,3,,,0,,,0,3,3,0,1.0,True,8.0
electricity,151,scarf,50,0.6959432123285153,0.03456867701115862,3,0.6738384016068579,0.04465593965802706,3,0.6736040981442747,0.048407627528468215,3,0.6736040981442747,0.048407627528468215,3,0.7416662763139273,0.03994503371863569,3,0.6876449736976878,0.05941175590868869,3,0.6184892047411618,0.05593330147664478,3,291.90336666666667,122.60836912113027,3,,,0,,,0,3,3,0,1.0,True,9.0
electricity,151,logistic_regression,50,0.6750524109014675,0.005753506708367498,3,0.6707516665570358,0.012903814018408451,3,0.6689152984330583,0.01030740213783958,3,0.6689152984330583,0.01030740213783958,3,0.7409986236328518,0.009287777237544,3,0.6915006085974583,0.011571303338069714,3,0.6189907590548197,0.015151730611047512,3,0.35403333333333337,0.03184608819515096,3,,,0,,,0,3,3,0,1.0,True,10.0
electricity,151,vime,50,0.6804957887380926,0.0007093788488721773,3,0.6682494639709405,0.016113727011297124,3,0.6668801559492973,0.013420617366043216,3,0.6668801559492973,0.013420617366043216,3,0.7493710669885166,0.012339176942664861,3,0.6855592772091642,0.013533494212985322,3,0.6495843619143143,0.09504067004931241,3,265.4689333333333,51.168238651074674,3,,,0,,,0,3,3,0,1.0,True,11.0
electricity,151,rpl_lr,50,0.6567361800728236,0.013715331730266572,3,0.6563574009882734,0.006734090486529463,3,0.6520984927024441,0.009296020065834076,3,0.6520984927024441,0.009296020065834076,3,0.7306476234328584,0.007187196762290199,3,0.6628205207415486,0.025622334078813418,3,3.0961992740631104,0.12804043730816203,3,1.0035333333333334,0.5200863421907301,3,,,0,,,0,3,3,0,1.0,True,12.0
electricity,151,mlp,50,0.5966751259700614,0.058956140893266666,3,0.5943701749909803,0.08008900212612367,3,0.5846654894886217,0.07398938265015717,3,0.5846654894886217,0.07398938265015717,3,0.6439056635365361,0.10470679264644599,3,0.565231796122936,0.11995849148109207,3,0.674256443977356,0.010809367865840212,3,0.40373333333333333,0.010169234648356456,3,,,0,,,0,3,3,0,1.0,True,13.0
electricity,151,label_propagation,50,0.5182978410386553,0.013929073260115506,3,0.5221553999238563,0.018765324477650905,3,0.5155186662023062,0.0154574436610839,3,0.5155186662023062,0.0154574436610839,3,0.5171324903707454,0.008119505336592423,3,0.4227662085380029,0.004104124193383429,3,2.7899189092648755,0.5738929635265986,3,24.249333333333336,0.15255642671920813,3,,,0,,,0,3,3,0,1.0,True,14.0
electricity,151,lightgbm,50,0.5754165287432418,0.0,3,0.5,0.0,3,0.3652472335060933,0.0,3,0.3652472335060933,0.0,3,0.5814716663709952,0.0705946941104947,3,0.47576016225127077,0.04432330393114061,3,0.6702415536194479,0.011084653924312899,3,1.0048666666666668,0.4909585556167988,3,,,0,,,0,3,3,0,1.0,True,15.5
electricity,151,self_training_lightgbm,50,0.5754165287432418,0.0,3,0.5,0.0,3,0.3652472335060933,0.0,3,0.3652472335060933,0.0,3,0.5814716663709952,0.0705946941104947,3,0.47576016225127077,0.04432330393114061,3,0.6702415536194479,0.011084653924312899,3,1.0066,0.38159010731411797,3,0.0,0.0,3,0.0,0.0,3,3,3,0,1.0,True,15.5
electricity,151,self_training_lightgbm,100,0.7409614182206039,0.023645809073989624,3,0.7328702836253171,0.017920189500503034,3,0.7336640603800756,0.020673236670763703,3,0.7336640603800756,0.020673236670763703,3,0.8077314094092617,0.026401058981677567,3,0.769057949785349,0.029844308560950748,3,1.6961702537396075,0.2986176197374327,3,13.9495,0.45021018424731324,3,3000.0,0.0,3,0.0829898475753132,0.0,3,3,3,0,1.0,True,1.0
electricity,151,lightgbm,100,0.7323917760859171,0.016622132303387504,3,0.725094565027451,0.015897796005010935,3,0.7255775095348219,0.016410050970699645,3,0.7255775095348219,0.016410050970699645,3,0.7849189046336696,0.028314725324396803,3,0.7307086783608535,0.033804292653012546,3,0.6350147699534973,0.08565038357194647,3,1.2111666666666667,0.06780061454982048,3,,,0,,,0,3,3,0,1.0,True,2.0
electricity,151,random_forest,100,0.7420648056199198,0.007558270801037821,3,0.7243375714013297,0.008201992521365697,3,0.7271126821902026,0.00811902901927091,3,0.7271126821902026,0.00811902901927091,3,0.7982175331168619,0.013929621330284978,3,0.76601352634639,0.019375485892970123,3,0.5369455781204305,0.024472426579965192,3,1.8259999999999998,0.13603275340887572,3,,,0,,,0,3,3,0,1.0,True,3.0
electricity,151,self_training_xgboost,100,0.7298907646474677,0.027218802648064595,3,0.722342320748361,0.02473189304100417,3,0.7228963725666914,0.026151940132947027,3,0.7228963725666914,0.026151940132947027,3,0.7886453032426187,0.0287650341289817,3,0.755068514338863,0.0325501513927536,3,0.8927314082781473,0.14806964460602237,3,7.164433333333332,0.5686156639887202,3,3000.0,0.0,3,0.0829898475753132,0.0,3,3,3,0,1.0,True,4.0
electricity,151,xgboost,100,0.7312883886866013,0.011919308014581777,3,0.7201507309728786,0.0061142502458430715,3,0.7218173872592605,0.008185303928645062,3,0.7218173872592605,0.008185303928645062,3,0.7886224883708106,0.02582450149873944,3,0.7481550353293329,0.03128625669670928,3,0.6788915197054545,0.09035437016865565,3,1.6759333333333333,0.2702198055904366,3,,,0,,,0,3,3,0,1.0,True,5.0
electricity,151,rpl_lite_xgboost,100,0.7268748390893376,0.019284147934428533,3,0.7195854337632861,0.01780863136765347,3,0.7199904003397585,0.018669913381823822,3,0.7199904003397585,0.018669913381823822,3,0.7850067589161549,0.026408349279488604,3,0.7521279170012601,0.027751903422623046,3,0.8959656953811644,0.15107162877207056,3,22.934633333333334,1.4700452011191139,3,3000.0,0.0,3,0.0829898475753132,0.0,3,3,3,0,1.0,True,6.0
electricity,151,catboost,100,0.7298907646474677,0.005449214708094777,3,0.7176192851528422,0.0013444288089418178,3,0.7195822857396944,0.0018356312623416756,3,0.7195822857396944,0.0018356312623416756,3,0.796226210907419,0.011095037964880186,3,0.7589912283725581,0.01958137191705794,3,0.8064671856265765,0.03527854917079979,3,2.5821,0.3009343948437929,3,,,0,,,0,3,3,0,1.0,True,7.0
electricity,151,self_training_catboost,100,0.7373937989628159,0.005646713707127446,3,0.7171452142089726,0.0038898178900148885,3,0.7207887087261784,0.004169091719501984,3,0.7207887087261784,0.004169091719501984,3,0.7993828606244714,0.009088643723317281,3,0.7649357496018353,0.015052590153511111,3,0.5358858078830356,0.0081670046496682,3,1.421166666666667,0.017442859092859,3,0.0,0.0,3,0.0,0.0,3,3,3,0,1.0,True,8.0
electricity,151,logistic_regression,100,0.7298907646474677,0.014289186331294312,3,0.7151669397474767,0.01338808448746057,3,0.7172453212065436,0.013987529987041461,3,0.7172453212065436,0.013987529987041461,3,0.7883049073485315,0.019077133323443688,3,0.7547970718214225,0.01683842379879718,3,0.5623544851938883,0.045748996108733474,3,0.34486666666666665,0.0038214307966170755,3,,,0,,,0,3,3,0,1.0,True,9.0
electricity,151,self_training_lr,100,0.7201809555334878,0.011038838119778637,3,0.714143542834818,0.008636132726957782,3,0.7139074554598398,0.009805239837393245,3,0.7139074554598398,0.009805239837393245,3,0.7837585686578975,0.017109129135483285,3,0.7451655960503244,0.015740720423032904,3,0.7534763415654501,0.08755185316052515,3,0.49193333333333333,0.11582505486004883,3,4993.333333333333,11.547005383792383,3,0.1381319907420214,0.0003194280722507533,3,3,3,0,1.0,True,10.0
electricity,151,scarf,100,0.722461289492074,0.02297228540164208,3,0.7102779793216035,0.016070775562496836,3,0.7120543580185138,0.018487140514457753,3,0.7120543580185138,0.018487140514457753,3,0.7769858074388276,0.023870289507231864,3,0.7379295985538527,0.04532241085992742,3,0.6390064751337324,0.11627689605626357,3,221.0468,71.30795894056988,3,,,0,,,0,3,3,0,1.0,True,11.0
electricity,151,rpl_lr,100,0.7213946816727352,0.018121437528197264,3,0.7079433377252169,0.014070560643724568,3,0.7097174337851077,0.015174827704493434,3,0.7097174337851077,0.015174827704493434,3,0.7801233630931618,0.024812540099917547,3,0.7328988649502785,0.030457623247718165,3,2.299198587735494,0.410391154188231,3,0.7023,0.14070067519383123,3,,,0,,,0,3,3,0,1.0,True,12.0
electricity,151,vime,100,0.7075655596013094,0.0011694518441712123,3,0.6934176063370695,0.00839162487197579,3,0.6947159536416244,0.0059360253886947155,3,0.6947159536416244,0.0059360253886947155,3,0.7664223722948554,0.007686699293215389,3,0.7146421481610506,0.017626662844971212,3,0.7451162759573066,0.21033617461023715,3,267.57196666666664,66.1863906558088,3,,,0,,,0,3,3,0,1.0,True,13.0
electricity,151,sslae,100,0.6951340615690169,0.06538229081248093,3,0.6640525408142858,0.09311125430363301,3,0.6437715230720852,0.1322119357463034,3,0.6437715230720852,0.1322119357463034,3,0.7729175013570986,0.027508999854193764,3,0.7226713044247323,0.04887315395047635,3,0.594025584923489,0.047588343282505045,3,125.17903333333334,82.68346056681067,3,,,0,,,0,3,3,0,1.0,True,14.0
electricity,151,mlp,100,0.6373901210048182,0.042419517737721305,3,0.6200984569273159,0.03315140806051701,3,0.6169887567246993,0.03252492422165262,3,0.6169887567246993,0.03252492422165262,3,0.6738374797099628,0.05131285101003881,3,0.6097803770446362,0.06793489091357542,3,0.6672823627789816,0.012789964244983961,3,0.5095999999999999,0.07525842145567503,3,,,0,,,0,3,3,0,1.0,True,15.0
electricity,151,label_propagation,100,0.559012836073412,0.00535152367857448,3,0.5429676375985101,0.007264609388275291,3,0.5411185319187893,0.007858857985246971,3,0.5411185319187893,0.007858857985246971,3,0.5473800188565289,0.007957622575532761,3,0.44915551894921735,0.002759644052162578,3,1.5908880886150556,0.15507449854156916,3,24.14323333333333,0.9070874287152986,3,,,0,,,0,3,3,0,1.0,True,16.0
electricity,151,xgboost,250,0.7707160984221559,0.007084915704150362,3,0.7601897845186435,0.0041849539192320585,3,0.7625784990682393,0.005393831347501167,3,0.7625784990682393,0.005393831347501167,3,0.835253295739873,0.009274516041008148,3,0.7907206456123884,0.01629289294071717,3,0.6133858561515808,0.016638459250995292,3,2.3141,0.4120576537330668,3,,,0,,,0,3,3,0,1.0,True,1.0
electricity,151,self_training_lightgbm,250,0.7640589944462834,0.012729826539772601,3,0.7549274475448972,0.0102883421859864,3,0.7566421619674747,0.011538729415655095,3,0.7566421619674747,0.011538729415655095,3,0.831399907909975,0.014126166985326132,3,0.7879055356506752,0.017795693209282468,3,1.4011325448859273,0.046324244746385954,3,19.634133333333335,1.254483958978085,3,3000.0,0.0,3,0.0833356482124503,0.0,3,3,3,0,1.0,True,2.0
electricity,151,lightgbm,250,0.7633969620066939,0.003144815397860267,3,0.7542272959219268,0.0016174949772364705,3,0.7559426964128733,0.002296879293190142,3,0.7559426964128733,0.002296879293190142,3,0.8291404216739787,0.007890584127870675,3,0.7805170357596177,0.013628559463358494,3,0.7401256058824265,0.03494832627115526,3,2.4193000000000002,0.554019737915537,3,,,0,,,0,3,3,0,1.0,True,3.0
electricity,151,random_forest,250,0.7688035602633417,0.004630722935168524,3,0.7526127637704819,0.006342686461170187,3,0.7567649856154688,0.005861701261099323,3,0.7567649856154688,0.005861701261099323,3,0.8370570493053714,0.00876258950699908,3,0.7943790721931628,0.016051257300321833,3,0.49113360580759896,0.011142661508523909,3,1.8826,0.074179714208131,3,,,0,,,0,3,3,0,1.0,True,4.0
electricity,151,catboost,250,0.7643164515061237,0.009925581438397498,3,0.7523922726103933,0.006870372884248094,3,0.7551740598839647,0.00813395924163417,3,0.7551740598839647,0.00813395924163417,3,0.836055412481587,0.012556236923698406,3,0.7937257322734476,0.017696389321683773,3,0.6241685914135987,0.04440420799214993,3,3.4598,0.2862955989881788,3,,,0,,,0,3,3,0,1.0,True,5.0
electricity,151,rpl_lite_xgboost,250,0.7594983265291111,0.00621270143992378,3,0.7514754253848214,0.0029165155319400226,3,0.7525755149318124,0.004467522549498518,3,0.7525755149318124,0.004467522549498518,3,0.8245003817151467,0.01093735988103938,3,0.7745711235233728,0.02239085358911787,3,0.74505215883255,0.03287016988235073,3,26.9412,4.1628472515815425,3,3000.0,0.0,3,0.0833356482124503,0.0,3,3,3,0,1.0,True,6.0
electricity,151,self_training_xgboost,250,0.7595351061090883,0.00840411390464505,3,0.751416556869577,0.005940308502303882,3,0.752540807653784,0.0069741393420133845,3,0.752540807653784,0.0069741393420133845,3,0.8252673833210746,0.01296982288481185,3,0.7761019467238701,0.024085865531202663,3,0.7457563082377116,0.04765580137157448,3,9.3405,0.18840480354810446,3,3000.0,0.0,3,0.0833356482124503,0.0,3,3,3,0,1.0,True,7.0
electricity,151,self_training_catboost,250,0.7681415278237522,0.005091548046834358,3,0.7486087579208385,0.00500154954447989,3,0.7535579829852757,0.005000279635194107,3,0.7535579829852757,0.005000279635194107,3,0.8396851697187268,0.010661518782810374,3,0.8002095721603476,0.01797089517705179,3,0.48881359522660756,0.01103402544922558,3,1.8891,0.019346575924436876,3,0.0,0.0,3,0.0,0.0,3,3,3,0,1.0,True,8.0
electricity,151,logistic_regression,250,0.7483908933759976,0.004581826416801192,3,0.7328659066914102,0.0023415285695775607,3,0.736334930044905,0.002973409259452419,3,0.736334930044905,0.002973409259452419,3,0.8077611675766038,0.004082553930532376,3,0.7761059825677336,0.003129483661814465,3,0.5253487229347229,0.003946235477539917,3,0.3268333333333333,0.04091470803187204,3,,,0,,,0,3,3,0,1.0,True,9.0
electricity,151,rpl_lr,250,0.7481334363161573,0.012398428596495162,3,0.7321994084577977,0.008067059962895586,3,0.7356989808181348,0.009463038014981853,3,0.7356989808181348,0.009463038014981853,3,0.8067911161031965,0.0038313051898231946,3,0.7682985312545642,0.011473966735027957,3,1.7526252667109172,0.07354982252012,3,0.6159666666666667,0.0971515482806802,3,,,0,,,0,3,3,0,1.0,True,10.0
electricity,151,sslae,250,0.7455220861377763,0.014903628595217829,3,0.7304979854476499,0.014720135047847157,3,0.7338189510706988,0.01517703863319913,3,0.7338189510706988,0.01517703863319913,3,0.8082373148648315,0.014899441440921842,3,0.770258091426458,0.01824352580455218,3,0.5252178575919033,0.016809726799916266,3,211.07396666666668,71.05351609739895,3,,,0,,,0,3,3,0,1.0,True,11.0
electricity,151,self_training_lr,250,0.7414395527603075,0.01114930972709319,3,0.730481449441181,0.009255955073305702,3,0.7324969665397445,0.010123913927273251,3,0.7324969665397445,0.010123913927273251,3,0.8060375941248424,0.0031008726097966326,3,0.7708357027314867,0.00829781013112265,3,0.636152962843577,0.013838737443417874,3,0.7071333333333333,0.38607326161407934,3,4934.333333333333,113.73800303035614,3,0.13706862227654468,0.0031594767363080796,3,3,3,0,1.0,True,12.0
electricity,151,scarf,250,0.7416234506601934,0.017652244365729267,3,0.7285635633789997,0.019477841308485018,3,0.7311778179465911,0.019420403465515997,3,0.7311778179465911,0.019420403465515997,3,0.80203565631418,0.021281972369090924,3,0.7588977869838853,0.03168082339979089,3,0.5501060919287082,0.019445535098772417,3,243.08436666666663,88.5984406017021,3,,,0,,,0,3,3,0,1.0,True,13.0
electricity,151,vime,250,0.7223509507521424,0.021995172873379352,3,0.7087175068718693,0.02859231577016875,3,0.710500669118057,0.027492533144089573,3,0.710500669118057,0.027492533144089573,3,0.7855385771493154,0.024920991873908116,3,0.7349388272423623,0.03747936282846325,3,0.5564934911999319,0.029517490579191494,3,277.8455666666667,66.98807908966589,3,,,0,,,0,3,3,0,1.0,True,14.0
electricity,151,mlp,250,0.6862701827945125,0.02514593819271959,3,0.657735520571091,0.01814409088614547,3,0.6571464907208624,0.017921552923107608,3,0.6571464907208624,0.017921552923107608,3,0.7381952680610399,0.039690223217957926,3,0.6917795626334474,0.04504207397298772,3,0.6460942029953003,0.021493707075686087,3,0.5536666666666666,0.153092172671673,3,,,0,,,0,3,3,0,1.0,True,15.0
electricity,151,label_spreading,250,0.6381992717643165,0.012201788489831803,3,0.6251499286734186,0.01259709868624748,3,0.6258487839341375,0.012656663622022522,3,0.6258487839341375,0.012656663622022522,3,0.6785491203276438,0.012346449509326592,3,0.5676710767797251,0.003997995649808591,3,1.4558438363152177,0.0481700408269717,3,37.3056,1.16458548848936,3,,,0,,,0,3,3,0,1.0,True,16.0
electricity,151,label_propagation,250,0.5907903931737101,0.01712289926392521,3,0.566027559567828,0.014655074175700637,3,0.5634460354839889,0.014097047896847726,3,0.5634460354839889,0.014097047896847726,3,0.6057497463537732,0.030629902227636504,3,0.5050826620258403,0.01980737706906304,3,1.179108471221892,0.1444488223814158,3,24.110766666666667,0.37868595608146544,3,,,0,,,0,3,3,0,1.0,True,17.0
electricity,151,self_training_xgboost,500,0.780609805436022,0.0053798858371331745,3,0.771591082748801,0.007187566335960288,3,0.7735457168218507,0.006431440085904766,3,0.7735457168218507,0.006431440085904766,3,0.8533628888494661,0.005801199409910194,3,0.8218821824560986,0.004534869609806638,3,0.6134775479634603,0.018212040558230457,3,11.884666666666666,0.827898594837153,3,3000.0,0.0,3,0.0839184312847911,0.0,3,3,3,0,1.0,True,1.0
electricity,151,xgboost,500,0.7798742138364779,0.006880042929767194,3,0.7701798662369134,0.008345872572125303,3,0.7724339523797547,0.0078035340162473845,3,0.7724339523797547,0.0078035340162473845,3,0.8540918518267512,0.006483741032052374,3,0.8171442439948532,0.005444454518233547,3,0.5563365618387858,0.010285263670848645,3,2.4399333333333333,0.19576343717184103,3,,,0,,,0,3,3,0,1.0,True,2.0
electricity,151,rpl_lite_xgboost,500,0.7780352348376182,0.002671777648852639,3,0.7685364978150213,0.004336793474428371,3,0.770667663371639,0.00360440679195742,3,0.770667663371639,0.00360440679195742,3,0.853608827686009,0.005134205100698627,3,0.8207443050656834,0.0031632698641333567,3,0.6164268255233765,0.012780132721634497,3,24.48006666666667,1.4727206263692145,3,3000.0,0.0,3,0.0839184312847911,0.0,3,3,3,0,1.0,True,3.0
electricity,151,catboost,500,0.7783662510574129,0.0022186959626107486,3,0.7682337501968375,0.0036920908182144644,3,0.7706425143337619,0.0029432152765718833,3,0.7706425143337619,0.0029432152765718833,3,0.8521797213911309,0.005055955589350469,3,0.8151891969995634,0.0017084907979961878,3,0.5309205691421085,0.0099183899334249,3,4.286466666666667,0.27642073607696865,3,,,0,,,0,3,3,0,1.0,True,4.0
electricity,151,random_forest,500,0.7820809886351098,0.003918190644282264,3,0.7671586606150363,0.0025295881470678576,3,0.7715048722507266,0.002884844738560533,3,0.7715048722507266,0.002884844738560533,3,0.8547020479067459,0.004272930667941636,3,0.8151595670602033,0.0065695461563430885,3,0.47088303666226244,0.005411303300545918,3,2.0004666666666666,0.2506427803335523,3,,,0,,,0,3,3,0,1.0,True,5.0
electricity,151,lightgbm,500,0.7748721909595792,0.007744438177412823,3,0.764936507050601,0.009301928797418977,3,0.7671929134063813,0.008765051538777536,3,0.7671929134063813,0.008765051538777536,3,0.8474171937259186,0.009260755285791504,3,0.8098894820207322,0.008840631376720242,3,0.7183981661443273,0.013290274879358433,3,3.5778999999999996,0.46315000809672885,3,,,0,,,0,3,3,0,1.0,True,6.0
electricity,151,self_training_lightgbm,500,0.773143550700651,0.00570783058871343,3,0.7623672053202254,0.006477117642150195,3,0.7649335060900834,0.00616320332421629,3,0.7649335060900834,0.00616320332421629,3,0.8498072654112924,0.0052282778676998945,3,0.8148712705973887,0.002627200628097032,3,1.1801867795867838,0.036299958425212504,3,20.848933333333335,0.2626759473825749,3,3000.0,0.0,3,0.0839184312847911,0.0,3,3,3,0,1.0,True,7.0
electricity,151,self_training_catboost,500,0.7794696384567289,0.008109959935036689,3,0.7619830816139541,0.010611283557259156,3,0.7669619299206545,0.010206999494148074,3,0.7669619299206545,0.010206999494148074,3,0.8531032959724234,0.009542471577952783,3,0.8181027349482047,0.012464379366048847,3,0.47442198543726616,0.01063369444934185,3,2.1733,0.11448541391810574,3,0.0,0.0,3,0.0,0.0,3,3,3,0,1.0,True,8.0
electricity,151,self_training_lr,500,0.7499356357350399,0.010545482322241465,3,0.7380343015410129,0.009138233991443334,3,0.7405487897123263,0.009849664059155718,3,0.7405487897123263,0.009849664059155718,3,0.8101127023106889,0.007435936215883604,3,0.7754882823552253,0.00838600767055513,3,0.5897718866666158,0.01733422924412091,3,0.48760000000000003,0.08028405819339232,3,4916.666666666667,78.54510381515396,3,0.13753298460563,0.002197127299089591,3,3,3,0,1.0,True,9.0
electricity,151,logistic_regression,500,0.755195115671779,0.0070662753075274864,3,0.7360875709030071,0.007055532700149377,3,0.7404753703364776,0.007241660782034461,3,0.7404753703364776,0.007241660782034461,3,0.817423012473348,0.0033824180664044673,3,0.7848987665405732,0.004317706642638936,3,0.5142260591189066,0.0036992038679547704,3,0.3437333333333334,0.0197125171739515,3,,,0,,,0,3,3,0,1.0,True,10.0
electricity,151,rpl_lr,500,0.7539813895325316,0.008165315261831486,3,0.7357481882649668,0.0062958301050078215,3,0.7399604364942242,0.006858619572621764,3,0.7399604364942242,0.006858619572621764,3,0.8152651508356206,0.005557650914164916,3,0.7803075787093846,0.007963310841852237,3,1.37469482421875,0.048777821638788424,3,0.7125666666666667,0.20801693040070882,3,,,0,,,0,3,3,0,1.0,True,11.0
electricity,151,sslae,500,0.7450439515980728,0.0020504409672685714,3,0.7197962906855525,0.000342427948493266,3,0.7239761950183782,0.0003489540106122877,3,0.7239761950183782,0.0003489540106122877,3,0.8133155963692876,0.011291620304521422,3,0.7762076526486674,0.008394034961843103,3,0.531043654457792,0.016809463934229843,3,77.58120000000001,24.144739022611116,3,,,0,,,0,3,3,0,1.0,True,12.0
electricity,151,scarf,500,0.7300378829673765,0.03435281681668217,3,0.7079150329989256,0.038828281357665285,3,0.7109958583429719,0.040506970292146005,3,0.7109958583429719,0.040506970292146005,3,0.7824042190652928,0.037061453834489826,3,0.7356807129976702,0.05344010947996402,3,0.5604337531250038,0.04068341792553244,3,211.12206666666668,65.96720693930685,3,,,0,,,0,3,3,0,1.0,True,13.0
electricity,151,vime,500,0.72264518739196,0.04246168659550127,3,0.7065889549111026,0.052538562707569146,3,0.7077287982158372,0.05377908228656145,3,0.7077287982158372,0.05377908228656145,3,0.7836485224069117,0.04276819150157753,3,0.7280005301371756,0.05389812701484005,3,0.5557707332875853,0.04277062038760123,3,361.89463333333333,159.40968210370204,3,,,0,,,0,3,3,0,1.0,True,14.0
electricity,151,mlp,500,0.7142962227371363,0.030091810742431883,3,0.6946112053494605,0.021720415326265095,3,0.6953947502430164,0.024753904266866678,3,0.6953947502430164,0.024753904266866678,3,0.7746574280970254,0.028585223682576894,3,0.727994587972336,0.04131538709675101,3,0.5922440489133199,0.06407908075760298,3,0.633,0.13824575942863493,3,,,0,,,0,3,3,0,1.0,True,15.0
electricity,151,label_spreading,500,0.6619956600095627,0.017002313128439205,3,0.648654470718229,0.018752147694506838,3,0.6497813915719514,0.01885412226134079,3,0.6497813915719514,0.01885412226134079,3,0.7108429443160986,0.018601788103394887,3,0.610374024210794,0.012529244511317414,3,1.1553831613370666,0.3174629115983046,3,31.023833333333332,7.984057913325361,3,,,0,,,0,3,3,0,1.0,True,16.0
electricity,151,label_propagation,500,0.6280848872705874,0.013840513180683295,3,0.6061771327710925,0.014222361417778029,3,0.6060070634737674,0.014722853786362048,3,0.6060070634737674,0.014722853786362048,3,0.6613765897322944,0.025505160866326385,3,0.5461086886607376,0.020251298032792745,3,0.8082486084966485,0.08863552265860482,3,23.748666666666665,0.6110697696117292,3,,,0,,,0,3,3,0,1.0,True,17.0
jannis,41168,rpl_lite_xgboost,50,0.5057821301327601,0.047201694026756745,3,0.37092155152952994,0.03262002440618569,3,0.36721666271741465,0.03356980793244845,3,0.36721666271741465,0.03356980793244845,3,0.6423825275128562,0.02153889823740778,3,,,0,2.3494625091552734,0.187695413337259,3,39.760266666666666,0.28441118707486435,3,4369.666666666667,115.71660785441887,3,0.06528126369467346,0.0017287649075896192,3,3,3,0,1.0,True,1.0
jannis,41168,self_training_xgboost,50,0.49973129515734155,0.04298419034137999,3,0.3680354711903348,0.02850826769840287,3,0.36439372642810763,0.02817932046909816,3,0.36439372642810763,0.02817932046909816,3,0.6413142296385789,0.020162887425153632,3,,,0,2.3214542071024575,0.22826319272107523,3,22.605933333333336,0.7516866989200577,3,3929.6666666666665,171.1909265508349,3,0.05870782040556147,0.0025575314711192036,3,3,3,0,1.0,True,2.0
jannis,41168,self_training_lr,50,0.44047690133556255,0.037305990439559615,3,0.35878380316312336,0.01082201296699106,3,0.3461365086805599,0.01538934385892811,3,0.3461365086805599,0.01538934385892811,3,0.6344652920664166,0.018443199663115202,3,,,0,2.978708585103353,0.4298363752419706,3,1.5442,0.09466419597714854,3,8178.333333333333,695.0642656138592,3,0.12218138719572923,0.010384012573411287,3,3,3,0,1.0,True,3.0
jannis,41168,xgboost,50,0.5061005951314663,0.027152263738252955,3,0.35716220098979923,0.018110540733765442,3,0.3581133472991582,0.018341383264343175,3,0.3581133472991582,0.018341383264343175,3,0.6454388822756044,0.020476117444270716,3,,,0,1.3017539580663045,0.06323989802912379,3,3.0157333333333334,0.8713594512790535,3,,,0,,,0,3,3,0,1.0,True,4.0
jannis,41168,random_forest,50,0.5319559722139289,0.012157016142662236,3,0.3503727575673237,0.015298364398724382,3,0.3457261197806533,0.02199184617211562,3,0.3457261197806533,0.02199184617211562,3,0.6776147720834708,0.03459443759069274,3,,,0,1.058771174906736,0.01988654984527461,3,2.2878333333333334,0.411319648610826,3,,,0,,,0,3,3,0,1.0,True,5.0
jannis,41168,catboost,50,0.5203718078859895,0.020055503571700797,3,0.3483536620361784,0.009634476678394824,3,0.34720466202027844,0.009310936389820989,3,0.34720466202027844,0.009310936389820989,3,0.6452572521287396,0.009791902583489106,3,,,0,1.1258862742335607,0.02363682140370175,3,5.8952,1.8540524291400178,3,,,0,,,0,3,3,0,1.0,True,6.0
jannis,41168,self_training_catboost,50,0.5288111303517048,0.01845396428475722,3,0.3465956343775211,0.014017418355864487,3,0.3412105448284168,0.016973981127644613,3,0.3412105448284168,0.016973981127644613,3,0.658278583388201,0.027393102285028767,3,,,0,1.1483889094230224,0.02197113619190476,3,3.840066666666667,0.2674771267479397,3,0.0,0.0,3,0.0,0.0,3,3,3,0,1.0,True,7.0
jannis,41168,rpl_lr,50,0.4826337055393006,0.00834355410423165,3,0.34141162447293655,0.015211322018828745,3,0.3418015924504117,0.013332866969650728,3,0.3418015924504117,0.013332866969650728,3,0.6254519572766869,0.0254552257862643,3,,,0,6.7071919441223145,0.1585441317096164,3,2.6155666666666666,0.10474494418984319,3,,,0,,,0,3,3,0,1.0,True,8.0
jannis,41168,sslae,50,0.5019804542107044,0.01848092999496691,3,0.34049490357716844,0.010717431217646222,3,0.33917445485571385,0.009898599367516409,3,0.33917445485571385,0.009898599367516409,3,0.6400957519255451,0.0214963437332015,3,,,0,1.1330671463181075,0.020642169502786727,3,47.8424,5.070080373130192,3,,,0,,,0,3,3,0,1.0,True,9.0
jannis,41168,label_spreading,50,0.4629883959316096,0.08185027966380964,3,0.33850806272613915,0.02288543099636609,3,0.3107315457979016,0.012298439050261194,3,0.3107315457979016,0.012298439050261194,3,0.637039819718612,0.0454401446355031,3,,,0,1.3744701767416432,0.3345525244910827,3,13.497466666666668,2.13286715323138,3,,,0,,,0,3,3,0,1.0,True,10.0
jannis,41168,logistic_regression,50,0.46874066997074104,0.00383833729742354,3,0.3380383073162163,0.018116643230187027,3,0.3394163315827676,0.01527280622545998,3,0.3394163315827676,0.01527280622545998,3,0.6302424177585163,0.03156213532990161,3,,,0,1.7706203858057659,0.14683394329927113,3,1.086,0.22283635251008754,3,,,0,,,0,3,3,0,1.0,True,11.0
jannis,41168,vime,50,0.49499412830158634,0.006285493657413396,3,0.32227750981894704,0.0033051529364208753,3,0.31842454057345854,0.002839648319928935,3,0.31842454057345854,0.002839648319928935,3,0.6328083288424412,0.013149855791834251,3,,,0,1.1215932557636252,0.010360663271821785,3,931.9927333333334,87.97071863889337,3,,,0,,,0,3,3,0,1.0,True,12.0
jannis,41168,scarf,50,0.479986465237555,0.06063202466670029,3,0.32126464306288766,0.018306403879819872,3,0.3173877840951524,0.01713062771422576,3,0.3173877840951524,0.01713062771422576,3,0.647267974175859,0.060851704834944446,3,,,0,1.1580545079693578,0.1002299524784915,3,569.3566666666667,137.53732161614647,3,,,0,,,0,3,3,0,1.0,True,13.0
jannis,41168,mlp,50,0.47198503214506077,0.038380694466966014,3,0.30544830584076726,0.026007775950395804,3,0.2889871442647223,0.038223257734790954,3,0.2889871442647223,0.038223257734790954,3,0.611102977481725,0.05012284621961302,3,,,0,1.177639325459798,0.0760525812745686,3,1.1665333333333334,0.09106494019837352,3,,,0,,,0,3,3,0,1.0,True,14.0
jannis,41168,self_training_lightgbm,50,0.43074381481260327,0.042444501898990794,3,0.30170131353881535,0.046090519663797194,3,0.29969879622966233,0.05950525328676202,3,0.29969879622966233,0.05950525328676202,3,0.5653649431297443,0.04564360873575842,3,,,0,2.20590301268417,1.6188997128125262,3,10.0871,11.038221086751252,3,1131.6666666666667,1960.1041638987795,3,0.016906696944344834,0.029283258095774735,3,3,3,0,1.0,True,15.0
jannis,41168,lightgbm,50,0.4266037698294222,0.03527845008113887,3,0.29499151417427316,0.0355528918948844,3,0.290736612675983,0.04537171087641785,3,0.290736612675983,0.04537171087641785,3,0.5621904200493438,0.04254105463777401,3,,,0,1.2665412525298396,0.031180098587089086,3,2.819233333333333,0.7838230178639395,3,,,0,,,0,3,3,0,1.0,True,16.0
jannis,41168,label_propagation,50,0.3840886925021397,0.06524480314437527,3,0.25211559745501505,0.0018300849671670232,3,0.14457943161617356,0.020237524087584512,3,0.14457943161617356,0.020237524087584512,3,0.6604621753276585,0.060645513659598686,3,,,0,1.1975525954477488,0.08003558750980894,3,12.587733333333333,0.2926689312744581,3,,,0,,,0,3,3,0,1.0,True,17.0
jannis,41168,rpl_lite_xgboost,100,0.5185804422682669,0.026392539091632288,3,0.3976584376550236,0.02300260584255443,3,0.38538832166035286,0.022121251789417554,3,0.38538832166035286,0.022121251789417554,3,0.6712916167023368,0.012304090995464543,3,,,0,2.2188331286112466,0.08424278762042502,3,46.09826666666667,0.5672782768036663,3,4458.0,79.77468270071653,3,0.06665071913404894,0.001192696269783127,3,3,3,0,1.0,True,1.0
jannis,41168,self_training_xgboost,100,0.5210485460082402,0.027099598443622447,3,0.39247406721922845,0.01959957590615622,3,0.3854617579918878,0.023039859981698267,3,0.3854617579918878,0.023039859981698267,3,0.6698084624461308,0.010054787694886522,3,,,0,2.1766387621561685,0.08365402926809026,3,32.57533333333333,1.5744176997650061,3,4263.333333333333,193.52605337094354,3,0.0637402944313209,0.0028933716079739403,3,3,3,0,1.0,True,2.0
jannis,41168,random_forest,100,0.5644394020819649,0.0037917630718688603,3,0.3893615731580227,0.003334055904764532,3,0.3892628099248907,0.0020066872326315647,3,0.3892628099248907,0.0020066872326315647,3,0.7102204936518178,0.01623553088085958,3,,,0,1.0006518378882479,0.012923864745234152,3,2.296,0.33385687052987245,3,,,0,,,0,3,3,0,1.0,True,3.0
jannis,41168,xgboost,100,0.53169721940248,0.010937984080641418,3,0.38168441442846196,0.010047672950873294,3,0.381469010860499,0.006346803846466117,3,0.381469010860499,0.006346803846466117,3,0.6850435653404986,0.019945381645840983,3,,,0,1.2139989535013835,0.05933411231229325,3,4.243633333333333,0.29976833277271503,3,,,0,,,0,3,3,0,1.0,True,4.0
jannis,41168,catboost,100,0.5585677036683188,0.010204554826543819,3,0.3811698482874109,0.021359952374221024,3,0.3788415916164068,0.016961272218274454,3,0.3788415916164068,0.016961272218274454,3,0.7021998384825284,0.017582449822187592,3,,,0,1.009081352098916,0.03634866526631501,3,8.0898,0.16788499039521151,3,,,0,,,0,3,3,0,1.0,True,5.0
jannis,41168,self_training_catboost,100,0.557890965546068,0.0066288596579102315,3,0.37181298508468225,0.016844193618481725,3,0.36902548435287436,0.01722236239906936,3,0.36902548435287436,0.01722236239906936,3,0.70498304005807,0.009397337189233482,3,,,0,1.0586047517705042,0.0076517211112746755,3,5.740833333333334,0.16748732290335727,3,0.0,0.0,3,0.0,0.0,3,3,3,0,1.0,True,6.0
jannis,41168,self_training_lightgbm,100,0.4483788141159611,0.036789686035109244,3,0.36858430740552145,0.029539567068003925,3,0.3519299148311261,0.022985210893326762,3,0.3519299148311261,0.022985210893326762,3,0.6358560922785824,0.027969068388950417,3,,,0,4.423265321044362,0.10837038191403146,3,35.92856666666666,0.8629689469113814,3,5477.666666666667,261.3662819365445,3,0.08189556359576987,0.003907638099700108,3,3,3,0,1.0,True,7.0
jannis,41168,scarf,100,0.5081109054357994,0.03617456430631448,3,0.36440274900146497,0.052657309085204045,3,0.3531724516796688,0.048825634525383486,3,0.3531724516796688,0.048825634525383486,3,0.6663467897498703,0.02833553856404494,3,,,0,1.13053107882626,0.01626769894684654,3,579.2369333333334,135.19724123725064,3,,,0,,,0,3,3,0,1.0,True,8.0
jannis,41168,self_training_lr,100,0.4024999502398439,0.007669317042634727,3,0.3631093791562967,0.019088272574220418,3,0.331942889502544,0.008862596883384064,3,0.331942889502544,0.008862596883384064,3,0.6253573810537636,0.02443834068004236,3,,,0,3.5173149108886714,0.10049560215438573,3,1.5625666666666664,0.09972463754425653,3,9458.0,190.40220586957494,3,0.14140477827946055,0.002846667551798196,3,3,3,0,1.0,True,9.0
jannis,41168,rpl_lr,100,0.4726418662048924,0.01002121609828821,3,0.362761337044979,0.016214185320146228,3,0.35374256770579215,0.014014322094233434,3,0.35374256770579215,0.014014322094233434,3,0.641889958381555,0.021903349532943213,3,,,0,6.646157423655192,0.17106760023274964,3,2.964033333333333,0.25784511500769836,3,,,0,,,0,3,3,0,1.0,True,10.0
jannis,41168,logistic_regression,100,0.4652574590473915,0.0071221230018450815,3,0.3623810695378487,0.019049933911854056,3,0.353146976024388,0.013925504641428312,3,0.353146976024388,0.013925504641428312,3,0.6435073139187987,0.02291103901605801,3,,,0,2.0151968399683633,0.19190696048406933,3,1.1249333333333331,0.27694115500108196,3,,,0,,,0,3,3,0,1.0,True,11.0
jannis,41168,lightgbm,100,0.48981907207261005,0.024286349393763083,3,0.3552101853955865,0.01401631234319314,3,0.3540449970927016,0.014813679899632766,3,0.3540449970927016,0.014813679899632766,3,0.6392734683192959,0.027742567336528755,3,,,0,2.165168008787838,0.12163669276681896,3,3.570933333333334,0.24969936590494848,3,,,0,,,0,3,3,0,1.0,True,12.0
jannis,41168,label_spreading,100,0.46541669154674464,0.08364840598279269,3,0.35311007949121703,0.004501203026514518,3,0.326652783385085,0.025962630990468916,3,0.326652783385085,0.025962630990468916,3,0.6587289245912272,0.034936710443264976,3,,,0,1.2979729478191269,0.23246777500765056,3,12.479766666666668,2.189155783249181,3,,,0,,,0,3,3,0,1.0,True,13.0
jannis,41168,sslae,100,0.5208893135088871,0.0199921123260117,3,0.3503489371571369,0.04363881003884145,3,0.3373557224083242,0.052234083085410686,3,0.3373557224083242,0.052234083085410686,3,0.6597138896657189,0.02473167258939215,3,,,0,1.095819269446561,0.027042225330548994,3,42.43543333333333,2.6054818217238314,3,,,0,,,0,3,3,0,1.0,True,14.0
jannis,41168,vime,100,0.5006269779662028,0.02252922704170381,3,0.31817627342029925,0.02073215353469715,3,0.3081413914758461,0.026210280311422682,3,0.3081413914758461,0.026210280311422682,3,0.6382156803349496,0.022682491828754134,3,,,0,1.1042584698954407,0.04601703566584263,3,1068.8367333333333,190.1979468015976,3,,,0,,,0,3,3,0,1.0,True,15.0
jannis,41168,mlp,100,0.47069126808781675,0.08407340962064616,3,0.312509889464852,0.04227567465087989,3,0.2945236250578509,0.06842452513475616,3,0.2945236250578509,0.06842452513475616,3,0.6153656317990851,0.07528629263310206,3,,,0,1.1633107264836628,0.1372914629305549,3,1.2912666666666668,0.08907801823869518,3,,,0,,,0,3,3,0,1.0,True,16.0
jannis,41168,label_propagation,100,0.47616488525308015,0.026203333428236254,3,0.27657508156520855,0.04293216456709415,3,0.20496998366043775,0.07365875498322058,3,0.20496998366043775,0.07365875498322058,3,0.6784778064165682,0.029005908687957258,3,,,0,1.2794814765844693,0.020203296747460003,3,12.613133333333332,0.22020958955806952,3,,,0,,,0,3,3,0,1.0,True,17.0
jannis,41168,self_training_lightgbm,250,0.5299058537847575,0.023460152644722284,3,0.4413369353810049,0.016531049929160144,3,0.42050724191585614,0.01488072178137177,3,0.42050724191585614,0.01488072178137177,3,0.7036834737553948,0.009268691234616815,3,,,0,3.474103164785266,0.22304080542899826,3,40.7525,3.611156838189116,3,5353.666666666667,502.23732769810476,3,0.0802215695676496,0.007525733152992454,3,3,3,0,1.0,True,1.0
jannis,41168,self_training_xgboost,250,0.5681415576919249,0.022423841104918938,3,0.42358966729559216,0.01352535716148882,3,0.4198541973499015,0.015778566647657616,3,0.4198541973499015,0.015778566647657616,3,0.7063828315210346,0.00913705941838167,3,,,0,1.768629829088847,0.0499028580963112,3,43.1124,1.3017226240639754,3,4500.333333333333,0.5773502691895601,3,0.0674348677375529,8.651256730879191e-06,3,3,3,0,1.0,True,2.0
jannis,41168,rpl_lite_xgboost,250,0.5655540295774367,0.021595871035219472,3,0.4235214851701076,0.01438077968950397,3,0.41946101914625133,0.01680713328916983,3,0.41946101914625133,0.01680713328916983,3,0.7051442786334676,0.009292413526487403,3,,,0,1.7738945484161377,0.04298051952973645,3,55.634433333333334,2.77940541543211,3,4506.0,8.717797887081348,3,0.06751977942939337,0.00013063111194978508,3,3,3,0,1.0,True,3.0
jannis,41168,random_forest,250,0.6045858959813698,0.010188411089300712,3,0.42178421038866837,0.005760280121705824,3,0.42683295227815227,0.006260660495008419,3,0.42683295227815227,0.006260660495008419,3,0.7436588388599908,0.00761298169622916,3,,,0,0.9281142334171292,0.011123140865521427,3,2.5488999999999997,0.2574550251985772,3,,,0,,,0,3,3,0,1.0,True,4.0
jannis,41168,xgboost,250,0.5823331541967716,0.01363640375499207,3,0.4175997978754635,0.006678007348619464,3,0.4185051118826719,0.009725834794309968,3,0.4185051118826719,0.009725834794309968,3,0.7310890809732064,0.0021085744661324133,3,,,0,1.1228676239649455,0.02391198090931179,3,6.403700000000001,0.14837371734913204,3,,,0,,,0,3,3,0,1.0,True,5.0
jannis,41168,catboost,250,0.5936187575884238,0.009111996298035918,3,0.4139470085937857,0.006665221214071413,3,0.4161976014694517,0.0070372312014142634,3,0.4161976014694517,0.0070372312014142634,3,0.732674425154415,0.005629257068660209,3,,,0,0.9310208408827861,0.011798358572273127,3,14.312333333333333,0.24362287112119288,3,,,0,,,0,3,3,0,1.0,True,6.0
jannis,41168,lightgbm,250,0.567007026134034,0.01403812229739401,3,0.41096725701052633,0.005714199362116998,3,0.4116812744853757,0.00567023842739483,3,0.4116812744853757,0.00567023842739483,3,0.7171543478008237,0.005082712302363087,3,,,0,2.0712850935244145,0.11657386411311929,3,6.313266666666666,0.43697563242511894,3,,,0,,,0,3,3,0,1.0,True,7.0
jannis,41168,self_training_catboost,250,0.5924046097808563,0.007278766222216505,3,0.407112681394993,0.002314028789015922,3,0.41050263675340154,0.004040041277577019,3,0.41050263675340154,0.004040041277577019,3,0.7292754283240693,0.005724012297030348,3,,,0,0.9520349695589246,0.013788206368099139,3,9.7032,0.5384235971797678,3,0.0,0.0,3,0.0,0.0,3,3,3,0,1.0,True,8.0
jannis,41168,scarf,250,0.5583487589817082,0.019143072860419545,3,0.3952120824988707,0.010993858199719169,3,0.39514794817986765,0.01151142792715758,3,0.39514794817986765,0.01151142792715758,3,0.7136348490966301,0.010666054659357776,3,,,0,1.0184303150748404,0.012797802775201428,3,509.1538666666667,106.72597514711835,3,,,0,,,0,3,3,0,1.0,True,9.0
jannis,41168,vime,250,0.5588065524173484,0.006261053714909067,3,0.3932291161552984,0.005000065511500383,3,0.3931872399909498,0.0037368316988542916,3,0.3931872399909498,0.0037368316988542916,3,0.709513024890961,0.0022065867933407693,3,,,0,1.0218235568944134,0.030945313819169186,3,986.7869000000001,203.6972885213006,3,,,0,,,0,3,3,0,1.0,True,10.0
jannis,41168,sslae,250,0.5527358133795107,0.008001507361039143,3,0.381616264262657,0.00569298496085908,3,0.38033137606894485,0.009335483440876606,3,0.38033137606894485,0.009335483440876606,3,0.6882159550847934,0.00217549331696534,3,,,0,1.0210485488965335,0.006074110825263642,3,75.3947,29.54576578801098,3,,,0,,,0,3,3,0,1.0,True,11.0
jannis,41168,logistic_regression,250,0.497939929539619,0.017229113251966636,3,0.37258156777500534,0.015449704050031227,3,0.36938991599748333,0.013033555438639974,3,0.36938991599748333,0.013033555438639974,3,0.6576165661511265,0.014069499852240656,3,,,0,1.6150435209274292,0.10114827632154527,3,1.1424333333333332,0.18984078416750538,3,,,0,,,0,3,3,0,1.0,True,12.0
jannis,41168,label_spreading,250,0.5136840429131585,0.021731490156817926,3,0.36768692380915885,0.019135710911176895,3,0.36628711436077505,0.016335811121538372,3,0.36628711436077505,0.016335811121538372,3,0.6724415553201913,0.018472377336375335,3,,,0,1.1383889046088767,0.027627401733227742,3,11.078000000000001,0.6053349403429473,3,,,0,,,0,3,3,0,1.0,True,13.0
jannis,41168,self_training_lr,250,0.4585497900121414,0.027828078872904092,3,0.3667201054775015,0.025824209166350566,3,0.35483085793638797,0.020383655474395166,3,0.35483085793638797,0.020383655474395166,3,0.6383870944733064,0.022542218362135203,3,,,0,2.6164263089497886,0.28418410513442166,3,1.7052666666666667,0.16000704151172004,3,9108.333333333334,989.6915344355199,3,0.13648305762007507,0.014829949868669395,3,3,3,0,1.0,True,14.0
jannis,41168,rpl_lr,250,0.49364065205708485,0.019800420837168042,3,0.3666904010490833,0.018535174596348757,3,0.36269110745757893,0.01485552682128264,3,0.36269110745757893,0.01485552682128264,3,0.6494626507865898,0.013152870848747476,3,,,0,5.869173526763916,0.20470834206272395,3,3.1329333333333333,0.14078942905393635,3,,,0,,,0,3,3,0,1.0,True,15.0
jannis,41168,mlp,250,0.5038315320156844,0.031511424929375434,3,0.32242766561421415,0.01779173977402212,3,0.31156233465831595,0.01967504971137343,3,0.31156233465831595,0.01967504971137343,3,0.6455999551857503,0.04421236326470318,3,,,0,1.100572109222412,0.09291652052696271,3,1.2829666666666668,0.19320539157418287,3,,,0,,,0,3,3,0,1.0,True,16.0
jannis,41168,label_propagation,250,0.4670886327899524,0.0012977387641729752,3,0.27761623999800084,0.03334281788489917,3,0.20476597852798184,0.04329534797849312,3,0.20476597852798184,0.04329534797849312,3,0.7063969696389444,0.012725486013853054,3,,,0,1.0824647938945435,0.003703895617026959,3,12.5627,0.18357744959553216,3,,,0,,,0,3,3,0,1.0,True,17.0
jannis,41168,self_training_lightgbm,500,0.5792281204593858,0.011946367857038846,3,0.4477648649665075,0.007760739571011317,3,0.4410461002399279,0.006145791796771428,3,0.4410461002399279,0.006145791796771428,3,0.733657371807159,0.004079743348544521,3,,,0,2.897374400569771,0.13531090639058974,3,47.571666666666665,2.1275259489212672,3,4954.666666666667,396.6740895664014,3,0.07452195449668597,0.005966279962193521,3,3,3,0,1.0,True,1.0
jannis,41168,rpl_lite_xgboost,500,0.6023964491152644,0.008530556997464678,3,0.44410351483855853,0.004236064293644138,3,0.44200598178272354,0.00544520708489369,3,0.44200598178272354,0.00544520708489369,3,0.7414373657911856,0.014408978974637726,3,,,0,1.5264760653177898,0.0703139314557467,3,64.46196666666667,4.6236120580487015,3,4500.0,0.0,3,0.06768342207382,0.0,3,3,3,0,1.0,True,2.0
jannis,41168,self_training_xgboost,500,0.6017396150554328,0.008577242262859113,3,0.4434615839802389,0.004981324122396386,3,0.4418251114258382,0.006060918090627545,3,0.4418251114258382,0.006060918090627545,3,0.7410678374112493,0.014127990733923583,3,,,0,1.5264908075332642,0.06845751530014113,3,55.63956666666667,1.5485311922377705,3,4500.0,0.0,3,0.06768342207382,0.0,3,3,3,0,1.0,True,3.0
jannis,41168,xgboost,500,0.610178937521148,0.004064524562938997,3,0.4348022018904185,0.00540155294280653,3,0.43706240814532643,0.003617333740647737,3,0.43706240814532643,0.003617333740647737,3,0.7597400366599191,0.002997016485174195,3,,,0,1.049513300259908,0.02390109719627831,3,9.282433333333334,0.1352074455543528,3,,,0,,,0,3,3,0,1.0,True,4.0
jannis,41168,catboost,500,0.6165283334328536,0.0054931966953397915,3,0.4316232086883876,0.00539258713478261,3,0.4355375543589865,0.0035412490818360204,3,0.4355375543589865,0.0035412490818360204,3,0.7635157320195409,0.0053154692159949465,3,,,0,0.8822699090144619,0.011470104696428972,3,17.298233333333332,0.2637006320305932,3,,,0,,,0,3,3,0,1.0,True,5.0
jannis,41168,random_forest,500,0.620568858103939,0.00330653147974796,3,0.4295835726225425,0.002899059794012215,3,0.43575511707954123,0.0035368796910243126,3,0.43575511707954123,0.0035368796910243126,3,0.7668507296056083,0.0028908587346887704,3,,,0,0.8935624950193194,0.003868710463452493,3,2.4655,0.5054652905986721,3,,,0,,,0,3,3,0,1.0,True,6.0
jannis,41168,lightgbm,500,0.5963257100774269,0.0027469769538262245,3,0.4293386205760059,0.005876909552747087,3,0.4322363728749248,0.00410918417223127,3,0.4322363728749248,0.00410918417223127,3,0.7494062196393364,0.0041781800863533785,3,,,0,1.916173615316869,0.038296232411959376,3,8.9413,0.540289514982476,3,,,0,,,0,3,3,0,1.0,True,7.0
jannis,41168,self_training_catboost,500,0.6170458390557513,0.003956505075583521,3,0.42449129802767943,0.0028990536206939923,3,0.4302554746087693,0.0037891955274312328,3,0.4302554746087693,0.0037891955274312328,3,0.7506117531296791,0.0034302418591348836,3,,,0,0.8933066783183733,0.00701626243508484,3,11.601999999999999,0.6957691643066686,3,0.0,0.0,3,0.0,0.0,3,3,3,0,1.0,True,8.0
jannis,41168,self_training_lr,500,0.5190382357039072,0.027643346334046942,3,0.40954761016837177,0.0213881308051204,3,0.39886936747737045,0.02126965902238281,3,0.39886936747737045,0.02126965902238281,3,0.6943649129725716,0.019401868281325497,3,,,0,1.778606732686361,0.1850094303138113,3,1.7163000000000002,0.09517725568642955,3,7893.666666666667,421.28414797299627,3,0.11872674949112089,0.006336433955614699,3,3,3,0,1.0,True,9.0
jannis,41168,logistic_regression,500,0.5562190243028602,0.023814684589284,3,0.4083754656408514,0.017991947271040774,3,0.40995565061858347,0.017805622747644956,3,0.40995565061858347,0.017805622747644956,3,0.7160157189558887,0.016490112730815666,3,,,0,1.0926333665847778,0.07175744324832176,3,1.2242666666666666,0.2621560858216595,3,,,0,,,0,3,3,0,1.0,True,10.0
jannis,41168,scarf,500,0.5857964610577019,0.007198559471358119,3,0.4059881059985164,0.011637023292688101,3,0.40846763122251945,0.011901802081731156,3,0.40846763122251945,0.011901802081731156,3,0.744756018117308,0.010723860639608968,3,,,0,0.9268580664554893,0.008490917325959819,3,483.25489999999996,41.237964417633414,3,,,0,,,0,3,3,0,1.0,True,11.0
jannis,41168,vime,500,0.587647538862682,0.002144934022578878,3,0.4041659118377552,0.013688128161919114,3,0.4044167718982627,0.013909857429199405,3,0.4044167718982627,0.013909857429199405,3,0.7459619844222151,0.002784930421500795,3,,,0,0.9208814275211147,0.0014726021897040718,3,948.0763666666667,120.85030682602068,3,,,0,,,0,3,3,0,1.0,True,12.0
jannis,41168,rpl_lr,500,0.5459883362194223,0.022455302399216285,3,0.40200311298301616,0.018100190328187136,3,0.39943497781069115,0.01635078024626825,3,0.39943497781069115,0.01635078024626825,3,0.7103741436890262,0.01709575930812924,3,,,0,4.181070804595947,0.30387310450094585,3,3.062666666666667,0.10535873638827199,3,,,0,,,0,3,3,0,1.0,True,13.0
jannis,41168,sslae,500,0.5695945542485221,0.015363447978315369,3,0.3958686924117713,0.011360136351023606,3,0.3944982264853453,0.011819864543664287,3,0.3944982264853453,0.011819864543664287,3,0.7192519970445521,0.005643788682369388,3,,,0,0.9893491051804925,0.04649029132963681,3,105.89373333333333,29.143409751834703,3,,,0,,,0,3,3,0,1.0,True,14.0
jannis,41168,label_spreading,500,0.5091658207440138,0.015211144980289143,3,0.3528271528909241,0.01010918028887869,3,0.3494293038028496,0.009636621211365885,3,0.3494293038028496,0.009636621211365885,3,0.6713026223439374,0.010377705369724405,3,,,0,1.1240256554996348,0.021555938925061517,3,11.137866666666667,0.37348211916145846,3,,,0,,,0,3,3,0,1.0,True,15.0
jannis,41168,mlp,500,0.5287315141020282,0.01477407105633742,3,0.3226725049427948,0.006048818706336368,3,0.3010056197545356,0.006666508927340317,3,0.3010056197545356,0.006666508927340317,3,0.6761916161149122,0.02564001694279526,3,,,0,1.0327508052190144,0.037526061108230424,3,1.2478666666666667,0.0263173580234288,3,,,0,,,0,3,3,0,1.0,True,16.0
jannis,41168,label_propagation,500,0.49736271172946395,0.02611180107545119,3,0.30015084982129886,0.04349637311362784,3,0.25345511605482857,0.07023667803145063,3,0.25345511605482857,0.07023667803145063,3,0.7038470918296181,0.004786224040958012,3,,,0,1.0502220273393517,0.015926007774399058,3,12.063133333333333,0.2644560896128757,3,,,0,,,0,3,3,0,1.0,True,17.0
phoneme,1489,rpl_lite_xgboost,50,0.7465309898242368,0.0009250693802035637,3,0.711785885345269,0.027985880250139587,3,0.7028589335389214,0.015264456338398794,3,0.7028589335389214,0.015264456338398794,3,0.7953036484053709,0.03792491087540759,3,0.5685573493427346,0.056331640514614874,3,1.1190165678660076,0.047713274984963236,3,7.5408,3.375462058740995,3,1993.6666666666667,159.92602456552632,3,0.46657305562056317,0.037427106146858465,3,3,3,0,1.0,True,1.0
phoneme,1489,self_training_xgboost,50,0.7431390687634906,0.008082233994499633,3,0.6955436823184193,0.052545623966176236,3,0.6883401965770192,0.03755733887712258,3,0.6883401965770192,0.03755733887712258,3,0.7849948524837455,0.04594947818234527,3,0.5567207710576277,0.06301058574649583,3,1.122227390607198,0.05038341660910967,3,5.983433333333333,3.488164142257834,3,1881.0,230.81377775167581,3,0.4402059443014275,0.05401679797605329,3,3,3,0,1.0,True,2.0
phoneme,1489,catboost,50,0.7502312673450509,0.016830162255929888,3,0.6762597651411301,0.022390809430730095,3,0.6809476306064407,0.012597429455847532,3,0.6809476306064407,0.012597429455847532,3,0.7942273495521386,0.020843597918327097,3,0.5553654588423492,0.05969122297275059,3,0.7216776506894712,0.0726259045975691,3,2.8892666666666664,1.1960366479892384,3,,,0,,,0,3,3,0,1.0,True,3.0
phoneme,1489,random_forest,50,0.7489978415047794,0.0005340890556795196,3,0.6723110421105366,0.058188484929175735,3,0.6713876886911647,0.05378876638700833,3,0.6713876886911647,0.05378876638700833,3,0.7935054585693758,0.022722011697368146,3,0.5528209964303982,0.04637215036538267,3,0.5196858997435374,0.0703913973607876,3,2.0172666666666665,0.5502637943144482,3,,,0,,,0,3,3,0,1.0,True,4.0
phoneme,1489,scarf,50,0.7388220783225409,0.009891467735026447,3,0.6657273137672662,0.03720314795371692,3,0.6683478032366571,0.024698834364182683,3,0.6683478032366571,0.024698834364182683,3,0.7693513578982719,0.0180526141799941,3,0.5453207417064049,0.027074540412864435,3,0.669982945793326,0.10887969986834731,3,38.533566666666665,34.663139088134145,3,,,0,,,0,3,3,0,1.0,True,5.0
phoneme,1489,logistic_regression,50,0.7363552266419982,0.01757631822386678,3,0.663982113069186,0.08582991119851764,3,0.6537055983269465,0.086105313805189,3,0.6537055983269465,0.086105313805189,3,0.7680273176210216,0.012358964015361674,3,0.505624928080248,0.013868699737914462,3,0.5374140938123068,0.013510294274775653,3,0.08833333333333333,0.03397445118516758,3,,,0,,,0,3,3,0,1.0,True,6.0
phoneme,1489,xgboost,50,0.7363552266419982,0.01604935390647309,3,0.662136439460254,0.07569928939635089,3,0.6577418393133235,0.07378221445840584,3,0.6577418393133235,0.07378221445840584,3,0.7737728541463657,0.052876178785884055,3,0.5373627343180725,0.061689684504277746,3,0.6469907164573669,0.04497729981003534,3,1.5303333333333333,0.7918626227656747,3,,,0,,,0,3,3,0,1.0,True,7.0
phoneme,1489,label_spreading,50,0.7246376811594203,0.021101587555874976,3,0.659076144703013,0.0473565794649983,3,0.6551737771935652,0.026810826363059957,3,0.6551737771935652,0.026810826363059957,3,0.7604787740653266,0.03110599175624479,3,0.49689012369991087,0.058617964843154576,3,1.1020018555658415,0.1458350731346184,3,2.5028,0.4281035038399012,3,,,0,,,0,3,3,0,1.0,True,8.0
phoneme,1489,self_training_catboost,50,0.7375886524822696,0.0019256854759168494,3,0.6525502226920133,0.04734165690896592,3,0.6543570034691597,0.04540225413965516,3,0.6543570034691597,0.04540225413965516,3,0.800585357931304,0.018985084696365194,3,0.5630417739577749,0.049389973056893494,3,0.49255721023074867,0.019832772420929276,3,1.1462,0.7970304322922683,3,0.0,0.0,3,0.0,0.0,3,3,3,0,1.0,True,9.0
phoneme,1489,rpl_lr,50,0.7317298797409806,0.024631872258453952,3,0.6422531256709664,0.11604759546135694,3,0.6149672550978166,0.14943900478022792,3,0.6149672550978166,0.14943900478022792,3,0.756222438766578,0.02837681016069298,3,0.4985872189848261,0.004576691675390753,3,1.6508392492930095,0.15045429073652805,3,0.9055666666666667,0.45829837806098905,3,,,0,,,0,3,3,0,1.0,True,10.0
phoneme,1489,vime,50,0.7372802960222016,0.011591086111139359,3,0.6409504186830066,0.0930543324529221,3,0.6236638362889543,0.11377942299874258,3,0.6236638362889543,0.11377942299874258,3,0.7389878937024129,0.06836704845920445,3,0.5262622353966266,0.023651358568639175,3,0.5939914683315896,0.06632836422401625,3,23.63276666666667,5.306702070338349,3,,,0,,,0,3,3,0,1.0,True,11.0
phoneme,1489,sslae,50,0.7243293246993524,0.02410511419203588,3,0.639478421721968,0.07079411871778918,3,0.6285197610412722,0.0673464123407646,3,0.6285197610412722,0.0673464123407646,3,0.7490709696599337,0.038168723980573666,3,0.5306959169914536,0.020256496725625125,3,0.6021157693122839,0.1033055177084212,3,6.145033333333333,2.6616083658820533,3,,,0,,,0,3,3,0,1.0,True,12.0
phoneme,1489,self_training_lr,50,0.7215541165587419,0.020033679766612147,3,0.6341313359869193,0.09023317508743645,3,0.6246544525253707,0.08259725712981182,3,0.6246544525253707,0.08259725712981182,3,0.7739896278923811,0.01537952264174504,3,0.5099768861724788,0.01654919073603984,3,0.8739850918451945,0.09649358549215707,3,0.17056666666666667,0.04192282592256077,3,2129.3333333333335,11.547005383792483,3,0.4983228020906467,0.0027023181333472035,3,3,3,0,1.0,True,13.0
phoneme,1489,label_propagation,50,0.7187789084181313,0.02701772778262767,3,0.6269385766429386,0.053594413493904695,3,0.620283715720188,0.03657297095407929,3,0.620283715720188,0.03657297095407929,3,0.7599399364680882,0.04369129587056245,3,0.5014569932283195,0.07986007644652508,3,0.6860445396204627,0.10646174077144899,3,2.8120999999999996,0.7815072424488462,3,,,0,,,0,3,3,0,1.0,True,14.0
phoneme,1489,mlp,50,0.7008942337341968,0.007867623078737658,3,0.5223098034034166,0.02696988574167945,3,0.4742345231998544,0.06712147919895206,3,0.4742345231998544,0.06712147919895206,3,0.6265091581746413,0.07911361304308265,3,0.39884098757372555,0.06953929773071282,3,0.6434852679570516,0.018058506797084425,3,0.26686666666666664,0.0824770473121664,3,,,0,,,0,3,3,0,1.0,True,15.0
phoneme,1489,lightgbm,50,0.7067530064754856,0.0,3,0.5,0.0,3,0.41409214092140917,0.0,3,0.41409214092140917,0.0,3,0.5482400724506031,0.08355425644524823,3,0.32189173664017295,0.04961415044607965,3,0.5954881329286347,0.01672184409292797,3,0.5183333333333334,0.45780240643025605,3,,,0,,,0,3,3,0,1.0,True,16.5
phoneme,1489,self_training_lightgbm,50,0.7067530064754856,0.0,3,0.5,0.0,3,0.41409214092140917,0.0,3,0.41409214092140917,0.0,3,0.5482400724506031,0.08355425644524823,3,0.32189173664017295,0.04961415044607965,3,0.5954881329286347,0.01672184409292797,3,0.3075333333333334,0.15320709296025864,3,0.0,0.0,3,0.0,0.0,3,3,3,0,1.0,True,16.5
phoneme,1489,rpl_lite_xgboost,100,0.7718162195497996,0.005652267277158061,3,0.7429015200312704,0.016027398840238773,3,0.7337969913052337,0.010788771994437812,3,0.7337969913052337,0.010788771994437812,3,0.8285312787311234,0.022841247296966297,3,0.60863787150921,0.06740464049960238,3,0.9353115757306417,0.15578950201842937,3,9.209666666666665,0.9259778957044996,3,2045.6666666666667,28.290163190291644,3,0.4844107664377615,0.006699067769427374,3,3,3,0,1.0,True,1.0
phoneme,1489,self_training_lightgbm,100,0.7699660807893925,0.006159415465753379,3,0.7406697827032444,0.012711423102897086,3,0.7315670492642551,0.0063266884655735975,3,0.7315670492642551,0.0063266884655735975,3,0.8335273974488139,0.020037265322856455,3,0.6093120907886161,0.06776800709217427,3,1.9203298196328416,0.33807957665638233,3,7.166033333333334,2.098898173645719,3,2037.6666666666667,23.54428451521374,3,0.4825163785618439,0.005575250891596932,3,3,3,0,1.0,True,2.0
phoneme,1489,self_training_xgboost,100,0.7702744372494603,0.004563258892059522,3,0.7375041978407958,0.018929777735740835,3,0.7301340197842907,0.012204288980873721,3,0.7301340197842907,0.012204288980873721,3,0.8245674159468401,0.02371168052937662,3,0.5997466395130028,0.06817078034891128,3,0.9219597180684408,0.17898699881333271,3,5.830099999999999,0.4348529521573929,3,2002.0,57.23635208501674,3,0.4740705659483779,0.013553481431450838,3,3,3,0,1.0,True,3.0
phoneme,1489,lightgbm,100,0.7705827937095281,0.012237517627495772,3,0.7201884486432029,0.01986457901936717,3,0.7211044662863139,0.016208945937143258,3,0.7211044662863139,0.016208945937143258,3,0.8067548075599671,0.00700665957059375,3,0.5898668255242414,0.05251042252273235,3,0.6443292941507571,0.07543962007193648,3,0.6850333333333333,0.08237744432387623,3,,,0,,,0,3,3,0,1.0,True,4.0
phoneme,1489,scarf,100,0.7733580018501387,0.009388428829872564,3,0.7184604522106793,0.02783305031952594,3,0.721261824330169,0.02067697309511079,3,0.721261824330169,0.02067697309511079,3,0.7904547982008467,0.007864987486498094,3,0.5748362709885094,0.04979765192531384,3,0.514508697834692,0.040057007121776796,3,44.46096666666667,39.3154681079004,3,,,0,,,0,3,3,0,1.0,True,5.0
phoneme,1489,vime,100,0.7721245760098675,0.009312160882233397,3,0.7123584433029988,0.025610862620564733,3,0.7161954294239884,0.015039726666816525,3,0.7161954294239884,0.015039726666816525,3,0.7985917276385838,0.021315452398378298,3,0.5817666894904705,0.05567394758529313,3,0.5338385918990444,0.04016809651553387,3,20.87,2.6077046861176583,3,,,0,,,0,3,3,0,1.0,True,6.0
phoneme,1489,sslae,100,0.7718162195497995,0.011713487458046613,3,0.6970672920761282,0.04542724647852327,3,0.7044793734972914,0.03496892498383238,3,0.7044793734972914,0.03496892498383238,3,0.8068263773046834,0.016417009442096,3,0.5851739494824642,0.04389239999830138,3,0.49925738301132666,0.01923867537115687,3,5.551933333333333,2.771531247042568,3,,,0,,,0,3,3,0,1.0,True,7.0
phoneme,1489,catboost,100,0.761332099907493,0.005150568328242394,3,0.6964176590087039,0.031141891163528307,3,0.7008616405643134,0.024208694602570382,3,0.7008616405643134,0.024208694602570382,3,0.8312199613523378,0.012068253643986586,3,0.5965451686625692,0.057604699400860736,3,0.7377705130707977,0.15291036514939693,3,2.7157,1.4254232038240433,3,,,0,,,0,3,3,0,1.0,True,8.0
phoneme,1489,xgboost,100,0.761640456367561,0.023280402205583535,3,0.6947901354870322,0.04199010459218735,3,0.7002806282374122,0.03922915026727885,3,0.7002806282374122,0.03922915026727885,3,0.8165894539228478,0.019845026901935882,3,0.5932294560144834,0.07677187697141516,3,0.595026950041453,0.08222173310628443,3,1.3231,0.6127386310654812,3,,,0,,,0,3,3,0,1.0,True,9.0
phoneme,1489,rpl_lr,100,0.7585568917668826,0.012445535658717598,3,0.6932238591507424,0.03516816886213503,3,0.6978005930565446,0.027879899930075922,3,0.6978005930565446,0.027879899930075922,3,0.7903790994323968,0.019527621491885482,3,0.5622240413033214,0.045309611069330895,3,1.2893460194269817,0.14921575574971846,3,0.7847666666666667,0.5269215627902634,3,,,0,,,0,3,3,0,1.0,True,10.0
phoneme,1489,label_spreading,100,0.7508479802651866,0.021543063181879245,3,0.6917690664552607,0.0330504605418259,3,0.694277461709118,0.030780542247078196,3,0.694277461709118,0.030780542247078196,3,0.8118355712641968,0.02830945472187878,3,0.5608079930931241,0.0417389541983252,3,1.2328167725399135,0.3810659281583469,3,1.5580666666666667,0.1886128397891653,3,,,0,,,0,3,3,0,1.0,True,11.0
phoneme,1489,random_forest,100,0.7650323774283071,0.011367442856100349,3,0.6894994797430095,0.03223288857098543,3,0.6977219007825565,0.02852439254883214,3,0.6977219007825565,0.02852439254883214,3,0.8309095964016935,0.01849371965141387,3,0.6035215452656574,0.054632282612546115,3,0.478363605036986,0.037508790078223594,3,2.939766666666667,2.0956584939663556,3,,,0,,,0,3,3,0,1.0,True,12.0
phoneme,1489,logistic_regression,100,0.7526981190255936,0.019543573083553274,3,0.6853876602749379,0.04129187246612348,3,0.6899568949007454,0.03561690854178026,3,0.6899568949007454,0.03561690854178026,3,0.7894789722584657,0.010559060396230809,3,0.5567858313193991,0.038324049821694024,3,0.511310080687205,0.023785331877237387,3,0.09343333333333333,0.020185225620075024,3,,,0,,,0,3,3,0,1.0,True,13.0
phoneme,1489,self_training_lr,100,0.7499229108849831,0.02104066865153498,3,0.6825014726851316,0.049005300062894205,3,0.6858243186125002,0.04322655169761758,3,0.6858243186125002,0.04322655169761758,3,0.7948109182398246,0.011095211787665971,3,0.5594504733919337,0.0346149477850879,3,0.78624560435613,0.06514500292499474,3,0.1612,0.02345975276937077,3,2111.0,0.0,3,0.4998816007577552,0.0,3,3,3,0,1.0,True,14.0
phoneme,1489,self_training_catboost,100,0.7542399013259328,0.008545424890873258,3,0.662177041526968,0.01616451149612268,3,0.6733111732879332,0.015430846090093498,3,0.6733111732879332,0.015430846090093498,3,0.8387629995430547,0.012221150043474405,3,0.6140017726696174,0.047975484575453343,3,0.4624796583538045,0.03227174343182414,3,2.561033333333333,1.626518322470833,3,0.0,0.0,3,0.0,0.0,3,3,3,0,1.0,True,15.0
phoneme,1489,label_propagation,100,0.7471477027443725,0.01736405578205493,3,0.6550063036429,0.05361894220882728,3,0.6596368704422136,0.053371521701148325,3,0.6596368704422136,0.053371521701148325,3,0.813653718048238,0.03490573305007989,3,0.5879226903096321,0.05998048755285361,3,0.5468406246983103,0.053965431922560515,3,2.6473333333333335,0.879203829230363,3,,,0,,,0,3,3,0,1.0,True,16.0
phoneme,1489,mlp,100,0.6321307431390688,0.13175122909729428,3,0.4868896614751074,0.08819352697123072,3,0.46626116173809357,0.07884965914098593,3,0.46626116173809357,0.07884965914098593,3,0.5773696467207293,0.21396176053355678,3,0.380797407146446,0.1702819017095985,3,0.6196300586064657,0.08830582367453892,3,0.3699333333333333,0.13193120682133297,3,,,0,,,0,3,3,0,1.0,True,17.0
phoneme,1489,self_training_lightgbm,250,0.810977489978415,0.008342737748053438,3,0.7838339086439735,0.013829517849607884,3,0.7770445773940798,0.01129150156109806,3,0.7770445773940798,0.01129150156109806,3,0.8750942793752512,0.00888934443632855,3,0.7071505433003934,0.038416022946739244,3,1.3472009098223137,0.0786503183233282,3,15.2281,6.707845016844083,3,1989.0,0.0,3,0.4883378345200098,0.0,3,3,3,0,1.0,True,1.0
phoneme,1489,rpl_lite_xgboost,250,0.7989515880357693,0.011749959224950753,3,0.7734803816319004,0.014399917782507439,3,0.7647024702916703,0.013627564368619819,3,0.7647024702916703,0.013627564368619819,3,0.8662285772485286,0.011859122296799163,3,0.6935405778930334,0.03642452567433103,3,0.6968722144762675,0.053945199727928494,3,7.5500333333333325,0.4445370325780893,3,1989.0,0.0,3,0.4883378345200098,0.0,3,3,3,0,1.0,True,2.0
phoneme,1489,self_training_xgboost,250,0.7989515880357693,0.007758091659210068,3,0.7725575448274343,0.009714828237984348,3,0.7643213670318888,0.009152212356195767,3,0.7643213670318888,0.009152212356195767,3,0.8641213988031337,0.013922428263359099,3,0.688496955519,0.03627380171696139,3,0.7009871006011963,0.06512248577510941,3,9.143466666666667,2.312708231345522,3,1976.0,22.516660498395403,3,0.4851460839675914,0.005528274121874633,3,3,3,0,1.0,True,3.0
phoneme,1489,catboost,250,0.8051187172371262,0.011304534554315923,3,0.7553876878017628,0.015451609303639797,3,0.7600730334657554,0.013017027193798488,3,0.7600730334657554,0.013017027193798488,3,0.8781690257155598,0.007981360155585036,3,0.7054014537248742,0.03804608514568574,3,0.49728270801699215,0.03393971058636393,3,3.5842333333333336,1.0973994821091058,3,,,0,,,0,3,3,0,1.0,True,4.0
phoneme,1489,lightgbm,250,0.7980265186555658,0.005576053444349362,3,0.7512930725992479,0.011569509458629681,3,0.7537125272027435,0.008504945960241766,3,0.7537125272027435,0.008504945960241766,3,0.8583923783727242,0.008865583513581967,3,0.6849002549189288,0.037700338188993855,3,0.7782792944380286,0.0435778384358296,3,2.2685,1.091366001852724,3,,,0,,,0,3,3,0,1.0,True,5.0
phoneme,1489,xgboost,250,0.8017267961763799,0.00834273774805345,3,0.749604301892194,0.017082908243252787,3,0.7549423354949126,0.013198279384503497,3,0.7549423354949126,0.013198279384503497,3,0.8648639349045645,0.0066605188717315505,3,0.6938583539452209,0.027889254483041314,3,0.5097437699635824,0.023501147502196434,3,1.109,0.19472644915367812,3,,,0,,,0,3,3,0,1.0,True,6.0
phoneme,1489,random_forest,250,0.8008017267961763,0.007534253298100875,3,0.7397214835857543,0.0163856232591664,3,0.7487121690668938,0.009518132087764846,3,0.7487121690668938,0.009518132087764846,3,0.8759173314394878,0.004589286050884992,3,0.7093391709767215,0.026319844027223017,3,0.43567111513105233,0.03402945654162125,3,2.1061666666666667,0.5142081517569836,3,,,0,,,0,3,3,0,1.0,True,7.0
phoneme,1489,sslae,250,0.7795251310514955,0.010397604255373016,3,0.7354355569502481,0.04108858437249627,3,0.7321795641891292,0.02656317519022096,3,0.7321795641891292,0.02656317519022096,3,0.8523048210481114,0.006501470092299731,3,0.6533434544227879,0.02412451678944259,3,0.45453819542700113,0.03798748722421428,3,10.441666666666668,3.7646473331951475,3,,,0,,,0,3,3,0,1.0,True,8.0
phoneme,1489,self_training_catboost,250,0.7958680234350909,0.012073248196393428,3,0.7325397349717301,0.024939518204122484,3,0.7417989026688212,0.020764105760664862,3,0.7417989026688212,0.020764105760664862,3,0.8704807835235436,0.011772663461697284,3,0.6884818004857404,0.044077207973134046,3,0.4044303333585122,0.019585930184890677,3,5.728633333333334,2.5308257651077706,3,711.6666666666666,66.39528095680697,3,0.1747278828054668,0.016301321128604707,3,3,3,0,1.0,True,9.0
phoneme,1489,label_spreading,250,0.7782917052112243,0.007477246779514164,3,0.7161062205118888,0.015321356999298574,3,0.722919003648563,0.013334144555967905,3,0.722919003648563,0.013334144555967905,3,0.8504976849940267,0.008313317705666269,3,0.6563308067103497,0.019380211656787643,3,0.6237453777819096,0.11786775516922386,3,1.9156333333333333,0.440166529092494,3,,,0,,,0,3,3,0,1.0,True,10.0
phoneme,1489,scarf,250,0.7816836262719704,0.009790014101996617,3,0.7071242175500024,0.04264995558368899,3,0.7159876775709041,0.03541631473713615,3,0.7159876775709041,0.03541631473713615,3,0.8359814138878336,0.010384338174543739,3,0.6402470753363728,0.01137567719285986,3,0.46648638111939694,0.01665237102267908,3,41.6274,35.558318407511905,3,,,0,,,0,3,3,0,1.0,True,11.0
phoneme,1489,vime,250,0.7739747147702745,0.02010474660832933,3,0.6955182200053952,0.07308602531353248,3,0.7002961711841328,0.056405113971802874,3,0.7002961711841328,0.056405113971802874,3,0.8154931981215695,0.034702418555778436,3,0.6212080673122403,0.042452532500222115,3,0.4706104158880946,0.030352078500011405,3,24.757733333333334,4.475803085853234,3,,,0,,,0,3,3,0,1.0,True,12.0
phoneme,1489,label_propagation,250,0.7693493678692569,0.0029736820107902967,3,0.6765577430205735,0.017474726069514463,3,0.689991204522697,0.014429003644203768,3,0.689991204522697,0.014429003644203768,3,0.8442931386636277,0.014075449065839298,3,0.6296125466756821,0.013051584523410082,3,0.4893792312823255,0.025275721991927513,3,2.4299,1.01026497514266,3,,,0,,,0,3,3,0,1.0,True,13.0
phoneme,1489,logistic_regression,250,0.7403638606228801,0.008082233994499583,3,0.6560516348181302,0.024407836491554553,3,0.6638674966312168,0.02210740183291655,3,0.6638674966312168,0.02210740183291655,3,0.8059950671929795,0.009906496319826954,3,0.5889597150967754,0.009193081552149387,3,0.4787563383579254,0.007597317031251131,3,0.08116666666666666,0.0037098966742125494,3,,,0,,,0,3,3,0,1.0,True,14.0
phoneme,1489,rpl_lr,250,0.7434474252235583,0.010147692057911996,3,0.6490047676460712,0.038285680812261545,3,0.6569607031503516,0.03575401601258206,3,0.6569607031503516,0.03575401601258206,3,0.8051376065976296,0.011063286137987242,3,0.5976801300735574,0.010758551517460219,3,0.7619043389956156,0.046604333752547814,3,1.5740333333333334,0.6941224987949413,3,,,0,,,0,3,3,0,1.0,True,15.0
phoneme,1489,self_training_lr,250,0.730804810360777,0.01620852494721116,3,0.640368226336565,0.038540673307521256,3,0.6468935112580613,0.03634839057493771,3,0.6468935112580613,0.03634839057493771,3,0.7970915156820322,0.013839726276230204,3,0.5694792750225971,0.016704875846776594,3,0.5896011590957642,0.016277221390377475,3,0.15073333333333336,0.023513046024140165,3,1834.0,73.7360156233031,3,0.45028234716425236,0.01810361296913897,3,3,3,0,1.0,True,16.0
phoneme,1489,mlp,250,0.7341967314215232,0.01373138703559188,3,0.5769388519111874,0.0337665172913815,3,0.5661297895047274,0.050214211058777006,3,0.5661297895047274,0.050214211058777006,3,0.7957358195561574,0.0063341381860243144,3,0.5984056966929546,0.011377301218023736,3,0.5405634442965189,0.028188666638256716,3,0.3533,0.030012663993721034,3,,,0,,,0,3,3,0,1.0,True,17.0
phoneme,1489,self_training_lightgbm,500,0.8368794326241135,0.01072176296682927,3,0.8000052300967292,0.01998551236057293,3,0.8017573847021695,0.015725735959320076,3,0.8017573847021695,0.015725735959320076,3,0.9004905280195551,0.006890552613072637,3,0.7675227281052853,0.008206050972091077,3,1.02971819700499,0.017310605641706747,3,13.688266666666665,3.4801230097991263,3,1867.0,0.0,3,0.4883599267590897,0.0,3,3,3,0,1.0,True,1.0
phoneme,1489,self_training_xgboost,500,0.8331791551032994,0.008984768599650611,3,0.7989254903903854,0.010834975721586003,3,0.798830286506929,0.010730760586748357,3,0.798830286506929,0.010730760586748357,3,0.8972974163322158,0.010589069808453849,3,0.7570148089680134,0.021267648518447615,3,0.5180726051330566,0.018507037408992556,3,7.6295,0.38277842154437036,3,1867.0,0.0,3,0.4883599267590897,0.0,3,3,3,0,1.0,True,2.0
phoneme,1489,rpl_lite_xgboost,500,0.831945729263028,0.014694730258950224,3,0.7958996041642581,0.018956855688102632,3,0.7966876196169953,0.0183025044819247,3,0.7966876196169953,0.0183025044819247,3,0.8979484257408844,0.011982521729283163,3,0.758782767816898,0.02202311229313022,3,0.515203595161438,0.024735464418337853,3,9.498266666666668,0.7832976467048357,3,1867.0,0.0,3,0.4883599267590897,0.0,3,3,3,0,1.0,True,3.0
phoneme,1489,lightgbm,500,0.8362627197039778,0.0018501387604070718,3,0.7915710109501709,0.0022154578793141468,3,0.7979607527289335,0.0021598153342828564,3,0.7979607527289335,0.0021598153342828564,3,0.8942818526654225,0.007272628421074807,3,0.7491263589684442,0.007998899412913122,3,0.6741778963433752,0.01294069972040376,3,4.116233333333333,0.23244591485619479,3,,,0,,,0,3,3,0,1.0,True,4.0
phoneme,1489,xgboost,500,0.8325624421831638,0.004032283944070884,3,0.7889532099030506,0.003678510607074222,3,0.7942125170601725,0.004186948979916746,3,0.7942125170601725,0.004186948979916746,3,0.8964372030543766,0.005927427974879074,3,0.7557831855417536,0.012520584195208555,3,0.4305952191352844,0.003216938688599374,3,1.8021,0.49490220246024363,3,,,0,,,0,3,3,0,1.0,True,5.0
phoneme,1489,random_forest,500,0.8344125809435706,0.004239200457868508,3,0.7887240490858342,0.0010466220006556206,3,0.7954101441624234,0.0029985016478299934,3,0.7954101441624234,0.0029985016478299934,3,0.9021724170203864,0.0031300385256324294,3,0.7652642320777935,0.007781206098121491,3,0.3864348842834378,0.020415990570358193,3,2.1805333333333334,0.06539146223577899,3,,,0,,,0,3,3,0,1.0,True,6.0
phoneme,1489,catboost,500,0.8322540857230959,0.006296817100420008,3,0.7850437125979267,0.013176945285636591,3,0.7921490831224776,0.010401317009048157,3,0.7921490831224776,0.010401317009048157,3,0.9006790867700575,0.007256545513617396,3,0.769352017382508,0.008869874937634433,3,0.40419420553356417,0.016498543507489694,3,3.4123,0.4894616532477288,3,,,0,,,0,3,3,0,1.0,True,7.0
phoneme,1489,self_training_catboost,500,0.8183780450200432,0.010641649045166367,3,0.7623072434087018,0.019408350152324387,3,0.7718422964746269,0.01684337351390355,3,0.7718422964746269,0.01684337351390355,3,0.8906221612961831,0.010874806803034206,3,0.7505081528308414,0.020577662375276473,3,0.37264622690063187,0.015646235831889774,3,5.666033333333334,1.2951821351969512,3,750.0,0.0,3,0.1961810096782631,0.0,3,3,3,0,1.0,True,8.0
phoneme,1489,vime,500,0.8032685784767191,0.006562996192967273,3,0.7596158081049983,0.029204480542735754,3,0.7600971468175378,0.017330518725064664,3,0.7600971468175378,0.017330518725064664,3,0.8758127295049025,0.01749605406906196,3,0.7131539241705284,0.03059946208849384,3,0.40121433019926583,0.020401443427880448,3,28.581266666666664,5.500541891789694,3,,,0,,,0,3,3,0,1.0,True,9.0
phoneme,1489,label_spreading,500,0.8125192722787542,0.014954493559028241,3,0.7593928408233824,0.018685548065933696,3,0.7668340592228368,0.018809025565453354,3,0.7668340592228368,0.018809025565453354,3,0.8798165061852775,0.015464564282728683,3,0.726999005087964,0.016962397023985713,3,0.4730955676190467,0.04524042605792885,3,1.5460333333333331,0.11356550239105774,3,,,0,,,0,3,3,0,1.0,True,10.0
phoneme,1489,label_propagation,500,0.7989515880357693,0.0047470873630406285,3,0.7313375008946218,0.010621970801840241,3,0.7430698757465959,0.008287191105504944,3,0.7430698757465959,0.008287191105504944,3,0.870991406125269,0.008490643671484516,3,0.7058414216070693,0.020309880669062877,3,0.42173498644713003,0.007702739829013294,3,1.8686666666666667,0.7281394120175979,3,,,0,,,0,3,3,0,1.0,True,11.0
phoneme,1489,sslae,500,0.7798334875115635,0.0361961101693133,3,0.7091990519761507,0.11570433913939564,3,0.6995346281089575,0.11642215568175826,3,0.6995346281089575,0.11642215568175826,3,0.8456736089319042,0.03843463345240912,3,0.6716539816717487,0.042064004651783476,3,0.4442242002091372,0.05796487753549666,3,8.1662,4.782202462255231,3,,,0,,,0,3,3,0,1.0,True,12.0
phoneme,1489,scarf,500,0.7819919827320382,0.02729085327989578,3,0.7036510204193988,0.07239085797919616,3,0.7101066571001096,0.06848440547118227,3,0.7101066571001096,0.06848440547118227,3,0.8510248236906865,0.03181814035042349,3,0.6831154278654169,0.037492306588541566,3,0.43608022371827615,0.04753611097495697,3,28.482466666666667,11.013132535447546,3,,,0,,,0,3,3,0,1.0,True,13.0
phoneme,1489,mlp,500,0.7588652482269503,0.012593634200840075,3,0.6654492928358685,0.059494959172990476,3,0.6704290219143677,0.06289189356142802,3,0.6704290219143677,0.06289189356142802,3,0.7985648889843152,0.04379714810488898,3,0.5915172298490151,0.03442049542540804,3,0.49548078576723736,0.06295773102788126,3,0.45766666666666667,0.09673393062071513,3,,,0,,,0,3,3,0,1.0,True,14.0
phoneme,1489,logistic_regression,500,0.7412889300030835,0.0010681781113591755,3,0.6542451869346678,0.001584880101073478,3,0.663399278648011,0.001590884838055007,3,0.663399278648011,0.001590884838055007,3,0.8068084848685043,0.012587091201167066,3,0.5780137567364495,0.01810513036638403,3,0.47643905878067017,0.01017587393283327,3,0.08246666666666667,0.012205463257629072,3,,,0,,,0,3,3,0,1.0,True,15.0
phoneme,1489,self_training_lr,500,0.72895467160037,0.007225022826925658,3,0.6359832031314516,0.008211669330281389,3,0.644316852864505,0.009022646419961932,3,0.644316852864505,0.009022646419961932,3,0.7961184424221405,0.014504367862198277,3,0.5552726801614912,0.013157798218485462,3,0.5225827892621359,0.007742085203710629,3,0.18610000000000002,0.09116929307612294,3,1492.0,64.78425734698207,3,0.3902694219199581,0.016945921356783192,3,3,3,0,1.0,True,16.0
phoneme,1489,rpl_lr,500,0.7295713845205057,0.00839386838656559,3,0.6262682984568462,0.012924125652636252,3,0.6350329088414265,0.014071294358268892,3,0.6350329088414265,0.014071294358268892,3,0.8019376132040673,0.016436668675936336,3,0.571681675311077,0.021193051652179568,3,0.5785636901855469,0.017796599376691646,3,1.6202666666666665,0.7462107566454219,3,,,0,,,0,3,3,0,1.0,True,17.0
satimage,182,label_spreading,50,0.8297045101088646,0.026266478622168812,3,0.7877195170296765,0.020191987190246685,3,0.7940005356369819,0.024567212741800667,3,0.7940005356369819,0.024567212741800667,3,0.9619479652296534,0.012385983909853241,3,,,0,0.8525729738722787,0.14106754344956737,3,4.7369666666666665,2.5078813654822936,3,,,0,,,0,3,3,0,1.0,True,1.0
satimage,182,vime,50,0.8089683773976154,0.016629357109741304,3,0.758738008315745,0.019992654608664145,3,0.7557928601918356,0.02766893971591443,3,0.7557928601918356,0.02766893971591443,3,0.9578837574261382,0.00605069124523159,3,,,0,0.5501104137142107,0.04772425294508446,3,28.665233333333333,0.1972315982121863,3,,,0,,,0,3,3,0,1.0,True,2.0
satimage,182,catboost,50,0.7996371176775532,0.03889061551790782,3,0.7582190464461519,0.03181666041259082,3,0.7600690441482936,0.04428129626265255,3,0.7600690441482936,0.04428129626265255,3,0.9416613800749838,0.009470125680703533,3,,,0,0.6266347387710854,0.0639069405219069,3,6.562866666666667,3.9303733720008505,3,,,0,,,0,3,3,0,1.0,True,3.0
satimage,182,scarf,50,0.80248833592535,0.020879815835299475,3,0.7561722772954029,0.019042043737640683,3,0.7526020850661036,0.02522306143132471,3,0.7526020850661036,0.02522306143132471,3,0.9554572547592284,0.0019326025111412772,3,,,0,0.6666185481100665,0.1446977740848027,3,33.3436,0.9314001449430828,3,,,0,,,0,3,3,0,1.0,True,4.0
satimage,182,sslae,50,0.803784344219803,0.009502489776995,3,0.7530434517956933,0.011122112110225539,3,0.7534028141449943,0.0045261620682242746,3,0.7534028141449943,0.0045261620682242746,3,0.9512862111455288,0.008224894671023917,3,,,0,0.6051173753013672,0.09095740758021008,3,19.759133333333335,9.655532323146836,3,,,0,,,0,3,3,0,1.0,True,5.0
satimage,182,label_propagation,50,0.7944530844997408,0.06217112672992883,3,0.7503268003285674,0.06740729494455916,3,0.7505702560460173,0.08110742785916182,3,0.7505702560460173,0.08110742785916182,3,0.9667018837806166,0.005806635836047744,3,,,0,0.5250493244806264,0.03659546230873153,3,3.4574,0.16662628844213037,3,,,0,,,0,3,3,0,1.0,True,6.0
satimage,182,self_training_catboost,50,0.8048211508553654,0.033464128757931616,3,0.7502038523646027,0.04092871303096488,3,0.7562562433213138,0.04701774005040228,3,0.7562562433213138,0.04701774005040228,3,0.950527869640951,0.006128858969576366,3,,,0,0.744564197836261,0.06208750082201378,3,2.1248666666666667,0.4506288531966559,3,0.0,0.0,3,0.0,0.0,3,3,3,0,1.0,True,7.0
satimage,182,random_forest,50,0.7965266977708657,0.031068538396465704,3,0.7469855608740912,0.032936009510948765,3,0.7505723418353402,0.04057459061836563,3,0.7505723418353402,0.04057459061836563,3,0.9476393932234711,0.006707917415923629,3,,,0,0.6727327358024061,0.09063853868292462,3,2.8508,0.35376451206982296,3,,,0,,,0,3,3,0,1.0,True,8.0
satimage,182,logistic_regression,50,0.7913426645930534,0.008387086411282229,3,0.7339768256096822,0.004168503467041407,3,0.7356852002185795,0.0029198944096671276,3,0.7356852002185795,0.0029198944096671276,3,0.9502140247883016,0.004212360253411092,3,,,0,0.5758776466051737,0.03149518980931671,3,0.19083333333333333,0.03138189499270772,3,,,0,,,0,3,3,0,1.0,True,9.0
satimage,182,self_training_lr,50,0.8061171591498185,0.008843298138533994,3,0.7313324643719333,0.01799101368527492,3,0.724972340288892,0.01738041425364979,3,0.724972340288892,0.01738041425364979,3,0.9491493629980513,0.008865509002138195,3,,,0,0.6948606769243876,0.054828284855589215,3,0.8265666666666668,0.14860542834409965,3,2547.0,0.0,3,0.5,0.0,3,3,3,0,1.0,True,10.0
satimage,182,rpl_lr,50,0.8076723691031623,0.015577998135113255,3,0.7220344411871872,0.019391118528357502,3,0.7072707039147651,0.018055824422872922,3,0.7072707039147651,0.018055824422872922,3,0.9528795358300902,0.0038607787325150166,3,,,0,1.1500364542007446,0.06527022065153593,3,1.0270666666666666,0.37658999367127827,3,,,0,,,0,3,3,0,1.0,True,11.0
satimage,182,xgboost,50,0.7493519958527735,0.04313663880293362,3,0.6877169283982393,0.06005774885736219,3,0.6910627968939055,0.06472491160263155,3,0.6910627968939055,0.06472491160263155,3,0.9196524643839136,0.020049124156814414,3,,,0,0.7486401995023092,0.08400680073808309,3,3.9386666666666668,1.7496820063466771,3,,,0,,,0,3,3,0,1.0,True,12.0
satimage,182,self_training_xgboost,50,0.7470191809227579,0.0324768404259851,3,0.6601881744473963,0.05284940107697199,3,0.6651897738086999,0.06663022700941836,3,0.6651897738086999,0.06663022700941836,3,0.8875326758190992,0.024651778948342706,3,,,0,1.2695936957995098,0.2651952635496229,3,12.6456,1.505493284608072,3,2140.0,73.3007503372237,3,0.42010208087946604,0.0143896251152775,3,3,3,0,1.0,True,13.0
satimage,182,rpl_lite_xgboost,50,0.7423535510627267,0.04638551106317594,3,0.6593048688520887,0.06255710117076815,3,0.6617275230438455,0.07673232935214727,3,0.6617275230438455,0.07673232935214727,3,0.887921683847866,0.020286866522952713,3,,,0,1.3101386229197185,0.22596949127111463,3,14.473066666666668,1.5849652372633714,3,2486.0,0.0,3,0.48802512760109923,0.0,3,3,3,0,1.0,True,14.0
satimage,182,self_training_lightgbm,50,0.6892172109901503,0.04932941945201779,3,0.5990189991289796,0.05622542626962574,3,0.5681636828727822,0.06331293620717689,3,0.5681636828727822,0.06331293620717689,3,0.8998789487533879,0.026256656852710364,3,,,0,1.354959360015794,0.3326761908398227,3,7.0948666666666655,10.214742402201503,3,789.3333333333334,1367.1654374410339,3,0.1549535401125507,0.26838740428759983,3,3,3,0,1.0,True,15.0
satimage,182,lightgbm,50,0.6827371695178849,0.03822147971211357,3,0.5985469111124235,0.0554084904068122,3,0.5763112366727347,0.07717251281181377,3,0.5763112366727347,0.07717251281181377,3,0.9013343455408306,0.028777445461992856,3,,,0,1.0064655187177218,0.27094166551730064,3,1.1859333333333333,0.8000177768858222,3,,,0,,,0,3,3,0,1.0,True,16.0
satimage,182,mlp,50,0.5839813374805599,0.11041169224477766,3,0.5288196527862422,0.09880755506943974,3,0.48018703611703445,0.11758865661063754,3,0.48018703611703445,0.11758865661063754,3,0.8815372482497551,0.023911010498824353,3,,,0,1.3289185365041096,0.0711759717663649,3,0.2794666666666667,0.07590825602879658,3,,,0,,,0,3,3,0,1.0,True,17.0
satimage,182,label_spreading,100,0.8413685847589424,0.016458795092159164,3,0.8081924571036257,0.025561006338425427,3,0.8125612705705972,0.022170482906786793,3,0.8125612705705972,0.022170482906786793,3,0.9723986996394492,0.003078368790833486,3,,,0,0.5526585311929179,0.07708132221778173,3,2.5520666666666667,0.7884718532283401,3,,,0,,,0,3,3,0,1.0,True,1.0
satimage,182,label_propagation,100,0.8341109383100052,0.014025660195405588,3,0.8030204286027439,0.024364113122045533,3,0.8086703435105167,0.019753311038338234,3,0.8086703435105167,0.019753311038338234,3,0.9715630843224,0.0017419846634975711,3,,,0,0.4940327297518719,0.04990512755865524,3,2.6455,0.3419778209182579,3,,,0,,,0,3,3,0,1.0,True,2.0
satimage,182,scarf,100,0.8247796785899429,0.0011878112221244102,3,0.7825530241733766,0.010329653115365873,3,0.7840644623066941,0.008166820695306587,3,0.7840644623066941,0.008166820695306587,3,0.9624966072729894,0.0024578780747452457,3,,,0,0.5231178364097521,0.049668379214799954,3,33.6256,0.5722791014880769,3,,,0,,,0,3,3,0,1.0,True,3.0
satimage,182,random_forest,100,0.8175220321410057,0.0156554368797735,3,0.7823470781368328,0.011840578030609056,3,0.785320517536841,0.011573241726637961,3,0.785320517536841,0.011573241726637961,3,0.9671218993690127,0.0026270859118956136,3,,,0,0.5249225857132956,0.02089763376307502,3,2.9286666666666665,0.35325113352023857,3,,,0,,,0,3,3,0,1.0,True,4.0
satimage,182,catboost,100,0.8154484188698806,0.01728896438118435,3,0.7813027461834027,0.004696295653657302,3,0.7825866353887679,0.010224745586609327,3,0.7825866353887679,0.010224745586609327,3,0.96005417916844,0.003915483916114086,3,,,0,0.5283614781878142,0.043928889074175144,3,7.119800000000001,0.3987322786030749,3,,,0,,,0,3,3,0,1.0,True,5.0
satimage,182,vime,100,0.8242612752721618,0.0035634336663731064,3,0.7793380821033503,0.003445007572362197,3,0.7814058482691073,0.004155976828638408,3,0.7814058482691073,0.004155976828638408,3,0.9632648094624975,0.002160065697644815,3,,,0,0.49300564644586475,0.0042824318830998005,3,28.700733333333332,1.2636594688971137,3,,,0,,,0,3,3,0,1.0,True,6.0
satimage,182,sslae,100,0.814670813893209,0.002375622444248787,3,0.7786218038602901,0.00553467525640024,3,0.780815261560706,0.004267109782142521,3,0.780815261560706,0.004267109782142521,3,0.9607529250474321,0.003540082802598038,3,,,0,0.536666929699409,0.036058605203454365,3,17.184,5.0236178039337345,3,,,0,,,0,3,3,0,1.0,True,7.0
satimage,182,self_training_catboost,100,0.8195956454121306,0.007891828588718758,3,0.7778183737135063,0.0036337259353086595,3,0.7826108633419869,0.005156713981001165,3,0.7826108633419869,0.005156713981001165,3,0.9623819615724996,0.004058750936170382,3,,,0,0.59440063115327,0.022326221288653764,3,3.8449666666666666,0.24480535805683112,3,0.0,0.0,3,0.0,0.0,3,3,3,0,1.0,True,8.0
satimage,182,lightgbm,100,0.7934162778641783,0.03085370883861899,3,0.7660256057927434,0.02112209543327111,3,0.764547490236741,0.024573475655571216,3,0.764547490236741,0.024573475655571216,3,0.946379220093804,0.011412008540302205,3,,,0,1.11826234642702,0.20235602807937766,3,4.7449666666666666,2.1081665833926255,3,,,0,,,0,3,3,0,1.0,True,9.0
satimage,182,self_training_lightgbm,100,0.8009331259720062,0.011214778461785348,3,0.7637679477776782,0.0027811564523164594,3,0.7651748828119551,0.003583047966447577,3,0.7651748828119551,0.003583047966447577,3,0.9379173616068216,0.005510637097672384,3,,,0,1.4677593882745041,0.06933993138664725,3,24.1467,4.146462503146509,3,2462.0,0.0,3,0.4881046788263283,0.0,3,3,3,0,1.0,True,10.0
satimage,182,xgboost,100,0.7897874546397098,0.020783059912287318,3,0.7606299077063549,0.0043609888600764785,3,0.7592125424413935,0.00990674283865565,3,0.7592125424413935,0.00990674283865565,3,0.9503721228585467,0.006038065932676644,3,,,0,0.627570390701294,0.06576582154318339,3,5.104933333333333,2.84935081963126,3,,,0,,,0,3,3,0,1.0,True,11.0
satimage,182,logistic_regression,100,0.8043027475375842,0.007012830097702765,3,0.7575937529272174,0.007878404024659896,3,0.761373133232909,0.007206197200264069,3,0.761373133232909,0.007206197200264069,3,0.9552526845147886,0.0006920342464080455,3,,,0,0.5471435785293579,0.006116792394509422,3,0.18800000000000003,0.011850738373620448,3,,,0,,,0,3,3,0,1.0,True,12.0
satimage,182,self_training_xgboost,100,0.7892690513219285,0.017578000863852764,3,0.7487575525381488,0.0035204804904007186,3,0.7528780126791063,0.007101697016761939,3,0.7528780126791063,0.007101697016761939,3,0.9285945933084236,0.004010944222562721,3,,,0,0.9788661201794943,0.0670672610031466,3,14.670633333333333,0.3917093990872995,3,2462.0,0.0,3,0.4881046788263283,0.0,3,3,3,0,1.0,True,13.0
satimage,182,self_training_lr,100,0.8076723691031623,0.009012617237280328,3,0.7464424728477664,0.012268429393096244,3,0.7465820847461009,0.007278872597249276,3,0.7465820847461009,0.007278872597249276,3,0.9545745601008008,0.003165638298209656,3,,,0,0.656079908212026,0.009958191726217877,3,0.7421000000000001,0.04759338189286409,3,2522.0,0.0,3,0.5,0.0,3,3,3,0,1.0,True,14.0
satimage,182,rpl_lite_xgboost,100,0.7833074131674443,0.017393570834429908,3,0.7426024295607618,0.0031078179106932857,3,0.7472234193264292,0.0073579595467195315,3,0.7472234193264292,0.0073579595467195315,3,0.9276625916227546,0.004300082855829515,3,,,0,0.9798199733098348,0.06375869914672472,3,15.182899999999998,1.6328083659756287,3,2462.0,0.0,3,0.4881046788263283,0.0,3,3,3,0,1.0,True,15.0
satimage,182,rpl_lr,100,0.8115603939865216,0.009079460802559353,3,0.7356155163223331,0.013290350916200138,3,0.7252873508821057,0.017978273850115807,3,0.7252873508821057,0.017978273850115807,3,0.9560827249653999,0.002381422664397894,3,,,0,0.9914781451225281,0.028412590180785676,3,1.0437333333333332,0.2766370968133763,3,,,0,,,0,3,3,0,1.0,True,16.0
satimage,182,mlp,100,0.668481078278901,0.2135475619592875,3,0.6213765906276015,0.17537193057533262,3,0.6116856823365207,0.19023100734570522,3,0.6116856823365207,0.19023100734570522,3,0.8880711727521757,0.11920009766932171,3,,,0,0.9651381174723307,0.5555467273790561,3,0.4104666666666667,0.04356378465346341,3,,,0,,,0,3,3,0,1.0,True,17.0
satimage,182,label_spreading,250,0.8561430793157075,0.006172048159559753,3,0.8314496966165215,0.010706888706629671,3,0.8340348949218933,0.00673095498904032,3,0.8340348949218933,0.00673095498904032,3,0.9737113143094688,0.0025455686218735034,3,,,0,0.6447236826213821,0.1819999984264296,3,1.9155333333333333,0.6244592887717608,3,,,0,,,0,3,3,0,1.0,True,1.0
satimage,182,label_propagation,250,0.8530326594090202,0.014401445705639268,3,0.8295101374468191,0.01849191426316016,3,0.833050169651009,0.01666542549561914,3,0.833050169651009,0.01666542549561914,3,0.9762237295692597,0.004668595547556671,3,,,0,0.4197947629751246,0.06006046709830288,3,3.288266666666667,0.9793135572089938,3,,,0,,,0,3,3,0,1.0,True,2.0
satimage,182,catboost,250,0.8460342146189735,0.005443234836702988,3,0.804505185795116,0.00280261664832507,3,0.8116572867001421,0.0037006258705465714,3,0.8116572867001421,0.0037006258705465714,3,0.968566123125191,0.0043778365647443584,3,,,0,0.4385448377449337,0.031598548517543026,3,7.985033333333334,1.1172960276190607,3,,,0,,,0,3,3,0,1.0,True,3.0
satimage,182,random_forest,250,0.8418869880767237,0.013698507269801704,3,0.803664349035894,0.007989992192997751,3,0.8084218147565725,0.010812560602971238,3,0.8084218147565725,0.010812560602971238,3,0.9695156641223169,0.0020180144006559327,3,,,0,0.4789501403278733,0.0269562609889301,3,2.8090999999999995,0.21365441722557488,3,,,0,,,0,3,3,0,1.0,True,4.0
satimage,182,lightgbm,250,0.8377397615344738,0.004421649069267007,3,0.8008684618610782,0.003818012802103164,3,0.8045679443265418,0.0022914160602984196,3,0.8045679443265418,0.0022914160602984196,3,0.9616868765814314,0.004586826881252703,3,,,0,0.9056627600244577,0.06388954204966878,3,6.092299999999999,0.41390130466090574,3,,,0,,,0,3,3,0,1.0,True,5.0
satimage,182,xgboost,250,0.8307413167444272,0.008945274197375593,3,0.793456095463481,0.005399315119214179,3,0.7967911446533354,0.005454002112009022,3,0.7967911446533354,0.005454002112009022,3,0.9600950155054128,0.003630913156175428,3,,,0,0.5337288975715637,0.01577044636145003,3,6.750133333333333,1.3690257496969642,3,,,0,,,0,3,3,0,1.0,True,6.0
satimage,182,self_training_catboost,250,0.8374805598755831,0.010690300999119431,3,0.7875929366209223,0.009788508651912798,3,0.7971010570909018,0.009719621571371361,3,0.7971010570909018,0.009719621571371361,3,0.9644110461904271,0.004320679809609203,3,,,0,0.5061339824304466,0.026190527047713262,3,9.502633333333334,0.32387606168615385,3,603.0,292.15749177455643,3,0.12321209644462604,0.05969707637404094,3,3,3,0,1.0,True,7.0
satimage,182,self_training_lightgbm,250,0.8276308968377397,0.0035064150488513827,3,0.7853814138510685,0.005438458536582021,3,0.7893795095312592,0.004842285034237972,3,0.7893795095312592,0.004842285034237972,3,0.9532932306275085,0.004328486080295392,3,,,0,1.197242881529809,0.029777702409612514,3,31.551066666666667,6.62519527058134,3,2389.0,0.0,3,0.4881487535758071,0.0,3,3,3,0,1.0,True,8.0
satimage,182,rpl_lite_xgboost,250,0.8294453084499741,0.01391746372074528,3,0.7840603425802898,0.011401448921506366,3,0.7912493663142982,0.010906976526737824,3,0.7912493663142982,0.010906976526737824,3,0.952107993165468,0.005055121238782089,3,,,0,0.7190913160641988,0.043484686059089755,3,18.12046666666667,0.40595715701700946,3,2389.0,0.0,3,0.4881487535758071,0.0,3,3,3,0,1.0,True,9.0
satimage,182,self_training_xgboost,250,0.8291861067910835,0.013226905984627292,3,0.7837036086813463,0.013063375494335559,3,0.7909168288457321,0.012237374538216887,3,0.7909168288457321,0.012237374538216887,3,0.9523302214611619,0.00537191483543303,3,,,0,0.7217183709144592,0.04942025180187324,3,17.675833333333333,0.7840655414780917,3,2389.0,0.0,3,0.4881487535758071,0.0,3,3,3,0,1.0,True,10.0
satimage,182,vime,250,0.8297045101088646,0.002332814930015553,3,0.7731150620760509,0.0018559790414762356,3,0.7764022977126511,0.0035549807160287915,3,0.7764022977126511,0.0035549807160287915,3,0.9643331459010699,0.003468075615778122,3,,,0,0.4647620342157597,0.02723116501634572,3,29.079266666666665,0.2508793800481284,3,,,0,,,0,3,3,0,1.0,True,11.0
satimage,182,sslae,250,0.8268532918610679,0.004751244888497483,3,0.7719362612579544,0.011984774210079938,3,0.7766936578476651,0.006915688599172383,3,0.7766936578476651,0.006915688599172383,3,0.9662420767320076,0.0027817737871627234,3,,,0,0.45962916453833663,0.028366711274653553,3,13.6852,4.0171961602590445,3,,,0,,,0,3,3,0,1.0,True,12.0
satimage,182,scarf,250,0.8255572835666148,0.0024996502750111054,3,0.7694451268942509,0.01080780604866252,3,0.7712792386082864,0.007464355376812106,3,0.7712792386082864,0.007464355376812106,3,0.9603394029367083,0.00397619919219096,3,,,0,0.48948386424771034,0.021013256829971162,3,32.6989,0.1514708222728075,3,,,0,,,0,3,3,0,1.0,True,13.0
satimage,182,logistic_regression,250,0.814670813893209,0.005731815548858557,3,0.7626517969277256,0.0070484791315683065,3,0.7670865085122074,0.011895754538899201,3,0.7670865085122074,0.011895754538899201,3,0.9593593535924038,0.0016260458668131913,3,,,0,0.5129842559496561,0.009275026140071757,3,0.2088,0.0489690718719479,3,,,0,,,0,3,3,0,1.0,True,14.0
satimage,182,self_training_lr,250,0.8162260238465526,0.007472024523276088,3,0.7595060619084726,0.009601003352723698,3,0.7628076176365485,0.014588999886392947,3,0.7628076176365485,0.014588999886392947,3,0.9602414255984639,0.002690062074203519,3,,,0,0.5753580530484518,0.018033332683211712,3,0.9228666666666667,0.035474122023431885,3,2447.0,0.0,3,0.5,0.0,3,3,3,0,1.0,True,15.0
satimage,182,rpl_lr,250,0.8170036288232244,0.005836355753860935,3,0.7448774387820225,0.008219581497694289,3,0.741140202306116,0.008218213760567937,3,0.741140202306116,0.008218213760567937,3,0.9614446525526207,0.0016483827255102113,3,,,0,0.7516556183497111,0.020926992021067205,3,1.5202666666666669,0.382417276457711,3,,,0,,,0,3,3,0,1.0,True,16.0
satimage,182,mlp,250,0.7472783825816486,0.036663064491839176,3,0.6739267159314776,0.029363602194021426,3,0.6437198039547072,0.038002601795247296,3,0.6437198039547072,0.038002601795247296,3,0.9440995269242625,0.005324282856072218,3,,,0,0.8604775468508402,0.1700859590325859,3,0.48360000000000003,0.1317107436771959,3,,,0,,,0,3,3,0,1.0,True,17.0
satimage,182,label_propagation,500,0.8574390876101607,0.014471254382797219,3,0.8409827960275974,0.017187740780748043,3,0.8401977614977695,0.015157269122010536,3,0.8401977614977695,0.015157269122010536,3,0.9788546897683217,0.003314807676694149,3,,,0,0.39679899544450664,0.023475968201213053,3,2.4336333333333333,0.2927851829128881,3,,,0,,,0,3,3,0,1.0,True,1.0
satimage,182,label_spreading,500,0.8623639191290824,0.015297290492150879,3,0.8392846163688709,0.01603655107764286,3,0.8402802948435163,0.01585256919343209,3,0.8402802948435163,0.01585256919343209,3,0.9788931124307516,0.004601469345844923,3,,,0,0.5068430388660926,0.06380802821259807,3,2.0025666666666666,0.6164522392962276,3,,,0,,,0,3,3,0,1.0,True,2.0
satimage,182,xgboost,500,0.8654743390357699,0.014253734665492492,3,0.8385626926255753,0.011906838957162602,3,0.8414546454327362,0.01395197938561743,3,0.8414546454327362,0.01395197938561743,3,0.9750290130140665,0.004228663620633247,3,,,0,0.41878727078437805,0.045722492485715645,3,7.0499,0.7284587359624428,3,,,0,,,0,3,3,0,1.0,True,3.0
satimage,182,lightgbm,500,0.8636599274235355,0.02023765816064606,3,0.835756178040543,0.01910639972153043,3,0.8394272803797781,0.019918850202688965,3,0.8394272803797781,0.019918850202688965,3,0.9734419634906232,0.005174092289264893,3,,,0,0.7303909842776494,0.11752723841589081,3,9.116100000000001,0.5304543618446361,3,,,0,,,0,3,3,0,1.0,True,4.0
satimage,182,random_forest,500,0.8693623639191291,0.009743362430903266,3,0.8340952313286945,0.006000164069376403,3,0.8405151645333024,0.008812998733502565,3,0.8405151645333024,0.008812998733502565,3,0.9779090781701795,0.003407709826041939,3,,,0,0.39559836261488385,0.02995632078906836,3,3.085933333333333,0.1840114489191729,3,,,0,,,0,3,3,0,1.0,True,5.0
satimage,182,self_training_lightgbm,500,0.8649559357179886,0.01480175379499143,3,0.8335672183180586,0.012506292188038268,3,0.8381768717235211,0.014105913689814032,3,0.8381768717235211,0.014105913689814032,3,0.9713696360742974,0.004998347904202058,3,,,0,0.8291804779340394,0.10609489694650612,3,35.735,5.435610640949182,3,2267.0,0.0,3,0.4881567614125753,0.0,3,3,3,0,1.0,True,6.0
satimage,182,catboost,500,0.8626231207879731,0.013340704232719316,3,0.8284563481003708,0.009332324073113732,3,0.8335564049760512,0.011956323318326658,3,0.8335564049760512,0.011956323318326658,3,0.976387959291352,0.003866986356471413,3,,,0,0.37408707315059825,0.03428257563107201,3,8.296266666666666,0.8695643296118664,3,,,0,,,0,3,3,0,1.0,True,7.0
satimage,182,self_training_xgboost,500,0.857957490927942,0.015441545887616894,3,0.8273936904856259,0.012910261984907617,3,0.8313550662250212,0.015170747852126996,3,0.8313550662250212,0.015170747852126996,3,0.9708259209390988,0.004226604594637704,3,,,0,0.5126150151093801,0.05102319411282491,3,21.8035,0.4041265148440511,3,2267.0,0.0,3,0.4881567614125753,0.0,3,3,3,0,1.0,True,8.0
satimage,182,rpl_lite_xgboost,500,0.856661482633489,0.015655436879773468,3,0.8262682220480945,0.012473550303926093,3,0.8297476223064182,0.014927968430461533,3,0.8297476223064182,0.014927968430461533,3,0.9707941509155901,0.004264061594958099,3,,,0,0.5136963824431101,0.053213508913501226,3,21.74406666666667,2.1655840259231076,3,2267.0,0.0,3,0.4881567614125753,0.0,3,3,3,0,1.0,True,9.0
satimage,182,self_training_catboost,500,0.8491446345256609,0.014147282580606695,3,0.8057226723025398,0.008182792122620335,3,0.8133775097303584,0.012099622288659186,3,0.8133775097303584,0.012099622288659186,3,0.9698880717809607,0.0035097034769430097,3,,,0,0.44759991966123636,0.03575035712041757,3,10.063366666666667,0.40091866174242013,3,1106.0,292.80027322391624,3,0.23815676141257533,0.06304915444098108,3,3,3,0,1.0,True,10.0
satimage,182,sslae,500,0.8398133748055988,0.013468513278140535,3,0.7935478257423568,0.035569456797199674,3,0.793351490581859,0.03613761435731459,3,0.793351490581859,0.03613761435731459,3,0.9697390822078429,0.0018148354487575596,3,,,0,0.42909882426390134,0.017437736094999108,3,13.126033333333332,3.2259292185870003,3,,,0,,,0,3,3,0,1.0,True,11.0
satimage,182,scarf,500,0.836962156557802,0.008167937406215058,3,0.7845510565972904,0.01633554176142505,3,0.787258084229847,0.014427466867436073,3,0.787258084229847,0.014427466867436073,3,0.9682109528236543,0.0005912140993134399,3,,,0,0.4372163387163596,0.0011951679402777394,3,32.00966666666667,0.2617617491791611,3,,,0,,,0,3,3,0,1.0,True,12.0
satimage,182,vime,500,0.8351477449455676,0.007498950825033368,3,0.7826399937609233,0.012559133315420192,3,0.7844827971568776,0.012761431218159862,3,0.7844827971568776,0.012761431218159862,3,0.9689617851524975,0.0021311457370802875,3,,,0,0.4316783997118688,0.01288348459676427,3,28.407166666666665,1.1715341110413002,3,,,0,,,0,3,3,0,1.0,True,13.0
satimage,182,self_training_lr,500,0.8307413167444272,0.005887929855676808,3,0.7807027717695169,0.011042664427617766,3,0.7843674586725066,0.01390616004166913,3,0.7843674586725066,0.01390616004166913,3,0.9665115836394857,0.0037885980906851684,3,,,0,0.4856916666030884,0.03027529084069101,3,1.1285666666666667,0.3127269469254822,3,2322.0,0.0,3,0.5,0.0,3,3,3,0,1.0,True,14.0
satimage,182,logistic_regression,500,0.8284085018144117,0.007390657039597331,3,0.7803192665282919,0.01052368297811274,3,0.7836915615399954,0.0127397101709577,3,0.7836915615399954,0.0127397101709577,3,0.9663334968734988,0.004402852504021291,3,,,0,0.4530332585175832,0.028271039300845388,3,0.22466666666666665,0.025695589764263692,3,,,0,,,0,3,3,0,1.0,True,15.0
satimage,182,rpl_lr,500,0.831518921721099,0.006793852992266013,3,0.7640490154360258,0.008540539997347663,3,0.7617835150725499,0.0107014144306115,3,0.7617835150725499,0.0107014144306115,3,0.9669269043942484,0.0036293981913202507,3,,,0,0.5768453280131022,0.05369931390552755,3,1.6981333333333335,0.5158074963911765,3,,,0,,,0,3,3,0,1.0,True,16.0
satimage,182,mlp,500,0.782789009849663,0.05004740377325285,3,0.705521804241242,0.06636119379409745,3,0.6857011833156226,0.08690016769488522,3,0.6857011833156226,0.08690016769488522,3,0.9532205976387099,0.014559196793199176,3,,,0,0.7355740070343018,0.25386846324359963,3,0.6142666666666666,0.20118087218553687,3,,,0,,,0,3,3,0,1.0,True,17.0
segment,36,catboost,50,0.8463203463203463,0.020648034662704377,3,0.8463203463203463,0.02064803466270446,3,0.8453346381990494,0.019516723768780938,3,0.8453346381990494,0.019516723768780938,3,0.9805905374087192,0.005388435410305783,3,,,0,0.5150725187135518,0.018294177133112547,3,3.9448000000000003,0.8511456514604303,3,,,0,,,0,3,3,0,1.0,True,1.0
segment,36,self_training_catboost,50,0.8398268398268399,0.014193589879441524,3,0.8398268398268397,0.014193589879441606,3,0.8368894355634051,0.012622936539892004,3,0.8368894355634051,0.012622936539892004,3,0.978458830731558,0.006196013773503405,3,,,0,0.8038043480724442,0.025875668052414112,3,2.164733333333333,0.1266959483698407,3,0.0,0.0,3,0.0,0.0,3,3,3,0,1.0,True,2.0
segment,36,random_forest,50,0.8282828282828283,0.009997407258694833,3,0.8282828282828283,0.009997407258694833,3,0.8270669885743289,0.012030141873508616,3,0.8270669885743289,0.012030141873508616,3,0.972480942177912,0.009248957480247432,3,,,0,0.6360401115041908,0.15573964509087743,3,1.2010666666666667,0.3888299156872235,3,,,0,,,0,3,3,0,1.0,True,3.0
segment,36,logistic_regression,50,0.8181818181818182,0.02196729775993988,3,0.8181818181818182,0.021967297759939886,3,0.8142461620241882,0.026318862843507245,3,0.8142461620241882,0.026318862843507245,3,0.9622615039281706,0.002662216503038376,3,,,0,0.5951015949249268,0.022298956782766666,3,0.07026666666666666,0.013276043587354382,3,,,0,,,0,3,3,0,1.0,True,4.0
segment,36,xgboost,50,0.7821067821067821,0.03355560159951944,3,0.7821067821067821,0.03355560159951944,3,0.7844177479312698,0.03358328077208741,3,0.7844177479312698,0.03358328077208741,3,0.956606104333377,0.013043826477963366,3,,,0,0.6934945185979208,0.11199731131433024,3,3.8882,0.4724995978834272,3,,,0,,,0,3,3,0,1.0,True,5.0
segment,36,self_training_lr,50,0.7727272727272728,0.017180203318601258,3,0.7727272727272728,0.017180203318601286,3,0.7611456122206576,0.019316331908371932,3,0.7611456122206576,0.019316331908371932,3,0.950101666010757,0.004979142156647128,3,,,0,0.6881874402364095,0.005811256264861984,3,0.26816666666666666,0.07129420266286267,3,603.3333333333334,22.590558499809912,3,0.335558027437894,0.012564270578314725,3,3,3,0,1.0,True,6.0
segment,36,self_training_xgboost,50,0.7597402597402597,0.046825341239792116,3,0.7597402597402597,0.04682534123979217,3,0.7538509844418536,0.04830940331747221,3,0.7538509844418536,0.04830940331747221,3,0.9461990030171848,0.015822971107014732,3,,,0,0.774100124835968,0.1182058866937873,3,12.052833333333332,1.082174627004965,3,386.3333333333333,144.07058455261898,3,0.21486837226548014,0.08012824502370357,3,3,3,0,1.0,True,7.0
segment,36,label_spreading,50,0.759018759018759,0.042045605438191906,3,0.759018759018759,0.042045605438191906,3,0.7532911311980487,0.044207687274368086,3,0.7532911311980487,0.044207687274368086,3,0.9483762589823196,0.02877734214336283,3,,,0,1.1280966139622228,0.7956781847631615,3,4.3164,2.2989851478424126,3,,,0,,,0,3,3,0,1.0,True,8.0
segment,36,rpl_lr,50,0.7417027417027416,0.021788843969035375,3,0.7417027417027416,0.021788843969035406,3,0.7242500583857353,0.025151352959412766,3,0.7242500583857353,0.025151352959412766,3,0.9456032183304911,0.006897159036793756,3,,,0,0.8272928794225057,0.036500895927405366,3,0.27003333333333335,0.039797529236540945,3,,,0,,,0,3,3,0,1.0,True,9.0
segment,36,rpl_lite_xgboost,50,0.7301587301587301,0.06422167045158343,3,0.7301587301587301,0.06422167045158347,3,0.715852631151591,0.060452391180818105,3,0.715852631151591,0.060452391180818105,3,0.9357882577579547,0.022551113746896726,3,,,0,0.991391102472941,0.22870417479874627,3,17.018966666666667,2.1299354739835032,3,878.0,0.0,3,0.4883203559510567,0.0,3,3,3,0,1.0,True,10.0
segment,36,scarf,50,0.7063492063492064,0.12787671666156813,3,0.7063492063492064,0.12787671666156825,3,0.6838230330789052,0.1513581085861933,3,0.6838230330789052,0.1513581085861933,3,0.9397218942673488,0.03156637209545238,3,,,0,0.9528462296477357,0.5437738834604771,3,21.09123333333333,1.177821167806614,3,,,0,,,0,3,3,0,1.0,True,11.0
segment,36,vime,50,0.6645021645021645,0.12004696644036404,3,0.6645021645021645,0.12004696644036399,3,0.6235656457818576,0.14221221439595924,3,0.6235656457818576,0.14221221439595924,3,0.9221052516507062,0.04071069853511887,3,,,0,1.0230625767762709,0.4709563714582619,3,19.90693333333333,4.856084375639837,3,,,0,,,0,3,3,0,1.0,True,12.0
segment,36,label_propagation,50,0.6522366522366522,0.03825314903841721,3,0.6522366522366522,0.03825314903841721,3,0.6015557019082043,0.04098565844069357,3,0.6015557019082043,0.04098565844069357,3,0.9363239173845236,0.034042337805315924,3,,,0,0.9154343417850481,0.1780304074196239,3,5.0379,1.01208995153593,3,,,0,,,0,3,3,0,1.0,True,13.0
segment,36,sslae,50,0.6248196248196248,0.2018487728636552,3,0.6248196248196247,0.20184877286365518,3,0.5661395055534246,0.2645174893371355,3,0.5661395055534246,0.2645174893371355,3,0.9267804305683093,0.029369022859450863,3,,,0,1.0368001671373033,0.4930904354106582,3,7.784066666666667,4.379019228472664,3,,,0,,,0,3,3,0,1.0,True,14.0
segment,36,mlp,50,0.4408369408369408,0.25893031486096574,3,0.4408369408369408,0.25893031486096574,3,0.39952623164658846,0.2948317655766326,3,0.39952623164658846,0.2948317655766326,3,0.7997817278120308,0.12221241295213937,3,,,0,1.6434434254964192,0.25240738478348684,3,0.13916666666666666,0.04269383249760243,3,,,0,,,0,3,3,0,1.0,True,15.0
segment,36,lightgbm,50,0.28427128427128423,0.11266505798524176,3,0.28427128427128423,0.11266505798524176,3,0.20275942512401865,0.11054533539154299,3,0.20275942512401865,0.11054533539154299,3,0.6908460506945356,0.11719412659585401,3,,,0,1.8263061969777938,0.10232922084919335,3,0.9599666666666667,0.26440530125799927,3,,,0,,,0,3,3,0,1.0,True,16.5
segment,36,self_training_lightgbm,50,0.28427128427128423,0.11266505798524176,3,0.28427128427128423,0.11266505798524176,3,0.20275942512401865,0.11054533539154299,3,0.20275942512401865,0.11054533539154299,3,0.6908460506945356,0.11719412659585401,3,,,0,1.8263061969777938,0.10232922084919335,3,1.5843,0.8971345272588721,3,0.0,0.0,3,0.0,0.0,3,3,3,0,1.0,True,16.5
segment,36,random_forest,100,0.8924963924963926,0.030636181451027658,3,0.8924963924963926,0.030636181451027658,3,0.8888557025238174,0.029902910392624545,3,0.8888557025238174,0.029902910392624545,3,0.9859817511332664,0.00604770862583222,3,,,0,0.38571009906580733,0.03713251580549879,3,1.279,0.2638005117508304,3,,,0,,,0,3,3,0,1.0,True,1.0
segment,36,self_training_catboost,100,0.888888888888889,0.028579079827328154,3,0.888888888888889,0.02857907982732815,3,0.8856262732976661,0.028503470624498463,3,0.8856262732976661,0.028503470624498463,3,0.9884450566268748,0.003099453102878682,3,,,0,0.5280370633532104,0.02202832561655287,3,4.740333333333333,1.719419740300004,3,0.0,0.0,3,0.0,0.0,3,3,3,0,1.0,True,2.0
segment,36,catboost,100,0.8881673881673882,0.022528852808075154,3,0.8881673881673882,0.022528852808074974,3,0.884475997099888,0.02122759842159343,3,0.884475997099888,0.02122759842159343,3,0.9901194484527819,0.0013230938391661593,3,,,0,0.3441116343678847,0.025996029130633085,3,6.377733333333334,0.4965997415759836,3,,,0,,,0,3,3,0,1.0,True,3.0
segment,36,lightgbm,100,0.8874458874458875,0.03602449562141393,3,0.8874458874458875,0.03602449562141393,3,0.8843980177896231,0.038194362388697695,3,0.8843980177896231,0.038194362388697695,3,0.9843128252219161,0.005962456009232571,3,,,0,0.5361738377338202,0.19566291776295097,3,2.684533333333333,0.28593464871073826,3,,,0,,,0,3,3,0,1.0,True,4.0
segment,36,logistic_regression,100,0.8744588744588745,0.014193589879441583,3,0.8744588744588745,0.01419358987944151,3,0.8709158461770051,0.014966257679237784,3,0.8709158461770051,0.014966257679237784,3,0.9754161382949261,0.006944780185310751,3,,,0,0.47337313493092853,0.039476083429917166,3,0.0665,0.0001732050807568927,3,,,0,,,0,3,3,0,1.0,True,5.0
segment,36,self_training_lightgbm,100,0.873015873015873,0.026450653361938477,3,0.873015873015873,0.02645065336193842,3,0.870946377371138,0.026998126546471615,3,0.870946377371138,0.026998126546471615,3,0.9811097992916175,0.006890008073029788,3,,,0,0.6553292980616284,0.19079645362151673,3,24.7367,2.8917847793361107,3,854.0,0.0,3,0.488558352402746,0.0,3,3,3,0,1.0,True,6.0
segment,36,rpl_lite_xgboost,100,0.8672438672438673,0.01653165835121158,3,0.8672438672438672,0.01653165835121155,3,0.8668180460066003,0.015385479004418428,3,0.8668180460066003,0.015385479004418428,3,0.9762360254784498,0.007361775971083878,3,,,0,0.5059822201728821,0.07460704275897985,3,18.3546,2.44501438032581,3,854.0,0.0,3,0.488558352402746,0.0,3,3,3,0,1.0,True,7.0
segment,36,self_training_xgboost,100,0.8665223665223665,0.01999481451738968,3,0.8665223665223666,0.01999481451738952,3,0.8643638577033869,0.019074922660867497,3,0.8643638577033869,0.019074922660867497,3,0.9760775139563019,0.006563954260759222,3,,,0,0.5078008274237314,0.07119443592339345,3,16.91143333333333,1.7669115324014766,3,854.0,0.0,3,0.488558352402746,0.0,3,3,3,0,1.0,True,8.0
segment,36,scarf,100,0.86002886002886,0.024615760619382396,3,0.86002886002886,0.024615760619382296,3,0.8545618862485758,0.026930457667916397,3,0.8545618862485758,0.026930457667916397,3,0.9715608465608465,0.005765591663508425,3,,,0,0.5308112824064203,0.09400239952495332,3,21.395933333333335,2.8752562395955845,3,,,0,,,0,3,3,0,1.0,True,9.0
segment,36,xgboost,100,0.8585858585858586,0.014083132248155314,3,0.8585858585858585,0.014083132248155217,3,0.8594728000414262,0.010965198284238416,3,0.8594728000414262,0.010965198284238416,3,0.9796030288454531,0.006463767711585692,3,,,0,0.46472453077634174,0.059338059037713886,3,4.490466666666666,0.2704811700162015,3,,,0,,,0,3,3,0,1.0,True,10.0
segment,36,self_training_lr,100,0.8412698412698413,0.02011163039648822,3,0.8412698412698414,0.02011163039648819,3,0.8345060331822817,0.02205040830257355,3,0.8345060331822817,0.02205040830257355,3,0.970185258064046,0.006387627651035653,3,,,0,0.5205144186814626,0.059894726287910524,3,0.34783333333333327,0.015327861342448682,3,643.3333333333334,63.1294965395205,3,0.3680396643783371,0.036115272619863026,3,3,3,0,1.0,True,11.0
segment,36,vime,100,0.8405483405483406,0.03256359046579154,3,0.8405483405483406,0.03256359046579157,3,0.8342362156495539,0.03627554283499388,3,0.8342362156495539,0.03627554283499388,3,0.9674413689565204,0.007808277201698477,3,,,0,0.6061776476539783,0.1459591067969476,3,17.614666666666665,1.5925977091950532,3,,,0,,,0,3,3,0,1.0,True,12.0
segment,36,sslae,100,0.8362193362193362,0.02882393124882856,3,0.8362193362193362,0.028823931248828583,3,0.8304801425299435,0.031158571051259187,3,0.8304801425299435,0.031158571051259187,3,0.967182649000831,0.0061855246135361286,3,,,0,0.6324663492358372,0.1586057657254793,3,16.593833333333333,7.771461552586704,3,,,0,,,0,3,3,0,1.0,True,13.0
segment,36,label_spreading,100,0.8217893217893217,0.028249310173812284,3,0.8217893217893217,0.0282493101738123,3,0.815316734784696,0.026946690825159304,3,0.815316734784696,0.026946690825159304,3,0.9706507717871354,0.008162770611480364,3,,,0,0.6476978187620098,0.16532650236350618,3,3.4075666666666664,0.665030332641552,3,,,0,,,0,3,3,0,1.0,True,14.0
segment,36,rpl_lr,100,0.8116883116883117,0.020648034662704505,3,0.8116883116883117,0.020648034662704484,3,0.7959804532398378,0.02636604678813321,3,0.7959804532398378,0.02636604678813321,3,0.9694309618552043,0.0078443650212641,3,,,0,0.6083235243956248,0.1538227803015145,3,0.2818333333333333,0.04631094183163773,3,,,0,,,0,3,3,0,1.0,True,15.0
segment,36,label_propagation,100,0.7647907647907649,0.042544077886884725,3,0.7647907647907647,0.04254407788688473,3,0.746302719246934,0.049390309574694084,3,0.746302719246934,0.049390309574694084,3,0.9629274345183436,0.012632238520929857,3,,,0,0.8007502558580707,0.15015951944903533,3,3.9770333333333334,0.967243414727303,3,,,0,,,0,3,3,0,1.0,True,16.0
segment,36,mlp,100,0.2265512265512265,0.018661640918293736,3,0.2265512265512265,0.018661640918293736,3,0.16052995679694074,0.01918307764630404,3,0.16052995679694074,0.01918307764630404,3,0.6654350139198625,0.11959312510131187,3,,,0,1.8781670331954956,0.0830972686252683,3,0.12966666666666668,0.016982736332326817,3,,,0,,,0,3,3,0,1.0,True,17.0
segment,36,catboost,250,0.9444444444444445,0.01391580196391478,3,0.9444444444444443,0.013915801963914709,3,0.9446769720435056,0.013361118910323738,3,0.9446769720435056,0.013361118910323738,3,0.995317533196321,0.0020975893697794366,3,,,0,0.19708616913056679,0.039985873530028596,3,10.469166666666666,0.5985026677746171,3,,,0,,,0,3,3,0,1.0,True,1.0
segment,36,self_training_lightgbm,250,0.9386724386724388,0.01638934587532541,3,0.9386724386724388,0.016389345875325506,3,0.9384543312899694,0.016627199937909433,3,0.9384543312899694,0.016627199937909433,3,0.99303095894005,0.002442401580988301,3,,,0,0.3390456582337206,0.10142384052393719,3,29.184866666666665,4.0030357284607545,3,781.0,0.0,3,0.4887359198998748,0.0,3,3,3,0,1.0,True,2.0
segment,36,random_forest,250,0.9386724386724388,0.02045807630412388,3,0.9386724386724387,0.02045807630412376,3,0.9386725940342594,0.019857744393190595,3,0.9386725940342594,0.019857744393190595,3,0.9925490474732898,0.0031809842178958207,3,,,0,0.2465000960332793,0.02955884021289824,3,1.4302333333333335,0.26786500953527564,3,,,0,,,0,3,3,0,1.0,True,3.0
segment,36,self_training_catboost,250,0.9372294372294373,0.015151515151515072,3,0.9372294372294373,0.015151515151515072,3,0.937066837970549,0.015210854773272723,3,0.937066837970549,0.015210854773272723,3,0.9945996764178582,0.0023351932540652794,3,,,0,0.3005486166264085,0.037723735835684585,3,9.508033333333332,3.543272139327338,3,17.333333333333332,30.022213997860543,3,0.010846891948268668,0.018787367958611096,3,3,3,0,1.0,True,4.0
segment,36,lightgbm,250,0.935064935064935,0.02064803466270441,3,0.935064935064935,0.02064803466270428,3,0.9352762121197508,0.019944813043345905,3,0.9352762121197508,0.019944813043345905,3,0.9941933767691342,0.0013701286393165892,3,,,0,0.3074904435026719,0.08607985529956717,3,5.352566666666667,1.0612995163163572,3,,,0,,,0,3,3,0,1.0,True,5.0
segment,36,xgboost,250,0.9213564213564213,0.01535627464198609,3,0.9213564213564215,0.015356274641986137,3,0.9226273713148272,0.013709014298637114,3,0.9226273713148272,0.013709014298637114,3,0.993089262028656,0.0011348103935678697,3,,,0,0.24358355502287543,0.024964970538671,3,5.307733333333334,0.3932735222886653,3,,,0,,,0,3,3,0,1.0,True,6.0
segment,36,logistic_regression,250,0.9177489177489178,0.012987012987012991,3,0.9177489177489178,0.012987012987012991,3,0.9176978511309638,0.011533007791479621,3,0.9176978511309638,0.011533007791479621,3,0.9839794044339499,0.006366115275695207,3,,,0,0.34506993492444354,0.043343885219005306,3,0.07206666666666667,0.0052003205029433845,3,,,0,,,0,3,3,0,1.0,True,7.0
segment,36,rpl_lite_xgboost,250,0.9155844155844156,0.00943484619813994,3,0.9155844155844156,0.009434846198139916,3,0.9162794915285045,0.009684552195005938,3,0.9162794915285045,0.009684552195005938,3,0.9921072193799466,0.0017297093669131022,3,,,0,0.2683032254378001,0.03551778485153468,3,21.29756666666667,0.7390291627083019,3,781.0,0.0,3,0.4887359198998748,0.0,3,3,3,0,1.0,True,8.5
segment,36,sslae,250,0.9155844155844156,0.008658008658008698,3,0.9155844155844156,0.008658008658008698,3,0.9139826760651054,0.008595923877151985,3,0.9139826760651054,0.008595923877151985,3,0.9863206378357893,0.0029346532075066488,3,,,0,0.31694920729841153,0.039950230809429436,3,14.062333333333333,0.11655253464997309,3,,,0,,,0,3,3,0,1.0,True,8.5
segment,36,self_training_xgboost,250,0.9062049062049061,0.0033063316702423152,3,0.9062049062049061,0.00330633167024246,3,0.9073388329536413,0.004557667426225698,3,0.9073388329536413,0.004557667426225698,3,0.9917701546489425,0.001690393912011384,3,,,0,0.28213587900002796,0.03253368736056287,3,17.243466666666666,2.495040581500295,3,781.0,0.0,3,0.4887359198998748,0.0,3,3,3,0,1.0,True,10.0
segment,36,vime,250,0.9054834054834054,0.004505770561615006,3,0.9054834054834057,0.004505770561614871,3,0.9041330353320601,0.005141404732481095,3,0.9041330353320601,0.005141404732481095,3,0.9860109026775694,0.004142212478895205,3,,,0,0.33319551346745113,0.0726663955011733,3,20.403000000000002,3.1387769226244786,3,,,0,,,0,3,3,0,1.0,True,11.0
segment,36,self_training_lr,250,0.9004329004329005,0.0037490277220105822,3,0.9004329004329005,0.0037490277220105822,3,0.8992149957471375,0.002161954265180409,3,0.8992149957471375,0.002161954265180409,3,0.984378416196598,0.004577842942406694,3,,,0,0.34687375028928114,0.04960382414219602,3,0.4010666666666667,0.08651279288829679,3,776.3333333333334,21.594752448994036,3,0.4858156028368794,0.013513612295991299,3,3,3,0,1.0,True,12.0
segment,36,scarf,250,0.8997113997113998,0.003306331670242324,3,0.8997113997113998,0.0033063316702423725,3,0.898496110596794,0.0008643851813902885,3,0.898496110596794,0.0008643851813902885,3,0.9854643112218869,0.0035611988901055893,3,,,0,0.33753954220947485,0.06346643372222305,3,21.1621,4.9806799967474324,3,,,0,,,0,3,3,0,1.0,True,13.0
segment,36,rpl_lr,250,0.8975468975468975,0.004505770561615009,3,0.8975468975468975,0.004505770561615009,3,0.8959940151621747,0.007285697946412115,3,0.8959940151621747,0.007285697946412115,3,0.9832251082251083,0.005029746336217406,3,,,0,0.361398309469223,0.05739687974792518,3,0.3239666666666667,0.0630921812377202,3,,,0,,,0,3,3,0,1.0,True,14.0
segment,36,label_spreading,250,0.8888888888888888,0.008747731351357967,3,0.8888888888888888,0.008747731351357894,3,0.887287851601107,0.008402129357143998,3,0.887287851601107,0.008402129357143998,3,0.9824644351159503,0.0015207485051516561,3,,,0,0.6749204358416355,0.17887505034900858,3,2.1507666666666667,0.03377311554081633,3,,,0,,,0,3,3,0,1.0,True,15.0
segment,36,label_propagation,250,0.8578643578643579,0.01964019854086029,3,0.8578643578643579,0.01964019854086029,3,0.8537884974696212,0.020320207044930056,3,0.8537884974696212,0.020320207044930056,3,0.9804548005305582,0.0029614418050475664,3,,,0,0.6161778982400317,0.1748338247242424,3,2.8011666666666666,0.5432724669383986,3,,,0,,,0,3,3,0,1.0,True,16.0
segment,36,mlp,250,0.7604617604617605,0.06385587098607648,3,0.7604617604617605,0.06385587098607647,3,0.7393143112140619,0.07554001045003597,3,0.7393143112140619,0.07554001045003597,3,0.9539114084568632,0.009785167195583016,3,,,0,1.02414737145106,0.31472625120471526,3,0.27473333333333333,0.06121840681799338,3,,,0,,,0,3,3,0,1.0,True,17.0
segment,36,catboost,500,0.9595959595959597,0.007601481784165051,3,0.9595959595959597,0.007601481784165015,3,0.9596974182833856,0.007360039065806402,3,0.9596974182833856,0.007360039065806402,3,0.9973326336962701,0.0012684101969888581,3,,,0,0.14420179576495526,0.028785652782960733,3,13.596866666666665,0.6240485985348688,3,,,0,,,0,3,3,0,1.0,True,1.5
segment,36,self_training_lightgbm,500,0.9595959595959597,0.00901154112322996,3,0.9595959595959597,0.00901154112322996,3,0.9594809226940862,0.008991343683455885,3,0.9594809226940862,0.008991343683455885,3,0.9975439823924673,0.0008751155099714959,3,,,0,0.20007539910125596,0.03685352486446733,3,34.3737,5.201468330192927,3,659.0,0.0,3,0.4888724035608308,0.0,3,3,3,0,1.0,True,1.5
segment,36,xgboost,500,0.9595959595959594,0.005447210992258775,3,0.9595959595959594,0.005447210992258863,3,0.959612610196955,0.005275308675387087,3,0.959612610196955,0.005275308675387087,3,0.9974219103006982,0.0008403536260381761,3,,,0,0.1403820713361104,0.031071525352543178,3,7.1376,1.1922935334891325,3,,,0,,,0,3,3,0,1.0,True,3.0
segment,36,lightgbm,500,0.9567099567099567,0.006493506493506496,3,0.9567099567099567,0.006493506493506412,3,0.9567260319056469,0.006272847601939537,3,0.9567260319056469,0.006272847601939537,3,0.9970921334557697,0.0014204754138421245,3,,,0,0.21132455646643758,0.030473265645073282,3,7.271666666666666,1.400171047884269,3,,,0,,,0,3,3,0,1.0,True,4.0
segment,36,self_training_catboost,500,0.9559884559884559,0.01749546270271598,3,0.955988455988456,0.017495462702716014,3,0.9558188632478952,0.017481990122697227,3,0.9558188632478952,0.017481990122697227,3,0.9963469471045229,0.0017682409592334597,3,,,0,0.21854739932036996,0.04337729770456335,3,16.3499,0.8668879223982751,3,332.6666666666667,81.09459496990742,3,0.2467853610286844,0.060159195081533674,3,3,3,0,1.0,True,5.5
segment,36,self_training_xgboost,500,0.955988455988456,0.009760280850265863,3,0.955988455988456,0.009760280850265996,3,0.9559210054018643,0.009619278127541618,3,0.9559210054018643,0.009619278127541618,3,0.9971704782310843,0.000963154530724521,3,,,0,0.14672464877367017,0.03605930962858096,3,20.497866666666667,1.4669288746675266,3,659.0,0.0,3,0.4888724035608308,0.0,3,3,3,0,1.0,True,5.5
segment,36,random_forest,500,0.9552669552669553,0.01110736242304515,3,0.9552669552669553,0.01110736242304515,3,0.9553436809341743,0.011050516425337026,3,0.9553436809341743,0.011050516425337026,3,0.9963870304779396,0.0016494229268393843,3,,,0,0.1796255554777051,0.030074264810438164,3,1.8579999999999999,0.6482963751248344,3,,,0,,,0,3,3,0,1.0,True,7.0
segment,36,rpl_lite_xgboost,500,0.9516594516594518,0.006612663340484521,3,0.9516594516594518,0.006612663340484521,3,0.9516657263305527,0.0064886951414016075,3,0.9516657263305527,0.0064886951414016075,3,0.9973526753829783,0.0006555756336103815,3,,,0,0.14766970276832578,0.031353312191111274,3,24.2191,1.3479540496619313,3,659.0,0.0,3,0.4888724035608308,0.0,3,3,3,0,1.0,True,8.0
segment,36,logistic_regression,500,0.9235209235209235,0.007601481784165026,3,0.9235209235209235,0.007601481784165026,3,0.9239818965176921,0.00703223454813041,3,0.9239818965176921,0.00703223454813041,3,0.9876306353579082,0.003308987206404626,3,,,0,0.29493370652198786,0.030603343129871678,3,0.07583333333333334,0.008127935367197098,3,,,0,,,0,3,3,0,1.0,True,9.5
segment,36,scarf,500,0.9235209235209235,0.016812669837995727,3,0.9235209235209235,0.016812669837995727,3,0.9235503013478876,0.015211237970469386,3,0.9235503013478876,0.015211237970469386,3,0.9925827539463903,0.0031722512448841425,3,,,0,0.2297044613578844,0.051606517808184066,3,20.406466666666667,3.5711722477826973,3,,,0,,,0,3,3,0,1.0,True,9.5
segment,36,sslae,500,0.9206349206349206,0.03397188273302601,3,0.9206349206349206,0.03397188273302601,3,0.9205665872296414,0.034595052907537074,3,0.9205665872296414,0.034595052907537074,3,0.9911652601046542,0.004615757992517118,3,,,0,0.253300574064553,0.07747657368716086,3,12.940066666666667,3.6507210799146685,3,,,0,,,0,3,3,0,1.0,True,11.0
segment,36,vime,500,0.9177489177489178,0.02551910416136717,3,0.9177489177489178,0.02551910416136717,3,0.9180957811399764,0.024850303742848166,3,0.9180957811399764,0.024850303742848166,3,0.9912873321964231,0.0038246836367257344,3,,,0,0.244557297061152,0.054168320615401014,3,18.624433333333332,3.146992580756004,3,,,0,,,0,3,3,0,1.0,True,12.0
segment,36,self_training_lr,500,0.9170274170274171,0.008194672937662646,3,0.917027417027417,0.008194672937662748,3,0.9169962303536426,0.008439213487877593,3,0.9169962303536426,0.008439213487877593,3,0.987812832509802,0.002602833464980303,3,,,0,0.2938935856024424,0.03529518692241519,3,0.46723333333333333,0.1422415316752928,3,663.3333333333334,18.47520861406804,3,0.4920870425321464,0.013705644372454024,3,3,3,0,1.0,True,13.0
segment,36,rpl_lr,500,0.9141414141414143,0.00874773135135791,3,0.9141414141414143,0.008747731351358022,3,0.9141236058944017,0.008755179345985478,3,0.9141236058944017,0.008755179345985478,3,0.9874958094655065,0.0029223190694500846,3,,,0,0.29318568110466,0.04247376828763394,3,0.3212333333333333,0.0514005188041262,3,,,0,,,0,3,3,0,1.0,True,14.0
segment,36,label_spreading,500,0.904040404040404,0.011107362423045268,3,0.904040404040404,0.011107362423045159,3,0.9023067758930376,0.011847284111351305,3,0.9023067758930376,0.011847284111351305,3,0.9886327196933257,0.0022778708442544007,3,,,0,0.46370674150547453,0.114433529093582,3,1.2829333333333333,0.4358784501823109,3,,,0,,,0,3,3,0,1.0,True,15.0
segment,36,label_propagation,500,0.8989898989898989,0.010229038152061807,3,0.8989898989898989,0.010229038152061885,3,0.8968925421638415,0.01107171153538113,3,0.8968925421638415,0.01107171153538113,3,0.9880205372629615,0.0018922849626966402,3,,,0,0.45542549897345896,0.0843865348303323,3,1.5309333333333335,0.5565981704365667,3,,,0,,,0,3,3,0,1.0,True,16.0
segment,36,mlp,500,0.8239538239538239,0.04593302753938535,3,0.8239538239538239,0.045933027539385336,3,0.8099798785116836,0.06467002605678698,3,0.8099798785116836,0.06467002605678698,3,0.9699757313393675,0.008420253349761545,3,,,0,0.765746533870697,0.32499354179582185,3,0.34476666666666667,0.08079321341135859,3,,,0,,,0,3,3,0,1.0,True,17.0
spambase,44,vime,50,0.8747737965979008,0.038331646557583185,3,0.8616763924681813,0.04782430816662003,3,0.8661842554480143,0.043401669311314596,3,0.8661842554480143,0.043401669311314596,3,0.93799842675698,0.027009221876119312,3,0.9048730223610452,0.04433558077583886,3,0.4334029030031501,0.03245424166081726,3,31.847633333333334,8.812147310010957,3,,,0,,,0,3,3,0,1.0,True,1.0
spambase,44,scarf,50,0.8715164676076728,0.03364738919254851,3,0.8605927308273348,0.04427473512690702,3,0.8633387643673439,0.038926561625521584,3,0.8633387643673439,0.038926561625521584,3,0.9336119421652169,0.031023125765778297,3,0.9090048000137608,0.03265351039603892,3,0.521579632395584,0.03910324611871553,3,40.70603333333333,26.747236478809047,3,,,0,,,0,3,3,0,1.0,True,2.0
spambase,44,random_forest,50,0.8689829895041621,0.038790236335759516,3,0.8448635919310407,0.05074498503073777,3,0.8555077865376024,0.0476377028556966,3,0.8555077865376024,0.0476377028556966,3,0.9364860728497092,0.01141507371443301,3,0.9208186485038102,0.017296884634743662,3,0.37084032546452694,0.03352512599003477,3,2.6412666666666667,0.5777929156136593,3,,,0,,,0,3,3,0,1.0,True,3.0
spambase,44,sslae,50,0.8574013753166847,0.039691523645751806,3,0.8436491009804793,0.04664405841867826,3,0.8479886365789051,0.043859495316708484,3,0.8479886365789051,0.043859495316708484,3,0.9173586632042156,0.03245447643280641,3,0.8732949706493293,0.040900793379819105,3,0.4120679120711955,0.061095815717437,3,14.555766666666669,3.10797427488281,3,,,0,,,0,3,3,0,1.0,True,4.0
spambase,44,self_training_catboost,50,0.8403908794788274,0.013164338385431212,3,0.835868459768753,0.014323091374287486,3,0.8338203388151166,0.013815958378285734,3,0.8338203388151166,0.013815958378285734,3,0.9115379931606715,0.0075801339918259774,3,0.8915508241401041,0.011813644934612889,3,0.5041206905211505,0.08530365879494736,3,7.861766666666667,0.8136451888466697,3,1345.3333333333333,39.119475115769816,3,0.37061524334251605,0.010776714907925585,3,3,3,0,1.0,True,5.0
spambase,44,xgboost,50,0.8508867173362288,0.022313518120591184,3,0.8350637360901291,0.030578265524031107,3,0.8403346167690687,0.026894672324069065,3,0.8403346167690687,0.026894672324069065,3,0.9099178490674092,0.015054252489707601,3,0.8822532326034865,0.02396247771356273,3,0.37827340761820477,0.04489566132604627,3,1.2611999999999999,0.2707586563713153,3,,,0,,,0,3,3,0,1.0,True,6.0
spambase,44,self_training_lr,50,0.8530582699963807,0.06429348542309689,3,0.8346095362224394,0.08413447758906738,3,0.8390229549281848,0.07819191458215212,3,0.8390229549281848,0.07819191458215212,3,0.9221466868094433,0.043699246533245036,3,0.8703181720514103,0.0739945774816045,3,0.5183432598908743,0.24803509455516148,3,0.29716666666666663,0.022989200363069038,3,1815.0,0.0,3,0.5,0.0,3,3,3,0,1.0,True,7.0
spambase,44,rpl_lr,50,0.8487151646760767,0.06977186644140951,3,0.8241259121024517,0.0881757229400474,3,0.831616911533727,0.08562469493356376,3,0.831616911533727,0.08562469493356376,3,0.9168756644318715,0.051320068192408606,3,0.8692132540732982,0.07734068526978821,3,0.8973091145356497,0.5811846773377004,3,0.47783333333333333,0.30468215132057436,3,,,0,,,0,3,3,0,1.0,True,8.0
spambase,44,logistic_regression,50,0.840752804922186,0.062044620236264,3,0.8228497092133455,0.07709266295209967,3,0.827398430209137,0.07286264943860345,3,0.827398430209137,0.07286264943860345,3,0.9022877849857321,0.0466403767621003,3,0.8427614979102799,0.07522318460494416,3,0.4157060583432515,0.10556777392243223,3,0.26533333333333337,0.04213102578069198,3,,,0,,,0,3,3,0,1.0,True,9.0
spambase,44,rpl_lite_xgboost,50,0.836409699601882,0.01374840384598088,3,0.8207095391846125,0.007424386026129556,3,0.8256756673320155,0.011615781042589413,3,0.8256756673320155,0.011615781042589413,3,0.9017233264545093,0.009001028202267806,3,0.8751123486675372,0.015440831759751127,3,0.6245378255844116,0.1002455430554395,3,4.046166666666667,1.85258615004359,3,1772.0,0.0,3,0.48815426997245187,0.0,3,3,3,0,1.0,True,10.0
spambase,44,self_training_xgboost,50,0.8356858487151647,0.009852086564470652,3,0.8194703634586332,0.003029437491765087,3,0.8246743487741627,0.007459579915451384,3,0.8246743487741627,0.007459579915451384,3,0.9009918342762918,0.008697739729353173,3,0.8726918617003122,0.01345518126107472,3,0.6262225906054179,0.10258630947027028,3,3.4989666666666666,0.909152887766042,3,1772.0,0.0,3,0.48815426997245187,0.0,3,3,3,0,1.0,True,11.0
spambase,44,catboost,50,0.8356858487151646,0.06884484098806515,3,0.8175449509760361,0.07638854947322066,3,0.8231341935994996,0.07668444691889768,3,0.8231341935994996,0.07668444691889768,3,0.9042173115975659,0.03889002929410536,3,0.8775105045805464,0.054614722207140816,3,0.46399767104715056,0.131932257142477,3,3.117766666666667,0.7769948798630099,3,,,0,,,0,3,3,0,1.0,True,12.0
spambase,44,mlp,50,0.7433948606587043,0.06937365901757736,3,0.7147452037481363,0.05267466701006994,3,0.720294202724305,0.05933731540682761,3,0.720294202724305,0.05933731540682761,3,0.8055613153364863,0.09106938646357045,3,0.743150798465264,0.11426688588393129,3,0.5508286555608114,0.08346325170270626,3,0.24886666666666665,0.037392557191683655,3,,,0,,,0,3,3,0,1.0,True,13.0
spambase,44,lightgbm,50,0.7173362287368802,0.09656290203779828,3,0.6767133702617573,0.1283622441582722,3,0.6669434401276639,0.1527380213613315,3,0.6669434401276639,0.1527380213613315,3,0.7525211383960162,0.13589206723431654,3,0.6336749923067327,0.15231938204655884,3,0.5498725359395357,0.09369051464363898,3,0.5821,0.3012456140759563,3,,,0,,,0,3,3,0,1.0,True,14.5
spambase,44,self_training_lightgbm,50,0.7173362287368802,0.09656290203779828,3,0.6767133702617573,0.1283622441582722,3,0.6669434401276639,0.1527380213613315,3,0.6669434401276639,0.1527380213613315,3,0.7525211383960162,0.13589206723431654,3,0.6336749923067327,0.15231938204655884,3,0.5498725359395357,0.09369051464363898,3,0.9531666666666666,0.677527536955756,3,0.0,0.0,3,0.0,0.0,3,3,3,0,1.0,True,14.5
spambase,44,random_forest,100,0.9022801302931596,0.022801302931596087,3,0.8858205713044423,0.03262009797823485,3,0.8942626353813664,0.027322293408554427,3,0.8942626353813664,0.027322293408554427,3,0.9555517705566583,0.00872930039084946,3,0.9490916302684774,0.009325723312688269,3,0.3196746000584474,0.022104301537584328,3,3.3622,2.08542376269189,3,,,0,,,0,3,3,0,1.0,True,1.0
spambase,44,scarf,100,0.8888888888888888,0.035918251231018675,3,0.8766946098324397,0.042591094910295474,3,0.8814882995470468,0.03911852452845218,3,0.8814882995470468,0.03911852452845218,3,0.9415645539790214,0.018360994820991183,3,0.8977927623188879,0.04441851869327191,3,0.5746745623437789,0.3197870981462022,3,52.0422,25.091621913100795,3,,,0,,,0,3,3,0,1.0,True,2.0
spambase,44,self_training_lr,100,0.8852696344553022,0.04452124303925229,3,0.8751518113688203,0.056413593706699024,3,0.8777260144344932,0.050477270253148604,3,0.8777260144344932,0.050477270253148604,3,0.9366654488844127,0.027585131089798633,3,0.8743436528392744,0.059505866865529604,3,0.4548959930737813,0.17864235964746483,3,0.37473333333333336,0.06645339218830992,3,1790.0,0.0,3,0.5,0.0,3,3,3,0,1.0,True,3.0
spambase,44,logistic_regression,100,0.8805646036916395,0.04330873110788079,3,0.8699852878738509,0.05484106084754204,3,0.8727295841617898,0.04917752328360883,3,0.8727295841617898,0.04917752328360883,3,0.9329553271391003,0.023829582206678548,3,0.867502552247938,0.053153895666792884,3,0.39400654037793476,0.10758388310389932,3,0.27986666666666665,0.03514218737263424,3,,,0,,,0,3,3,0,1.0,True,4.0
spambase,44,rpl_lr,100,0.8816503800217155,0.04610396035952686,3,0.8673514223367595,0.057427588424063924,3,0.8726971749391513,0.052716012300034386,3,0.8726971749391513,0.052716012300034386,3,0.9360565577574375,0.02612753766007961,3,0.8826728112885559,0.05990097258202042,3,0.6669131616751353,0.310768335141216,3,0.39419999999999994,0.12262740313649312,3,,,0,,,0,3,3,0,1.0,True,5.0
spambase,44,self_training_catboost,100,0.8682591386174447,0.020177140593219425,3,0.8625576389506008,0.01739707826265198,3,0.862259208724678,0.019977086162726355,3,0.862259208724678,0.019977086162726355,3,0.9269042658583225,0.013846315742209726,3,0.9174461373962662,0.013588422939563412,3,0.4514120311576917,0.1136940987460551,3,6.481966666666666,0.3981876986213077,3,1432.0,0.0,3,0.4000000000000001,0.0,3,3,3,0,1.0,True,6.0
spambase,44,vime,100,0.8747737965979008,0.03512168959524604,3,0.8595905289453677,0.0471600813845456,3,0.8652946865782579,0.04039746133957915,3,0.8652946865782579,0.04039746133957915,3,0.93264265331714,0.024736958552858315,3,0.8910944457042916,0.015301681566638144,3,0.417173060225741,0.04096158462239277,3,28.859566666666666,2.549697539578632,3,,,0,,,0,3,3,0,1.0,True,7.0
spambase,44,sslae,100,0.8754976474846181,0.03921341507283915,3,0.8581020369876674,0.05412094362123095,3,0.8647618388214274,0.04643317053708217,3,0.8647618388214274,0.04643317053708217,3,0.9388154928233129,0.012938650326666228,3,0.886676165958601,0.023299395561688717,3,0.3981779834969869,0.050201638818773035,3,10.719999999999999,0.750121636802992,3,,,0,,,0,3,3,0,1.0,True,8.0
spambase,44,catboost,100,0.8682591386174447,0.017586001611663113,3,0.8554977931810778,0.012752316248006365,3,0.8600950131453963,0.016402836801894125,3,0.8600950131453963,0.016402836801894125,3,0.9265817181261952,0.016245119969288683,3,0.9148532896416598,0.021004324750332443,3,0.47060151536819644,0.08742136363384449,3,3.7122333333333333,0.5262461052904176,3,,,0,,,0,3,3,0,1.0,True,9.0
spambase,44,xgboost,100,0.8534201954397395,0.0021715526601520097,3,0.8405240084125715,0.014652802636990894,3,0.8439602431308534,0.0061786305282907515,3,0.8439602431308534,0.0061786305282907515,3,0.9271190234044585,0.011448608654128943,3,0.9115867604646523,0.012235236573440821,3,0.3882185220718384,0.03982846266358674,3,1.6166,0.5680549005157864,3,,,0,,,0,3,3,0,1.0,True,10.0
spambase,44,self_training_lightgbm,100,0.8411147303655447,0.006634202960486199,3,0.8260365137197981,0.011443998990983362,3,0.8301406060960219,0.004153922661279239,3,0.8301406060960219,0.004153922661279239,3,0.9286980262053574,0.010619096309412641,3,0.9154431686391575,0.010355561326856236,3,1.0903385285950011,0.133750805260544,3,12.478200000000001,2.089050255498895,3,1748.0,0.0,3,0.488268156424581,0.0,3,3,3,0,1.0,True,11.0
spambase,44,rpl_lite_xgboost,100,0.8338762214983714,0.010470847731805602,3,0.8229509167925589,0.0060909987213279265,3,0.8243734742277938,0.004608229251823205,3,0.8243734742277938,0.004608229251823205,3,0.9199703124434307,0.011429957423854836,3,0.9010722879970096,0.013736529601414771,3,0.5779816706975301,0.044248782875092166,3,6.536733333333333,0.3591232982324221,3,1748.0,0.0,3,0.488268156424581,0.0,3,3,3,0,1.0,True,12.0
spambase,44,self_training_xgboost,100,0.8335142960550127,0.00762624231114929,3,0.8220104268491365,0.011403010102703308,3,0.8235531162301689,0.0037348407252244835,3,0.8235531162301689,0.0037348407252244835,3,0.9201488656522869,0.009786846142556954,3,0.9010932100918883,0.0121584023568993,3,0.5808705488840739,0.03693806717577327,3,5.934733333333334,0.9632587208706361,3,1748.0,0.0,3,0.488268156424581,0.0,3,3,3,0,1.0,True,13.0
spambase,44,lightgbm,100,0.8313427433948607,0.0041106828416940105,3,0.819095154872281,0.006881194515491966,3,0.8214929377279283,0.0008331220972761261,3,0.8214929377279283,0.0008331220972761261,3,0.9055272503464097,0.006901158795485257,3,0.8817959388171207,0.008352183345879415,3,0.6420853253364541,0.09568968553038741,3,0.9883666666666667,0.43905126504012415,3,,,0,,,0,3,3,0,1.0,True,14.0
spambase,44,mlp,100,0.8052841114730366,0.040876751077800956,3,0.7767311433000583,0.04569797449145407,3,0.7850035366373346,0.0475197509720153,3,0.7850035366373346,0.0475197509720153,3,0.868918905575797,0.056223847916826955,3,0.7854910773364,0.07676853588319692,3,0.519535074631373,0.07508345697018534,3,0.3550333333333333,0.055106291231885096,3,,,0,,,0,3,3,0,1.0,True,15.0
spambase,44,sslae,250,0.9145855953673543,0.022602236693443342,3,0.9108978346515003,0.024088752269611293,3,0.9105946945051294,0.02366234051024575,3,0.9105946945051294,0.02366234051024575,3,0.9568641777830439,0.012240204530356371,3,0.9166513394299801,0.036031226359934346,3,0.31071401000547555,0.0658457051766842,3,20.072066666666668,5.582679306868104,3,,,0,,,0,3,3,0,1.0,True,1.0
spambase,44,random_forest,250,0.9211002533478103,0.010319636213813406,3,0.910818843370163,0.010141199451475734,3,0.9162259370792382,0.010790949508167008,3,0.9162259370792382,0.010790949508167008,3,0.9676785778936315,0.0063672493350737935,3,0.9602597174466995,0.0074344801821526535,3,0.26893837870261544,0.02854392462228948,3,2.6474333333333333,0.4830197960056435,3,,,0,,,0,3,3,0,1.0,True,2.0
spambase,44,catboost,250,0.919290626131017,0.004896036648016162,3,0.9091649634171629,0.006533304172208091,3,0.9143275818559689,0.005459222917469756,3,0.9143275818559689,0.005459222917469756,3,0.9655359393873568,0.006002914281314917,3,0.9552790860509554,0.010423572032067788,3,0.25077837196327535,0.02428482771381498,3,4.891633333333334,1.0711842107375058,3,,,0,,,0,3,3,0,1.0,True,3.0
spambase,44,scarf,250,0.9131378935939196,0.022749540542624284,3,0.9052104623952131,0.02728496351931338,3,0.9081769297669124,0.024838567804399535,3,0.9081769297669124,0.024838567804399535,3,0.9568962679910872,0.014960681440992116,3,0.9286770263757527,0.018739214499267808,3,0.29739571245904467,0.06173802339762756,3,42.30976666666667,17.21091311939414,3,,,0,,,0,3,3,0,1.0,True,4.0
spambase,44,vime,250,0.9066232356134636,0.03107293815690367,3,0.901438628711356,0.02824876734367918,3,0.9022350054173197,0.03160495000267965,3,0.9022350054173197,0.03160495000267965,3,0.9541537894421569,0.018252612885015805,3,0.9162291543321434,0.043460510339335366,3,0.30466338037832774,0.06579988954749423,3,26.037966666666666,6.036603396226503,3,,,0,,,0,3,3,0,1.0,True,5.0
spambase,44,self_training_lr,250,0.9022801302931596,0.0281674739871288,3,0.8980148503608915,0.025326277874171323,3,0.8978827799529948,0.028517328771767273,3,0.8978827799529948,0.028517328771767273,3,0.9463608058427218,0.017645275296598702,3,0.894718507639642,0.03767169989197273,3,0.3682165543238322,0.09751142609775215,3,0.3169,0.010376897416858296,3,1715.0,0.0,3,0.5,0.0,3,3,3,0,1.0,True,6.0
spambase,44,self_training_lightgbm,250,0.9066232356134636,0.008887462293021122,3,0.895501940223348,0.008191382648557552,3,0.9008035888166516,0.008969740201282746,3,0.9008035888166516,0.008969740201282746,3,0.9599678768789229,0.011461114732329525,3,0.9501306082102277,0.012321721405841993,3,0.5837340144752132,0.11218182372559232,3,13.785866666666669,0.46564299987579866,3,1674.0,0.0,3,0.4880466472303207,0.0,3,3,3,0,1.0,True,7.0
spambase,44,xgboost,250,0.9055374592833876,0.010470847731805602,3,0.8942849807952449,0.008917694820268489,3,0.8996624999276356,0.010619362249501087,3,0.8996624999276356,0.010619362249501087,3,0.9557130444227218,0.011043524639522073,3,0.9458449394956734,0.012538934923009006,3,0.2765587071577708,0.053774553147303464,3,1.7209,0.4860622593865934,3,,,0,,,0,3,3,0,1.0,True,8.0
spambase,44,rpl_lr,250,0.9011943539630836,0.0281674739871288,3,0.8939097722088926,0.027986493758849658,3,0.896049538038672,0.029283064591214412,3,0.896049538038672,0.029283064591214412,3,0.9480805118635031,0.017290082093184878,3,0.9024684684386436,0.033412311654109995,3,0.47962486743927,0.1331301912618093,3,0.5605666666666667,0.2602992956835138,3,,,0,,,0,3,3,0,1.0,True,9.0
spambase,44,logistic_regression,250,0.8986608758595729,0.029741816509665883,3,0.8929421290125102,0.028461689819081492,3,0.893792619892024,0.03052932570611004,3,0.893792619892024,0.03052932570611004,3,0.9448525660646873,0.016698414100879928,3,0.8904965142651284,0.03564513640180053,3,0.3410018583138783,0.07326440522693582,3,0.33723333333333333,0.06504354951363997,3,,,0,,,0,3,3,0,1.0,True,10.0
spambase,44,lightgbm,250,0.8993847267462902,0.006634202960486199,3,0.8890468714515635,0.006823101890147663,3,0.8933698116178835,0.006731820148513806,3,0.8933698116178835,0.006731820148513806,3,0.9559467269633449,0.0076847303176851385,3,0.9438154783884212,0.010138001223045486,3,0.5029227309543369,0.12613659209939435,3,2.23,0.29611815209473397,3,,,0,,,0,3,3,0,1.0,True,11.0
spambase,44,self_training_catboost,250,0.8975750995294969,0.020781581208766702,3,0.8880347956594291,0.020944726762157584,3,0.8917072579749364,0.02173689908629371,3,0.8917072579749364,0.02173689908629371,3,0.9563581398869768,0.013829107900304746,3,0.9444183449186775,0.02054786896852265,3,0.2672428668998789,0.060382909946230835,3,8.0407,0.851598960779074,3,1372.0,0.0,3,0.4000000000000001,0.0,3,3,3,0,1.0,True,12.0
spambase,44,rpl_lite_xgboost,250,0.8939558450959102,0.009361214011131066,3,0.882962074311048,0.005307759994020982,3,0.8875655768573578,0.008764867490466122,3,0.8875655768573578,0.008764867490466122,3,0.9468742491714145,0.012840587952200881,3,0.9362089546069017,0.013960587526049473,3,0.3707694311936696,0.08207249564793258,3,7.336366666666667,0.2711048567129211,3,1674.0,0.0,3,0.4880466472303207,0.0,3,3,3,0,1.0,True,13.0
spambase,44,self_training_xgboost,250,0.8921462178791169,0.00814935233383837,3,0.8800245860363162,0.003926087727909073,3,0.8853584928920698,0.007407586328343237,3,0.8853584928920698,0.007407586328343237,3,0.9463155504211223,0.012418584469250146,3,0.9354460608004843,0.013561494462060014,3,0.3734871447086334,0.07783518926074136,3,6.973199999999999,0.6980509078856649,3,1674.0,0.0,3,0.4880466472303207,0.0,3,3,3,0,1.0,True,14.0
spambase,44,label_spreading,250,0.8396670285921101,0.02505141148124824,3,0.8176214737798316,0.0367207002111178,3,0.8253011211998436,0.03283486112984717,3,0.8253011211998436,0.03283486112984717,3,0.9125311439583189,0.030740698451893256,3,0.8817680790237263,0.032791714690837304,3,0.42015766274288535,0.07673278000839091,3,3.3133,0.11766686024535539,3,,,0,,,0,3,3,0,1.0,True,15.0
spambase,44,mlp,250,0.827723488961274,0.06049570523426227,3,0.7965332701403082,0.06146030577291118,3,0.8088659930451024,0.06585795226821324,3,0.8088659930451024,0.06585795226821324,3,0.9044913126047045,0.06538181238401607,3,0.8545147909306862,0.11428455495976789,3,0.47309742371241253,0.09082376059412728,3,0.40210000000000007,0.01975778327647107,3,,,0,,,0,3,3,0,1.0,True,16.0
spambase,44,label_propagation,250,0.6409699601882012,0.0053560074509405526,3,0.5446967228492156,0.006635797948114505,3,0.4680779558739798,0.012055770987272,3,0.4680779558739798,0.012055770987272,3,0.8898277331806167,0.03547762137253495,3,0.8612083750711127,0.02862544820826276,3,0.75439972243614,0.1448169256212419,3,5.9935,1.6474227265641324,3,,,0,,,0,3,3,0,1.0,True,17.0
spambase,44,catboost,500,0.941006152732537,0.00654474893956766,3,0.9359109175824719,0.011645431513448174,3,0.9378704427175721,0.007508866406722797,3,0.9378704427175721,0.007508866406722797,3,0.9772965892222979,0.004803777378350503,3,0.9652891069554096,0.011352305337403166,3,0.18287702679262297,0.016689147564967276,3,6.421733333333333,1.2854745984784501,3,,,0,,,0,3,3,0,1.0,True,1.0
spambase,44,self_training_lightgbm,500,0.9330437929786463,0.009234419704794121,3,0.9286980262053576,0.014390743702518012,3,0.929641195965397,0.010324076178399968,3,0.929641195965397,0.010324076178399968,3,0.9745467052407424,0.007380575026985515,3,0.9646156945299591,0.008882921382934521,3,0.3901424560448716,0.07292846200878338,3,17.100533333333335,1.7130009525196788,3,1552.0,0.0,3,0.48805031446540886,0.0,3,3,3,0,1.0,True,2.0
spambase,44,random_forest,500,0.9348534201954396,0.007522479077389265,3,0.927463787434462,0.011303060549675344,3,0.9311163563821495,0.008501866763772762,3,0.9311163563821495,0.008501866763772762,3,0.9731824599859791,0.005460273996364523,3,0.9658655296027332,0.004965734097445784,3,0.24295204255906447,0.026007017726334524,3,2.188466666666667,0.24338131262143636,3,,,0,,,0,3,3,0,1.0,True,3.0
spambase,44,lightgbm,500,0.9305103148751356,0.008618082446464469,3,0.9259654215665946,0.015499636530988818,3,0.9269269626497434,0.009954397009638424,3,0.9269269626497434,0.009954397009638424,3,0.9739131293383493,0.008225690196917395,3,0.9604013925094214,0.012076718518799203,3,0.3597765405768911,0.07925633550027911,3,4.231466666666667,0.21636733425666033,3,,,0,,,0,3,3,0,1.0,True,4.0
spambase,44,xgboost,500,0.924719507781397,0.008292753700607688,3,0.919902840723955,0.014320084802724717,3,0.9208711247980074,0.009593432893019347,3,0.9208711247980074,0.009593432893019347,3,0.9687252123713511,0.00818620635649718,3,0.9559832958992306,0.011109098168188941,3,0.22112272183100382,0.03177826729520627,3,2.7572999999999994,0.2166397008860564,3,,,0,,,0,3,3,0,1.0,True,5.0
spambase,44,self_training_catboost,500,0.9261672095548317,0.00868621064060801,3,0.9191721713715847,0.011664008538594022,3,0.9220877629507213,0.009540205999524001,3,0.9220877629507213,0.009540205999524001,3,0.9718173919053684,0.004361475703120742,3,0.9609051598035402,0.010532924501701938,3,0.199576733510331,0.01358398368165474,3,9.429766666666668,0.46749400352660436,3,1272.0,0.0,3,0.4000000000000001,0.0,3,3,3,0,1.0,True,6.0
spambase,44,self_training_xgboost,500,0.9185667752442996,0.008887462293021096,3,0.9125788678574603,0.01326683203165131,3,0.9142779580990877,0.0098555532708876,3,0.9142779580990877,0.0098555532708876,3,0.9650990188624599,0.010993815651453416,3,0.9535139832616281,0.01226046135241022,3,0.2639654725790024,0.048770301666616014,3,7.934866666666667,0.7142270810696923,3,1552.0,0.0,3,0.48805031446540886,0.0,3,3,3,0,1.0,True,7.0
spambase,44,rpl_lite_xgboost,500,0.917119073470865,0.009852086564470626,3,0.9113841247272333,0.015274469699509048,3,0.9127819872798107,0.01107265723605428,3,0.9127819872798107,0.01107265723605428,3,0.9652907372848721,0.010375172618032509,3,0.9536050439074838,0.011773803130529937,3,0.2633190949757893,0.04569503872336255,3,7.865333333333333,0.462894764858421,3,1552.0,0.0,3,0.48805031446540886,0.0,3,3,3,0,1.0,True,8.0
spambase,44,scarf,500,0.9106044154904089,0.012953695380509075,3,0.9064891337618611,0.009892954926812204,3,0.9064589935887168,0.012772440716681491,3,0.9064589935887168,0.012772440716681491,3,0.9612843982345449,0.0033433056545409973,3,0.9316284431902758,0.006176507381454383,3,0.2701114240001316,0.016643980349013404,3,36.05073333333333,17.076332523212745,3,,,0,,,0,3,3,0,1.0,True,9.0
spambase,44,self_training_lr,500,0.9077090119435396,0.014363470744107447,3,0.9026555881394591,0.015213298384555029,3,0.9032263423026472,0.015014084682662028,3,0.9032263423026472,0.015014084682662028,3,0.9551033304698994,0.004032857760983147,3,0.9171999899881845,0.008712035350035398,3,0.3082963526248932,0.00744799373761753,3,0.34073333333333333,0.02655133392757009,3,1590.0,0.0,3,0.5,0.0,3,3,3,0,1.0,True,10.0
spambase,44,sslae,500,0.9077090119435396,0.017774924586042237,3,0.9021742350188098,0.015709657936130408,3,0.9031408605516096,0.017713700534146188,3,0.9031408605516096,0.017713700534146188,3,0.9614152275442599,0.008246179317104491,3,0.9247343336687686,0.018462019229523417,3,0.2981608295090483,0.06233128921541179,3,18.938166666666664,10.016525130669484,3,,,0,,,0,3,3,0,1.0,True,11.0
spambase,44,vime,500,0.9073470865001809,0.02142402980376221,3,0.9012337450753872,0.015366827648966396,3,0.9027745435479125,0.02097279217991915,3,0.9027745435479125,0.02097279217991915,3,0.9601949768127676,0.008541883009816665,3,0.9313352001704045,0.015509647537218885,3,0.27623328236688993,0.04781411381217883,3,25.8997,4.56194824937767,3,,,0,,,0,3,3,0,1.0,True,12.0
spambase,44,logistic_regression,500,0.9066232356134636,0.013342242917963642,3,0.901117726630923,0.01428708207275739,3,0.9020031844410585,0.013968350878029282,3,0.9020031844410585,0.013968350878029282,3,0.9545610882365526,0.004147007250985285,3,0.9135021843704799,0.009240023611762535,3,0.29780180255572,0.0070135574510727695,3,0.32426666666666665,0.08161380602161214,3,,,0,,,0,3,3,0,1.0,True,13.0
spambase,44,rpl_lr,500,0.9062613101701049,0.011404959288156885,3,0.9000167856472842,0.013143152004121268,3,0.9014586032666485,0.012103977863237135,3,0.9014586032666485,0.012103977863237135,3,0.9556932966023877,0.0041481727669949635,3,0.9239634932124776,0.006291332908653302,3,0.37183215220769245,0.006772401051498706,3,1.1235000000000002,0.4520680922162059,3,,,0,,,0,3,3,0,1.0,True,14.0
spambase,44,mlp,500,0.8968512486427795,0.022749540542624215,3,0.883907501209554,0.02477799806307182,3,0.8900334371231695,0.024548490387029376,3,0.8900334371231695,0.024548490387029376,3,0.9499952276100858,0.012580602834958824,3,0.9123443849044884,0.024681567270757286,3,0.33213636279106135,0.022930354032500763,3,0.5907333333333333,0.009943004240838545,3,,,0,,,0,3,3,0,1.0,True,15.0
spambase,44,label_spreading,500,0.8530582699963808,0.003490282577268534,3,0.83412818310179,0.006474442027696404,3,0.8417330869175874,0.0036892122143461223,3,0.8417330869175874,0.0036892122143461223,3,0.9315269014682506,0.017350646988803287,3,0.8962931216679468,0.03156185325511816,3,0.3814453899336612,0.032865195886323216,3,3.797166666666667,1.4279550739898412,3,,,0,,,0,3,3,0,1.0,True,16.0
spambase,44,label_propagation,500,0.7021353601158161,0.050442851483048716,3,0.6267834750239443,0.07030421219767981,3,0.6000931354691795,0.1000325083673519,3,0.6000931354691795,0.1000325083673519,3,0.9170122535225177,0.018698220744121145,3,0.8792981787280064,0.0322414885364344,3,0.5299857366349335,0.06966626704020745,3,4.9177333333333335,0.8681807204340192,3,,,0,,,0,3,3,0,1.0,True,17.0
steel-plates-fault,40982,logistic_regression,50,0.5878320479862896,0.04665178265232635,3,0.6295294924837531,0.03209711563592314,3,0.5865114018335192,0.06331320226782329,3,0.5865114018335192,0.06331320226782329,3,0.8683784585467138,0.012855288751326526,3,,,0,1.3307292064030964,0.18120886490208668,3,0.07976666666666667,0.004306197084822448,3,,,0,,,0,3,3,0,1.0,True,1.0
steel-plates-fault,40982,label_spreading,50,0.5526992287917738,0.023136246786632425,3,0.6252967916084039,0.020470217348560242,3,0.5440265388276223,0.03695396216159592,3,0.5440265388276223,0.03695396216159592,3,0.8631880925518253,0.012962423561064142,3,,,0,2.0040917569835646,0.5621173705228151,3,2.4842666666666666,1.140528655200444,3,,,0,,,0,3,3,0,1.0,True,2.0
steel-plates-fault,40982,catboost,50,0.5929734361610969,0.040182944602205166,3,0.6160628386975504,0.05117759091347779,3,0.6084406808713063,0.04765694541164504,3,0.6084406808713063,0.04765694541164504,3,0.8639694410767408,0.005660299269393018,3,,,0,1.2130891280266185,0.059368714427044535,3,4.990933333333333,2.4659068034565563,3,,,0,,,0,3,3,0,1.0,True,3.0
steel-plates-fault,40982,self_training_catboost,50,0.586975149957155,0.04920266399299265,3,0.6007286980710121,0.060169587706365255,3,0.6013821391131842,0.058117069517817414,3,0.6013821391131842,0.058117069517817414,3,0.861212338124437,0.008979166596510985,3,,,0,1.351254121174887,0.03948129536328652,3,2.3082,0.052315676426860656,3,0.0,0.0,3,0.0,0.0,3,3,3,0,1.0,True,4.0
steel-plates-fault,40982,xgboost,50,0.5629820051413882,0.02196401991084198,3,0.5823324234090733,0.03700060636202099,3,0.5576086877216226,0.05361684964572646,3,0.5576086877216226,0.05361684964572646,3,0.8498909338235711,0.012351926240619772,3,,,0,1.2970163822174072,0.09206647712086427,3,3.2525666666666666,0.6126549463877144,3,,,0,,,0,3,3,0,1.0,True,5.0
steel-plates-fault,40982,self_training_lr,50,0.574121679520137,0.0233258913261632,3,0.5730613578305725,0.030169739184438944,3,0.5553556557186923,0.01745215652305535,3,0.5553556557186923,0.01745215652305535,3,0.8571606785562492,0.014573113818543003,3,,,0,1.8436321020126343,0.15128899341818916,3,0.2782,0.041051552954790876,3,586.6666666666666,53.98456569551463,3,0.3905903240124278,0.03594178807957032,3,3,3,0,1.0,True,6.0
steel-plates-fault,40982,rpl_lr,50,0.5715509854327335,0.021863497552995822,3,0.561558265599619,0.024311216646246976,3,0.5340532997086996,0.023213058814151876,3,0.5340532997086996,0.023213058814151876,3,0.8553733999586144,0.01359206202644885,3,,,0,2.3230311075846353,0.24911618095217952,3,0.23586666666666667,0.05651418700939909,3,,,0,,,0,3,3,0,1.0,True,7.0
steel-plates-fault,40982,random_forest,50,0.5561268209083119,0.03745928533743685,3,0.5584703563400305,0.04917925315553986,3,0.5551255763474566,0.05212363169865734,3,0.5551255763474566,0.05212363169865734,3,0.851888741772458,0.010036509096558581,3,,,0,1.2171304215006826,0.1334865073084681,3,1.2733666666666668,0.24217019497314968,3,,,0,,,0,3,3,0,1.0,True,8.0
steel-plates-fault,40982,label_propagation,50,0.44387317909168805,0.07245223590035296,3,0.5531337495466567,0.06742718568360143,3,0.42531974875841555,0.08901613279045849,3,0.42531974875841555,0.08901613279045849,3,0.8590553901519885,0.018508969993845978,3,,,0,1.510848070347916,0.09478247151033853,3,2.507766666666667,0.10959426688168189,3,,,0,,,0,3,3,0,1.0,True,9.0
steel-plates-fault,40982,self_training_xgboost,50,0.5518423307626392,0.02819962754396627,3,0.5436912780897744,0.004847268255842539,3,0.5434197712230485,0.04083605218872808,3,0.5434197712230485,0.04083605218872808,3,0.8209874687259395,0.02244651517318913,3,,,0,1.8239295085271199,0.3138593773798492,3,14.206100000000001,0.4615734069462844,3,489.6666666666667,84.68962943202276,3,0.32600976475810023,0.05638457352331741,3,3,3,0,1.0,True,10.0
steel-plates-fault,40982,rpl_lite_xgboost,50,0.5552699228791774,0.020404251756282177,3,0.5143838802986672,0.03955977459690263,3,0.5399584110906717,0.021233785578633806,3,0.5399584110906717,0.021233785578633806,3,0.8106247432131362,0.009941242541560587,3,,,0,2.125296394030253,0.15239661521583825,3,17.878566666666668,2.319379926474602,3,687.6666666666666,40.203648258999245,3,0.45783399911229467,0.026766743181757112,3,3,3,0,1.0,True,11.0
steel-plates-fault,40982,sslae,50,0.5389888603256212,0.07491857067487366,3,0.46121326633544674,0.1837560819695552,3,0.4495571481292786,0.20450544887214603,3,0.4495571481292786,0.20450544887214603,3,0.8425362531556974,0.027019508968874412,3,,,0,1.2873013730866003,0.10116861886770802,3,7.801100000000001,3.8122321820686627,3,,,0,,,0,3,3,0,1.0,True,12.0
steel-plates-fault,40982,vime,50,0.5235646958011997,0.05143529973764843,3,0.44387373780648637,0.15539664135687217,3,0.4259010542627946,0.1650887276640662,3,0.4259010542627946,0.1650887276640662,3,0.8270390665814061,0.04122264667931481,3,,,0,1.293816050334813,0.156335829385911,3,12.448733333333331,2.665026296930919,3,,,0,,,0,3,3,0,1.0,True,13.0
steel-plates-fault,40982,scarf,50,0.5201371036846615,0.07272535524496573,3,0.4400219168807305,0.17243784184362976,3,0.4260346318986847,0.18720021767688474,3,0.4260346318986847,0.18720021767688474,3,0.8343591066110075,0.031002068541647377,3,,,0,1.3124253462667352,0.0772841141545388,3,18.695966666666667,3.2894768342904235,3,,,0,,,0,3,3,0,1.0,True,14.0
steel-plates-fault,40982,mlp,50,0.48329048843187655,0.08494967425119955,3,0.3673434344748045,0.07927581951495298,3,0.35535919032538316,0.10134339701665451,3,0.35535919032538316,0.10134339701665451,3,0.7828773842527034,0.09355603886786944,3,,,0,1.5423324902852376,0.18605662655101163,3,0.1461,0.03821361014089089,3,,,0,,,0,3,3,0,1.0,True,15.0
steel-plates-fault,40982,lightgbm,50,0.42073693230505566,0.016527250661513188,3,0.22081723777630205,0.014393826421755865,3,0.1855732654792381,0.025209784322672932,3,0.1855732654792381,0.025209784322672932,3,0.7278336378367795,0.04089623307532494,3,,,0,1.5764293381565464,0.051902484895552124,3,1.0374,0.23053754574906007,3,,,0,,,0,3,3,0,1.0,True,16.5
steel-plates-fault,40982,self_training_lightgbm,50,0.42073693230505566,0.016527250661513188,3,0.22081723777630205,0.014393826421755865,3,0.1855732654792381,0.025209784322672932,3,0.1855732654792381,0.025209784322672932,3,0.7278336378367795,0.04089623307532494,3,,,0,1.5764293381565464,0.051902484895552124,3,1.7143333333333333,0.16505182014547215,3,0.0,0.0,3,0.0,0.0,3,3,3,0,1.0,True,16.5
steel-plates-fault,40982,logistic_regression,100,0.62382176520994,0.032550848180329994,3,0.6599676797567358,0.04161685361239049,3,0.6245886260293139,0.0509578431885827,3,0.6245886260293139,0.0509578431885827,3,0.8831969264277459,0.011493851029001903,3,,,0,1.2000418504079182,0.13903373964786298,3,0.08686666666666666,0.009263548636096934,3,,,0,,,0,3,3,0,1.0,True,1.0
steel-plates-fault,40982,catboost,100,0.6358183376178235,0.04425278948988978,3,0.6508316900077552,0.044290841995021736,3,0.6504469228220465,0.03576263147513465,3,0.6504469228220465,0.03576263147513465,3,0.8878634089166869,0.010929124219508965,3,,,0,1.0722473119355849,0.11818642278470468,3,6.475466666666667,0.5430964677967747,3,,,0,,,0,3,3,0,1.0,True,2.0
steel-plates-fault,40982,xgboost,100,0.5972579263067695,0.001484190923366646,3,0.6310561723155709,0.01438715620772456,3,0.6083176454196816,0.01797661086885688,3,0.6083176454196816,0.01797661086885688,3,0.87366701548864,0.00438547564803886,3,,,0,1.22606364885966,0.1260642295791601,3,4.676033333333334,0.2414120405724069,3,,,0,,,0,3,3,0,1.0,True,3.0
steel-plates-fault,40982,label_spreading,100,0.5629820051413882,0.037341488550987026,3,0.6309302487403992,0.02876722076499922,3,0.5774850033211284,0.022874495774686622,3,0.5774850033211284,0.022874495774686622,3,0.8709876009929131,0.03379989122794045,3,,,0,2.0955380616220167,0.808366599290794,3,1.5456,0.16333349319720078,3,,,0,,,0,3,3,0,1.0,True,4.0
steel-plates-fault,40982,self_training_lr,100,0.6161096829477293,0.036020307724050925,3,0.6281088320927503,0.03784614657445883,3,0.6061513724520472,0.0545806649185149,3,0.6061513724520472,0.0545806649185149,3,0.8776071348803711,0.014628896157436028,3,,,0,1.3969343105951946,0.1784278018293317,3,0.31106666666666666,0.06935772007017915,3,367.3333333333333,158.9412889507737,3,0.25298438934802564,0.10946369762449983,3,3,3,0,1.0,True,5.0
steel-plates-fault,40982,lightgbm,100,0.5878320479862896,0.0039268000813674625,3,0.6165949928115759,0.024962865592202454,3,0.6027518914276334,0.03983816842986476,3,0.6027518914276334,0.03983816842986476,3,0.8643984603528168,0.00813005913990755,3,,,0,2.4553669690708713,0.5854570408176468,3,2.9834,0.19358256636381288,3,,,0,,,0,3,3,0,1.0,True,6.0
steel-plates-fault,40982,self_training_catboost,100,0.6246786632390745,0.06559049265898756,3,0.6165462413217216,0.08175727099628018,3,0.618108278940889,0.07243350382232712,3,0.618108278940889,0.07243350382232712,3,0.8859747347371792,0.015441470825989699,3,,,0,1.1973431936193084,0.05438026957334101,3,3.8881333333333337,0.36099929824493204,3,0.0,0.0,3,0.0,0.0,3,3,3,0,1.0,True,7.0
steel-plates-fault,40982,rpl_lr,100,0.6006855184233076,0.028433007751563072,3,0.6117218669275896,0.019136248056314486,3,0.5751305317826293,0.03956356637050599,3,0.5751305317826293,0.03956356637050599,3,0.872196895388465,0.01563631488036096,3,,,0,1.835935076077779,0.24246040314119405,3,0.3049,0.07284071663568392,3,,,0,,,0,3,3,0,1.0,True,8.0
steel-plates-fault,40982,label_propagation,100,0.5321336760925449,0.0952198415293169,3,0.6097275958439283,0.0773880969273168,3,0.5252641638852316,0.09663992980834146,3,0.5252641638852316,0.09663992980834146,3,0.8688529447569523,0.03444184129906671,3,,,0,1.4178741749064894,0.20213163563999798,3,2.4034666666666666,0.5605415268589238,3,,,0,,,0,3,3,0,1.0,True,9.0
steel-plates-fault,40982,sslae,100,0.596401028277635,0.017810291080399766,3,0.6053569825081938,0.005939967541981277,3,0.571729114658245,0.022057940748548013,3,0.571729114658245,0.022057940748548013,3,0.870543784660046,0.014987746166151186,3,,,0,1.1807775593571979,0.07615254780459853,3,5.693466666666666,2.112247865032258,3,,,0,,,0,3,3,0,1.0,True,10.0
steel-plates-fault,40982,self_training_lightgbm,100,0.5946872322193659,0.024297252577134245,3,0.6051427961097969,0.0459966117934258,3,0.5917582330674355,0.051164862899034984,3,0.5917582330674355,0.051164862899034984,3,0.8424763562390579,0.003191123471407518,3,,,0,3.5406701089146533,0.15824048255549966,3,24.379099999999998,4.167222273889408,3,710.0,0.0,3,0.4889807162534436,0.0,3,3,3,0,1.0,True,11.0
steel-plates-fault,40982,scarf,100,0.5989717223650386,0.032820425025202306,3,0.60417634845893,0.02242272748783481,3,0.5855874433820221,0.028748351788895243,3,0.5855874433820221,0.028748351788895243,3,0.870179753042267,0.018925250257022522,3,,,0,1.1441489827135791,0.09562189827597743,3,18.858900000000002,2.956877319064828,3,,,0,,,0,3,3,0,1.0,True,12.0
steel-plates-fault,40982,random_forest,100,0.5946872322193659,0.06822436777845092,3,0.6037553497818744,0.0723478547172611,3,0.6068588016361107,0.06304826130712853,3,0.6068588016361107,0.06304826130712853,3,0.8790337492600423,0.020652360647322236,3,,,0,1.1186541116071138,0.1786007490782647,3,1.2445666666666666,0.1818474727163767,3,,,0,,,0,3,3,0,1.0,True,13.0
steel-plates-fault,40982,vime,100,0.5878320479862896,0.019464981476607583,3,0.6013912037094995,0.025994832262906088,3,0.5657272813095093,0.030796010426082873,3,0.5657272813095093,0.030796010426082873,3,0.867357372855366,0.014753813436447279,3,,,0,1.1728264887719144,0.08582673072903167,3,14.2873,2.65523897417916,3,,,0,,,0,3,3,0,1.0,True,14.0
steel-plates-fault,40982,self_training_xgboost,100,0.5818337617823479,0.01632610015703308,3,0.592735580580192,0.03469944736024849,3,0.5934752016074248,0.0424146942631224,3,0.5934752016074248,0.0424146942631224,3,0.8522681887410304,0.0027039719566179787,3,,,0,1.8087108929951985,0.19759469911647282,3,16.719033333333332,0.8389392727327363,3,630.6666666666666,109.86051762727743,3,0.4343434343434343,0.07566151351740873,3,3,3,0,1.0,True,15.0
steel-plates-fault,40982,rpl_lite_xgboost,100,0.5638389031705228,0.026005125802045496,3,0.5816192048073835,0.04580947149752948,3,0.5747597664073156,0.05882776323712809,3,0.5747597664073156,0.05882776323712809,3,0.8515052370188979,0.002345912236499463,3,,,0,1.8833166758219402,0.17453532326066037,3,19.1377,2.6615347846684263,3,710.0,0.0,3,0.4889807162534436,0.0,3,3,3,0,1.0,True,16.0
steel-plates-fault,40982,mlp,100,0.43873179091688086,0.027246123557128774,3,0.30254503011917383,0.03497201249347029,3,0.3062587158407868,0.04837744380944016,3,0.3062587158407868,0.04837744380944016,3,0.7697185224409965,0.01333682732102546,3,,,0,1.633665959040324,0.009749415851471616,3,0.13073333333333334,0.005020292156173113,3,,,0,,,0,3,3,0,1.0,True,17.0
steel-plates-fault,40982,xgboost,250,0.6872322193658954,0.029572294647364876,3,0.7110170164159304,0.01133409863064895,3,0.7152644202384835,0.011270933387625706,3,0.7152644202384835,0.011270933387625706,3,0.9244478792225898,0.010960123735451016,3,,,0,0.8919530709584554,0.10441760922030946,3,6.720366666666667,0.39732005151179234,3,,,0,,,0,3,3,0,1.0,True,1.0
steel-plates-fault,40982,self_training_lightgbm,250,0.6940874035989717,0.04208407594793033,3,0.7040140548442553,0.04779422668345525,3,0.707078632382558,0.04825451123872524,3,0.707078632382558,0.04825451123872524,3,0.9145337059493253,0.010677874746245842,3,,,0,2.0664013599438555,0.3245488973151464,3,30.683900000000005,4.977347844987331,3,637.0,0.0,3,0.489247311827957,0.0,3,3,3,0,1.0,True,2.0
steel-plates-fault,40982,self_training_lr,250,0.660668380462725,0.0068014172520940155,3,0.7025473370189328,0.008629773960912138,3,0.675811446295063,0.0032320576765933855,3,0.675811446295063,0.0032320576765933855,3,0.9144568495715992,0.009630004667619183,3,,,0,0.9150823553403219,0.09281371264630228,3,0.4301000000000001,0.11172927100809346,3,262.0,12.767145334803704,3,0.20122887864823347,0.009805795188021302,3,3,3,0,1.0,True,3.0
steel-plates-fault,40982,self_training_xgboost,250,0.6829477292202227,0.03345196451746895,3,0.702381334900132,0.004791051022141365,3,0.7019832297306269,0.021777274040512773,3,0.7019832297306269,0.021777274040512773,3,0.9147963862360915,0.015236432078593308,3,,,0,1.1435874104499817,0.23263734029496722,3,22.493,0.8110111651512569,3,611.0,45.033320996790806,3,0.46927803379416283,0.03458780414500065,3,3,3,0,1.0,True,4.0
steel-plates-fault,40982,logistic_regression,250,0.6632390745501285,0.00680141725209411,3,0.7021669939485312,0.00823591976897619,3,0.6771127834643292,0.005220758364990611,3,0.6771127834643292,0.005220758364990611,3,0.9143087426867106,0.009813827107845695,3,,,0,0.9049494465192159,0.08593097204442829,3,0.07926666666666667,0.011998472124955466,3,,,0,,,0,3,3,0,1.0,True,5.0
steel-plates-fault,40982,catboost,250,0.6983718937446444,0.019634000406837385,3,0.7006905597496659,0.019838667732718515,3,0.7263277160479961,0.017392812081225065,3,0.7263277160479961,0.017392812081225065,3,0.930030026006435,0.009254731004634203,3,,,0,0.803536316385844,0.05604798853037914,3,10.7612,0.49973343894520433,3,,,0,,,0,3,3,0,1.0,True,6.0
steel-plates-fault,40982,lightgbm,250,0.6846615252784919,0.02819962754396628,3,0.7000457705449351,0.03196760481105625,3,0.7084997183653808,0.01973929825124049,3,0.7084997183653808,0.01973929825124049,3,0.9199482072401045,0.009730564864487963,3,,,0,1.659072308502447,0.21869340757305278,3,7.5599,0.5540036010713287,3,,,0,,,0,3,3,0,1.0,True,7.0
steel-plates-fault,40982,rpl_lite_xgboost,250,0.6838046272493573,0.03477570503462385,3,0.6953111038532928,0.0038496594414800665,3,0.6956094727173605,0.01777999302324462,3,0.6956094727173605,0.01777999302324462,3,0.9163364027665923,0.015561797343505686,3,,,0,1.1412333051363628,0.21221666989752153,3,24.801299999999998,1.5304567390161674,3,637.0,0.0,3,0.489247311827957,0.0,3,3,3,0,1.0,True,8.0
steel-plates-fault,40982,rpl_lr,250,0.6486718080548415,0.010702652953553363,3,0.6756339225689686,0.02526587908602175,3,0.6476594841191365,0.029733401102427514,3,0.6476594841191365,0.029733401102427514,3,0.9135582928903275,0.009981214593327618,3,,,0,0.9715244968732198,0.11465379065950398,3,0.46866666666666673,0.13063725859544564,3,,,0,,,0,3,3,0,1.0,True,9.0
steel-plates-fault,40982,label_spreading,250,0.6392459297343617,0.019464981476607617,3,0.6686509827852768,0.013613176367408672,3,0.6461652931709135,0.004450822651882233,3,0.6461652931709135,0.004450822651882233,3,0.9084504998130255,0.009314430205650091,3,,,0,1.0669565863186563,0.14858603550498745,3,1.6375,0.19385698336660456,3,,,0,,,0,3,3,0,1.0,True,10.0
steel-plates-fault,40982,sslae,250,0.647814910025707,0.043852756064863684,3,0.6634073700750811,0.08420650384428027,3,0.6530293417946149,0.05773470527194792,3,0.6530293417946149,0.05773470527194792,3,0.895738985550761,0.036095131599087976,3,,,0,0.9893999501799469,0.1833642012440408,3,9.0107,1.5977060461799601,3,,,0,,,0,3,3,0,1.0,True,11.0
steel-plates-fault,40982,random_forest,250,0.6683804627249357,0.043852756064863656,3,0.6542705239081598,0.01618528907570755,3,0.6775495370942813,0.027790553070869823,3,0.6775495370942813,0.027790553070869823,3,0.9207337511858918,0.014244327680168214,3,,,0,0.9180991599509163,0.09089636824349678,3,1.3746,0.10072457495566794,3,,,0,,,0,3,3,0,1.0,True,12.0
steel-plates-fault,40982,self_training_catboost,250,0.6838046272493573,0.031273843343435574,3,0.6504975104338095,0.039393144117230314,3,0.6851194196099453,0.03860759749312866,3,0.6851194196099453,0.03860759749312866,3,0.9225483460148015,0.012869390922546723,3,,,0,0.9363550894170131,0.05045400155878188,3,7.637066666666667,1.1368972703517826,3,0.0,0.0,3,0.0,0.0,3,3,3,0,1.0,True,13.0
steel-plates-fault,40982,label_propagation,250,0.6332476435304198,0.024967955928592044,3,0.6263268757681875,0.03641602313017948,3,0.5962930622097387,0.03560045216723293,3,0.5962930622097387,0.03560045216723293,3,0.9029665464772019,0.006508329775838108,3,,,0,1.0019712151349587,0.06552114249246396,3,1.8464999999999998,0.5362713865199223,3,,,0,,,0,3,3,0,1.0,True,14.0
steel-plates-fault,40982,vime,250,0.6315338474721508,0.07824093733445396,3,0.6209950730679636,0.19002408283614527,3,0.6030385472463786,0.16180865740050912,3,0.6030385472463786,0.16180865740050912,3,0.891579083216072,0.04971817949151938,3,,,0,1.0020462602687445,0.2217522463318049,3,13.661866666666667,2.6261475288592093,3,,,0,,,0,3,3,0,1.0,True,15.0
steel-plates-fault,40982,scarf,250,0.6212510711225364,0.08394539777567088,3,0.5796193570577447,0.2072929128579729,3,0.5704862239746143,0.2018346321881323,3,0.5704862239746143,0.2018346321881323,3,0.8917580159350239,0.044973117072848796,3,,,0,0.9932766227443199,0.22601142659183246,3,17.039666666666665,3.1859061071119674,3,,,0,,,0,3,3,0,1.0,True,16.0
steel-plates-fault,40982,mlp,250,0.5235646958011996,0.10209680211555426,3,0.37744637533171366,0.1577396996100869,3,0.3818129019645939,0.17488712407920137,3,0.3818129019645939,0.17488712407920137,3,0.7930442233343582,0.09192528350287853,3,,,0,1.408581018447876,0.34812250824847035,3,0.18283333333333332,0.046908563539436295,3,,,0,,,0,3,3,0,1.0,True,17.0
steel-plates-fault,40982,self_training_lightgbm,500,0.731790916880891,0.03499670583832416,3,0.7445530538105727,0.0217936485833391,3,0.7588393675641063,0.027952044814842206,3,0.7588393675641063,0.027952044814842206,3,0.9389496683599673,0.008431151705687596,3,,,0,1.5180925084932835,0.1790250333682583,3,38.709133333333334,1.7533635171673105,3,515.0,0.0,3,0.4895437262357414,0.0,3,3,3,0,1.0,True,1.0
steel-plates-fault,40982,xgboost,500,0.726649528706084,0.02748760056957232,3,0.7408450199124802,0.011515268886404298,3,0.7553606256790615,0.01888334406059181,3,0.7553606256790615,0.01888334406059181,3,0.9399667204670451,0.013557897753635455,3,,,0,0.7616674900054932,0.11880051540806769,3,9.150966666666667,1.2083659889840217,3,,,0,,,0,3,3,0,1.0,True,2.0
steel-plates-fault,40982,catboost,500,0.7352185089974292,0.024790875992269815,3,0.7387578053618155,0.019177443984241135,3,0.7631610248462902,0.01888067510309888,3,0.7631610248462902,0.01888067510309888,3,0.9456810663602951,0.01106078886305254,3,,,0,0.684890297085305,0.062344901456273506,3,14.496900000000002,0.7498972129565492,3,,,0,,,0,3,3,0,1.0,True,3.0
steel-plates-fault,40982,lightgbm,500,0.7249357326478149,0.02683883421313762,3,0.7367416508968304,0.019257460517531307,3,0.7480149920465603,0.019970412817042656,3,0.7480149920465603,0.019970412817042656,3,0.9379404455512859,0.009284515661329092,3,,,0,1.3951538351846544,0.23317875832117949,3,11.264733333333332,2.113138190780085,3,,,0,,,0,3,3,0,1.0,True,4.0
steel-plates-fault,40982,rpl_lite_xgboost,500,0.7249357326478149,0.04040162890874479,3,0.7362223534842581,0.023035336132244094,3,0.7495570064701553,0.03150642000069147,3,0.7495570064701553,0.03150642000069147,3,0.9391486150043263,0.012786110045076888,3,,,0,0.8530000646909078,0.12237683028098555,3,32.524233333333335,1.39275655206979,3,515.0,0.0,3,0.4895437262357414,0.0,3,3,3,0,1.0,True,5.0
steel-plates-fault,40982,self_training_xgboost,500,0.7223650385604113,0.033419023136246805,3,0.732916040455723,0.017422638862501384,3,0.7455139538728481,0.026232896042290815,3,0.7455139538728481,0.026232896042290815,3,0.9393868683403706,0.012528060087035409,3,,,0,0.8500315149625143,0.11411566130239553,3,30.721333333333334,1.7815203656802072,3,508.0,12.12435565298214,3,0.48288973384030415,0.011525052902074225,3,3,3,0,1.0,True,6.0
steel-plates-fault,40982,random_forest,500,0.7197943444730077,0.02196401991084195,3,0.7129658071282967,0.01631729035639506,3,0.7403139032840701,0.016258382600755208,3,0.7403139032840701,0.016258382600755208,3,0.9382057701189986,0.013442043284188595,3,,,0,0.8094755158438004,0.08997935493049329,3,1.4253666666666664,0.09876721790823768,3,,,0,,,0,3,3,0,1.0,True,7.0
steel-plates-fault,40982,self_training_catboost,500,0.7215081405312768,0.021863497552995825,3,0.7094068295561612,0.024200965133699077,3,0.742150154044539,0.019075932170587166,3,0.742150154044539,0.019075932170587166,3,0.9384038458222542,0.011558361251527148,3,,,0,0.7989403765845515,0.04881551060275267,3,18.4031,0.9112303495823677,3,155.0,6.0,3,0.14733840304182508,0.005703422053231964,3,3,3,0,1.0,True,8.0
steel-plates-fault,40982,label_spreading,500,0.6803770351328192,0.017116524726168116,3,0.7065890248168861,0.02026346699860882,3,0.6933726698272683,0.024973096700804748,3,0.6933726698272683,0.024973096700804748,3,0.924969270172875,0.008747106017141465,3,,,0,1.0984742724853493,0.28960962694841746,3,1.0889666666666666,0.3587358406032681,3,,,0,,,0,3,3,0,1.0,True,9.0
steel-plates-fault,40982,vime,500,0.6940874035989717,0.01799485861182521,3,0.7062873825561796,0.03624555270658371,3,0.7113554234105427,0.03516532981591509,3,0.7113554234105427,0.03516532981591509,3,0.926723195832663,0.012531863046166502,3,,,0,0.8242880125661962,0.08023088289948072,3,15.860366666666666,1.351354440305478,3,,,0,,,0,3,3,0,1.0,True,10.0
steel-plates-fault,40982,sslae,500,0.6992287917737788,0.021042037973965134,3,0.7034005966650078,0.04802350407600254,3,0.6979145593434639,0.03982253847069856,3,0.6979145593434639,0.03982253847069856,3,0.9246558655813386,0.008867973718571747,3,,,0,0.8119035792850949,0.07308573743741324,3,14.337066666666667,3.8335165075076083,3,,,0,,,0,3,3,0,1.0,True,11.0
steel-plates-fault,40982,scarf,500,0.6820908311910884,0.017116524726168134,3,0.6882417746243977,0.02554778090281843,3,0.7002957374350728,0.03106500558473421,3,0.7002957374350728,0.03106500558473421,3,0.9263814614196123,0.0075191278895086425,3,,,0,0.8355344843860953,0.05634165779762265,3,16.268466666666665,2.5794267373455937,3,,,0,,,0,3,3,0,1.0,True,12.0
steel-plates-fault,40982,label_propagation,500,0.675235646958012,0.012680932808010916,3,0.6863294588545216,0.03168569535348051,3,0.6728886045671892,0.024589907019390872,3,0.6728886045671892,0.024589907019390872,3,0.924706510046021,0.007555818967974583,3,,,0,0.986875417598394,0.18842597944485343,3,1.2133333333333332,0.5924699007825911,3,,,0,,,0,3,3,0,1.0,True,13.0
steel-plates-fault,40982,rpl_lr,500,0.6743787489288775,0.012938876495751088,3,0.6780503860599935,0.013189267868066944,3,0.6802758224775726,0.02028427235327653,3,0.6802758224775726,0.02028427235327653,3,0.9230641408756574,0.004807327962498768,3,,,0,0.8195846279462179,0.03579700256216828,3,0.6562333333333333,0.5344782253126252,3,,,0,,,0,3,3,0,1.0,True,14.0
steel-plates-fault,40982,self_training_lr,500,0.6683804627249357,0.01563692167171786,3,0.6750657164086572,0.011459049001088907,3,0.679046406220135,0.020344305542333522,3,0.679046406220135,0.020344305542333522,3,0.9228537018756701,0.00497395716531203,3,,,0,0.8142820994059244,0.03205995005835548,3,0.4652,0.09146523929887242,3,196.33333333333334,7.5055534994651385,3,0.18662864385297842,0.007134556558426909,3,3,3,0,1.0,True,15.0
steel-plates-fault,40982,logistic_regression,500,0.6692373607540704,0.015062892743142252,3,0.6712070236610753,0.018079082482270456,3,0.6763455244051899,0.023763924705119566,3,0.6763455244051899,0.023763924705119566,3,0.923010540316016,0.005025081700696288,3,,,0,0.8098984758059183,0.029097082142858798,3,0.09693333333333333,0.006030201765557546,3,,,0,,,0,3,3,0,1.0,True,16.0
steel-plates-fault,40982,mlp,500,0.6598114824335904,0.01549540815769074,3,0.6102839918211681,0.03085547741141716,3,0.6221581792841865,0.03495295722527199,3,0.6221581792841865,0.03495295722527199,3,0.9077661647489054,0.014393528419620012,3,,,0,0.9009202122688293,0.07871112908396452,3,0.30093333333333333,0.01288112313943679,3,,,0,,,0,3,3,0,1.0,True,17.0
