backbone,checkpoint,checkpoint_hash,checkpoint_ids,code_version,cold_model_load_seconds,cuda_version,dataset,device,dirty_tree,embedding_source,ensemble_count,env_lock_hash,env_name,env_name_required,environment,error_message,git_commit,gpu_name,hostname,input_view,kv_cache,method,method_config,method_config_hash,method_family,method_fidelity,metric_accuracy,metric_average_precision,metric_balanced_accuracy,metric_brier,metric_ece,metric_log_loss,metric_macro_f1,metric_nll,metric_roc_auc,n_labeled,native_preprocessing,needs_external_validation,offloading_mode,package_version,peak_gpu_mem_mb,protocol,reference_paper,run_id,runtime_seconds,seed,slurm_array_task_id,slurm_job_id,source_tree_hash,split_protocol_version,status,supports_predict_proba,timestamp_utc,training_meta,upstream_commit,uses_unlabeled_data,warm_inference_seconds
,,,,nogit:a6fc4d94b43f557a,,12.4,adult,gpu,False,,,3f9236be15390304,,ssl-representation,"{'cuda_available': True, 'cuda_version': '12.4', 'env_name': None, 'env_prefix': '/private/ofirlin-lab/suissad4/envs/micromamba', 'gpu_count': 1, 'gpu_name': 'NVIDIA A100 80GB PCIe', 'hostname': 'dsiuriofir01', 'packages': {'catboost': '1.2.10', 'lightgbm': '4.7.0', 'numpy': '2.4.6', 'pandas': '3.0.3', 'scikit-learn': '1.9.0', 'tabicl': '2.1.1', 'tabpfn': '8.1.0', 'torch': '2.6.0+cu124', 'xgboost': None}, 'platform': 'Linux-5.14.0-687.15.1.el9_8.x86_64-x86_64-with-glibc2.34', 'python': '3.11.15 | packaged by conda-forge | (main, Jun 11 2026, 03:34:02) [GCC 14.3.0]', 'python_version': '3.11.15', 'torch_available': True, 'torch_version': '2.6.0+cu124'}",,,NVIDIA A100 80GB PCIe,dsiuriofir01,processed,,embedding_alignment_ssl,{},44136fa355b3678a,geometric_ssl,novel_experimental,0.8238304841846658,0.6587793370986873,0.6908724508420152,0.24960855630048337,0.018871957791218988,0.3887706542208922,0.7165482268796517,0.3887706542208922,0.8570000549106528,100,,True,,,,inductive,Confidence-weighted class-conditional embedding alignment,adult__embedding_alignment_ssl__s0__n100__5751c50c8115e39b,3.9004,0,13,18895618,b9c1f48daae0a38670909bfcee77dc8488c635820805cd7f3886f35130ed7e69,v1_absolute_budget,success,True,2026-07-29T14:57:47.646732+00:00,"{'all_classes_present_in_labeled': True, 'best_epoch': 38, 'best_val_loss': 0.46977201104164124, 'dataset': 'adult', 'dataset_id': 1590, 'epochs_trained': nan, 'error_message': None, 'final_train_loss': nan, 'finetune_epochs_trained': nan, 'graph_n_neighbors_used': nan, 'graph_n_rows': nan, 'graph_n_unlabeled_used': nan, 'graph_retry_count': nan, 'input_view': 'processed', 'labeled_class_counts': '{<=50K:73,>50K:27}', 'labeled_classes_present': 2, 'max_labeled_per_class': 73, 'max_selected_confidence': nan, 'mean_selected_confidence': nan, 'mean_selected_density': nan, 'method': 'embedding_alignment_ssl', 'method_diagnostics': {'best_epoch': 38, 'best_val_loss': 0.46977201104164124, 'embedding_variance': 0.015818601474165916, 'inter_prototype_distances': [1.0704456567764282], 'intra_class_distances': [0.11217384040355682, 0.6912259459495544], 'loss_weights': {'lambda_consistency': 0.1, 'lambda_margin': 0.2, 'lambda_pl': 0.5, 'lambda_proto': 0.5}, 'method_fidelity': 'novel_experimental', 'n_reliable_unlabeled_last': 15477, 'protocol': 'inductive', 'representation_collapse_suspect': False, 'uses_unlabeled_data': True}, 'method_fidelity': 'novel_experimental', 'metric_accuracy': 0.8238304841846658, 'metric_average_precision': 0.6587793370986873, 'metric_balanced_accuracy': 0.6908724508420152, 'metric_brier': 0.24960855630048337, 'metric_ece': 0.018871957791218988, 'metric_log_loss': 0.3887706542208922, 'metric_macro_f1': 0.7165482268796517, 'metric_nll': 0.3887706542208922, 'metric_roc_auc': 0.8570000549106528, 'min_labeled_per_class': 27, 'min_selected_confidence': nan, 'n_classes': 2, 'n_features_after_preprocessing': 108, 'n_features_before_preprocessing': 14, 'n_labeled': 100, 'n_pseudo_added_last_iter': nan, 'n_pseudo_added_total': nan, 'n_unlabeled': 38973, 'neural_method': nan, 'neural_validation_strategy': nan, 'pretrain_epochs_trained': nan, 'protocol': 'inductive', 'pseudo_label_class_distribution': nan, 'pseudo_label_fraction': nan, 'reference_family': nan, 'runtime_seconds': 3.9004, 'seed': 0, 'self_training_iterations': nan, 'status': 'success', 'stopped_reason': nan, 'test_class_counts': '{<=50K:7431,>50K:2338}', 'test_size': 9769, 'timestamp_utc': '2026-07-29T14:57:43.711541+00:00', 'train_labeled_size': 80, 'train_pool_class_counts': '{<=50K:29724,>50K:9349}', 'unlabeled_class_counts': '{<=50K:29651,>50K:9322}', 'val_class_counts': '{<=50K:15,>50K:5}', 'val_size': 20, 'validation_strategy': 'stratified_labeled_val'}",,True,
,,,,nogit:a6fc4d94b43f557a,,12.4,adult,gpu,False,,,3f9236be15390304,,ssl-representation,"{'cuda_available': True, 'cuda_version': '12.4', 'env_name': None, 'env_prefix': '/private/ofirlin-lab/suissad4/envs/micromamba', 'gpu_count': 1, 'gpu_name': 'NVIDIA A100 80GB PCIe', 'hostname': 'dsiuriofir01', 'packages': {'catboost': '1.2.10', 'lightgbm': '4.7.0', 'numpy': '2.4.6', 'pandas': '3.0.3', 'scikit-learn': '1.9.0', 'tabicl': '2.1.1', 'tabpfn': '8.1.0', 'torch': '2.6.0+cu124', 'xgboost': None}, 'platform': 'Linux-5.14.0-687.15.1.el9_8.x86_64-x86_64-with-glibc2.34', 'python': '3.11.15 | packaged by conda-forge | (main, Jun 11 2026, 03:34:02) [GCC 14.3.0]', 'python_version': '3.11.15', 'torch_available': True, 'torch_version': '2.6.0+cu124'}",,,NVIDIA A100 80GB PCIe,dsiuriofir01,processed,,embedding_alignment_ssl,{},44136fa355b3678a,geometric_ssl,novel_experimental,0.8274132459821886,0.6782402652589733,0.6880974195561814,0.2422550844014976,0.02658080996311584,0.3747407994223773,0.7162216504799368,0.3747407994223773,0.8737832599406988,250,,True,,,,inductive,Confidence-weighted class-conditional embedding alignment,adult__embedding_alignment_ssl__s0__n250__ca50007631dbba72,3.5496,0,14,18895619,b9c1f48daae0a38670909bfcee77dc8488c635820805cd7f3886f35130ed7e69,v1_absolute_budget,success,True,2026-07-29T14:57:49.033344+00:00,"{'all_classes_present_in_labeled': True, 'best_epoch': 39, 'best_val_loss': 0.38112542033195496, 'dataset': 'adult', 'dataset_id': 1590, 'epochs_trained': nan, 'error_message': None, 'final_train_loss': nan, 'finetune_epochs_trained': nan, 'graph_n_neighbors_used': nan, 'graph_n_rows': nan, 'graph_n_unlabeled_used': nan, 'graph_retry_count': nan, 'input_view': 'processed', 'labeled_class_counts': '{<=50K:188,>50K:62}', 'labeled_classes_present': 2, 'max_labeled_per_class': 188, 'max_selected_confidence': nan, 'mean_selected_confidence': nan, 'mean_selected_density': nan, 'method': 'embedding_alignment_ssl', 'method_diagnostics': {'best_epoch': 39, 'best_val_loss': 0.38112542033195496, 'embedding_variance': 0.013333076611161232, 'inter_prototype_distances': [0.8852021098136902], 'intra_class_distances': [0.1491902768611908, 0.6628426909446716], 'loss_weights': {'lambda_consistency': 0.1, 'lambda_margin': 0.2, 'lambda_pl': 0.5, 'lambda_proto': 0.5}, 'method_fidelity': 'novel_experimental', 'n_reliable_unlabeled_last': 16720, 'protocol': 'inductive', 'representation_collapse_suspect': False, 'uses_unlabeled_data': True}, 'method_fidelity': 'novel_experimental', 'metric_accuracy': 0.8274132459821886, 'metric_average_precision': 0.6782402652589733, 'metric_balanced_accuracy': 0.6880974195561814, 'metric_brier': 0.2422550844014976, 'metric_ece': 0.02658080996311584, 'metric_log_loss': 0.3747407994223773, 'metric_macro_f1': 0.7162216504799368, 'metric_nll': 0.3747407994223773, 'metric_roc_auc': 0.8737832599406988, 'min_labeled_per_class': 62, 'min_selected_confidence': nan, 'n_classes': 2, 'n_features_after_preprocessing': 108, 'n_features_before_preprocessing': 14, 'n_labeled': 250, 'n_pseudo_added_last_iter': nan, 'n_pseudo_added_total': nan, 'n_unlabeled': 38823, 'neural_method': nan, 'neural_validation_strategy': nan, 'pretrain_epochs_trained': nan, 'protocol': 'inductive', 'pseudo_label_class_distribution': nan, 'pseudo_label_fraction': nan, 'reference_family': nan, 'runtime_seconds': 3.5496, 'seed': 0, 'self_training_iterations': nan, 'status': 'success', 'stopped_reason': nan, 'test_class_counts': '{<=50K:7431,>50K:2338}', 'test_size': 9769, 'timestamp_utc': '2026-07-29T14:57:45.450975+00:00', 'train_labeled_size': 200, 'train_pool_class_counts': '{<=50K:29724,>50K:9349}', 'unlabeled_class_counts': '{<=50K:29536,>50K:9287}', 'val_class_counts': '{<=50K:38,>50K:12}', 'val_size': 50, 'validation_strategy': 'stratified_labeled_val'}",,True,
,,,,nogit:a6fc4d94b43f557a,,12.4,adult,gpu,False,,,3f9236be15390304,,ssl-representation,"{'cuda_available': True, 'cuda_version': '12.4', 'env_name': None, 'env_prefix': '/private/ofirlin-lab/suissad4/envs/micromamba', 'gpu_count': 1, 'gpu_name': 'NVIDIA A100 80GB PCIe', 'hostname': 'dsiuriofir01', 'packages': {'catboost': '1.2.10', 'lightgbm': '4.7.0', 'numpy': '2.4.6', 'pandas': '3.0.3', 'scikit-learn': '1.9.0', 'tabicl': '2.1.1', 'tabpfn': '8.1.0', 'torch': '2.6.0+cu124', 'xgboost': None}, 'platform': 'Linux-5.14.0-687.15.1.el9_8.x86_64-x86_64-with-glibc2.34', 'python': '3.11.15 | packaged by conda-forge | (main, Jun 11 2026, 03:34:02) [GCC 14.3.0]', 'python_version': '3.11.15', 'torch_available': True, 'torch_version': '2.6.0+cu124'}",,,NVIDIA A100 80GB PCIe,dsiuriofir01,processed,,embedding_alignment_ssl,{},44136fa355b3678a,geometric_ssl,novel_experimental,0.8213737332377931,0.6786535229928246,0.6602362781214202,0.2516196782342419,0.0399330866925529,0.38708498021612175,0.6883759790084122,0.38708498021612175,0.870455553510316,500,,True,,,,inductive,Confidence-weighted class-conditional embedding alignment,adult__embedding_alignment_ssl__s0__n500__2a1fecbfaa6dbf12,3.992,0,15,18895620,b9c1f48daae0a38670909bfcee77dc8488c635820805cd7f3886f35130ed7e69,v1_absolute_budget,success,True,2026-07-29T14:57:54.946463+00:00,"{'all_classes_present_in_labeled': True, 'best_epoch': 39, 'best_val_loss': 0.4166472554206848, 'dataset': 'adult', 'dataset_id': 1590, 'epochs_trained': nan, 'error_message': None, 'final_train_loss': nan, 'finetune_epochs_trained': nan, 'graph_n_neighbors_used': nan, 'graph_n_rows': nan, 'graph_n_unlabeled_used': nan, 'graph_retry_count': nan, 'input_view': 'processed', 'labeled_class_counts': '{<=50K:378,>50K:122}', 'labeled_classes_present': 2, 'max_labeled_per_class': 378, 'max_selected_confidence': nan, 'mean_selected_confidence': nan, 'mean_selected_density': nan, 'method': 'embedding_alignment_ssl', 'method_diagnostics': {'best_epoch': 39, 'best_val_loss': 0.4166472554206848, 'embedding_variance': 0.011843333020806313, 'inter_prototype_distances': [0.7660863399505615], 'intra_class_distances': [0.16003940999507904, 0.6067337393760681], 'loss_weights': {'lambda_consistency': 0.1, 'lambda_margin': 0.2, 'lambda_pl': 0.5, 'lambda_proto': 0.5}, 'method_fidelity': 'novel_experimental', 'n_reliable_unlabeled_last': 17810, 'protocol': 'inductive', 'representation_collapse_suspect': False, 'uses_unlabeled_data': True}, 'method_fidelity': 'novel_experimental', 'metric_accuracy': 0.8213737332377931, 'metric_average_precision': 0.6786535229928246, 'metric_balanced_accuracy': 0.6602362781214202, 'metric_brier': 0.2516196782342419, 'metric_ece': 0.0399330866925529, 'metric_log_loss': 0.38708498021612175, 'metric_macro_f1': 0.6883759790084122, 'metric_nll': 0.38708498021612175, 'metric_roc_auc': 0.870455553510316, 'min_labeled_per_class': 122, 'min_selected_confidence': nan, 'n_classes': 2, 'n_features_after_preprocessing': 108, 'n_features_before_preprocessing': 14, 'n_labeled': 500, 'n_pseudo_added_last_iter': nan, 'n_pseudo_added_total': nan, 'n_unlabeled': 38573, 'neural_method': nan, 'neural_validation_strategy': nan, 'pretrain_epochs_trained': nan, 'protocol': 'inductive', 'pseudo_label_class_distribution': nan, 'pseudo_label_fraction': nan, 'reference_family': nan, 'runtime_seconds': 3.992, 'seed': 0, 'self_training_iterations': nan, 'status': 'success', 'stopped_reason': nan, 'test_class_counts': '{<=50K:7431,>50K:2338}', 'test_size': 9769, 'timestamp_utc': '2026-07-29T14:57:50.920377+00:00', 'train_labeled_size': 400, 'train_pool_class_counts': '{<=50K:29724,>50K:9349}', 'unlabeled_class_counts': '{<=50K:29346,>50K:9227}', 'val_class_counts': '{<=50K:76,>50K:24}', 'val_size': 100, 'validation_strategy': 'stratified_labeled_val'}",,True,
,,,,nogit:a6fc4d94b43f557a,,12.4,adult,gpu,False,,,3f9236be15390304,,ssl-representation,"{'cuda_available': True, 'cuda_version': '12.4', 'env_name': None, 'env_prefix': '/private/ofirlin-lab/suissad4/envs/micromamba', 'gpu_count': 1, 'gpu_name': 'NVIDIA A100 80GB PCIe', 'hostname': 'dsiuriofir01', 'packages': {'catboost': '1.2.10', 'lightgbm': '4.7.0', 'numpy': '2.4.6', 'pandas': '3.0.3', 'scikit-learn': '1.9.0', 'tabicl': '2.1.1', 'tabpfn': '8.1.0', 'torch': '2.6.0+cu124', 'xgboost': None}, 'platform': 'Linux-5.14.0-687.15.1.el9_8.x86_64-x86_64-with-glibc2.34', 'python': '3.11.15 | packaged by conda-forge | (main, Jun 11 2026, 03:34:02) [GCC 14.3.0]', 'python_version': '3.11.15', 'torch_available': True, 'torch_version': '2.6.0+cu124'}",,,NVIDIA A100 80GB PCIe,dsiuriofir01,processed,,embedding_alignment_ssl,{},44136fa355b3678a,geometric_ssl,novel_experimental,0.7912785341386017,0.6398657705496974,0.5809459286628887,0.2851758786395364,0.1104299540020182,0.4520170230260994,0.5834882663307583,0.4520170230260994,0.8647017632075372,50,,True,,,,inductive,Confidence-weighted class-conditional embedding alignment,adult__embedding_alignment_ssl__s0__n50__67cd371d80cfbf67,3.3997,0,12,18895617,b9c1f48daae0a38670909bfcee77dc8488c635820805cd7f3886f35130ed7e69,v1_absolute_budget,success,True,2026-07-29T14:57:40.158174+00:00,"{'all_classes_present_in_labeled': True, 'best_epoch': 32, 'best_val_loss': 0.5759176015853882, 'dataset': 'adult', 'dataset_id': 1590, 'epochs_trained': nan, 'error_message': None, 'final_train_loss': nan, 'finetune_epochs_trained': nan, 'graph_n_neighbors_used': nan, 'graph_n_rows': nan, 'graph_n_unlabeled_used': nan, 'graph_retry_count': nan, 'input_view': 'processed', 'labeled_class_counts': '{<=50K:36,>50K:14}', 'labeled_classes_present': 2, 'max_labeled_per_class': 36, 'max_selected_confidence': nan, 'mean_selected_confidence': nan, 'mean_selected_density': nan, 'method': 'embedding_alignment_ssl', 'method_diagnostics': {'best_epoch': 32, 'best_val_loss': 0.5759176015853882, 'embedding_variance': 0.01187422126531601, 'inter_prototype_distances': [0.9981618523597717], 'intra_class_distances': [0.10728529095649719, 0.3420041799545288], 'loss_weights': {'lambda_consistency': 0.1, 'lambda_margin': 0.2, 'lambda_pl': 0.5, 'lambda_proto': 0.5}, 'method_fidelity': 'novel_experimental', 'n_reliable_unlabeled_last': 5409, 'protocol': 'inductive', 'representation_collapse_suspect': False, 'uses_unlabeled_data': True}, 'method_fidelity': 'novel_experimental', 'metric_accuracy': 0.7912785341386017, 'metric_average_precision': 0.6398657705496974, 'metric_balanced_accuracy': 0.5809459286628887, 'metric_brier': 0.2851758786395364, 'metric_ece': 0.1104299540020182, 'metric_log_loss': 0.4520170230260994, 'metric_macro_f1': 0.5834882663307583, 'metric_nll': 0.4520170230260994, 'metric_roc_auc': 0.8647017632075372, 'min_labeled_per_class': 14, 'min_selected_confidence': nan, 'n_classes': 2, 'n_features_after_preprocessing': 108, 'n_features_before_preprocessing': 14, 'n_labeled': 50, 'n_pseudo_added_last_iter': nan, 'n_pseudo_added_total': nan, 'n_unlabeled': 39023, 'neural_method': nan, 'neural_validation_strategy': nan, 'pretrain_epochs_trained': nan, 'protocol': 'inductive', 'pseudo_label_class_distribution': nan, 'pseudo_label_fraction': nan, 'reference_family': nan, 'runtime_seconds': 3.3997, 'seed': 0, 'self_training_iterations': nan, 'status': 'success', 'stopped_reason': nan, 'test_class_counts': '{<=50K:7431,>50K:2338}', 'test_size': 9769, 'timestamp_utc': '2026-07-29T14:57:36.722711+00:00', 'train_labeled_size': 40, 'train_pool_class_counts': '{<=50K:29724,>50K:9349}', 'unlabeled_class_counts': '{<=50K:29688,>50K:9335}', 'val_class_counts': '{<=50K:7,>50K:3}', 'val_size': 10, 'validation_strategy': 'stratified_labeled_val'}",,True,
,,,,nogit:a6fc4d94b43f557a,,12.4,adult,gpu,False,,,3f9236be15390304,,ssl-representation,"{'cuda_available': True, 'cuda_version': '12.4', 'env_name': None, 'env_prefix': '/private/ofirlin-lab/suissad4/envs/micromamba', 'gpu_count': 1, 'gpu_name': 'NVIDIA A100 80GB PCIe', 'hostname': 'dsiuriofir01', 'packages': {'catboost': '1.2.10', 'lightgbm': '4.7.0', 'numpy': '2.4.6', 'pandas': '3.0.3', 'scikit-learn': '1.9.0', 'tabicl': '2.1.1', 'tabpfn': '8.1.0', 'torch': '2.6.0+cu124', 'xgboost': None}, 'platform': 'Linux-5.14.0-687.15.1.el9_8.x86_64-x86_64-with-glibc2.34', 'python': '3.11.15 | packaged by conda-forge | (main, Jun 11 2026, 03:34:02) [GCC 14.3.0]', 'python_version': '3.11.15', 'torch_available': True, 'torch_version': '2.6.0+cu124'}",,,NVIDIA A100 80GB PCIe,dsiuriofir01,processed,,embedding_alignment_ssl,{},44136fa355b3678a,geometric_ssl,novel_experimental,0.8080663322755656,0.6682146604492989,0.6242266893630698,0.2580911483652461,0.02938191711484193,0.3970365902567282,0.6447187460388935,0.3970365902567282,0.8623222440291571,100,,True,,,,inductive,Confidence-weighted class-conditional embedding alignment,adult__embedding_alignment_ssl__s1__n100__c0dfe89311095ab0,4.1085,1,17,18895622,b9c1f48daae0a38670909bfcee77dc8488c635820805cd7f3886f35130ed7e69,v1_absolute_budget,success,True,2026-07-29T14:58:03.416836+00:00,"{'all_classes_present_in_labeled': True, 'best_epoch': 39, 'best_val_loss': 0.43392544984817505, 'dataset': 'adult', 'dataset_id': 1590, 'epochs_trained': nan, 'error_message': None, 'final_train_loss': nan, 'finetune_epochs_trained': nan, 'graph_n_neighbors_used': nan, 'graph_n_rows': nan, 'graph_n_unlabeled_used': nan, 'graph_retry_count': nan, 'input_view': 'processed', 'labeled_class_counts': '{<=50K:73,>50K:27}', 'labeled_classes_present': 2, 'max_labeled_per_class': 73, 'max_selected_confidence': nan, 'mean_selected_confidence': nan, 'mean_selected_density': nan, 'method': 'embedding_alignment_ssl', 'method_diagnostics': {'best_epoch': 39, 'best_val_loss': 0.43392544984817505, 'embedding_variance': 0.015508751384913921, 'inter_prototype_distances': [0.9684088230133057], 'intra_class_distances': [0.14765360951423645, 0.7129115462303162], 'loss_weights': {'lambda_consistency': 0.1, 'lambda_margin': 0.2, 'lambda_pl': 0.5, 'lambda_proto': 0.5}, 'method_fidelity': 'novel_experimental', 'n_reliable_unlabeled_last': 14384, 'protocol': 'inductive', 'representation_collapse_suspect': False, 'uses_unlabeled_data': True}, 'method_fidelity': 'novel_experimental', 'metric_accuracy': 0.8080663322755656, 'metric_average_precision': 0.6682146604492989, 'metric_balanced_accuracy': 0.6242266893630698, 'metric_brier': 0.2580911483652461, 'metric_ece': 0.02938191711484193, 'metric_log_loss': 0.3970365902567282, 'metric_macro_f1': 0.6447187460388935, 'metric_nll': 0.3970365902567282, 'metric_roc_auc': 0.8623222440291571, 'min_labeled_per_class': 27, 'min_selected_confidence': nan, 'n_classes': 2, 'n_features_after_preprocessing': 108, 'n_features_before_preprocessing': 14, 'n_labeled': 100, 'n_pseudo_added_last_iter': nan, 'n_pseudo_added_total': nan, 'n_unlabeled': 38973, 'neural_method': nan, 'neural_validation_strategy': nan, 'pretrain_epochs_trained': nan, 'protocol': 'inductive', 'pseudo_label_class_distribution': nan, 'pseudo_label_fraction': nan, 'reference_family': nan, 'runtime_seconds': 4.1085, 'seed': 1, 'self_training_iterations': nan, 'status': 'success', 'stopped_reason': nan, 'test_class_counts': '{<=50K:7431,>50K:2338}', 'test_size': 9769, 'timestamp_utc': '2026-07-29T14:57:59.272179+00:00', 'train_labeled_size': 80, 'train_pool_class_counts': '{<=50K:29724,>50K:9349}', 'unlabeled_class_counts': '{<=50K:29651,>50K:9322}', 'val_class_counts': '{<=50K:15,>50K:5}', 'val_size': 20, 'validation_strategy': 'stratified_labeled_val'}",,True,
,,,,nogit:a6fc4d94b43f557a,,12.4,adult,gpu,False,,,3f9236be15390304,,ssl-representation,"{'cuda_available': True, 'cuda_version': '12.4', 'env_name': None, 'env_prefix': '/private/ofirlin-lab/suissad4/envs/micromamba', 'gpu_count': 1, 'gpu_name': 'NVIDIA A100 80GB PCIe', 'hostname': 'dsiuriofir01', 'packages': {'catboost': '1.2.10', 'lightgbm': '4.7.0', 'numpy': '2.4.6', 'pandas': '3.0.3', 'scikit-learn': '1.9.0', 'tabicl': '2.1.1', 'tabpfn': '8.1.0', 'torch': '2.6.0+cu124', 'xgboost': None}, 'platform': 'Linux-5.14.0-687.15.1.el9_8.x86_64-x86_64-with-glibc2.34', 'python': '3.11.15 | packaged by conda-forge | (main, Jun 11 2026, 03:34:02) [GCC 14.3.0]', 'python_version': '3.11.15', 'torch_available': True, 'torch_version': '2.6.0+cu124'}",,,NVIDIA A100 80GB PCIe,dsiuriofir01,processed,,embedding_alignment_ssl,{},44136fa355b3678a,geometric_ssl,novel_experimental,0.7620022520217014,0.6848127740525446,0.5029267262809867,0.27761087973149057,0.10879828546062832,0.4227404084424431,0.4383036481696337,0.4227404084424431,0.8779912347863245,250,,True,,,,inductive,Confidence-weighted class-conditional embedding alignment,adult__embedding_alignment_ssl__s1__n250__1c350469d79bf005,4.1662,1,18,18895623,b9c1f48daae0a38670909bfcee77dc8488c635820805cd7f3886f35130ed7e69,v1_absolute_budget,success,True,2026-07-29T14:58:03.477811+00:00,"{'all_classes_present_in_labeled': True, 'best_epoch': 30, 'best_val_loss': 0.4699631929397583, 'dataset': 'adult', 'dataset_id': 1590, 'epochs_trained': nan, 'error_message': None, 'final_train_loss': nan, 'finetune_epochs_trained': nan, 'graph_n_neighbors_used': nan, 'graph_n_rows': nan, 'graph_n_unlabeled_used': nan, 'graph_retry_count': nan, 'input_view': 'processed', 'labeled_class_counts': '{<=50K:188,>50K:62}', 'labeled_classes_present': 2, 'max_labeled_per_class': 188, 'max_selected_confidence': nan, 'mean_selected_confidence': nan, 'mean_selected_density': nan, 'method': 'embedding_alignment_ssl', 'method_diagnostics': {'best_epoch': 30, 'best_val_loss': 0.4699631929397583, 'embedding_variance': 0.009518582373857498, 'inter_prototype_distances': [0.6402803063392639], 'intra_class_distances': [0.1679920256137848, 0.40084129571914673], 'loss_weights': {'lambda_consistency': 0.1, 'lambda_margin': 0.2, 'lambda_pl': 0.5, 'lambda_proto': 0.5}, 'method_fidelity': 'novel_experimental', 'n_reliable_unlabeled_last': 17122, 'protocol': 'inductive', 'representation_collapse_suspect': False, 'uses_unlabeled_data': True}, 'method_fidelity': 'novel_experimental', 'metric_accuracy': 0.7620022520217014, 'metric_average_precision': 0.6848127740525446, 'metric_balanced_accuracy': 0.5029267262809867, 'metric_brier': 0.27761087973149057, 'metric_ece': 0.10879828546062832, 'metric_log_loss': 0.4227404084424431, 'metric_macro_f1': 0.4383036481696337, 'metric_nll': 0.4227404084424431, 'metric_roc_auc': 0.8779912347863245, 'min_labeled_per_class': 62, 'min_selected_confidence': nan, 'n_classes': 2, 'n_features_after_preprocessing': 108, 'n_features_before_preprocessing': 14, 'n_labeled': 250, 'n_pseudo_added_last_iter': nan, 'n_pseudo_added_total': nan, 'n_unlabeled': 38823, 'neural_method': nan, 'neural_validation_strategy': nan, 'pretrain_epochs_trained': nan, 'protocol': 'inductive', 'pseudo_label_class_distribution': nan, 'pseudo_label_fraction': nan, 'reference_family': nan, 'runtime_seconds': 4.1662, 'seed': 1, 'self_training_iterations': nan, 'status': 'success', 'stopped_reason': nan, 'test_class_counts': '{<=50K:7431,>50K:2338}', 'test_size': 9769, 'timestamp_utc': '2026-07-29T14:57:59.277367+00:00', 'train_labeled_size': 200, 'train_pool_class_counts': '{<=50K:29724,>50K:9349}', 'unlabeled_class_counts': '{<=50K:29536,>50K:9287}', 'val_class_counts': '{<=50K:38,>50K:12}', 'val_size': 50, 'validation_strategy': 'stratified_labeled_val'}",,True,
,,,,nogit:a6fc4d94b43f557a,,12.4,adult,gpu,False,,,3f9236be15390304,,ssl-representation,"{'cuda_available': True, 'cuda_version': '12.4', 'env_name': None, 'env_prefix': '/private/ofirlin-lab/suissad4/envs/micromamba', 'gpu_count': 1, 'gpu_name': 'NVIDIA A100 80GB PCIe', 'hostname': 'dsiuriofir01', 'packages': {'catboost': '1.2.10', 'lightgbm': '4.7.0', 'numpy': '2.4.6', 'pandas': '3.0.3', 'scikit-learn': '1.9.0', 'tabicl': '2.1.1', 'tabpfn': '8.1.0', 'torch': '2.6.0+cu124', 'xgboost': None}, 'platform': 'Linux-5.14.0-687.15.1.el9_8.x86_64-x86_64-with-glibc2.34', 'python': '3.11.15 | packaged by conda-forge | (main, Jun 11 2026, 03:34:02) [GCC 14.3.0]', 'python_version': '3.11.15', 'torch_available': True, 'torch_version': '2.6.0+cu124'}",,,NVIDIA A100 80GB PCIe,dsiuriofir01,processed,,embedding_alignment_ssl,{},44136fa355b3678a,geometric_ssl,novel_experimental,0.8198382638959976,0.6942228197282792,0.6518983775341065,0.2476314709827522,0.031190042862672095,0.380020666051542,0.6792943095996677,0.380020666051542,0.8793290056371483,500,,True,,,,inductive,Confidence-weighted class-conditional embedding alignment,adult__embedding_alignment_ssl__s1__n500__f79be1a039e34371,4.1476,1,19,18895624,b9c1f48daae0a38670909bfcee77dc8488c635820805cd7f3886f35130ed7e69,v1_absolute_budget,success,True,2026-07-29T14:58:11.063162+00:00,"{'all_classes_present_in_labeled': True, 'best_epoch': 39, 'best_val_loss': 0.3810867965221405, 'dataset': 'adult', 'dataset_id': 1590, 'epochs_trained': nan, 'error_message': None, 'final_train_loss': nan, 'finetune_epochs_trained': nan, 'graph_n_neighbors_used': nan, 'graph_n_rows': nan, 'graph_n_unlabeled_used': nan, 'graph_retry_count': nan, 'input_view': 'processed', 'labeled_class_counts': '{<=50K:378,>50K:122}', 'labeled_classes_present': 2, 'max_labeled_per_class': 378, 'max_selected_confidence': nan, 'mean_selected_confidence': nan, 'mean_selected_density': nan, 'method': 'embedding_alignment_ssl', 'method_diagnostics': {'best_epoch': 39, 'best_val_loss': 0.3810867965221405, 'embedding_variance': 0.015156692825257778, 'inter_prototype_distances': [0.9686613082885742], 'intra_class_distances': [0.17585085332393646, 0.7243728041648865], 'loss_weights': {'lambda_consistency': 0.1, 'lambda_margin': 0.2, 'lambda_pl': 0.5, 'lambda_proto': 0.5}, 'method_fidelity': 'novel_experimental', 'n_reliable_unlabeled_last': 18669, 'protocol': 'inductive', 'representation_collapse_suspect': False, 'uses_unlabeled_data': True}, 'method_fidelity': 'novel_experimental', 'metric_accuracy': 0.8198382638959976, 'metric_average_precision': 0.6942228197282792, 'metric_balanced_accuracy': 0.6518983775341065, 'metric_brier': 0.2476314709827522, 'metric_ece': 0.031190042862672095, 'metric_log_loss': 0.380020666051542, 'metric_macro_f1': 0.6792943095996677, 'metric_nll': 0.380020666051542, 'metric_roc_auc': 0.8793290056371483, 'min_labeled_per_class': 122, 'min_selected_confidence': nan, 'n_classes': 2, 'n_features_after_preprocessing': 108, 'n_features_before_preprocessing': 14, 'n_labeled': 500, 'n_pseudo_added_last_iter': nan, 'n_pseudo_added_total': nan, 'n_unlabeled': 38573, 'neural_method': nan, 'neural_validation_strategy': nan, 'pretrain_epochs_trained': nan, 'protocol': 'inductive', 'pseudo_label_class_distribution': nan, 'pseudo_label_fraction': nan, 'reference_family': nan, 'runtime_seconds': 4.1476, 'seed': 1, 'self_training_iterations': nan, 'status': 'success', 'stopped_reason': nan, 'test_class_counts': '{<=50K:7431,>50K:2338}', 'test_size': 9769, 'timestamp_utc': '2026-07-29T14:58:06.880687+00:00', 'train_labeled_size': 400, 'train_pool_class_counts': '{<=50K:29724,>50K:9349}', 'unlabeled_class_counts': '{<=50K:29346,>50K:9227}', 'val_class_counts': '{<=50K:76,>50K:24}', 'val_size': 100, 'validation_strategy': 'stratified_labeled_val'}",,True,
,,,,nogit:a6fc4d94b43f557a,,12.4,adult,gpu,False,,,3f9236be15390304,,ssl-representation,"{'cuda_available': True, 'cuda_version': '12.4', 'env_name': None, 'env_prefix': '/private/ofirlin-lab/suissad4/envs/micromamba', 'gpu_count': 1, 'gpu_name': 'NVIDIA A100 80GB PCIe', 'hostname': 'dsiuriofir01', 'packages': {'catboost': '1.2.10', 'lightgbm': '4.7.0', 'numpy': '2.4.6', 'pandas': '3.0.3', 'scikit-learn': '1.9.0', 'tabicl': '2.1.1', 'tabpfn': '8.1.0', 'torch': '2.6.0+cu124', 'xgboost': None}, 'platform': 'Linux-5.14.0-687.15.1.el9_8.x86_64-x86_64-with-glibc2.34', 'python': '3.11.15 | packaged by conda-forge | (main, Jun 11 2026, 03:34:02) [GCC 14.3.0]', 'python_version': '3.11.15', 'torch_available': True, 'torch_version': '2.6.0+cu124'}",,,NVIDIA A100 80GB PCIe,dsiuriofir01,processed,,embedding_alignment_ssl,{},44136fa355b3678a,geometric_ssl,novel_experimental,0.7802231548776742,0.6323905275284168,0.5461234805894296,0.3017252803195732,0.10785266536628346,0.47480216762647015,0.5238921804819484,0.47480216762647015,0.8404499611423671,50,,True,,,,inductive,Confidence-weighted class-conditional embedding alignment,adult__embedding_alignment_ssl__s1__n50__e1551fafa7777070,3.2563,1,16,18895621,b9c1f48daae0a38670909bfcee77dc8488c635820805cd7f3886f35130ed7e69,v1_absolute_budget,success,True,2026-07-29T14:57:55.418206+00:00,"{'all_classes_present_in_labeled': True, 'best_epoch': 24, 'best_val_loss': 0.5894325971603394, 'dataset': 'adult', 'dataset_id': 1590, 'epochs_trained': nan, 'error_message': None, 'final_train_loss': nan, 'finetune_epochs_trained': nan, 'graph_n_neighbors_used': nan, 'graph_n_rows': nan, 'graph_n_unlabeled_used': nan, 'graph_retry_count': nan, 'input_view': 'processed', 'labeled_class_counts': '{<=50K:36,>50K:14}', 'labeled_classes_present': 2, 'max_labeled_per_class': 36, 'max_selected_confidence': nan, 'mean_selected_confidence': nan, 'mean_selected_density': nan, 'method': 'embedding_alignment_ssl', 'method_diagnostics': {'best_epoch': 24, 'best_val_loss': 0.5894325971603394, 'embedding_variance': 0.015244393609464169, 'inter_prototype_distances': [1.218619704246521], 'intra_class_distances': [0.13029074668884277, 0.3094026446342468], 'loss_weights': {'lambda_consistency': 0.1, 'lambda_margin': 0.2, 'lambda_pl': 0.5, 'lambda_proto': 0.5}, 'method_fidelity': 'novel_experimental', 'n_reliable_unlabeled_last': 3967, 'protocol': 'inductive', 'representation_collapse_suspect': False, 'uses_unlabeled_data': True}, 'method_fidelity': 'novel_experimental', 'metric_accuracy': 0.7802231548776742, 'metric_average_precision': 0.6323905275284168, 'metric_balanced_accuracy': 0.5461234805894296, 'metric_brier': 0.3017252803195732, 'metric_ece': 0.10785266536628346, 'metric_log_loss': 0.47480216762647015, 'metric_macro_f1': 0.5238921804819484, 'metric_nll': 0.47480216762647015, 'metric_roc_auc': 0.8404499611423671, 'min_labeled_per_class': 14, 'min_selected_confidence': nan, 'n_classes': 2, 'n_features_after_preprocessing': 108, 'n_features_before_preprocessing': 14, 'n_labeled': 50, 'n_pseudo_added_last_iter': nan, 'n_pseudo_added_total': nan, 'n_unlabeled': 39023, 'neural_method': nan, 'neural_validation_strategy': nan, 'pretrain_epochs_trained': nan, 'protocol': 'inductive', 'pseudo_label_class_distribution': nan, 'pseudo_label_fraction': nan, 'reference_family': nan, 'runtime_seconds': 3.2563, 'seed': 1, 'self_training_iterations': nan, 'status': 'success', 'stopped_reason': nan, 'test_class_counts': '{<=50K:7431,>50K:2338}', 'test_size': 9769, 'timestamp_utc': '2026-07-29T14:57:52.128159+00:00', 'train_labeled_size': 40, 'train_pool_class_counts': '{<=50K:29724,>50K:9349}', 'unlabeled_class_counts': '{<=50K:29688,>50K:9335}', 'val_class_counts': '{<=50K:7,>50K:3}', 'val_size': 10, 'validation_strategy': 'stratified_labeled_val'}",,True,
,,,,nogit:a6fc4d94b43f557a,,12.4,adult,gpu,False,,,3f9236be15390304,,ssl-representation,"{'cuda_available': True, 'cuda_version': '12.4', 'env_name': None, 'env_prefix': '/private/ofirlin-lab/suissad4/envs/micromamba', 'gpu_count': 1, 'gpu_name': 'NVIDIA A100 80GB PCIe', 'hostname': 'dsiuriofir01', 'packages': {'catboost': '1.2.10', 'lightgbm': '4.7.0', 'numpy': '2.4.6', 'pandas': '3.0.3', 'scikit-learn': '1.9.0', 'tabicl': '2.1.1', 'tabpfn': '8.1.0', 'torch': '2.6.0+cu124', 'xgboost': None}, 'platform': 'Linux-5.14.0-687.15.1.el9_8.x86_64-x86_64-with-glibc2.34', 'python': '3.11.15 | packaged by conda-forge | (main, Jun 11 2026, 03:34:02) [GCC 14.3.0]', 'python_version': '3.11.15', 'torch_available': True, 'torch_version': '2.6.0+cu124'}",,,NVIDIA A100 80GB PCIe,dsiuriofir01,processed,,embedding_alignment_ssl,{},44136fa355b3678a,geometric_ssl,novel_experimental,0.8277203398505476,0.68450102709185,0.6861006920929466,0.2453307001155645,0.02190267842879705,0.38306938091463727,0.7147376310384769,0.38306938091463727,0.8639158616845551,100,,True,,,,inductive,Confidence-weighted class-conditional embedding alignment,adult__embedding_alignment_ssl__s2__n100__05c7bdbb921d4661,4.1308,2,21,18895626,b9c1f48daae0a38670909bfcee77dc8488c635820805cd7f3886f35130ed7e69,v1_absolute_budget,success,True,2026-07-29T14:58:18.537148+00:00,"{'all_classes_present_in_labeled': True, 'best_epoch': 36, 'best_val_loss': 0.3927235007286072, 'dataset': 'adult', 'dataset_id': 1590, 'epochs_trained': nan, 'error_message': None, 'final_train_loss': nan, 'finetune_epochs_trained': nan, 'graph_n_neighbors_used': nan, 'graph_n_rows': nan, 'graph_n_unlabeled_used': nan, 'graph_retry_count': nan, 'input_view': 'processed', 'labeled_class_counts': '{<=50K:73,>50K:27}', 'labeled_classes_present': 2, 'max_labeled_per_class': 73, 'max_selected_confidence': nan, 'mean_selected_confidence': nan, 'mean_selected_density': nan, 'method': 'embedding_alignment_ssl', 'method_diagnostics': {'best_epoch': 36, 'best_val_loss': 0.3927235007286072, 'embedding_variance': 0.021390989422798157, 'inter_prototype_distances': [1.4798119068145752], 'intra_class_distances': [0.183454230427742, 0.3867306411266327], 'loss_weights': {'lambda_consistency': 0.1, 'lambda_margin': 0.2, 'lambda_pl': 0.5, 'lambda_proto': 0.5}, 'method_fidelity': 'novel_experimental', 'n_reliable_unlabeled_last': 18677, 'protocol': 'inductive', 'representation_collapse_suspect': False, 'uses_unlabeled_data': True}, 'method_fidelity': 'novel_experimental', 'metric_accuracy': 0.8277203398505476, 'metric_average_precision': 0.68450102709185, 'metric_balanced_accuracy': 0.6861006920929466, 'metric_brier': 0.2453307001155645, 'metric_ece': 0.02190267842879705, 'metric_log_loss': 0.38306938091463727, 'metric_macro_f1': 0.7147376310384769, 'metric_nll': 0.38306938091463727, 'metric_roc_auc': 0.8639158616845551, 'min_labeled_per_class': 27, 'min_selected_confidence': nan, 'n_classes': 2, 'n_features_after_preprocessing': 108, 'n_features_before_preprocessing': 14, 'n_labeled': 100, 'n_pseudo_added_last_iter': nan, 'n_pseudo_added_total': nan, 'n_unlabeled': 38973, 'neural_method': nan, 'neural_validation_strategy': nan, 'pretrain_epochs_trained': nan, 'protocol': 'inductive', 'pseudo_label_class_distribution': nan, 'pseudo_label_fraction': nan, 'reference_family': nan, 'runtime_seconds': 4.1308, 'seed': 2, 'self_training_iterations': nan, 'status': 'success', 'stopped_reason': nan, 'test_class_counts': '{<=50K:7431,>50K:2338}', 'test_size': 9769, 'timestamp_utc': '2026-07-29T14:58:14.373411+00:00', 'train_labeled_size': 80, 'train_pool_class_counts': '{<=50K:29724,>50K:9349}', 'unlabeled_class_counts': '{<=50K:29651,>50K:9322}', 'val_class_counts': '{<=50K:15,>50K:5}', 'val_size': 20, 'validation_strategy': 'stratified_labeled_val'}",,True,
,,,,nogit:a6fc4d94b43f557a,,12.4,adult,gpu,False,,,3f9236be15390304,,ssl-representation,"{'cuda_available': True, 'cuda_version': '12.4', 'env_name': None, 'env_prefix': '/private/ofirlin-lab/suissad4/envs/micromamba', 'gpu_count': 1, 'gpu_name': 'NVIDIA A100 80GB PCIe', 'hostname': 'dsiuriofir01', 'packages': {'catboost': '1.2.10', 'lightgbm': '4.7.0', 'numpy': '2.4.6', 'pandas': '3.0.3', 'scikit-learn': '1.9.0', 'tabicl': '2.1.1', 'tabpfn': '8.1.0', 'torch': '2.6.0+cu124', 'xgboost': None}, 'platform': 'Linux-5.14.0-687.15.1.el9_8.x86_64-x86_64-with-glibc2.34', 'python': '3.11.15 | packaged by conda-forge | (main, Jun 11 2026, 03:34:02) [GCC 14.3.0]', 'python_version': '3.11.15', 'torch_available': True, 'torch_version': '2.6.0+cu124'}",,,NVIDIA A100 80GB PCIe,dsiuriofir01,processed,,embedding_alignment_ssl,{},44136fa355b3678a,geometric_ssl,novel_experimental,0.7918927218753199,0.6804024992652961,0.5757798953105957,0.26740539568992067,0.059595627713121685,0.4042625626773894,0.5745879563081422,0.4042625626773894,0.87045702124789,250,,True,,,,inductive,Confidence-weighted class-conditional embedding alignment,adult__embedding_alignment_ssl__s2__n250__9dda56d14523cea8,4.0992,2,22,18895627,b9c1f48daae0a38670909bfcee77dc8488c635820805cd7f3886f35130ed7e69,v1_absolute_budget,success,True,2026-07-29T14:58:18.510201+00:00,"{'all_classes_present_in_labeled': True, 'best_epoch': 39, 'best_val_loss': 0.3011051118373871, 'dataset': 'adult', 'dataset_id': 1590, 'epochs_trained': nan, 'error_message': None, 'final_train_loss': nan, 'finetune_epochs_trained': nan, 'graph_n_neighbors_used': nan, 'graph_n_rows': nan, 'graph_n_unlabeled_used': nan, 'graph_retry_count': nan, 'input_view': 'processed', 'labeled_class_counts': '{<=50K:188,>50K:62}', 'labeled_classes_present': 2, 'max_labeled_per_class': 188, 'max_selected_confidence': nan, 'mean_selected_confidence': nan, 'mean_selected_density': nan, 'method': 'embedding_alignment_ssl', 'method_diagnostics': {'best_epoch': 39, 'best_val_loss': 0.3011051118373871, 'embedding_variance': 0.009862849488854408, 'inter_prototype_distances': [0.6459456086158752], 'intra_class_distances': [0.14945313334465027, 0.4948388636112213], 'loss_weights': {'lambda_consistency': 0.1, 'lambda_margin': 0.2, 'lambda_pl': 0.5, 'lambda_proto': 0.5}, 'method_fidelity': 'novel_experimental', 'n_reliable_unlabeled_last': 16596, 'protocol': 'inductive', 'representation_collapse_suspect': False, 'uses_unlabeled_data': True}, 'method_fidelity': 'novel_experimental', 'metric_accuracy': 0.7918927218753199, 'metric_average_precision': 0.6804024992652961, 'metric_balanced_accuracy': 0.5757798953105957, 'metric_brier': 0.26740539568992067, 'metric_ece': 0.059595627713121685, 'metric_log_loss': 0.4042625626773894, 'metric_macro_f1': 0.5745879563081422, 'metric_nll': 0.4042625626773894, 'metric_roc_auc': 0.87045702124789, 'min_labeled_per_class': 62, 'min_selected_confidence': nan, 'n_classes': 2, 'n_features_after_preprocessing': 108, 'n_features_before_preprocessing': 14, 'n_labeled': 250, 'n_pseudo_added_last_iter': nan, 'n_pseudo_added_total': nan, 'n_unlabeled': 38823, 'neural_method': nan, 'neural_validation_strategy': nan, 'pretrain_epochs_trained': nan, 'protocol': 'inductive', 'pseudo_label_class_distribution': nan, 'pseudo_label_fraction': nan, 'reference_family': nan, 'runtime_seconds': 4.0992, 'seed': 2, 'self_training_iterations': nan, 'status': 'success', 'stopped_reason': nan, 'test_class_counts': '{<=50K:7431,>50K:2338}', 'test_size': 9769, 'timestamp_utc': '2026-07-29T14:58:14.376039+00:00', 'train_labeled_size': 200, 'train_pool_class_counts': '{<=50K:29724,>50K:9349}', 'unlabeled_class_counts': '{<=50K:29536,>50K:9287}', 'val_class_counts': '{<=50K:38,>50K:12}', 'val_size': 50, 'validation_strategy': 'stratified_labeled_val'}",,True,
,,,,nogit:a6fc4d94b43f557a,,12.4,adult,gpu,False,,,3f9236be15390304,,ssl-representation,"{'cuda_available': True, 'cuda_version': '12.4', 'env_name': None, 'env_prefix': '/private/ofirlin-lab/suissad4/envs/micromamba', 'gpu_count': 1, 'gpu_name': 'NVIDIA A100 80GB PCIe', 'hostname': 'dsiuriofir01', 'packages': {'catboost': '1.2.10', 'lightgbm': '4.7.0', 'numpy': '2.4.6', 'pandas': '3.0.3', 'scikit-learn': '1.9.0', 'tabicl': '2.1.1', 'tabpfn': '8.1.0', 'torch': '2.6.0+cu124', 'xgboost': None}, 'platform': 'Linux-5.14.0-687.15.1.el9_8.x86_64-x86_64-with-glibc2.34', 'python': '3.11.15 | packaged by conda-forge | (main, Jun 11 2026, 03:34:02) [GCC 14.3.0]', 'python_version': '3.11.15', 'torch_available': True, 'torch_version': '2.6.0+cu124'}",,,NVIDIA A100 80GB PCIe,dsiuriofir01,processed,,embedding_alignment_ssl,{},44136fa355b3678a,geometric_ssl,novel_experimental,0.8215784624833657,0.69929173703457,0.6647680186083799,0.2425254238888166,0.03104240461024238,0.37151889243521324,0.6928706934484672,0.37151889243521324,0.8823785038493288,500,,True,,,,inductive,Confidence-weighted class-conditional embedding alignment,adult__embedding_alignment_ssl__s2__n500__128658ea7a7568a4,4.0265,2,23,18895628,b9c1f48daae0a38670909bfcee77dc8488c635820805cd7f3886f35130ed7e69,v1_absolute_budget,success,True,2026-07-29T14:58:25.959934+00:00,"{'all_classes_present_in_labeled': True, 'best_epoch': 39, 'best_val_loss': 0.3824211359024048, 'dataset': 'adult', 'dataset_id': 1590, 'epochs_trained': nan, 'error_message': None, 'final_train_loss': nan, 'finetune_epochs_trained': nan, 'graph_n_neighbors_used': nan, 'graph_n_rows': nan, 'graph_n_unlabeled_used': nan, 'graph_retry_count': nan, 'input_view': 'processed', 'labeled_class_counts': '{<=50K:378,>50K:122}', 'labeled_classes_present': 2, 'max_labeled_per_class': 378, 'max_selected_confidence': nan, 'mean_selected_confidence': nan, 'mean_selected_density': nan, 'method': 'embedding_alignment_ssl', 'method_diagnostics': {'best_epoch': 39, 'best_val_loss': 0.3824211359024048, 'embedding_variance': 0.014839092269539833, 'inter_prototype_distances': [0.8854448795318604], 'intra_class_distances': [0.21208269894123077, 0.6878313422203064], 'loss_weights': {'lambda_consistency': 0.1, 'lambda_margin': 0.2, 'lambda_pl': 0.5, 'lambda_proto': 0.5}, 'method_fidelity': 'novel_experimental', 'n_reliable_unlabeled_last': 17477, 'protocol': 'inductive', 'representation_collapse_suspect': False, 'uses_unlabeled_data': True}, 'method_fidelity': 'novel_experimental', 'metric_accuracy': 0.8215784624833657, 'metric_average_precision': 0.69929173703457, 'metric_balanced_accuracy': 0.6647680186083799, 'metric_brier': 0.2425254238888166, 'metric_ece': 0.03104240461024238, 'metric_log_loss': 0.37151889243521324, 'metric_macro_f1': 0.6928706934484672, 'metric_nll': 0.37151889243521324, 'metric_roc_auc': 0.8823785038493288, 'min_labeled_per_class': 122, 'min_selected_confidence': nan, 'n_classes': 2, 'n_features_after_preprocessing': 108, 'n_features_before_preprocessing': 14, 'n_labeled': 500, 'n_pseudo_added_last_iter': nan, 'n_pseudo_added_total': nan, 'n_unlabeled': 38573, 'neural_method': nan, 'neural_validation_strategy': nan, 'pretrain_epochs_trained': nan, 'protocol': 'inductive', 'pseudo_label_class_distribution': nan, 'pseudo_label_fraction': nan, 'reference_family': nan, 'runtime_seconds': 4.0265, 'seed': 2, 'self_training_iterations': nan, 'status': 'success', 'stopped_reason': nan, 'test_class_counts': '{<=50K:7431,>50K:2338}', 'test_size': 9769, 'timestamp_utc': '2026-07-29T14:58:21.896457+00:00', 'train_labeled_size': 400, 'train_pool_class_counts': '{<=50K:29724,>50K:9349}', 'unlabeled_class_counts': '{<=50K:29346,>50K:9227}', 'val_class_counts': '{<=50K:76,>50K:24}', 'val_size': 100, 'validation_strategy': 'stratified_labeled_val'}",,True,
,,,,nogit:a6fc4d94b43f557a,,12.4,adult,gpu,False,,,3f9236be15390304,,ssl-representation,"{'cuda_available': True, 'cuda_version': '12.4', 'env_name': None, 'env_prefix': '/private/ofirlin-lab/suissad4/envs/micromamba', 'gpu_count': 1, 'gpu_name': 'NVIDIA A100 80GB PCIe', 'hostname': 'dsiuriofir01', 'packages': {'catboost': '1.2.10', 'lightgbm': '4.7.0', 'numpy': '2.4.6', 'pandas': '3.0.3', 'scikit-learn': '1.9.0', 'tabicl': '2.1.1', 'tabpfn': '8.1.0', 'torch': '2.6.0+cu124', 'xgboost': None}, 'platform': 'Linux-5.14.0-687.15.1.el9_8.x86_64-x86_64-with-glibc2.34', 'python': '3.11.15 | packaged by conda-forge | (main, Jun 11 2026, 03:34:02) [GCC 14.3.0]', 'python_version': '3.11.15', 'torch_available': True, 'torch_version': '2.6.0+cu124'}",,,NVIDIA A100 80GB PCIe,dsiuriofir01,processed,,embedding_alignment_ssl,{},44136fa355b3678a,geometric_ssl,novel_experimental,0.8082710615211383,0.6214991115914715,0.6605646196504851,0.26581616277130377,0.029615375584175357,0.4090544991265239,0.6836118942376078,0.4090544991265239,0.8344952634669527,50,,True,,,,inductive,Confidence-weighted class-conditional embedding alignment,adult__embedding_alignment_ssl__s2__n50__a4792ce4a8c00929,3.9851,2,20,18895625,b9c1f48daae0a38670909bfcee77dc8488c635820805cd7f3886f35130ed7e69,v1_absolute_budget,success,True,2026-07-29T14:58:10.902980+00:00,"{'all_classes_present_in_labeled': True, 'best_epoch': 39, 'best_val_loss': 0.3317252993583679, 'dataset': 'adult', 'dataset_id': 1590, 'epochs_trained': nan, 'error_message': None, 'final_train_loss': nan, 'finetune_epochs_trained': nan, 'graph_n_neighbors_used': nan, 'graph_n_rows': nan, 'graph_n_unlabeled_used': nan, 'graph_retry_count': nan, 'input_view': 'processed', 'labeled_class_counts': '{<=50K:36,>50K:14}', 'labeled_classes_present': 2, 'max_labeled_per_class': 36, 'max_selected_confidence': nan, 'mean_selected_confidence': nan, 'mean_selected_density': nan, 'method': 'embedding_alignment_ssl', 'method_diagnostics': {'best_epoch': 39, 'best_val_loss': 0.3317252993583679, 'embedding_variance': 0.02018798142671585, 'inter_prototype_distances': [1.3789948225021362], 'intra_class_distances': [0.12109945714473724, 0.5924769043922424], 'loss_weights': {'lambda_consistency': 0.1, 'lambda_margin': 0.2, 'lambda_pl': 0.5, 'lambda_proto': 0.5}, 'method_fidelity': 'novel_experimental', 'n_reliable_unlabeled_last': 15673, 'protocol': 'inductive', 'representation_collapse_suspect': False, 'uses_unlabeled_data': True}, 'method_fidelity': 'novel_experimental', 'metric_accuracy': 0.8082710615211383, 'metric_average_precision': 0.6214991115914715, 'metric_balanced_accuracy': 0.6605646196504851, 'metric_brier': 0.26581616277130377, 'metric_ece': 0.029615375584175357, 'metric_log_loss': 0.4090544991265239, 'metric_macro_f1': 0.6836118942376078, 'metric_nll': 0.4090544991265239, 'metric_roc_auc': 0.8344952634669527, 'min_labeled_per_class': 14, 'min_selected_confidence': nan, 'n_classes': 2, 'n_features_after_preprocessing': 108, 'n_features_before_preprocessing': 14, 'n_labeled': 50, 'n_pseudo_added_last_iter': nan, 'n_pseudo_added_total': nan, 'n_unlabeled': 39023, 'neural_method': nan, 'neural_validation_strategy': nan, 'pretrain_epochs_trained': nan, 'protocol': 'inductive', 'pseudo_label_class_distribution': nan, 'pseudo_label_fraction': nan, 'reference_family': nan, 'runtime_seconds': 3.9851, 'seed': 2, 'self_training_iterations': nan, 'status': 'success', 'stopped_reason': nan, 'test_class_counts': '{<=50K:7431,>50K:2338}', 'test_size': 9769, 'timestamp_utc': '2026-07-29T14:58:06.881177+00:00', 'train_labeled_size': 40, 'train_pool_class_counts': '{<=50K:29724,>50K:9349}', 'unlabeled_class_counts': '{<=50K:29688,>50K:9335}', 'val_class_counts': '{<=50K:7,>50K:3}', 'val_size': 10, 'validation_strategy': 'stratified_labeled_val'}",,True,
,,,,nogit:a6fc4d94b43f557a,,12.4,adult,gpu,False,,,3f9236be15390304,,ssl-representation,"{'cuda_available': True, 'cuda_version': '12.4', 'env_name': None, 'env_prefix': '/private/ofirlin-lab/suissad4/envs/micromamba', 'gpu_count': 1, 'gpu_name': 'NVIDIA A100 80GB PCIe', 'hostname': 'dsiuriofir01', 'packages': {'catboost': '1.2.10', 'lightgbm': '4.7.0', 'numpy': '2.4.6', 'pandas': '3.0.3', 'scikit-learn': '1.9.0', 'tabicl': '2.1.1', 'tabpfn': '8.1.0', 'torch': '2.6.0+cu124', 'xgboost': None}, 'platform': 'Linux-5.14.0-687.15.1.el9_8.x86_64-x86_64-with-glibc2.34', 'python': '3.11.15 | packaged by conda-forge | (main, Jun 11 2026, 03:34:02) [GCC 14.3.0]', 'python_version': '3.11.15', 'torch_available': True, 'torch_version': '2.6.0+cu124'}",,,NVIDIA A100 80GB PCIe,dsiuriofir01,processed,,geometric_attention_ssl,{'max_epochs': 20},f91f182ea85952e6,geometric_ssl,novel_experimental,0.7606715119254785,0.2861262907974481,0.5,0.3627875725029358,0.028609302674504317,0.5486468343605576,0.43203488372093024,0.5486468343605576,0.5797216052927883,100,,True,,,,inductive,Combined geometric-attention SSL,adult__geometric_attention_ssl__s0__n100__a95c50a00b8212de,10.2007,0,25,18895630,b9c1f48daae0a38670909bfcee77dc8488c635820805cd7f3886f35130ed7e69,v1_absolute_budget,success,True,2026-07-29T14:58:39.524411+00:00,"{'all_classes_present_in_labeled': True, 'best_epoch': 8, 'best_val_loss': 0.5404707789421082, 'dataset': 'adult', 'dataset_id': 1590, 'epochs_trained': 13, 'error_message': None, 'final_train_loss': nan, 'finetune_epochs_trained': nan, 'graph_n_neighbors_used': nan, 'graph_n_rows': nan, 'graph_n_unlabeled_used': nan, 'graph_retry_count': nan, 'input_view': 'processed', 'labeled_class_counts': '{<=50K:73,>50K:27}', 'labeled_classes_present': 2, 'max_labeled_per_class': 73, 'max_selected_confidence': nan, 'mean_selected_confidence': nan, 'mean_selected_density': nan, 'method': 'geometric_attention_ssl', 'method_diagnostics': {'attention_entropy': 1.9853265285491943, 'attention_k': 8, 'attention_labeled_fraction': 0.5, 'attention_memory': 'labeled_plus_unlabeled', 'best_epoch': 8, 'best_val_loss': 0.5404707789421082, 'collapse_diagnostics': {'constant_prediction_suspect': True, 'effective_embedding_rank': 32, 'embedding_variance_mean': 0.0031626750715076923, 'max_pred_class_fraction': 1.0, 'pred_class_fraction': [1.0, 0.0], 'representation_collapse_suspect': False}, 'component_flags': {'use_consistency': True, 'use_laplacian': True, 'use_margin': True, 'use_prototype': True, 'use_pseudo': True, 'use_retrieval': True}, 'epochs_trained': 13, 'graph_affinity_mean': 0.5850081979026559, 'graph_affinity_std': 0.16948806994609888, 'graph_backend': 'sklearn', 'graph_build_time_seconds': 3.2449306561611593, 'graph_k': 10, 'graph_metric': 'euclidean', 'graph_mutual': True, 'graph_n_connected_components': 2588, 'graph_n_edges': 102820, 'graph_n_isolated_nodes': 2094, 'graph_n_nodes': 39053, 'labeled_attention_mass': 0.6417360603809357, 'loss_components': {'consistency': 0.0008719911857042462, 'gradient_norm': 0.5051115538151676, 'lap': 0.001062830735463649, 'margin': 0.7124758362770081, 'pl': 0.0, 'proto': 0.0, 'ramp': 1.0, 'retrieval_strength': 1.0, 'sup': 0.6456754505634308, 'weighted_consistency': 8.719911857042463e-05, 'weighted_lap': 0.0003188492206390947, 'weighted_margin': 0.07124758362770081, 'weighted_pl': 0.0, 'weighted_proto': 0.0}, 'loss_history_tail': [{'consistency': 0.0007395981519948691, 'gradient_norm': 0.3127777216056318, 'lap': 0.0005529055779334158, 'margin': 0.8764590919017792, 'pl': 0.0, 'proto': 0.0, 'ramp': 1.0, 'retrieval_strength': 1.0, 'sup': 0.6129181981086731, 'weighted_consistency': 7.395981519948692e-05, 'weighted_lap': 0.00016587167338002473, 'weighted_margin': 0.08764590919017792, 'weighted_pl': 0.0, 'weighted_proto': 0.0}, {'consistency': 0.0007393027481157333, 'gradient_norm': 0.19231229637414923, 'lap': 0.0006945004279259592, 'margin': 0.8535469770431519, 'pl': 0.0, 'proto': 0.0, 'ramp': 1.0, 'retrieval_strength': 1.0, 'sup': 0.5545651912689209, 'weighted_consistency': 7.393027481157334e-05, 'weighted_lap': 0.00020835012837778775, 'weighted_margin': 0.0853546977043152, 'weighted_pl': 0.0, 'weighted_proto': 0.0}, {'consistency': 0.000592326745390892, 'gradient_norm': 0.3282160670512749, 'lap': 0.000818429165519774, 'margin': 0.8034428358078003, 'pl': 0.0, 'proto': 0.0, 'ramp': 1.0, 'retrieval_strength': 1.0, 'sup': 0.6032244563102722, 'weighted_consistency': 5.923267453908921e-05, 'weighted_lap': 0.0002455287496559322, 'weighted_margin': 0.08034428358078004, 'weighted_pl': 0.0, 'weighted_proto': 0.0}, {'consistency': 0.0012103414919693023, 'gradient_norm': 0.26552482802388233, 'lap': 0.0009351502521894872, 'margin': 0.7493153512477875, 'pl': 0.0, 'proto': 0.0, 'ramp': 1.0, 'retrieval_strength': 1.0, 'sup': 0.5532586872577667, 'weighted_consistency': 0.00012103414919693024, 'weighted_lap': 0.0002805450756568462, 'weighted_margin': 0.07493153512477875, 'weighted_pl': 0.0, 'weighted_proto': 0.0}, {'consistency': 0.0008719911857042462, 'gradient_norm': 0.5051115538151676, 'lap': 0.001062830735463649, 'margin': 0.7124758362770081, 'pl': 0.0, 'proto': 0.0, 'ramp': 1.0, 'retrieval_strength': 1.0, 'sup': 0.6456754505634308, 'weighted_consistency': 8.719911857042463e-05, 'weighted_lap': 0.0003188492206390947, 'weighted_margin': 0.07124758362770081, 'weighted_pl': 0.0, 'weighted_proto': 0.0}], 'method': 'geometric_attention_ssl', 'method_fidelity': 'reimplementation', 'n_labeled': 80, 'n_unlabeled': 38973, 'neural_validation_strategy': 'external_val', 'no_val_test_in_memory': True, 'protocol': 'inductive', 'reference_family': 'Geometric attention SSL', 'selected_retrieval_strength': 1.0, 'unlabeled_attention_mass': 0.3515329509973526, 'uses_unlabeled_data': True}, 'method_fidelity': 'reimplementation', 'metric_accuracy': 0.7606715119254785, 'metric_average_precision': 0.2861262907974481, 'metric_balanced_accuracy': 0.5, 'metric_brier': 0.3627875725029358, 'metric_ece': 0.028609302674504317, 'metric_log_loss': 0.5486468343605576, 'metric_macro_f1': 0.43203488372093024, 'metric_nll': 0.5486468343605576, 'metric_roc_auc': 0.5797216052927883, 'min_labeled_per_class': 27, 'min_selected_confidence': nan, 'n_classes': 2, 'n_features_after_preprocessing': 108, 'n_features_before_preprocessing': 14, 'n_labeled': 100, 'n_pseudo_added_last_iter': nan, 'n_pseudo_added_total': nan, 'n_unlabeled': 38973, 'neural_method': nan, 'neural_validation_strategy': 'external_val', 'pretrain_epochs_trained': nan, 'protocol': 'inductive', 'pseudo_label_class_distribution': nan, 'pseudo_label_fraction': nan, 'reference_family': 'Geometric attention SSL', 'runtime_seconds': 10.2007, 'seed': 0, 'self_training_iterations': nan, 'status': 'success', 'stopped_reason': nan, 'test_class_counts': '{<=50K:7431,>50K:2338}', 'test_size': 9769, 'timestamp_utc': '2026-07-29T14:58:29.302199+00:00', 'train_labeled_size': 80, 'train_pool_class_counts': '{<=50K:29724,>50K:9349}', 'unlabeled_class_counts': '{<=50K:29651,>50K:9322}', 'val_class_counts': '{<=50K:15,>50K:5}', 'val_size': 20, 'validation_strategy': 'stratified_labeled_val'}",,True,
,,,,nogit:a6fc4d94b43f557a,,12.4,adult,gpu,False,,,3f9236be15390304,,ssl-representation,"{'cuda_available': True, 'cuda_version': '12.4', 'env_name': None, 'env_prefix': '/private/ofirlin-lab/suissad4/envs/micromamba', 'gpu_count': 1, 'gpu_name': 'NVIDIA A100 80GB PCIe', 'hostname': 'dsiuriofir01', 'packages': {'catboost': '1.2.10', 'lightgbm': '4.7.0', 'numpy': '2.4.6', 'pandas': '3.0.3', 'scikit-learn': '1.9.0', 'tabicl': '2.1.1', 'tabpfn': '8.1.0', 'torch': '2.6.0+cu124', 'xgboost': None}, 'platform': 'Linux-5.14.0-687.15.1.el9_8.x86_64-x86_64-with-glibc2.34', 'python': '3.11.15 | packaged by conda-forge | (main, Jun 11 2026, 03:34:02) [GCC 14.3.0]', 'python_version': '3.11.15', 'torch_available': True, 'torch_version': '2.6.0+cu124'}",,,NVIDIA A100 80GB PCIe,dsiuriofir01,processed,,geometric_attention_ssl,{'max_epochs': 20},f91f182ea85952e6,geometric_ssl,novel_experimental,0.8093970723717883,0.6419891186374705,0.7587753439427161,0.24911534408289832,0.025485167203054628,0.3805130232570974,0.7483010553216681,0.3805130232570974,0.8679953087653633,250,,True,,,,inductive,Combined geometric-attention SSL,adult__geometric_attention_ssl__s0__n250__fd0b84231de0f03f,12.6045,0,26,18895631,b9c1f48daae0a38670909bfcee77dc8488c635820805cd7f3886f35130ed7e69,v1_absolute_budget,success,True,2026-07-29T14:58:47.280305+00:00,"{'all_classes_present_in_labeled': True, 'best_epoch': 16, 'best_val_loss': 0.3414226174354553, 'dataset': 'adult', 'dataset_id': 1590, 'epochs_trained': 20, 'error_message': None, 'final_train_loss': nan, 'finetune_epochs_trained': nan, 'graph_n_neighbors_used': nan, 'graph_n_rows': nan, 'graph_n_unlabeled_used': nan, 'graph_retry_count': nan, 'input_view': 'processed', 'labeled_class_counts': '{<=50K:188,>50K:62}', 'labeled_classes_present': 2, 'max_labeled_per_class': 188, 'max_selected_confidence': nan, 'mean_selected_confidence': nan, 'mean_selected_density': nan, 'method': 'geometric_attention_ssl', 'method_diagnostics': {'attention_entropy': 1.5504916906356812, 'attention_k': 8, 'attention_labeled_fraction': 0.5, 'attention_memory': 'labeled_plus_unlabeled', 'best_epoch': 16, 'best_val_loss': 0.3414226174354553, 'collapse_diagnostics': {'constant_prediction_suspect': False, 'effective_embedding_rank': 32, 'embedding_variance_mean': 0.13290302455425262, 'max_pred_class_fraction': 0.733490505599262, 'pred_class_fraction': [0.733490505599262, 0.266509494400738], 'representation_collapse_suspect': False}, 'component_flags': {'use_consistency': True, 'use_laplacian': True, 'use_margin': True, 'use_prototype': True, 'use_pseudo': True, 'use_retrieval': True}, 'epochs_trained': 20, 'graph_affinity_mean': 0.5849480440033348, 'graph_affinity_std': 0.16948901944526854, 'graph_backend': 'sklearn', 'graph_build_time_seconds': 3.1833777520805597, 'graph_k': 10, 'graph_metric': 'euclidean', 'graph_mutual': True, 'graph_n_connected_components': 2587, 'graph_n_edges': 102740, 'graph_n_isolated_nodes': 2093, 'graph_n_nodes': 39023, 'labeled_attention_mass': 0.7458964586257935, 'loss_components': {'consistency': 0.04333118617068976, 'gradient_norm': 0.5070588698234516, 'lap': 0.00933578610420227, 'margin': 0.0, 'pl': 0.04473148286342621, 'proto': 0.05188834574073553, 'ramp': 1.0, 'retrieval_strength': 1.0, 'sup': 0.20503899175673723, 'weighted_consistency': 0.004333118617068976, 'weighted_lap': 0.002800735831260681, 'weighted_margin': 0.0, 'weighted_pl': 0.013419444859027862, 'weighted_proto': 0.015566503722220659}, 'loss_history_tail': [{'consistency': 0.02983973128721118, 'gradient_norm': 0.6345943137606245, 'lap': 0.006139470613561571, 'margin': 0.0, 'pl': 0.057749781757593155, 'proto': 0.02508197200950235, 'ramp': 1.0, 'retrieval_strength': 1.0, 'sup': 0.32255295664072037, 'weighted_consistency': 0.002983973128721118, 'weighted_lap': 0.001841841184068471, 'weighted_margin': 0.0, 'weighted_pl': 0.017324934527277947, 'weighted_proto': 0.007524591602850705}, {'consistency': 0.026194442063570023, 'gradient_norm': 0.41333085456305463, 'lap': 0.007085395976901054, 'margin': 0.0, 'pl': 0.03626129683107138, 'proto': 0.05073757283389568, 'ramp': 1.0, 'retrieval_strength': 1.0, 'sup': 0.2687104009091854, 'weighted_consistency': 0.0026194442063570025, 'weighted_lap': 0.002125618793070316, 'weighted_margin': 0.0, 'weighted_pl': 0.010878389049321412, 'weighted_proto': 0.015221271850168704}, {'consistency': 0.050262452103197575, 'gradient_norm': 0.5350306157026987, 'lap': 0.007781788823194802, 'margin': 0.0, 'pl': 0.030898007564246655, 'proto': 0.08466595783829689, 'ramp': 1.0, 'retrieval_strength': 1.0, 'sup': 0.26538482680916786, 'weighted_consistency': 0.005026245210319758, 'weighted_lap': 0.0023345366469584403, 'weighted_margin': 0.0, 'weighted_pl': 0.009269402269273997, 'weighted_proto': 0.025399787351489067}, {'consistency': 0.06335415132343769, 'gradient_norm': 0.5385733704214901, 'lap': 0.008480936754494905, 'margin': 0.0, 'pl': 0.03875376004725695, 'proto': 0.05554188974201679, 'ramp': 1.0, 'retrieval_strength': 1.0, 'sup': 0.24385886639356613, 'weighted_consistency': 0.006335415132343769, 'weighted_lap': 0.0025442810263484714, 'weighted_margin': 0.0, 'weighted_pl': 0.011626128014177084, 'weighted_proto': 0.016662566922605038}, {'consistency': 0.04333118617068976, 'gradient_norm': 0.5070588698234516, 'lap': 0.00933578610420227, 'margin': 0.0, 'pl': 0.04473148286342621, 'proto': 0.05188834574073553, 'ramp': 1.0, 'retrieval_strength': 1.0, 'sup': 0.20503899175673723, 'weighted_consistency': 0.004333118617068976, 'weighted_lap': 0.002800735831260681, 'weighted_margin': 0.0, 'weighted_pl': 0.013419444859027862, 'weighted_proto': 0.015566503722220659}], 'method': 'geometric_attention_ssl', 'method_fidelity': 'reimplementation', 'n_labeled': 200, 'n_unlabeled': 38823, 'neural_validation_strategy': 'external_val', 'no_val_test_in_memory': True, 'protocol': 'inductive', 'reference_family': 'Geometric attention SSL', 'selected_retrieval_strength': 1.0, 'unlabeled_attention_mass': 0.23359838128089905, 'uses_unlabeled_data': True}, 'method_fidelity': 'reimplementation', 'metric_accuracy': 0.8093970723717883, 'metric_average_precision': 0.6419891186374705, 'metric_balanced_accuracy': 0.7587753439427161, 'metric_brier': 0.24911534408289832, 'metric_ece': 0.025485167203054628, 'metric_log_loss': 0.3805130232570974, 'metric_macro_f1': 0.7483010553216681, 'metric_nll': 0.3805130232570974, 'metric_roc_auc': 0.8679953087653633, 'min_labeled_per_class': 62, 'min_selected_confidence': nan, 'n_classes': 2, 'n_features_after_preprocessing': 108, 'n_features_before_preprocessing': 14, 'n_labeled': 250, 'n_pseudo_added_last_iter': nan, 'n_pseudo_added_total': nan, 'n_unlabeled': 38823, 'neural_method': nan, 'neural_validation_strategy': 'external_val', 'pretrain_epochs_trained': nan, 'protocol': 'inductive', 'pseudo_label_class_distribution': nan, 'pseudo_label_fraction': nan, 'reference_family': 'Geometric attention SSL', 'runtime_seconds': 12.6045, 'seed': 0, 'self_training_iterations': nan, 'status': 'success', 'stopped_reason': nan, 'test_class_counts': '{<=50K:7431,>50K:2338}', 'test_size': 9769, 'timestamp_utc': '2026-07-29T14:58:34.654981+00:00', 'train_labeled_size': 200, 'train_pool_class_counts': '{<=50K:29724,>50K:9349}', 'unlabeled_class_counts': '{<=50K:29536,>50K:9287}', 'val_class_counts': '{<=50K:38,>50K:12}', 'val_size': 50, 'validation_strategy': 'stratified_labeled_val'}",,True,
,,,,nogit:a6fc4d94b43f557a,,12.4,adult,gpu,False,,,3f9236be15390304,,ssl-representation,"{'cuda_available': True, 'cuda_version': '12.4', 'env_name': None, 'env_prefix': '/private/ofirlin-lab/suissad4/envs/micromamba', 'gpu_count': 1, 'gpu_name': 'NVIDIA A100 80GB PCIe', 'hostname': 'dsiuriofir01', 'packages': {'catboost': '1.2.10', 'lightgbm': '4.7.0', 'numpy': '2.4.6', 'pandas': '3.0.3', 'scikit-learn': '1.9.0', 'tabicl': '2.1.1', 'tabpfn': '8.1.0', 'torch': '2.6.0+cu124', 'xgboost': None}, 'platform': 'Linux-5.14.0-687.15.1.el9_8.x86_64-x86_64-with-glibc2.34', 'python': '3.11.15 | packaged by conda-forge | (main, Jun 11 2026, 03:34:02) [GCC 14.3.0]', 'python_version': '3.11.15', 'torch_available': True, 'torch_version': '2.6.0+cu124'}",,,NVIDIA A100 80GB PCIe,dsiuriofir01,processed,,geometric_attention_ssl,{'max_epochs': 20},f91f182ea85952e6,geometric_ssl,novel_experimental,0.8339645818405159,0.703054153809783,0.762758409589495,0.236511027220665,0.04686626841178955,0.370340761986329,0.7676482871278708,0.370340761986329,0.8816506211292738,500,,True,,,,inductive,Combined geometric-attention SSL,adult__geometric_attention_ssl__s0__n500__d65c6bf7b374723c,15.6301,0,27,18895632,b9c1f48daae0a38670909bfcee77dc8488c635820805cd7f3886f35130ed7e69,v1_absolute_budget,success,True,2026-07-29T14:58:58.618062+00:00,"{'all_classes_present_in_labeled': True, 'best_epoch': 13, 'best_val_loss': 0.3816254734992981, 'dataset': 'adult', 'dataset_id': 1590, 'epochs_trained': 18, 'error_message': None, 'final_train_loss': nan, 'finetune_epochs_trained': nan, 'graph_n_neighbors_used': nan, 'graph_n_rows': nan, 'graph_n_unlabeled_used': nan, 'graph_retry_count': nan, 'input_view': 'processed', 'labeled_class_counts': '{<=50K:378,>50K:122}', 'labeled_classes_present': 2, 'max_labeled_per_class': 378, 'max_selected_confidence': nan, 'mean_selected_confidence': nan, 'mean_selected_density': nan, 'method': 'geometric_attention_ssl', 'method_diagnostics': {'attention_entropy': 1.6713380302701677, 'attention_k': 8, 'attention_labeled_fraction': 0.5, 'attention_memory': 'labeled_plus_unlabeled', 'best_epoch': 13, 'best_val_loss': 0.3816254734992981, 'collapse_diagnostics': {'constant_prediction_suspect': False, 'effective_embedding_rank': 32, 'embedding_variance_mean': 0.12139053642749786, 'max_pred_class_fraction': 0.7725348318066354, 'pred_class_fraction': [0.7725348318066354, 0.22746516819336463], 'representation_collapse_suspect': False}, 'component_flags': {'use_consistency': True, 'use_laplacian': True, 'use_margin': True, 'use_prototype': True, 'use_pseudo': True, 'use_retrieval': True}, 'epochs_trained': 18, 'graph_affinity_mean': 0.5850362139547365, 'graph_affinity_std': 0.16949044321294277, 'graph_backend': 'sklearn', 'graph_build_time_seconds': 3.1628559809178114, 'graph_k': 10, 'graph_metric': 'euclidean', 'graph_mutual': True, 'graph_n_connected_components': 2582, 'graph_n_edges': 102598, 'graph_n_isolated_nodes': 2090, 'graph_n_nodes': 38973, 'labeled_attention_mass': 0.7364872694015503, 'loss_components': {'consistency': 0.06357859075069427, 'gradient_norm': 0.8200080478285223, 'lap': 0.00612627442127892, 'margin': 0.0, 'pl': 0.03369794573102679, 'proto': 0.026735848880239894, 'ramp': 1.0, 'retrieval_strength': 1.0, 'sup': 0.21339191389935358, 'weighted_consistency': 0.006357859075069428, 'weighted_lap': 0.0018378823263836758, 'weighted_margin': 0.0, 'weighted_pl': 0.010109383719308036, 'weighted_proto': 0.008020754664071967}, 'loss_history_tail': [{'consistency': 0.048761417024901936, 'gradient_norm': 0.5426961474630515, 'lap': 0.00625501134033714, 'margin': 0.0, 'pl': 0.030220260311450278, 'proto': 0.038050903539572446, 'ramp': 1.0, 'retrieval_strength': 1.0, 'sup': 0.25626104857240406, 'weighted_consistency': 0.004876141702490194, 'weighted_lap': 0.001876503402101142, 'weighted_margin': 0.0, 'weighted_pl': 0.009066078093435083, 'weighted_proto': 0.011415271061871733}, {'consistency': 0.051700902836663384, 'gradient_norm': 0.6441775590953819, 'lap': 0.006378481430666787, 'margin': 0.0, 'pl': 0.037347406947187016, 'proto': 0.030898985053811754, 'ramp': 1.0, 'retrieval_strength': 1.0, 'sup': 0.259775881256376, 'weighted_consistency': 0.005170090283666339, 'weighted_lap': 0.001913544429200036, 'weighted_margin': 0.0, 'weighted_pl': 0.011204222084156104, 'weighted_proto': 0.009269695516143525}, {'consistency': 0.05719376461846488, 'gradient_norm': 0.6102541028713048, 'lap': 0.006302019913813898, 'margin': 0.0, 'pl': 0.034742843093616624, 'proto': 0.033183583191462925, 'ramp': 1.0, 'retrieval_strength': 1.0, 'sup': 0.2451373210975102, 'weighted_consistency': 0.005719376461846488, 'weighted_lap': 0.0018906059741441693, 'weighted_margin': 0.0, 'weighted_pl': 0.010422852928084987, 'weighted_proto': 0.009955074957438878}, {'consistency': 0.0658664062087025, 'gradient_norm': 0.7152093921700703, 'lap': 0.006089322801147189, 'margin': 0.0, 'pl': 0.03368161326008184, 'proto': 0.03541435806878975, 'ramp': 1.0, 'retrieval_strength': 1.0, 'sup': 0.24729810867990767, 'weighted_consistency': 0.0065866406208702506, 'weighted_lap': 0.0018267968403441566, 'weighted_margin': 0.0, 'weighted_pl': 0.010104483978024551, 'weighted_proto': 0.010624307420636926}, {'consistency': 0.06357859075069427, 'gradient_norm': 0.8200080478285223, 'lap': 0.00612627442127892, 'margin': 0.0, 'pl': 0.03369794573102679, 'proto': 0.026735848880239894, 'ramp': 1.0, 'retrieval_strength': 1.0, 'sup': 0.21339191389935358, 'weighted_consistency': 0.006357859075069428, 'weighted_lap': 0.0018378823263836758, 'weighted_margin': 0.0, 'weighted_pl': 0.010109383719308036, 'weighted_proto': 0.008020754664071967}], 'method': 'geometric_attention_ssl', 'method_fidelity': 'reimplementation', 'n_labeled': 400, 'n_unlabeled': 38573, 'neural_validation_strategy': 'external_val', 'no_val_test_in_memory': True, 'protocol': 'inductive', 'reference_family': 'Geometric attention SSL', 'selected_retrieval_strength': 1.0, 'unlabeled_attention_mass': 0.26383967058999197, 'uses_unlabeled_data': True}, 'method_fidelity': 'reimplementation', 'metric_accuracy': 0.8339645818405159, 'metric_average_precision': 0.703054153809783, 'metric_balanced_accuracy': 0.762758409589495, 'metric_brier': 0.236511027220665, 'metric_ece': 0.04686626841178955, 'metric_log_loss': 0.370340761986329, 'metric_macro_f1': 0.7676482871278708, 'metric_nll': 0.370340761986329, 'metric_roc_auc': 0.8816506211292738, 'min_labeled_per_class': 122, 'min_selected_confidence': nan, 'n_classes': 2, 'n_features_after_preprocessing': 108, 'n_features_before_preprocessing': 14, 'n_labeled': 500, 'n_pseudo_added_last_iter': nan, 'n_pseudo_added_total': nan, 'n_unlabeled': 38573, 'neural_method': nan, 'neural_validation_strategy': 'external_val', 'pretrain_epochs_trained': nan, 'protocol': 'inductive', 'pseudo_label_class_distribution': nan, 'pseudo_label_fraction': nan, 'reference_family': 'Geometric attention SSL', 'runtime_seconds': 15.6301, 'seed': 0, 'self_training_iterations': nan, 'status': 'success', 'stopped_reason': nan, 'test_class_counts': '{<=50K:7431,>50K:2338}', 'test_size': 9769, 'timestamp_utc': '2026-07-29T14:58:42.966445+00:00', 'train_labeled_size': 400, 'train_pool_class_counts': '{<=50K:29724,>50K:9349}', 'unlabeled_class_counts': '{<=50K:29346,>50K:9227}', 'val_class_counts': '{<=50K:76,>50K:24}', 'val_size': 100, 'validation_strategy': 'stratified_labeled_val'}",,True,
,,,,nogit:a6fc4d94b43f557a,,12.4,adult,gpu,False,,,3f9236be15390304,,ssl-representation,"{'cuda_available': True, 'cuda_version': '12.4', 'env_name': None, 'env_prefix': '/private/ofirlin-lab/suissad4/envs/micromamba', 'gpu_count': 1, 'gpu_name': 'NVIDIA A100 80GB PCIe', 'hostname': 'dsiuriofir01', 'packages': {'catboost': '1.2.10', 'lightgbm': '4.7.0', 'numpy': '2.4.6', 'pandas': '3.0.3', 'scikit-learn': '1.9.0', 'tabicl': '2.1.1', 'tabpfn': '8.1.0', 'torch': '2.6.0+cu124', 'xgboost': None}, 'platform': 'Linux-5.14.0-687.15.1.el9_8.x86_64-x86_64-with-glibc2.34', 'python': '3.11.15 | packaged by conda-forge | (main, Jun 11 2026, 03:34:02) [GCC 14.3.0]', 'python_version': '3.11.15', 'torch_available': True, 'torch_version': '2.6.0+cu124'}",,,NVIDIA A100 80GB PCIe,dsiuriofir01,processed,,geometric_attention_ssl,{'max_epochs': 20},f91f182ea85952e6,geometric_ssl,novel_experimental,0.7606715119254785,0.25498585714458305,0.5,0.36920716357097616,0.052099940756170304,0.5567091167264122,0.43203488372093024,0.5567091167264122,0.5326269141168611,50,,True,,,,inductive,Combined geometric-attention SSL,adult__geometric_attention_ssl__s0__n50__f10db7296f2551fd,9.2515,0,24,18895629,b9c1f48daae0a38670909bfcee77dc8488c635820805cd7f3886f35130ed7e69,v1_absolute_budget,success,True,2026-07-29T14:58:31.166178+00:00,"{'all_classes_present_in_labeled': True, 'best_epoch': 13, 'best_val_loss': 0.5949058532714844, 'dataset': 'adult', 'dataset_id': 1590, 'epochs_trained': 18, 'error_message': None, 'final_train_loss': nan, 'finetune_epochs_trained': nan, 'graph_n_neighbors_used': nan, 'graph_n_rows': nan, 'graph_n_unlabeled_used': nan, 'graph_retry_count': nan, 'input_view': 'processed', 'labeled_class_counts': '{<=50K:36,>50K:14}', 'labeled_classes_present': 2, 'max_labeled_per_class': 36, 'max_selected_confidence': nan, 'mean_selected_confidence': nan, 'mean_selected_density': nan, 'method': 'geometric_attention_ssl', 'method_diagnostics': {'attention_entropy': 2.0085103511810303, 'attention_k': 8, 'attention_labeled_fraction': 0.5, 'attention_memory': 'labeled_plus_unlabeled', 'best_epoch': 13, 'best_val_loss': 0.5949058532714844, 'collapse_diagnostics': {'constant_prediction_suspect': True, 'effective_embedding_rank': 32, 'embedding_variance_mean': 0.002770189428701997, 'max_pred_class_fraction': 1.0, 'pred_class_fraction': [1.0, 0.0], 'representation_collapse_suspect': False}, 'component_flags': {'use_consistency': True, 'use_laplacian': True, 'use_margin': True, 'use_prototype': True, 'use_pseudo': True, 'use_retrieval': True}, 'epochs_trained': 18, 'graph_affinity_mean': 0.5850162482641295, 'graph_affinity_std': 0.16948496427562704, 'graph_backend': 'sklearn', 'graph_build_time_seconds': 3.2069850359112024, 'graph_k': 10, 'graph_metric': 'euclidean', 'graph_mutual': True, 'graph_n_connected_components': 2586, 'graph_n_edges': 102852, 'graph_n_isolated_nodes': 2092, 'graph_n_nodes': 39063, 'labeled_attention_mass': 0.6182830929756165, 'loss_components': {'consistency': 0.0009208280825987458, 'gradient_norm': 0.23185767214636788, 'lap': 0.0007332396344281733, 'margin': 0.8568127155303955, 'pl': 0.0, 'proto': 0.0, 'ramp': 1.0, 'retrieval_strength': 1.0, 'sup': 0.5769103765487671, 'weighted_consistency': 9.208280825987459e-05, 'weighted_lap': 0.00021997189032845198, 'weighted_margin': 0.08568127155303956, 'weighted_pl': 0.0, 'weighted_proto': 0.0}, 'loss_history_tail': [{'consistency': 0.0004125734849367291, 'gradient_norm': 0.11263169213637918, 'lap': 0.0004362735489849001, 'margin': 0.8989717960357666, 'pl': 0.0, 'proto': 0.0, 'ramp': 1.0, 'retrieval_strength': 1.0, 'sup': 0.5797172784805298, 'weighted_consistency': 4.125734849367291e-05, 'weighted_lap': 0.00013088206469547004, 'weighted_margin': 0.08989717960357667, 'weighted_pl': 0.0, 'weighted_proto': 0.0}, {'consistency': 0.0007173495250754058, 'gradient_norm': 0.09372772165151308, 'lap': 0.0005014199414290488, 'margin': 0.8909935355186462, 'pl': 0.0, 'proto': 0.0, 'ramp': 1.0, 'retrieval_strength': 1.0, 'sup': 0.5716534852981567, 'weighted_consistency': 7.173495250754059e-05, 'weighted_lap': 0.00015042598242871462, 'weighted_margin': 0.08909935355186463, 'weighted_pl': 0.0, 'weighted_proto': 0.0}, {'consistency': 0.0008309466065838933, 'gradient_norm': 0.1022003158596583, 'lap': 0.0005763883236795664, 'margin': 0.8749109506607056, 'pl': 0.0, 'proto': 0.0, 'ramp': 1.0, 'retrieval_strength': 1.0, 'sup': 0.5706778764724731, 'weighted_consistency': 8.309466065838934e-05, 'weighted_lap': 0.0001729164971038699, 'weighted_margin': 0.08749109506607056, 'weighted_pl': 0.0, 'weighted_proto': 0.0}, {'consistency': 0.0006459206342697144, 'gradient_norm': 0.1627113113843688, 'lap': 0.0006484069745056331, 'margin': 0.8617619872093201, 'pl': 0.0, 'proto': 0.0, 'ramp': 1.0, 'retrieval_strength': 1.0, 'sup': 0.578530490398407, 'weighted_consistency': 6.459206342697143e-05, 'weighted_lap': 0.00019452209235168994, 'weighted_margin': 0.08617619872093202, 'weighted_pl': 0.0, 'weighted_proto': 0.0}, {'consistency': 0.0009208280825987458, 'gradient_norm': 0.23185767214636788, 'lap': 0.0007332396344281733, 'margin': 0.8568127155303955, 'pl': 0.0, 'proto': 0.0, 'ramp': 1.0, 'retrieval_strength': 1.0, 'sup': 0.5769103765487671, 'weighted_consistency': 9.208280825987459e-05, 'weighted_lap': 0.00021997189032845198, 'weighted_margin': 0.08568127155303956, 'weighted_pl': 0.0, 'weighted_proto': 0.0}], 'method': 'geometric_attention_ssl', 'method_fidelity': 'reimplementation', 'n_labeled': 40, 'n_unlabeled': 39023, 'neural_validation_strategy': 'external_val', 'no_val_test_in_memory': True, 'protocol': 'inductive', 'reference_family': 'Geometric attention SSL', 'selected_retrieval_strength': 1.0, 'unlabeled_attention_mass': 0.3781512379646301, 'uses_unlabeled_data': True}, 'method_fidelity': 'reimplementation', 'metric_accuracy': 0.7606715119254785, 'metric_average_precision': 0.25498585714458305, 'metric_balanced_accuracy': 0.5, 'metric_brier': 0.36920716357097616, 'metric_ece': 0.052099940756170304, 'metric_log_loss': 0.5567091167264122, 'metric_macro_f1': 0.43203488372093024, 'metric_nll': 0.5567091167264122, 'metric_roc_auc': 0.5326269141168611, 'min_labeled_per_class': 14, 'min_selected_confidence': nan, 'n_classes': 2, 'n_features_after_preprocessing': 108, 'n_features_before_preprocessing': 14, 'n_labeled': 50, 'n_pseudo_added_last_iter': nan, 'n_pseudo_added_total': nan, 'n_unlabeled': 39023, 'neural_method': nan, 'neural_validation_strategy': 'external_val', 'pretrain_epochs_trained': nan, 'protocol': 'inductive', 'pseudo_label_class_distribution': nan, 'pseudo_label_fraction': nan, 'reference_family': 'Geometric attention SSL', 'runtime_seconds': 9.2515, 'seed': 0, 'self_training_iterations': nan, 'status': 'success', 'stopped_reason': nan, 'test_class_counts': '{<=50K:7431,>50K:2338}', 'test_size': 9769, 'timestamp_utc': '2026-07-29T14:58:21.894239+00:00', 'train_labeled_size': 40, 'train_pool_class_counts': '{<=50K:29724,>50K:9349}', 'unlabeled_class_counts': '{<=50K:29688,>50K:9335}', 'val_class_counts': '{<=50K:7,>50K:3}', 'val_size': 10, 'validation_strategy': 'stratified_labeled_val'}",,True,
,,,,nogit:a6fc4d94b43f557a,,12.4,adult,gpu,False,,,3f9236be15390304,,ssl-representation,"{'cuda_available': True, 'cuda_version': '12.4', 'env_name': None, 'env_prefix': '/private/ofirlin-lab/suissad4/envs/micromamba', 'gpu_count': 1, 'gpu_name': 'NVIDIA A100 80GB PCIe', 'hostname': 'dsiuriofir01', 'packages': {'catboost': '1.2.10', 'lightgbm': '4.7.0', 'numpy': '2.4.6', 'pandas': '3.0.3', 'scikit-learn': '1.9.0', 'tabicl': '2.1.1', 'tabpfn': '8.1.0', 'torch': '2.6.0+cu124', 'xgboost': None}, 'platform': 'Linux-5.14.0-687.15.1.el9_8.x86_64-x86_64-with-glibc2.34', 'python': '3.11.15 | packaged by conda-forge | (main, Jun 11 2026, 03:34:02) [GCC 14.3.0]', 'python_version': '3.11.15', 'torch_available': True, 'torch_version': '2.6.0+cu124'}",,,NVIDIA A100 80GB PCIe,dsiuriofir01,processed,,geometric_attention_ssl,{'max_epochs': 20},f91f182ea85952e6,geometric_ssl,novel_experimental,0.7606715119254785,0.6632616086516454,0.5,0.29770518815516284,0.13243761705468798,0.4556799043522548,0.43203488372093024,0.4556799043522548,0.8680570400809776,100,,True,,,,inductive,Combined geometric-attention SSL,adult__geometric_attention_ssl__s1__n100__3b5a5cda662fd2f5,10.696,1,29,18895634,b9c1f48daae0a38670909bfcee77dc8488c635820805cd7f3886f35130ed7e69,v1_absolute_budget,success,True,2026-07-29T14:59:12.768754+00:00,"{'all_classes_present_in_labeled': True, 'best_epoch': 20, 'best_val_loss': 0.44720831513404846, 'dataset': 'adult', 'dataset_id': 1590, 'epochs_trained': 20, 'error_message': None, 'final_train_loss': nan, 'finetune_epochs_trained': nan, 'graph_n_neighbors_used': nan, 'graph_n_rows': nan, 'graph_n_unlabeled_used': nan, 'graph_retry_count': nan, 'input_view': 'processed', 'labeled_class_counts': '{<=50K:73,>50K:27}', 'labeled_classes_present': 2, 'max_labeled_per_class': 73, 'max_selected_confidence': nan, 'mean_selected_confidence': nan, 'mean_selected_density': nan, 'method': 'geometric_attention_ssl', 'method_diagnostics': {'attention_entropy': 1.8388193249702454, 'attention_k': 8, 'attention_labeled_fraction': 0.5, 'attention_memory': 'labeled_plus_unlabeled', 'best_epoch': 20, 'best_val_loss': 0.44720831513404846, 'collapse_diagnostics': {'constant_prediction_suspect': True, 'effective_embedding_rank': 32, 'embedding_variance_mean': 0.016446422785520554, 'max_pred_class_fraction': 1.0, 'pred_class_fraction': [1.0, 0.0], 'representation_collapse_suspect': False}, 'component_flags': {'use_consistency': True, 'use_laplacian': True, 'use_margin': True, 'use_prototype': True, 'use_pseudo': True, 'use_retrieval': True}, 'epochs_trained': 20, 'graph_affinity_mean': 0.5846196728508725, 'graph_affinity_std': 0.1694190405054626, 'graph_backend': 'sklearn', 'graph_build_time_seconds': 3.1689671208150685, 'graph_k': 10, 'graph_metric': 'euclidean', 'graph_mutual': True, 'graph_n_connected_components': 2490, 'graph_n_edges': 102891, 'graph_n_isolated_nodes': 2048, 'graph_n_nodes': 39053, 'labeled_attention_mass': 0.7190119624137878, 'loss_components': {'consistency': 0.0030823847046121955, 'gradient_norm': 0.3632714700817873, 'lap': 0.0018128087976947427, 'margin': 0.05666913837194443, 'pl': 0.09791979193687439, 'proto': 0.04504272621124983, 'ramp': 1.0, 'retrieval_strength': 1.0, 'sup': 0.4835531860589981, 'weighted_consistency': 0.0003082384704612196, 'weighted_lap': 0.0005438426393084228, 'weighted_margin': 0.005666913837194443, 'weighted_pl': 0.029375937581062314, 'weighted_proto': 0.013512817863374948}, 'loss_history_tail': [{'consistency': 0.0005573506059590727, 'gradient_norm': 0.2218062827419663, 'lap': 0.0013385883648879826, 'margin': 0.5936149954795837, 'pl': 0.0, 'proto': 0.0, 'ramp': 1.0, 'retrieval_strength': 1.0, 'sup': 0.5412550270557404, 'weighted_consistency': 5.5735060595907274e-05, 'weighted_lap': 0.00040157650946639475, 'weighted_margin': 0.05936149954795838, 'weighted_pl': 0.0, 'weighted_proto': 0.0}, {'consistency': 0.001192547264508903, 'gradient_norm': 0.34468941040922907, 'lap': 0.0014527204330079257, 'margin': 0.500920370221138, 'pl': 0.0, 'proto': 0.0, 'ramp': 1.0, 'retrieval_strength': 1.0, 'sup': 0.5681238174438477, 'weighted_consistency': 0.00011925472645089031, 'weighted_lap': 0.0004358161299023777, 'weighted_margin': 0.0500920370221138, 'weighted_pl': 0.0, 'weighted_proto': 0.0}, {'consistency': 0.0014165094471536577, 'gradient_norm': 0.2404419357880252, 'lap': 0.0015649236156605184, 'margin': 0.43686383962631226, 'pl': 0.0, 'proto': 0.0, 'ramp': 1.0, 'retrieval_strength': 1.0, 'sup': 0.5150789022445679, 'weighted_consistency': 0.00014165094471536578, 'weighted_lap': 0.0004694770846981555, 'weighted_margin': 0.04368638396263123, 'weighted_pl': 0.0, 'weighted_proto': 0.0}, {'consistency': 0.001094387553166598, 'gradient_norm': 0.301960725436642, 'lap': 0.0017185272881761193, 'margin': 0.24507852643728256, 'pl': 0.0557926669716835, 'proto': 0.018242843449115753, 'ramp': 1.0, 'retrieval_strength': 1.0, 'sup': 0.47545842826366425, 'weighted_consistency': 0.00010943875531665981, 'weighted_lap': 0.0005155581864528358, 'weighted_margin': 0.02450785264372826, 'weighted_pl': 0.01673780009150505, 'weighted_proto': 0.005472853034734726}, {'consistency': 0.0030823847046121955, 'gradient_norm': 0.3632714700817873, 'lap': 0.0018128087976947427, 'margin': 0.05666913837194443, 'pl': 0.09791979193687439, 'proto': 0.04504272621124983, 'ramp': 1.0, 'retrieval_strength': 1.0, 'sup': 0.4835531860589981, 'weighted_consistency': 0.0003082384704612196, 'weighted_lap': 0.0005438426393084228, 'weighted_margin': 0.005666913837194443, 'weighted_pl': 0.029375937581062314, 'weighted_proto': 0.013512817863374948}], 'method': 'geometric_attention_ssl', 'method_fidelity': 'reimplementation', 'n_labeled': 80, 'n_unlabeled': 38973, 'neural_validation_strategy': 'external_val', 'no_val_test_in_memory': True, 'protocol': 'inductive', 'reference_family': 'Geometric attention SSL', 'selected_retrieval_strength': 1.0, 'unlabeled_attention_mass': 0.2590450271964073, 'uses_unlabeled_data': True}, 'method_fidelity': 'reimplementation', 'metric_accuracy': 0.7606715119254785, 'metric_average_precision': 0.6632616086516454, 'metric_balanced_accuracy': 0.5, 'metric_brier': 0.29770518815516284, 'metric_ece': 0.13243761705468798, 'metric_log_loss': 0.4556799043522548, 'metric_macro_f1': 0.43203488372093024, 'metric_nll': 0.4556799043522548, 'metric_roc_auc': 0.8680570400809776, 'min_labeled_per_class': 27, 'min_selected_confidence': nan, 'n_classes': 2, 'n_features_after_preprocessing': 108, 'n_features_before_preprocessing': 14, 'n_labeled': 100, 'n_pseudo_added_last_iter': nan, 'n_pseudo_added_total': nan, 'n_unlabeled': 38973, 'neural_method': nan, 'neural_validation_strategy': 'external_val', 'pretrain_epochs_trained': nan, 'protocol': 'inductive', 'pseudo_label_class_distribution': nan, 'pseudo_label_fraction': nan, 'reference_family': 'Geometric attention SSL', 'runtime_seconds': 10.696, 'seed': 1, 'self_training_iterations': nan, 'status': 'success', 'stopped_reason': nan, 'test_class_counts': '{<=50K:7431,>50K:2338}', 'test_size': 9769, 'timestamp_utc': '2026-07-29T14:59:02.050425+00:00', 'train_labeled_size': 80, 'train_pool_class_counts': '{<=50K:29724,>50K:9349}', 'unlabeled_class_counts': '{<=50K:29651,>50K:9322}', 'val_class_counts': '{<=50K:15,>50K:5}', 'val_size': 20, 'validation_strategy': 'stratified_labeled_val'}",,True,
,,,,nogit:a6fc4d94b43f557a,,12.4,adult,gpu,False,,,3f9236be15390304,,ssl-representation,"{'cuda_available': True, 'cuda_version': '12.4', 'env_name': None, 'env_prefix': '/private/ofirlin-lab/suissad4/envs/micromamba', 'gpu_count': 1, 'gpu_name': 'NVIDIA A100 80GB PCIe', 'hostname': 'dsiuriofir01', 'packages': {'catboost': '1.2.10', 'lightgbm': '4.7.0', 'numpy': '2.4.6', 'pandas': '3.0.3', 'scikit-learn': '1.9.0', 'tabicl': '2.1.1', 'tabpfn': '8.1.0', 'torch': '2.6.0+cu124', 'xgboost': None}, 'platform': 'Linux-5.14.0-687.15.1.el9_8.x86_64-x86_64-with-glibc2.34', 'python': '3.11.15 | packaged by conda-forge | (main, Jun 11 2026, 03:34:02) [GCC 14.3.0]', 'python_version': '3.11.15', 'torch_available': True, 'torch_version': '2.6.0+cu124'}",,,NVIDIA A100 80GB PCIe,dsiuriofir01,processed,,geometric_attention_ssl,{'max_epochs': 20},f91f182ea85952e6,geometric_ssl,novel_experimental,0.8090899785034292,0.6819127381436142,0.6269515585588727,0.2504883582162715,0.02787324212876961,0.38126278497079596,0.6482383861103937,0.38126278497079596,0.8794587421270269,250,,True,,,,inductive,Combined geometric-attention SSL,adult__geometric_attention_ssl__s1__n250__e6d4b20e8772014f,12.2419,1,30,18895635,b9c1f48daae0a38670909bfcee77dc8488c635820805cd7f3886f35130ed7e69,v1_absolute_budget,success,True,2026-07-29T14:59:15.792930+00:00,"{'all_classes_present_in_labeled': True, 'best_epoch': 13, 'best_val_loss': 0.4286578297615051, 'dataset': 'adult', 'dataset_id': 1590, 'epochs_trained': 18, 'error_message': None, 'final_train_loss': nan, 'finetune_epochs_trained': nan, 'graph_n_neighbors_used': nan, 'graph_n_rows': nan, 'graph_n_unlabeled_used': nan, 'graph_retry_count': nan, 'input_view': 'processed', 'labeled_class_counts': '{<=50K:188,>50K:62}', 'labeled_classes_present': 2, 'max_labeled_per_class': 188, 'max_selected_confidence': nan, 'mean_selected_confidence': nan, 'mean_selected_density': nan, 'method': 'geometric_attention_ssl', 'method_diagnostics': {'attention_entropy': 1.7104398906230927, 'attention_k': 8, 'attention_labeled_fraction': 0.5, 'attention_memory': 'labeled_plus_unlabeled', 'best_epoch': 13, 'best_val_loss': 0.4286578297615051, 'collapse_diagnostics': {'constant_prediction_suspect': False, 'effective_embedding_rank': 32, 'embedding_variance_mean': 0.06734797358512878, 'max_pred_class_fraction': 0.9163570202188452, 'pred_class_fraction': [0.9163570202188452, 0.0836429797811547], 'representation_collapse_suspect': False}, 'component_flags': {'use_consistency': True, 'use_laplacian': True, 'use_margin': True, 'use_prototype': True, 'use_pseudo': True, 'use_retrieval': True}, 'epochs_trained': 18, 'graph_affinity_mean': 0.58459697182597, 'graph_affinity_std': 0.16940479677097467, 'graph_backend': 'sklearn', 'graph_build_time_seconds': 3.1898550549522042, 'graph_k': 10, 'graph_metric': 'euclidean', 'graph_mutual': True, 'graph_n_connected_components': 2492, 'graph_n_edges': 102793, 'graph_n_isolated_nodes': 2053, 'graph_n_nodes': 39023, 'labeled_attention_mass': 0.7880232930183411, 'loss_components': {'consistency': 0.020780352409929037, 'gradient_norm': 0.4778232439665234, 'lap': 0.0020928287995047867, 'margin': 0.0, 'pl': 0.029812270309776068, 'proto': 0.04842183133587241, 'ramp': 1.0, 'retrieval_strength': 1.0, 'sup': 0.2620417606085539, 'weighted_consistency': 0.002078035240992904, 'weighted_lap': 0.000627848639851436, 'weighted_margin': 0.0, 'weighted_pl': 0.00894368109293282, 'weighted_proto': 0.014526549400761722}, 'loss_history_tail': [{'consistency': 0.01357108959928155, 'gradient_norm': 0.5839923599762751, 'lap': 0.00234568357700482, 'margin': 0.0, 'pl': 0.054595597088336945, 'proto': 0.04546732362359762, 'ramp': 1.0, 'retrieval_strength': 1.0, 'sup': 0.4549011290073395, 'weighted_consistency': 0.001357108959928155, 'weighted_lap': 0.000703705073101446, 'weighted_margin': 0.0, 'weighted_pl': 0.016378679126501084, 'weighted_proto': 0.013640197087079286}, {'consistency': 0.014812229899689555, 'gradient_norm': 0.5355769893876624, 'lap': 0.002365024061873555, 'margin': 0.0, 'pl': 0.03233940713107586, 'proto': 0.06818938441574574, 'ramp': 1.0, 'retrieval_strength': 1.0, 'sup': 0.3694630563259125, 'weighted_consistency': 0.0014812229899689557, 'weighted_lap': 0.0007095072185620665, 'weighted_margin': 0.0, 'weighted_pl': 0.009701822139322757, 'weighted_proto': 0.02045681532472372}, {'consistency': 0.013710487633943558, 'gradient_norm': 0.4145344077610902, 'lap': 0.002315156045369804, 'margin': 0.0, 'pl': 0.03557783295400441, 'proto': 0.09873407334089279, 'ramp': 1.0, 'retrieval_strength': 1.0, 'sup': 0.2864087987691164, 'weighted_consistency': 0.001371048763394356, 'weighted_lap': 0.0006945468136109412, 'weighted_margin': 0.0, 'weighted_pl': 0.010673349886201321, 'weighted_proto': 0.029620222002267837}, {'consistency': 0.01671064575202763, 'gradient_norm': 0.49633784589012814, 'lap': 0.00219765369547531, 'margin': 0.0, 'pl': 0.044295298866927624, 'proto': 0.04832020215690136, 'ramp': 1.0, 'retrieval_strength': 1.0, 'sup': 0.3516971170902252, 'weighted_consistency': 0.0016710645752027631, 'weighted_lap': 0.000659296108642593, 'weighted_margin': 0.0, 'weighted_pl': 0.013288589660078287, 'weighted_proto': 0.014496060647070408}, {'consistency': 0.020780352409929037, 'gradient_norm': 0.4778232439665234, 'lap': 0.0020928287995047867, 'margin': 0.0, 'pl': 0.029812270309776068, 'proto': 0.04842183133587241, 'ramp': 1.0, 'retrieval_strength': 1.0, 'sup': 0.2620417606085539, 'weighted_consistency': 0.002078035240992904, 'weighted_lap': 0.000627848639851436, 'weighted_margin': 0.0, 'weighted_pl': 0.00894368109293282, 'weighted_proto': 0.014526549400761722}], 'method': 'geometric_attention_ssl', 'method_fidelity': 'reimplementation', 'n_labeled': 200, 'n_unlabeled': 38823, 'neural_validation_strategy': 'external_val', 'no_val_test_in_memory': True, 'protocol': 'inductive', 'reference_family': 'Geometric attention SSL', 'selected_retrieval_strength': 1.0, 'unlabeled_attention_mass': 0.20805047638714314, 'uses_unlabeled_data': True}, 'method_fidelity': 'reimplementation', 'metric_accuracy': 0.8090899785034292, 'metric_average_precision': 0.6819127381436142, 'metric_balanced_accuracy': 0.6269515585588727, 'metric_brier': 0.2504883582162715, 'metric_ece': 0.02787324212876961, 'metric_log_loss': 0.38126278497079596, 'metric_macro_f1': 0.6482383861103937, 'metric_nll': 0.38126278497079596, 'metric_roc_auc': 0.8794587421270269, 'min_labeled_per_class': 62, 'min_selected_confidence': nan, 'n_classes': 2, 'n_features_after_preprocessing': 108, 'n_features_before_preprocessing': 14, 'n_labeled': 250, 'n_pseudo_added_last_iter': nan, 'n_pseudo_added_total': nan, 'n_unlabeled': 38823, 'neural_method': nan, 'neural_validation_strategy': 'external_val', 'pretrain_epochs_trained': nan, 'protocol': 'inductive', 'pseudo_label_class_distribution': nan, 'pseudo_label_fraction': nan, 'reference_family': 'Geometric attention SSL', 'runtime_seconds': 12.2419, 'seed': 1, 'self_training_iterations': nan, 'status': 'success', 'stopped_reason': nan, 'test_class_counts': '{<=50K:7431,>50K:2338}', 'test_size': 9769, 'timestamp_utc': '2026-07-29T14:59:03.531792+00:00', 'train_labeled_size': 200, 'train_pool_class_counts': '{<=50K:29724,>50K:9349}', 'unlabeled_class_counts': '{<=50K:29536,>50K:9287}', 'val_class_counts': '{<=50K:38,>50K:12}', 'val_size': 50, 'validation_strategy': 'stratified_labeled_val'}",,True,
,,,,nogit:a6fc4d94b43f557a,,12.4,adult,gpu,False,,,3f9236be15390304,,ssl-representation,"{'cuda_available': True, 'cuda_version': '12.4', 'env_name': None, 'env_prefix': '/private/ofirlin-lab/suissad4/envs/micromamba', 'gpu_count': 1, 'gpu_name': 'NVIDIA A100 80GB PCIe', 'hostname': 'dsiuriofir01', 'packages': {'catboost': '1.2.10', 'lightgbm': '4.7.0', 'numpy': '2.4.6', 'pandas': '3.0.3', 'scikit-learn': '1.9.0', 'tabicl': '2.1.1', 'tabpfn': '8.1.0', 'torch': '2.6.0+cu124', 'xgboost': None}, 'platform': 'Linux-5.14.0-687.15.1.el9_8.x86_64-x86_64-with-glibc2.34', 'python': '3.11.15 | packaged by conda-forge | (main, Jun 11 2026, 03:34:02) [GCC 14.3.0]', 'python_version': '3.11.15', 'torch_available': True, 'torch_version': '2.6.0+cu124'}",,,NVIDIA A100 80GB PCIe,dsiuriofir01,processed,,geometric_attention_ssl,{'max_epochs': 20},f91f182ea85952e6,geometric_ssl,novel_experimental,0.8362166035418159,0.6995426742667354,0.7384419695127307,0.22927230184006128,0.03710256341966364,0.3600439594792746,0.756352566241724,0.3600439594792746,0.8858151969893767,500,,True,,,,inductive,Combined geometric-attention SSL,adult__geometric_attention_ssl__s1__n500__92c628cb3efbccc2,14.0364,1,31,18895636,b9c1f48daae0a38670909bfcee77dc8488c635820805cd7f3886f35130ed7e69,v1_absolute_budget,success,True,2026-07-29T14:59:30.257200+00:00,"{'all_classes_present_in_labeled': True, 'best_epoch': 9, 'best_val_loss': 0.34159794449806213, 'dataset': 'adult', 'dataset_id': 1590, 'epochs_trained': 14, 'error_message': None, 'final_train_loss': nan, 'finetune_epochs_trained': nan, 'graph_n_neighbors_used': nan, 'graph_n_rows': nan, 'graph_n_unlabeled_used': nan, 'graph_retry_count': nan, 'input_view': 'processed', 'labeled_class_counts': '{<=50K:378,>50K:122}', 'labeled_classes_present': 2, 'max_labeled_per_class': 378, 'max_selected_confidence': nan, 'mean_selected_confidence': nan, 'mean_selected_density': nan, 'method': 'geometric_attention_ssl', 'method_diagnostics': {'attention_entropy': 1.8523640973227364, 'attention_k': 8, 'attention_labeled_fraction': 0.5, 'attention_memory': 'labeled_plus_unlabeled', 'best_epoch': 9, 'best_val_loss': 0.34159794449806213, 'collapse_diagnostics': {'constant_prediction_suspect': False, 'effective_embedding_rank': 32, 'embedding_variance_mean': 0.11824806034564972, 'max_pred_class_fraction': 0.8162574089754445, 'pred_class_fraction': [0.8162574089754445, 0.18374259102455545], 'representation_collapse_suspect': False}, 'component_flags': {'use_consistency': True, 'use_laplacian': True, 'use_margin': True, 'use_prototype': True, 'use_pseudo': True, 'use_retrieval': True}, 'epochs_trained': 14, 'graph_affinity_mean': 0.5846459726420282, 'graph_affinity_std': 0.16944431575774885, 'graph_backend': 'sklearn', 'graph_build_time_seconds': 3.1449341527186334, 'graph_k': 10, 'graph_metric': 'euclidean', 'graph_mutual': True, 'graph_n_connected_components': 2481, 'graph_n_edges': 102664, 'graph_n_isolated_nodes': 2041, 'graph_n_nodes': 38973, 'labeled_attention_mass': 0.7242714932986668, 'loss_components': {'consistency': 0.05592911796910422, 'gradient_norm': 0.5735923108717641, 'lap': 0.002584990014189056, 'margin': 0.0, 'pl': 0.03600318543612957, 'proto': 0.029412598482200077, 'ramp': 1.0, 'retrieval_strength': 1.0, 'sup': 0.22580759014402116, 'weighted_consistency': 0.005592911796910422, 'weighted_lap': 0.0007754970042567167, 'weighted_margin': 0.0, 'weighted_pl': 0.01080095563083887, 'weighted_proto': 0.008823779544660022}, 'loss_history_tail': [{'consistency': 0.0432052838483027, 'gradient_norm': 0.47074284789480114, 'lap': 0.0018902218601267254, 'margin': 0.0, 'pl': 0.032770722838384767, 'proto': 0.03621807933918068, 'ramp': 1.0, 'retrieval_strength': 1.0, 'sup': 0.2927870324679783, 'weighted_consistency': 0.004320528384830271, 'weighted_lap': 0.0005670665580380176, 'weighted_margin': 0.0, 'weighted_pl': 0.00983121685151543, 'weighted_proto': 0.010865423801754202}, {'consistency': 0.034132586392973153, 'gradient_norm': 0.7692932407867167, 'lap': 0.0019197730414037193, 'margin': 0.0, 'pl': 0.03416012467018196, 'proto': 0.030147206038236618, 'ramp': 1.0, 'retrieval_strength': 1.0, 'sup': 0.27358600071498324, 'weighted_consistency': 0.0034132586392973153, 'weighted_lap': 0.0005759319124211158, 'weighted_margin': 0.0, 'weighted_pl': 0.010248037401054587, 'weighted_proto': 0.009044161811470984}, {'consistency': 0.03261285248611655, 'gradient_norm': 0.5042021647284669, 'lap': 0.0022229136167360203, 'margin': 0.0, 'pl': 0.03327124007046223, 'proto': 0.01870682875492743, 'ramp': 1.0, 'retrieval_strength': 1.0, 'sup': 0.25617083268506186, 'weighted_consistency': 0.0032612852486116548, 'weighted_lap': 0.0006668740850208061, 'weighted_margin': 0.0, 'weighted_pl': 0.009981372021138668, 'weighted_proto': 0.005612048626478229}, {'consistency': 0.035521138193351884, 'gradient_norm': 0.6788434602050816, 'lap': 0.002307134248050196, 'margin': 0.0, 'pl': 0.033332771488598416, 'proto': 0.040636834023254256, 'ramp': 1.0, 'retrieval_strength': 1.0, 'sup': 0.25400494251932415, 'weighted_consistency': 0.0035521138193351886, 'weighted_lap': 0.0006921402744150588, 'weighted_margin': 0.0, 'weighted_pl': 0.009999831446579524, 'weighted_proto': 0.012191050206976277}, {'consistency': 0.05592911796910422, 'gradient_norm': 0.5735923108717641, 'lap': 0.002584990014189056, 'margin': 0.0, 'pl': 0.03600318543612957, 'proto': 0.029412598482200077, 'ramp': 1.0, 'retrieval_strength': 1.0, 'sup': 0.22580759014402116, 'weighted_consistency': 0.005592911796910422, 'weighted_lap': 0.0007754970042567167, 'weighted_margin': 0.0, 'weighted_pl': 0.01080095563083887, 'weighted_proto': 0.008823779544660022}], 'method': 'geometric_attention_ssl', 'method_fidelity': 'reimplementation', 'n_labeled': 400, 'n_unlabeled': 38573, 'neural_validation_strategy': 'external_val', 'no_val_test_in_memory': True, 'protocol': 'inductive', 'reference_family': 'Geometric attention SSL', 'selected_retrieval_strength': 1.0, 'unlabeled_attention_mass': 0.2790488430431911, 'uses_unlabeled_data': True}, 'method_fidelity': 'reimplementation', 'metric_accuracy': 0.8362166035418159, 'metric_average_precision': 0.6995426742667354, 'metric_balanced_accuracy': 0.7384419695127307, 'metric_brier': 0.22927230184006128, 'metric_ece': 0.03710256341966364, 'metric_log_loss': 0.3600439594792746, 'metric_macro_f1': 0.756352566241724, 'metric_nll': 0.3600439594792746, 'metric_roc_auc': 0.8858151969893767, 'min_labeled_per_class': 122, 'min_selected_confidence': nan, 'n_classes': 2, 'n_features_after_preprocessing': 108, 'n_features_before_preprocessing': 14, 'n_labeled': 500, 'n_pseudo_added_last_iter': nan, 'n_pseudo_added_total': nan, 'n_unlabeled': 38573, 'neural_method': nan, 'neural_validation_strategy': 'external_val', 'pretrain_epochs_trained': nan, 'protocol': 'inductive', 'pseudo_label_class_distribution': nan, 'pseudo_label_fraction': nan, 'reference_family': 'Geometric attention SSL', 'runtime_seconds': 14.0364, 'seed': 1, 'self_training_iterations': nan, 'status': 'success', 'stopped_reason': nan, 'test_class_counts': '{<=50K:7431,>50K:2338}', 'test_size': 9769, 'timestamp_utc': '2026-07-29T14:59:16.201608+00:00', 'train_labeled_size': 400, 'train_pool_class_counts': '{<=50K:29724,>50K:9349}', 'unlabeled_class_counts': '{<=50K:29346,>50K:9227}', 'val_class_counts': '{<=50K:76,>50K:24}', 'val_size': 100, 'validation_strategy': 'stratified_labeled_val'}",,True,
,,,,nogit:a6fc4d94b43f557a,,12.4,adult,gpu,False,,,3f9236be15390304,,ssl-representation,"{'cuda_available': True, 'cuda_version': '12.4', 'env_name': None, 'env_prefix': '/private/ofirlin-lab/suissad4/envs/micromamba', 'gpu_count': 1, 'gpu_name': 'NVIDIA A100 80GB PCIe', 'hostname': 'dsiuriofir01', 'packages': {'catboost': '1.2.10', 'lightgbm': '4.7.0', 'numpy': '2.4.6', 'pandas': '3.0.3', 'scikit-learn': '1.9.0', 'tabicl': '2.1.1', 'tabpfn': '8.1.0', 'torch': '2.6.0+cu124', 'xgboost': None}, 'platform': 'Linux-5.14.0-687.15.1.el9_8.x86_64-x86_64-with-glibc2.34', 'python': '3.11.15 | packaged by conda-forge | (main, Jun 11 2026, 03:34:02) [GCC 14.3.0]', 'python_version': '3.11.15', 'torch_available': True, 'torch_version': '2.6.0+cu124'}",,,NVIDIA A100 80GB PCIe,dsiuriofir01,processed,,geometric_attention_ssl,{'max_epochs': 20},f91f182ea85952e6,geometric_ssl,novel_experimental,0.7606715119254785,0.40624890091142635,0.5,0.36084522902876054,0.042844010242616005,0.5464156426670276,0.43203488372093024,0.5464156426670276,0.7072424445762148,50,,True,,,,inductive,Combined geometric-attention SSL,adult__geometric_attention_ssl__s1__n50__b17e28fdacb8c21a,9.1317,1,28,18895633,b9c1f48daae0a38670909bfcee77dc8488c635820805cd7f3886f35130ed7e69,v1_absolute_budget,success,True,2026-07-29T14:59:00.273423+00:00,"{'all_classes_present_in_labeled': True, 'best_epoch': 12, 'best_val_loss': 0.5957473516464233, 'dataset': 'adult', 'dataset_id': 1590, 'epochs_trained': 17, 'error_message': None, 'final_train_loss': nan, 'finetune_epochs_trained': nan, 'graph_n_neighbors_used': nan, 'graph_n_rows': nan, 'graph_n_unlabeled_used': nan, 'graph_retry_count': nan, 'input_view': 'processed', 'labeled_class_counts': '{<=50K:36,>50K:14}', 'labeled_classes_present': 2, 'max_labeled_per_class': 36, 'max_selected_confidence': nan, 'mean_selected_confidence': nan, 'mean_selected_density': nan, 'method': 'geometric_attention_ssl', 'method_diagnostics': {'attention_entropy': 2.0212090015411377, 'attention_k': 8, 'attention_labeled_fraction': 0.5, 'attention_memory': 'labeled_plus_unlabeled', 'best_epoch': 12, 'best_val_loss': 0.5957473516464233, 'collapse_diagnostics': {'constant_prediction_suspect': True, 'effective_embedding_rank': 32, 'embedding_variance_mean': 0.0020782819483429193, 'max_pred_class_fraction': 1.0, 'pred_class_fraction': [1.0, 0.0], 'representation_collapse_suspect': False}, 'component_flags': {'use_consistency': True, 'use_laplacian': True, 'use_margin': True, 'use_prototype': True, 'use_pseudo': True, 'use_retrieval': True}, 'epochs_trained': 17, 'graph_affinity_mean': 0.5846428400952289, 'graph_affinity_std': 0.16940970441175163, 'graph_backend': 'sklearn', 'graph_build_time_seconds': 3.1732966899871826, 'graph_k': 10, 'graph_metric': 'euclidean', 'graph_mutual': True, 'graph_n_connected_components': 2491, 'graph_n_edges': 102916, 'graph_n_isolated_nodes': 2048, 'graph_n_nodes': 39063, 'labeled_attention_mass': 0.5763590931892395, 'loss_components': {'consistency': 0.00042832843610085547, 'gradient_norm': 0.20197396062641906, 'lap': 0.000631650211289525, 'margin': 0.8539435863494873, 'pl': 0.0, 'proto': 0.0, 'ramp': 1.0, 'retrieval_strength': 1.0, 'sup': 0.5686178803443909, 'weighted_consistency': 4.283284361008555e-05, 'weighted_lap': 0.0001894950633868575, 'weighted_margin': 0.08539435863494874, 'weighted_pl': 0.0, 'weighted_proto': 0.0}, 'loss_history_tail': [{'consistency': 0.000328107678797096, 'gradient_norm': 0.09016543480620336, 'lap': 0.0003437546838540584, 'margin': 0.8993972539901733, 'pl': 0.0, 'proto': 0.0, 'ramp': 1.0, 'retrieval_strength': 1.0, 'sup': 0.5733290314674377, 'weighted_consistency': 3.2810767879709605e-05, 'weighted_lap': 0.00010312640515621751, 'weighted_margin': 0.08993972539901735, 'weighted_pl': 0.0, 'weighted_proto': 0.0}, {'consistency': 0.00040926868678070605, 'gradient_norm': 0.09018261017641326, 'lap': 0.00041214405791833997, 'margin': 0.8966654539108276, 'pl': 0.0, 'proto': 0.0, 'ramp': 1.0, 'retrieval_strength': 1.0, 'sup': 0.567577600479126, 'weighted_consistency': 4.0926868678070605e-05, 'weighted_lap': 0.00012364321737550198, 'weighted_margin': 0.08966654539108276, 'weighted_pl': 0.0, 'weighted_proto': 0.0}, {'consistency': 0.0005339085473679006, 'gradient_norm': 0.11952773042728507, 'lap': 0.00048438276280649006, 'margin': 0.882204532623291, 'pl': 0.0, 'proto': 0.0, 'ramp': 1.0, 'retrieval_strength': 1.0, 'sup': 0.5700057148933411, 'weighted_consistency': 5.339085473679006e-05, 'weighted_lap': 0.00014531482884194702, 'weighted_margin': 0.08822045326232911, 'weighted_pl': 0.0, 'weighted_proto': 0.0}, {'consistency': 0.0005754527519457042, 'gradient_norm': 0.1491337244916489, 'lap': 0.0005529423360712826, 'margin': 0.8719809651374817, 'pl': 0.0, 'proto': 0.0, 'ramp': 1.0, 'retrieval_strength': 1.0, 'sup': 0.5687273740768433, 'weighted_consistency': 5.7545275194570425e-05, 'weighted_lap': 0.0001658827008213848, 'weighted_margin': 0.08719809651374817, 'weighted_pl': 0.0, 'weighted_proto': 0.0}, {'consistency': 0.00042832843610085547, 'gradient_norm': 0.20197396062641906, 'lap': 0.000631650211289525, 'margin': 0.8539435863494873, 'pl': 0.0, 'proto': 0.0, 'ramp': 1.0, 'retrieval_strength': 1.0, 'sup': 0.5686178803443909, 'weighted_consistency': 4.283284361008555e-05, 'weighted_lap': 0.0001894950633868575, 'weighted_margin': 0.08539435863494874, 'weighted_pl': 0.0, 'weighted_proto': 0.0}], 'method': 'geometric_attention_ssl', 'method_fidelity': 'reimplementation', 'n_labeled': 40, 'n_unlabeled': 39023, 'neural_validation_strategy': 'external_val', 'no_val_test_in_memory': True, 'protocol': 'inductive', 'reference_family': 'Geometric attention SSL', 'selected_retrieval_strength': 1.0, 'unlabeled_attention_mass': 0.4201236665248871, 'uses_unlabeled_data': True}, 'method_fidelity': 'reimplementation', 'metric_accuracy': 0.7606715119254785, 'metric_average_precision': 0.40624890091142635, 'metric_balanced_accuracy': 0.5, 'metric_brier': 0.36084522902876054, 'metric_ece': 0.042844010242616005, 'metric_log_loss': 0.5464156426670276, 'metric_macro_f1': 0.43203488372093024, 'metric_nll': 0.5464156426670276, 'metric_roc_auc': 0.7072424445762148, 'min_labeled_per_class': 14, 'min_selected_confidence': nan, 'n_classes': 2, 'n_features_after_preprocessing': 108, 'n_features_before_preprocessing': 14, 'n_labeled': 50, 'n_pseudo_added_last_iter': nan, 'n_pseudo_added_total': nan, 'n_unlabeled': 39023, 'neural_method': nan, 'neural_validation_strategy': 'external_val', 'pretrain_epochs_trained': nan, 'protocol': 'inductive', 'pseudo_label_class_distribution': nan, 'pseudo_label_fraction': nan, 'reference_family': 'Geometric attention SSL', 'runtime_seconds': 9.1317, 'seed': 1, 'self_training_iterations': nan, 'status': 'success', 'stopped_reason': nan, 'test_class_counts': '{<=50K:7431,>50K:2338}', 'test_size': 9769, 'timestamp_utc': '2026-07-29T14:58:51.121111+00:00', 'train_labeled_size': 40, 'train_pool_class_counts': '{<=50K:29724,>50K:9349}', 'unlabeled_class_counts': '{<=50K:29688,>50K:9335}', 'val_class_counts': '{<=50K:7,>50K:3}', 'val_size': 10, 'validation_strategy': 'stratified_labeled_val'}",,True,
,,,,nogit:a6fc4d94b43f557a,,12.4,adult,gpu,False,,,3f9236be15390304,,ssl-representation,"{'cuda_available': True, 'cuda_version': '12.4', 'env_name': None, 'env_prefix': '/private/ofirlin-lab/suissad4/envs/micromamba', 'gpu_count': 1, 'gpu_name': 'NVIDIA A100 80GB PCIe', 'hostname': 'dsiuriofir01', 'packages': {'catboost': '1.2.10', 'lightgbm': '4.7.0', 'numpy': '2.4.6', 'pandas': '3.0.3', 'scikit-learn': '1.9.0', 'tabicl': '2.1.1', 'tabpfn': '8.1.0', 'torch': '2.6.0+cu124', 'xgboost': None}, 'platform': 'Linux-5.14.0-687.15.1.el9_8.x86_64-x86_64-with-glibc2.34', 'python': '3.11.15 | packaged by conda-forge | (main, Jun 11 2026, 03:34:02) [GCC 14.3.0]', 'python_version': '3.11.15', 'torch_available': True, 'torch_version': '2.6.0+cu124'}",,,NVIDIA A100 80GB PCIe,dsiuriofir01,processed,,geometric_attention_ssl,{'max_epochs': 20},f91f182ea85952e6,geometric_ssl,novel_experimental,0.8190193469137066,0.6800003876668959,0.649308079728426,0.26360313956702475,0.06332350244906071,0.4105489784133272,0.676272120178305,0.4105489784133272,0.8611875102094098,100,,True,,,,inductive,Combined geometric-attention SSL,adult__geometric_attention_ssl__s2__n100__98d703191c06a113,10.8645,2,33,18895638,b9c1f48daae0a38670909bfcee77dc8488c635820805cd7f3886f35130ed7e69,v1_absolute_budget,success,True,2026-07-29T14:59:42.609270+00:00,"{'all_classes_present_in_labeled': True, 'best_epoch': 20, 'best_val_loss': 0.4325862526893616, 'dataset': 'adult', 'dataset_id': 1590, 'epochs_trained': 20, 'error_message': None, 'final_train_loss': nan, 'finetune_epochs_trained': nan, 'graph_n_neighbors_used': nan, 'graph_n_rows': nan, 'graph_n_unlabeled_used': nan, 'graph_retry_count': nan, 'input_view': 'processed', 'labeled_class_counts': '{<=50K:73,>50K:27}', 'labeled_classes_present': 2, 'max_labeled_per_class': 73, 'max_selected_confidence': nan, 'mean_selected_confidence': nan, 'mean_selected_density': nan, 'method': 'geometric_attention_ssl', 'method_diagnostics': {'attention_entropy': 1.9908210039138794, 'attention_k': 8, 'attention_labeled_fraction': 0.5, 'attention_memory': 'labeled_plus_unlabeled', 'best_epoch': 20, 'best_val_loss': 0.4325862526893616, 'collapse_diagnostics': {'constant_prediction_suspect': False, 'effective_embedding_rank': 32, 'embedding_variance_mean': 0.04224274680018425, 'max_pred_class_fraction': 0.9029267917957647, 'pred_class_fraction': [0.9029267917957647, 0.09707320820423528], 'representation_collapse_suspect': False}, 'component_flags': {'use_consistency': True, 'use_laplacian': True, 'use_margin': True, 'use_prototype': True, 'use_pseudo': True, 'use_retrieval': True}, 'epochs_trained': 20, 'graph_affinity_mean': 0.5848715789236253, 'graph_affinity_std': 0.16939022569193254, 'graph_backend': 'sklearn', 'graph_build_time_seconds': 3.18571560876444, 'graph_k': 10, 'graph_metric': 'euclidean', 'graph_mutual': True, 'graph_n_connected_components': 2576, 'graph_n_edges': 102614, 'graph_n_isolated_nodes': 2110, 'graph_n_nodes': 39053, 'labeled_attention_mass': 0.4426584541797638, 'loss_components': {'consistency': 0.01735001429915428, 'gradient_norm': 0.4798259985619041, 'lap': 0.0029372982680797577, 'margin': 0.0, 'pl': 0.10852958634495735, 'proto': 0.015437062131240964, 'ramp': 1.0, 'retrieval_strength': 1.0, 'sup': 0.37821151316165924, 'weighted_consistency': 0.0017350014299154282, 'weighted_lap': 0.0008811894804239273, 'weighted_margin': 0.0, 'weighted_pl': 0.0325588759034872, 'weighted_proto': 0.004631118639372289}, 'loss_history_tail': [{'consistency': 0.0026829997077584267, 'gradient_norm': 0.29853503307472895, 'lap': 0.0023154541850090027, 'margin': 0.33117789030075073, 'pl': 0.0, 'proto': 0.0, 'ramp': 1.0, 'retrieval_strength': 1.0, 'sup': 0.47244465351104736, 'weighted_consistency': 0.0002682999707758427, 'weighted_lap': 0.0006946362555027008, 'weighted_margin': 0.033117789030075076, 'weighted_pl': 0.0, 'weighted_proto': 0.0}, {'consistency': 0.0027168691158294678, 'gradient_norm': 0.3750105125233719, 'lap': 0.002479120041243732, 'margin': 0.22674349695444107, 'pl': 0.0, 'proto': 0.0, 'ramp': 1.0, 'retrieval_strength': 1.0, 'sup': 0.4804760068655014, 'weighted_consistency': 0.0002716869115829468, 'weighted_lap': 0.0007437360123731196, 'weighted_margin': 0.02267434969544411, 'weighted_pl': 0.0, 'weighted_proto': 0.0}, {'consistency': 0.005381125025451183, 'gradient_norm': 0.4432108975313622, 'lap': 0.0026358471950516105, 'margin': 0.07519476674497128, 'pl': 0.05863575264811516, 'proto': 0.016984542831778526, 'ramp': 1.0, 'retrieval_strength': 1.0, 'sup': 0.46063272655010223, 'weighted_consistency': 0.0005381125025451184, 'weighted_lap': 0.0007907541585154831, 'weighted_margin': 0.007519476674497128, 'weighted_pl': 0.017590725794434547, 'weighted_proto': 0.005095362849533558}, {'consistency': 0.006465764017775655, 'gradient_norm': 0.3948382216028593, 'lap': 0.0027851246995851398, 'margin': 0.001545039820484817, 'pl': 0.09937206283211708, 'proto': 0.041029238142073154, 'ramp': 1.0, 'retrieval_strength': 1.0, 'sup': 0.3841667175292969, 'weighted_consistency': 0.0006465764017775655, 'weighted_lap': 0.000835537409875542, 'weighted_margin': 0.00015450398204848171, 'weighted_pl': 0.029811618849635124, 'weighted_proto': 0.012308771442621946}, {'consistency': 0.01735001429915428, 'gradient_norm': 0.4798259985619041, 'lap': 0.0029372982680797577, 'margin': 0.0, 'pl': 0.10852958634495735, 'proto': 0.015437062131240964, 'ramp': 1.0, 'retrieval_strength': 1.0, 'sup': 0.37821151316165924, 'weighted_consistency': 0.0017350014299154282, 'weighted_lap': 0.0008811894804239273, 'weighted_margin': 0.0, 'weighted_pl': 0.0325588759034872, 'weighted_proto': 0.004631118639372289}], 'method': 'geometric_attention_ssl', 'method_fidelity': 'reimplementation', 'n_labeled': 80, 'n_unlabeled': 38973, 'neural_validation_strategy': 'external_val', 'no_val_test_in_memory': True, 'protocol': 'inductive', 'reference_family': 'Geometric attention SSL', 'selected_retrieval_strength': 1.0, 'unlabeled_attention_mass': 0.5511569976806641, 'uses_unlabeled_data': True}, 'method_fidelity': 'reimplementation', 'metric_accuracy': 0.8190193469137066, 'metric_average_precision': 0.6800003876668959, 'metric_balanced_accuracy': 0.649308079728426, 'metric_brier': 0.26360313956702475, 'metric_ece': 0.06332350244906071, 'metric_log_loss': 0.4105489784133272, 'metric_macro_f1': 0.676272120178305, 'metric_nll': 0.4105489784133272, 'metric_roc_auc': 0.8611875102094098, 'min_labeled_per_class': 27, 'min_selected_confidence': nan, 'n_classes': 2, 'n_features_after_preprocessing': 108, 'n_features_before_preprocessing': 14, 'n_labeled': 100, 'n_pseudo_added_last_iter': nan, 'n_pseudo_added_total': nan, 'n_unlabeled': 38973, 'neural_method': nan, 'neural_validation_strategy': 'external_val', 'pretrain_epochs_trained': nan, 'protocol': 'inductive', 'pseudo_label_class_distribution': nan, 'pseudo_label_fraction': nan, 'reference_family': 'Geometric attention SSL', 'runtime_seconds': 10.8645, 'seed': 2, 'self_training_iterations': nan, 'status': 'success', 'stopped_reason': nan, 'test_class_counts': '{<=50K:7431,>50K:2338}', 'test_size': 9769, 'timestamp_utc': '2026-07-29T14:59:31.698746+00:00', 'train_labeled_size': 80, 'train_pool_class_counts': '{<=50K:29724,>50K:9349}', 'unlabeled_class_counts': '{<=50K:29651,>50K:9322}', 'val_class_counts': '{<=50K:15,>50K:5}', 'val_size': 20, 'validation_strategy': 'stratified_labeled_val'}",,True,
,,,,nogit:a6fc4d94b43f557a,,12.4,adult,gpu,False,,,3f9236be15390304,,ssl-representation,"{'cuda_available': True, 'cuda_version': '12.4', 'env_name': None, 'env_prefix': '/private/ofirlin-lab/suissad4/envs/micromamba', 'gpu_count': 1, 'gpu_name': 'NVIDIA A100 80GB PCIe', 'hostname': 'dsiuriofir01', 'packages': {'catboost': '1.2.10', 'lightgbm': '4.7.0', 'numpy': '2.4.6', 'pandas': '3.0.3', 'scikit-learn': '1.9.0', 'tabicl': '2.1.1', 'tabpfn': '8.1.0', 'torch': '2.6.0+cu124', 'xgboost': None}, 'platform': 'Linux-5.14.0-687.15.1.el9_8.x86_64-x86_64-with-glibc2.34', 'python': '3.11.15 | packaged by conda-forge | (main, Jun 11 2026, 03:34:02) [GCC 14.3.0]', 'python_version': '3.11.15', 'torch_available': True, 'torch_version': '2.6.0+cu124'}",,,NVIDIA A100 80GB PCIe,dsiuriofir01,processed,,geometric_attention_ssl,{'max_epochs': 20},f91f182ea85952e6,geometric_ssl,novel_experimental,0.8301770907974204,0.6827658935946707,0.704864508252081,0.23970288133960002,0.024739246207554234,0.36971121576139215,0.7306660503157892,0.36971121576139215,0.8774160543323066,250,,True,,,,inductive,Combined geometric-attention SSL,adult__geometric_attention_ssl__s2__n250__7885e03923981502,12.3313,2,34,18895639,b9c1f48daae0a38670909bfcee77dc8488c635820805cd7f3886f35130ed7e69,v1_absolute_budget,success,True,2026-07-29T14:59:45.885233+00:00,"{'all_classes_present_in_labeled': True, 'best_epoch': 20, 'best_val_loss': 0.23082628846168518, 'dataset': 'adult', 'dataset_id': 1590, 'epochs_trained': 20, 'error_message': None, 'final_train_loss': nan, 'finetune_epochs_trained': nan, 'graph_n_neighbors_used': nan, 'graph_n_rows': nan, 'graph_n_unlabeled_used': nan, 'graph_retry_count': nan, 'input_view': 'processed', 'labeled_class_counts': '{<=50K:188,>50K:62}', 'labeled_classes_present': 2, 'max_labeled_per_class': 188, 'max_selected_confidence': nan, 'mean_selected_confidence': nan, 'mean_selected_density': nan, 'method': 'geometric_attention_ssl', 'method_diagnostics': {'attention_entropy': 2.0343008637428284, 'attention_k': 8, 'attention_labeled_fraction': 0.5, 'attention_memory': 'labeled_plus_unlabeled', 'best_epoch': 20, 'best_val_loss': 0.23082628846168518, 'collapse_diagnostics': {'constant_prediction_suspect': False, 'effective_embedding_rank': 32, 'embedding_variance_mean': 0.13179224729537964, 'max_pred_class_fraction': 0.844220075340184, 'pred_class_fraction': [0.844220075340184, 0.155779924659816], 'representation_collapse_suspect': False}, 'component_flags': {'use_consistency': True, 'use_laplacian': True, 'use_margin': True, 'use_prototype': True, 'use_pseudo': True, 'use_retrieval': True}, 'epochs_trained': 20, 'graph_affinity_mean': 0.5849015643603349, 'graph_affinity_std': 0.1694288200425832, 'graph_backend': 'sklearn', 'graph_build_time_seconds': 3.1823139181360602, 'graph_k': 10, 'graph_metric': 'euclidean', 'graph_mutual': True, 'graph_n_connected_components': 2579, 'graph_n_edges': 102544, 'graph_n_isolated_nodes': 2115, 'graph_n_nodes': 39023, 'labeled_attention_mass': 0.5013275891542435, 'loss_components': {'consistency': 0.01646401104517281, 'gradient_norm': 0.4814515954910916, 'lap': 0.0029997582314535975, 'margin': 0.0, 'pl': 0.037810024339705706, 'proto': 0.06004799623042345, 'ramp': 1.0, 'retrieval_strength': 1.0, 'sup': 0.32940688729286194, 'weighted_consistency': 0.0016464011045172811, 'weighted_lap': 0.0008999274694360792, 'weighted_margin': 0.0, 'weighted_pl': 0.011343007301911711, 'weighted_proto': 0.018014398869127035}, 'loss_history_tail': [{'consistency': 0.00916865817271173, 'gradient_norm': 0.36313976348165683, 'lap': 0.0025620178785175085, 'margin': 0.0, 'pl': 0.048543897457420826, 'proto': 0.02661730907857418, 'ramp': 1.0, 'retrieval_strength': 1.0, 'sup': 0.382380448281765, 'weighted_consistency': 0.000916865817271173, 'weighted_lap': 0.0007686053635552525, 'weighted_margin': 0.0, 'weighted_pl': 0.014563169237226246, 'weighted_proto': 0.007985192723572255}, {'consistency': 0.00710799841908738, 'gradient_norm': 0.41608449082826227, 'lap': 0.002779419766739011, 'margin': 0.0, 'pl': 0.030869139009155333, 'proto': 0.08332604635506868, 'ramp': 1.0, 'retrieval_strength': 1.0, 'sup': 0.3628205358982086, 'weighted_consistency': 0.0007107998419087381, 'weighted_lap': 0.0008338259300217033, 'weighted_margin': 0.0, 'weighted_pl': 0.0092607417027466, 'weighted_proto': 0.024997813906520606}, {'consistency': 0.011032066540792584, 'gradient_norm': 0.5612214097225382, 'lap': 0.00298390380339697, 'margin': 0.0, 'pl': 0.04301517829298973, 'proto': 0.036562454886734486, 'ramp': 1.0, 'retrieval_strength': 1.0, 'sup': 0.3468295633792877, 'weighted_consistency': 0.0011032066540792584, 'weighted_lap': 0.000895171141019091, 'weighted_margin': 0.0, 'weighted_pl': 0.012904553487896918, 'weighted_proto': 0.010968736466020345}, {'consistency': 0.0146039470564574, 'gradient_norm': 0.45266209835817306, 'lap': 0.003075813699979335, 'margin': 0.0, 'pl': 0.03919115196913481, 'proto': 0.04586911853402853, 'ramp': 1.0, 'retrieval_strength': 1.0, 'sup': 0.30206961557269096, 'weighted_consistency': 0.00146039470564574, 'weighted_lap': 0.0009227441099938005, 'weighted_margin': 0.0, 'weighted_pl': 0.011757345590740442, 'weighted_proto': 0.013760735560208558}, {'consistency': 0.01646401104517281, 'gradient_norm': 0.4814515954910916, 'lap': 0.0029997582314535975, 'margin': 0.0, 'pl': 0.037810024339705706, 'proto': 0.06004799623042345, 'ramp': 1.0, 'retrieval_strength': 1.0, 'sup': 0.32940688729286194, 'weighted_consistency': 0.0016464011045172811, 'weighted_lap': 0.0008999274694360792, 'weighted_margin': 0.0, 'weighted_pl': 0.011343007301911711, 'weighted_proto': 0.018014398869127035}], 'method': 'geometric_attention_ssl', 'method_fidelity': 'reimplementation', 'n_labeled': 200, 'n_unlabeled': 38823, 'neural_validation_strategy': 'external_val', 'no_val_test_in_memory': True, 'protocol': 'inductive', 'reference_family': 'Geometric attention SSL', 'selected_retrieval_strength': 1.0, 'unlabeled_attention_mass': 0.5132878124713898, 'uses_unlabeled_data': True}, 'method_fidelity': 'reimplementation', 'metric_accuracy': 0.8301770907974204, 'metric_average_precision': 0.6827658935946707, 'metric_balanced_accuracy': 0.704864508252081, 'metric_brier': 0.23970288133960002, 'metric_ece': 0.024739246207554234, 'metric_log_loss': 0.36971121576139215, 'metric_macro_f1': 0.7306660503157892, 'metric_nll': 0.36971121576139215, 'metric_roc_auc': 0.8774160543323066, 'min_labeled_per_class': 62, 'min_selected_confidence': nan, 'n_classes': 2, 'n_features_after_preprocessing': 108, 'n_features_before_preprocessing': 14, 'n_labeled': 250, 'n_pseudo_added_last_iter': nan, 'n_pseudo_added_total': nan, 'n_unlabeled': 38823, 'neural_method': nan, 'neural_validation_strategy': 'external_val', 'pretrain_epochs_trained': nan, 'protocol': 'inductive', 'pseudo_label_class_distribution': nan, 'pseudo_label_fraction': nan, 'reference_family': 'Geometric attention SSL', 'runtime_seconds': 12.3313, 'seed': 2, 'self_training_iterations': nan, 'status': 'success', 'stopped_reason': nan, 'test_class_counts': '{<=50K:7431,>50K:2338}', 'test_size': 9769, 'timestamp_utc': '2026-07-29T14:59:33.535431+00:00', 'train_labeled_size': 200, 'train_pool_class_counts': '{<=50K:29724,>50K:9349}', 'unlabeled_class_counts': '{<=50K:29536,>50K:9287}', 'val_class_counts': '{<=50K:38,>50K:12}', 'val_size': 50, 'validation_strategy': 'stratified_labeled_val'}",,True,
,,,,nogit:a6fc4d94b43f557a,,12.4,adult,gpu,False,,,3f9236be15390304,,ssl-representation,"{'cuda_available': True, 'cuda_version': '12.4', 'env_name': None, 'env_prefix': '/private/ofirlin-lab/suissad4/envs/micromamba', 'gpu_count': 1, 'gpu_name': 'NVIDIA A100 80GB PCIe', 'hostname': 'dsiuriofir01', 'packages': {'catboost': '1.2.10', 'lightgbm': '4.7.0', 'numpy': '2.4.6', 'pandas': '3.0.3', 'scikit-learn': '1.9.0', 'tabicl': '2.1.1', 'tabpfn': '8.1.0', 'torch': '2.6.0+cu124', 'xgboost': None}, 'platform': 'Linux-5.14.0-687.15.1.el9_8.x86_64-x86_64-with-glibc2.34', 'python': '3.11.15 | packaged by conda-forge | (main, Jun 11 2026, 03:34:02) [GCC 14.3.0]', 'python_version': '3.11.15', 'torch_available': True, 'torch_version': '2.6.0+cu124'}",,,NVIDIA A100 80GB PCIe,dsiuriofir01,processed,,geometric_attention_ssl,{'max_epochs': 20},f91f182ea85952e6,geometric_ssl,novel_experimental,0.8391851776026206,0.725161661964722,0.7386343870307714,0.22310829367910634,0.037995006524181967,0.3495077983855656,0.7585265256829621,0.3495077983855656,0.8931822323402102,500,,True,,,,inductive,Combined geometric-attention SSL,adult__geometric_attention_ssl__s2__n500__4650636a31b3f13c,16.966,2,35,18895640,b9c1f48daae0a38670909bfcee77dc8488c635820805cd7f3886f35130ed7e69,v1_absolute_budget,success,True,2026-07-29T15:00:02.944832+00:00,"{'all_classes_present_in_labeled': True, 'best_epoch': 17, 'best_val_loss': 0.34646934270858765, 'dataset': 'adult', 'dataset_id': 1590, 'epochs_trained': 20, 'error_message': None, 'final_train_loss': nan, 'finetune_epochs_trained': nan, 'graph_n_neighbors_used': nan, 'graph_n_rows': nan, 'graph_n_unlabeled_used': nan, 'graph_retry_count': nan, 'input_view': 'processed', 'labeled_class_counts': '{<=50K:378,>50K:122}', 'labeled_classes_present': 2, 'max_labeled_per_class': 378, 'max_selected_confidence': nan, 'mean_selected_confidence': nan, 'mean_selected_density': nan, 'method': 'geometric_attention_ssl', 'method_diagnostics': {'attention_entropy': 1.6242222785949707, 'attention_k': 8, 'attention_labeled_fraction': 0.5, 'attention_memory': 'labeled_plus_unlabeled', 'best_epoch': 17, 'best_val_loss': 0.34646934270858765, 'collapse_diagnostics': {'constant_prediction_suspect': False, 'effective_embedding_rank': 32, 'embedding_variance_mean': 0.11422434449195862, 'max_pred_class_fraction': 0.8125625432992072, 'pred_class_fraction': [0.8125625432992072, 0.18743745670079287], 'representation_collapse_suspect': False}, 'component_flags': {'use_consistency': True, 'use_laplacian': True, 'use_margin': True, 'use_prototype': True, 'use_pseudo': True, 'use_retrieval': True}, 'epochs_trained': 20, 'graph_affinity_mean': 0.5848648380770374, 'graph_affinity_std': 0.16938215972405177, 'graph_backend': 'sklearn', 'graph_build_time_seconds': 3.156325682066381, 'graph_k': 10, 'graph_metric': 'euclidean', 'graph_mutual': True, 'graph_n_connected_components': 2581, 'graph_n_edges': 102398, 'graph_n_isolated_nodes': 2116, 'graph_n_nodes': 38973, 'labeled_attention_mass': 0.18265040005956376, 'loss_components': {'consistency': 0.046531328931450844, 'gradient_norm': 0.5403394359085822, 'lap': 0.0047078173873679975, 'margin': 0.0, 'pl': 0.02654912495719535, 'proto': 0.040725856221147945, 'ramp': 1.0, 'retrieval_strength': 1.0, 'sup': 0.21751322065080916, 'weighted_consistency': 0.004653132893145085, 'weighted_lap': 0.0014123452162103992, 'weighted_margin': 0.0, 'weighted_pl': 0.007964737487158605, 'weighted_proto': 0.012217756866344383}, 'loss_history_tail': [{'consistency': 0.041534006861703734, 'gradient_norm': 0.6139001327682543, 'lap': 0.004260531892733914, 'margin': 0.0, 'pl': 0.0332977208974106, 'proto': 0.03023725003004074, 'ramp': 1.0, 'retrieval_strength': 1.0, 'sup': 0.2595184530530657, 'weighted_consistency': 0.004153400686170374, 'weighted_lap': 0.0012781595678201742, 'weighted_margin': 0.0, 'weighted_pl': 0.00998931626922318, 'weighted_proto': 0.009071175009012222}, {'consistency': 0.04007467654134546, 'gradient_norm': 0.6580236785783099, 'lap': 0.004123582704258817, 'margin': 0.0, 'pl': 0.03808191977441311, 'proto': 0.03097162169537374, 'ramp': 1.0, 'retrieval_strength': 1.0, 'sup': 0.25013319722243715, 'weighted_consistency': 0.004007467654134546, 'weighted_lap': 0.001237074811277645, 'weighted_margin': 0.0, 'weighted_pl': 0.011424575932323933, 'weighted_proto': 0.009291486508612121}, {'consistency': 0.05041720984237535, 'gradient_norm': 0.5377520405110261, 'lap': 0.004546489832656724, 'margin': 0.0, 'pl': 0.03265680931508541, 'proto': 0.029442574562770978, 'ramp': 1.0, 'retrieval_strength': 1.0, 'sup': 0.22224339842796326, 'weighted_consistency': 0.005041720984237535, 'weighted_lap': 0.001363946949797017, 'weighted_margin': 0.0, 'weighted_pl': 0.009797042794525623, 'weighted_proto': 0.008832772368831293}, {'consistency': 0.044091569525854926, 'gradient_norm': 0.5805287703079992, 'lap': 0.00493344637964453, 'margin': 0.0, 'pl': 0.028726048235382353, 'proto': 0.03068074956536293, 'ramp': 1.0, 'retrieval_strength': 1.0, 'sup': 0.22761633353573935, 'weighted_consistency': 0.004409156952585493, 'weighted_lap': 0.0014800339138933592, 'weighted_margin': 0.0, 'weighted_pl': 0.008617814470614705, 'weighted_proto': 0.009204224869608878}, {'consistency': 0.046531328931450844, 'gradient_norm': 0.5403394359085822, 'lap': 0.0047078173873679975, 'margin': 0.0, 'pl': 0.02654912495719535, 'proto': 0.040725856221147945, 'ramp': 1.0, 'retrieval_strength': 1.0, 'sup': 0.21751322065080916, 'weighted_consistency': 0.004653132893145085, 'weighted_lap': 0.0014123452162103992, 'weighted_margin': 0.0, 'weighted_pl': 0.007964737487158605, 'weighted_proto': 0.012217756866344383}], 'method': 'geometric_attention_ssl', 'method_fidelity': 'reimplementation', 'n_labeled': 400, 'n_unlabeled': 38573, 'neural_validation_strategy': 'external_val', 'no_val_test_in_memory': True, 'protocol': 'inductive', 'reference_family': 'Geometric attention SSL', 'selected_retrieval_strength': 1.0, 'unlabeled_attention_mass': 0.8169061286108834, 'uses_unlabeled_data': True}, 'method_fidelity': 'reimplementation', 'metric_accuracy': 0.8391851776026206, 'metric_average_precision': 0.725161661964722, 'metric_balanced_accuracy': 0.7386343870307714, 'metric_brier': 0.22310829367910634, 'metric_ece': 0.037995006524181967, 'metric_log_loss': 0.3495077983855656, 'metric_macro_f1': 0.7585265256829621, 'metric_nll': 0.3495077983855656, 'metric_roc_auc': 0.8931822323402102, 'min_labeled_per_class': 122, 'min_selected_confidence': nan, 'n_classes': 2, 'n_features_after_preprocessing': 108, 'n_features_before_preprocessing': 14, 'n_labeled': 500, 'n_pseudo_added_last_iter': nan, 'n_pseudo_added_total': nan, 'n_unlabeled': 38573, 'neural_method': nan, 'neural_validation_strategy': 'external_val', 'pretrain_epochs_trained': nan, 'protocol': 'inductive', 'pseudo_label_class_distribution': nan, 'pseudo_label_fraction': nan, 'reference_family': 'Geometric attention SSL', 'runtime_seconds': 16.966, 'seed': 2, 'self_training_iterations': nan, 'status': 'success', 'stopped_reason': nan, 'test_class_counts': '{<=50K:7431,>50K:2338}', 'test_size': 9769, 'timestamp_utc': '2026-07-29T14:59:45.960659+00:00', 'train_labeled_size': 400, 'train_pool_class_counts': '{<=50K:29724,>50K:9349}', 'unlabeled_class_counts': '{<=50K:29346,>50K:9227}', 'val_class_counts': '{<=50K:76,>50K:24}', 'val_size': 100, 'validation_strategy': 'stratified_labeled_val'}",,True,
,,,,nogit:a6fc4d94b43f557a,,12.4,adult,gpu,False,,,3f9236be15390304,,ssl-representation,"{'cuda_available': True, 'cuda_version': '12.4', 'env_name': None, 'env_prefix': '/private/ofirlin-lab/suissad4/envs/micromamba', 'gpu_count': 1, 'gpu_name': 'NVIDIA A100 80GB PCIe', 'hostname': 'dsiuriofir01', 'packages': {'catboost': '1.2.10', 'lightgbm': '4.7.0', 'numpy': '2.4.6', 'pandas': '3.0.3', 'scikit-learn': '1.9.0', 'tabicl': '2.1.1', 'tabpfn': '8.1.0', 'torch': '2.6.0+cu124', 'xgboost': None}, 'platform': 'Linux-5.14.0-687.15.1.el9_8.x86_64-x86_64-with-glibc2.34', 'python': '3.11.15 | packaged by conda-forge | (main, Jun 11 2026, 03:34:02) [GCC 14.3.0]', 'python_version': '3.11.15', 'torch_available': True, 'torch_version': '2.6.0+cu124'}",,,NVIDIA A100 80GB PCIe,dsiuriofir01,processed,,geometric_attention_ssl,{'max_epochs': 20},f91f182ea85952e6,geometric_ssl,novel_experimental,0.7606715119254785,0.40270242353539293,0.5,0.35336049575712597,0.03906813575544602,0.5356162525163195,0.43203488372093024,0.5356162525163195,0.6784723706747644,50,,True,,,,inductive,Combined geometric-attention SSL,adult__geometric_attention_ssl__s2__n50__54f628d401681e58,9.0619,2,32,18895637,b9c1f48daae0a38670909bfcee77dc8488c635820805cd7f3886f35130ed7e69,v1_absolute_budget,success,True,2026-07-29T14:59:28.252242+00:00,"{'all_classes_present_in_labeled': True, 'best_epoch': 16, 'best_val_loss': 0.5838218927383423, 'dataset': 'adult', 'dataset_id': 1590, 'epochs_trained': 20, 'error_message': None, 'final_train_loss': nan, 'finetune_epochs_trained': nan, 'graph_n_neighbors_used': nan, 'graph_n_rows': nan, 'graph_n_unlabeled_used': nan, 'graph_retry_count': nan, 'input_view': 'processed', 'labeled_class_counts': '{<=50K:36,>50K:14}', 'labeled_classes_present': 2, 'max_labeled_per_class': 36, 'max_selected_confidence': nan, 'mean_selected_confidence': nan, 'mean_selected_density': nan, 'method': 'geometric_attention_ssl', 'method_diagnostics': {'attention_entropy': 2.0606343746185303, 'attention_k': 8, 'attention_labeled_fraction': 0.5, 'attention_memory': 'labeled_plus_unlabeled', 'best_epoch': 16, 'best_val_loss': 0.5838218927383423, 'collapse_diagnostics': {'constant_prediction_suspect': True, 'effective_embedding_rank': 32, 'embedding_variance_mean': 0.0034927779342979193, 'max_pred_class_fraction': 1.0, 'pred_class_fraction': [1.0, 0.0], 'representation_collapse_suspect': False}, 'component_flags': {'use_consistency': True, 'use_laplacian': True, 'use_margin': True, 'use_prototype': True, 'use_pseudo': True, 'use_retrieval': True}, 'epochs_trained': 20, 'graph_affinity_mean': 0.584928937384989, 'graph_affinity_std': 0.16943338222477372, 'graph_backend': 'sklearn', 'graph_build_time_seconds': 3.176815124694258, 'graph_k': 10, 'graph_metric': 'euclidean', 'graph_mutual': True, 'graph_n_connected_components': 2579, 'graph_n_edges': 102658, 'graph_n_isolated_nodes': 2115, 'graph_n_nodes': 39063, 'labeled_attention_mass': 0.5508894324302673, 'loss_components': {'consistency': 0.0010951595613732934, 'gradient_norm': 0.39025231520858006, 'lap': 0.0014080191031098366, 'margin': 0.6706719994544983, 'pl': 0.0, 'proto': 0.0, 'ramp': 1.0, 'retrieval_strength': 1.0, 'sup': 0.5585604310035706, 'weighted_consistency': 0.00010951595613732934, 'weighted_lap': 0.000422405730932951, 'weighted_margin': 0.06706719994544984, 'weighted_pl': 0.0, 'weighted_proto': 0.0}, 'loss_history_tail': [{'consistency': 0.0009734091581776738, 'gradient_norm': 0.15718639206946497, 'lap': 0.0009231281583197415, 'margin': 0.7976505160331726, 'pl': 0.0, 'proto': 0.0, 'ramp': 1.0, 'retrieval_strength': 1.0, 'sup': 0.5558658838272095, 'weighted_consistency': 9.734091581776739e-05, 'weighted_lap': 0.00027693844749592244, 'weighted_margin': 0.07976505160331726, 'weighted_pl': 0.0, 'weighted_proto': 0.0}, {'consistency': 0.0010816045105457306, 'gradient_norm': 0.17585691106095458, 'lap': 0.0010216297814622521, 'margin': 0.7757527828216553, 'pl': 0.0, 'proto': 0.0, 'ramp': 1.0, 'retrieval_strength': 1.0, 'sup': 0.5443150401115417, 'weighted_consistency': 0.00010816045105457307, 'weighted_lap': 0.00030648893443867563, 'weighted_margin': 0.07757527828216554, 'weighted_pl': 0.0, 'weighted_proto': 0.0}, {'consistency': 0.0006990208639763296, 'gradient_norm': 0.34311372370799703, 'lap': 0.0011525877052918077, 'margin': 0.7348227500915527, 'pl': 0.0, 'proto': 0.0, 'ramp': 1.0, 'retrieval_strength': 1.0, 'sup': 0.5573562383651733, 'weighted_consistency': 6.990208639763295e-05, 'weighted_lap': 0.0003457763115875423, 'weighted_margin': 0.07348227500915527, 'weighted_pl': 0.0, 'weighted_proto': 0.0}, {'consistency': 0.0010765542974695563, 'gradient_norm': 0.3441633199608451, 'lap': 0.001270415959879756, 'margin': 0.7043930292129517, 'pl': 0.0, 'proto': 0.0, 'ramp': 1.0, 'retrieval_strength': 1.0, 'sup': 0.5530739426612854, 'weighted_consistency': 0.00010765542974695564, 'weighted_lap': 0.0003811247879639268, 'weighted_margin': 0.07043930292129517, 'weighted_pl': 0.0, 'weighted_proto': 0.0}, {'consistency': 0.0010951595613732934, 'gradient_norm': 0.39025231520858006, 'lap': 0.0014080191031098366, 'margin': 0.6706719994544983, 'pl': 0.0, 'proto': 0.0, 'ramp': 1.0, 'retrieval_strength': 1.0, 'sup': 0.5585604310035706, 'weighted_consistency': 0.00010951595613732934, 'weighted_lap': 0.000422405730932951, 'weighted_margin': 0.06706719994544984, 'weighted_pl': 0.0, 'weighted_proto': 0.0}], 'method': 'geometric_attention_ssl', 'method_fidelity': 'reimplementation', 'n_labeled': 40, 'n_unlabeled': 39023, 'neural_validation_strategy': 'external_val', 'no_val_test_in_memory': True, 'protocol': 'inductive', 'reference_family': 'Geometric attention SSL', 'selected_retrieval_strength': 1.0, 'unlabeled_attention_mass': 0.4637454152107239, 'uses_unlabeled_data': True}, 'method_fidelity': 'reimplementation', 'metric_accuracy': 0.7606715119254785, 'metric_average_precision': 0.40270242353539293, 'metric_balanced_accuracy': 0.5, 'metric_brier': 0.35336049575712597, 'metric_ece': 0.03906813575544602, 'metric_log_loss': 0.5356162525163195, 'metric_macro_f1': 0.43203488372093024, 'metric_nll': 0.5356162525163195, 'metric_roc_auc': 0.6784723706747644, 'min_labeled_per_class': 14, 'min_selected_confidence': nan, 'n_classes': 2, 'n_features_after_preprocessing': 108, 'n_features_before_preprocessing': 14, 'n_labeled': 50, 'n_pseudo_added_last_iter': nan, 'n_pseudo_added_total': nan, 'n_unlabeled': 39023, 'neural_method': nan, 'neural_validation_strategy': 'external_val', 'pretrain_epochs_trained': nan, 'protocol': 'inductive', 'pseudo_label_class_distribution': nan, 'pseudo_label_fraction': nan, 'reference_family': 'Geometric attention SSL', 'runtime_seconds': 9.0619, 'seed': 2, 'self_training_iterations': nan, 'status': 'success', 'stopped_reason': nan, 'test_class_counts': '{<=50K:7431,>50K:2338}', 'test_size': 9769, 'timestamp_utc': '2026-07-29T14:59:19.166788+00:00', 'train_labeled_size': 40, 'train_pool_class_counts': '{<=50K:29724,>50K:9349}', 'unlabeled_class_counts': '{<=50K:29688,>50K:9335}', 'val_class_counts': '{<=50K:7,>50K:3}', 'val_size': 10, 'validation_strategy': 'stratified_labeled_val'}",,True,
,,,,nogit:a6fc4d94b43f557a,,12.4,adult,gpu,False,,,3f9236be15390304,,ssl-representation,"{'cuda_available': True, 'cuda_version': '12.4', 'env_name': None, 'env_prefix': '/private/ofirlin-lab/suissad4/envs/micromamba', 'gpu_count': 1, 'gpu_name': 'NVIDIA A100 80GB PCIe', 'hostname': 'dsiuriofir01', 'packages': {'catboost': '1.2.10', 'lightgbm': '4.7.0', 'numpy': '2.4.6', 'pandas': '3.0.3', 'scikit-learn': '1.9.0', 'tabicl': '2.1.1', 'tabpfn': '8.1.0', 'torch': '2.6.0+cu124', 'xgboost': None}, 'platform': 'Linux-5.14.0-687.15.1.el9_8.x86_64-x86_64-with-glibc2.34', 'python': '3.11.15 | packaged by conda-forge | (main, Jun 11 2026, 03:34:02) [GCC 14.3.0]', 'python_version': '3.11.15', 'torch_available': True, 'torch_version': '2.6.0+cu124'}",,,NVIDIA A100 80GB PCIe,dsiuriofir01,processed,,unlabeled_attention_ssl,{},44136fa355b3678a,geometric_ssl,novel_experimental,0.7798136963865289,0.6342139683709089,0.769963389444653,0.3131730655181645,0.12589234766920876,0.52736958492014,0.7325694813655259,0.52736958492014,0.8432029763645901,100,,True,,,,inductive,Retrieval attention over labeled and unlabeled training memory,adult__unlabeled_attention_ssl__s0__n100__28d022a7d8de0f22,4.9596,0,1,18895606,b9c1f48daae0a38670909bfcee77dc8488c635820805cd7f3886f35130ed7e69,v1_absolute_budget,success,True,2026-07-29T14:56:53.329333+00:00,"{'all_classes_present_in_labeled': True, 'best_epoch': 29, 'best_val_loss': 0.1213587075471878, 'dataset': 'adult', 'dataset_id': 1590, 'epochs_trained': nan, 'error_message': None, 'final_train_loss': nan, 'finetune_epochs_trained': nan, 'graph_n_neighbors_used': nan, 'graph_n_rows': nan, 'graph_n_unlabeled_used': nan, 'graph_retry_count': nan, 'input_view': 'processed', 'labeled_class_counts': '{<=50K:73,>50K:27}', 'labeled_classes_present': 2, 'max_labeled_per_class': 73, 'max_selected_confidence': nan, 'mean_selected_confidence': nan, 'mean_selected_density': nan, 'method': 'unlabeled_attention_ssl', 'method_diagnostics': {'attention_k': 8, 'best_epoch': 29, 'best_val_loss': 0.1213587075471878, 'labeled_attention_mass': 0.0015625, 'memory_contains_val_or_test': False, 'memory_mode': 'labeled_plus_unlabeled', 'memory_size': 39053, 'method_fidelity': 'novel_experimental', 'protocol': 'inductive', 'unlabeled_attention_mass': 0.9984375, 'uses_unlabeled_data': True}, 'method_fidelity': 'novel_experimental', 'metric_accuracy': 0.7798136963865289, 'metric_average_precision': 0.6342139683709089, 'metric_balanced_accuracy': 0.769963389444653, 'metric_brier': 0.3131730655181645, 'metric_ece': 0.12589234766920876, 'metric_log_loss': 0.52736958492014, 'metric_macro_f1': 0.7325694813655259, 'metric_nll': 0.52736958492014, 'metric_roc_auc': 0.8432029763645901, 'min_labeled_per_class': 27, 'min_selected_confidence': nan, 'n_classes': 2, 'n_features_after_preprocessing': 108, 'n_features_before_preprocessing': 14, 'n_labeled': 100, 'n_pseudo_added_last_iter': nan, 'n_pseudo_added_total': nan, 'n_unlabeled': 38973, 'neural_method': nan, 'neural_validation_strategy': nan, 'pretrain_epochs_trained': nan, 'protocol': 'inductive', 'pseudo_label_class_distribution': nan, 'pseudo_label_fraction': nan, 'reference_family': nan, 'runtime_seconds': 4.9596, 'seed': 0, 'self_training_iterations': nan, 'status': 'success', 'stopped_reason': nan, 'test_class_counts': '{<=50K:7431,>50K:2338}', 'test_size': 9769, 'timestamp_utc': '2026-07-29T14:56:48.335977+00:00', 'train_labeled_size': 80, 'train_pool_class_counts': '{<=50K:29724,>50K:9349}', 'unlabeled_class_counts': '{<=50K:29651,>50K:9322}', 'val_class_counts': '{<=50K:15,>50K:5}', 'val_size': 20, 'validation_strategy': 'stratified_labeled_val'}",,True,
,,,,nogit:a6fc4d94b43f557a,,12.4,adult,gpu,False,,,3f9236be15390304,,ssl-representation,"{'cuda_available': True, 'cuda_version': '12.4', 'env_name': None, 'env_prefix': '/private/ofirlin-lab/suissad4/envs/micromamba', 'gpu_count': 1, 'gpu_name': 'NVIDIA A100 80GB PCIe', 'hostname': 'dsiuriofir01', 'packages': {'catboost': '1.2.10', 'lightgbm': '4.7.0', 'numpy': '2.4.6', 'pandas': '3.0.3', 'scikit-learn': '1.9.0', 'tabicl': '2.1.1', 'tabpfn': '8.1.0', 'torch': '2.6.0+cu124', 'xgboost': None}, 'platform': 'Linux-5.14.0-687.15.1.el9_8.x86_64-x86_64-with-glibc2.34', 'python': '3.11.15 | packaged by conda-forge | (main, Jun 11 2026, 03:34:02) [GCC 14.3.0]', 'python_version': '3.11.15', 'torch_available': True, 'torch_version': '2.6.0+cu124'}",,,NVIDIA A100 80GB PCIe,dsiuriofir01,processed,,unlabeled_attention_ssl,{},44136fa355b3678a,geometric_ssl,novel_experimental,0.7768451223257242,0.6290303741435156,0.7477851264424262,0.34975721796933873,0.16361065639285322,0.7576676652644424,0.7215599260882745,0.7576676652644424,0.8241173803267219,250,,True,,,,inductive,Retrieval attention over labeled and unlabeled training memory,adult__unlabeled_attention_ssl__s0__n250__f63479ec11f868ba,5.9065,0,2,18895607,b9c1f48daae0a38670909bfcee77dc8488c635820805cd7f3886f35130ed7e69,v1_absolute_budget,success,True,2026-07-29T14:56:56.898873+00:00,"{'all_classes_present_in_labeled': True, 'best_epoch': 28, 'best_val_loss': 0.06854683626443148, 'dataset': 'adult', 'dataset_id': 1590, 'epochs_trained': nan, 'error_message': None, 'final_train_loss': nan, 'finetune_epochs_trained': nan, 'graph_n_neighbors_used': nan, 'graph_n_rows': nan, 'graph_n_unlabeled_used': nan, 'graph_retry_count': nan, 'input_view': 'processed', 'labeled_class_counts': '{<=50K:188,>50K:62}', 'labeled_classes_present': 2, 'max_labeled_per_class': 188, 'max_selected_confidence': nan, 'mean_selected_confidence': nan, 'mean_selected_density': nan, 'method': 'unlabeled_attention_ssl', 'method_diagnostics': {'attention_k': 8, 'best_epoch': 28, 'best_val_loss': 0.06854683626443148, 'labeled_attention_mass': 0.0087890625, 'memory_contains_val_or_test': False, 'memory_mode': 'labeled_plus_unlabeled', 'memory_size': 39023, 'method_fidelity': 'novel_experimental', 'protocol': 'inductive', 'unlabeled_attention_mass': 0.9912109375, 'uses_unlabeled_data': True}, 'method_fidelity': 'novel_experimental', 'metric_accuracy': 0.7768451223257242, 'metric_average_precision': 0.6290303741435156, 'metric_balanced_accuracy': 0.7477851264424262, 'metric_brier': 0.34975721796933873, 'metric_ece': 0.16361065639285322, 'metric_log_loss': 0.7576676652644424, 'metric_macro_f1': 0.7215599260882745, 'metric_nll': 0.7576676652644424, 'metric_roc_auc': 0.8241173803267219, 'min_labeled_per_class': 62, 'min_selected_confidence': nan, 'n_classes': 2, 'n_features_after_preprocessing': 108, 'n_features_before_preprocessing': 14, 'n_labeled': 250, 'n_pseudo_added_last_iter': nan, 'n_pseudo_added_total': nan, 'n_unlabeled': 38823, 'neural_method': nan, 'neural_validation_strategy': nan, 'pretrain_epochs_trained': nan, 'protocol': 'inductive', 'pseudo_label_class_distribution': nan, 'pseudo_label_fraction': nan, 'reference_family': nan, 'runtime_seconds': 5.9065, 'seed': 0, 'self_training_iterations': nan, 'status': 'success', 'stopped_reason': nan, 'test_class_counts': '{<=50K:7431,>50K:2338}', 'test_size': 9769, 'timestamp_utc': '2026-07-29T14:56:50.957180+00:00', 'train_labeled_size': 200, 'train_pool_class_counts': '{<=50K:29724,>50K:9349}', 'unlabeled_class_counts': '{<=50K:29536,>50K:9287}', 'val_class_counts': '{<=50K:38,>50K:12}', 'val_size': 50, 'validation_strategy': 'stratified_labeled_val'}",,True,
,,,,nogit:a6fc4d94b43f557a,,12.4,adult,gpu,False,,,3f9236be15390304,,ssl-representation,"{'cuda_available': True, 'cuda_version': '12.4', 'env_name': None, 'env_prefix': '/private/ofirlin-lab/suissad4/envs/micromamba', 'gpu_count': 1, 'gpu_name': 'NVIDIA A100 80GB PCIe', 'hostname': 'dsiuriofir01', 'packages': {'catboost': '1.2.10', 'lightgbm': '4.7.0', 'numpy': '2.4.6', 'pandas': '3.0.3', 'scikit-learn': '1.9.0', 'tabicl': '2.1.1', 'tabpfn': '8.1.0', 'torch': '2.6.0+cu124', 'xgboost': None}, 'platform': 'Linux-5.14.0-687.15.1.el9_8.x86_64-x86_64-with-glibc2.34', 'python': '3.11.15 | packaged by conda-forge | (main, Jun 11 2026, 03:34:02) [GCC 14.3.0]', 'python_version': '3.11.15', 'torch_available': True, 'torch_version': '2.6.0+cu124'}",,,NVIDIA A100 80GB PCIe,dsiuriofir01,processed,,unlabeled_attention_ssl,{},44136fa355b3678a,geometric_ssl,novel_experimental,0.7990582454703654,0.6579296143314965,0.7427454336381738,0.30795606721325225,0.13330255222190626,0.7162949982360514,0.7337593423321386,0.7162949982360514,0.828532018378607,500,,True,,,,inductive,Retrieval attention over labeled and unlabeled training memory,adult__unlabeled_attention_ssl__s0__n500__305460b4f9bdd5dd,7.03,0,3,18895608,b9c1f48daae0a38670909bfcee77dc8488c635820805cd7f3886f35130ed7e69,v1_absolute_budget,success,True,2026-07-29T14:57:03.876821+00:00,"{'all_classes_present_in_labeled': True, 'best_epoch': 20, 'best_val_loss': 0.10445395218474525, 'dataset': 'adult', 'dataset_id': 1590, 'epochs_trained': nan, 'error_message': None, 'final_train_loss': nan, 'finetune_epochs_trained': nan, 'graph_n_neighbors_used': nan, 'graph_n_rows': nan, 'graph_n_unlabeled_used': nan, 'graph_retry_count': nan, 'input_view': 'processed', 'labeled_class_counts': '{<=50K:378,>50K:122}', 'labeled_classes_present': 2, 'max_labeled_per_class': 378, 'max_selected_confidence': nan, 'mean_selected_confidence': nan, 'mean_selected_density': nan, 'method': 'unlabeled_attention_ssl', 'method_diagnostics': {'attention_k': 8, 'best_epoch': 20, 'best_val_loss': 0.10445395218474525, 'labeled_attention_mass': 0.0048828125, 'memory_contains_val_or_test': False, 'memory_mode': 'labeled_plus_unlabeled', 'memory_size': 38973, 'method_fidelity': 'novel_experimental', 'protocol': 'inductive', 'unlabeled_attention_mass': 0.9951171875, 'uses_unlabeled_data': True}, 'method_fidelity': 'novel_experimental', 'metric_accuracy': 0.7990582454703654, 'metric_average_precision': 0.6579296143314965, 'metric_balanced_accuracy': 0.7427454336381738, 'metric_brier': 0.30795606721325225, 'metric_ece': 0.13330255222190626, 'metric_log_loss': 0.7162949982360514, 'metric_macro_f1': 0.7337593423321386, 'metric_nll': 0.7162949982360514, 'metric_roc_auc': 0.828532018378607, 'min_labeled_per_class': 122, 'min_selected_confidence': nan, 'n_classes': 2, 'n_features_after_preprocessing': 108, 'n_features_before_preprocessing': 14, 'n_labeled': 500, 'n_pseudo_added_last_iter': nan, 'n_pseudo_added_total': nan, 'n_unlabeled': 38573, 'neural_method': nan, 'neural_validation_strategy': nan, 'pretrain_epochs_trained': nan, 'protocol': 'inductive', 'pseudo_label_class_distribution': nan, 'pseudo_label_fraction': nan, 'reference_family': nan, 'runtime_seconds': 7.03, 'seed': 0, 'self_training_iterations': nan, 'status': 'success', 'stopped_reason': nan, 'test_class_counts': '{<=50K:7431,>50K:2338}', 'test_size': 9769, 'timestamp_utc': '2026-07-29T14:56:56.810591+00:00', 'train_labeled_size': 400, 'train_pool_class_counts': '{<=50K:29724,>50K:9349}', 'unlabeled_class_counts': '{<=50K:29346,>50K:9227}', 'val_class_counts': '{<=50K:76,>50K:24}', 'val_size': 100, 'validation_strategy': 'stratified_labeled_val'}",,True,
,,,,nogit:a6fc4d94b43f557a,,12.4,adult,gpu,False,,,3f9236be15390304,,ssl-representation,"{'cuda_available': True, 'cuda_version': '12.4', 'env_name': None, 'env_prefix': '/private/ofirlin-lab/suissad4/envs/micromamba', 'gpu_count': 1, 'gpu_name': 'NVIDIA A100 80GB PCIe', 'hostname': 'dsiuriofir01', 'packages': {'catboost': '1.2.10', 'lightgbm': '4.7.0', 'numpy': '2.4.6', 'pandas': '3.0.3', 'scikit-learn': '1.9.0', 'tabicl': '2.1.1', 'tabpfn': '8.1.0', 'torch': '2.6.0+cu124', 'xgboost': None}, 'platform': 'Linux-5.14.0-687.15.1.el9_8.x86_64-x86_64-with-glibc2.34', 'python': '3.11.15 | packaged by conda-forge | (main, Jun 11 2026, 03:34:02) [GCC 14.3.0]', 'python_version': '3.11.15', 'torch_available': True, 'torch_version': '2.6.0+cu124'}",,,NVIDIA A100 80GB PCIe,dsiuriofir01,processed,,unlabeled_attention_ssl,{},44136fa355b3678a,geometric_ssl,novel_experimental,0.7606715119254785,0.49987655821037424,0.5,0.28285603308220253,0.06677967226251777,0.4268084412809079,0.43203488372093024,0.4268084412809079,0.8267731507398721,50,,True,,,,inductive,Retrieval attention over labeled and unlabeled training memory,adult__unlabeled_attention_ssl__s0__n50__22f5520ad3b2d3f3,5.094,0,0,18895605,b9c1f48daae0a38670909bfcee77dc8488c635820805cd7f3886f35130ed7e69,v1_absolute_budget,success,True,2026-07-29T14:56:47.584618+00:00,"{'all_classes_present_in_labeled': True, 'best_epoch': 29, 'best_val_loss': 0.37394067645072937, 'dataset': 'adult', 'dataset_id': 1590, 'epochs_trained': nan, 'error_message': None, 'final_train_loss': nan, 'finetune_epochs_trained': nan, 'graph_n_neighbors_used': nan, 'graph_n_rows': nan, 'graph_n_unlabeled_used': nan, 'graph_retry_count': nan, 'input_view': 'processed', 'labeled_class_counts': '{<=50K:36,>50K:14}', 'labeled_classes_present': 2, 'max_labeled_per_class': 36, 'max_selected_confidence': nan, 'mean_selected_confidence': nan, 'mean_selected_density': nan, 'method': 'unlabeled_attention_ssl', 'method_diagnostics': {'attention_k': 8, 'best_epoch': 29, 'best_val_loss': 0.37394067645072937, 'labeled_attention_mass': 0.0, 'memory_contains_val_or_test': False, 'memory_mode': 'labeled_plus_unlabeled', 'memory_size': 39063, 'method_fidelity': 'novel_experimental', 'protocol': 'inductive', 'unlabeled_attention_mass': 1.0, 'uses_unlabeled_data': True}, 'method_fidelity': 'novel_experimental', 'metric_accuracy': 0.7606715119254785, 'metric_average_precision': 0.49987655821037424, 'metric_balanced_accuracy': 0.5, 'metric_brier': 0.28285603308220253, 'metric_ece': 0.06677967226251777, 'metric_log_loss': 0.4268084412809079, 'metric_macro_f1': 0.43203488372093024, 'metric_nll': 0.4268084412809079, 'metric_roc_auc': 0.8267731507398721, 'min_labeled_per_class': 14, 'min_selected_confidence': nan, 'n_classes': 2, 'n_features_after_preprocessing': 108, 'n_features_before_preprocessing': 14, 'n_labeled': 50, 'n_pseudo_added_last_iter': nan, 'n_pseudo_added_total': nan, 'n_unlabeled': 39023, 'neural_method': nan, 'neural_validation_strategy': nan, 'pretrain_epochs_trained': nan, 'protocol': 'inductive', 'pseudo_label_class_distribution': nan, 'pseudo_label_fraction': nan, 'reference_family': nan, 'runtime_seconds': 5.094, 'seed': 0, 'self_training_iterations': nan, 'status': 'success', 'stopped_reason': nan, 'test_class_counts': '{<=50K:7431,>50K:2338}', 'test_size': 9769, 'timestamp_utc': '2026-07-29T14:56:42.457256+00:00', 'train_labeled_size': 40, 'train_pool_class_counts': '{<=50K:29724,>50K:9349}', 'unlabeled_class_counts': '{<=50K:29688,>50K:9335}', 'val_class_counts': '{<=50K:7,>50K:3}', 'val_size': 10, 'validation_strategy': 'stratified_labeled_val'}",,True,
,,,,nogit:a6fc4d94b43f557a,,12.4,adult,gpu,False,,,3f9236be15390304,,ssl-representation,"{'cuda_available': True, 'cuda_version': '12.4', 'env_name': None, 'env_prefix': '/private/ofirlin-lab/suissad4/envs/micromamba', 'gpu_count': 1, 'gpu_name': 'NVIDIA A100 80GB PCIe', 'hostname': 'dsiuriofir01', 'packages': {'catboost': '1.2.10', 'lightgbm': '4.7.0', 'numpy': '2.4.6', 'pandas': '3.0.3', 'scikit-learn': '1.9.0', 'tabicl': '2.1.1', 'tabpfn': '8.1.0', 'torch': '2.6.0+cu124', 'xgboost': None}, 'platform': 'Linux-5.14.0-687.15.1.el9_8.x86_64-x86_64-with-glibc2.34', 'python': '3.11.15 | packaged by conda-forge | (main, Jun 11 2026, 03:34:02) [GCC 14.3.0]', 'python_version': '3.11.15', 'torch_available': True, 'torch_version': '2.6.0+cu124'}",,,NVIDIA A100 80GB PCIe,dsiuriofir01,processed,,unlabeled_attention_ssl,{},44136fa355b3678a,geometric_ssl,novel_experimental,0.7811444364827516,0.6199739545860874,0.767613512809435,0.30973534631025806,0.10483256092397356,0.5122536037162593,0.7325816214098979,0.5122536037162593,0.8521701910211528,100,,True,,,,inductive,Retrieval attention over labeled and unlabeled training memory,adult__unlabeled_attention_ssl__s1__n100__838fc4cdbe3c5d27,5.4479,1,5,18895610,b9c1f48daae0a38670909bfcee77dc8488c635820805cd7f3886f35130ed7e69,v1_absolute_budget,success,True,2026-07-29T14:57:12.984222+00:00,"{'all_classes_present_in_labeled': True, 'best_epoch': 29, 'best_val_loss': 0.18231676518917084, 'dataset': 'adult', 'dataset_id': 1590, 'epochs_trained': nan, 'error_message': None, 'final_train_loss': nan, 'finetune_epochs_trained': nan, 'graph_n_neighbors_used': nan, 'graph_n_rows': nan, 'graph_n_unlabeled_used': nan, 'graph_retry_count': nan, 'input_view': 'processed', 'labeled_class_counts': '{<=50K:73,>50K:27}', 'labeled_classes_present': 2, 'max_labeled_per_class': 73, 'max_selected_confidence': nan, 'mean_selected_confidence': nan, 'mean_selected_density': nan, 'method': 'unlabeled_attention_ssl', 'method_diagnostics': {'attention_k': 8, 'best_epoch': 29, 'best_val_loss': 0.18231676518917084, 'labeled_attention_mass': 0.0015625, 'memory_contains_val_or_test': False, 'memory_mode': 'labeled_plus_unlabeled', 'memory_size': 39053, 'method_fidelity': 'novel_experimental', 'protocol': 'inductive', 'unlabeled_attention_mass': 0.9984375, 'uses_unlabeled_data': True}, 'method_fidelity': 'novel_experimental', 'metric_accuracy': 0.7811444364827516, 'metric_average_precision': 0.6199739545860874, 'metric_balanced_accuracy': 0.767613512809435, 'metric_brier': 0.30973534631025806, 'metric_ece': 0.10483256092397356, 'metric_log_loss': 0.5122536037162593, 'metric_macro_f1': 0.7325816214098979, 'metric_nll': 0.5122536037162593, 'metric_roc_auc': 0.8521701910211528, 'min_labeled_per_class': 27, 'min_selected_confidence': nan, 'n_classes': 2, 'n_features_after_preprocessing': 108, 'n_features_before_preprocessing': 14, 'n_labeled': 100, 'n_pseudo_added_last_iter': nan, 'n_pseudo_added_total': nan, 'n_unlabeled': 38973, 'neural_method': nan, 'neural_validation_strategy': nan, 'pretrain_epochs_trained': nan, 'protocol': 'inductive', 'pseudo_label_class_distribution': nan, 'pseudo_label_fraction': nan, 'reference_family': nan, 'runtime_seconds': 5.4479, 'seed': 1, 'self_training_iterations': nan, 'status': 'success', 'stopped_reason': nan, 'test_class_counts': '{<=50K:7431,>50K:2338}', 'test_size': 9769, 'timestamp_utc': '2026-07-29T14:57:07.500854+00:00', 'train_labeled_size': 80, 'train_pool_class_counts': '{<=50K:29724,>50K:9349}', 'unlabeled_class_counts': '{<=50K:29651,>50K:9322}', 'val_class_counts': '{<=50K:15,>50K:5}', 'val_size': 20, 'validation_strategy': 'stratified_labeled_val'}",,True,
,,,,nogit:a6fc4d94b43f557a,,12.4,adult,gpu,False,,,3f9236be15390304,,ssl-representation,"{'cuda_available': True, 'cuda_version': '12.4', 'env_name': None, 'env_prefix': '/private/ofirlin-lab/suissad4/envs/micromamba', 'gpu_count': 1, 'gpu_name': 'NVIDIA A100 80GB PCIe', 'hostname': 'dsiuriofir01', 'packages': {'catboost': '1.2.10', 'lightgbm': '4.7.0', 'numpy': '2.4.6', 'pandas': '3.0.3', 'scikit-learn': '1.9.0', 'tabicl': '2.1.1', 'tabpfn': '8.1.0', 'torch': '2.6.0+cu124', 'xgboost': None}, 'platform': 'Linux-5.14.0-687.15.1.el9_8.x86_64-x86_64-with-glibc2.34', 'python': '3.11.15 | packaged by conda-forge | (main, Jun 11 2026, 03:34:02) [GCC 14.3.0]', 'python_version': '3.11.15', 'torch_available': True, 'torch_version': '2.6.0+cu124'}",,,NVIDIA A100 80GB PCIe,dsiuriofir01,processed,,unlabeled_attention_ssl,{},44136fa355b3678a,geometric_ssl,novel_experimental,0.8338622172177296,0.6831335666600057,0.7373341154360061,0.2606115315851512,0.08317525842766721,0.5082362602509455,0.7540903942000083,0.5082362602509455,0.8729560890906347,250,,True,,,,inductive,Retrieval attention over labeled and unlabeled training memory,adult__unlabeled_attention_ssl__s1__n250__d886c6639cc70243,5.8873,1,6,18895611,b9c1f48daae0a38670909bfcee77dc8488c635820805cd7f3886f35130ed7e69,v1_absolute_budget,success,True,2026-07-29T14:57:14.378882+00:00,"{'all_classes_present_in_labeled': True, 'best_epoch': 23, 'best_val_loss': 0.14116786234080791, 'dataset': 'adult', 'dataset_id': 1590, 'epochs_trained': nan, 'error_message': None, 'final_train_loss': nan, 'finetune_epochs_trained': nan, 'graph_n_neighbors_used': nan, 'graph_n_rows': nan, 'graph_n_unlabeled_used': nan, 'graph_retry_count': nan, 'input_view': 'processed', 'labeled_class_counts': '{<=50K:188,>50K:62}', 'labeled_classes_present': 2, 'max_labeled_per_class': 188, 'max_selected_confidence': nan, 'mean_selected_confidence': nan, 'mean_selected_density': nan, 'method': 'unlabeled_attention_ssl', 'method_diagnostics': {'attention_k': 8, 'best_epoch': 23, 'best_val_loss': 0.14116786234080791, 'labeled_attention_mass': 0.0048828125, 'memory_contains_val_or_test': False, 'memory_mode': 'labeled_plus_unlabeled', 'memory_size': 39023, 'method_fidelity': 'novel_experimental', 'protocol': 'inductive', 'unlabeled_attention_mass': 0.9951171875, 'uses_unlabeled_data': True}, 'method_fidelity': 'novel_experimental', 'metric_accuracy': 0.8338622172177296, 'metric_average_precision': 0.6831335666600057, 'metric_balanced_accuracy': 0.7373341154360061, 'metric_brier': 0.2606115315851512, 'metric_ece': 0.08317525842766721, 'metric_log_loss': 0.5082362602509455, 'metric_macro_f1': 0.7540903942000083, 'metric_nll': 0.5082362602509455, 'metric_roc_auc': 0.8729560890906347, 'min_labeled_per_class': 62, 'min_selected_confidence': nan, 'n_classes': 2, 'n_features_after_preprocessing': 108, 'n_features_before_preprocessing': 14, 'n_labeled': 250, 'n_pseudo_added_last_iter': nan, 'n_pseudo_added_total': nan, 'n_unlabeled': 38823, 'neural_method': nan, 'neural_validation_strategy': nan, 'pretrain_epochs_trained': nan, 'protocol': 'inductive', 'pseudo_label_class_distribution': nan, 'pseudo_label_fraction': nan, 'reference_family': nan, 'runtime_seconds': 5.8873, 'seed': 1, 'self_training_iterations': nan, 'status': 'success', 'stopped_reason': nan, 'test_class_counts': '{<=50K:7431,>50K:2338}', 'test_size': 9769, 'timestamp_utc': '2026-07-29T14:57:08.456146+00:00', 'train_labeled_size': 200, 'train_pool_class_counts': '{<=50K:29724,>50K:9349}', 'unlabeled_class_counts': '{<=50K:29536,>50K:9287}', 'val_class_counts': '{<=50K:38,>50K:12}', 'val_size': 50, 'validation_strategy': 'stratified_labeled_val'}",,True,
,,,,nogit:a6fc4d94b43f557a,,12.4,adult,gpu,False,,,3f9236be15390304,,ssl-representation,"{'cuda_available': True, 'cuda_version': '12.4', 'env_name': None, 'env_prefix': '/private/ofirlin-lab/suissad4/envs/micromamba', 'gpu_count': 1, 'gpu_name': 'NVIDIA A100 80GB PCIe', 'hostname': 'dsiuriofir01', 'packages': {'catboost': '1.2.10', 'lightgbm': '4.7.0', 'numpy': '2.4.6', 'pandas': '3.0.3', 'scikit-learn': '1.9.0', 'tabicl': '2.1.1', 'tabpfn': '8.1.0', 'torch': '2.6.0+cu124', 'xgboost': None}, 'platform': 'Linux-5.14.0-687.15.1.el9_8.x86_64-x86_64-with-glibc2.34', 'python': '3.11.15 | packaged by conda-forge | (main, Jun 11 2026, 03:34:02) [GCC 14.3.0]', 'python_version': '3.11.15', 'torch_available': True, 'torch_version': '2.6.0+cu124'}",,,NVIDIA A100 80GB PCIe,dsiuriofir01,processed,,unlabeled_attention_ssl,{},44136fa355b3678a,geometric_ssl,novel_experimental,0.8160507728529021,0.6698515867020105,0.7348604595987102,0.30051120788666774,0.12803261553712708,0.7048059857808396,0.7407864296771298,0.7048059857808396,0.8553213660342962,500,,True,,,,inductive,Retrieval attention over labeled and unlabeled training memory,adult__unlabeled_attention_ssl__s1__n500__b24f0083817cba32,7.66,1,7,18895612,b9c1f48daae0a38670909bfcee77dc8488c635820805cd7f3886f35130ed7e69,v1_absolute_budget,success,True,2026-07-29T14:57:24.270729+00:00,"{'all_classes_present_in_labeled': True, 'best_epoch': 29, 'best_val_loss': 0.07537281353558813, 'dataset': 'adult', 'dataset_id': 1590, 'epochs_trained': nan, 'error_message': None, 'final_train_loss': nan, 'finetune_epochs_trained': nan, 'graph_n_neighbors_used': nan, 'graph_n_rows': nan, 'graph_n_unlabeled_used': nan, 'graph_retry_count': nan, 'input_view': 'processed', 'labeled_class_counts': '{<=50K:378,>50K:122}', 'labeled_classes_present': 2, 'max_labeled_per_class': 378, 'max_selected_confidence': nan, 'mean_selected_confidence': nan, 'mean_selected_density': nan, 'method': 'unlabeled_attention_ssl', 'method_diagnostics': {'attention_k': 8, 'best_epoch': 29, 'best_val_loss': 0.07537281353558813, 'labeled_attention_mass': 0.0185546875, 'memory_contains_val_or_test': False, 'memory_mode': 'labeled_plus_unlabeled', 'memory_size': 38973, 'method_fidelity': 'novel_experimental', 'protocol': 'inductive', 'unlabeled_attention_mass': 0.9814453125, 'uses_unlabeled_data': True}, 'method_fidelity': 'novel_experimental', 'metric_accuracy': 0.8160507728529021, 'metric_average_precision': 0.6698515867020105, 'metric_balanced_accuracy': 0.7348604595987102, 'metric_brier': 0.30051120788666774, 'metric_ece': 0.12803261553712708, 'metric_log_loss': 0.7048059857808396, 'metric_macro_f1': 0.7407864296771298, 'metric_nll': 0.7048059857808396, 'metric_roc_auc': 0.8553213660342962, 'min_labeled_per_class': 122, 'min_selected_confidence': nan, 'n_classes': 2, 'n_features_after_preprocessing': 108, 'n_features_before_preprocessing': 14, 'n_labeled': 500, 'n_pseudo_added_last_iter': nan, 'n_pseudo_added_total': nan, 'n_unlabeled': 38573, 'neural_method': nan, 'neural_validation_strategy': nan, 'pretrain_epochs_trained': nan, 'protocol': 'inductive', 'pseudo_label_class_distribution': nan, 'pseudo_label_fraction': nan, 'reference_family': nan, 'runtime_seconds': 7.66, 'seed': 1, 'self_training_iterations': nan, 'status': 'success', 'stopped_reason': nan, 'test_class_counts': '{<=50K:7431,>50K:2338}', 'test_size': 9769, 'timestamp_utc': '2026-07-29T14:57:16.575500+00:00', 'train_labeled_size': 400, 'train_pool_class_counts': '{<=50K:29724,>50K:9349}', 'unlabeled_class_counts': '{<=50K:29346,>50K:9227}', 'val_class_counts': '{<=50K:76,>50K:24}', 'val_size': 100, 'validation_strategy': 'stratified_labeled_val'}",,True,
,,,,nogit:a6fc4d94b43f557a,,12.4,adult,gpu,False,,,3f9236be15390304,,ssl-representation,"{'cuda_available': True, 'cuda_version': '12.4', 'env_name': None, 'env_prefix': '/private/ofirlin-lab/suissad4/envs/micromamba', 'gpu_count': 1, 'gpu_name': 'NVIDIA A100 80GB PCIe', 'hostname': 'dsiuriofir01', 'packages': {'catboost': '1.2.10', 'lightgbm': '4.7.0', 'numpy': '2.4.6', 'pandas': '3.0.3', 'scikit-learn': '1.9.0', 'tabicl': '2.1.1', 'tabpfn': '8.1.0', 'torch': '2.6.0+cu124', 'xgboost': None}, 'platform': 'Linux-5.14.0-687.15.1.el9_8.x86_64-x86_64-with-glibc2.34', 'python': '3.11.15 | packaged by conda-forge | (main, Jun 11 2026, 03:34:02) [GCC 14.3.0]', 'python_version': '3.11.15', 'torch_available': True, 'torch_version': '2.6.0+cu124'}",,,NVIDIA A100 80GB PCIe,dsiuriofir01,processed,,unlabeled_attention_ssl,{},44136fa355b3678a,geometric_ssl,novel_experimental,0.8133892926604566,0.6048207264036876,0.7372150560174995,0.27165771610241624,0.04371064588139991,0.42567377687971236,0.7403204220481185,0.42567377687971236,0.8384659540714408,50,,True,,,,inductive,Retrieval attention over labeled and unlabeled training memory,adult__unlabeled_attention_ssl__s1__n50__691a9ab7250fe6b6,5.1236,1,4,18895609,b9c1f48daae0a38670909bfcee77dc8488c635820805cd7f3886f35130ed7e69,v1_absolute_budget,success,True,2026-07-29T14:57:05.368570+00:00,"{'all_classes_present_in_labeled': True, 'best_epoch': 29, 'best_val_loss': 0.2572064697742462, 'dataset': 'adult', 'dataset_id': 1590, 'epochs_trained': nan, 'error_message': None, 'final_train_loss': nan, 'finetune_epochs_trained': nan, 'graph_n_neighbors_used': nan, 'graph_n_rows': nan, 'graph_n_unlabeled_used': nan, 'graph_retry_count': nan, 'input_view': 'processed', 'labeled_class_counts': '{<=50K:36,>50K:14}', 'labeled_classes_present': 2, 'max_labeled_per_class': 36, 'max_selected_confidence': nan, 'mean_selected_confidence': nan, 'mean_selected_density': nan, 'method': 'unlabeled_attention_ssl', 'method_diagnostics': {'attention_k': 8, 'best_epoch': 29, 'best_val_loss': 0.2572064697742462, 'labeled_attention_mass': 0.0, 'memory_contains_val_or_test': False, 'memory_mode': 'labeled_plus_unlabeled', 'memory_size': 39063, 'method_fidelity': 'novel_experimental', 'protocol': 'inductive', 'unlabeled_attention_mass': 1.0, 'uses_unlabeled_data': True}, 'method_fidelity': 'novel_experimental', 'metric_accuracy': 0.8133892926604566, 'metric_average_precision': 0.6048207264036876, 'metric_balanced_accuracy': 0.7372150560174995, 'metric_brier': 0.27165771610241624, 'metric_ece': 0.04371064588139991, 'metric_log_loss': 0.42567377687971236, 'metric_macro_f1': 0.7403204220481185, 'metric_nll': 0.42567377687971236, 'metric_roc_auc': 0.8384659540714408, 'min_labeled_per_class': 14, 'min_selected_confidence': nan, 'n_classes': 2, 'n_features_after_preprocessing': 108, 'n_features_before_preprocessing': 14, 'n_labeled': 50, 'n_pseudo_added_last_iter': nan, 'n_pseudo_added_total': nan, 'n_unlabeled': 39023, 'neural_method': nan, 'neural_validation_strategy': nan, 'pretrain_epochs_trained': nan, 'protocol': 'inductive', 'pseudo_label_class_distribution': nan, 'pseudo_label_fraction': nan, 'reference_family': nan, 'runtime_seconds': 5.1236, 'seed': 1, 'self_training_iterations': nan, 'status': 'success', 'stopped_reason': nan, 'test_class_counts': '{<=50K:7431,>50K:2338}', 'test_size': 9769, 'timestamp_utc': '2026-07-29T14:57:00.208947+00:00', 'train_labeled_size': 40, 'train_pool_class_counts': '{<=50K:29724,>50K:9349}', 'unlabeled_class_counts': '{<=50K:29688,>50K:9335}', 'val_class_counts': '{<=50K:7,>50K:3}', 'val_size': 10, 'validation_strategy': 'stratified_labeled_val'}",,True,
,,,,nogit:a6fc4d94b43f557a,,12.4,adult,gpu,False,,,3f9236be15390304,,ssl-representation,"{'cuda_available': True, 'cuda_version': '12.4', 'env_name': None, 'env_prefix': '/private/ofirlin-lab/suissad4/envs/micromamba', 'gpu_count': 1, 'gpu_name': 'NVIDIA A100 80GB PCIe', 'hostname': 'dsiuriofir01', 'packages': {'catboost': '1.2.10', 'lightgbm': '4.7.0', 'numpy': '2.4.6', 'pandas': '3.0.3', 'scikit-learn': '1.9.0', 'tabicl': '2.1.1', 'tabpfn': '8.1.0', 'torch': '2.6.0+cu124', 'xgboost': None}, 'platform': 'Linux-5.14.0-687.15.1.el9_8.x86_64-x86_64-with-glibc2.34', 'python': '3.11.15 | packaged by conda-forge | (main, Jun 11 2026, 03:34:02) [GCC 14.3.0]', 'python_version': '3.11.15', 'torch_available': True, 'torch_version': '2.6.0+cu124'}",,,NVIDIA A100 80GB PCIe,dsiuriofir01,processed,,unlabeled_attention_ssl,{},44136fa355b3678a,geometric_ssl,novel_experimental,0.8173815129491248,0.6354531505258115,0.7322174383570365,0.32390176626817047,0.15209141338098958,0.8695040870579794,0.7401835983253817,0.8695040870579794,0.8337280396240797,100,,True,,,,inductive,Retrieval attention over labeled and unlabeled training memory,adult__unlabeled_attention_ssl__s2__n100__beff76cf75daa179,5.2996,2,9,18895614,b9c1f48daae0a38670909bfcee77dc8488c635820805cd7f3886f35130ed7e69,v1_absolute_budget,success,True,2026-07-29T14:57:31.049306+00:00,"{'all_classes_present_in_labeled': True, 'best_epoch': 28, 'best_val_loss': 0.004566148039884865, 'dataset': 'adult', 'dataset_id': 1590, 'epochs_trained': nan, 'error_message': None, 'final_train_loss': nan, 'finetune_epochs_trained': nan, 'graph_n_neighbors_used': nan, 'graph_n_rows': nan, 'graph_n_unlabeled_used': nan, 'graph_retry_count': nan, 'input_view': 'processed', 'labeled_class_counts': '{<=50K:73,>50K:27}', 'labeled_classes_present': 2, 'max_labeled_per_class': 73, 'max_selected_confidence': nan, 'mean_selected_confidence': nan, 'mean_selected_density': nan, 'method': 'unlabeled_attention_ssl', 'method_diagnostics': {'attention_k': 8, 'best_epoch': 28, 'best_val_loss': 0.004566148039884865, 'labeled_attention_mass': 0.003125, 'memory_contains_val_or_test': False, 'memory_mode': 'labeled_plus_unlabeled', 'memory_size': 39053, 'method_fidelity': 'novel_experimental', 'protocol': 'inductive', 'unlabeled_attention_mass': 0.996875, 'uses_unlabeled_data': True}, 'method_fidelity': 'novel_experimental', 'metric_accuracy': 0.8173815129491248, 'metric_average_precision': 0.6354531505258115, 'metric_balanced_accuracy': 0.7322174383570365, 'metric_brier': 0.32390176626817047, 'metric_ece': 0.15209141338098958, 'metric_log_loss': 0.8695040870579794, 'metric_macro_f1': 0.7401835983253817, 'metric_nll': 0.8695040870579794, 'metric_roc_auc': 0.8337280396240797, 'min_labeled_per_class': 27, 'min_selected_confidence': nan, 'n_classes': 2, 'n_features_after_preprocessing': 108, 'n_features_before_preprocessing': 14, 'n_labeled': 100, 'n_pseudo_added_last_iter': nan, 'n_pseudo_added_total': nan, 'n_unlabeled': 38973, 'neural_method': nan, 'neural_validation_strategy': nan, 'pretrain_epochs_trained': nan, 'protocol': 'inductive', 'pseudo_label_class_distribution': nan, 'pseudo_label_fraction': nan, 'reference_family': nan, 'runtime_seconds': 5.2996, 'seed': 2, 'self_training_iterations': nan, 'status': 'success', 'stopped_reason': nan, 'test_class_counts': '{<=50K:7431,>50K:2338}', 'test_size': 9769, 'timestamp_utc': '2026-07-29T14:57:25.711721+00:00', 'train_labeled_size': 80, 'train_pool_class_counts': '{<=50K:29724,>50K:9349}', 'unlabeled_class_counts': '{<=50K:29651,>50K:9322}', 'val_class_counts': '{<=50K:15,>50K:5}', 'val_size': 20, 'validation_strategy': 'stratified_labeled_val'}",,True,
,,,,nogit:a6fc4d94b43f557a,,12.4,adult,gpu,False,,,3f9236be15390304,,ssl-representation,"{'cuda_available': True, 'cuda_version': '12.4', 'env_name': None, 'env_prefix': '/private/ofirlin-lab/suissad4/envs/micromamba', 'gpu_count': 1, 'gpu_name': 'NVIDIA A100 80GB PCIe', 'hostname': 'dsiuriofir01', 'packages': {'catboost': '1.2.10', 'lightgbm': '4.7.0', 'numpy': '2.4.6', 'pandas': '3.0.3', 'scikit-learn': '1.9.0', 'tabicl': '2.1.1', 'tabpfn': '8.1.0', 'torch': '2.6.0+cu124', 'xgboost': None}, 'platform': 'Linux-5.14.0-687.15.1.el9_8.x86_64-x86_64-with-glibc2.34', 'python': '3.11.15 | packaged by conda-forge | (main, Jun 11 2026, 03:34:02) [GCC 14.3.0]', 'python_version': '3.11.15', 'torch_available': True, 'torch_version': '2.6.0+cu124'}",,,NVIDIA A100 80GB PCIe,dsiuriofir01,processed,,unlabeled_attention_ssl,{},44136fa355b3678a,geometric_ssl,novel_experimental,0.7860579383764971,0.6099803331223259,0.7277509690233697,0.33999196522239655,0.1494751894651905,0.6987041783753152,0.7180058660585147,0.6987041783753152,0.8322831814886866,250,,True,,,,inductive,Retrieval attention over labeled and unlabeled training memory,adult__unlabeled_attention_ssl__s2__n250__5e8a8a019a66cfa8,5.9927,2,10,18895615,b9c1f48daae0a38670909bfcee77dc8488c635820805cd7f3886f35130ed7e69,v1_absolute_budget,success,True,2026-07-29T14:57:33.485639+00:00,"{'all_classes_present_in_labeled': True, 'best_epoch': 28, 'best_val_loss': 0.0711103401845321, 'dataset': 'adult', 'dataset_id': 1590, 'epochs_trained': nan, 'error_message': None, 'final_train_loss': nan, 'finetune_epochs_trained': nan, 'graph_n_neighbors_used': nan, 'graph_n_rows': nan, 'graph_n_unlabeled_used': nan, 'graph_retry_count': nan, 'input_view': 'processed', 'labeled_class_counts': '{<=50K:188,>50K:62}', 'labeled_classes_present': 2, 'max_labeled_per_class': 188, 'max_selected_confidence': nan, 'mean_selected_confidence': nan, 'mean_selected_density': nan, 'method': 'unlabeled_attention_ssl', 'method_diagnostics': {'attention_k': 8, 'best_epoch': 28, 'best_val_loss': 0.0711103401845321, 'labeled_attention_mass': 0.0107421875, 'memory_contains_val_or_test': False, 'memory_mode': 'labeled_plus_unlabeled', 'memory_size': 39023, 'method_fidelity': 'novel_experimental', 'protocol': 'inductive', 'unlabeled_attention_mass': 0.9892578125, 'uses_unlabeled_data': True}, 'method_fidelity': 'novel_experimental', 'metric_accuracy': 0.7860579383764971, 'metric_average_precision': 0.6099803331223259, 'metric_balanced_accuracy': 0.7277509690233697, 'metric_brier': 0.33999196522239655, 'metric_ece': 0.1494751894651905, 'metric_log_loss': 0.6987041783753152, 'metric_macro_f1': 0.7180058660585147, 'metric_nll': 0.6987041783753152, 'metric_roc_auc': 0.8322831814886866, 'min_labeled_per_class': 62, 'min_selected_confidence': nan, 'n_classes': 2, 'n_features_after_preprocessing': 108, 'n_features_before_preprocessing': 14, 'n_labeled': 250, 'n_pseudo_added_last_iter': nan, 'n_pseudo_added_total': nan, 'n_unlabeled': 38823, 'neural_method': nan, 'neural_validation_strategy': nan, 'pretrain_epochs_trained': nan, 'protocol': 'inductive', 'pseudo_label_class_distribution': nan, 'pseudo_label_fraction': nan, 'reference_family': nan, 'runtime_seconds': 5.9927, 'seed': 2, 'self_training_iterations': nan, 'status': 'success', 'stopped_reason': nan, 'test_class_counts': '{<=50K:7431,>50K:2338}', 'test_size': 9769, 'timestamp_utc': '2026-07-29T14:57:27.459303+00:00', 'train_labeled_size': 200, 'train_pool_class_counts': '{<=50K:29724,>50K:9349}', 'unlabeled_class_counts': '{<=50K:29536,>50K:9287}', 'val_class_counts': '{<=50K:38,>50K:12}', 'val_size': 50, 'validation_strategy': 'stratified_labeled_val'}",,True,
,,,,nogit:a6fc4d94b43f557a,,12.4,adult,gpu,False,,,3f9236be15390304,,ssl-representation,"{'cuda_available': True, 'cuda_version': '12.4', 'env_name': None, 'env_prefix': '/private/ofirlin-lab/suissad4/envs/micromamba', 'gpu_count': 1, 'gpu_name': 'NVIDIA A100 80GB PCIe', 'hostname': 'dsiuriofir01', 'packages': {'catboost': '1.2.10', 'lightgbm': '4.7.0', 'numpy': '2.4.6', 'pandas': '3.0.3', 'scikit-learn': '1.9.0', 'tabicl': '2.1.1', 'tabpfn': '8.1.0', 'torch': '2.6.0+cu124', 'xgboost': None}, 'platform': 'Linux-5.14.0-687.15.1.el9_8.x86_64-x86_64-with-glibc2.34', 'python': '3.11.15 | packaged by conda-forge | (main, Jun 11 2026, 03:34:02) [GCC 14.3.0]', 'python_version': '3.11.15', 'torch_available': True, 'torch_version': '2.6.0+cu124'}",,,NVIDIA A100 80GB PCIe,dsiuriofir01,processed,,unlabeled_attention_ssl,{},44136fa355b3678a,geometric_ssl,novel_experimental,0.8089876138806429,0.6667859399004453,0.7498584352720248,0.31632972026683,0.14283559230226958,0.6686384728870747,0.7438243654630583,0.6686384728870747,0.8596368022936766,500,,True,,,,inductive,Retrieval attention over labeled and unlabeled training memory,adult__unlabeled_attention_ssl__s2__n500__a886c2feb3ebc50c,7.5676,2,11,18895616,b9c1f48daae0a38670909bfcee77dc8488c635820805cd7f3886f35130ed7e69,v1_absolute_budget,success,True,2026-07-29T14:57:42.285300+00:00,"{'all_classes_present_in_labeled': True, 'best_epoch': 28, 'best_val_loss': 0.054516567183392386, 'dataset': 'adult', 'dataset_id': 1590, 'epochs_trained': nan, 'error_message': None, 'final_train_loss': nan, 'finetune_epochs_trained': nan, 'graph_n_neighbors_used': nan, 'graph_n_rows': nan, 'graph_n_unlabeled_used': nan, 'graph_retry_count': nan, 'input_view': 'processed', 'labeled_class_counts': '{<=50K:378,>50K:122}', 'labeled_classes_present': 2, 'max_labeled_per_class': 378, 'max_selected_confidence': nan, 'mean_selected_confidence': nan, 'mean_selected_density': nan, 'method': 'unlabeled_attention_ssl', 'method_diagnostics': {'attention_k': 8, 'best_epoch': 28, 'best_val_loss': 0.054516567183392386, 'labeled_attention_mass': 0.017578125, 'memory_contains_val_or_test': False, 'memory_mode': 'labeled_plus_unlabeled', 'memory_size': 38973, 'method_fidelity': 'novel_experimental', 'protocol': 'inductive', 'unlabeled_attention_mass': 0.982421875, 'uses_unlabeled_data': True}, 'method_fidelity': 'novel_experimental', 'metric_accuracy': 0.8089876138806429, 'metric_average_precision': 0.6667859399004453, 'metric_balanced_accuracy': 0.7498584352720248, 'metric_brier': 0.31632972026683, 'metric_ece': 0.14283559230226958, 'metric_log_loss': 0.6686384728870747, 'metric_macro_f1': 0.7438243654630583, 'metric_nll': 0.6686384728870747, 'metric_roc_auc': 0.8596368022936766, 'min_labeled_per_class': 122, 'min_selected_confidence': nan, 'n_classes': 2, 'n_features_after_preprocessing': 108, 'n_features_before_preprocessing': 14, 'n_labeled': 500, 'n_pseudo_added_last_iter': nan, 'n_pseudo_added_total': nan, 'n_unlabeled': 38573, 'neural_method': nan, 'neural_validation_strategy': nan, 'pretrain_epochs_trained': nan, 'protocol': 'inductive', 'pseudo_label_class_distribution': nan, 'pseudo_label_fraction': nan, 'reference_family': nan, 'runtime_seconds': 7.5676, 'seed': 2, 'self_training_iterations': nan, 'status': 'success', 'stopped_reason': nan, 'test_class_counts': '{<=50K:7431,>50K:2338}', 'test_size': 9769, 'timestamp_utc': '2026-07-29T14:57:34.683618+00:00', 'train_labeled_size': 400, 'train_pool_class_counts': '{<=50K:29724,>50K:9349}', 'unlabeled_class_counts': '{<=50K:29346,>50K:9227}', 'val_class_counts': '{<=50K:76,>50K:24}', 'val_size': 100, 'validation_strategy': 'stratified_labeled_val'}",,True,
,,,,nogit:a6fc4d94b43f557a,,12.4,adult,gpu,False,,,3f9236be15390304,,ssl-representation,"{'cuda_available': True, 'cuda_version': '12.4', 'env_name': None, 'env_prefix': '/private/ofirlin-lab/suissad4/envs/micromamba', 'gpu_count': 1, 'gpu_name': 'NVIDIA A100 80GB PCIe', 'hostname': 'dsiuriofir01', 'packages': {'catboost': '1.2.10', 'lightgbm': '4.7.0', 'numpy': '2.4.6', 'pandas': '3.0.3', 'scikit-learn': '1.9.0', 'tabicl': '2.1.1', 'tabpfn': '8.1.0', 'torch': '2.6.0+cu124', 'xgboost': None}, 'platform': 'Linux-5.14.0-687.15.1.el9_8.x86_64-x86_64-with-glibc2.34', 'python': '3.11.15 | packaged by conda-forge | (main, Jun 11 2026, 03:34:02) [GCC 14.3.0]', 'python_version': '3.11.15', 'torch_available': True, 'torch_version': '2.6.0+cu124'}",,,NVIDIA A100 80GB PCIe,dsiuriofir01,processed,,unlabeled_attention_ssl,{},44136fa355b3678a,geometric_ssl,novel_experimental,0.7654826491964377,0.6157059326994074,0.7312289314904996,0.3121007709083057,0.09583799271348979,0.4936000299153374,0.706948183027404,0.4936000299153374,0.8356124707733159,50,,True,,,,inductive,Retrieval attention over labeled and unlabeled training memory,adult__unlabeled_attention_ssl__s2__n50__ec558a5341c7779d,4.6214,2,8,18895613,b9c1f48daae0a38670909bfcee77dc8488c635820805cd7f3886f35130ed7e69,v1_absolute_budget,success,True,2026-07-29T14:57:22.081234+00:00,"{'all_classes_present_in_labeled': True, 'best_epoch': 29, 'best_val_loss': 0.12346383184194565, 'dataset': 'adult', 'dataset_id': 1590, 'epochs_trained': nan, 'error_message': None, 'final_train_loss': nan, 'finetune_epochs_trained': nan, 'graph_n_neighbors_used': nan, 'graph_n_rows': nan, 'graph_n_unlabeled_used': nan, 'graph_retry_count': nan, 'input_view': 'processed', 'labeled_class_counts': '{<=50K:36,>50K:14}', 'labeled_classes_present': 2, 'max_labeled_per_class': 36, 'max_selected_confidence': nan, 'mean_selected_confidence': nan, 'mean_selected_density': nan, 'method': 'unlabeled_attention_ssl', 'method_diagnostics': {'attention_k': 8, 'best_epoch': 29, 'best_val_loss': 0.12346383184194565, 'labeled_attention_mass': 0.00625, 'memory_contains_val_or_test': False, 'memory_mode': 'labeled_plus_unlabeled', 'memory_size': 39063, 'method_fidelity': 'novel_experimental', 'protocol': 'inductive', 'unlabeled_attention_mass': 0.99375, 'uses_unlabeled_data': True}, 'method_fidelity': 'novel_experimental', 'metric_accuracy': 0.7654826491964377, 'metric_average_precision': 0.6157059326994074, 'metric_balanced_accuracy': 0.7312289314904996, 'metric_brier': 0.3121007709083057, 'metric_ece': 0.09583799271348979, 'metric_log_loss': 0.4936000299153374, 'metric_macro_f1': 0.706948183027404, 'metric_nll': 0.4936000299153374, 'metric_roc_auc': 0.8356124707733159, 'min_labeled_per_class': 14, 'min_selected_confidence': nan, 'n_classes': 2, 'n_features_after_preprocessing': 108, 'n_features_before_preprocessing': 14, 'n_labeled': 50, 'n_pseudo_added_last_iter': nan, 'n_pseudo_added_total': nan, 'n_unlabeled': 39023, 'neural_method': nan, 'neural_validation_strategy': nan, 'pretrain_epochs_trained': nan, 'protocol': 'inductive', 'pseudo_label_class_distribution': nan, 'pseudo_label_fraction': nan, 'reference_family': nan, 'runtime_seconds': 4.6214, 'seed': 2, 'self_training_iterations': nan, 'status': 'success', 'stopped_reason': nan, 'test_class_counts': '{<=50K:7431,>50K:2338}', 'test_size': 9769, 'timestamp_utc': '2026-07-29T14:57:17.421635+00:00', 'train_labeled_size': 40, 'train_pool_class_counts': '{<=50K:29724,>50K:9349}', 'unlabeled_class_counts': '{<=50K:29688,>50K:9335}', 'val_class_counts': '{<=50K:7,>50K:3}', 'val_size': 10, 'validation_strategy': 'stratified_labeled_val'}",,True,
,,,,nogit:a6fc4d94b43f557a,,12.4,jannis,gpu,False,,,3f9236be15390304,,ssl-representation,"{'cuda_available': True, 'cuda_version': '12.4', 'env_name': None, 'env_prefix': '/private/ofirlin-lab/suissad4/envs/micromamba', 'gpu_count': 1, 'gpu_name': 'NVIDIA A100 80GB PCIe', 'hostname': 'dsiuriofir01', 'packages': {'catboost': '1.2.10', 'lightgbm': '4.7.0', 'numpy': '2.4.6', 'pandas': '3.0.3', 'scikit-learn': '1.9.0', 'tabicl': '2.1.1', 'tabpfn': '8.1.0', 'torch': '2.6.0+cu124', 'xgboost': None}, 'platform': 'Linux-5.14.0-687.15.1.el9_8.x86_64-x86_64-with-glibc2.34', 'python': '3.11.15 | packaged by conda-forge | (main, Jun 11 2026, 03:34:02) [GCC 14.3.0]', 'python_version': '3.11.15', 'torch_available': True, 'torch_version': '2.6.0+cu124'}",,,NVIDIA A100 80GB PCIe,dsiuriofir01,processed,,embedding_alignment_ssl,{},44136fa355b3678a,geometric_ssl,novel_experimental,0.5482773033976235,,0.391664241305152,0.5689833042783958,0.04805749546281299,1.0378533696724637,0.3692245494122174,1.0378533696724637,0.7161885328779112,100,,True,,,,inductive,Confidence-weighted class-conditional embedding alignment,jannis__embedding_alignment_ssl__s0__n100__28e0e4d2eec351d5,4.5206,0,49,18895656,b9c1f48daae0a38670909bfcee77dc8488c635820805cd7f3886f35130ed7e69,v1_absolute_budget,success,True,2026-07-29T15:01:23.989067+00:00,"{'all_classes_present_in_labeled': True, 'best_epoch': 39, 'best_val_loss': 0.8499788045883179, 'dataset': 'jannis', 'dataset_id': 41168, 'epochs_trained': nan, 'error_message': None, 'final_train_loss': nan, 'finetune_epochs_trained': nan, 'graph_n_neighbors_used': nan, 'graph_n_rows': nan, 'graph_n_unlabeled_used': nan, 'graph_retry_count': nan, 'input_view': 'processed', 'labeled_class_counts': '{0:7,1:32,2:19,3:42}', 'labeled_classes_present': 4, 'max_labeled_per_class': 42, 'max_selected_confidence': nan, 'mean_selected_confidence': nan, 'mean_selected_density': nan, 'method': 'embedding_alignment_ssl', 'method_diagnostics': {'best_epoch': 39, 'best_val_loss': 0.8499788045883179, 'embedding_variance': 0.01988988369703293, 'inter_prototype_distances': [0.9412158727645874, 0.5061303377151489, 1.411233901977539, 0.7854107618331909, 0.6396152973175049, 1.291756510734558], 'intra_class_distances': [0.421561062335968, 0.5163513422012329, 0.4226357042789459, 0.12740840017795563], 'loss_weights': {'lambda_consistency': 0.1, 'lambda_margin': 0.2, 'lambda_pl': 0.5, 'lambda_proto': 0.5}, 'method_fidelity': 'novel_experimental', 'n_reliable_unlabeled_last': 4676, 'protocol': 'inductive', 'representation_collapse_suspect': False, 'uses_unlabeled_data': True}, 'method_fidelity': 'novel_experimental', 'metric_accuracy': 0.5482773033976235, 'metric_average_precision': None, 'metric_balanced_accuracy': 0.391664241305152, 'metric_brier': 0.5689833042783958, 'metric_ece': 0.04805749546281299, 'metric_log_loss': 1.0378533696724637, 'metric_macro_f1': 0.3692245494122174, 'metric_nll': 1.0378533696724637, 'metric_roc_auc': 0.7161885328779112, 'min_labeled_per_class': 7, 'min_selected_confidence': nan, 'n_classes': 4, 'n_features_after_preprocessing': 54, 'n_features_before_preprocessing': 54, 'n_labeled': 100, 'n_pseudo_added_last_iter': nan, 'n_pseudo_added_total': nan, 'n_unlabeled': 66886, 'neural_method': nan, 'neural_validation_strategy': nan, 'pretrain_epochs_trained': nan, 'protocol': 'inductive', 'pseudo_label_class_distribution': nan, 'pseudo_label_fraction': nan, 'reference_family': nan, 'runtime_seconds': 4.5206, 'seed': 0, 'self_training_iterations': nan, 'status': 'success', 'stopped_reason': nan, 'test_class_counts': '{0:337,1:5758,2:2947,3:7705}', 'test_size': 16747, 'timestamp_utc': '2026-07-29T15:01:19.433209+00:00', 'train_labeled_size': 80, 'train_pool_class_counts': '{0:1350,1:23032,2:11787,3:30817}', 'unlabeled_class_counts': '{0:1343,1:23000,2:11768,3:30775}', 'val_class_counts': '{0:2,1:6,2:4,3:8}', 'val_size': 20, 'validation_strategy': 'stratified_labeled_val'}",,True,
,,,,nogit:a6fc4d94b43f557a,,12.4,jannis,gpu,False,,,3f9236be15390304,,ssl-representation,"{'cuda_available': True, 'cuda_version': '12.4', 'env_name': None, 'env_prefix': '/private/ofirlin-lab/suissad4/envs/micromamba', 'gpu_count': 1, 'gpu_name': 'NVIDIA A100 80GB PCIe', 'hostname': 'dsiuriofir01', 'packages': {'catboost': '1.2.10', 'lightgbm': '4.7.0', 'numpy': '2.4.6', 'pandas': '3.0.3', 'scikit-learn': '1.9.0', 'tabicl': '2.1.1', 'tabpfn': '8.1.0', 'torch': '2.6.0+cu124', 'xgboost': None}, 'platform': 'Linux-5.14.0-687.15.1.el9_8.x86_64-x86_64-with-glibc2.34', 'python': '3.11.15 | packaged by conda-forge | (main, Jun 11 2026, 03:34:02) [GCC 14.3.0]', 'python_version': '3.11.15', 'torch_available': True, 'torch_version': '2.6.0+cu124'}",,,NVIDIA A100 80GB PCIe,dsiuriofir01,processed,,embedding_alignment_ssl,{},44136fa355b3678a,geometric_ssl,novel_experimental,0.5678031886307996,,0.39329361204069807,0.5491180059934557,0.04956150688336815,0.9914501777434432,0.38836922602066093,0.9914501777434432,0.7313537281068665,250,,True,,,,inductive,Confidence-weighted class-conditional embedding alignment,jannis__embedding_alignment_ssl__s0__n250__c3d621999f2218fe,4.1628,0,50,18895657,b9c1f48daae0a38670909bfcee77dc8488c635820805cd7f3886f35130ed7e69,v1_absolute_budget,success,True,2026-07-29T15:01:30.293878+00:00,"{'all_classes_present_in_labeled': True, 'best_epoch': 39, 'best_val_loss': 1.0161733627319336, 'dataset': 'jannis', 'dataset_id': 41168, 'epochs_trained': nan, 'error_message': None, 'final_train_loss': nan, 'finetune_epochs_trained': nan, 'graph_n_neighbors_used': nan, 'graph_n_rows': nan, 'graph_n_unlabeled_used': nan, 'graph_retry_count': nan, 'input_view': 'processed', 'labeled_class_counts': '{0:10,1:84,2:45,3:111}', 'labeled_classes_present': 4, 'max_labeled_per_class': 111, 'max_selected_confidence': nan, 'mean_selected_confidence': nan, 'mean_selected_density': nan, 'method': 'embedding_alignment_ssl', 'method_diagnostics': {'best_epoch': 39, 'best_val_loss': 1.0161733627319336, 'embedding_variance': 0.016312558203935623, 'inter_prototype_distances': [0.6164160966873169, 0.8636490702629089, 0.9417221546173096, 0.6452323198318481, 0.5378180146217346, 1.0944201946258545], 'intra_class_distances': [0.41622495651245117, 0.4722675085067749, 0.369856595993042, 0.19673503935337067], 'loss_weights': {'lambda_consistency': 0.1, 'lambda_margin': 0.2, 'lambda_pl': 0.5, 'lambda_proto': 0.5}, 'method_fidelity': 'novel_experimental', 'n_reliable_unlabeled_last': 6089, 'protocol': 'inductive', 'representation_collapse_suspect': False, 'uses_unlabeled_data': True}, 'method_fidelity': 'novel_experimental', 'metric_accuracy': 0.5678031886307996, 'metric_average_precision': None, 'metric_balanced_accuracy': 0.39329361204069807, 'metric_brier': 0.5491180059934557, 'metric_ece': 0.04956150688336815, 'metric_log_loss': 0.9914501777434432, 'metric_macro_f1': 0.38836922602066093, 'metric_nll': 0.9914501777434432, 'metric_roc_auc': 0.7313537281068665, 'min_labeled_per_class': 10, 'min_selected_confidence': nan, 'n_classes': 4, 'n_features_after_preprocessing': 54, 'n_features_before_preprocessing': 54, 'n_labeled': 250, 'n_pseudo_added_last_iter': nan, 'n_pseudo_added_total': nan, 'n_unlabeled': 66736, 'neural_method': nan, 'neural_validation_strategy': nan, 'pretrain_epochs_trained': nan, 'protocol': 'inductive', 'pseudo_label_class_distribution': nan, 'pseudo_label_fraction': nan, 'reference_family': nan, 'runtime_seconds': 4.1628, 'seed': 0, 'self_training_iterations': nan, 'status': 'success', 'stopped_reason': nan, 'test_class_counts': '{0:337,1:5758,2:2947,3:7705}', 'test_size': 16747, 'timestamp_utc': '2026-07-29T15:01:26.095397+00:00', 'train_labeled_size': 200, 'train_pool_class_counts': '{0:1350,1:23032,2:11787,3:30817}', 'unlabeled_class_counts': '{0:1340,1:22948,2:11742,3:30706}', 'val_class_counts': '{0:2,1:17,2:9,3:22}', 'val_size': 50, 'validation_strategy': 'stratified_labeled_val'}",,True,
,,,,nogit:a6fc4d94b43f557a,,12.4,jannis,gpu,False,,,3f9236be15390304,,ssl-representation,"{'cuda_available': True, 'cuda_version': '12.4', 'env_name': None, 'env_prefix': '/private/ofirlin-lab/suissad4/envs/micromamba', 'gpu_count': 1, 'gpu_name': 'NVIDIA A100 80GB PCIe', 'hostname': 'dsiuriofir01', 'packages': {'catboost': '1.2.10', 'lightgbm': '4.7.0', 'numpy': '2.4.6', 'pandas': '3.0.3', 'scikit-learn': '1.9.0', 'tabicl': '2.1.1', 'tabpfn': '8.1.0', 'torch': '2.6.0+cu124', 'xgboost': None}, 'platform': 'Linux-5.14.0-687.15.1.el9_8.x86_64-x86_64-with-glibc2.34', 'python': '3.11.15 | packaged by conda-forge | (main, Jun 11 2026, 03:34:02) [GCC 14.3.0]', 'python_version': '3.11.15', 'torch_available': True, 'torch_version': '2.6.0+cu124'}",,,NVIDIA A100 80GB PCIe,dsiuriofir01,processed,,embedding_alignment_ssl,{},44136fa355b3678a,geometric_ssl,novel_experimental,0.5590254971039589,,0.3488131748883241,0.5495163631364526,0.04719371857097626,0.9877762789589557,0.33689480585423565,0.9877762789589557,0.737389728901342,500,,True,,,,inductive,Confidence-weighted class-conditional embedding alignment,jannis__embedding_alignment_ssl__s0__n500__cd143a6a4acfc3eb,3.8551,0,51,18895658,b9c1f48daae0a38670909bfcee77dc8488c635820805cd7f3886f35130ed7e69,v1_absolute_budget,success,True,2026-07-29T15:01:31.778897+00:00,"{'all_classes_present_in_labeled': True, 'best_epoch': 39, 'best_val_loss': 0.9577574133872986, 'dataset': 'jannis', 'dataset_id': 41168, 'epochs_trained': nan, 'error_message': None, 'final_train_loss': nan, 'finetune_epochs_trained': nan, 'graph_n_neighbors_used': nan, 'graph_n_rows': nan, 'graph_n_unlabeled_used': nan, 'graph_retry_count': nan, 'input_view': 'processed', 'labeled_class_counts': '{0:15,1:170,2:89,3:226}', 'labeled_classes_present': 4, 'max_labeled_per_class': 226, 'max_selected_confidence': nan, 'mean_selected_confidence': nan, 'mean_selected_density': nan, 'method': 'embedding_alignment_ssl', 'method_diagnostics': {'best_epoch': 39, 'best_val_loss': 0.9577574133872986, 'embedding_variance': 0.014098260551691055, 'inter_prototype_distances': [0.46272897720336914, 0.6871593594551086, 0.7081514000892639, 0.4812740385532379, 0.4719862937927246, 0.9295613765716553], 'intra_class_distances': [0.3844554126262665, 0.44189199805259705, 0.3385195732116699, 0.21876758337020874], 'loss_weights': {'lambda_consistency': 0.1, 'lambda_margin': 0.2, 'lambda_pl': 0.5, 'lambda_proto': 0.5}, 'method_fidelity': 'novel_experimental', 'n_reliable_unlabeled_last': 7966, 'protocol': 'inductive', 'representation_collapse_suspect': False, 'uses_unlabeled_data': True}, 'method_fidelity': 'novel_experimental', 'metric_accuracy': 0.5590254971039589, 'metric_average_precision': None, 'metric_balanced_accuracy': 0.3488131748883241, 'metric_brier': 0.5495163631364526, 'metric_ece': 0.04719371857097626, 'metric_log_loss': 0.9877762789589557, 'metric_macro_f1': 0.33689480585423565, 'metric_nll': 0.9877762789589557, 'metric_roc_auc': 0.737389728901342, 'min_labeled_per_class': 15, 'min_selected_confidence': nan, 'n_classes': 4, 'n_features_after_preprocessing': 54, 'n_features_before_preprocessing': 54, 'n_labeled': 500, 'n_pseudo_added_last_iter': nan, 'n_pseudo_added_total': nan, 'n_unlabeled': 66486, 'neural_method': nan, 'neural_validation_strategy': nan, 'pretrain_epochs_trained': nan, 'protocol': 'inductive', 'pseudo_label_class_distribution': nan, 'pseudo_label_fraction': nan, 'reference_family': nan, 'runtime_seconds': 3.8551, 'seed': 0, 'self_training_iterations': nan, 'status': 'success', 'stopped_reason': nan, 'test_class_counts': '{0:337,1:5758,2:2947,3:7705}', 'test_size': 16747, 'timestamp_utc': '2026-07-29T15:01:27.886616+00:00', 'train_labeled_size': 400, 'train_pool_class_counts': '{0:1350,1:23032,2:11787,3:30817}', 'unlabeled_class_counts': '{0:1335,1:22862,2:11698,3:30591}', 'val_class_counts': '{0:3,1:34,2:18,3:45}', 'val_size': 100, 'validation_strategy': 'stratified_labeled_val'}",,True,
,,,,nogit:a6fc4d94b43f557a,,12.4,jannis,gpu,False,,,3f9236be15390304,,ssl-representation,"{'cuda_available': True, 'cuda_version': '12.4', 'env_name': None, 'env_prefix': '/private/ofirlin-lab/suissad4/envs/micromamba', 'gpu_count': 1, 'gpu_name': 'NVIDIA A100 80GB PCIe', 'hostname': 'dsiuriofir01', 'packages': {'catboost': '1.2.10', 'lightgbm': '4.7.0', 'numpy': '2.4.6', 'pandas': '3.0.3', 'scikit-learn': '1.9.0', 'tabicl': '2.1.1', 'tabpfn': '8.1.0', 'torch': '2.6.0+cu124', 'xgboost': None}, 'platform': 'Linux-5.14.0-687.15.1.el9_8.x86_64-x86_64-with-glibc2.34', 'python': '3.11.15 | packaged by conda-forge | (main, Jun 11 2026, 03:34:02) [GCC 14.3.0]', 'python_version': '3.11.15', 'torch_available': True, 'torch_version': '2.6.0+cu124'}",,,NVIDIA A100 80GB PCIe,dsiuriofir01,processed,,embedding_alignment_ssl,{},44136fa355b3678a,geometric_ssl,novel_experimental,0.5294679644115364,,0.35086612453994104,0.6102283839089003,0.12825906804484477,1.1239761627094293,0.34871411650765904,1.1239761627094293,0.6856314850679668,50,,True,,,,inductive,Confidence-weighted class-conditional embedding alignment,jannis__embedding_alignment_ssl__s0__n50__78e0af5767007670,3.772,0,48,18895655,b9c1f48daae0a38670909bfcee77dc8488c635820805cd7f3886f35130ed7e69,v1_absolute_budget,success,True,2026-07-29T15:01:14.807208+00:00,"{'all_classes_present_in_labeled': True, 'best_epoch': 23, 'best_val_loss': 1.1352016925811768, 'dataset': 'jannis', 'dataset_id': 41168, 'epochs_trained': nan, 'error_message': None, 'final_train_loss': nan, 'finetune_epochs_trained': nan, 'graph_n_neighbors_used': nan, 'graph_n_rows': nan, 'graph_n_unlabeled_used': nan, 'graph_retry_count': nan, 'input_view': 'processed', 'labeled_class_counts': '{0:4,1:16,2:10,3:20}', 'labeled_classes_present': 4, 'max_labeled_per_class': 20, 'max_selected_confidence': nan, 'mean_selected_confidence': nan, 'mean_selected_density': nan, 'method': 'embedding_alignment_ssl', 'method_diagnostics': {'best_epoch': 23, 'best_val_loss': 1.1352016925811768, 'embedding_variance': 0.019885554909706116, 'inter_prototype_distances': [1.0176703929901123, 1.0646214485168457, 1.1733219623565674, 0.6917023658752441, 0.8390780091285706, 1.156798243522644], 'intra_class_distances': [0.192946195602417, 0.39546677470207214, 0.445780873298645, 0.18762220442295074], 'loss_weights': {'lambda_consistency': 0.1, 'lambda_margin': 0.2, 'lambda_pl': 0.5, 'lambda_proto': 0.5}, 'method_fidelity': 'novel_experimental', 'n_reliable_unlabeled_last': 985, 'protocol': 'inductive', 'representation_collapse_suspect': False, 'uses_unlabeled_data': True}, 'method_fidelity': 'novel_experimental', 'metric_accuracy': 0.5294679644115364, 'metric_average_precision': None, 'metric_balanced_accuracy': 0.35086612453994104, 'metric_brier': 0.6102283839089003, 'metric_ece': 0.12825906804484477, 'metric_log_loss': 1.1239761627094293, 'metric_macro_f1': 0.34871411650765904, 'metric_nll': 1.1239761627094293, 'metric_roc_auc': 0.6856314850679668, 'min_labeled_per_class': 4, 'min_selected_confidence': nan, 'n_classes': 4, 'n_features_after_preprocessing': 54, 'n_features_before_preprocessing': 54, 'n_labeled': 50, 'n_pseudo_added_last_iter': nan, 'n_pseudo_added_total': nan, 'n_unlabeled': 66936, 'neural_method': nan, 'neural_validation_strategy': nan, 'pretrain_epochs_trained': nan, 'protocol': 'inductive', 'pseudo_label_class_distribution': nan, 'pseudo_label_fraction': nan, 'reference_family': nan, 'runtime_seconds': 3.772, 'seed': 0, 'self_training_iterations': nan, 'status': 'success', 'stopped_reason': nan, 'test_class_counts': '{0:337,1:5758,2:2947,3:7705}', 'test_size': 16747, 'timestamp_utc': '2026-07-29T15:01:10.996735+00:00', 'train_labeled_size': 40, 'train_pool_class_counts': '{0:1350,1:23032,2:11787,3:30817}', 'unlabeled_class_counts': '{0:1346,1:23016,2:11777,3:30797}', 'val_class_counts': '{0:1,1:3,2:2,3:4}', 'val_size': 10, 'validation_strategy': 'stratified_labeled_val'}",,True,
,,,,nogit:a6fc4d94b43f557a,,12.4,jannis,gpu,False,,,3f9236be15390304,,ssl-representation,"{'cuda_available': True, 'cuda_version': '12.4', 'env_name': None, 'env_prefix': '/private/ofirlin-lab/suissad4/envs/micromamba', 'gpu_count': 1, 'gpu_name': 'NVIDIA A100 80GB PCIe', 'hostname': 'dsiuriofir01', 'packages': {'catboost': '1.2.10', 'lightgbm': '4.7.0', 'numpy': '2.4.6', 'pandas': '3.0.3', 'scikit-learn': '1.9.0', 'tabicl': '2.1.1', 'tabpfn': '8.1.0', 'torch': '2.6.0+cu124', 'xgboost': None}, 'platform': 'Linux-5.14.0-687.15.1.el9_8.x86_64-x86_64-with-glibc2.34', 'python': '3.11.15 | packaged by conda-forge | (main, Jun 11 2026, 03:34:02) [GCC 14.3.0]', 'python_version': '3.11.15', 'torch_available': True, 'torch_version': '2.6.0+cu124'}",,,NVIDIA A100 80GB PCIe,dsiuriofir01,processed,,embedding_alignment_ssl,{},44136fa355b3678a,geometric_ssl,novel_experimental,0.4569773690810294,,0.34009122417797877,0.6538945584165663,0.10344082022544639,1.1517258569017108,0.32920262401342937,1.1517258569017108,0.6584369569832355,100,,True,,,,inductive,Confidence-weighted class-conditional embedding alignment,jannis__embedding_alignment_ssl__s1__n100__07d811b6a1ad658f,4.1513,1,53,18895660,b9c1f48daae0a38670909bfcee77dc8488c635820805cd7f3886f35130ed7e69,v1_absolute_budget,success,True,2026-07-29T15:01:39.963727+00:00,"{'all_classes_present_in_labeled': True, 'best_epoch': 39, 'best_val_loss': 1.2625200748443604, 'dataset': 'jannis', 'dataset_id': 41168, 'epochs_trained': nan, 'error_message': None, 'final_train_loss': nan, 'finetune_epochs_trained': nan, 'graph_n_neighbors_used': nan, 'graph_n_rows': nan, 'graph_n_unlabeled_used': nan, 'graph_retry_count': nan, 'input_view': 'processed', 'labeled_class_counts': '{0:7,1:32,2:19,3:42}', 'labeled_classes_present': 4, 'max_labeled_per_class': 42, 'max_selected_confidence': nan, 'mean_selected_confidence': nan, 'mean_selected_density': nan, 'method': 'embedding_alignment_ssl', 'method_diagnostics': {'best_epoch': 39, 'best_val_loss': 1.2625200748443604, 'embedding_variance': 0.013543720357120037, 'inter_prototype_distances': [0.9793427586555481, 0.8499494791030884, 0.7172476649284363, 0.7570133209228516, 0.5051020979881287, 0.8040438294410706], 'intra_class_distances': [0.3549509346485138, 0.2124728411436081, 0.3692224621772766, 0.24523226916790009], 'loss_weights': {'lambda_consistency': 0.1, 'lambda_margin': 0.2, 'lambda_pl': 0.5, 'lambda_proto': 0.5}, 'method_fidelity': 'novel_experimental', 'n_reliable_unlabeled_last': 692, 'protocol': 'inductive', 'representation_collapse_suspect': False, 'uses_unlabeled_data': True}, 'method_fidelity': 'novel_experimental', 'metric_accuracy': 0.4569773690810294, 'metric_average_precision': None, 'metric_balanced_accuracy': 0.34009122417797877, 'metric_brier': 0.6538945584165663, 'metric_ece': 0.10344082022544639, 'metric_log_loss': 1.1517258569017108, 'metric_macro_f1': 0.32920262401342937, 'metric_nll': 1.1517258569017108, 'metric_roc_auc': 0.6584369569832355, 'min_labeled_per_class': 7, 'min_selected_confidence': nan, 'n_classes': 4, 'n_features_after_preprocessing': 54, 'n_features_before_preprocessing': 54, 'n_labeled': 100, 'n_pseudo_added_last_iter': nan, 'n_pseudo_added_total': nan, 'n_unlabeled': 66886, 'neural_method': nan, 'neural_validation_strategy': nan, 'pretrain_epochs_trained': nan, 'protocol': 'inductive', 'pseudo_label_class_distribution': nan, 'pseudo_label_fraction': nan, 'reference_family': nan, 'runtime_seconds': 4.1513, 'seed': 1, 'self_training_iterations': nan, 'status': 'success', 'stopped_reason': nan, 'test_class_counts': '{0:337,1:5758,2:2947,3:7705}', 'test_size': 16747, 'timestamp_utc': '2026-07-29T15:01:35.773892+00:00', 'train_labeled_size': 80, 'train_pool_class_counts': '{0:1350,1:23032,2:11787,3:30817}', 'unlabeled_class_counts': '{0:1343,1:23000,2:11768,3:30775}', 'val_class_counts': '{0:2,1:6,2:4,3:8}', 'val_size': 20, 'validation_strategy': 'stratified_labeled_val'}",,True,
,,,,nogit:a6fc4d94b43f557a,,12.4,jannis,gpu,False,,,3f9236be15390304,,ssl-representation,"{'cuda_available': True, 'cuda_version': '12.4', 'env_name': None, 'env_prefix': '/private/ofirlin-lab/suissad4/envs/micromamba', 'gpu_count': 1, 'gpu_name': 'NVIDIA A100 80GB PCIe', 'hostname': 'dsiuriofir01', 'packages': {'catboost': '1.2.10', 'lightgbm': '4.7.0', 'numpy': '2.4.6', 'pandas': '3.0.3', 'scikit-learn': '1.9.0', 'tabicl': '2.1.1', 'tabpfn': '8.1.0', 'torch': '2.6.0+cu124', 'xgboost': None}, 'platform': 'Linux-5.14.0-687.15.1.el9_8.x86_64-x86_64-with-glibc2.34', 'python': '3.11.15 | packaged by conda-forge | (main, Jun 11 2026, 03:34:02) [GCC 14.3.0]', 'python_version': '3.11.15', 'torch_available': True, 'torch_version': '2.6.0+cu124'}",,,NVIDIA A100 80GB PCIe,dsiuriofir01,processed,,embedding_alignment_ssl,{},44136fa355b3678a,geometric_ssl,novel_experimental,0.45399175971815847,,0.3284246526987785,0.6395985797239162,0.07001601168244886,1.119433663327134,0.3050289969784531,1.119433663327134,0.6682189647398328,250,,True,,,,inductive,Confidence-weighted class-conditional embedding alignment,jannis__embedding_alignment_ssl__s1__n250__de4af366522a2cc6,4.3419,1,54,18895661,b9c1f48daae0a38670909bfcee77dc8488c635820805cd7f3886f35130ed7e69,v1_absolute_budget,success,True,2026-07-29T15:01:47.933780+00:00,"{'all_classes_present_in_labeled': True, 'best_epoch': 39, 'best_val_loss': 1.1085580587387085, 'dataset': 'jannis', 'dataset_id': 41168, 'epochs_trained': nan, 'error_message': None, 'final_train_loss': nan, 'finetune_epochs_trained': nan, 'graph_n_neighbors_used': nan, 'graph_n_rows': nan, 'graph_n_unlabeled_used': nan, 'graph_retry_count': nan, 'input_view': 'processed', 'labeled_class_counts': '{0:10,1:84,2:45,3:111}', 'labeled_classes_present': 4, 'max_labeled_per_class': 111, 'max_selected_confidence': nan, 'mean_selected_confidence': nan, 'mean_selected_density': nan, 'method': 'embedding_alignment_ssl', 'method_diagnostics': {'best_epoch': 39, 'best_val_loss': 1.1085580587387085, 'embedding_variance': 0.009310637600719929, 'inter_prototype_distances': [0.5766491293907166, 0.6591689586639404, 0.6005388498306274, 0.45708197355270386, 0.28998565673828125, 0.5972827672958374], 'intra_class_distances': [0.3134913146495819, 0.2287428081035614, 0.2696629762649536, 0.20456095039844513], 'loss_weights': {'lambda_consistency': 0.1, 'lambda_margin': 0.2, 'lambda_pl': 0.5, 'lambda_proto': 0.5}, 'method_fidelity': 'novel_experimental', 'n_reliable_unlabeled_last': 294, 'protocol': 'inductive', 'representation_collapse_suspect': False, 'uses_unlabeled_data': True}, 'method_fidelity': 'novel_experimental', 'metric_accuracy': 0.45399175971815847, 'metric_average_precision': None, 'metric_balanced_accuracy': 0.3284246526987785, 'metric_brier': 0.6395985797239162, 'metric_ece': 0.07001601168244886, 'metric_log_loss': 1.119433663327134, 'metric_macro_f1': 0.3050289969784531, 'metric_nll': 1.119433663327134, 'metric_roc_auc': 0.6682189647398328, 'min_labeled_per_class': 10, 'min_selected_confidence': nan, 'n_classes': 4, 'n_features_after_preprocessing': 54, 'n_features_before_preprocessing': 54, 'n_labeled': 250, 'n_pseudo_added_last_iter': nan, 'n_pseudo_added_total': nan, 'n_unlabeled': 66736, 'neural_method': nan, 'neural_validation_strategy': nan, 'pretrain_epochs_trained': nan, 'protocol': 'inductive', 'pseudo_label_class_distribution': nan, 'pseudo_label_fraction': nan, 'reference_family': nan, 'runtime_seconds': 4.3419, 'seed': 1, 'self_training_iterations': nan, 'status': 'success', 'stopped_reason': nan, 'test_class_counts': '{0:337,1:5758,2:2947,3:7705}', 'test_size': 16747, 'timestamp_utc': '2026-07-29T15:01:43.557647+00:00', 'train_labeled_size': 200, 'train_pool_class_counts': '{0:1350,1:23032,2:11787,3:30817}', 'unlabeled_class_counts': '{0:1340,1:22948,2:11742,3:30706}', 'val_class_counts': '{0:2,1:17,2:9,3:22}', 'val_size': 50, 'validation_strategy': 'stratified_labeled_val'}",,True,
,,,,nogit:a6fc4d94b43f557a,,12.4,jannis,gpu,False,,,3f9236be15390304,,ssl-representation,"{'cuda_available': True, 'cuda_version': '12.4', 'env_name': None, 'env_prefix': '/private/ofirlin-lab/suissad4/envs/micromamba', 'gpu_count': 1, 'gpu_name': 'NVIDIA A100 80GB PCIe', 'hostname': 'dsiuriofir01', 'packages': {'catboost': '1.2.10', 'lightgbm': '4.7.0', 'numpy': '2.4.6', 'pandas': '3.0.3', 'scikit-learn': '1.9.0', 'tabicl': '2.1.1', 'tabpfn': '8.1.0', 'torch': '2.6.0+cu124', 'xgboost': None}, 'platform': 'Linux-5.14.0-687.15.1.el9_8.x86_64-x86_64-with-glibc2.34', 'python': '3.11.15 | packaged by conda-forge | (main, Jun 11 2026, 03:34:02) [GCC 14.3.0]', 'python_version': '3.11.15', 'torch_available': True, 'torch_version': '2.6.0+cu124'}",,,NVIDIA A100 80GB PCIe,dsiuriofir01,processed,,embedding_alignment_ssl,{},44136fa355b3678a,geometric_ssl,novel_experimental,0.5661909595748492,,0.3662898535962037,0.552516296137595,0.0632876999061648,0.9984615234454546,0.364504318262112,0.9984615234454546,0.7094125381093077,500,,True,,,,inductive,Confidence-weighted class-conditional embedding alignment,jannis__embedding_alignment_ssl__s1__n500__a20756448a8e2e3f,4.155,1,55,18895662,b9c1f48daae0a38670909bfcee77dc8488c635820805cd7f3886f35130ed7e69,v1_absolute_budget,success,True,2026-07-29T15:01:47.860847+00:00,"{'all_classes_present_in_labeled': True, 'best_epoch': 39, 'best_val_loss': 1.064436912536621, 'dataset': 'jannis', 'dataset_id': 41168, 'epochs_trained': nan, 'error_message': None, 'final_train_loss': nan, 'finetune_epochs_trained': nan, 'graph_n_neighbors_used': nan, 'graph_n_rows': nan, 'graph_n_unlabeled_used': nan, 'graph_retry_count': nan, 'input_view': 'processed', 'labeled_class_counts': '{0:15,1:170,2:89,3:226}', 'labeled_classes_present': 4, 'max_labeled_per_class': 226, 'max_selected_confidence': nan, 'mean_selected_confidence': nan, 'mean_selected_density': nan, 'method': 'embedding_alignment_ssl', 'method_diagnostics': {'best_epoch': 39, 'best_val_loss': 1.064436912536621, 'embedding_variance': 0.011114884167909622, 'inter_prototype_distances': [0.6247119903564453, 0.7937355041503906, 0.5164914131164551, 0.3560432493686676, 0.40117347240448, 0.7015892267227173], 'intra_class_distances': [0.24085813760757446, 0.32355809211730957, 0.27444988489151, 0.23410776257514954], 'loss_weights': {'lambda_consistency': 0.1, 'lambda_margin': 0.2, 'lambda_pl': 0.5, 'lambda_proto': 0.5}, 'method_fidelity': 'novel_experimental', 'n_reliable_unlabeled_last': 2161, 'protocol': 'inductive', 'representation_collapse_suspect': False, 'uses_unlabeled_data': True}, 'method_fidelity': 'novel_experimental', 'metric_accuracy': 0.5661909595748492, 'metric_average_precision': None, 'metric_balanced_accuracy': 0.3662898535962037, 'metric_brier': 0.552516296137595, 'metric_ece': 0.0632876999061648, 'metric_log_loss': 0.9984615234454546, 'metric_macro_f1': 0.364504318262112, 'metric_nll': 0.9984615234454546, 'metric_roc_auc': 0.7094125381093077, 'min_labeled_per_class': 15, 'min_selected_confidence': nan, 'n_classes': 4, 'n_features_after_preprocessing': 54, 'n_features_before_preprocessing': 54, 'n_labeled': 500, 'n_pseudo_added_last_iter': nan, 'n_pseudo_added_total': nan, 'n_unlabeled': 66486, 'neural_method': nan, 'neural_validation_strategy': nan, 'pretrain_epochs_trained': nan, 'protocol': 'inductive', 'pseudo_label_class_distribution': nan, 'pseudo_label_fraction': nan, 'reference_family': nan, 'runtime_seconds': 4.155, 'seed': 1, 'self_training_iterations': nan, 'status': 'success', 'stopped_reason': nan, 'test_class_counts': '{0:337,1:5758,2:2947,3:7705}', 'test_size': 16747, 'timestamp_utc': '2026-07-29T15:01:43.668031+00:00', 'train_labeled_size': 400, 'train_pool_class_counts': '{0:1350,1:23032,2:11787,3:30817}', 'unlabeled_class_counts': '{0:1335,1:22862,2:11698,3:30591}', 'val_class_counts': '{0:3,1:34,2:18,3:45}', 'val_size': 100, 'validation_strategy': 'stratified_labeled_val'}",,True,
,,,,nogit:a6fc4d94b43f557a,,12.4,jannis,gpu,False,,,3f9236be15390304,,ssl-representation,"{'cuda_available': True, 'cuda_version': '12.4', 'env_name': None, 'env_prefix': '/private/ofirlin-lab/suissad4/envs/micromamba', 'gpu_count': 1, 'gpu_name': 'NVIDIA A100 80GB PCIe', 'hostname': 'dsiuriofir01', 'packages': {'catboost': '1.2.10', 'lightgbm': '4.7.0', 'numpy': '2.4.6', 'pandas': '3.0.3', 'scikit-learn': '1.9.0', 'tabicl': '2.1.1', 'tabpfn': '8.1.0', 'torch': '2.6.0+cu124', 'xgboost': None}, 'platform': 'Linux-5.14.0-687.15.1.el9_8.x86_64-x86_64-with-glibc2.34', 'python': '3.11.15 | packaged by conda-forge | (main, Jun 11 2026, 03:34:02) [GCC 14.3.0]', 'python_version': '3.11.15', 'torch_available': True, 'torch_version': '2.6.0+cu124'}",,,NVIDIA A100 80GB PCIe,dsiuriofir01,processed,,embedding_alignment_ssl,{},44136fa355b3678a,geometric_ssl,novel_experimental,0.35152564638442707,,0.30355312884233215,0.7077801889330538,0.026819531923527373,1.2930763281831887,0.2401910265395682,1.2930763281831887,0.6168966910202126,50,,True,,,,inductive,Confidence-weighted class-conditional embedding alignment,jannis__embedding_alignment_ssl__s1__n50__2ecf49437be141d3,4.5096,1,52,18895659,b9c1f48daae0a38670909bfcee77dc8488c635820805cd7f3886f35130ed7e69,v1_absolute_budget,success,True,2026-07-29T15:01:39.175762+00:00,"{'all_classes_present_in_labeled': True, 'best_epoch': 12, 'best_val_loss': 1.3770487308502197, 'dataset': 'jannis', 'dataset_id': 41168, 'epochs_trained': nan, 'error_message': None, 'final_train_loss': nan, 'finetune_epochs_trained': nan, 'graph_n_neighbors_used': nan, 'graph_n_rows': nan, 'graph_n_unlabeled_used': nan, 'graph_retry_count': nan, 'input_view': 'processed', 'labeled_class_counts': '{0:4,1:16,2:10,3:20}', 'labeled_classes_present': 4, 'max_labeled_per_class': 20, 'max_selected_confidence': nan, 'mean_selected_confidence': nan, 'mean_selected_density': nan, 'method': 'embedding_alignment_ssl', 'method_diagnostics': {'best_epoch': 12, 'best_val_loss': 1.3770487308502197, 'embedding_variance': 0.017419492825865746, 'inter_prototype_distances': [0.7341912388801575, 0.8072037100791931, 0.7924577593803406, 0.5601605772972107, 0.5765272974967957, 0.6630980968475342], 'intra_class_distances': [0.25783252716064453, 0.4018777012825012, 0.3437027037143707, 0.46066510677337646], 'loss_weights': {'lambda_consistency': 0.1, 'lambda_margin': 0.2, 'lambda_pl': 0.5, 'lambda_proto': 0.5}, 'method_fidelity': 'novel_experimental', 'n_reliable_unlabeled_last': 42, 'protocol': 'inductive', 'representation_collapse_suspect': False, 'uses_unlabeled_data': True}, 'method_fidelity': 'novel_experimental', 'metric_accuracy': 0.35152564638442707, 'metric_average_precision': None, 'metric_balanced_accuracy': 0.30355312884233215, 'metric_brier': 0.7077801889330538, 'metric_ece': 0.026819531923527373, 'metric_log_loss': 1.2930763281831887, 'metric_macro_f1': 0.2401910265395682, 'metric_nll': 1.2930763281831887, 'metric_roc_auc': 0.6168966910202126, 'min_labeled_per_class': 4, 'min_selected_confidence': nan, 'n_classes': 4, 'n_features_after_preprocessing': 54, 'n_features_before_preprocessing': 54, 'n_labeled': 50, 'n_pseudo_added_last_iter': nan, 'n_pseudo_added_total': nan, 'n_unlabeled': 66936, 'neural_method': nan, 'neural_validation_strategy': nan, 'pretrain_epochs_trained': nan, 'protocol': 'inductive', 'pseudo_label_class_distribution': nan, 'pseudo_label_fraction': nan, 'reference_family': nan, 'runtime_seconds': 4.5096, 'seed': 1, 'self_training_iterations': nan, 'status': 'success', 'stopped_reason': nan, 'test_class_counts': '{0:337,1:5758,2:2947,3:7705}', 'test_size': 16747, 'timestamp_utc': '2026-07-29T15:01:34.623166+00:00', 'train_labeled_size': 40, 'train_pool_class_counts': '{0:1350,1:23032,2:11787,3:30817}', 'unlabeled_class_counts': '{0:1346,1:23016,2:11777,3:30797}', 'val_class_counts': '{0:1,1:3,2:2,3:4}', 'val_size': 10, 'validation_strategy': 'stratified_labeled_val'}",,True,
,,,,nogit:a6fc4d94b43f557a,,12.4,jannis,gpu,False,,,3f9236be15390304,,ssl-representation,"{'cuda_available': True, 'cuda_version': '12.4', 'env_name': None, 'env_prefix': '/private/ofirlin-lab/suissad4/envs/micromamba', 'gpu_count': 1, 'gpu_name': 'NVIDIA A100 80GB PCIe', 'hostname': 'dsiuriofir01', 'packages': {'catboost': '1.2.10', 'lightgbm': '4.7.0', 'numpy': '2.4.6', 'pandas': '3.0.3', 'scikit-learn': '1.9.0', 'tabicl': '2.1.1', 'tabpfn': '8.1.0', 'torch': '2.6.0+cu124', 'xgboost': None}, 'platform': 'Linux-5.14.0-687.15.1.el9_8.x86_64-x86_64-with-glibc2.34', 'python': '3.11.15 | packaged by conda-forge | (main, Jun 11 2026, 03:34:02) [GCC 14.3.0]', 'python_version': '3.11.15', 'torch_available': True, 'torch_version': '2.6.0+cu124'}",,,NVIDIA A100 80GB PCIe,dsiuriofir01,processed,,embedding_alignment_ssl,{},44136fa355b3678a,geometric_ssl,novel_experimental,0.5359168806353377,,0.3683966418097893,0.5693867700854017,0.033091894435075445,1.0222131023980978,0.3523255715985527,1.0222131023980978,0.7210808911800664,100,,True,,,,inductive,Confidence-weighted class-conditional embedding alignment,jannis__embedding_alignment_ssl__s2__n100__0ffbb4a4c7ed6819,4.4407,2,57,18895664,b9c1f48daae0a38670909bfcee77dc8488c635820805cd7f3886f35130ed7e69,v1_absolute_budget,success,True,2026-07-29T15:01:56.945323+00:00,"{'all_classes_present_in_labeled': True, 'best_epoch': 39, 'best_val_loss': 1.1456358432769775, 'dataset': 'jannis', 'dataset_id': 41168, 'epochs_trained': nan, 'error_message': None, 'final_train_loss': nan, 'finetune_epochs_trained': nan, 'graph_n_neighbors_used': nan, 'graph_n_rows': nan, 'graph_n_unlabeled_used': nan, 'graph_retry_count': nan, 'input_view': 'processed', 'labeled_class_counts': '{0:7,1:32,2:19,3:42}', 'labeled_classes_present': 4, 'max_labeled_per_class': 42, 'max_selected_confidence': nan, 'mean_selected_confidence': nan, 'mean_selected_density': nan, 'method': 'embedding_alignment_ssl', 'method_diagnostics': {'best_epoch': 39, 'best_val_loss': 1.1456358432769775, 'embedding_variance': 0.017742633819580078, 'inter_prototype_distances': [0.6741976141929626, 1.1333932876586914, 1.061405897140503, 0.9069943428039551, 0.5970799326896667, 0.9906622767448425], 'intra_class_distances': [0.31631356477737427, 0.4117107391357422, 0.3863208591938019, 0.24204015731811523], 'loss_weights': {'lambda_consistency': 0.1, 'lambda_margin': 0.2, 'lambda_pl': 0.5, 'lambda_proto': 0.5}, 'method_fidelity': 'novel_experimental', 'n_reliable_unlabeled_last': 5231, 'protocol': 'inductive', 'representation_collapse_suspect': False, 'uses_unlabeled_data': True}, 'method_fidelity': 'novel_experimental', 'metric_accuracy': 0.5359168806353377, 'metric_average_precision': None, 'metric_balanced_accuracy': 0.3683966418097893, 'metric_brier': 0.5693867700854017, 'metric_ece': 0.033091894435075445, 'metric_log_loss': 1.0222131023980978, 'metric_macro_f1': 0.3523255715985527, 'metric_nll': 1.0222131023980978, 'metric_roc_auc': 0.7210808911800664, 'min_labeled_per_class': 7, 'min_selected_confidence': nan, 'n_classes': 4, 'n_features_after_preprocessing': 54, 'n_features_before_preprocessing': 54, 'n_labeled': 100, 'n_pseudo_added_last_iter': nan, 'n_pseudo_added_total': nan, 'n_unlabeled': 66886, 'neural_method': nan, 'neural_validation_strategy': nan, 'pretrain_epochs_trained': nan, 'protocol': 'inductive', 'pseudo_label_class_distribution': nan, 'pseudo_label_fraction': nan, 'reference_family': nan, 'runtime_seconds': 4.4407, 'seed': 2, 'self_training_iterations': nan, 'status': 'success', 'stopped_reason': nan, 'test_class_counts': '{0:337,1:5758,2:2947,3:7705}', 'test_size': 16747, 'timestamp_utc': '2026-07-29T15:01:52.467746+00:00', 'train_labeled_size': 80, 'train_pool_class_counts': '{0:1350,1:23032,2:11787,3:30817}', 'unlabeled_class_counts': '{0:1343,1:23000,2:11768,3:30775}', 'val_class_counts': '{0:2,1:6,2:4,3:8}', 'val_size': 20, 'validation_strategy': 'stratified_labeled_val'}",,True,
,,,,nogit:a6fc4d94b43f557a,,12.4,jannis,gpu,False,,,3f9236be15390304,,ssl-representation,"{'cuda_available': True, 'cuda_version': '12.4', 'env_name': None, 'env_prefix': '/private/ofirlin-lab/suissad4/envs/micromamba', 'gpu_count': 1, 'gpu_name': 'NVIDIA A100 80GB PCIe', 'hostname': 'dsiuriofir01', 'packages': {'catboost': '1.2.10', 'lightgbm': '4.7.0', 'numpy': '2.4.6', 'pandas': '3.0.3', 'scikit-learn': '1.9.0', 'tabicl': '2.1.1', 'tabpfn': '8.1.0', 'torch': '2.6.0+cu124', 'xgboost': None}, 'platform': 'Linux-5.14.0-687.15.1.el9_8.x86_64-x86_64-with-glibc2.34', 'python': '3.11.15 | packaged by conda-forge | (main, Jun 11 2026, 03:34:02) [GCC 14.3.0]', 'python_version': '3.11.15', 'torch_available': True, 'torch_version': '2.6.0+cu124'}",,,NVIDIA A100 80GB PCIe,dsiuriofir01,processed,,embedding_alignment_ssl,{},44136fa355b3678a,geometric_ssl,novel_experimental,0.5441571624768615,,0.36065190266364144,0.5603684222220393,0.04067356243915534,1.0006200462032009,0.3466653985362266,1.0006200462032009,0.7322401606224582,250,,True,,,,inductive,Confidence-weighted class-conditional embedding alignment,jannis__embedding_alignment_ssl__s2__n250__341c3490f14969f4,4.389,2,58,18895665,b9c1f48daae0a38670909bfcee77dc8488c635820805cd7f3886f35130ed7e69,v1_absolute_budget,success,True,2026-07-29T15:02:05.387592+00:00,"{'all_classes_present_in_labeled': True, 'best_epoch': 39, 'best_val_loss': 1.0453852415084839, 'dataset': 'jannis', 'dataset_id': 41168, 'epochs_trained': nan, 'error_message': None, 'final_train_loss': nan, 'finetune_epochs_trained': nan, 'graph_n_neighbors_used': nan, 'graph_n_rows': nan, 'graph_n_unlabeled_used': nan, 'graph_retry_count': nan, 'input_view': 'processed', 'labeled_class_counts': '{0:10,1:84,2:45,3:111}', 'labeled_classes_present': 4, 'max_labeled_per_class': 111, 'max_selected_confidence': nan, 'mean_selected_confidence': nan, 'mean_selected_density': nan, 'method': 'embedding_alignment_ssl', 'method_diagnostics': {'best_epoch': 39, 'best_val_loss': 1.0453852415084839, 'embedding_variance': 0.014156180433928967, 'inter_prototype_distances': [0.34943124651908875, 0.8464211821556091, 0.5226201415061951, 0.6610525846481323, 0.4473983645439148, 0.8987712264060974], 'intra_class_distances': [0.2984780967235565, 0.4071912467479706, 0.40315160155296326, 0.21857747435569763], 'loss_weights': {'lambda_consistency': 0.1, 'lambda_margin': 0.2, 'lambda_pl': 0.5, 'lambda_proto': 0.5}, 'method_fidelity': 'novel_experimental', 'n_reliable_unlabeled_last': 6843, 'protocol': 'inductive', 'representation_collapse_suspect': False, 'uses_unlabeled_data': True}, 'method_fidelity': 'novel_experimental', 'metric_accuracy': 0.5441571624768615, 'metric_average_precision': None, 'metric_balanced_accuracy': 0.36065190266364144, 'metric_brier': 0.5603684222220393, 'metric_ece': 0.04067356243915534, 'metric_log_loss': 1.0006200462032009, 'metric_macro_f1': 0.3466653985362266, 'metric_nll': 1.0006200462032009, 'metric_roc_auc': 0.7322401606224582, 'min_labeled_per_class': 10, 'min_selected_confidence': nan, 'n_classes': 4, 'n_features_after_preprocessing': 54, 'n_features_before_preprocessing': 54, 'n_labeled': 250, 'n_pseudo_added_last_iter': nan, 'n_pseudo_added_total': nan, 'n_unlabeled': 66736, 'neural_method': nan, 'neural_validation_strategy': nan, 'pretrain_epochs_trained': nan, 'protocol': 'inductive', 'pseudo_label_class_distribution': nan, 'pseudo_label_fraction': nan, 'reference_family': nan, 'runtime_seconds': 4.389, 'seed': 2, 'self_training_iterations': nan, 'status': 'success', 'stopped_reason': nan, 'test_class_counts': '{0:337,1:5758,2:2947,3:7705}', 'test_size': 16747, 'timestamp_utc': '2026-07-29T15:02:00.963294+00:00', 'train_labeled_size': 200, 'train_pool_class_counts': '{0:1350,1:23032,2:11787,3:30817}', 'unlabeled_class_counts': '{0:1340,1:22948,2:11742,3:30706}', 'val_class_counts': '{0:2,1:17,2:9,3:22}', 'val_size': 50, 'validation_strategy': 'stratified_labeled_val'}",,True,
,,,,nogit:a6fc4d94b43f557a,,12.4,jannis,gpu,False,,,3f9236be15390304,,ssl-representation,"{'cuda_available': True, 'cuda_version': '12.4', 'env_name': None, 'env_prefix': '/private/ofirlin-lab/suissad4/envs/micromamba', 'gpu_count': 1, 'gpu_name': 'NVIDIA A100 80GB PCIe', 'hostname': 'dsiuriofir01', 'packages': {'catboost': '1.2.10', 'lightgbm': '4.7.0', 'numpy': '2.4.6', 'pandas': '3.0.3', 'scikit-learn': '1.9.0', 'tabicl': '2.1.1', 'tabpfn': '8.1.0', 'torch': '2.6.0+cu124', 'xgboost': None}, 'platform': 'Linux-5.14.0-687.15.1.el9_8.x86_64-x86_64-with-glibc2.34', 'python': '3.11.15 | packaged by conda-forge | (main, Jun 11 2026, 03:34:02) [GCC 14.3.0]', 'python_version': '3.11.15', 'torch_available': True, 'torch_version': '2.6.0+cu124'}",,,NVIDIA A100 80GB PCIe,dsiuriofir01,processed,,embedding_alignment_ssl,{},44136fa355b3678a,geometric_ssl,novel_experimental,0.5369917000059712,,0.3346811992414261,0.5657263419430872,0.057127430933632053,1.005532868962475,0.32133806237005136,1.005532868962475,0.7252251088759538,500,,True,,,,inductive,Confidence-weighted class-conditional embedding alignment,jannis__embedding_alignment_ssl__s2__n500__bce3bfadcd7fa439,4.3711,2,59,18895666,b9c1f48daae0a38670909bfcee77dc8488c635820805cd7f3886f35130ed7e69,v1_absolute_budget,success,True,2026-07-29T15:02:05.375579+00:00,"{'all_classes_present_in_labeled': True, 'best_epoch': 39, 'best_val_loss': 1.092028021812439, 'dataset': 'jannis', 'dataset_id': 41168, 'epochs_trained': nan, 'error_message': None, 'final_train_loss': nan, 'finetune_epochs_trained': nan, 'graph_n_neighbors_used': nan, 'graph_n_rows': nan, 'graph_n_unlabeled_used': nan, 'graph_retry_count': nan, 'input_view': 'processed', 'labeled_class_counts': '{0:15,1:170,2:89,3:226}', 'labeled_classes_present': 4, 'max_labeled_per_class': 226, 'max_selected_confidence': nan, 'mean_selected_confidence': nan, 'mean_selected_density': nan, 'method': 'embedding_alignment_ssl', 'method_diagnostics': {'best_epoch': 39, 'best_val_loss': 1.092028021812439, 'embedding_variance': 0.012855296023190022, 'inter_prototype_distances': [0.4474506378173828, 0.43403521180152893, 0.7706139087677002, 0.42465129494667053, 0.41023650765419006, 0.7567940354347229], 'intra_class_distances': [0.3340332508087158, 0.4060803949832916, 0.3826213479042053, 0.22199827432632446], 'loss_weights': {'lambda_consistency': 0.1, 'lambda_margin': 0.2, 'lambda_pl': 0.5, 'lambda_proto': 0.5}, 'method_fidelity': 'novel_experimental', 'n_reliable_unlabeled_last': 8315, 'protocol': 'inductive', 'representation_collapse_suspect': False, 'uses_unlabeled_data': True}, 'method_fidelity': 'novel_experimental', 'metric_accuracy': 0.5369917000059712, 'metric_average_precision': None, 'metric_balanced_accuracy': 0.3346811992414261, 'metric_brier': 0.5657263419430872, 'metric_ece': 0.057127430933632053, 'metric_log_loss': 1.005532868962475, 'metric_macro_f1': 0.32133806237005136, 'metric_nll': 1.005532868962475, 'metric_roc_auc': 0.7252251088759538, 'min_labeled_per_class': 15, 'min_selected_confidence': nan, 'n_classes': 4, 'n_features_after_preprocessing': 54, 'n_features_before_preprocessing': 54, 'n_labeled': 500, 'n_pseudo_added_last_iter': nan, 'n_pseudo_added_total': nan, 'n_unlabeled': 66486, 'neural_method': nan, 'neural_validation_strategy': nan, 'pretrain_epochs_trained': nan, 'protocol': 'inductive', 'pseudo_label_class_distribution': nan, 'pseudo_label_fraction': nan, 'reference_family': nan, 'runtime_seconds': 4.3711, 'seed': 2, 'self_training_iterations': nan, 'status': 'success', 'stopped_reason': nan, 'test_class_counts': '{0:337,1:5758,2:2947,3:7705}', 'test_size': 16747, 'timestamp_utc': '2026-07-29T15:02:00.965937+00:00', 'train_labeled_size': 400, 'train_pool_class_counts': '{0:1350,1:23032,2:11787,3:30817}', 'unlabeled_class_counts': '{0:1335,1:22862,2:11698,3:30591}', 'val_class_counts': '{0:3,1:34,2:18,3:45}', 'val_size': 100, 'validation_strategy': 'stratified_labeled_val'}",,True,
,,,,nogit:a6fc4d94b43f557a,,12.4,jannis,gpu,False,,,3f9236be15390304,,ssl-representation,"{'cuda_available': True, 'cuda_version': '12.4', 'env_name': None, 'env_prefix': '/private/ofirlin-lab/suissad4/envs/micromamba', 'gpu_count': 1, 'gpu_name': 'NVIDIA A100 80GB PCIe', 'hostname': 'dsiuriofir01', 'packages': {'catboost': '1.2.10', 'lightgbm': '4.7.0', 'numpy': '2.4.6', 'pandas': '3.0.3', 'scikit-learn': '1.9.0', 'tabicl': '2.1.1', 'tabpfn': '8.1.0', 'torch': '2.6.0+cu124', 'xgboost': None}, 'platform': 'Linux-5.14.0-687.15.1.el9_8.x86_64-x86_64-with-glibc2.34', 'python': '3.11.15 | packaged by conda-forge | (main, Jun 11 2026, 03:34:02) [GCC 14.3.0]', 'python_version': '3.11.15', 'torch_available': True, 'torch_version': '2.6.0+cu124'}",,,NVIDIA A100 80GB PCIe,dsiuriofir01,processed,,embedding_alignment_ssl,{},44136fa355b3678a,geometric_ssl,novel_experimental,0.48014569773690813,,0.32482499147582,0.6274779589386411,0.06470096379272407,1.117517368486485,0.32558231175691854,1.117517368486485,0.652332092360989,50,,True,,,,inductive,Confidence-weighted class-conditional embedding alignment,jannis__embedding_alignment_ssl__s2__n50__599825de54b86fd2,4.2114,2,56,18895663,b9c1f48daae0a38670909bfcee77dc8488c635820805cd7f3886f35130ed7e69,v1_absolute_budget,success,True,2026-07-29T15:01:56.728180+00:00,"{'all_classes_present_in_labeled': True, 'best_epoch': 28, 'best_val_loss': 1.1038402318954468, 'dataset': 'jannis', 'dataset_id': 41168, 'epochs_trained': nan, 'error_message': None, 'final_train_loss': nan, 'finetune_epochs_trained': nan, 'graph_n_neighbors_used': nan, 'graph_n_rows': nan, 'graph_n_unlabeled_used': nan, 'graph_retry_count': nan, 'input_view': 'processed', 'labeled_class_counts': '{0:4,1:16,2:10,3:20}', 'labeled_classes_present': 4, 'max_labeled_per_class': 20, 'max_selected_confidence': nan, 'mean_selected_confidence': nan, 'mean_selected_density': nan, 'method': 'embedding_alignment_ssl', 'method_diagnostics': {'best_epoch': 28, 'best_val_loss': 1.1038402318954468, 'embedding_variance': 0.020451543852686882, 'inter_prototype_distances': [0.9808182120323181, 1.2040568590164185, 0.8493930101394653, 1.1124910116195679, 0.7260618209838867, 1.0636109113693237], 'intra_class_distances': [0.29027920961380005, 0.315787672996521, 0.30560871958732605, 0.3656148314476013], 'loss_weights': {'lambda_consistency': 0.1, 'lambda_margin': 0.2, 'lambda_pl': 0.5, 'lambda_proto': 0.5}, 'method_fidelity': 'novel_experimental', 'n_reliable_unlabeled_last': 316, 'protocol': 'inductive', 'representation_collapse_suspect': False, 'uses_unlabeled_data': True}, 'method_fidelity': 'novel_experimental', 'metric_accuracy': 0.48014569773690813, 'metric_average_precision': None, 'metric_balanced_accuracy': 0.32482499147582, 'metric_brier': 0.6274779589386411, 'metric_ece': 0.06470096379272407, 'metric_log_loss': 1.117517368486485, 'metric_macro_f1': 0.32558231175691854, 'metric_nll': 1.117517368486485, 'metric_roc_auc': 0.652332092360989, 'min_labeled_per_class': 4, 'min_selected_confidence': nan, 'n_classes': 4, 'n_features_after_preprocessing': 54, 'n_features_before_preprocessing': 54, 'n_labeled': 50, 'n_pseudo_added_last_iter': nan, 'n_pseudo_added_total': nan, 'n_unlabeled': 66936, 'neural_method': nan, 'neural_validation_strategy': nan, 'pretrain_epochs_trained': nan, 'protocol': 'inductive', 'pseudo_label_class_distribution': nan, 'pseudo_label_fraction': nan, 'reference_family': nan, 'runtime_seconds': 4.2114, 'seed': 2, 'self_training_iterations': nan, 'status': 'success', 'stopped_reason': nan, 'test_class_counts': '{0:337,1:5758,2:2947,3:7705}', 'test_size': 16747, 'timestamp_utc': '2026-07-29T15:01:52.476850+00:00', 'train_labeled_size': 40, 'train_pool_class_counts': '{0:1350,1:23032,2:11787,3:30817}', 'unlabeled_class_counts': '{0:1346,1:23016,2:11777,3:30797}', 'val_class_counts': '{0:1,1:3,2:2,3:4}', 'val_size': 10, 'validation_strategy': 'stratified_labeled_val'}",,True,
,,,,nogit:a6fc4d94b43f557a,,12.4,jannis,gpu,False,,,3f9236be15390304,,ssl-representation,"{'cuda_available': True, 'cuda_version': '12.4', 'env_name': None, 'env_prefix': '/private/ofirlin-lab/suissad4/envs/micromamba', 'gpu_count': 1, 'gpu_name': 'NVIDIA A100 80GB PCIe', 'hostname': 'dsiuriofir01', 'packages': {'catboost': '1.2.10', 'lightgbm': '4.7.0', 'numpy': '2.4.6', 'pandas': '3.0.3', 'scikit-learn': '1.9.0', 'tabicl': '2.1.1', 'tabpfn': '8.1.0', 'torch': '2.6.0+cu124', 'xgboost': None}, 'platform': 'Linux-5.14.0-687.15.1.el9_8.x86_64-x86_64-with-glibc2.34', 'python': '3.11.15 | packaged by conda-forge | (main, Jun 11 2026, 03:34:02) [GCC 14.3.0]', 'python_version': '3.11.15', 'torch_available': True, 'torch_version': '2.6.0+cu124'}",,,NVIDIA A100 80GB PCIe,dsiuriofir01,processed,,geometric_attention_ssl,{'max_epochs': 20},f91f182ea85952e6,geometric_ssl,novel_experimental,0.5395593240580402,,0.3358759215235119,0.5680731888389591,0.02898505868186485,1.0081387025122421,0.29887708998806484,1.0081387025122421,0.7048888982383803,100,,True,,,,inductive,Combined geometric-attention SSL,jannis__geometric_attention_ssl__s0__n100__6836e92b9b5ac143,15.3027,0,61,18895668,b9c1f48daae0a38670909bfcee77dc8488c635820805cd7f3886f35130ed7e69,v1_absolute_budget,success,True,2026-07-29T15:02:25.041272+00:00,"{'all_classes_present_in_labeled': True, 'best_epoch': 20, 'best_val_loss': 0.9402718544006348, 'dataset': 'jannis', 'dataset_id': 41168, 'epochs_trained': 20, 'error_message': None, 'final_train_loss': nan, 'finetune_epochs_trained': nan, 'graph_n_neighbors_used': nan, 'graph_n_rows': nan, 'graph_n_unlabeled_used': nan, 'graph_retry_count': nan, 'input_view': 'processed', 'labeled_class_counts': '{0:7,1:32,2:19,3:42}', 'labeled_classes_present': 4, 'max_labeled_per_class': 42, 'max_selected_confidence': nan, 'mean_selected_confidence': nan, 'mean_selected_density': nan, 'method': 'geometric_attention_ssl', 'method_diagnostics': {'attention_entropy': 1.9989790320396423, 'attention_k': 8, 'attention_labeled_fraction': 0.5, 'attention_memory': 'labeled_plus_unlabeled', 'best_epoch': 20, 'best_val_loss': 0.9402718544006348, 'collapse_diagnostics': {'constant_prediction_suspect': False, 'effective_embedding_rank': 32, 'embedding_variance_mean': 0.07770241796970367, 'max_pred_class_fraction': 0.5555356449541559, 'pred_class_fraction': [0.0, 0.5555356449541559, 0.0, 0.44446435504584414], 'representation_collapse_suspect': False}, 'component_flags': {'use_consistency': True, 'use_laplacian': True, 'use_margin': True, 'use_prototype': True, 'use_pseudo': True, 'use_retrieval': True}, 'epochs_trained': 20, 'graph_affinity_mean': 0.4097708882505013, 'graph_affinity_std': 0.031825040494911326, 'graph_backend': 'sklearn', 'graph_build_time_seconds': 6.547611468937248, 'graph_k': 10, 'graph_metric': 'euclidean', 'graph_mutual': True, 'graph_n_connected_components': 11723, 'graph_n_edges': 104145, 'graph_n_isolated_nodes': 10328, 'graph_n_nodes': 66966, 'labeled_attention_mass': 0.538774311542511, 'loss_components': {'consistency': 0.004224888049066067, 'gradient_norm': 1.4380767408024557, 'lap': 0.011479499284178019, 'margin': 0.25586235523223877, 'pl': 0.0072376662865281105, 'proto': 0.681291401386261, 'ramp': 1.0, 'retrieval_strength': 1.0, 'sup': 1.0332467257976532, 'weighted_consistency': 0.0004224888049066067, 'weighted_lap': 0.0034438497852534054, 'weighted_margin': 0.02558623552322388, 'weighted_pl': 0.002171299885958433, 'weighted_proto': 0.2043874204158783}, 'loss_history_tail': [{'consistency': 0.0020838750060647726, 'gradient_norm': 0.6335592821934765, 'lap': 0.005535383941605687, 'margin': 0.3558877408504486, 'pl': 0.0, 'proto': 0.0, 'ramp': 1.0, 'retrieval_strength': 1.0, 'sup': 0.9879172444343567, 'weighted_consistency': 0.00020838750060647726, 'weighted_lap': 0.001660615182481706, 'weighted_margin': 0.035588774085044864, 'weighted_pl': 0.0, 'weighted_proto': 0.0}, {'consistency': 0.0015102073084563017, 'gradient_norm': 0.6527727829315486, 'lap': 0.0068006147630512714, 'margin': 0.31390540301799774, 'pl': 0.0, 'proto': 0.0, 'ramp': 1.0, 'retrieval_strength': 1.0, 'sup': 1.1038446426391602, 'weighted_consistency': 0.0001510207308456302, 'weighted_lap': 0.0020401844289153815, 'weighted_margin': 0.031390540301799774, 'weighted_pl': 0.0, 'weighted_proto': 0.0}, {'consistency': 0.0028858055593445897, 'gradient_norm': 0.6156381841170742, 'lap': 0.008242123760282993, 'margin': 0.30112752318382263, 'pl': 0.0, 'proto': 0.0, 'ramp': 1.0, 'retrieval_strength': 1.0, 'sup': 0.9292036890983582, 'weighted_consistency': 0.000288580555934459, 'weighted_lap': 0.002472637128084898, 'weighted_margin': 0.030112752318382265, 'weighted_pl': 0.0, 'weighted_proto': 0.0}, {'consistency': 0.0033932076767086983, 'gradient_norm': 0.5253558887283845, 'lap': 0.00977356918156147, 'margin': 0.2756976932287216, 'pl': 0.0, 'proto': 0.0, 'ramp': 1.0, 'retrieval_strength': 1.0, 'sup': 0.990226686000824, 'weighted_consistency': 0.00033932076767086985, 'weighted_lap': 0.002932070754468441, 'weighted_margin': 0.027569769322872164, 'weighted_pl': 0.0, 'weighted_proto': 0.0}, {'consistency': 0.004224888049066067, 'gradient_norm': 1.4380767408024557, 'lap': 0.011479499284178019, 'margin': 0.25586235523223877, 'pl': 0.0072376662865281105, 'proto': 0.681291401386261, 'ramp': 1.0, 'retrieval_strength': 1.0, 'sup': 1.0332467257976532, 'weighted_consistency': 0.0004224888049066067, 'weighted_lap': 0.0034438497852534054, 'weighted_margin': 0.02558623552322388, 'weighted_pl': 0.002171299885958433, 'weighted_proto': 0.2043874204158783}], 'method': 'geometric_attention_ssl', 'method_fidelity': 'reimplementation', 'n_labeled': 80, 'n_unlabeled': 66886, 'neural_validation_strategy': 'external_val', 'no_val_test_in_memory': True, 'protocol': 'inductive', 'reference_family': 'Geometric attention SSL', 'selected_retrieval_strength': 1.0, 'unlabeled_attention_mass': 0.45549720525741577, 'uses_unlabeled_data': True}, 'method_fidelity': 'reimplementation', 'metric_accuracy': 0.5395593240580402, 'metric_average_precision': None, 'metric_balanced_accuracy': 0.3358759215235119, 'metric_brier': 0.5680731888389591, 'metric_ece': 0.02898505868186485, 'metric_log_loss': 1.0081387025122421, 'metric_macro_f1': 0.29887708998806484, 'metric_nll': 1.0081387025122421, 'metric_roc_auc': 0.7048888982383803, 'min_labeled_per_class': 7, 'min_selected_confidence': nan, 'n_classes': 4, 'n_features_after_preprocessing': 54, 'n_features_before_preprocessing': 54, 'n_labeled': 100, 'n_pseudo_added_last_iter': nan, 'n_pseudo_added_total': nan, 'n_unlabeled': 66886, 'neural_method': nan, 'neural_validation_strategy': 'external_val', 'pretrain_epochs_trained': nan, 'protocol': 'inductive', 'pseudo_label_class_distribution': nan, 'pseudo_label_fraction': nan, 'reference_family': 'Geometric attention SSL', 'runtime_seconds': 15.3027, 'seed': 0, 'self_training_iterations': nan, 'status': 'success', 'stopped_reason': nan, 'test_class_counts': '{0:337,1:5758,2:2947,3:7705}', 'test_size': 16747, 'timestamp_utc': '2026-07-29T15:02:09.718551+00:00', 'train_labeled_size': 80, 'train_pool_class_counts': '{0:1350,1:23032,2:11787,3:30817}', 'unlabeled_class_counts': '{0:1343,1:23000,2:11768,3:30775}', 'val_class_counts': '{0:2,1:6,2:4,3:8}', 'val_size': 20, 'validation_strategy': 'stratified_labeled_val'}",,True,
,,,,nogit:a6fc4d94b43f557a,,12.4,jannis,gpu,False,,,3f9236be15390304,,ssl-representation,"{'cuda_available': True, 'cuda_version': '12.4', 'env_name': None, 'env_prefix': '/private/ofirlin-lab/suissad4/envs/micromamba', 'gpu_count': 1, 'gpu_name': 'NVIDIA A100 80GB PCIe', 'hostname': 'dsiuriofir01', 'packages': {'catboost': '1.2.10', 'lightgbm': '4.7.0', 'numpy': '2.4.6', 'pandas': '3.0.3', 'scikit-learn': '1.9.0', 'tabicl': '2.1.1', 'tabpfn': '8.1.0', 'torch': '2.6.0+cu124', 'xgboost': None}, 'platform': 'Linux-5.14.0-687.15.1.el9_8.x86_64-x86_64-with-glibc2.34', 'python': '3.11.15 | packaged by conda-forge | (main, Jun 11 2026, 03:34:02) [GCC 14.3.0]', 'python_version': '3.11.15', 'torch_available': True, 'torch_version': '2.6.0+cu124'}",,,NVIDIA A100 80GB PCIe,dsiuriofir01,processed,,geometric_attention_ssl,{'max_epochs': 20},f91f182ea85952e6,geometric_ssl,novel_experimental,0.5670866423837105,,0.3616286870712853,0.54085028937643,0.03071657049712762,0.9590457986000254,0.3498987887384759,0.9590457986000254,0.7306977840094636,250,,True,,,,inductive,Combined geometric-attention SSL,jannis__geometric_attention_ssl__s0__n250__bad349ab018bee54,17.3786,0,62,18895669,b9c1f48daae0a38670909bfcee77dc8488c635820805cd7f3886f35130ed7e69,v1_absolute_budget,success,True,2026-07-29T15:02:45.777467+00:00,"{'all_classes_present_in_labeled': True, 'best_epoch': 17, 'best_val_loss': 0.9826328158378601, 'dataset': 'jannis', 'dataset_id': 41168, 'epochs_trained': 20, 'error_message': None, 'final_train_loss': nan, 'finetune_epochs_trained': nan, 'graph_n_neighbors_used': nan, 'graph_n_rows': nan, 'graph_n_unlabeled_used': nan, 'graph_retry_count': nan, 'input_view': 'processed', 'labeled_class_counts': '{0:10,1:84,2:45,3:111}', 'labeled_classes_present': 4, 'max_labeled_per_class': 111, 'max_selected_confidence': nan, 'mean_selected_confidence': nan, 'mean_selected_density': nan, 'method': 'geometric_attention_ssl', 'method_diagnostics': {'attention_entropy': 2.00123730301857, 'attention_k': 8, 'attention_labeled_fraction': 0.5, 'attention_memory': 'labeled_plus_unlabeled', 'best_epoch': 17, 'best_val_loss': 0.9826328158378601, 'collapse_diagnostics': {'constant_prediction_suspect': False, 'effective_embedding_rank': 32, 'embedding_variance_mean': 0.10810050368309021, 'max_pred_class_fraction': 0.5123550854547627, 'pred_class_fraction': [0.0, 0.4539709573323772, 0.033673957212860046, 0.5123550854547627], 'representation_collapse_suspect': False}, 'component_flags': {'use_consistency': True, 'use_laplacian': True, 'use_margin': True, 'use_prototype': True, 'use_pseudo': True, 'use_retrieval': True}, 'epochs_trained': 20, 'graph_affinity_mean': 0.4097913866056655, 'graph_affinity_std': 0.03183514133404377, 'graph_backend': 'sklearn', 'graph_build_time_seconds': 6.542308199685067, 'graph_k': 10, 'graph_metric': 'euclidean', 'graph_mutual': True, 'graph_n_connected_components': 11733, 'graph_n_edges': 104045, 'graph_n_isolated_nodes': 10332, 'graph_n_nodes': 66936, 'labeled_attention_mass': 0.5786841213703156, 'loss_components': {'consistency': 0.011420519789680839, 'gradient_norm': 0.5957366170375142, 'lap': 0.02590986480936408, 'margin': 0.057484643533825874, 'pl': 0.04185764770954847, 'proto': 0.02406993880867958, 'ramp': 1.0, 'retrieval_strength': 1.0, 'sup': 0.7474736720323563, 'weighted_consistency': 0.001142051978968084, 'weighted_lap': 0.007772959442809224, 'weighted_margin': 0.005748464353382588, 'weighted_pl': 0.012557294312864542, 'weighted_proto': 0.007220981642603874}, 'loss_history_tail': [{'consistency': 0.00858807354234159, 'gradient_norm': 0.8303334976825549, 'lap': 0.017285756301134825, 'margin': 0.1348375901579857, 'pl': 0.07700436841696501, 'proto': 0.09728160873055458, 'ramp': 1.0, 'retrieval_strength': 1.0, 'sup': 0.9897541850805283, 'weighted_consistency': 0.000858807354234159, 'weighted_lap': 0.005185726890340447, 'weighted_margin': 0.013483759015798569, 'weighted_pl': 0.023101310525089503, 'weighted_proto': 0.029184482619166372}, {'consistency': 0.012115033576264977, 'gradient_norm': 0.5499497885178608, 'lap': 0.01876159757375717, 'margin': 0.1341322585940361, 'pl': 0.0576832527294755, 'proto': 0.05945812352001667, 'ramp': 1.0, 'retrieval_strength': 1.0, 'sup': 0.8496401458978653, 'weighted_consistency': 0.001211503357626498, 'weighted_lap': 0.005628479272127151, 'weighted_margin': 0.013413225859403612, 'weighted_pl': 0.01730497581884265, 'weighted_proto': 0.017837437056005}, {'consistency': 0.008923475397750735, 'gradient_norm': 0.8189218114967807, 'lap': 0.020439103711396456, 'margin': 0.1015606950968504, 'pl': 0.058978836983442307, 'proto': 0.05223469156771898, 'ramp': 1.0, 'retrieval_strength': 1.0, 'sup': 0.8558219522237778, 'weighted_consistency': 0.0008923475397750735, 'weighted_lap': 0.006131731113418936, 'weighted_margin': 0.010156069509685041, 'weighted_pl': 0.01769365109503269, 'weighted_proto': 0.015670407470315693}, {'consistency': 0.010093815624713898, 'gradient_norm': 0.9050696094326776, 'lap': 0.022968412842601538, 'margin': 0.07249350473284721, 'pl': 0.07938160374760628, 'proto': 0.02484504273161292, 'ramp': 1.0, 'retrieval_strength': 1.0, 'sup': 0.837134376168251, 'weighted_consistency': 0.0010093815624713897, 'weighted_lap': 0.006890523852780461, 'weighted_margin': 0.007249350473284722, 'weighted_pl': 0.023814481124281882, 'weighted_proto': 0.0074535128194838755}, {'consistency': 0.011420519789680839, 'gradient_norm': 0.5957366170375142, 'lap': 0.02590986480936408, 'margin': 0.057484643533825874, 'pl': 0.04185764770954847, 'proto': 0.02406993880867958, 'ramp': 1.0, 'retrieval_strength': 1.0, 'sup': 0.7474736720323563, 'weighted_consistency': 0.001142051978968084, 'weighted_lap': 0.007772959442809224, 'weighted_margin': 0.005748464353382588, 'weighted_pl': 0.012557294312864542, 'weighted_proto': 0.007220981642603874}], 'method': 'geometric_attention_ssl', 'method_fidelity': 'reimplementation', 'n_labeled': 200, 'n_unlabeled': 66736, 'neural_validation_strategy': 'external_val', 'no_val_test_in_memory': True, 'protocol': 'inductive', 'reference_family': 'Geometric attention SSL', 'selected_retrieval_strength': 1.0, 'unlabeled_attention_mass': 0.4240300729870796, 'uses_unlabeled_data': True}, 'method_fidelity': 'reimplementation', 'metric_accuracy': 0.5670866423837105, 'metric_average_precision': None, 'metric_balanced_accuracy': 0.3616286870712853, 'metric_brier': 0.54085028937643, 'metric_ece': 0.03071657049712762, 'metric_log_loss': 0.9590457986000254, 'metric_macro_f1': 0.3498987887384759, 'metric_nll': 0.9590457986000254, 'metric_roc_auc': 0.7306977840094636, 'min_labeled_per_class': 10, 'min_selected_confidence': nan, 'n_classes': 4, 'n_features_after_preprocessing': 54, 'n_features_before_preprocessing': 54, 'n_labeled': 250, 'n_pseudo_added_last_iter': nan, 'n_pseudo_added_total': nan, 'n_unlabeled': 66736, 'neural_method': nan, 'neural_validation_strategy': 'external_val', 'pretrain_epochs_trained': nan, 'protocol': 'inductive', 'pseudo_label_class_distribution': nan, 'pseudo_label_fraction': nan, 'reference_family': 'Geometric attention SSL', 'runtime_seconds': 17.3786, 'seed': 0, 'self_training_iterations': nan, 'status': 'success', 'stopped_reason': nan, 'test_class_counts': '{0:337,1:5758,2:2947,3:7705}', 'test_size': 16747, 'timestamp_utc': '2026-07-29T15:02:28.376702+00:00', 'train_labeled_size': 200, 'train_pool_class_counts': '{0:1350,1:23032,2:11787,3:30817}', 'unlabeled_class_counts': '{0:1340,1:22948,2:11742,3:30706}', 'val_class_counts': '{0:2,1:17,2:9,3:22}', 'val_size': 50, 'validation_strategy': 'stratified_labeled_val'}",,True,
,,,,nogit:a6fc4d94b43f557a,,12.4,jannis,gpu,False,,,3f9236be15390304,,ssl-representation,"{'cuda_available': True, 'cuda_version': '12.4', 'env_name': None, 'env_prefix': '/private/ofirlin-lab/suissad4/envs/micromamba', 'gpu_count': 1, 'gpu_name': 'NVIDIA A100 80GB PCIe', 'hostname': 'dsiuriofir01', 'packages': {'catboost': '1.2.10', 'lightgbm': '4.7.0', 'numpy': '2.4.6', 'pandas': '3.0.3', 'scikit-learn': '1.9.0', 'tabicl': '2.1.1', 'tabpfn': '8.1.0', 'torch': '2.6.0+cu124', 'xgboost': None}, 'platform': 'Linux-5.14.0-687.15.1.el9_8.x86_64-x86_64-with-glibc2.34', 'python': '3.11.15 | packaged by conda-forge | (main, Jun 11 2026, 03:34:02) [GCC 14.3.0]', 'python_version': '3.11.15', 'torch_available': True, 'torch_version': '2.6.0+cu124'}",,,NVIDIA A100 80GB PCIe,dsiuriofir01,processed,,geometric_attention_ssl,{'max_epochs': 20},f91f182ea85952e6,geometric_ssl,novel_experimental,0.5925240341553711,,0.38613731110358074,0.5212611039066738,0.04813586635177226,0.9172248709796567,0.3841213484137725,0.9172248709796567,0.7520297414412237,500,,True,,,,inductive,Combined geometric-attention SSL,jannis__geometric_attention_ssl__s0__n500__8184878c40c8e840,20.202,0,63,18895670,b9c1f48daae0a38670909bfcee77dc8488c635820805cd7f3886f35130ed7e69,v1_absolute_budget,success,True,2026-07-29T15:02:49.075589+00:00,"{'all_classes_present_in_labeled': True, 'best_epoch': 14, 'best_val_loss': 0.8975996971130371, 'dataset': 'jannis', 'dataset_id': 41168, 'epochs_trained': 19, 'error_message': None, 'final_train_loss': nan, 'finetune_epochs_trained': nan, 'graph_n_neighbors_used': nan, 'graph_n_rows': nan, 'graph_n_unlabeled_used': nan, 'graph_retry_count': nan, 'input_view': 'processed', 'labeled_class_counts': '{0:15,1:170,2:89,3:226}', 'labeled_classes_present': 4, 'max_labeled_per_class': 226, 'max_selected_confidence': nan, 'mean_selected_confidence': nan, 'mean_selected_density': nan, 'method': 'geometric_attention_ssl', 'method_diagnostics': {'attention_entropy': 1.9696316037859236, 'attention_k': 8, 'attention_labeled_fraction': 0.5, 'attention_memory': 'labeled_plus_unlabeled', 'best_epoch': 14, 'best_val_loss': 0.8975996971130371, 'collapse_diagnostics': {'constant_prediction_suspect': False, 'effective_embedding_rank': 32, 'embedding_variance_mean': 0.16171497106552124, 'max_pred_class_fraction': 0.5596836408216966, 'pred_class_fraction': [0.0, 0.3737403941033998, 0.06657596507490357, 0.5596836408216966], 'representation_collapse_suspect': False}, 'component_flags': {'use_consistency': True, 'use_laplacian': True, 'use_margin': True, 'use_prototype': True, 'use_pseudo': True, 'use_retrieval': True}, 'epochs_trained': 19, 'graph_affinity_mean': 0.4097846595583627, 'graph_affinity_std': 0.031820832098469976, 'graph_backend': 'sklearn', 'graph_build_time_seconds': 6.560394203290343, 'graph_k': 10, 'graph_metric': 'euclidean', 'graph_mutual': True, 'graph_n_connected_components': 11717, 'graph_n_edges': 104009, 'graph_n_isolated_nodes': 10327, 'graph_n_nodes': 66886, 'labeled_attention_mass': 0.5673794405800956, 'loss_components': {'consistency': 0.03219144259180341, 'gradient_norm': 1.108890939930627, 'lap': 0.042637284845113754, 'margin': 0.012971680012664624, 'pl': 0.06890192308596202, 'proto': 0.04831899356629167, 'ramp': 1.0, 'retrieval_strength': 1.0, 'sup': 0.6581087453024728, 'weighted_consistency': 0.0032191442591803414, 'weighted_lap': 0.012791185453534125, 'weighted_margin': 0.0012971680012664624, 'weighted_pl': 0.020670576925788605, 'weighted_proto': 0.0144956980698875}, 'loss_history_tail': [{'consistency': 0.0205757613959057, 'gradient_norm': 0.6249643720412946, 'lap': 0.03407686576247215, 'margin': 0.03291601634451321, 'pl': 0.0923025490982192, 'proto': 0.03496845878128495, 'ramp': 1.0, 'retrieval_strength': 1.0, 'sup': 0.7528682095663888, 'weighted_consistency': 0.0020575761395905698, 'weighted_lap': 0.010223059728741645, 'weighted_margin': 0.0032916016344513212, 'weighted_pl': 0.02769076472946576, 'weighted_proto': 0.010490537634385485}, {'consistency': 0.02394123880990914, 'gradient_norm': 0.7322175266236579, 'lap': 0.03652832710317203, 'margin': 0.01977003911244018, 'pl': 0.0596073219286544, 'proto': 0.05011953626360212, 'ramp': 1.0, 'retrieval_strength': 1.0, 'sup': 0.7227363841874259, 'weighted_consistency': 0.002394123880990914, 'weighted_lap': 0.01095849813095161, 'weighted_margin': 0.001977003911244018, 'weighted_pl': 0.01788219657859632, 'weighted_proto': 0.015035860879080635}, {'consistency': 0.024627655345414366, 'gradient_norm': 0.9073071865628847, 'lap': 0.03825200083000319, 'margin': 0.016536387614905834, 'pl': 0.07233594091875213, 'proto': 0.03699820435472897, 'ramp': 1.0, 'retrieval_strength': 1.0, 'sup': 0.7251438924244472, 'weighted_consistency': 0.0024627655345414367, 'weighted_lap': 0.011475600249000958, 'weighted_margin': 0.0016536387614905835, 'weighted_pl': 0.02170078227562564, 'weighted_proto': 0.01109946130641869}, {'consistency': 0.027405069608773504, 'gradient_norm': 0.8951287754384458, 'lap': 0.03944489945258413, 'margin': 0.01608668147985424, 'pl': 0.0765180162021092, 'proto': 0.042623741286141534, 'ramp': 1.0, 'retrieval_strength': 1.0, 'sup': 0.6802349856921605, 'weighted_consistency': 0.0027405069608773505, 'weighted_lap': 0.011833469835775238, 'weighted_margin': 0.0016086681479854242, 'weighted_pl': 0.022955404860632758, 'weighted_proto': 0.01278712238584246}, {'consistency': 0.03219144259180341, 'gradient_norm': 1.108890939930627, 'lap': 0.042637284845113754, 'margin': 0.012971680012664624, 'pl': 0.06890192308596202, 'proto': 0.04831899356629167, 'ramp': 1.0, 'retrieval_strength': 1.0, 'sup': 0.6581087453024728, 'weighted_consistency': 0.0032191442591803414, 'weighted_lap': 0.012791185453534125, 'weighted_margin': 0.0012971680012664624, 'weighted_pl': 0.020670576925788605, 'weighted_proto': 0.0144956980698875}], 'method': 'geometric_attention_ssl', 'method_fidelity': 'reimplementation', 'n_labeled': 400, 'n_unlabeled': 66486, 'neural_validation_strategy': 'external_val', 'no_val_test_in_memory': True, 'protocol': 'inductive', 'reference_family': 'Geometric attention SSL', 'selected_retrieval_strength': 1.0, 'unlabeled_attention_mass': 0.42287821003368925, 'uses_unlabeled_data': True}, 'method_fidelity': 'reimplementation', 'metric_accuracy': 0.5925240341553711, 'metric_average_precision': None, 'metric_balanced_accuracy': 0.38613731110358074, 'metric_brier': 0.5212611039066738, 'metric_ece': 0.04813586635177226, 'metric_log_loss': 0.9172248709796567, 'metric_macro_f1': 0.3841213484137725, 'metric_nll': 0.9172248709796567, 'metric_roc_auc': 0.7520297414412237, 'min_labeled_per_class': 15, 'min_selected_confidence': nan, 'n_classes': 4, 'n_features_after_preprocessing': 54, 'n_features_before_preprocessing': 54, 'n_labeled': 500, 'n_pseudo_added_last_iter': nan, 'n_pseudo_added_total': nan, 'n_unlabeled': 66486, 'neural_method': nan, 'neural_validation_strategy': 'external_val', 'pretrain_epochs_trained': nan, 'protocol': 'inductive', 'pseudo_label_class_distribution': nan, 'pseudo_label_fraction': nan, 'reference_family': 'Geometric attention SSL', 'runtime_seconds': 20.202, 'seed': 0, 'self_training_iterations': nan, 'status': 'success', 'stopped_reason': nan, 'test_class_counts': '{0:337,1:5758,2:2947,3:7705}', 'test_size': 16747, 'timestamp_utc': '2026-07-29T15:02:28.852314+00:00', 'train_labeled_size': 400, 'train_pool_class_counts': '{0:1350,1:23032,2:11787,3:30817}', 'unlabeled_class_counts': '{0:1335,1:22862,2:11698,3:30591}', 'val_class_counts': '{0:3,1:34,2:18,3:45}', 'val_size': 100, 'validation_strategy': 'stratified_labeled_val'}",,True,
,,,,nogit:a6fc4d94b43f557a,,12.4,jannis,gpu,False,,,3f9236be15390304,,ssl-representation,"{'cuda_available': True, 'cuda_version': '12.4', 'env_name': None, 'env_prefix': '/private/ofirlin-lab/suissad4/envs/micromamba', 'gpu_count': 1, 'gpu_name': 'NVIDIA A100 80GB PCIe', 'hostname': 'dsiuriofir01', 'packages': {'catboost': '1.2.10', 'lightgbm': '4.7.0', 'numpy': '2.4.6', 'pandas': '3.0.3', 'scikit-learn': '1.9.0', 'tabicl': '2.1.1', 'tabpfn': '8.1.0', 'torch': '2.6.0+cu124', 'xgboost': None}, 'platform': 'Linux-5.14.0-687.15.1.el9_8.x86_64-x86_64-with-glibc2.34', 'python': '3.11.15 | packaged by conda-forge | (main, Jun 11 2026, 03:34:02) [GCC 14.3.0]', 'python_version': '3.11.15', 'torch_available': True, 'torch_version': '2.6.0+cu124'}",,,NVIDIA A100 80GB PCIe,dsiuriofir01,processed,,geometric_attention_ssl,{'max_epochs': 20},f91f182ea85952e6,geometric_ssl,novel_experimental,0.5221233653788738,,0.3223421398977897,0.6010937972892628,0.0737699802284572,1.0842579789094828,0.2874352535804642,1.0842579789094828,0.6462887236533048,50,,True,,,,inductive,Combined geometric-attention SSL,jannis__geometric_attention_ssl__s0__n50__90a5dd2a06f8789d,14.3229,0,60,18895667,b9c1f48daae0a38670909bfcee77dc8488c635820805cd7f3886f35130ed7e69,v1_absolute_budget,success,True,2026-07-29T15:02:24.072309+00:00,"{'all_classes_present_in_labeled': True, 'best_epoch': 19, 'best_val_loss': 1.1534056663513184, 'dataset': 'jannis', 'dataset_id': 41168, 'epochs_trained': 20, 'error_message': None, 'final_train_loss': nan, 'finetune_epochs_trained': nan, 'graph_n_neighbors_used': nan, 'graph_n_rows': nan, 'graph_n_unlabeled_used': nan, 'graph_retry_count': nan, 'input_view': 'processed', 'labeled_class_counts': '{0:4,1:16,2:10,3:20}', 'labeled_classes_present': 4, 'max_labeled_per_class': 20, 'max_selected_confidence': nan, 'mean_selected_confidence': nan, 'mean_selected_density': nan, 'method': 'geometric_attention_ssl', 'method_diagnostics': {'attention_entropy': 2.0141777992248535, 'attention_k': 8, 'attention_labeled_fraction': 0.5, 'attention_memory': 'labeled_plus_unlabeled', 'best_epoch': 19, 'best_val_loss': 1.1534056663513184, 'collapse_diagnostics': {'constant_prediction_suspect': False, 'effective_embedding_rank': 32, 'embedding_variance_mean': 0.022999685257673264, 'max_pred_class_fraction': 0.519126254180602, 'pred_class_fraction': [0.0, 0.519126254180602, 0.0, 0.480873745819398], 'representation_collapse_suspect': False}, 'component_flags': {'use_consistency': True, 'use_laplacian': True, 'use_margin': True, 'use_prototype': True, 'use_pseudo': True, 'use_retrieval': True}, 'epochs_trained': 20, 'graph_affinity_mean': 0.40977496837443467, 'graph_affinity_std': 0.031816999590853025, 'graph_backend': 'sklearn', 'graph_build_time_seconds': 6.522771158255637, 'graph_k': 10, 'graph_metric': 'euclidean', 'graph_mutual': True, 'graph_n_connected_components': 11740, 'graph_n_edges': 104152, 'graph_n_isolated_nodes': 10348, 'graph_n_nodes': 66976, 'labeled_attention_mass': 0.5943135619163513, 'loss_components': {'consistency': 0.002200247021391988, 'gradient_norm': 0.4677976165068558, 'lap': 0.003672245191410184, 'margin': 0.377259224653244, 'pl': 0.0, 'proto': 0.0, 'ramp': 1.0, 'retrieval_strength': 1.0, 'sup': 1.014021396636963, 'weighted_consistency': 0.00022002470213919879, 'weighted_lap': 0.001101673557423055, 'weighted_margin': 0.037725922465324406, 'weighted_pl': 0.0, 'weighted_proto': 0.0}, 'loss_history_tail': [{'consistency': 0.0009590968838892877, 'gradient_norm': 0.400897814911771, 'lap': 0.001934123458340764, 'margin': 0.5091822147369385, 'pl': 0.0, 'proto': 0.0, 'ramp': 1.0, 'retrieval_strength': 1.0, 'sup': 1.10759437084198, 'weighted_consistency': 9.590968838892878e-05, 'weighted_lap': 0.0005802370375022292, 'weighted_margin': 0.05091822147369385, 'weighted_pl': 0.0, 'weighted_proto': 0.0}, {'consistency': 0.0011142613366246223, 'gradient_norm': 0.3860037582319606, 'lap': 0.0022197170183062553, 'margin': 0.47644227743148804, 'pl': 0.0, 'proto': 0.0, 'ramp': 1.0, 'retrieval_strength': 1.0, 'sup': 1.0964597463607788, 'weighted_consistency': 0.00011142613366246224, 'weighted_lap': 0.0006659151054918766, 'weighted_margin': 0.047644227743148804, 'weighted_pl': 0.0, 'weighted_proto': 0.0}, {'consistency': 0.001681277877651155, 'gradient_norm': 0.44894367610991137, 'lap': 0.002630711765959859, 'margin': 0.442853182554245, 'pl': 0.0, 'proto': 0.0, 'ramp': 1.0, 'retrieval_strength': 1.0, 'sup': 1.0716867446899414, 'weighted_consistency': 0.00016812778776511552, 'weighted_lap': 0.0007892135297879576, 'weighted_margin': 0.044285318255424505, 'weighted_pl': 0.0, 'weighted_proto': 0.0}, {'consistency': 0.0022774990648031235, 'gradient_norm': 0.46168710940960045, 'lap': 0.003085768548771739, 'margin': 0.4096139669418335, 'pl': 0.0, 'proto': 0.0, 'ramp': 1.0, 'retrieval_strength': 1.0, 'sup': 1.0342196226119995, 'weighted_consistency': 0.00022774990648031235, 'weighted_lap': 0.0009257305646315217, 'weighted_margin': 0.040961396694183354, 'weighted_pl': 0.0, 'weighted_proto': 0.0}, {'consistency': 0.002200247021391988, 'gradient_norm': 0.4677976165068558, 'lap': 0.003672245191410184, 'margin': 0.377259224653244, 'pl': 0.0, 'proto': 0.0, 'ramp': 1.0, 'retrieval_strength': 1.0, 'sup': 1.014021396636963, 'weighted_consistency': 0.00022002470213919879, 'weighted_lap': 0.001101673557423055, 'weighted_margin': 0.037725922465324406, 'weighted_pl': 0.0, 'weighted_proto': 0.0}], 'method': 'geometric_attention_ssl', 'method_fidelity': 'reimplementation', 'n_labeled': 40, 'n_unlabeled': 66936, 'neural_validation_strategy': 'external_val', 'no_val_test_in_memory': True, 'protocol': 'inductive', 'reference_family': 'Geometric attention SSL', 'selected_retrieval_strength': 1.0, 'unlabeled_attention_mass': 0.4052806794643402, 'uses_unlabeled_data': True}, 'method_fidelity': 'reimplementation', 'metric_accuracy': 0.5221233653788738, 'metric_average_precision': None, 'metric_balanced_accuracy': 0.3223421398977897, 'metric_brier': 0.6010937972892628, 'metric_ece': 0.0737699802284572, 'metric_log_loss': 1.0842579789094828, 'metric_macro_f1': 0.2874352535804642, 'metric_nll': 1.0842579789094828, 'metric_roc_auc': 0.6462887236533048, 'min_labeled_per_class': 4, 'min_selected_confidence': nan, 'n_classes': 4, 'n_features_after_preprocessing': 54, 'n_features_before_preprocessing': 54, 'n_labeled': 50, 'n_pseudo_added_last_iter': nan, 'n_pseudo_added_total': nan, 'n_unlabeled': 66936, 'neural_method': nan, 'neural_validation_strategy': 'external_val', 'pretrain_epochs_trained': nan, 'protocol': 'inductive', 'pseudo_label_class_distribution': nan, 'pseudo_label_fraction': nan, 'reference_family': 'Geometric attention SSL', 'runtime_seconds': 14.3229, 'seed': 0, 'self_training_iterations': nan, 'status': 'success', 'stopped_reason': nan, 'test_class_counts': '{0:337,1:5758,2:2947,3:7705}', 'test_size': 16747, 'timestamp_utc': '2026-07-29T15:02:09.727495+00:00', 'train_labeled_size': 40, 'train_pool_class_counts': '{0:1350,1:23032,2:11787,3:30817}', 'unlabeled_class_counts': '{0:1346,1:23016,2:11777,3:30797}', 'val_class_counts': '{0:1,1:3,2:2,3:4}', 'val_size': 10, 'validation_strategy': 'stratified_labeled_val'}",,True,
,,,,nogit:a6fc4d94b43f557a,,12.4,jannis,gpu,False,,,3f9236be15390304,,ssl-representation,"{'cuda_available': True, 'cuda_version': '12.4', 'env_name': None, 'env_prefix': '/private/ofirlin-lab/suissad4/envs/micromamba', 'gpu_count': 1, 'gpu_name': 'NVIDIA A100 80GB PCIe', 'hostname': 'dsiuriofir01', 'packages': {'catboost': '1.2.10', 'lightgbm': '4.7.0', 'numpy': '2.4.6', 'pandas': '3.0.3', 'scikit-learn': '1.9.0', 'tabicl': '2.1.1', 'tabpfn': '8.1.0', 'torch': '2.6.0+cu124', 'xgboost': None}, 'platform': 'Linux-5.14.0-687.15.1.el9_8.x86_64-x86_64-with-glibc2.34', 'python': '3.11.15 | packaged by conda-forge | (main, Jun 11 2026, 03:34:02) [GCC 14.3.0]', 'python_version': '3.11.15', 'torch_available': True, 'torch_version': '2.6.0+cu124'}",,,NVIDIA A100 80GB PCIe,dsiuriofir01,processed,,geometric_attention_ssl,{'max_epochs': 20},f91f182ea85952e6,geometric_ssl,novel_experimental,0.5403355824923867,,0.33200154518522584,0.5562575154497237,0.047156459008039796,0.9831035742139979,0.30776733775352827,0.9831035742139979,0.7095849150426087,100,,True,,,,inductive,Combined geometric-attention SSL,jannis__geometric_attention_ssl__s1__n100__c141074b383b362e,14.6876,1,65,18895672,b9c1f48daae0a38670909bfcee77dc8488c635820805cd7f3886f35130ed7e69,v1_absolute_budget,success,True,2026-07-29T15:03:08.865293+00:00,"{'all_classes_present_in_labeled': True, 'best_epoch': 20, 'best_val_loss': 1.147053599357605, 'dataset': 'jannis', 'dataset_id': 41168, 'epochs_trained': 20, 'error_message': None, 'final_train_loss': nan, 'finetune_epochs_trained': nan, 'graph_n_neighbors_used': nan, 'graph_n_rows': nan, 'graph_n_unlabeled_used': nan, 'graph_retry_count': nan, 'input_view': 'processed', 'labeled_class_counts': '{0:7,1:32,2:19,3:42}', 'labeled_classes_present': 4, 'max_labeled_per_class': 42, 'max_selected_confidence': nan, 'mean_selected_confidence': nan, 'mean_selected_density': nan, 'method': 'geometric_attention_ssl', 'method_diagnostics': {'attention_entropy': 1.9865642189979553, 'attention_k': 8, 'attention_labeled_fraction': 0.5, 'attention_memory': 'labeled_plus_unlabeled', 'best_epoch': 20, 'best_val_loss': 1.147053599357605, 'collapse_diagnostics': {'constant_prediction_suspect': False, 'effective_embedding_rank': 32, 'embedding_variance_mean': 0.06559016555547714, 'max_pred_class_fraction': 0.5587312964788101, 'pred_class_fraction': [0.0, 0.428814622345668, 0.012454081175521907, 0.5587312964788101], 'representation_collapse_suspect': False}, 'component_flags': {'use_consistency': True, 'use_laplacian': True, 'use_margin': True, 'use_prototype': True, 'use_pseudo': True, 'use_retrieval': True}, 'epochs_trained': 20, 'graph_affinity_mean': 0.409740530290307, 'graph_affinity_std': 0.03176524398611867, 'graph_backend': 'sklearn', 'graph_build_time_seconds': 6.483903068117797, 'graph_k': 10, 'graph_metric': 'euclidean', 'graph_mutual': True, 'graph_n_connected_components': 11765, 'graph_n_edges': 104159, 'graph_n_isolated_nodes': 10384, 'graph_n_nodes': 66966, 'labeled_attention_mass': 0.38019123673439026, 'loss_components': {'consistency': 0.0030952407978475094, 'gradient_norm': 0.592355386470645, 'lap': 0.009138316381722689, 'margin': 0.12681924551725388, 'pl': 0.0, 'proto': 0.0, 'ramp': 1.0, 'retrieval_strength': 1.0, 'sup': 0.9677459895610809, 'weighted_consistency': 0.00030952407978475095, 'weighted_lap': 0.0027414949145168066, 'weighted_margin': 0.012681924551725388, 'weighted_pl': 0.0, 'weighted_proto': 0.0}, 'loss_history_tail': [{'consistency': 0.0016832944238558412, 'gradient_norm': 0.47931461370373274, 'lap': 0.004995384719222784, 'margin': 0.3539971858263016, 'pl': 0.0, 'proto': 0.0, 'ramp': 1.0, 'retrieval_strength': 1.0, 'sup': 1.0476771593093872, 'weighted_consistency': 0.00016832944238558413, 'weighted_lap': 0.0014986154157668353, 'weighted_margin': 0.035399718582630156, 'weighted_pl': 0.0, 'weighted_proto': 0.0}, {'consistency': 0.002333429758436978, 'gradient_norm': 0.5250523255557183, 'lap': 0.005846502725034952, 'margin': 0.27332282066345215, 'pl': 0.0, 'proto': 0.0, 'ramp': 1.0, 'retrieval_strength': 1.0, 'sup': 1.0894307494163513, 'weighted_consistency': 0.0002333429758436978, 'weighted_lap': 0.0017539508175104855, 'weighted_margin': 0.027332282066345217, 'weighted_pl': 0.0, 'weighted_proto': 0.0}, {'consistency': 0.0024794568307697773, 'gradient_norm': 0.6026910029451243, 'lap': 0.006788800237700343, 'margin': 0.22260167449712753, 'pl': 0.0, 'proto': 0.0, 'ramp': 1.0, 'retrieval_strength': 1.0, 'sup': 1.0120956897735596, 'weighted_consistency': 0.00024794568307697775, 'weighted_lap': 0.002036640071310103, 'weighted_margin': 0.022260167449712754, 'weighted_pl': 0.0, 'weighted_proto': 0.0}, {'consistency': 0.002716855611652136, 'gradient_norm': 0.6544525193228702, 'lap': 0.00787647208198905, 'margin': 0.1881350427865982, 'pl': 0.0, 'proto': 0.0, 'ramp': 1.0, 'retrieval_strength': 1.0, 'sup': 1.0097108781337738, 'weighted_consistency': 0.0002716855611652136, 'weighted_lap': 0.002362941624596715, 'weighted_margin': 0.018813504278659823, 'weighted_pl': 0.0, 'weighted_proto': 0.0}, {'consistency': 0.0030952407978475094, 'gradient_norm': 0.592355386470645, 'lap': 0.009138316381722689, 'margin': 0.12681924551725388, 'pl': 0.0, 'proto': 0.0, 'ramp': 1.0, 'retrieval_strength': 1.0, 'sup': 0.9677459895610809, 'weighted_consistency': 0.00030952407978475095, 'weighted_lap': 0.0027414949145168066, 'weighted_margin': 0.012681924551725388, 'weighted_pl': 0.0, 'weighted_proto': 0.0}], 'method': 'geometric_attention_ssl', 'method_fidelity': 'reimplementation', 'n_labeled': 80, 'n_unlabeled': 66886, 'neural_validation_strategy': 'external_val', 'no_val_test_in_memory': True, 'protocol': 'inductive', 'reference_family': 'Geometric attention SSL', 'selected_retrieval_strength': 1.0, 'unlabeled_attention_mass': 0.6232184171676636, 'uses_unlabeled_data': True}, 'method_fidelity': 'reimplementation', 'metric_accuracy': 0.5403355824923867, 'metric_average_precision': None, 'metric_balanced_accuracy': 0.33200154518522584, 'metric_brier': 0.5562575154497237, 'metric_ece': 0.047156459008039796, 'metric_log_loss': 0.9831035742139979, 'metric_macro_f1': 0.30776733775352827, 'metric_nll': 0.9831035742139979, 'metric_roc_auc': 0.7095849150426087, 'min_labeled_per_class': 7, 'min_selected_confidence': nan, 'n_classes': 4, 'n_features_after_preprocessing': 54, 'n_features_before_preprocessing': 54, 'n_labeled': 100, 'n_pseudo_added_last_iter': nan, 'n_pseudo_added_total': nan, 'n_unlabeled': 66886, 'neural_method': nan, 'neural_validation_strategy': 'external_val', 'pretrain_epochs_trained': nan, 'protocol': 'inductive', 'pseudo_label_class_distribution': nan, 'pseudo_label_fraction': nan, 'reference_family': 'Geometric attention SSL', 'runtime_seconds': 14.6876, 'seed': 1, 'self_training_iterations': nan, 'status': 'success', 'stopped_reason': nan, 'test_class_counts': '{0:337,1:5758,2:2947,3:7705}', 'test_size': 16747, 'timestamp_utc': '2026-07-29T15:02:54.158755+00:00', 'train_labeled_size': 80, 'train_pool_class_counts': '{0:1350,1:23032,2:11787,3:30817}', 'unlabeled_class_counts': '{0:1343,1:23000,2:11768,3:30775}', 'val_class_counts': '{0:2,1:6,2:4,3:8}', 'val_size': 20, 'validation_strategy': 'stratified_labeled_val'}",,True,
,,,,nogit:a6fc4d94b43f557a,,12.4,jannis,gpu,False,,,3f9236be15390304,,ssl-representation,"{'cuda_available': True, 'cuda_version': '12.4', 'env_name': None, 'env_prefix': '/private/ofirlin-lab/suissad4/envs/micromamba', 'gpu_count': 1, 'gpu_name': 'NVIDIA A100 80GB PCIe', 'hostname': 'dsiuriofir01', 'packages': {'catboost': '1.2.10', 'lightgbm': '4.7.0', 'numpy': '2.4.6', 'pandas': '3.0.3', 'scikit-learn': '1.9.0', 'tabicl': '2.1.1', 'tabpfn': '8.1.0', 'torch': '2.6.0+cu124', 'xgboost': None}, 'platform': 'Linux-5.14.0-687.15.1.el9_8.x86_64-x86_64-with-glibc2.34', 'python': '3.11.15 | packaged by conda-forge | (main, Jun 11 2026, 03:34:02) [GCC 14.3.0]', 'python_version': '3.11.15', 'torch_available': True, 'torch_version': '2.6.0+cu124'}",,,NVIDIA A100 80GB PCIe,dsiuriofir01,processed,,geometric_attention_ssl,{'max_epochs': 20},f91f182ea85952e6,geometric_ssl,novel_experimental,0.5499492446408312,,0.35875926507266354,0.5472749681096584,0.034822169076147685,0.9581145829382414,0.3558288170486367,0.9581145829382414,0.713488594727434,250,,True,,,,inductive,Combined geometric-attention SSL,jannis__geometric_attention_ssl__s1__n250__a558d6a3e1bfbf5e,17.3378,1,66,18895673,b9c1f48daae0a38670909bfcee77dc8488c635820805cd7f3886f35130ed7e69,v1_absolute_budget,success,True,2026-07-29T15:03:26.883930+00:00,"{'all_classes_present_in_labeled': True, 'best_epoch': 14, 'best_val_loss': 0.9873736500740051, 'dataset': 'jannis', 'dataset_id': 41168, 'epochs_trained': 19, 'error_message': None, 'final_train_loss': nan, 'finetune_epochs_trained': nan, 'graph_n_neighbors_used': nan, 'graph_n_rows': nan, 'graph_n_unlabeled_used': nan, 'graph_retry_count': nan, 'input_view': 'processed', 'labeled_class_counts': '{0:10,1:84,2:45,3:111}', 'labeled_classes_present': 4, 'max_labeled_per_class': 111, 'max_selected_confidence': nan, 'mean_selected_confidence': nan, 'mean_selected_density': nan, 'method': 'geometric_attention_ssl', 'method_diagnostics': {'attention_entropy': 1.9634986519813538, 'attention_k': 8, 'attention_labeled_fraction': 0.5, 'attention_memory': 'labeled_plus_unlabeled', 'best_epoch': 14, 'best_val_loss': 0.9873736500740051, 'collapse_diagnostics': {'constant_prediction_suspect': False, 'effective_embedding_rank': 32, 'embedding_variance_mean': 0.13044165074825287, 'max_pred_class_fraction': 0.5012698697263057, 'pred_class_fraction': [0.0, 0.44521632604278716, 0.05351380423090713, 0.5012698697263057], 'representation_collapse_suspect': False}, 'component_flags': {'use_consistency': True, 'use_laplacian': True, 'use_margin': True, 'use_prototype': True, 'use_pseudo': True, 'use_retrieval': True}, 'epochs_trained': 19, 'graph_affinity_mean': 0.40973901522590417, 'graph_affinity_std': 0.031762514405230965, 'graph_backend': 'sklearn', 'graph_build_time_seconds': 6.515237343031913, 'graph_k': 10, 'graph_metric': 'euclidean', 'graph_mutual': True, 'graph_n_connected_components': 11763, 'graph_n_edges': 104111, 'graph_n_isolated_nodes': 10388, 'graph_n_nodes': 66936, 'labeled_attention_mass': 0.3914238139986992, 'loss_components': {'consistency': 0.02849922515451908, 'gradient_norm': 1.272135867077761, 'lap': 0.019892562180757523, 'margin': 5.033777824792196e-05, 'pl': 0.12602260522544384, 'proto': 0.03374089486896992, 'ramp': 1.0, 'retrieval_strength': 1.0, 'sup': 0.6439515352249146, 'weighted_consistency': 0.002849922515451908, 'weighted_lap': 0.005967768654227257, 'weighted_margin': 5.033777824792196e-06, 'weighted_pl': 0.03780678156763315, 'weighted_proto': 0.010122268460690975}, 'loss_history_tail': [{'consistency': 0.011434040497988462, 'gradient_norm': 0.8943658615657558, 'lap': 0.014605856267735362, 'margin': 0.03334773238748312, 'pl': 0.03873122297227383, 'proto': 0.11593921855092049, 'ramp': 1.0, 'retrieval_strength': 1.0, 'sup': 0.8362602889537811, 'weighted_consistency': 0.0011434040497988462, 'weighted_lap': 0.004381756880320609, 'weighted_margin': 0.003334773238748312, 'weighted_pl': 0.011619366891682147, 'weighted_proto': 0.034781765565276145}, {'consistency': 0.012598405708558857, 'gradient_norm': 1.0087350302731306, 'lap': 0.01601344207301736, 'margin': 0.02839902462437749, 'pl': 0.06582270190119743, 'proto': 0.10330136120319366, 'ramp': 1.0, 'retrieval_strength': 1.0, 'sup': 0.7649970278143883, 'weighted_consistency': 0.001259840570855886, 'weighted_lap': 0.004804032621905208, 'weighted_margin': 0.002839902462437749, 'weighted_pl': 0.01974681057035923, 'weighted_proto': 0.030990408360958097}, {'consistency': 0.01340736960992217, 'gradient_norm': 1.0106030335473124, 'lap': 0.017372284084558487, 'margin': 0.030855939025059342, 'pl': 0.06888088211417198, 'proto': 0.0609376672655344, 'ramp': 1.0, 'retrieval_strength': 1.0, 'sup': 0.8369952887296677, 'weighted_consistency': 0.0013407369609922172, 'weighted_lap': 0.0052116852253675456, 'weighted_margin': 0.0030855939025059343, 'weighted_pl': 0.020664264634251594, 'weighted_proto': 0.018281300179660318}, {'consistency': 0.01670011389069259, 'gradient_norm': 1.093374991438657, 'lap': 0.01868463307619095, 'margin': 0.006770681240595877, 'pl': 0.10277688317000866, 'proto': 0.0546703701838851, 'ramp': 1.0, 'retrieval_strength': 1.0, 'sup': 0.6990930587053299, 'weighted_consistency': 0.0016700113890692593, 'weighted_lap': 0.005605389922857284, 'weighted_margin': 0.0006770681240595878, 'weighted_pl': 0.030833064951002596, 'weighted_proto': 0.016401111055165528}, {'consistency': 0.02849922515451908, 'gradient_norm': 1.272135867077761, 'lap': 0.019892562180757523, 'margin': 5.033777824792196e-05, 'pl': 0.12602260522544384, 'proto': 0.03374089486896992, 'ramp': 1.0, 'retrieval_strength': 1.0, 'sup': 0.6439515352249146, 'weighted_consistency': 0.002849922515451908, 'weighted_lap': 0.005967768654227257, 'weighted_margin': 5.033777824792196e-06, 'weighted_pl': 0.03780678156763315, 'weighted_proto': 0.010122268460690975}], 'method': 'geometric_attention_ssl', 'method_fidelity': 'reimplementation', 'n_labeled': 200, 'n_unlabeled': 66736, 'neural_validation_strategy': 'external_val', 'no_val_test_in_memory': True, 'protocol': 'inductive', 'reference_family': 'Geometric attention SSL', 'selected_retrieval_strength': 1.0, 'unlabeled_attention_mass': 0.6191235482692719, 'uses_unlabeled_data': True}, 'method_fidelity': 'reimplementation', 'metric_accuracy': 0.5499492446408312, 'metric_average_precision': None, 'metric_balanced_accuracy': 0.35875926507266354, 'metric_brier': 0.5472749681096584, 'metric_ece': 0.034822169076147685, 'metric_log_loss': 0.9581145829382414, 'metric_macro_f1': 0.3558288170486367, 'metric_nll': 0.9581145829382414, 'metric_roc_auc': 0.713488594727434, 'min_labeled_per_class': 10, 'min_selected_confidence': nan, 'n_classes': 4, 'n_features_after_preprocessing': 54, 'n_features_before_preprocessing': 54, 'n_labeled': 250, 'n_pseudo_added_last_iter': nan, 'n_pseudo_added_total': nan, 'n_unlabeled': 66736, 'neural_method': nan, 'neural_validation_strategy': 'external_val', 'pretrain_epochs_trained': nan, 'protocol': 'inductive', 'pseudo_label_class_distribution': nan, 'pseudo_label_fraction': nan, 'reference_family': 'Geometric attention SSL', 'runtime_seconds': 17.3378, 'seed': 1, 'self_training_iterations': nan, 'status': 'success', 'stopped_reason': nan, 'test_class_counts': '{0:337,1:5758,2:2947,3:7705}', 'test_size': 16747, 'timestamp_utc': '2026-07-29T15:03:09.523777+00:00', 'train_labeled_size': 200, 'train_pool_class_counts': '{0:1350,1:23032,2:11787,3:30817}', 'unlabeled_class_counts': '{0:1340,1:22948,2:11742,3:30706}', 'val_class_counts': '{0:2,1:17,2:9,3:22}', 'val_size': 50, 'validation_strategy': 'stratified_labeled_val'}",,True,
,,,,nogit:a6fc4d94b43f557a,,12.4,jannis,gpu,False,,,3f9236be15390304,,ssl-representation,"{'cuda_available': True, 'cuda_version': '12.4', 'env_name': None, 'env_prefix': '/private/ofirlin-lab/suissad4/envs/micromamba', 'gpu_count': 1, 'gpu_name': 'NVIDIA A100 80GB PCIe', 'hostname': 'dsiuriofir01', 'packages': {'catboost': '1.2.10', 'lightgbm': '4.7.0', 'numpy': '2.4.6', 'pandas': '3.0.3', 'scikit-learn': '1.9.0', 'tabicl': '2.1.1', 'tabpfn': '8.1.0', 'torch': '2.6.0+cu124', 'xgboost': None}, 'platform': 'Linux-5.14.0-687.15.1.el9_8.x86_64-x86_64-with-glibc2.34', 'python': '3.11.15 | packaged by conda-forge | (main, Jun 11 2026, 03:34:02) [GCC 14.3.0]', 'python_version': '3.11.15', 'torch_available': True, 'torch_version': '2.6.0+cu124'}",,,NVIDIA A100 80GB PCIe,dsiuriofir01,processed,,geometric_attention_ssl,{'max_epochs': 20},f91f182ea85952e6,geometric_ssl,novel_experimental,0.5689974323759479,,0.3855098887354769,0.5306587348789692,0.025372215789107692,0.9292450854609927,0.38670833539559546,0.9292450854609927,0.7368380426849309,500,,True,,,,inductive,Combined geometric-attention SSL,jannis__geometric_attention_ssl__s1__n500__b58b8c6841701028,17.9049,1,67,18895674,b9c1f48daae0a38670909bfcee77dc8488c635820805cd7f3886f35130ed7e69,v1_absolute_budget,success,True,2026-07-29T15:03:31.232541+00:00,"{'all_classes_present_in_labeled': True, 'best_epoch': 9, 'best_val_loss': 1.0141680240631104, 'dataset': 'jannis', 'dataset_id': 41168, 'epochs_trained': 14, 'error_message': None, 'final_train_loss': nan, 'finetune_epochs_trained': nan, 'graph_n_neighbors_used': nan, 'graph_n_rows': nan, 'graph_n_unlabeled_used': nan, 'graph_retry_count': nan, 'input_view': 'processed', 'labeled_class_counts': '{0:15,1:170,2:89,3:226}', 'labeled_classes_present': 4, 'max_labeled_per_class': 226, 'max_selected_confidence': nan, 'mean_selected_confidence': nan, 'mean_selected_density': nan, 'method': 'geometric_attention_ssl', 'method_diagnostics': {'attention_entropy': 1.9349047456468855, 'attention_k': 8, 'attention_labeled_fraction': 0.5, 'attention_memory': 'labeled_plus_unlabeled', 'best_epoch': 9, 'best_val_loss': 1.0141680240631104, 'collapse_diagnostics': {'constant_prediction_suspect': False, 'effective_embedding_rank': 32, 'embedding_variance_mean': 0.11396733671426773, 'max_pred_class_fraction': 0.5465119756002751, 'pred_class_fraction': [0.0, 0.34554316299375054, 0.10794486140597434, 0.5465119756002751], 'representation_collapse_suspect': False}, 'component_flags': {'use_consistency': True, 'use_laplacian': True, 'use_margin': True, 'use_prototype': True, 'use_pseudo': True, 'use_retrieval': True}, 'epochs_trained': 14, 'graph_affinity_mean': 0.40973631405676214, 'graph_affinity_std': 0.03175444384228629, 'graph_backend': 'sklearn', 'graph_build_time_seconds': 6.592052137944847, 'graph_k': 10, 'graph_metric': 'euclidean', 'graph_mutual': True, 'graph_n_connected_components': 11773, 'graph_n_edges': 104021, 'graph_n_isolated_nodes': 10391, 'graph_n_nodes': 66886, 'labeled_attention_mass': 0.3766292333602905, 'loss_components': {'consistency': 0.021995099394449165, 'gradient_norm': 1.0053317942673046, 'lap': 0.02994956076145172, 'margin': 0.03419053182005882, 'pl': 0.09277841980968203, 'proto': 0.04235223441251686, 'ramp': 1.0, 'retrieval_strength': 1.0, 'sup': 0.7401224885668073, 'weighted_consistency': 0.0021995099394449165, 'weighted_lap': 0.008984868228435515, 'weighted_margin': 0.0034190531820058826, 'weighted_pl': 0.02783352594290461, 'weighted_proto': 0.012705670323755058}, 'loss_history_tail': [{'consistency': 0.010064152468528067, 'gradient_norm': 0.7921393424140353, 'lap': 0.019229929894208908, 'margin': 0.056455466364111216, 'pl': 0.10682930158717292, 'proto': 0.045857419658984454, 'ramp': 1.0, 'retrieval_strength': 1.0, 'sup': 0.8759082811219352, 'weighted_consistency': 0.0010064152468528067, 'weighted_lap': 0.005768978968262672, 'weighted_margin': 0.005645546636411122, 'weighted_pl': 0.032048790476151875, 'weighted_proto': 0.013757225897695336}, {'consistency': 0.010975767991372518, 'gradient_norm': 0.8143550140249126, 'lap': 0.022412475730691637, 'margin': 0.060866093529122214, 'pl': 0.07965509274176188, 'proto': 0.052802570164203644, 'ramp': 1.0, 'retrieval_strength': 1.0, 'sup': 0.8684177994728088, 'weighted_consistency': 0.0010975767991372519, 'weighted_lap': 0.006723742719207491, 'weighted_margin': 0.006086609352912222, 'weighted_pl': 0.023896527822528563, 'weighted_proto': 0.015840771049261092}, {'consistency': 0.014481516288859504, 'gradient_norm': 0.9883466577749983, 'lap': 0.02459800642515932, 'margin': 0.06767170876264572, 'pl': 0.1047903693148068, 'proto': 0.06488577595778874, 'ramp': 1.0, 'retrieval_strength': 1.0, 'sup': 0.8061156613486153, 'weighted_consistency': 0.0014481516288859504, 'weighted_lap': 0.007379401927547795, 'weighted_margin': 0.0067671708762645725, 'weighted_pl': 0.03143711079444204, 'weighted_proto': 0.019465732787336622}, {'consistency': 0.01851115349148001, 'gradient_norm': 0.9354640964840081, 'lap': 0.02738310902246407, 'margin': 0.03482140201543059, 'pl': 0.08110428707940238, 'proto': 0.04485503051962171, 'ramp': 1.0, 'retrieval_strength': 1.0, 'sup': 0.7722155366625104, 'weighted_consistency': 0.0018511153491480008, 'weighted_lap': 0.00821493270673922, 'weighted_margin': 0.003482140201543059, 'weighted_pl': 0.024331286123820715, 'weighted_proto': 0.013456509155886512}, {'consistency': 0.021995099394449165, 'gradient_norm': 1.0053317942673046, 'lap': 0.02994956076145172, 'margin': 0.03419053182005882, 'pl': 0.09277841980968203, 'proto': 0.04235223441251686, 'ramp': 1.0, 'retrieval_strength': 1.0, 'sup': 0.7401224885668073, 'weighted_consistency': 0.0021995099394449165, 'weighted_lap': 0.008984868228435515, 'weighted_margin': 0.0034190531820058826, 'weighted_pl': 0.02783352594290461, 'weighted_proto': 0.012705670323755058}], 'method': 'geometric_attention_ssl', 'method_fidelity': 'reimplementation', 'n_labeled': 400, 'n_unlabeled': 66486, 'neural_validation_strategy': 'external_val', 'no_val_test_in_memory': True, 'protocol': 'inductive', 'reference_family': 'Geometric attention SSL', 'selected_retrieval_strength': 1.0, 'unlabeled_attention_mass': 0.6196678025381905, 'uses_unlabeled_data': True}, 'method_fidelity': 'reimplementation', 'metric_accuracy': 0.5689974323759479, 'metric_average_precision': None, 'metric_balanced_accuracy': 0.3855098887354769, 'metric_brier': 0.5306587348789692, 'metric_ece': 0.025372215789107692, 'metric_log_loss': 0.9292450854609927, 'metric_macro_f1': 0.38670833539559546, 'metric_nll': 0.9292450854609927, 'metric_roc_auc': 0.7368380426849309, 'min_labeled_per_class': 15, 'min_selected_confidence': nan, 'n_classes': 4, 'n_features_after_preprocessing': 54, 'n_features_before_preprocessing': 54, 'n_labeled': 500, 'n_pseudo_added_last_iter': nan, 'n_pseudo_added_total': nan, 'n_unlabeled': 66486, 'neural_method': nan, 'neural_validation_strategy': 'external_val', 'pretrain_epochs_trained': nan, 'protocol': 'inductive', 'pseudo_label_class_distribution': nan, 'pseudo_label_fraction': nan, 'reference_family': 'Geometric attention SSL', 'runtime_seconds': 17.9049, 'seed': 1, 'self_training_iterations': nan, 'status': 'success', 'stopped_reason': nan, 'test_class_counts': '{0:337,1:5758,2:2947,3:7705}', 'test_size': 16747, 'timestamp_utc': '2026-07-29T15:03:13.308883+00:00', 'train_labeled_size': 400, 'train_pool_class_counts': '{0:1350,1:23032,2:11787,3:30817}', 'unlabeled_class_counts': '{0:1335,1:22862,2:11698,3:30591}', 'val_class_counts': '{0:3,1:34,2:18,3:45}', 'val_size': 100, 'validation_strategy': 'stratified_labeled_val'}",,True,
,,,,nogit:a6fc4d94b43f557a,,12.4,jannis,gpu,False,,,3f9236be15390304,,ssl-representation,"{'cuda_available': True, 'cuda_version': '12.4', 'env_name': None, 'env_prefix': '/private/ofirlin-lab/suissad4/envs/micromamba', 'gpu_count': 1, 'gpu_name': 'NVIDIA A100 80GB PCIe', 'hostname': 'dsiuriofir01', 'packages': {'catboost': '1.2.10', 'lightgbm': '4.7.0', 'numpy': '2.4.6', 'pandas': '3.0.3', 'scikit-learn': '1.9.0', 'tabicl': '2.1.1', 'tabpfn': '8.1.0', 'torch': '2.6.0+cu124', 'xgboost': None}, 'platform': 'Linux-5.14.0-687.15.1.el9_8.x86_64-x86_64-with-glibc2.34', 'python': '3.11.15 | packaged by conda-forge | (main, Jun 11 2026, 03:34:02) [GCC 14.3.0]', 'python_version': '3.11.15', 'torch_available': True, 'torch_version': '2.6.0+cu124'}",,,NVIDIA A100 80GB PCIe,dsiuriofir01,processed,,geometric_attention_ssl,{'max_epochs': 20},f91f182ea85952e6,geometric_ssl,novel_experimental,0.5024183435839255,,0.2871332215542274,0.6015559835151594,0.060910432018766524,1.0808054911075586,0.2396566919187385,1.0808054911075586,0.6776336756258903,50,,True,,,,inductive,Combined geometric-attention SSL,jannis__geometric_attention_ssl__s1__n50__8fc30ac90c3de45f,15.1642,1,64,18895671,b9c1f48daae0a38670909bfcee77dc8488c635820805cd7f3886f35130ed7e69,v1_absolute_budget,success,True,2026-07-29T15:03:05.255356+00:00,"{'all_classes_present_in_labeled': True, 'best_epoch': 20, 'best_val_loss': 1.1548250913619995, 'dataset': 'jannis', 'dataset_id': 41168, 'epochs_trained': 20, 'error_message': None, 'final_train_loss': nan, 'finetune_epochs_trained': nan, 'graph_n_neighbors_used': nan, 'graph_n_rows': nan, 'graph_n_unlabeled_used': nan, 'graph_retry_count': nan, 'input_view': 'processed', 'labeled_class_counts': '{0:4,1:16,2:10,3:20}', 'labeled_classes_present': 4, 'max_labeled_per_class': 20, 'max_selected_confidence': nan, 'mean_selected_confidence': nan, 'mean_selected_density': nan, 'method': 'geometric_attention_ssl', 'method_diagnostics': {'attention_entropy': 2.06671404838562, 'attention_k': 8, 'attention_labeled_fraction': 0.5, 'attention_memory': 'labeled_plus_unlabeled', 'best_epoch': 20, 'best_val_loss': 1.1548250913619995, 'collapse_diagnostics': {'constant_prediction_suspect': False, 'effective_embedding_rank': 32, 'embedding_variance_mean': 0.01887187734246254, 'max_pred_class_fraction': 0.8226827520305782, 'pred_class_fraction': [0.0, 0.1773172479694219, 0.0, 0.8226827520305782], 'representation_collapse_suspect': False}, 'component_flags': {'use_consistency': True, 'use_laplacian': True, 'use_margin': True, 'use_prototype': True, 'use_pseudo': True, 'use_retrieval': True}, 'epochs_trained': 20, 'graph_affinity_mean': 0.40974619013842634, 'graph_affinity_std': 0.03176469333672702, 'graph_backend': 'sklearn', 'graph_build_time_seconds': 6.527642484754324, 'graph_k': 10, 'graph_metric': 'euclidean', 'graph_mutual': True, 'graph_n_connected_components': 11776, 'graph_n_edges': 104161, 'graph_n_isolated_nodes': 10394, 'graph_n_nodes': 66976, 'labeled_attention_mass': 0.48852166533470154, 'loss_components': {'consistency': 0.001219643629156053, 'gradient_norm': 0.4092718649422335, 'lap': 0.00361837912350893, 'margin': 0.3799353539943695, 'pl': 0.0, 'proto': 0.0, 'ramp': 1.0, 'retrieval_strength': 1.0, 'sup': 1.0813851356506348, 'weighted_consistency': 0.00012196436291560531, 'weighted_lap': 0.001085513737052679, 'weighted_margin': 0.03799353539943695, 'weighted_pl': 0.0, 'weighted_proto': 0.0}, 'loss_history_tail': [{'consistency': 0.0005014245398342609, 'gradient_norm': 0.3651963009586737, 'lap': 0.0021705396939069033, 'margin': 0.5152316093444824, 'pl': 0.0, 'proto': 0.0, 'ramp': 1.0, 'retrieval_strength': 1.0, 'sup': 1.1650843620300293, 'weighted_consistency': 5.01424539834261e-05, 'weighted_lap': 0.000651161908172071, 'weighted_margin': 0.051523160934448246, 'weighted_pl': 0.0, 'weighted_proto': 0.0}, {'consistency': 0.0010359562002122402, 'gradient_norm': 0.35564682258011815, 'lap': 0.0024566592182964087, 'margin': 0.48688945174217224, 'pl': 0.0, 'proto': 0.0, 'ramp': 1.0, 'retrieval_strength': 1.0, 'sup': 1.1253446340560913, 'weighted_consistency': 0.00010359562002122403, 'weighted_lap': 0.0007369977654889226, 'weighted_margin': 0.04868894517421723, 'weighted_pl': 0.0, 'weighted_proto': 0.0}, {'consistency': 0.0009661326184868813, 'gradient_norm': 0.3642277161908163, 'lap': 0.0027641321066766977, 'margin': 0.4513872265815735, 'pl': 0.0, 'proto': 0.0, 'ramp': 1.0, 'retrieval_strength': 1.0, 'sup': 1.1191751956939697, 'weighted_consistency': 9.661326184868814e-05, 'weighted_lap': 0.0008292396320030093, 'weighted_margin': 0.045138722658157354, 'weighted_pl': 0.0, 'weighted_proto': 0.0}, {'consistency': 0.0011936606606468558, 'gradient_norm': 0.38762127080098097, 'lap': 0.0031422798056155443, 'margin': 0.4162273406982422, 'pl': 0.0, 'proto': 0.0, 'ramp': 1.0, 'retrieval_strength': 1.0, 'sup': 1.121928095817566, 'weighted_consistency': 0.00011936606606468559, 'weighted_lap': 0.0009426839416846632, 'weighted_margin': 0.041622734069824224, 'weighted_pl': 0.0, 'weighted_proto': 0.0}, {'consistency': 0.001219643629156053, 'gradient_norm': 0.4092718649422335, 'lap': 0.00361837912350893, 'margin': 0.3799353539943695, 'pl': 0.0, 'proto': 0.0, 'ramp': 1.0, 'retrieval_strength': 1.0, 'sup': 1.0813851356506348, 'weighted_consistency': 0.00012196436291560531, 'weighted_lap': 0.001085513737052679, 'weighted_margin': 0.03799353539943695, 'weighted_pl': 0.0, 'weighted_proto': 0.0}], 'method': 'geometric_attention_ssl', 'method_fidelity': 'reimplementation', 'n_labeled': 40, 'n_unlabeled': 66936, 'neural_validation_strategy': 'external_val', 'no_val_test_in_memory': True, 'protocol': 'inductive', 'reference_family': 'Geometric attention SSL', 'selected_retrieval_strength': 1.0, 'unlabeled_attention_mass': 0.5297945141792297, 'uses_unlabeled_data': True}, 'method_fidelity': 'reimplementation', 'metric_accuracy': 0.5024183435839255, 'metric_average_precision': None, 'metric_balanced_accuracy': 0.2871332215542274, 'metric_brier': 0.6015559835151594, 'metric_ece': 0.060910432018766524, 'metric_log_loss': 1.0808054911075586, 'metric_macro_f1': 0.2396566919187385, 'metric_nll': 1.0808054911075586, 'metric_roc_auc': 0.6776336756258903, 'min_labeled_per_class': 4, 'min_selected_confidence': nan, 'n_classes': 4, 'n_features_after_preprocessing': 54, 'n_features_before_preprocessing': 54, 'n_labeled': 50, 'n_pseudo_added_last_iter': nan, 'n_pseudo_added_total': nan, 'n_unlabeled': 66936, 'neural_method': nan, 'neural_validation_strategy': 'external_val', 'pretrain_epochs_trained': nan, 'protocol': 'inductive', 'pseudo_label_class_distribution': nan, 'pseudo_label_fraction': nan, 'reference_family': 'Geometric attention SSL', 'runtime_seconds': 15.1642, 'seed': 1, 'self_training_iterations': nan, 'status': 'success', 'stopped_reason': nan, 'test_class_counts': '{0:337,1:5758,2:2947,3:7705}', 'test_size': 16747, 'timestamp_utc': '2026-07-29T15:02:50.068202+00:00', 'train_labeled_size': 40, 'train_pool_class_counts': '{0:1350,1:23032,2:11787,3:30817}', 'unlabeled_class_counts': '{0:1346,1:23016,2:11777,3:30797}', 'val_class_counts': '{0:1,1:3,2:2,3:4}', 'val_size': 10, 'validation_strategy': 'stratified_labeled_val'}",,True,
,,,,nogit:a6fc4d94b43f557a,,12.4,jannis,gpu,False,,,3f9236be15390304,,ssl-representation,"{'cuda_available': True, 'cuda_version': '12.4', 'env_name': None, 'env_prefix': '/private/ofirlin-lab/suissad4/envs/micromamba', 'gpu_count': 1, 'gpu_name': 'NVIDIA A100 80GB PCIe', 'hostname': 'dsiuriofir01', 'packages': {'catboost': '1.2.10', 'lightgbm': '4.7.0', 'numpy': '2.4.6', 'pandas': '3.0.3', 'scikit-learn': '1.9.0', 'tabicl': '2.1.1', 'tabpfn': '8.1.0', 'torch': '2.6.0+cu124', 'xgboost': None}, 'platform': 'Linux-5.14.0-687.15.1.el9_8.x86_64-x86_64-with-glibc2.34', 'python': '3.11.15 | packaged by conda-forge | (main, Jun 11 2026, 03:34:02) [GCC 14.3.0]', 'python_version': '3.11.15', 'torch_available': True, 'torch_version': '2.6.0+cu124'}",,,NVIDIA A100 80GB PCIe,dsiuriofir01,processed,,geometric_attention_ssl,{'max_epochs': 20},f91f182ea85952e6,geometric_ssl,novel_experimental,0.52869170597719,,0.31547745889306955,0.5716133986436821,0.030611536059690733,1.0167081395919637,0.2795749277328359,1.0167081395919637,0.7037610225114528,100,,True,,,,inductive,Combined geometric-attention SSL,jannis__geometric_attention_ssl__s2__n100__e21f3f9b04589341,14.7309,2,69,18895676,b9c1f48daae0a38670909bfcee77dc8488c635820805cd7f3886f35130ed7e69,v1_absolute_budget,success,True,2026-07-29T15:03:50.692054+00:00,"{'all_classes_present_in_labeled': True, 'best_epoch': 18, 'best_val_loss': 1.186314344406128, 'dataset': 'jannis', 'dataset_id': 41168, 'epochs_trained': 20, 'error_message': None, 'final_train_loss': nan, 'finetune_epochs_trained': nan, 'graph_n_neighbors_used': nan, 'graph_n_rows': nan, 'graph_n_unlabeled_used': nan, 'graph_retry_count': nan, 'input_view': 'processed', 'labeled_class_counts': '{0:7,1:32,2:19,3:42}', 'labeled_classes_present': 4, 'max_labeled_per_class': 42, 'max_selected_confidence': nan, 'mean_selected_confidence': nan, 'mean_selected_density': nan, 'method': 'geometric_attention_ssl', 'method_diagnostics': {'attention_entropy': 2.022908926010132, 'attention_k': 8, 'attention_labeled_fraction': 0.5, 'attention_memory': 'labeled_plus_unlabeled', 'best_epoch': 18, 'best_val_loss': 1.186314344406128, 'collapse_diagnostics': {'constant_prediction_suspect': False, 'effective_embedding_rank': 32, 'embedding_variance_mean': 0.04500196501612663, 'max_pred_class_fraction': 0.6429680733506555, 'pred_class_fraction': [0.0, 0.35703192664934447, 0.0, 0.6429680733506555], 'representation_collapse_suspect': False}, 'component_flags': {'use_consistency': True, 'use_laplacian': True, 'use_margin': True, 'use_prototype': True, 'use_pseudo': True, 'use_retrieval': True}, 'epochs_trained': 20, 'graph_affinity_mean': 0.4098255887804097, 'graph_affinity_std': 0.03193939224560443, 'graph_backend': 'sklearn', 'graph_build_time_seconds': 6.57024594489485, 'graph_k': 10, 'graph_metric': 'euclidean', 'graph_mutual': True, 'graph_n_connected_components': 11745, 'graph_n_edges': 104534, 'graph_n_isolated_nodes': 10355, 'graph_n_nodes': 66966, 'labeled_attention_mass': 0.4670061618089676, 'loss_components': {'consistency': 0.005409411853179336, 'gradient_norm': 0.7065933001077906, 'lap': 0.013220117427408695, 'margin': 0.21894674748182297, 'pl': 0.0, 'proto': 0.0, 'ramp': 1.0, 'retrieval_strength': 1.0, 'sup': 0.8406834900379181, 'weighted_consistency': 0.0005409411853179336, 'weighted_lap': 0.003966035228222608, 'weighted_margin': 0.021894674748182297, 'weighted_pl': 0.0, 'weighted_proto': 0.0}, 'loss_history_tail': [{'consistency': 0.0017767520621418953, 'gradient_norm': 0.6720593626491552, 'lap': 0.00714681320823729, 'margin': 0.44298338890075684, 'pl': 0.0, 'proto': 0.0, 'ramp': 1.0, 'retrieval_strength': 1.0, 'sup': 1.0486940443515778, 'weighted_consistency': 0.00017767520621418955, 'weighted_lap': 0.002144043962471187, 'weighted_margin': 0.044298338890075686, 'weighted_pl': 0.0, 'weighted_proto': 0.0}, {'consistency': 0.0026546797016635537, 'gradient_norm': 0.6377558610046611, 'lap': 0.008449997287243605, 'margin': 0.41050320863723755, 'pl': 0.0, 'proto': 0.0, 'ramp': 1.0, 'retrieval_strength': 1.0, 'sup': 1.0111596286296844, 'weighted_consistency': 0.00026546797016635537, 'weighted_lap': 0.0025349991861730813, 'weighted_margin': 0.04105032086372376, 'weighted_pl': 0.0, 'weighted_proto': 0.0}, {'consistency': 0.002883611712604761, 'gradient_norm': 0.6609605903350505, 'lap': 0.009906328283250332, 'margin': 0.3211893141269684, 'pl': 0.0, 'proto': 0.0, 'ramp': 1.0, 'retrieval_strength': 1.0, 'sup': 0.9502165913581848, 'weighted_consistency': 0.0002883611712604761, 'weighted_lap': 0.0029718984849750993, 'weighted_margin': 0.03211893141269684, 'weighted_pl': 0.0, 'weighted_proto': 0.0}, {'consistency': 0.0028233081684447825, 'gradient_norm': 0.48668972495717144, 'lap': 0.011503511108458042, 'margin': 0.25853095948696136, 'pl': 0.0, 'proto': 0.0, 'ramp': 1.0, 'retrieval_strength': 1.0, 'sup': 0.9825457334518433, 'weighted_consistency': 0.00028233081684447825, 'weighted_lap': 0.0034510533325374125, 'weighted_margin': 0.02585309594869614, 'weighted_pl': 0.0, 'weighted_proto': 0.0}, {'consistency': 0.005409411853179336, 'gradient_norm': 0.7065933001077906, 'lap': 0.013220117427408695, 'margin': 0.21894674748182297, 'pl': 0.0, 'proto': 0.0, 'ramp': 1.0, 'retrieval_strength': 1.0, 'sup': 0.8406834900379181, 'weighted_consistency': 0.0005409411853179336, 'weighted_lap': 0.003966035228222608, 'weighted_margin': 0.021894674748182297, 'weighted_pl': 0.0, 'weighted_proto': 0.0}], 'method': 'geometric_attention_ssl', 'method_fidelity': 'reimplementation', 'n_labeled': 80, 'n_unlabeled': 66886, 'neural_validation_strategy': 'external_val', 'no_val_test_in_memory': True, 'protocol': 'inductive', 'reference_family': 'Geometric attention SSL', 'selected_retrieval_strength': 1.0, 'unlabeled_attention_mass': 0.5402353703975677, 'uses_unlabeled_data': True}, 'method_fidelity': 'reimplementation', 'metric_accuracy': 0.52869170597719, 'metric_average_precision': None, 'metric_balanced_accuracy': 0.31547745889306955, 'metric_brier': 0.5716133986436821, 'metric_ece': 0.030611536059690733, 'metric_log_loss': 1.0167081395919637, 'metric_macro_f1': 0.2795749277328359, 'metric_nll': 1.0167081395919637, 'metric_roc_auc': 0.7037610225114528, 'min_labeled_per_class': 7, 'min_selected_confidence': nan, 'n_classes': 4, 'n_features_after_preprocessing': 54, 'n_features_before_preprocessing': 54, 'n_labeled': 100, 'n_pseudo_added_last_iter': nan, 'n_pseudo_added_total': nan, 'n_unlabeled': 66886, 'neural_method': nan, 'neural_validation_strategy': 'external_val', 'pretrain_epochs_trained': nan, 'protocol': 'inductive', 'pseudo_label_class_distribution': nan, 'pseudo_label_fraction': nan, 'reference_family': 'Geometric attention SSL', 'runtime_seconds': 14.7309, 'seed': 2, 'self_training_iterations': nan, 'status': 'success', 'stopped_reason': nan, 'test_class_counts': '{0:337,1:5758,2:2947,3:7705}', 'test_size': 16747, 'timestamp_utc': '2026-07-29T15:03:35.942297+00:00', 'train_labeled_size': 80, 'train_pool_class_counts': '{0:1350,1:23032,2:11787,3:30817}', 'unlabeled_class_counts': '{0:1343,1:23000,2:11768,3:30775}', 'val_class_counts': '{0:2,1:6,2:4,3:8}', 'val_size': 20, 'validation_strategy': 'stratified_labeled_val'}",,True,
,,,,nogit:a6fc4d94b43f557a,,12.4,jannis,gpu,False,,,3f9236be15390304,,ssl-representation,"{'cuda_available': True, 'cuda_version': '12.4', 'env_name': None, 'env_prefix': '/private/ofirlin-lab/suissad4/envs/micromamba', 'gpu_count': 1, 'gpu_name': 'NVIDIA A100 80GB PCIe', 'hostname': 'dsiuriofir01', 'packages': {'catboost': '1.2.10', 'lightgbm': '4.7.0', 'numpy': '2.4.6', 'pandas': '3.0.3', 'scikit-learn': '1.9.0', 'tabicl': '2.1.1', 'tabpfn': '8.1.0', 'torch': '2.6.0+cu124', 'xgboost': None}, 'platform': 'Linux-5.14.0-687.15.1.el9_8.x86_64-x86_64-with-glibc2.34', 'python': '3.11.15 | packaged by conda-forge | (main, Jun 11 2026, 03:34:02) [GCC 14.3.0]', 'python_version': '3.11.15', 'torch_available': True, 'torch_version': '2.6.0+cu124'}",,,NVIDIA A100 80GB PCIe,dsiuriofir01,processed,,geometric_attention_ssl,{'max_epochs': 20},f91f182ea85952e6,geometric_ssl,novel_experimental,0.5452319818474951,,0.3299179101096598,0.5535926679342661,0.02193210795725451,0.9828055495208453,0.2942505151081738,0.9828055495208453,0.7151810224425366,250,,True,,,,inductive,Combined geometric-attention SSL,jannis__geometric_attention_ssl__s2__n250__b826da78c6ca8154,16.7267,2,70,18895677,b9c1f48daae0a38670909bfcee77dc8488c635820805cd7f3886f35130ed7e69,v1_absolute_budget,success,True,2026-07-29T15:04:06.831539+00:00,"{'all_classes_present_in_labeled': True, 'best_epoch': 13, 'best_val_loss': 1.0437202453613281, 'dataset': 'jannis', 'dataset_id': 41168, 'epochs_trained': 18, 'error_message': None, 'final_train_loss': nan, 'finetune_epochs_trained': nan, 'graph_n_neighbors_used': nan, 'graph_n_rows': nan, 'graph_n_unlabeled_used': nan, 'graph_retry_count': nan, 'input_view': 'processed', 'labeled_class_counts': '{0:10,1:84,2:45,3:111}', 'labeled_classes_present': 4, 'max_labeled_per_class': 111, 'max_selected_confidence': nan, 'mean_selected_confidence': nan, 'mean_selected_density': nan, 'method': 'geometric_attention_ssl', 'method_diagnostics': {'attention_entropy': 2.003673702478409, 'attention_k': 8, 'attention_labeled_fraction': 0.5, 'attention_memory': 'labeled_plus_unlabeled', 'best_epoch': 13, 'best_val_loss': 1.0437202453613281, 'collapse_diagnostics': {'constant_prediction_suspect': False, 'effective_embedding_rank': 32, 'embedding_variance_mean': 0.055504001677036285, 'max_pred_class_fraction': 0.5641657702880364, 'pred_class_fraction': [0.0, 0.43583422971196367, 0.0, 0.5641657702880364], 'representation_collapse_suspect': False}, 'component_flags': {'use_consistency': True, 'use_laplacian': True, 'use_margin': True, 'use_prototype': True, 'use_pseudo': True, 'use_retrieval': True}, 'epochs_trained': 18, 'graph_affinity_mean': 0.40982787157869144, 'graph_affinity_std': 0.031946237548824925, 'graph_backend': 'sklearn', 'graph_build_time_seconds': 6.49513079598546, 'graph_k': 10, 'graph_metric': 'euclidean', 'graph_mutual': True, 'graph_n_connected_components': 11740, 'graph_n_edges': 104480, 'graph_n_isolated_nodes': 10355, 'graph_n_nodes': 66936, 'labeled_attention_mass': 0.5795866400003433, 'loss_components': {'consistency': 0.008653688768390566, 'gradient_norm': 0.8110322545938191, 'lap': 0.018297334667295218, 'margin': 0.05965373199433088, 'pl': 0.0, 'proto': 0.0, 'ramp': 1.0, 'retrieval_strength': 1.0, 'sup': 0.88186976313591, 'weighted_consistency': 0.0008653688768390567, 'weighted_lap': 0.005489200400188565, 'weighted_margin': 0.0059653731994330885, 'weighted_pl': 0.0, 'weighted_proto': 0.0}, 'loss_history_tail': [{'consistency': 0.007082286290824413, 'gradient_norm': 0.9495646501896013, 'lap': 0.012182442471385002, 'margin': 0.14260311797261238, 'pl': 0.038151815533638, 'proto': 0.03042972832918167, 'ramp': 1.0, 'retrieval_strength': 1.0, 'sup': 1.0327925235033035, 'weighted_consistency': 0.0007082286290824414, 'weighted_lap': 0.0036547327414155006, 'weighted_margin': 0.01426031179726124, 'weighted_pl': 0.0114455446600914, 'weighted_proto': 0.009128918498754501}, {'consistency': 0.00820349040441215, 'gradient_norm': 0.5785681100908748, 'lap': 0.013268697308376431, 'margin': 0.09680497273802757, 'pl': 0.0, 'proto': 0.0, 'ramp': 1.0, 'retrieval_strength': 1.0, 'sup': 0.9333515167236328, 'weighted_consistency': 0.0008203490404412151, 'weighted_lap': 0.00398060919251293, 'weighted_margin': 0.009680497273802758, 'weighted_pl': 0.0, 'weighted_proto': 0.0}, {'consistency': 0.008989548310637474, 'gradient_norm': 0.7901222550982385, 'lap': 0.014550929656252265, 'margin': 0.06675241887569427, 'pl': 0.0, 'proto': 0.0, 'ramp': 1.0, 'retrieval_strength': 1.0, 'sup': 0.8872526437044144, 'weighted_consistency': 0.0008989548310637474, 'weighted_lap': 0.004365278896875679, 'weighted_margin': 0.006675241887569428, 'weighted_pl': 0.0, 'weighted_proto': 0.0}, {'consistency': 0.009689985774457455, 'gradient_norm': 0.8558536005404684, 'lap': 0.01638139341957867, 'margin': 0.03431954374536872, 'pl': 0.0, 'proto': 0.0, 'ramp': 1.0, 'retrieval_strength': 1.0, 'sup': 0.9734863191843033, 'weighted_consistency': 0.0009689985774457455, 'weighted_lap': 0.004914418025873601, 'weighted_margin': 0.003431954374536872, 'weighted_pl': 0.0, 'weighted_proto': 0.0}, {'consistency': 0.008653688768390566, 'gradient_norm': 0.8110322545938191, 'lap': 0.018297334667295218, 'margin': 0.05965373199433088, 'pl': 0.0, 'proto': 0.0, 'ramp': 1.0, 'retrieval_strength': 1.0, 'sup': 0.88186976313591, 'weighted_consistency': 0.0008653688768390567, 'weighted_lap': 0.005489200400188565, 'weighted_margin': 0.0059653731994330885, 'weighted_pl': 0.0, 'weighted_proto': 0.0}], 'method': 'geometric_attention_ssl', 'method_fidelity': 'reimplementation', 'n_labeled': 200, 'n_unlabeled': 66736, 'neural_validation_strategy': 'external_val', 'no_val_test_in_memory': True, 'protocol': 'inductive', 'reference_family': 'Geometric attention SSL', 'selected_retrieval_strength': 1.0, 'unlabeled_attention_mass': 0.42402009665966034, 'uses_unlabeled_data': True}, 'method_fidelity': 'reimplementation', 'metric_accuracy': 0.5452319818474951, 'metric_average_precision': None, 'metric_balanced_accuracy': 0.3299179101096598, 'metric_brier': 0.5535926679342661, 'metric_ece': 0.02193210795725451, 'metric_log_loss': 0.9828055495208453, 'metric_macro_f1': 0.2942505151081738, 'metric_nll': 0.9828055495208453, 'metric_roc_auc': 0.7151810224425366, 'min_labeled_per_class': 10, 'min_selected_confidence': nan, 'n_classes': 4, 'n_features_after_preprocessing': 54, 'n_features_before_preprocessing': 54, 'n_labeled': 250, 'n_pseudo_added_last_iter': nan, 'n_pseudo_added_total': nan, 'n_unlabeled': 66736, 'neural_method': nan, 'neural_validation_strategy': 'external_val', 'pretrain_epochs_trained': nan, 'protocol': 'inductive', 'pseudo_label_class_distribution': nan, 'pseudo_label_fraction': nan, 'reference_family': 'Geometric attention SSL', 'runtime_seconds': 16.7267, 'seed': 2, 'self_training_iterations': nan, 'status': 'success', 'stopped_reason': nan, 'test_class_counts': '{0:337,1:5758,2:2947,3:7705}', 'test_size': 16747, 'timestamp_utc': '2026-07-29T15:03:50.084810+00:00', 'train_labeled_size': 200, 'train_pool_class_counts': '{0:1350,1:23032,2:11787,3:30817}', 'unlabeled_class_counts': '{0:1340,1:22948,2:11742,3:30706}', 'val_class_counts': '{0:2,1:17,2:9,3:22}', 'val_size': 50, 'validation_strategy': 'stratified_labeled_val'}",,True,
,,,,nogit:a6fc4d94b43f557a,,12.4,jannis,gpu,False,,,3f9236be15390304,,ssl-representation,"{'cuda_available': True, 'cuda_version': '12.4', 'env_name': None, 'env_prefix': '/private/ofirlin-lab/suissad4/envs/micromamba', 'gpu_count': 1, 'gpu_name': 'NVIDIA A100 80GB PCIe', 'hostname': 'dsiuriofir01', 'packages': {'catboost': '1.2.10', 'lightgbm': '4.7.0', 'numpy': '2.4.6', 'pandas': '3.0.3', 'scikit-learn': '1.9.0', 'tabicl': '2.1.1', 'tabpfn': '8.1.0', 'torch': '2.6.0+cu124', 'xgboost': None}, 'platform': 'Linux-5.14.0-687.15.1.el9_8.x86_64-x86_64-with-glibc2.34', 'python': '3.11.15 | packaged by conda-forge | (main, Jun 11 2026, 03:34:02) [GCC 14.3.0]', 'python_version': '3.11.15', 'torch_available': True, 'torch_version': '2.6.0+cu124'}",,,NVIDIA A100 80GB PCIe,dsiuriofir01,processed,,geometric_attention_ssl,{'max_epochs': 20},f91f182ea85952e6,geometric_ssl,novel_experimental,0.5443960112258912,,0.3341130576381658,0.5491754997792432,0.029340549088146067,0.9640980120200332,0.29856304620159546,0.9640980120200332,0.700585355036595,500,,True,,,,inductive,Combined geometric-attention SSL,jannis__geometric_attention_ssl__s2__n500__6b50bb683ade7678,17.7703,2,71,18895316,b9c1f48daae0a38670909bfcee77dc8488c635820805cd7f3886f35130ed7e69,v1_absolute_budget,success,True,2026-07-29T15:04:12.790780+00:00,"{'all_classes_present_in_labeled': True, 'best_epoch': 8, 'best_val_loss': 1.047953724861145, 'dataset': 'jannis', 'dataset_id': 41168, 'epochs_trained': 13, 'error_message': None, 'final_train_loss': nan, 'finetune_epochs_trained': nan, 'graph_n_neighbors_used': nan, 'graph_n_rows': nan, 'graph_n_unlabeled_used': nan, 'graph_retry_count': nan, 'input_view': 'processed', 'labeled_class_counts': '{0:15,1:170,2:89,3:226}', 'labeled_classes_present': 4, 'max_labeled_per_class': 226, 'max_selected_confidence': nan, 'mean_selected_confidence': nan, 'mean_selected_density': nan, 'method': 'geometric_attention_ssl', 'method_diagnostics': {'attention_entropy': 2.003118004117693, 'attention_k': 8, 'attention_labeled_fraction': 0.5, 'attention_memory': 'labeled_plus_unlabeled', 'best_epoch': 8, 'best_val_loss': 1.047953724861145, 'collapse_diagnostics': {'constant_prediction_suspect': False, 'effective_embedding_rank': 32, 'embedding_variance_mean': 0.07520022243261337, 'max_pred_class_fraction': 0.5042609813712885, 'pred_class_fraction': [0.0, 0.5042609813712885, 0.0, 0.49573901862871156], 'representation_collapse_suspect': False}, 'component_flags': {'use_consistency': True, 'use_laplacian': True, 'use_margin': True, 'use_prototype': True, 'use_pseudo': True, 'use_retrieval': True}, 'epochs_trained': 13, 'graph_affinity_mean': 0.40984058864374573, 'graph_affinity_std': 0.03194277063332006, 'graph_backend': 'sklearn', 'graph_build_time_seconds': 6.525272828061134, 'graph_k': 10, 'graph_metric': 'euclidean', 'graph_mutual': True, 'graph_n_connected_components': 11727, 'graph_n_edges': 104399, 'graph_n_isolated_nodes': 10342, 'graph_n_nodes': 66886, 'labeled_attention_mass': 0.5433350886617389, 'loss_components': {'consistency': 0.01996255572885275, 'gradient_norm': 0.8475099500740425, 'lap': 0.03197210282087326, 'margin': 0.0834074073604175, 'pl': 0.0799128572855677, 'proto': 0.053742053519402234, 'ramp': 1.0, 'retrieval_strength': 1.0, 'sup': 0.8416914343833923, 'weighted_consistency': 0.001996255572885275, 'weighted_lap': 0.009591630846261977, 'weighted_margin': 0.008340740736041751, 'weighted_pl': 0.02397385718567031, 'weighted_proto': 0.01612261605582067}, 'loss_history_tail': [{'consistency': 0.00960996188223362, 'gradient_norm': 0.6150060347803621, 'lap': 0.020634729149086133, 'margin': 0.15877057824816024, 'pl': 0.10057442049895014, 'proto': 0.06055511347949505, 'ramp': 1.0, 'retrieval_strength': 1.0, 'sup': 0.971642758165087, 'weighted_consistency': 0.000960996188223362, 'weighted_lap': 0.00619041874472584, 'weighted_margin': 0.015877057824816024, 'weighted_pl': 0.03017232614968504, 'weighted_proto': 0.018166534043848513}, {'consistency': 0.010307867878249713, 'gradient_norm': 0.6284827235012557, 'lap': 0.02255985140800476, 'margin': 0.12589541716235025, 'pl': 0.06331235063927514, 'proto': 0.0342564939388207, 'ramp': 1.0, 'retrieval_strength': 1.0, 'sup': 0.9179918851171222, 'weighted_consistency': 0.0010307867878249714, 'weighted_lap': 0.006767955422401428, 'weighted_margin': 0.012589541716235025, 'weighted_pl': 0.01899370519178254, 'weighted_proto': 0.01027694818164621}, {'consistency': 0.012545959358768803, 'gradient_norm': 0.7676608221730655, 'lap': 0.025509498747331754, 'margin': 0.11866521409579686, 'pl': 0.10667793239865984, 'proto': 0.058172499760985374, 'ramp': 1.0, 'retrieval_strength': 1.0, 'sup': 0.8920641030584063, 'weighted_consistency': 0.0012545959358768804, 'weighted_lap': 0.007652849624199526, 'weighted_margin': 0.011866521409579688, 'weighted_pl': 0.03200337971959795, 'weighted_proto': 0.017451749928295613}, {'consistency': 0.016115028943334306, 'gradient_norm': 0.5907984290279779, 'lap': 0.029347254761627743, 'margin': 0.11070449756724494, 'pl': 0.07661277907235282, 'proto': 0.03718427488846438, 'ramp': 1.0, 'retrieval_strength': 1.0, 'sup': 0.8733805673463004, 'weighted_consistency': 0.0016115028943334308, 'weighted_lap': 0.008804176428488323, 'weighted_margin': 0.011070449756724495, 'weighted_pl': 0.022983833721705847, 'weighted_proto': 0.011155282466539315}, {'consistency': 0.01996255572885275, 'gradient_norm': 0.8475099500740425, 'lap': 0.03197210282087326, 'margin': 0.0834074073604175, 'pl': 0.0799128572855677, 'proto': 0.053742053519402234, 'ramp': 1.0, 'retrieval_strength': 1.0, 'sup': 0.8416914343833923, 'weighted_consistency': 0.001996255572885275, 'weighted_lap': 0.009591630846261977, 'weighted_margin': 0.008340740736041751, 'weighted_pl': 0.02397385718567031, 'weighted_proto': 0.01612261605582067}], 'method': 'geometric_attention_ssl', 'method_fidelity': 'reimplementation', 'n_labeled': 400, 'n_unlabeled': 66486, 'neural_validation_strategy': 'external_val', 'no_val_test_in_memory': True, 'protocol': 'inductive', 'reference_family': 'Geometric attention SSL', 'selected_retrieval_strength': 1.0, 'unlabeled_attention_mass': 0.4516707445893969, 'uses_unlabeled_data': True}, 'method_fidelity': 'reimplementation', 'metric_accuracy': 0.5443960112258912, 'metric_average_precision': None, 'metric_balanced_accuracy': 0.3341130576381658, 'metric_brier': 0.5491754997792432, 'metric_ece': 0.029340549088146067, 'metric_log_loss': 0.9640980120200332, 'metric_macro_f1': 0.29856304620159546, 'metric_nll': 0.9640980120200332, 'metric_roc_auc': 0.700585355036595, 'min_labeled_per_class': 15, 'min_selected_confidence': nan, 'n_classes': 4, 'n_features_after_preprocessing': 54, 'n_features_before_preprocessing': 54, 'n_labeled': 500, 'n_pseudo_added_last_iter': nan, 'n_pseudo_added_total': nan, 'n_unlabeled': 66486, 'neural_method': nan, 'neural_validation_strategy': 'external_val', 'pretrain_epochs_trained': nan, 'protocol': 'inductive', 'pseudo_label_class_distribution': nan, 'pseudo_label_fraction': nan, 'reference_family': 'Geometric attention SSL', 'runtime_seconds': 17.7703, 'seed': 2, 'self_training_iterations': nan, 'status': 'success', 'stopped_reason': nan, 'test_class_counts': '{0:337,1:5758,2:2947,3:7705}', 'test_size': 16747, 'timestamp_utc': '2026-07-29T15:03:55.000706+00:00', 'train_labeled_size': 400, 'train_pool_class_counts': '{0:1350,1:23032,2:11787,3:30817}', 'unlabeled_class_counts': '{0:1335,1:22862,2:11698,3:30591}', 'val_class_counts': '{0:3,1:34,2:18,3:45}', 'val_size': 100, 'validation_strategy': 'stratified_labeled_val'}",,True,
,,,,nogit:a6fc4d94b43f557a,,12.4,jannis,gpu,False,,,3f9236be15390304,,ssl-representation,"{'cuda_available': True, 'cuda_version': '12.4', 'env_name': None, 'env_prefix': '/private/ofirlin-lab/suissad4/envs/micromamba', 'gpu_count': 1, 'gpu_name': 'NVIDIA A100 80GB PCIe', 'hostname': 'dsiuriofir01', 'packages': {'catboost': '1.2.10', 'lightgbm': '4.7.0', 'numpy': '2.4.6', 'pandas': '3.0.3', 'scikit-learn': '1.9.0', 'tabicl': '2.1.1', 'tabpfn': '8.1.0', 'torch': '2.6.0+cu124', 'xgboost': None}, 'platform': 'Linux-5.14.0-687.15.1.el9_8.x86_64-x86_64-with-glibc2.34', 'python': '3.11.15 | packaged by conda-forge | (main, Jun 11 2026, 03:34:02) [GCC 14.3.0]', 'python_version': '3.11.15', 'torch_available': True, 'torch_version': '2.6.0+cu124'}",,,NVIDIA A100 80GB PCIe,dsiuriofir01,processed,,geometric_attention_ssl,{'max_epochs': 20},f91f182ea85952e6,geometric_ssl,novel_experimental,0.465456499671583,,0.25439034797169596,0.6343018580718287,0.10034882745664553,1.1433526974943202,0.1693723932134985,1.1433526974943202,0.6411703045574088,50,,True,,,,inductive,Combined geometric-attention SSL,jannis__geometric_attention_ssl__s2__n50__0c9e5f978e2c76a7,14.7139,2,68,18895675,b9c1f48daae0a38670909bfcee77dc8488c635820805cd7f3886f35130ed7e69,v1_absolute_budget,success,True,2026-07-29T15:03:45.854487+00:00,"{'all_classes_present_in_labeled': True, 'best_epoch': 19, 'best_val_loss': 1.2168662548065186, 'dataset': 'jannis', 'dataset_id': 41168, 'epochs_trained': 20, 'error_message': None, 'final_train_loss': nan, 'finetune_epochs_trained': nan, 'graph_n_neighbors_used': nan, 'graph_n_rows': nan, 'graph_n_unlabeled_used': nan, 'graph_retry_count': nan, 'input_view': 'processed', 'labeled_class_counts': '{0:4,1:16,2:10,3:20}', 'labeled_classes_present': 4, 'max_labeled_per_class': 20, 'max_selected_confidence': nan, 'mean_selected_confidence': nan, 'mean_selected_density': nan, 'method': 'geometric_attention_ssl', 'method_diagnostics': {'attention_entropy': 1.9963001012802124, 'attention_k': 8, 'attention_labeled_fraction': 0.5, 'attention_memory': 'labeled_plus_unlabeled', 'best_epoch': 19, 'best_val_loss': 1.2168662548065186, 'collapse_diagnostics': {'constant_prediction_suspect': True, 'effective_embedding_rank': 32, 'embedding_variance_mean': 0.006851365324109793, 'max_pred_class_fraction': 0.984860248447205, 'pred_class_fraction': [0.0, 0.015139751552795032, 0.0, 0.984860248447205], 'representation_collapse_suspect': False}, 'component_flags': {'use_consistency': True, 'use_laplacian': True, 'use_margin': True, 'use_prototype': True, 'use_pseudo': True, 'use_retrieval': True}, 'epochs_trained': 20, 'graph_affinity_mean': 0.40982577083341426, 'graph_affinity_std': 0.03194165592372953, 'graph_backend': 'sklearn', 'graph_build_time_seconds': 6.549274197779596, 'graph_k': 10, 'graph_metric': 'euclidean', 'graph_mutual': True, 'graph_n_connected_components': 11758, 'graph_n_edges': 104548, 'graph_n_isolated_nodes': 10368, 'graph_n_nodes': 66976, 'labeled_attention_mass': 0.3758549392223358, 'loss_components': {'consistency': 0.00039460338302887976, 'gradient_norm': 0.25335355463661435, 'lap': 0.002693567890673876, 'margin': 0.6545856595039368, 'pl': 0.0, 'proto': 0.0, 'ramp': 1.0, 'retrieval_strength': 1.0, 'sup': 1.1745012998580933, 'weighted_consistency': 3.946033830288798e-05, 'weighted_lap': 0.0008080703672021627, 'weighted_margin': 0.06545856595039368, 'weighted_pl': 0.0, 'weighted_proto': 0.0}, 'loss_history_tail': [{'consistency': 0.0002472469350323081, 'gradient_norm': 0.30809006571163794, 'lap': 0.0014555028174072504, 'margin': 0.6961315870285034, 'pl': 0.0, 'proto': 0.0, 'ramp': 1.0, 'retrieval_strength': 1.0, 'sup': 1.2191110849380493, 'weighted_consistency': 2.472469350323081e-05, 'weighted_lap': 0.0004366508452221751, 'weighted_margin': 0.06961315870285034, 'weighted_pl': 0.0, 'weighted_proto': 0.0}, {'consistency': 0.0002753685985226184, 'gradient_norm': 0.3052274796826541, 'lap': 0.0016918587498366833, 'margin': 0.6895052194595337, 'pl': 0.0, 'proto': 0.0, 'ramp': 1.0, 'retrieval_strength': 1.0, 'sup': 1.2017953395843506, 'weighted_consistency': 2.7536859852261843e-05, 'weighted_lap': 0.000507557624951005, 'weighted_margin': 0.06895052194595337, 'weighted_pl': 0.0, 'weighted_proto': 0.0}, {'consistency': 0.00021134658891241997, 'gradient_norm': 0.27125052011890405, 'lap': 0.0020016669295728207, 'margin': 0.6802851557731628, 'pl': 0.0, 'proto': 0.0, 'ramp': 1.0, 'retrieval_strength': 1.0, 'sup': 1.1978187561035156, 'weighted_consistency': 2.1134658891242e-05, 'weighted_lap': 0.0006005000788718461, 'weighted_margin': 0.06802851557731629, 'weighted_pl': 0.0, 'weighted_proto': 0.0}, {'consistency': 0.0002637444413267076, 'gradient_norm': 0.2682767107215266, 'lap': 0.002312238095328212, 'margin': 0.667582631111145, 'pl': 0.0, 'proto': 0.0, 'ramp': 1.0, 'retrieval_strength': 1.0, 'sup': 1.189105749130249, 'weighted_consistency': 2.637444413267076e-05, 'weighted_lap': 0.0006936714285984636, 'weighted_margin': 0.0667582631111145, 'weighted_pl': 0.0, 'weighted_proto': 0.0}, {'consistency': 0.00039460338302887976, 'gradient_norm': 0.25335355463661435, 'lap': 0.002693567890673876, 'margin': 0.6545856595039368, 'pl': 0.0, 'proto': 0.0, 'ramp': 1.0, 'retrieval_strength': 1.0, 'sup': 1.1745012998580933, 'weighted_consistency': 3.946033830288798e-05, 'weighted_lap': 0.0008080703672021627, 'weighted_margin': 0.06545856595039368, 'weighted_pl': 0.0, 'weighted_proto': 0.0}], 'method': 'geometric_attention_ssl', 'method_fidelity': 'reimplementation', 'n_labeled': 40, 'n_unlabeled': 66936, 'neural_validation_strategy': 'external_val', 'no_val_test_in_memory': True, 'protocol': 'inductive', 'reference_family': 'Geometric attention SSL', 'selected_retrieval_strength': 1.0, 'unlabeled_attention_mass': 0.611741840839386, 'uses_unlabeled_data': True}, 'method_fidelity': 'reimplementation', 'metric_accuracy': 0.465456499671583, 'metric_average_precision': None, 'metric_balanced_accuracy': 0.25439034797169596, 'metric_brier': 0.6343018580718287, 'metric_ece': 0.10034882745664553, 'metric_log_loss': 1.1433526974943202, 'metric_macro_f1': 0.1693723932134985, 'metric_nll': 1.1433526974943202, 'metric_roc_auc': 0.6411703045574088, 'min_labeled_per_class': 4, 'min_selected_confidence': nan, 'n_classes': 4, 'n_features_after_preprocessing': 54, 'n_features_before_preprocessing': 54, 'n_labeled': 50, 'n_pseudo_added_last_iter': nan, 'n_pseudo_added_total': nan, 'n_unlabeled': 66936, 'neural_method': nan, 'neural_validation_strategy': 'external_val', 'pretrain_epochs_trained': nan, 'protocol': 'inductive', 'pseudo_label_class_distribution': nan, 'pseudo_label_fraction': nan, 'reference_family': 'Geometric attention SSL', 'runtime_seconds': 14.7139, 'seed': 2, 'self_training_iterations': nan, 'status': 'success', 'stopped_reason': nan, 'test_class_counts': '{0:337,1:5758,2:2947,3:7705}', 'test_size': 16747, 'timestamp_utc': '2026-07-29T15:03:31.118786+00:00', 'train_labeled_size': 40, 'train_pool_class_counts': '{0:1350,1:23032,2:11787,3:30817}', 'unlabeled_class_counts': '{0:1346,1:23016,2:11777,3:30797}', 'val_class_counts': '{0:1,1:3,2:2,3:4}', 'val_size': 10, 'validation_strategy': 'stratified_labeled_val'}",,True,
,,,,nogit:a6fc4d94b43f557a,,12.4,jannis,gpu,False,,,3f9236be15390304,,ssl-representation,"{'cuda_available': True, 'cuda_version': '12.4', 'env_name': None, 'env_prefix': '/private/ofirlin-lab/suissad4/envs/micromamba', 'gpu_count': 1, 'gpu_name': 'NVIDIA A100 80GB PCIe', 'hostname': 'dsiuriofir01', 'packages': {'catboost': '1.2.10', 'lightgbm': '4.7.0', 'numpy': '2.4.6', 'pandas': '3.0.3', 'scikit-learn': '1.9.0', 'tabicl': '2.1.1', 'tabpfn': '8.1.0', 'torch': '2.6.0+cu124', 'xgboost': None}, 'platform': 'Linux-5.14.0-687.15.1.el9_8.x86_64-x86_64-with-glibc2.34', 'python': '3.11.15 | packaged by conda-forge | (main, Jun 11 2026, 03:34:02) [GCC 14.3.0]', 'python_version': '3.11.15', 'torch_available': True, 'torch_version': '2.6.0+cu124'}",,,NVIDIA A100 80GB PCIe,dsiuriofir01,processed,,unlabeled_attention_ssl,{},44136fa355b3678a,geometric_ssl,novel_experimental,0.5250492625544874,,0.38275790161565343,0.5972525916295993,0.08927907148587388,1.061159128700548,0.37851959163029525,1.061159128700548,0.6957648414814575,100,,True,,,,inductive,Retrieval attention over labeled and unlabeled training memory,jannis__unlabeled_attention_ssl__s0__n100__2ff7f44b64e5b933,8.0008,0,37,18895642,b9c1f48daae0a38670909bfcee77dc8488c635820805cd7f3886f35130ed7e69,v1_absolute_budget,success,True,2026-07-29T15:00:09.445925+00:00,"{'all_classes_present_in_labeled': True, 'best_epoch': 27, 'best_val_loss': 0.4946166127920151, 'dataset': 'jannis', 'dataset_id': 41168, 'epochs_trained': nan, 'error_message': None, 'final_train_loss': nan, 'finetune_epochs_trained': nan, 'graph_n_neighbors_used': nan, 'graph_n_rows': nan, 'graph_n_unlabeled_used': nan, 'graph_retry_count': nan, 'input_view': 'processed', 'labeled_class_counts': '{0:7,1:32,2:19,3:42}', 'labeled_classes_present': 4, 'max_labeled_per_class': 42, 'max_selected_confidence': nan, 'mean_selected_confidence': nan, 'mean_selected_density': nan, 'method': 'unlabeled_attention_ssl', 'method_diagnostics': {'attention_k': 8, 'best_epoch': 27, 'best_val_loss': 0.4946166127920151, 'labeled_attention_mass': 0.0015625, 'memory_contains_val_or_test': False, 'memory_mode': 'labeled_plus_unlabeled', 'memory_size': 66966, 'method_fidelity': 'novel_experimental', 'protocol': 'inductive', 'unlabeled_attention_mass': 0.9984375, 'uses_unlabeled_data': True}, 'method_fidelity': 'novel_experimental', 'metric_accuracy': 0.5250492625544874, 'metric_average_precision': None, 'metric_balanced_accuracy': 0.38275790161565343, 'metric_brier': 0.5972525916295993, 'metric_ece': 0.08927907148587388, 'metric_log_loss': 1.061159128700548, 'metric_macro_f1': 0.37851959163029525, 'metric_nll': 1.061159128700548, 'metric_roc_auc': 0.6957648414814575, 'min_labeled_per_class': 7, 'min_selected_confidence': nan, 'n_classes': 4, 'n_features_after_preprocessing': 54, 'n_features_before_preprocessing': 54, 'n_labeled': 100, 'n_pseudo_added_last_iter': nan, 'n_pseudo_added_total': nan, 'n_unlabeled': 66886, 'neural_method': nan, 'neural_validation_strategy': nan, 'pretrain_epochs_trained': nan, 'protocol': 'inductive', 'pseudo_label_class_distribution': nan, 'pseudo_label_fraction': nan, 'reference_family': nan, 'runtime_seconds': 8.0008, 'seed': 0, 'self_training_iterations': nan, 'status': 'success', 'stopped_reason': nan, 'test_class_counts': '{0:337,1:5758,2:2947,3:7705}', 'test_size': 16747, 'timestamp_utc': '2026-07-29T15:00:01.408463+00:00', 'train_labeled_size': 80, 'train_pool_class_counts': '{0:1350,1:23032,2:11787,3:30817}', 'unlabeled_class_counts': '{0:1343,1:23000,2:11768,3:30775}', 'val_class_counts': '{0:2,1:6,2:4,3:8}', 'val_size': 20, 'validation_strategy': 'stratified_labeled_val'}",,True,
,,,,nogit:a6fc4d94b43f557a,,12.4,jannis,gpu,False,,,3f9236be15390304,,ssl-representation,"{'cuda_available': True, 'cuda_version': '12.4', 'env_name': None, 'env_prefix': '/private/ofirlin-lab/suissad4/envs/micromamba', 'gpu_count': 1, 'gpu_name': 'NVIDIA A100 80GB PCIe', 'hostname': 'dsiuriofir01', 'packages': {'catboost': '1.2.10', 'lightgbm': '4.7.0', 'numpy': '2.4.6', 'pandas': '3.0.3', 'scikit-learn': '1.9.0', 'tabicl': '2.1.1', 'tabpfn': '8.1.0', 'torch': '2.6.0+cu124', 'xgboost': None}, 'platform': 'Linux-5.14.0-687.15.1.el9_8.x86_64-x86_64-with-glibc2.34', 'python': '3.11.15 | packaged by conda-forge | (main, Jun 11 2026, 03:34:02) [GCC 14.3.0]', 'python_version': '3.11.15', 'torch_available': True, 'torch_version': '2.6.0+cu124'}",,,NVIDIA A100 80GB PCIe,dsiuriofir01,processed,,unlabeled_attention_ssl,{},44136fa355b3678a,geometric_ssl,novel_experimental,0.5334686809577834,,0.3822340788844102,0.7091626461064762,0.27930767842505744,1.4829878273978763,0.3823109106211196,1.4829878273978763,0.6860697198128327,250,,True,,,,inductive,Retrieval attention over labeled and unlabeled training memory,jannis__unlabeled_attention_ssl__s0__n250__1895755114b9c635,9.1719,0,38,18895643,b9c1f48daae0a38670909bfcee77dc8488c635820805cd7f3886f35130ed7e69,v1_absolute_budget,success,True,2026-07-29T15:00:16.579101+00:00,"{'all_classes_present_in_labeled': True, 'best_epoch': 29, 'best_val_loss': 0.30098380893468857, 'dataset': 'jannis', 'dataset_id': 41168, 'epochs_trained': nan, 'error_message': None, 'final_train_loss': nan, 'finetune_epochs_trained': nan, 'graph_n_neighbors_used': nan, 'graph_n_rows': nan, 'graph_n_unlabeled_used': nan, 'graph_retry_count': nan, 'input_view': 'processed', 'labeled_class_counts': '{0:10,1:84,2:45,3:111}', 'labeled_classes_present': 4, 'max_labeled_per_class': 111, 'max_selected_confidence': nan, 'mean_selected_confidence': nan, 'mean_selected_density': nan, 'method': 'unlabeled_attention_ssl', 'method_diagnostics': {'attention_k': 8, 'best_epoch': 29, 'best_val_loss': 0.30098380893468857, 'labeled_attention_mass': 0.005859375, 'memory_contains_val_or_test': False, 'memory_mode': 'labeled_plus_unlabeled', 'memory_size': 66936, 'method_fidelity': 'novel_experimental', 'protocol': 'inductive', 'unlabeled_attention_mass': 0.994140625, 'uses_unlabeled_data': True}, 'method_fidelity': 'novel_experimental', 'metric_accuracy': 0.5334686809577834, 'metric_average_precision': None, 'metric_balanced_accuracy': 0.3822340788844102, 'metric_brier': 0.7091626461064762, 'metric_ece': 0.27930767842505744, 'metric_log_loss': 1.4829878273978763, 'metric_macro_f1': 0.3823109106211196, 'metric_nll': 1.4829878273978763, 'metric_roc_auc': 0.6860697198128327, 'min_labeled_per_class': 10, 'min_selected_confidence': nan, 'n_classes': 4, 'n_features_after_preprocessing': 54, 'n_features_before_preprocessing': 54, 'n_labeled': 250, 'n_pseudo_added_last_iter': nan, 'n_pseudo_added_total': nan, 'n_unlabeled': 66736, 'neural_method': nan, 'neural_validation_strategy': nan, 'pretrain_epochs_trained': nan, 'protocol': 'inductive', 'pseudo_label_class_distribution': nan, 'pseudo_label_fraction': nan, 'reference_family': nan, 'runtime_seconds': 9.1719, 'seed': 0, 'self_training_iterations': nan, 'status': 'success', 'stopped_reason': nan, 'test_class_counts': '{0:337,1:5758,2:2947,3:7705}', 'test_size': 16747, 'timestamp_utc': '2026-07-29T15:00:07.372170+00:00', 'train_labeled_size': 200, 'train_pool_class_counts': '{0:1350,1:23032,2:11787,3:30817}', 'unlabeled_class_counts': '{0:1340,1:22948,2:11742,3:30706}', 'val_class_counts': '{0:2,1:17,2:9,3:22}', 'val_size': 50, 'validation_strategy': 'stratified_labeled_val'}",,True,
,,,,nogit:a6fc4d94b43f557a,,12.4,jannis,gpu,False,,,3f9236be15390304,,ssl-representation,"{'cuda_available': True, 'cuda_version': '12.4', 'env_name': None, 'env_prefix': '/private/ofirlin-lab/suissad4/envs/micromamba', 'gpu_count': 1, 'gpu_name': 'NVIDIA A100 80GB PCIe', 'hostname': 'dsiuriofir01', 'packages': {'catboost': '1.2.10', 'lightgbm': '4.7.0', 'numpy': '2.4.6', 'pandas': '3.0.3', 'scikit-learn': '1.9.0', 'tabicl': '2.1.1', 'tabpfn': '8.1.0', 'torch': '2.6.0+cu124', 'xgboost': None}, 'platform': 'Linux-5.14.0-687.15.1.el9_8.x86_64-x86_64-with-glibc2.34', 'python': '3.11.15 | packaged by conda-forge | (main, Jun 11 2026, 03:34:02) [GCC 14.3.0]', 'python_version': '3.11.15', 'torch_available': True, 'torch_version': '2.6.0+cu124'}",,,NVIDIA A100 80GB PCIe,dsiuriofir01,processed,,unlabeled_attention_ssl,{},44136fa355b3678a,geometric_ssl,novel_experimental,0.5531139905654744,,0.39484356140035687,0.7135086696261347,0.29249885524662106,1.671248844766142,0.394773243445236,1.671248844766142,0.6937048445814917,500,,True,,,,inductive,Retrieval attention over labeled and unlabeled training memory,jannis__unlabeled_attention_ssl__s0__n500__96cc468ac8dd626b,11.6315,0,39,18895644,b9c1f48daae0a38670909bfcee77dc8488c635820805cd7f3886f35130ed7e69,v1_absolute_budget,success,True,2026-07-29T15:00:25.448509+00:00,"{'all_classes_present_in_labeled': True, 'best_epoch': 29, 'best_val_loss': 0.23197924665042333, 'dataset': 'jannis', 'dataset_id': 41168, 'epochs_trained': nan, 'error_message': None, 'final_train_loss': nan, 'finetune_epochs_trained': nan, 'graph_n_neighbors_used': nan, 'graph_n_rows': nan, 'graph_n_unlabeled_used': nan, 'graph_retry_count': nan, 'input_view': 'processed', 'labeled_class_counts': '{0:15,1:170,2:89,3:226}', 'labeled_classes_present': 4, 'max_labeled_per_class': 226, 'max_selected_confidence': nan, 'mean_selected_confidence': nan, 'mean_selected_density': nan, 'method': 'unlabeled_attention_ssl', 'method_diagnostics': {'attention_k': 8, 'best_epoch': 29, 'best_val_loss': 0.23197924665042333, 'labeled_attention_mass': 0.0048828125, 'memory_contains_val_or_test': False, 'memory_mode': 'labeled_plus_unlabeled', 'memory_size': 66886, 'method_fidelity': 'novel_experimental', 'protocol': 'inductive', 'unlabeled_attention_mass': 0.9951171875, 'uses_unlabeled_data': True}, 'method_fidelity': 'novel_experimental', 'metric_accuracy': 0.5531139905654744, 'metric_average_precision': None, 'metric_balanced_accuracy': 0.39484356140035687, 'metric_brier': 0.7135086696261347, 'metric_ece': 0.29249885524662106, 'metric_log_loss': 1.671248844766142, 'metric_macro_f1': 0.394773243445236, 'metric_nll': 1.671248844766142, 'metric_roc_auc': 0.6937048445814917, 'min_labeled_per_class': 15, 'min_selected_confidence': nan, 'n_classes': 4, 'n_features_after_preprocessing': 54, 'n_features_before_preprocessing': 54, 'n_labeled': 500, 'n_pseudo_added_last_iter': nan, 'n_pseudo_added_total': nan, 'n_unlabeled': 66486, 'neural_method': nan, 'neural_validation_strategy': nan, 'pretrain_epochs_trained': nan, 'protocol': 'inductive', 'pseudo_label_class_distribution': nan, 'pseudo_label_fraction': nan, 'reference_family': nan, 'runtime_seconds': 11.6315, 'seed': 0, 'self_training_iterations': nan, 'status': 'success', 'stopped_reason': nan, 'test_class_counts': '{0:337,1:5758,2:2947,3:7705}', 'test_size': 16747, 'timestamp_utc': '2026-07-29T15:00:13.779163+00:00', 'train_labeled_size': 400, 'train_pool_class_counts': '{0:1350,1:23032,2:11787,3:30817}', 'unlabeled_class_counts': '{0:1335,1:22862,2:11698,3:30591}', 'val_class_counts': '{0:3,1:34,2:18,3:45}', 'val_size': 100, 'validation_strategy': 'stratified_labeled_val'}",,True,
,,,,nogit:a6fc4d94b43f557a,,12.4,jannis,gpu,False,,,3f9236be15390304,,ssl-representation,"{'cuda_available': True, 'cuda_version': '12.4', 'env_name': None, 'env_prefix': '/private/ofirlin-lab/suissad4/envs/micromamba', 'gpu_count': 1, 'gpu_name': 'NVIDIA A100 80GB PCIe', 'hostname': 'dsiuriofir01', 'packages': {'catboost': '1.2.10', 'lightgbm': '4.7.0', 'numpy': '2.4.6', 'pandas': '3.0.3', 'scikit-learn': '1.9.0', 'tabicl': '2.1.1', 'tabpfn': '8.1.0', 'torch': '2.6.0+cu124', 'xgboost': None}, 'platform': 'Linux-5.14.0-687.15.1.el9_8.x86_64-x86_64-with-glibc2.34', 'python': '3.11.15 | packaged by conda-forge | (main, Jun 11 2026, 03:34:02) [GCC 14.3.0]', 'python_version': '3.11.15', 'torch_available': True, 'torch_version': '2.6.0+cu124'}",,,NVIDIA A100 80GB PCIe,dsiuriofir01,processed,,unlabeled_attention_ssl,{},44136fa355b3678a,geometric_ssl,novel_experimental,0.5231981847495074,,0.3309267524317385,0.5837431142680384,0.04507651921007454,1.0529445307760954,0.3060242501943583,1.0529445307760954,0.6793894104361939,50,,True,,,,inductive,Retrieval attention over labeled and unlabeled training memory,jannis__unlabeled_attention_ssl__s0__n50__323df1734656453f,6.9254,0,36,18895641,b9c1f48daae0a38670909bfcee77dc8488c635820805cd7f3886f35130ed7e69,v1_absolute_budget,success,True,2026-07-29T14:59:57.216259+00:00,"{'all_classes_present_in_labeled': True, 'best_epoch': 29, 'best_val_loss': 0.799578845500946, 'dataset': 'jannis', 'dataset_id': 41168, 'epochs_trained': nan, 'error_message': None, 'final_train_loss': nan, 'finetune_epochs_trained': nan, 'graph_n_neighbors_used': nan, 'graph_n_rows': nan, 'graph_n_unlabeled_used': nan, 'graph_retry_count': nan, 'input_view': 'processed', 'labeled_class_counts': '{0:4,1:16,2:10,3:20}', 'labeled_classes_present': 4, 'max_labeled_per_class': 20, 'max_selected_confidence': nan, 'mean_selected_confidence': nan, 'mean_selected_density': nan, 'method': 'unlabeled_attention_ssl', 'method_diagnostics': {'attention_k': 8, 'best_epoch': 29, 'best_val_loss': 0.799578845500946, 'labeled_attention_mass': 0.0, 'memory_contains_val_or_test': False, 'memory_mode': 'labeled_plus_unlabeled', 'memory_size': 66976, 'method_fidelity': 'novel_experimental', 'protocol': 'inductive', 'unlabeled_attention_mass': 1.0, 'uses_unlabeled_data': True}, 'method_fidelity': 'novel_experimental', 'metric_accuracy': 0.5231981847495074, 'metric_average_precision': None, 'metric_balanced_accuracy': 0.3309267524317385, 'metric_brier': 0.5837431142680384, 'metric_ece': 0.04507651921007454, 'metric_log_loss': 1.0529445307760954, 'metric_macro_f1': 0.3060242501943583, 'metric_nll': 1.0529445307760954, 'metric_roc_auc': 0.6793894104361939, 'min_labeled_per_class': 4, 'min_selected_confidence': nan, 'n_classes': 4, 'n_features_after_preprocessing': 54, 'n_features_before_preprocessing': 54, 'n_labeled': 50, 'n_pseudo_added_last_iter': nan, 'n_pseudo_added_total': nan, 'n_unlabeled': 66936, 'neural_method': nan, 'neural_validation_strategy': nan, 'pretrain_epochs_trained': nan, 'protocol': 'inductive', 'pseudo_label_class_distribution': nan, 'pseudo_label_fraction': nan, 'reference_family': nan, 'runtime_seconds': 6.9254, 'seed': 0, 'self_training_iterations': nan, 'status': 'success', 'stopped_reason': nan, 'test_class_counts': '{0:337,1:5758,2:2947,3:7705}', 'test_size': 16747, 'timestamp_utc': '2026-07-29T14:59:50.252997+00:00', 'train_labeled_size': 40, 'train_pool_class_counts': '{0:1350,1:23032,2:11787,3:30817}', 'unlabeled_class_counts': '{0:1346,1:23016,2:11777,3:30797}', 'val_class_counts': '{0:1,1:3,2:2,3:4}', 'val_size': 10, 'validation_strategy': 'stratified_labeled_val'}",,True,
,,,,nogit:a6fc4d94b43f557a,,12.4,jannis,gpu,False,,,3f9236be15390304,,ssl-representation,"{'cuda_available': True, 'cuda_version': '12.4', 'env_name': None, 'env_prefix': '/private/ofirlin-lab/suissad4/envs/micromamba', 'gpu_count': 1, 'gpu_name': 'NVIDIA A100 80GB PCIe', 'hostname': 'dsiuriofir01', 'packages': {'catboost': '1.2.10', 'lightgbm': '4.7.0', 'numpy': '2.4.6', 'pandas': '3.0.3', 'scikit-learn': '1.9.0', 'tabicl': '2.1.1', 'tabpfn': '8.1.0', 'torch': '2.6.0+cu124', 'xgboost': None}, 'platform': 'Linux-5.14.0-687.15.1.el9_8.x86_64-x86_64-with-glibc2.34', 'python': '3.11.15 | packaged by conda-forge | (main, Jun 11 2026, 03:34:02) [GCC 14.3.0]', 'python_version': '3.11.15', 'torch_available': True, 'torch_version': '2.6.0+cu124'}",,,NVIDIA A100 80GB PCIe,dsiuriofir01,processed,,unlabeled_attention_ssl,{},44136fa355b3678a,geometric_ssl,novel_experimental,0.5083298501224099,,0.3622395819298558,0.6632189751217645,0.16310349304406602,1.2768237737905015,0.36187650263763826,1.2768237737905015,0.6574687431670463,100,,True,,,,inductive,Retrieval attention over labeled and unlabeled training memory,jannis__unlabeled_attention_ssl__s1__n100__924dea0cb6e4c684,7.975,1,41,18895647,b9c1f48daae0a38670909bfcee77dc8488c635820805cd7f3886f35130ed7e69,v1_absolute_budget,success,True,2026-07-29T15:00:38.306926+00:00,"{'all_classes_present_in_labeled': True, 'best_epoch': 28, 'best_val_loss': 0.37530485540628433, 'dataset': 'jannis', 'dataset_id': 41168, 'epochs_trained': nan, 'error_message': None, 'final_train_loss': nan, 'finetune_epochs_trained': nan, 'graph_n_neighbors_used': nan, 'graph_n_rows': nan, 'graph_n_unlabeled_used': nan, 'graph_retry_count': nan, 'input_view': 'processed', 'labeled_class_counts': '{0:7,1:32,2:19,3:42}', 'labeled_classes_present': 4, 'max_labeled_per_class': 42, 'max_selected_confidence': nan, 'mean_selected_confidence': nan, 'mean_selected_density': nan, 'method': 'unlabeled_attention_ssl', 'method_diagnostics': {'attention_k': 8, 'best_epoch': 28, 'best_val_loss': 0.37530485540628433, 'labeled_attention_mass': 0.0015625, 'memory_contains_val_or_test': False, 'memory_mode': 'labeled_plus_unlabeled', 'memory_size': 66966, 'method_fidelity': 'novel_experimental', 'protocol': 'inductive', 'unlabeled_attention_mass': 0.9984375, 'uses_unlabeled_data': True}, 'method_fidelity': 'novel_experimental', 'metric_accuracy': 0.5083298501224099, 'metric_average_precision': None, 'metric_balanced_accuracy': 0.3622395819298558, 'metric_brier': 0.6632189751217645, 'metric_ece': 0.16310349304406602, 'metric_log_loss': 1.2768237737905015, 'metric_macro_f1': 0.36187650263763826, 'metric_nll': 1.2768237737905015, 'metric_roc_auc': 0.6574687431670463, 'min_labeled_per_class': 7, 'min_selected_confidence': nan, 'n_classes': 4, 'n_features_after_preprocessing': 54, 'n_features_before_preprocessing': 54, 'n_labeled': 100, 'n_pseudo_added_last_iter': nan, 'n_pseudo_added_total': nan, 'n_unlabeled': 66886, 'neural_method': nan, 'neural_validation_strategy': nan, 'pretrain_epochs_trained': nan, 'protocol': 'inductive', 'pseudo_label_class_distribution': nan, 'pseudo_label_fraction': nan, 'reference_family': nan, 'runtime_seconds': 7.975, 'seed': 1, 'self_training_iterations': nan, 'status': 'success', 'stopped_reason': nan, 'test_class_counts': '{0:337,1:5758,2:2947,3:7705}', 'test_size': 16747, 'timestamp_utc': '2026-07-29T15:00:30.293344+00:00', 'train_labeled_size': 80, 'train_pool_class_counts': '{0:1350,1:23032,2:11787,3:30817}', 'unlabeled_class_counts': '{0:1343,1:23000,2:11768,3:30775}', 'val_class_counts': '{0:2,1:6,2:4,3:8}', 'val_size': 20, 'validation_strategy': 'stratified_labeled_val'}",,True,
,,,,nogit:a6fc4d94b43f557a,,12.4,jannis,gpu,False,,,3f9236be15390304,,ssl-representation,"{'cuda_available': True, 'cuda_version': '12.4', 'env_name': None, 'env_prefix': '/private/ofirlin-lab/suissad4/envs/micromamba', 'gpu_count': 1, 'gpu_name': 'NVIDIA A100 80GB PCIe', 'hostname': 'dsiuriofir01', 'packages': {'catboost': '1.2.10', 'lightgbm': '4.7.0', 'numpy': '2.4.6', 'pandas': '3.0.3', 'scikit-learn': '1.9.0', 'tabicl': '2.1.1', 'tabpfn': '8.1.0', 'torch': '2.6.0+cu124', 'xgboost': None}, 'platform': 'Linux-5.14.0-687.15.1.el9_8.x86_64-x86_64-with-glibc2.34', 'python': '3.11.15 | packaged by conda-forge | (main, Jun 11 2026, 03:34:02) [GCC 14.3.0]', 'python_version': '3.11.15', 'torch_available': True, 'torch_version': '2.6.0+cu124'}",,,NVIDIA A100 80GB PCIe,dsiuriofir01,processed,,unlabeled_attention_ssl,{},44136fa355b3678a,geometric_ssl,novel_experimental,0.509464381680301,,0.3704928613280674,0.8044597339754685,0.35210992493486526,2.01040280833358,0.36494886752199174,2.01040280833358,0.6655870723864443,250,,True,,,,inductive,Retrieval attention over labeled and unlabeled training memory,jannis__unlabeled_attention_ssl__s1__n250__70e02a7964d16def,9.1231,1,42,18895648,b9c1f48daae0a38670909bfcee77dc8488c635820805cd7f3886f35130ed7e69,v1_absolute_budget,success,True,2026-07-29T15:00:41.987713+00:00,"{'all_classes_present_in_labeled': True, 'best_epoch': 28, 'best_val_loss': 0.13724044477567077, 'dataset': 'jannis', 'dataset_id': 41168, 'epochs_trained': nan, 'error_message': None, 'final_train_loss': nan, 'finetune_epochs_trained': nan, 'graph_n_neighbors_used': nan, 'graph_n_rows': nan, 'graph_n_unlabeled_used': nan, 'graph_retry_count': nan, 'input_view': 'processed', 'labeled_class_counts': '{0:10,1:84,2:45,3:111}', 'labeled_classes_present': 4, 'max_labeled_per_class': 111, 'max_selected_confidence': nan, 'mean_selected_confidence': nan, 'mean_selected_density': nan, 'method': 'unlabeled_attention_ssl', 'method_diagnostics': {'attention_k': 8, 'best_epoch': 28, 'best_val_loss': 0.13724044477567077, 'labeled_attention_mass': 0.005859375, 'memory_contains_val_or_test': False, 'memory_mode': 'labeled_plus_unlabeled', 'memory_size': 66936, 'method_fidelity': 'novel_experimental', 'protocol': 'inductive', 'unlabeled_attention_mass': 0.994140625, 'uses_unlabeled_data': True}, 'method_fidelity': 'novel_experimental', 'metric_accuracy': 0.509464381680301, 'metric_average_precision': None, 'metric_balanced_accuracy': 0.3704928613280674, 'metric_brier': 0.8044597339754685, 'metric_ece': 0.35210992493486526, 'metric_log_loss': 2.01040280833358, 'metric_macro_f1': 0.36494886752199174, 'metric_nll': 2.01040280833358, 'metric_roc_auc': 0.6655870723864443, 'min_labeled_per_class': 10, 'min_selected_confidence': nan, 'n_classes': 4, 'n_features_after_preprocessing': 54, 'n_features_before_preprocessing': 54, 'n_labeled': 250, 'n_pseudo_added_last_iter': nan, 'n_pseudo_added_total': nan, 'n_unlabeled': 66736, 'neural_method': nan, 'neural_validation_strategy': nan, 'pretrain_epochs_trained': nan, 'protocol': 'inductive', 'pseudo_label_class_distribution': nan, 'pseudo_label_fraction': nan, 'reference_family': nan, 'runtime_seconds': 9.1231, 'seed': 1, 'self_training_iterations': nan, 'status': 'success', 'stopped_reason': nan, 'test_class_counts': '{0:337,1:5758,2:2947,3:7705}', 'test_size': 16747, 'timestamp_utc': '2026-07-29T15:00:32.830264+00:00', 'train_labeled_size': 200, 'train_pool_class_counts': '{0:1350,1:23032,2:11787,3:30817}', 'unlabeled_class_counts': '{0:1340,1:22948,2:11742,3:30706}', 'val_class_counts': '{0:2,1:17,2:9,3:22}', 'val_size': 50, 'validation_strategy': 'stratified_labeled_val'}",,True,
,,,,nogit:a6fc4d94b43f557a,,12.4,jannis,gpu,False,,,3f9236be15390304,,ssl-representation,"{'cuda_available': True, 'cuda_version': '12.4', 'env_name': None, 'env_prefix': '/private/ofirlin-lab/suissad4/envs/micromamba', 'gpu_count': 1, 'gpu_name': 'NVIDIA A100 80GB PCIe', 'hostname': 'dsiuriofir01', 'packages': {'catboost': '1.2.10', 'lightgbm': '4.7.0', 'numpy': '2.4.6', 'pandas': '3.0.3', 'scikit-learn': '1.9.0', 'tabicl': '2.1.1', 'tabpfn': '8.1.0', 'torch': '2.6.0+cu124', 'xgboost': None}, 'platform': 'Linux-5.14.0-687.15.1.el9_8.x86_64-x86_64-with-glibc2.34', 'python': '3.11.15 | packaged by conda-forge | (main, Jun 11 2026, 03:34:02) [GCC 14.3.0]', 'python_version': '3.11.15', 'torch_available': True, 'torch_version': '2.6.0+cu124'}",,,NVIDIA A100 80GB PCIe,dsiuriofir01,processed,,unlabeled_attention_ssl,{},44136fa355b3678a,geometric_ssl,novel_experimental,0.5260046575506061,,0.3872207448125191,0.8341145758457293,0.3914465732252974,2.4322544081491206,0.39114281746738755,2.4322544081491206,0.6816544926985331,500,,True,,,,inductive,Retrieval attention over labeled and unlabeled training memory,jannis__unlabeled_attention_ssl__s1__n500__1ebdf00df42b20a0,11.5445,1,43,18895649,b9c1f48daae0a38670909bfcee77dc8488c635820805cd7f3886f35130ed7e69,v1_absolute_budget,success,True,2026-07-29T15:00:54.472023+00:00,"{'all_classes_present_in_labeled': True, 'best_epoch': 29, 'best_val_loss': 0.032094038756830354, 'dataset': 'jannis', 'dataset_id': 41168, 'epochs_trained': nan, 'error_message': None, 'final_train_loss': nan, 'finetune_epochs_trained': nan, 'graph_n_neighbors_used': nan, 'graph_n_rows': nan, 'graph_n_unlabeled_used': nan, 'graph_retry_count': nan, 'input_view': 'processed', 'labeled_class_counts': '{0:15,1:170,2:89,3:226}', 'labeled_classes_present': 4, 'max_labeled_per_class': 226, 'max_selected_confidence': nan, 'mean_selected_confidence': nan, 'mean_selected_density': nan, 'method': 'unlabeled_attention_ssl', 'method_diagnostics': {'attention_k': 8, 'best_epoch': 29, 'best_val_loss': 0.032094038756830354, 'labeled_attention_mass': 0.009765625, 'memory_contains_val_or_test': False, 'memory_mode': 'labeled_plus_unlabeled', 'memory_size': 66886, 'method_fidelity': 'novel_experimental', 'protocol': 'inductive', 'unlabeled_attention_mass': 0.990234375, 'uses_unlabeled_data': True}, 'method_fidelity': 'novel_experimental', 'metric_accuracy': 0.5260046575506061, 'metric_average_precision': None, 'metric_balanced_accuracy': 0.3872207448125191, 'metric_brier': 0.8341145758457293, 'metric_ece': 0.3914465732252974, 'metric_log_loss': 2.4322544081491206, 'metric_macro_f1': 0.39114281746738755, 'metric_nll': 2.4322544081491206, 'metric_roc_auc': 0.6816544926985331, 'min_labeled_per_class': 15, 'min_selected_confidence': nan, 'n_classes': 4, 'n_features_after_preprocessing': 54, 'n_features_before_preprocessing': 54, 'n_labeled': 500, 'n_pseudo_added_last_iter': nan, 'n_pseudo_added_total': nan, 'n_unlabeled': 66486, 'neural_method': nan, 'neural_validation_strategy': nan, 'pretrain_epochs_trained': nan, 'protocol': 'inductive', 'pseudo_label_class_distribution': nan, 'pseudo_label_fraction': nan, 'reference_family': nan, 'runtime_seconds': 11.5445, 'seed': 1, 'self_training_iterations': nan, 'status': 'success', 'stopped_reason': nan, 'test_class_counts': '{0:337,1:5758,2:2947,3:7705}', 'test_size': 16747, 'timestamp_utc': '2026-07-29T15:00:42.892140+00:00', 'train_labeled_size': 400, 'train_pool_class_counts': '{0:1350,1:23032,2:11787,3:30817}', 'unlabeled_class_counts': '{0:1335,1:22862,2:11698,3:30591}', 'val_class_counts': '{0:3,1:34,2:18,3:45}', 'val_size': 100, 'validation_strategy': 'stratified_labeled_val'}",,True,
,,,,nogit:a6fc4d94b43f557a,,12.4,jannis,gpu,False,,,3f9236be15390304,,ssl-representation,"{'cuda_available': True, 'cuda_version': '12.4', 'env_name': None, 'env_prefix': '/private/ofirlin-lab/suissad4/envs/micromamba', 'gpu_count': 1, 'gpu_name': 'NVIDIA A100 80GB PCIe', 'hostname': 'dsiuriofir01', 'packages': {'catboost': '1.2.10', 'lightgbm': '4.7.0', 'numpy': '2.4.6', 'pandas': '3.0.3', 'scikit-learn': '1.9.0', 'tabicl': '2.1.1', 'tabpfn': '8.1.0', 'torch': '2.6.0+cu124', 'xgboost': None}, 'platform': 'Linux-5.14.0-687.15.1.el9_8.x86_64-x86_64-with-glibc2.34', 'python': '3.11.15 | packaged by conda-forge | (main, Jun 11 2026, 03:34:02) [GCC 14.3.0]', 'python_version': '3.11.15', 'torch_available': True, 'torch_version': '2.6.0+cu124'}",,,NVIDIA A100 80GB PCIe,dsiuriofir01,processed,,unlabeled_attention_ssl,{},44136fa355b3678a,geometric_ssl,novel_experimental,0.5095838060548158,,0.3254833615364209,0.6065815517983444,0.07394713724062249,1.0734833503425947,0.31817717090634146,1.0734833503425947,0.6613829476888993,50,,True,,,,inductive,Retrieval attention over labeled and unlabeled training memory,jannis__unlabeled_attention_ssl__s1__n50__fcf3f64346c6bfa6,7.7738,1,40,18895645,b9c1f48daae0a38670909bfcee77dc8488c635820805cd7f3886f35130ed7e69,v1_absolute_budget,success,True,2026-07-29T15:00:28.647054+00:00,"{'all_classes_present_in_labeled': True, 'best_epoch': 29, 'best_val_loss': 0.6555589437484741, 'dataset': 'jannis', 'dataset_id': 41168, 'epochs_trained': nan, 'error_message': None, 'final_train_loss': nan, 'finetune_epochs_trained': nan, 'graph_n_neighbors_used': nan, 'graph_n_rows': nan, 'graph_n_unlabeled_used': nan, 'graph_retry_count': nan, 'input_view': 'processed', 'labeled_class_counts': '{0:4,1:16,2:10,3:20}', 'labeled_classes_present': 4, 'max_labeled_per_class': 20, 'max_selected_confidence': nan, 'mean_selected_confidence': nan, 'mean_selected_density': nan, 'method': 'unlabeled_attention_ssl', 'method_diagnostics': {'attention_k': 8, 'best_epoch': 29, 'best_val_loss': 0.6555589437484741, 'labeled_attention_mass': 0.0, 'memory_contains_val_or_test': False, 'memory_mode': 'labeled_plus_unlabeled', 'memory_size': 66976, 'method_fidelity': 'novel_experimental', 'protocol': 'inductive', 'unlabeled_attention_mass': 1.0, 'uses_unlabeled_data': True}, 'method_fidelity': 'novel_experimental', 'metric_accuracy': 0.5095838060548158, 'metric_average_precision': None, 'metric_balanced_accuracy': 0.3254833615364209, 'metric_brier': 0.6065815517983444, 'metric_ece': 0.07394713724062249, 'metric_log_loss': 1.0734833503425947, 'metric_macro_f1': 0.31817717090634146, 'metric_nll': 1.0734833503425947, 'metric_roc_auc': 0.6613829476888993, 'min_labeled_per_class': 4, 'min_selected_confidence': nan, 'n_classes': 4, 'n_features_after_preprocessing': 54, 'n_features_before_preprocessing': 54, 'n_labeled': 50, 'n_pseudo_added_last_iter': nan, 'n_pseudo_added_total': nan, 'n_unlabeled': 66936, 'neural_method': nan, 'neural_validation_strategy': nan, 'pretrain_epochs_trained': nan, 'protocol': 'inductive', 'pseudo_label_class_distribution': nan, 'pseudo_label_fraction': nan, 'reference_family': nan, 'runtime_seconds': 7.7738, 'seed': 1, 'self_training_iterations': nan, 'status': 'success', 'stopped_reason': nan, 'test_class_counts': '{0:337,1:5758,2:2947,3:7705}', 'test_size': 16747, 'timestamp_utc': '2026-07-29T15:00:20.838321+00:00', 'train_labeled_size': 40, 'train_pool_class_counts': '{0:1350,1:23032,2:11787,3:30817}', 'unlabeled_class_counts': '{0:1346,1:23016,2:11777,3:30797}', 'val_class_counts': '{0:1,1:3,2:2,3:4}', 'val_size': 10, 'validation_strategy': 'stratified_labeled_val'}",,True,
,,,,nogit:a6fc4d94b43f557a,,12.4,jannis,gpu,False,,,3f9236be15390304,,ssl-representation,"{'cuda_available': True, 'cuda_version': '12.4', 'env_name': None, 'env_prefix': '/private/ofirlin-lab/suissad4/envs/micromamba', 'gpu_count': 1, 'gpu_name': 'NVIDIA A100 80GB PCIe', 'hostname': 'dsiuriofir01', 'packages': {'catboost': '1.2.10', 'lightgbm': '4.7.0', 'numpy': '2.4.6', 'pandas': '3.0.3', 'scikit-learn': '1.9.0', 'tabicl': '2.1.1', 'tabpfn': '8.1.0', 'torch': '2.6.0+cu124', 'xgboost': None}, 'platform': 'Linux-5.14.0-687.15.1.el9_8.x86_64-x86_64-with-glibc2.34', 'python': '3.11.15 | packaged by conda-forge | (main, Jun 11 2026, 03:34:02) [GCC 14.3.0]', 'python_version': '3.11.15', 'torch_available': True, 'torch_version': '2.6.0+cu124'}",,,NVIDIA A100 80GB PCIe,dsiuriofir01,processed,,unlabeled_attention_ssl,{},44136fa355b3678a,geometric_ssl,novel_experimental,0.48892338926374873,,0.3392005038021536,0.7125991170403854,0.1889845756905299,1.300538481051503,0.3407551768032431,1.300538481051503,0.614961088624879,100,,True,,,,inductive,Retrieval attention over labeled and unlabeled training memory,jannis__unlabeled_attention_ssl__s2__n100__016c0ade568377fe,8.2819,2,45,18895652,b9c1f48daae0a38670909bfcee77dc8488c635820805cd7f3886f35130ed7e69,v1_absolute_budget,success,True,2026-07-29T15:01:06.087330+00:00,"{'all_classes_present_in_labeled': True, 'best_epoch': 29, 'best_val_loss': 0.49081185460090637, 'dataset': 'jannis', 'dataset_id': 41168, 'epochs_trained': nan, 'error_message': None, 'final_train_loss': nan, 'finetune_epochs_trained': nan, 'graph_n_neighbors_used': nan, 'graph_n_rows': nan, 'graph_n_unlabeled_used': nan, 'graph_retry_count': nan, 'input_view': 'processed', 'labeled_class_counts': '{0:7,1:32,2:19,3:42}', 'labeled_classes_present': 4, 'max_labeled_per_class': 42, 'max_selected_confidence': nan, 'mean_selected_confidence': nan, 'mean_selected_density': nan, 'method': 'unlabeled_attention_ssl', 'method_diagnostics': {'attention_k': 8, 'best_epoch': 29, 'best_val_loss': 0.49081185460090637, 'labeled_attention_mass': 0.0078125, 'memory_contains_val_or_test': False, 'memory_mode': 'labeled_plus_unlabeled', 'memory_size': 66966, 'method_fidelity': 'novel_experimental', 'protocol': 'inductive', 'unlabeled_attention_mass': 0.9921875, 'uses_unlabeled_data': True}, 'method_fidelity': 'novel_experimental', 'metric_accuracy': 0.48892338926374873, 'metric_average_precision': None, 'metric_balanced_accuracy': 0.3392005038021536, 'metric_brier': 0.7125991170403854, 'metric_ece': 0.1889845756905299, 'metric_log_loss': 1.300538481051503, 'metric_macro_f1': 0.3407551768032431, 'metric_nll': 1.300538481051503, 'metric_roc_auc': 0.614961088624879, 'min_labeled_per_class': 7, 'min_selected_confidence': nan, 'n_classes': 4, 'n_features_after_preprocessing': 54, 'n_features_before_preprocessing': 54, 'n_labeled': 100, 'n_pseudo_added_last_iter': nan, 'n_pseudo_added_total': nan, 'n_unlabeled': 66886, 'neural_method': nan, 'neural_validation_strategy': nan, 'pretrain_epochs_trained': nan, 'protocol': 'inductive', 'pseudo_label_class_distribution': nan, 'pseudo_label_fraction': nan, 'reference_family': nan, 'runtime_seconds': 8.2819, 'seed': 2, 'self_training_iterations': nan, 'status': 'success', 'stopped_reason': nan, 'test_class_counts': '{0:337,1:5758,2:2947,3:7705}', 'test_size': 16747, 'timestamp_utc': '2026-07-29T15:00:57.766922+00:00', 'train_labeled_size': 80, 'train_pool_class_counts': '{0:1350,1:23032,2:11787,3:30817}', 'unlabeled_class_counts': '{0:1343,1:23000,2:11768,3:30775}', 'val_class_counts': '{0:2,1:6,2:4,3:8}', 'val_size': 20, 'validation_strategy': 'stratified_labeled_val'}",,True,
,,,,nogit:a6fc4d94b43f557a,,12.4,jannis,gpu,False,,,3f9236be15390304,,ssl-representation,"{'cuda_available': True, 'cuda_version': '12.4', 'env_name': None, 'env_prefix': '/private/ofirlin-lab/suissad4/envs/micromamba', 'gpu_count': 1, 'gpu_name': 'NVIDIA A100 80GB PCIe', 'hostname': 'dsiuriofir01', 'packages': {'catboost': '1.2.10', 'lightgbm': '4.7.0', 'numpy': '2.4.6', 'pandas': '3.0.3', 'scikit-learn': '1.9.0', 'tabicl': '2.1.1', 'tabpfn': '8.1.0', 'torch': '2.6.0+cu124', 'xgboost': None}, 'platform': 'Linux-5.14.0-687.15.1.el9_8.x86_64-x86_64-with-glibc2.34', 'python': '3.11.15 | packaged by conda-forge | (main, Jun 11 2026, 03:34:02) [GCC 14.3.0]', 'python_version': '3.11.15', 'torch_available': True, 'torch_version': '2.6.0+cu124'}",,,NVIDIA A100 80GB PCIe,dsiuriofir01,processed,,unlabeled_attention_ssl,{},44136fa355b3678a,geometric_ssl,novel_experimental,0.5203917119484087,,0.37555712219597,0.8045509332422451,0.35070997816984706,1.8779783827837635,0.3706228625145941,1.8779783827837635,0.6423997004676447,250,,True,,,,inductive,Retrieval attention over labeled and unlabeled training memory,jannis__unlabeled_attention_ssl__s2__n250__f4624f2d79fbd342,8.8576,2,46,18895653,b9c1f48daae0a38670909bfcee77dc8488c635820805cd7f3886f35130ed7e69,v1_absolute_budget,success,True,2026-07-29T15:01:07.165045+00:00,"{'all_classes_present_in_labeled': True, 'best_epoch': 29, 'best_val_loss': 0.15195967629551888, 'dataset': 'jannis', 'dataset_id': 41168, 'epochs_trained': nan, 'error_message': None, 'final_train_loss': nan, 'finetune_epochs_trained': nan, 'graph_n_neighbors_used': nan, 'graph_n_rows': nan, 'graph_n_unlabeled_used': nan, 'graph_retry_count': nan, 'input_view': 'processed', 'labeled_class_counts': '{0:10,1:84,2:45,3:111}', 'labeled_classes_present': 4, 'max_labeled_per_class': 111, 'max_selected_confidence': nan, 'mean_selected_confidence': nan, 'mean_selected_density': nan, 'method': 'unlabeled_attention_ssl', 'method_diagnostics': {'attention_k': 8, 'best_epoch': 29, 'best_val_loss': 0.15195967629551888, 'labeled_attention_mass': 0.00390625, 'memory_contains_val_or_test': False, 'memory_mode': 'labeled_plus_unlabeled', 'memory_size': 66936, 'method_fidelity': 'novel_experimental', 'protocol': 'inductive', 'unlabeled_attention_mass': 0.99609375, 'uses_unlabeled_data': True}, 'method_fidelity': 'novel_experimental', 'metric_accuracy': 0.5203917119484087, 'metric_average_precision': None, 'metric_balanced_accuracy': 0.37555712219597, 'metric_brier': 0.8045509332422451, 'metric_ece': 0.35070997816984706, 'metric_log_loss': 1.8779783827837635, 'metric_macro_f1': 0.3706228625145941, 'metric_nll': 1.8779783827837635, 'metric_roc_auc': 0.6423997004676447, 'min_labeled_per_class': 10, 'min_selected_confidence': nan, 'n_classes': 4, 'n_features_after_preprocessing': 54, 'n_features_before_preprocessing': 54, 'n_labeled': 250, 'n_pseudo_added_last_iter': nan, 'n_pseudo_added_total': nan, 'n_unlabeled': 66736, 'neural_method': nan, 'neural_validation_strategy': nan, 'pretrain_epochs_trained': nan, 'protocol': 'inductive', 'pseudo_label_class_distribution': nan, 'pseudo_label_fraction': nan, 'reference_family': nan, 'runtime_seconds': 8.8576, 'seed': 2, 'self_training_iterations': nan, 'status': 'success', 'stopped_reason': nan, 'test_class_counts': '{0:337,1:5758,2:2947,3:7705}', 'test_size': 16747, 'timestamp_utc': '2026-07-29T15:00:58.271735+00:00', 'train_labeled_size': 200, 'train_pool_class_counts': '{0:1350,1:23032,2:11787,3:30817}', 'unlabeled_class_counts': '{0:1340,1:22948,2:11742,3:30706}', 'val_class_counts': '{0:2,1:17,2:9,3:22}', 'val_size': 50, 'validation_strategy': 'stratified_labeled_val'}",,True,
,,,,nogit:a6fc4d94b43f557a,,12.4,jannis,gpu,False,,,3f9236be15390304,,ssl-representation,"{'cuda_available': True, 'cuda_version': '12.4', 'env_name': None, 'env_prefix': '/private/ofirlin-lab/suissad4/envs/micromamba', 'gpu_count': 1, 'gpu_name': 'NVIDIA A100 80GB PCIe', 'hostname': 'dsiuriofir01', 'packages': {'catboost': '1.2.10', 'lightgbm': '4.7.0', 'numpy': '2.4.6', 'pandas': '3.0.3', 'scikit-learn': '1.9.0', 'tabicl': '2.1.1', 'tabpfn': '8.1.0', 'torch': '2.6.0+cu124', 'xgboost': None}, 'platform': 'Linux-5.14.0-687.15.1.el9_8.x86_64-x86_64-with-glibc2.34', 'python': '3.11.15 | packaged by conda-forge | (main, Jun 11 2026, 03:34:02) [GCC 14.3.0]', 'python_version': '3.11.15', 'torch_available': True, 'torch_version': '2.6.0+cu124'}",,,NVIDIA A100 80GB PCIe,dsiuriofir01,processed,,unlabeled_attention_ssl,{},44136fa355b3678a,geometric_ssl,novel_experimental,0.5148384785334686,,0.3702211017814123,0.8566072346327512,0.39754890887799454,2.4185326563772853,0.37143474968501256,2.4185326563772853,0.6626536964917541,500,,True,,,,inductive,Retrieval attention over labeled and unlabeled training memory,jannis__unlabeled_attention_ssl__s2__n500__606376cc082d7311,11.2672,2,47,18895654,b9c1f48daae0a38670909bfcee77dc8488c635820805cd7f3886f35130ed7e69,v1_absolute_budget,success,True,2026-07-29T15:01:21.843767+00:00,"{'all_classes_present_in_labeled': True, 'best_epoch': 29, 'best_val_loss': 0.060191944374569824, 'dataset': 'jannis', 'dataset_id': 41168, 'epochs_trained': nan, 'error_message': None, 'final_train_loss': nan, 'finetune_epochs_trained': nan, 'graph_n_neighbors_used': nan, 'graph_n_rows': nan, 'graph_n_unlabeled_used': nan, 'graph_retry_count': nan, 'input_view': 'processed', 'labeled_class_counts': '{0:15,1:170,2:89,3:226}', 'labeled_classes_present': 4, 'max_labeled_per_class': 226, 'max_selected_confidence': nan, 'mean_selected_confidence': nan, 'mean_selected_density': nan, 'method': 'unlabeled_attention_ssl', 'method_diagnostics': {'attention_k': 8, 'best_epoch': 29, 'best_val_loss': 0.060191944374569824, 'labeled_attention_mass': 0.01171875, 'memory_contains_val_or_test': False, 'memory_mode': 'labeled_plus_unlabeled', 'memory_size': 66886, 'method_fidelity': 'novel_experimental', 'protocol': 'inductive', 'unlabeled_attention_mass': 0.98828125, 'uses_unlabeled_data': True}, 'method_fidelity': 'novel_experimental', 'metric_accuracy': 0.5148384785334686, 'metric_average_precision': None, 'metric_balanced_accuracy': 0.3702211017814123, 'metric_brier': 0.8566072346327512, 'metric_ece': 0.39754890887799454, 'metric_log_loss': 2.4185326563772853, 'metric_macro_f1': 0.37143474968501256, 'metric_nll': 2.4185326563772853, 'metric_roc_auc': 0.6626536964917541, 'min_labeled_per_class': 15, 'min_selected_confidence': nan, 'n_classes': 4, 'n_features_after_preprocessing': 54, 'n_features_before_preprocessing': 54, 'n_labeled': 500, 'n_pseudo_added_last_iter': nan, 'n_pseudo_added_total': nan, 'n_unlabeled': 66486, 'neural_method': nan, 'neural_validation_strategy': nan, 'pretrain_epochs_trained': nan, 'protocol': 'inductive', 'pseudo_label_class_distribution': nan, 'pseudo_label_fraction': nan, 'reference_family': nan, 'runtime_seconds': 11.2672, 'seed': 2, 'self_training_iterations': nan, 'status': 'success', 'stopped_reason': nan, 'test_class_counts': '{0:337,1:5758,2:2947,3:7705}', 'test_size': 16747, 'timestamp_utc': '2026-07-29T15:01:10.542042+00:00', 'train_labeled_size': 400, 'train_pool_class_counts': '{0:1350,1:23032,2:11787,3:30817}', 'unlabeled_class_counts': '{0:1335,1:22862,2:11698,3:30591}', 'val_class_counts': '{0:3,1:34,2:18,3:45}', 'val_size': 100, 'validation_strategy': 'stratified_labeled_val'}",,True,
,,,,nogit:a6fc4d94b43f557a,,12.4,jannis,gpu,False,,,3f9236be15390304,,ssl-representation,"{'cuda_available': True, 'cuda_version': '12.4', 'env_name': None, 'env_prefix': '/private/ofirlin-lab/suissad4/envs/micromamba', 'gpu_count': 1, 'gpu_name': 'NVIDIA A100 80GB PCIe', 'hostname': 'dsiuriofir01', 'packages': {'catboost': '1.2.10', 'lightgbm': '4.7.0', 'numpy': '2.4.6', 'pandas': '3.0.3', 'scikit-learn': '1.9.0', 'tabicl': '2.1.1', 'tabpfn': '8.1.0', 'torch': '2.6.0+cu124', 'xgboost': None}, 'platform': 'Linux-5.14.0-687.15.1.el9_8.x86_64-x86_64-with-glibc2.34', 'python': '3.11.15 | packaged by conda-forge | (main, Jun 11 2026, 03:34:02) [GCC 14.3.0]', 'python_version': '3.11.15', 'torch_available': True, 'torch_version': '2.6.0+cu124'}",,,NVIDIA A100 80GB PCIe,dsiuriofir01,processed,,unlabeled_attention_ssl,{},44136fa355b3678a,geometric_ssl,novel_experimental,0.46742700185107783,,0.2818176178439197,0.6307191589218847,0.0922533397316932,1.117865403762749,0.2522341437077627,1.117865403762749,0.5920292966630905,50,,True,,,,inductive,Retrieval attention over labeled and unlabeled training memory,jannis__unlabeled_attention_ssl__s2__n50__7ffdda2c38f3c4f2,7.2497,2,44,18895650,b9c1f48daae0a38670909bfcee77dc8488c635820805cd7f3886f35130ed7e69,v1_absolute_budget,success,True,2026-07-29T15:00:53.364401+00:00,"{'all_classes_present_in_labeled': True, 'best_epoch': 29, 'best_val_loss': 0.963066577911377, 'dataset': 'jannis', 'dataset_id': 41168, 'epochs_trained': nan, 'error_message': None, 'final_train_loss': nan, 'finetune_epochs_trained': nan, 'graph_n_neighbors_used': nan, 'graph_n_rows': nan, 'graph_n_unlabeled_used': nan, 'graph_retry_count': nan, 'input_view': 'processed', 'labeled_class_counts': '{0:4,1:16,2:10,3:20}', 'labeled_classes_present': 4, 'max_labeled_per_class': 20, 'max_selected_confidence': nan, 'mean_selected_confidence': nan, 'mean_selected_density': nan, 'method': 'unlabeled_attention_ssl', 'method_diagnostics': {'attention_k': 8, 'best_epoch': 29, 'best_val_loss': 0.963066577911377, 'labeled_attention_mass': 0.0, 'memory_contains_val_or_test': False, 'memory_mode': 'labeled_plus_unlabeled', 'memory_size': 66976, 'method_fidelity': 'novel_experimental', 'protocol': 'inductive', 'unlabeled_attention_mass': 1.0, 'uses_unlabeled_data': True}, 'method_fidelity': 'novel_experimental', 'metric_accuracy': 0.46742700185107783, 'metric_average_precision': None, 'metric_balanced_accuracy': 0.2818176178439197, 'metric_brier': 0.6307191589218847, 'metric_ece': 0.0922533397316932, 'metric_log_loss': 1.117865403762749, 'metric_macro_f1': 0.2522341437077627, 'metric_nll': 1.117865403762749, 'metric_roc_auc': 0.5920292966630905, 'min_labeled_per_class': 4, 'min_selected_confidence': nan, 'n_classes': 4, 'n_features_after_preprocessing': 54, 'n_features_before_preprocessing': 54, 'n_labeled': 50, 'n_pseudo_added_last_iter': nan, 'n_pseudo_added_total': nan, 'n_unlabeled': 66936, 'neural_method': nan, 'neural_validation_strategy': nan, 'pretrain_epochs_trained': nan, 'protocol': 'inductive', 'pseudo_label_class_distribution': nan, 'pseudo_label_fraction': nan, 'reference_family': nan, 'runtime_seconds': 7.2497, 'seed': 2, 'self_training_iterations': nan, 'status': 'success', 'stopped_reason': nan, 'test_class_counts': '{0:337,1:5758,2:2947,3:7705}', 'test_size': 16747, 'timestamp_utc': '2026-07-29T15:00:46.074519+00:00', 'train_labeled_size': 40, 'train_pool_class_counts': '{0:1350,1:23032,2:11787,3:30817}', 'unlabeled_class_counts': '{0:1346,1:23016,2:11777,3:30797}', 'val_class_counts': '{0:1,1:3,2:2,3:4}', 'val_size': 10, 'validation_strategy': 'stratified_labeled_val'}",,True,
