backbone,checkpoint,checkpoint_hash,checkpoint_ids,code_version,cold_model_load_seconds,cuda_version,dataset,device,dirty_tree,embedding_source,ensemble_count,env_lock_hash,env_name,env_name_required,environment,error_message,git_commit,gpu_name,hostname,input_view,kv_cache,method,method_config,method_config_hash,method_family,method_fidelity,metric_accuracy,metric_average_precision,metric_balanced_accuracy,metric_brier,metric_ece,metric_log_loss,metric_macro_f1,metric_nll,metric_roc_auc,n_labeled,native_preprocessing,needs_external_validation,offloading_mode,package_version,peak_gpu_mem_mb,protocol,reference_paper,run_id,runtime_seconds,seed,slurm_array_task_id,slurm_job_id,source_tree_hash,split_protocol_version,status,supports_predict_proba,timestamp_utc,training_meta,upstream_commit,uses_unlabeled_data,warm_inference_seconds
,,,,nogit:245e894de167158e,,12.4,adult,gpu,False,,,3f9236be15390304,,ssl-representation,"{'cuda_available': True, 'cuda_version': '12.4', 'env_name': None, 'env_prefix': '/private/ofirlin-lab/suissad4/envs/micromamba', 'gpu_count': 1, 'gpu_name': 'NVIDIA A100 80GB PCIe', 'hostname': 'dsiuriofir01', 'packages': {'catboost': '1.2.10', 'lightgbm': '4.7.0', 'numpy': '2.4.6', 'pandas': '3.0.3', 'scikit-learn': '1.9.0', 'tabicl': '2.1.1', 'tabpfn': '8.1.0', 'torch': '2.6.0+cu124', 'xgboost': None}, 'platform': 'Linux-5.14.0-687.15.1.el9_8.x86_64-x86_64-with-glibc2.34', 'python': '3.11.15 | packaged by conda-forge | (main, Jun 11 2026, 03:34:02) [GCC 14.3.0]', 'python_version': '3.11.15', 'torch_available': True, 'torch_version': '2.6.0+cu124'}",,,NVIDIA A100 80GB PCIe,dsiuriofir01,processed,,embedding_alignment_ssl,{},44136fa355b3678a,geometric_ssl,novel_experimental,0.8274132459821886,0.6782402652589733,0.6880974195561814,0.24225508432261605,0.026580810156384957,0.3747407986543221,0.7162216504799368,0.3747407986543221,0.8737832599406988,250,,True,,,,inductive,Confidence-weighted class-conditional embedding alignment,adult__embedding_alignment_ssl__s0__n250__c063c5d4f03d7200,3.9529,0,33,18893516,9c0a390446a60c1d839601aaeeaa4de606a9ab1ea55a231c91555e3a9486a539,v1_absolute_budget,success,True,2026-07-28T14:48:18.301162+00:00,"{'all_classes_present_in_labeled': True, 'best_epoch': 39, 'best_val_loss': 0.38112542033195496, 'dataset': 'adult', 'dataset_id': 1590, 'epochs_trained': nan, 'error_message': None, 'final_train_loss': nan, 'finetune_epochs_trained': nan, 'graph_n_neighbors_used': nan, 'graph_n_rows': nan, 'graph_n_unlabeled_used': nan, 'graph_retry_count': nan, 'input_view': 'processed', 'labeled_class_counts': '{<=50K:188,>50K:62}', 'labeled_classes_present': 2, 'max_labeled_per_class': 188, 'max_selected_confidence': nan, 'mean_selected_confidence': nan, 'mean_selected_density': nan, 'method': 'embedding_alignment_ssl', 'method_fidelity': 'novel_experimental', 'metric_accuracy': 0.8274132459821886, 'metric_average_precision': 0.6782402652589733, 'metric_balanced_accuracy': 0.6880974195561814, 'metric_brier': 0.24225508432261605, 'metric_ece': 0.026580810156384957, 'metric_log_loss': 0.3747407986543221, 'metric_macro_f1': 0.7162216504799368, 'metric_nll': 0.3747407986543221, 'metric_roc_auc': 0.8737832599406988, 'min_labeled_per_class': 62, 'min_selected_confidence': nan, 'n_classes': 2, 'n_features_after_preprocessing': 108, 'n_features_before_preprocessing': 14, 'n_labeled': 250, 'n_pseudo_added_last_iter': nan, 'n_pseudo_added_total': nan, 'n_unlabeled': 38823, 'neural_method': nan, 'neural_validation_strategy': nan, 'pretrain_epochs_trained': nan, 'protocol': 'inductive', 'pseudo_label_class_distribution': nan, 'pseudo_label_fraction': nan, 'reference_family': nan, 'runtime_seconds': 3.9529, 'seed': 0, 'self_training_iterations': nan, 'status': 'success', 'stopped_reason': nan, 'test_class_counts': '{<=50K:7431,>50K:2338}', 'test_size': 9769, 'timestamp_utc': '2026-07-28T14:48:14.311256+00:00', 'train_labeled_size': 200, 'train_pool_class_counts': '{<=50K:29724,>50K:9349}', 'unlabeled_class_counts': '{<=50K:29536,>50K:9287}', 'val_class_counts': '{<=50K:38,>50K:12}', 'val_size': 50, 'validation_strategy': 'stratified_labeled_val'}",,True,
,,,,nogit:245e894de167158e,,12.4,adult,gpu,False,,,3f9236be15390304,,ssl-representation,"{'cuda_available': True, 'cuda_version': '12.4', 'env_name': None, 'env_prefix': '/private/ofirlin-lab/suissad4/envs/micromamba', 'gpu_count': 1, 'gpu_name': 'NVIDIA A100 80GB PCIe', 'hostname': 'dsiuriofir01', 'packages': {'catboost': '1.2.10', 'lightgbm': '4.7.0', 'numpy': '2.4.6', 'pandas': '3.0.3', 'scikit-learn': '1.9.0', 'tabicl': '2.1.1', 'tabpfn': '8.1.0', 'torch': '2.6.0+cu124', 'xgboost': None}, 'platform': 'Linux-5.14.0-687.15.1.el9_8.x86_64-x86_64-with-glibc2.34', 'python': '3.11.15 | packaged by conda-forge | (main, Jun 11 2026, 03:34:02) [GCC 14.3.0]', 'python_version': '3.11.15', 'torch_available': True, 'torch_version': '2.6.0+cu124'}",,,NVIDIA A100 80GB PCIe,dsiuriofir01,processed,,embedding_alignment_ssl,{},44136fa355b3678a,geometric_ssl,novel_experimental,0.7912785341386017,0.6398657705496974,0.5809459286628887,0.28517587849154874,0.11042995347448549,0.4520170230085586,0.5834882663307583,0.4520170230085586,0.8647017632075372,50,,True,,,,inductive,Confidence-weighted class-conditional embedding alignment,adult__embedding_alignment_ssl__s0__n50__87ce3ccd7860fdb2,3.7643,0,32,18893515,9c0a390446a60c1d839601aaeeaa4de606a9ab1ea55a231c91555e3a9486a539,v1_absolute_budget,success,True,2026-07-28T14:48:10.946765+00:00,"{'all_classes_present_in_labeled': True, 'best_epoch': 32, 'best_val_loss': 0.5759176015853882, 'dataset': 'adult', 'dataset_id': 1590, 'epochs_trained': nan, 'error_message': None, 'final_train_loss': nan, 'finetune_epochs_trained': nan, 'graph_n_neighbors_used': nan, 'graph_n_rows': nan, 'graph_n_unlabeled_used': nan, 'graph_retry_count': nan, 'input_view': 'processed', 'labeled_class_counts': '{<=50K:36,>50K:14}', 'labeled_classes_present': 2, 'max_labeled_per_class': 36, 'max_selected_confidence': nan, 'mean_selected_confidence': nan, 'mean_selected_density': nan, 'method': 'embedding_alignment_ssl', 'method_fidelity': 'novel_experimental', 'metric_accuracy': 0.7912785341386017, 'metric_average_precision': 0.6398657705496974, 'metric_balanced_accuracy': 0.5809459286628887, 'metric_brier': 0.28517587849154874, 'metric_ece': 0.11042995347448549, 'metric_log_loss': 0.4520170230085586, 'metric_macro_f1': 0.5834882663307583, 'metric_nll': 0.4520170230085586, 'metric_roc_auc': 0.8647017632075372, 'min_labeled_per_class': 14, 'min_selected_confidence': nan, 'n_classes': 2, 'n_features_after_preprocessing': 108, 'n_features_before_preprocessing': 14, 'n_labeled': 50, 'n_pseudo_added_last_iter': nan, 'n_pseudo_added_total': nan, 'n_unlabeled': 39023, 'neural_method': nan, 'neural_validation_strategy': nan, 'pretrain_epochs_trained': nan, 'protocol': 'inductive', 'pseudo_label_class_distribution': nan, 'pseudo_label_fraction': nan, 'reference_family': nan, 'runtime_seconds': 3.7643, 'seed': 0, 'self_training_iterations': nan, 'status': 'success', 'stopped_reason': nan, 'test_class_counts': '{<=50K:7431,>50K:2338}', 'test_size': 9769, 'timestamp_utc': '2026-07-28T14:48:07.146574+00:00', 'train_labeled_size': 40, 'train_pool_class_counts': '{<=50K:29724,>50K:9349}', 'unlabeled_class_counts': '{<=50K:29688,>50K:9335}', 'val_class_counts': '{<=50K:7,>50K:3}', 'val_size': 10, 'validation_strategy': 'stratified_labeled_val'}",,True,
,,,,nogit:245e894de167158e,,12.4,adult,gpu,False,,,3f9236be15390304,,ssl-representation,"{'cuda_available': True, 'cuda_version': '12.4', 'env_name': None, 'env_prefix': '/private/ofirlin-lab/suissad4/envs/micromamba', 'gpu_count': 1, 'gpu_name': 'NVIDIA A100 80GB PCIe', 'hostname': 'dsiuriofir01', 'packages': {'catboost': '1.2.10', 'lightgbm': '4.7.0', 'numpy': '2.4.6', 'pandas': '3.0.3', 'scikit-learn': '1.9.0', 'tabicl': '2.1.1', 'tabpfn': '8.1.0', 'torch': '2.6.0+cu124', 'xgboost': None}, 'platform': 'Linux-5.14.0-687.15.1.el9_8.x86_64-x86_64-with-glibc2.34', 'python': '3.11.15 | packaged by conda-forge | (main, Jun 11 2026, 03:34:02) [GCC 14.3.0]', 'python_version': '3.11.15', 'torch_available': True, 'torch_version': '2.6.0+cu124'}",,,NVIDIA A100 80GB PCIe,dsiuriofir01,processed,,geometric_attention_ssl,{'max_epochs': 20},f91f182ea85952e6,geometric_ssl,novel_experimental,0.8252635889036749,0.6599579606931798,0.7080839762311699,0.2641622437677447,0.10141074413201526,0.4258729946864184,0.7300365773718205,0.4258729946864184,0.8702848067058685,250,,True,,,,inductive,Combined geometric-attention SSL,adult__geometric_attention_ssl__s0__n250__6e8f3841d7202ba5,12.2487,0,35,18893518,9c0a390446a60c1d839601aaeeaa4de606a9ab1ea55a231c91555e3a9486a539,v1_absolute_budget,success,True,2026-07-28T14:48:48.826402+00:00,"{'all_classes_present_in_labeled': True, 'best_epoch': 20, 'best_val_loss': 0.42293357849121094, 'dataset': 'adult', 'dataset_id': 1590, 'epochs_trained': 20, 'error_message': None, 'final_train_loss': nan, 'finetune_epochs_trained': nan, 'graph_n_neighbors_used': nan, 'graph_n_rows': nan, 'graph_n_unlabeled_used': nan, 'graph_retry_count': nan, 'input_view': 'processed', 'labeled_class_counts': '{<=50K:188,>50K:62}', 'labeled_classes_present': 2, 'max_labeled_per_class': 188, 'max_selected_confidence': nan, 'mean_selected_confidence': nan, 'mean_selected_density': nan, 'method': 'geometric_attention_ssl', 'method_fidelity': 'reimplementation', 'metric_accuracy': 0.8252635889036749, 'metric_average_precision': 0.6599579606931798, 'metric_balanced_accuracy': 0.7080839762311699, 'metric_brier': 0.2641622437677447, 'metric_ece': 0.10141074413201526, 'metric_log_loss': 0.4258729946864184, 'metric_macro_f1': 0.7300365773718205, 'metric_nll': 0.4258729946864184, 'metric_roc_auc': 0.8702848067058685, 'min_labeled_per_class': 62, 'min_selected_confidence': nan, 'n_classes': 2, 'n_features_after_preprocessing': 108, 'n_features_before_preprocessing': 14, 'n_labeled': 250, 'n_pseudo_added_last_iter': nan, 'n_pseudo_added_total': nan, 'n_unlabeled': 38823, 'neural_method': nan, 'neural_validation_strategy': 'external_val', 'pretrain_epochs_trained': nan, 'protocol': 'inductive', 'pseudo_label_class_distribution': nan, 'pseudo_label_fraction': nan, 'reference_family': 'Geometric attention SSL', 'runtime_seconds': 12.2487, 'seed': 0, 'self_training_iterations': nan, 'status': 'success', 'stopped_reason': nan, 'test_class_counts': '{<=50K:7431,>50K:2338}', 'test_size': 9769, 'timestamp_utc': '2026-07-28T14:48:36.555650+00:00', 'train_labeled_size': 200, 'train_pool_class_counts': '{<=50K:29724,>50K:9349}', 'unlabeled_class_counts': '{<=50K:29536,>50K:9287}', 'val_class_counts': '{<=50K:38,>50K:12}', 'val_size': 50, 'validation_strategy': 'stratified_labeled_val'}",,True,
,,,,nogit:245e894de167158e,,12.4,adult,gpu,False,,,3f9236be15390304,,ssl-representation,"{'cuda_available': True, 'cuda_version': '12.4', 'env_name': None, 'env_prefix': '/private/ofirlin-lab/suissad4/envs/micromamba', 'gpu_count': 1, 'gpu_name': 'NVIDIA A100 80GB PCIe', 'hostname': 'dsiuriofir01', 'packages': {'catboost': '1.2.10', 'lightgbm': '4.7.0', 'numpy': '2.4.6', 'pandas': '3.0.3', 'scikit-learn': '1.9.0', 'tabicl': '2.1.1', 'tabpfn': '8.1.0', 'torch': '2.6.0+cu124', 'xgboost': None}, 'platform': 'Linux-5.14.0-687.15.1.el9_8.x86_64-x86_64-with-glibc2.34', 'python': '3.11.15 | packaged by conda-forge | (main, Jun 11 2026, 03:34:02) [GCC 14.3.0]', 'python_version': '3.11.15', 'torch_available': True, 'torch_version': '2.6.0+cu124'}",,,NVIDIA A100 80GB PCIe,dsiuriofir01,processed,,geometric_attention_ssl,{'max_epochs': 20},f91f182ea85952e6,geometric_ssl,novel_experimental,0.7606715119254785,0.25079843113294525,0.5,0.36541667411181794,0.02641614611445414,0.5520397939081574,0.43203488372093024,0.5520397939081574,0.5276524061283973,50,,True,,,,inductive,Combined geometric-attention SSL,adult__geometric_attention_ssl__s0__n50__7935e265232e83ad,9.2,0,34,18893517,9c0a390446a60c1d839601aaeeaa4de606a9ab1ea55a231c91555e3a9486a539,v1_absolute_budget,success,True,2026-07-28T14:48:32.224226+00:00,"{'all_classes_present_in_labeled': True, 'best_epoch': 13, 'best_val_loss': 0.6034959554672241, 'dataset': 'adult', 'dataset_id': 1590, 'epochs_trained': 18, 'error_message': None, 'final_train_loss': nan, 'finetune_epochs_trained': nan, 'graph_n_neighbors_used': nan, 'graph_n_rows': nan, 'graph_n_unlabeled_used': nan, 'graph_retry_count': nan, 'input_view': 'processed', 'labeled_class_counts': '{<=50K:36,>50K:14}', 'labeled_classes_present': 2, 'max_labeled_per_class': 36, 'max_selected_confidence': nan, 'mean_selected_confidence': nan, 'mean_selected_density': nan, 'method': 'geometric_attention_ssl', 'method_fidelity': 'reimplementation', 'metric_accuracy': 0.7606715119254785, 'metric_average_precision': 0.25079843113294525, 'metric_balanced_accuracy': 0.5, 'metric_brier': 0.36541667411181794, 'metric_ece': 0.02641614611445414, 'metric_log_loss': 0.5520397939081574, 'metric_macro_f1': 0.43203488372093024, 'metric_nll': 0.5520397939081574, 'metric_roc_auc': 0.5276524061283973, 'min_labeled_per_class': 14, 'min_selected_confidence': nan, 'n_classes': 2, 'n_features_after_preprocessing': 108, 'n_features_before_preprocessing': 14, 'n_labeled': 50, 'n_pseudo_added_last_iter': nan, 'n_pseudo_added_total': nan, 'n_unlabeled': 39023, 'neural_method': nan, 'neural_validation_strategy': 'external_val', 'pretrain_epochs_trained': nan, 'protocol': 'inductive', 'pseudo_label_class_distribution': nan, 'pseudo_label_fraction': nan, 'reference_family': 'Geometric attention SSL', 'runtime_seconds': 9.2, 'seed': 0, 'self_training_iterations': nan, 'status': 'success', 'stopped_reason': nan, 'test_class_counts': '{<=50K:7431,>50K:2338}', 'test_size': 9769, 'timestamp_utc': '2026-07-28T14:48:23.002340+00:00', 'train_labeled_size': 40, 'train_pool_class_counts': '{<=50K:29724,>50K:9349}', 'unlabeled_class_counts': '{<=50K:29688,>50K:9335}', 'val_class_counts': '{<=50K:7,>50K:3}', 'val_size': 10, 'validation_strategy': 'stratified_labeled_val'}",,True,
,,,,nogit:245e894de167158e,,12.4,adult,gpu,False,,,3f9236be15390304,,ssl-representation,"{'cuda_available': True, 'cuda_version': '12.4', 'env_name': None, 'env_prefix': '/private/ofirlin-lab/suissad4/envs/micromamba', 'gpu_count': 1, 'gpu_name': 'NVIDIA A100 80GB PCIe', 'hostname': 'dsiuriofir01', 'packages': {'catboost': '1.2.10', 'lightgbm': '4.7.0', 'numpy': '2.4.6', 'pandas': '3.0.3', 'scikit-learn': '1.9.0', 'tabicl': '2.1.1', 'tabpfn': '8.1.0', 'torch': '2.6.0+cu124', 'xgboost': None}, 'platform': 'Linux-5.14.0-687.15.1.el9_8.x86_64-x86_64-with-glibc2.34', 'python': '3.11.15 | packaged by conda-forge | (main, Jun 11 2026, 03:34:02) [GCC 14.3.0]', 'python_version': '3.11.15', 'torch_available': True, 'torch_version': '2.6.0+cu124'}",,,NVIDIA A100 80GB PCIe,dsiuriofir01,processed,,laplacian_ssl,{},44136fa355b3678a,geometric_ssl,paper_core,0.8284368922100522,0.6676274357671277,0.7428554563978911,0.24017500518886542,0.01797872937984192,0.37126579857535813,0.7534714881857316,0.37126579857535813,0.8720589848620424,250,,True,,,,inductive,Sparse Laplacian-regularized MLP,adult__laplacian_ssl__s0__n250__a5837b821cf135d9,11.3707,0,29,18893512,9c0a390446a60c1d839601aaeeaa4de606a9ab1ea55a231c91555e3a9486a539,v1_absolute_budget,success,True,2026-07-28T14:47:45.550808+00:00,"{'all_classes_present_in_labeled': True, 'best_epoch': 29, 'best_val_loss': 0.3585013151168823, 'dataset': 'adult', 'dataset_id': 1590, 'epochs_trained': 30, 'error_message': None, 'final_train_loss': nan, 'finetune_epochs_trained': nan, 'graph_n_neighbors_used': nan, 'graph_n_rows': nan, 'graph_n_unlabeled_used': nan, 'graph_retry_count': nan, 'input_view': 'processed', 'labeled_class_counts': '{<=50K:188,>50K:62}', 'labeled_classes_present': 2, 'max_labeled_per_class': 188, 'max_selected_confidence': nan, 'mean_selected_confidence': nan, 'mean_selected_density': nan, 'method': 'laplacian_ssl', 'method_fidelity': 'reimplementation', 'metric_accuracy': 0.8284368922100522, 'metric_average_precision': 0.6676274357671277, 'metric_balanced_accuracy': 0.7428554563978911, 'metric_brier': 0.24017500518886542, 'metric_ece': 0.01797872937984192, 'metric_log_loss': 0.37126579857535813, 'metric_macro_f1': 0.7534714881857316, 'metric_nll': 0.37126579857535813, 'metric_roc_auc': 0.8720589848620424, 'min_labeled_per_class': 62, 'min_selected_confidence': nan, 'n_classes': 2, 'n_features_after_preprocessing': 108, 'n_features_before_preprocessing': 14, 'n_labeled': 250, 'n_pseudo_added_last_iter': nan, 'n_pseudo_added_total': nan, 'n_unlabeled': 38823, 'neural_method': nan, 'neural_validation_strategy': 'external_val', 'pretrain_epochs_trained': nan, 'protocol': 'inductive', 'pseudo_label_class_distribution': nan, 'pseudo_label_fraction': nan, 'reference_family': 'Laplacian / graph SSL', 'runtime_seconds': 11.3707, 'seed': 0, 'self_training_iterations': nan, 'status': 'success', 'stopped_reason': nan, 'test_class_counts': '{<=50K:7431,>50K:2338}', 'test_size': 9769, 'timestamp_utc': '2026-07-28T14:47:34.142807+00:00', 'train_labeled_size': 200, 'train_pool_class_counts': '{<=50K:29724,>50K:9349}', 'unlabeled_class_counts': '{<=50K:29536,>50K:9287}', 'val_class_counts': '{<=50K:38,>50K:12}', 'val_size': 50, 'validation_strategy': 'stratified_labeled_val'}",,True,
,,,,nogit:245e894de167158e,,12.4,adult,gpu,False,,,3f9236be15390304,,ssl-representation,"{'cuda_available': True, 'cuda_version': '12.4', 'env_name': None, 'env_prefix': '/private/ofirlin-lab/suissad4/envs/micromamba', 'gpu_count': 1, 'gpu_name': 'NVIDIA A100 80GB PCIe', 'hostname': 'dsiuriofir01', 'packages': {'catboost': '1.2.10', 'lightgbm': '4.7.0', 'numpy': '2.4.6', 'pandas': '3.0.3', 'scikit-learn': '1.9.0', 'tabicl': '2.1.1', 'tabpfn': '8.1.0', 'torch': '2.6.0+cu124', 'xgboost': None}, 'platform': 'Linux-5.14.0-687.15.1.el9_8.x86_64-x86_64-with-glibc2.34', 'python': '3.11.15 | packaged by conda-forge | (main, Jun 11 2026, 03:34:02) [GCC 14.3.0]', 'python_version': '3.11.15', 'torch_available': True, 'torch_version': '2.6.0+cu124'}",,,NVIDIA A100 80GB PCIe,dsiuriofir01,processed,,laplacian_ssl,{},44136fa355b3678a,geometric_ssl,paper_core,0.7606715119254785,0.3890728569394409,0.5,0.3706200428214676,0.09315395459945655,0.5586978120100787,0.43203488372093024,0.5586978120100787,0.6730821476028276,50,,True,,,,inductive,Sparse Laplacian-regularized MLP,adult__laplacian_ssl__s0__n50__6d06d9ea0559753a,8.509,0,28,18893511,9c0a390446a60c1d839601aaeeaa4de606a9ab1ea55a231c91555e3a9486a539,v1_absolute_budget,success,True,2026-07-28T14:47:30.776489+00:00,"{'all_classes_present_in_labeled': True, 'best_epoch': 17, 'best_val_loss': 0.6137257218360901, 'dataset': 'adult', 'dataset_id': 1590, 'epochs_trained': 22, 'error_message': None, 'final_train_loss': nan, 'finetune_epochs_trained': nan, 'graph_n_neighbors_used': nan, 'graph_n_rows': nan, 'graph_n_unlabeled_used': nan, 'graph_retry_count': nan, 'input_view': 'processed', 'labeled_class_counts': '{<=50K:36,>50K:14}', 'labeled_classes_present': 2, 'max_labeled_per_class': 36, 'max_selected_confidence': nan, 'mean_selected_confidence': nan, 'mean_selected_density': nan, 'method': 'laplacian_ssl', 'method_fidelity': 'reimplementation', 'metric_accuracy': 0.7606715119254785, 'metric_average_precision': 0.3890728569394409, 'metric_balanced_accuracy': 0.5, 'metric_brier': 0.3706200428214676, 'metric_ece': 0.09315395459945655, 'metric_log_loss': 0.5586978120100787, 'metric_macro_f1': 0.43203488372093024, 'metric_nll': 0.5586978120100787, 'metric_roc_auc': 0.6730821476028276, 'min_labeled_per_class': 14, 'min_selected_confidence': nan, 'n_classes': 2, 'n_features_after_preprocessing': 108, 'n_features_before_preprocessing': 14, 'n_labeled': 50, 'n_pseudo_added_last_iter': nan, 'n_pseudo_added_total': nan, 'n_unlabeled': 39023, 'neural_method': nan, 'neural_validation_strategy': 'external_val', 'pretrain_epochs_trained': nan, 'protocol': 'inductive', 'pseudo_label_class_distribution': nan, 'pseudo_label_fraction': nan, 'reference_family': 'Laplacian / graph SSL', 'runtime_seconds': 8.509, 'seed': 0, 'self_training_iterations': nan, 'status': 'success', 'stopped_reason': nan, 'test_class_counts': '{<=50K:7431,>50K:2338}', 'test_size': 9769, 'timestamp_utc': '2026-07-28T14:47:22.231883+00:00', 'train_labeled_size': 40, 'train_pool_class_counts': '{<=50K:29724,>50K:9349}', 'unlabeled_class_counts': '{<=50K:29688,>50K:9335}', 'val_class_counts': '{<=50K:7,>50K:3}', 'val_size': 10, 'validation_strategy': 'stratified_labeled_val'}",,True,
tabiclv2,,,,nogit:245e894de167158e,,12.4,adult,gpu,False,,,3f9236be15390304,,ssl-tfm,"{'cuda_available': True, 'cuda_version': '12.4', 'env_name': None, 'env_prefix': '/private/ofirlin-lab/suissad4/envs/micromamba', 'gpu_count': 1, 'gpu_name': 'NVIDIA A100 80GB PCIe', 'hostname': 'dsiuriofir01', 'packages': {'catboost': '1.2.10', 'lightgbm': '4.7.0', 'numpy': '2.4.6', 'pandas': '3.0.3', 'scikit-learn': '1.9.0', 'tabicl': '2.1.1', 'tabpfn': '8.1.0', 'torch': '2.6.0+cu124', 'xgboost': None}, 'platform': 'Linux-5.14.0-687.15.1.el9_8.x86_64-x86_64-with-glibc2.34', 'python': '3.11.15 | packaged by conda-forge | (main, Jun 11 2026, 03:34:02) [GCC 14.3.0]', 'python_version': '3.11.15', 'torch_available': True, 'torch_version': '2.6.0+cu124'}",,,NVIDIA A100 80GB PCIe,dsiuriofir01,raw,,tabiclv2_self_training,{},44136fa355b3678a,tfm_ssl,novel_experimental,0.8254683181492476,0.6946434381346177,0.75248338319612,0.24064430555931676,0.021693908037385568,0.37364950015899634,0.7564654703838871,0.37364950015899634,0.8727703483395973,250,,True,,,,inductive,Iterative hard-label self-training with TabICLv2,adult__tabiclv2_self_training__s0__n250__6b807d1c0dcd02d9,11.6836,0,27,18893510,9c0a390446a60c1d839601aaeeaa4de606a9ab1ea55a231c91555e3a9486a539,v1_absolute_budget,success,True,2026-07-28T14:47:17.488506+00:00,"{'all_classes_present_in_labeled': True, 'backbone': 'tabiclv2', 'best_epoch': nan, 'best_val_loss': nan, 'dataset': 'adult', 'dataset_id': 1590, 'epochs_trained': nan, 'error_message': None, 'fallback_reason': None, 'final_train_loss': nan, 'finetune_epochs_trained': nan, 'graph_n_neighbors_used': nan, 'graph_n_rows': nan, 'graph_n_unlabeled_used': nan, 'graph_retry_count': nan, 'input_view': 'raw', 'labeled_class_counts': '{<=50K:188,>50K:62}', 'labeled_classes_present': 2, 'max_labeled_per_class': 188, 'max_selected_confidence': nan, 'mean_selected_confidence': nan, 'mean_selected_density': nan, 'method': 'tabiclv2_self_training', 'method_fidelity': 'novel_experimental', 'metric_accuracy': 0.8254683181492476, 'metric_average_precision': 0.6946434381346177, 'metric_balanced_accuracy': 0.75248338319612, 'metric_brier': 0.24064430555931676, 'metric_ece': 0.021693908037385568, 'metric_log_loss': 0.37364950015899634, 'metric_macro_f1': 0.7564654703838871, 'metric_nll': 0.37364950015899634, 'metric_roc_auc': 0.8727703483395973, 'min_labeled_per_class': 62, 'min_selected_confidence': nan, 'n_classes': 2, 'n_features_after_preprocessing': 108, 'n_features_before_preprocessing': 14, 'n_labeled': 250, 'n_pseudo_added_last_iter': nan, 'n_pseudo_added_total': 200, 'n_unlabeled': 38823, 'neural_method': nan, 'neural_validation_strategy': nan, 'pretrain_epochs_trained': nan, 'protocol': 'inductive', 'pseudo_label_class_distribution': nan, 'pseudo_label_fraction': nan, 'reference_family': 'hard-label risk-controlled TFM self-training (not soft LoopTabFM)', 'runtime_seconds': 11.6836, 'seed': 0, 'selected_round': 1, 'self_training_iterations': nan, 'status': 'success', 'stopped_reason': 'total_cap_reached', 'test_class_counts': '{<=50K:7431,>50K:2338}', 'test_size': 9769, 'timestamp_utc': '2026-07-28T14:47:05.784305+00:00', 'train_labeled_size': 200, 'train_pool_class_counts': '{<=50K:29724,>50K:9349}', 'unlabeled_class_counts': '{<=50K:29536,>50K:9287}', 'val_class_counts': '{<=50K:38,>50K:12}', 'val_size': 50, 'validation_strategy': 'stratified_labeled_val'}",,True,
tabiclv2,,,,nogit:245e894de167158e,,12.4,adult,gpu,False,,,3f9236be15390304,,ssl-tfm,"{'cuda_available': True, 'cuda_version': '12.4', 'env_name': None, 'env_prefix': '/private/ofirlin-lab/suissad4/envs/micromamba', 'gpu_count': 1, 'gpu_name': 'NVIDIA A100 80GB PCIe', 'hostname': 'dsiuriofir01', 'packages': {'catboost': '1.2.10', 'lightgbm': '4.7.0', 'numpy': '2.4.6', 'pandas': '3.0.3', 'scikit-learn': '1.9.0', 'tabicl': '2.1.1', 'tabpfn': '8.1.0', 'torch': '2.6.0+cu124', 'xgboost': None}, 'platform': 'Linux-5.14.0-687.15.1.el9_8.x86_64-x86_64-with-glibc2.34', 'python': '3.11.15 | packaged by conda-forge | (main, Jun 11 2026, 03:34:02) [GCC 14.3.0]', 'python_version': '3.11.15', 'torch_available': True, 'torch_version': '2.6.0+cu124'}",,,NVIDIA A100 80GB PCIe,dsiuriofir01,raw,,tabiclv2_self_training,{},44136fa355b3678a,tfm_ssl,novel_experimental,0.7882075954550107,0.5648714722723975,0.672293914967228,0.30784406709525786,0.09156032306169931,0.495461792689111,0.6847684692063378,0.495461792689111,0.8033528076208158,50,,True,,,,inductive,Iterative hard-label self-training with TabICLv2,adult__tabiclv2_self_training__s0__n50__06ef0765ee0653df,13.0525,0,26,18893509,9c0a390446a60c1d839601aaeeaa4de606a9ab1ea55a231c91555e3a9486a539,v1_absolute_budget,success,True,2026-07-28T14:47:01.408252+00:00,"{'all_classes_present_in_labeled': True, 'backbone': 'tabiclv2', 'best_epoch': nan, 'best_val_loss': nan, 'dataset': 'adult', 'dataset_id': 1590, 'epochs_trained': nan, 'error_message': None, 'fallback_reason': 'loop0', 'final_train_loss': nan, 'finetune_epochs_trained': nan, 'graph_n_neighbors_used': nan, 'graph_n_rows': nan, 'graph_n_unlabeled_used': nan, 'graph_retry_count': nan, 'input_view': 'raw', 'labeled_class_counts': '{<=50K:36,>50K:14}', 'labeled_classes_present': 2, 'max_labeled_per_class': 36, 'max_selected_confidence': nan, 'mean_selected_confidence': nan, 'mean_selected_density': nan, 'method': 'tabiclv2_self_training', 'method_fidelity': 'novel_experimental', 'metric_accuracy': 0.7882075954550107, 'metric_average_precision': 0.5648714722723975, 'metric_balanced_accuracy': 0.672293914967228, 'metric_brier': 0.30784406709525786, 'metric_ece': 0.09156032306169931, 'metric_log_loss': 0.495461792689111, 'metric_macro_f1': 0.6847684692063378, 'metric_nll': 0.495461792689111, 'metric_roc_auc': 0.8033528076208158, 'min_labeled_per_class': 14, 'min_selected_confidence': nan, 'n_classes': 2, 'n_features_after_preprocessing': 108, 'n_features_before_preprocessing': 14, 'n_labeled': 50, 'n_pseudo_added_last_iter': nan, 'n_pseudo_added_total': 0, 'n_unlabeled': 39023, 'neural_method': nan, 'neural_validation_strategy': nan, 'pretrain_epochs_trained': nan, 'protocol': 'inductive', 'pseudo_label_class_distribution': nan, 'pseudo_label_fraction': nan, 'reference_family': 'hard-label risk-controlled TFM self-training (not soft LoopTabFM)', 'runtime_seconds': 13.0525, 'seed': 0, 'selected_round': 0, 'self_training_iterations': nan, 'status': 'success', 'stopped_reason': 'total_cap_reached', 'test_class_counts': '{<=50K:7431,>50K:2338}', 'test_size': 9769, 'timestamp_utc': '2026-07-28T14:46:48.334676+00:00', 'train_labeled_size': 40, 'train_pool_class_counts': '{<=50K:29724,>50K:9349}', 'unlabeled_class_counts': '{<=50K:29688,>50K:9335}', 'val_class_counts': '{<=50K:7,>50K:3}', 'val_size': 10, 'validation_strategy': 'stratified_labeled_val'}",,True,
tabpfn3,,,,nogit:245e894de167158e,,12.4,adult,gpu,False,,,3f9236be15390304,,ssl-tfm,"{'cuda_available': True, 'cuda_version': '12.4', 'env_name': None, 'env_prefix': '/private/ofirlin-lab/suissad4/envs/micromamba', 'gpu_count': 1, 'gpu_name': 'NVIDIA A100 80GB PCIe', 'hostname': 'dsiuriofir01', 'packages': {'catboost': '1.2.10', 'lightgbm': '4.7.0', 'numpy': '2.4.6', 'pandas': '3.0.3', 'scikit-learn': '1.9.0', 'tabicl': '2.1.1', 'tabpfn': '8.1.0', 'torch': '2.6.0+cu124', 'xgboost': None}, 'platform': 'Linux-5.14.0-687.15.1.el9_8.x86_64-x86_64-with-glibc2.34', 'python': '3.11.15 | packaged by conda-forge | (main, Jun 11 2026, 03:34:02) [GCC 14.3.0]', 'python_version': '3.11.15', 'torch_available': True, 'torch_version': '2.6.0+cu124'}",,,NVIDIA A100 80GB PCIe,dsiuriofir01,raw,,tabpfn3_self_training,{},44136fa355b3678a,tfm_ssl,novel_experimental,0.8121609171870202,0.6669998599138778,0.740804796773602,0.25253257809086127,0.028645875677896854,0.38942854507075,0.7414052378533622,0.38942854507075,0.8639135593511057,250,,True,,,,inductive,Iterative hard-label self-training with TabPFN-3,adult__tabpfn3_self_training__s0__n250__054d0654f6cb8793,16.5573,0,25,18893508,9c0a390446a60c1d839601aaeeaa4de606a9ab1ea55a231c91555e3a9486a539,v1_absolute_budget,success,True,2026-07-28T14:46:43.785388+00:00,"{'all_classes_present_in_labeled': True, 'backbone': 'tabpfn3', 'best_epoch': nan, 'best_val_loss': nan, 'dataset': 'adult', 'dataset_id': 1590, 'epochs_trained': nan, 'error_message': None, 'fallback_reason': None, 'final_train_loss': nan, 'finetune_epochs_trained': nan, 'graph_n_neighbors_used': nan, 'graph_n_rows': nan, 'graph_n_unlabeled_used': nan, 'graph_retry_count': nan, 'input_view': 'raw', 'labeled_class_counts': '{<=50K:188,>50K:62}', 'labeled_classes_present': 2, 'max_labeled_per_class': 188, 'max_selected_confidence': nan, 'mean_selected_confidence': nan, 'mean_selected_density': nan, 'method': 'tabpfn3_self_training', 'method_fidelity': 'novel_experimental', 'metric_accuracy': 0.8121609171870202, 'metric_average_precision': 0.6669998599138778, 'metric_balanced_accuracy': 0.740804796773602, 'metric_brier': 0.25253257809086127, 'metric_ece': 0.028645875677896854, 'metric_log_loss': 0.38942854507075, 'metric_macro_f1': 0.7414052378533622, 'metric_nll': 0.38942854507075, 'metric_roc_auc': 0.8639135593511057, 'min_labeled_per_class': 62, 'min_selected_confidence': nan, 'n_classes': 2, 'n_features_after_preprocessing': 108, 'n_features_before_preprocessing': 14, 'n_labeled': 250, 'n_pseudo_added_last_iter': nan, 'n_pseudo_added_total': 200, 'n_unlabeled': 38823, 'neural_method': nan, 'neural_validation_strategy': nan, 'pretrain_epochs_trained': nan, 'protocol': 'inductive', 'pseudo_label_class_distribution': nan, 'pseudo_label_fraction': nan, 'reference_family': 'hard-label risk-controlled TFM self-training (not soft LoopTabFM)', 'runtime_seconds': 16.5573, 'seed': 0, 'selected_round': 1, 'self_training_iterations': nan, 'status': 'success', 'stopped_reason': 'total_cap_reached', 'test_class_counts': '{<=50K:7431,>50K:2338}', 'test_size': 9769, 'timestamp_utc': '2026-07-28T14:46:27.205470+00:00', 'train_labeled_size': 200, 'train_pool_class_counts': '{<=50K:29724,>50K:9349}', 'unlabeled_class_counts': '{<=50K:29536,>50K:9287}', 'val_class_counts': '{<=50K:38,>50K:12}', 'val_size': 50, 'validation_strategy': 'stratified_labeled_val'}",,True,
tabpfn3,,,,nogit:245e894de167158e,,12.4,adult,gpu,False,,,3f9236be15390304,,ssl-tfm,"{'cuda_available': True, 'cuda_version': '12.4', 'env_name': None, 'env_prefix': '/private/ofirlin-lab/suissad4/envs/micromamba', 'gpu_count': 1, 'gpu_name': 'NVIDIA A100 80GB PCIe', 'hostname': 'dsiuriofir01', 'packages': {'catboost': '1.2.10', 'lightgbm': '4.7.0', 'numpy': '2.4.6', 'pandas': '3.0.3', 'scikit-learn': '1.9.0', 'tabicl': '2.1.1', 'tabpfn': '8.1.0', 'torch': '2.6.0+cu124', 'xgboost': None}, 'platform': 'Linux-5.14.0-687.15.1.el9_8.x86_64-x86_64-with-glibc2.34', 'python': '3.11.15 | packaged by conda-forge | (main, Jun 11 2026, 03:34:02) [GCC 14.3.0]', 'python_version': '3.11.15', 'torch_available': True, 'torch_version': '2.6.0+cu124'}",,,NVIDIA A100 80GB PCIe,dsiuriofir01,raw,,tabpfn3_self_training,{},44136fa355b3678a,tfm_ssl,novel_experimental,0.7744907360016379,0.6532938651187654,0.5300434081948566,0.2991713060115897,0.11853720571802476,0.4674289257627477,0.4928448973948627,0.4674289257627477,0.8494408898334593,50,,True,,,,inductive,Iterative hard-label self-training with TabPFN-3,adult__tabpfn3_self_training__s0__n50__95792bcbd5291b13,12.0809,0,24,18893507,9c0a390446a60c1d839601aaeeaa4de606a9ab1ea55a231c91555e3a9486a539,v1_absolute_budget,success,True,2026-07-28T14:46:22.563876+00:00,"{'all_classes_present_in_labeled': True, 'backbone': 'tabpfn3', 'best_epoch': nan, 'best_val_loss': nan, 'dataset': 'adult', 'dataset_id': 1590, 'epochs_trained': nan, 'error_message': None, 'fallback_reason': 'loop0', 'final_train_loss': nan, 'finetune_epochs_trained': nan, 'graph_n_neighbors_used': nan, 'graph_n_rows': nan, 'graph_n_unlabeled_used': nan, 'graph_retry_count': nan, 'input_view': 'raw', 'labeled_class_counts': '{<=50K:36,>50K:14}', 'labeled_classes_present': 2, 'max_labeled_per_class': 36, 'max_selected_confidence': nan, 'mean_selected_confidence': nan, 'mean_selected_density': nan, 'method': 'tabpfn3_self_training', 'method_fidelity': 'novel_experimental', 'metric_accuracy': 0.7744907360016379, 'metric_average_precision': 0.6532938651187654, 'metric_balanced_accuracy': 0.5300434081948566, 'metric_brier': 0.2991713060115897, 'metric_ece': 0.11853720571802476, 'metric_log_loss': 0.4674289257627477, 'metric_macro_f1': 0.4928448973948627, 'metric_nll': 0.4674289257627477, 'metric_roc_auc': 0.8494408898334593, 'min_labeled_per_class': 14, 'min_selected_confidence': nan, 'n_classes': 2, 'n_features_after_preprocessing': 108, 'n_features_before_preprocessing': 14, 'n_labeled': 50, 'n_pseudo_added_last_iter': nan, 'n_pseudo_added_total': 0, 'n_unlabeled': 39023, 'neural_method': nan, 'neural_validation_strategy': nan, 'pretrain_epochs_trained': nan, 'protocol': 'inductive', 'pseudo_label_class_distribution': nan, 'pseudo_label_fraction': nan, 'reference_family': 'hard-label risk-controlled TFM self-training (not soft LoopTabFM)', 'runtime_seconds': 12.0809, 'seed': 0, 'selected_round': 0, 'self_training_iterations': nan, 'status': 'success', 'stopped_reason': 'no_candidates', 'test_class_counts': '{<=50K:7431,>50K:2338}', 'test_size': 9769, 'timestamp_utc': '2026-07-28T14:46:10.458960+00:00', 'train_labeled_size': 40, 'train_pool_class_counts': '{<=50K:29724,>50K:9349}', 'unlabeled_class_counts': '{<=50K:29688,>50K:9335}', 'val_class_counts': '{<=50K:7,>50K:3}', 'val_size': 10, 'validation_strategy': 'stratified_labeled_val'}",,True,
,,,,nogit:245e894de167158e,,12.4,adult,gpu,False,,,3f9236be15390304,,ssl-representation,"{'cuda_available': True, 'cuda_version': '12.4', 'env_name': None, 'env_prefix': '/private/ofirlin-lab/suissad4/envs/micromamba', 'gpu_count': 1, 'gpu_name': 'NVIDIA A100 80GB PCIe', 'hostname': 'dsiuriofir01', 'packages': {'catboost': '1.2.10', 'lightgbm': '4.7.0', 'numpy': '2.4.6', 'pandas': '3.0.3', 'scikit-learn': '1.9.0', 'tabicl': '2.1.1', 'tabpfn': '8.1.0', 'torch': '2.6.0+cu124', 'xgboost': None}, 'platform': 'Linux-5.14.0-687.15.1.el9_8.x86_64-x86_64-with-glibc2.34', 'python': '3.11.15 | packaged by conda-forge | (main, Jun 11 2026, 03:34:02) [GCC 14.3.0]', 'python_version': '3.11.15', 'torch_available': True, 'torch_version': '2.6.0+cu124'}",,,NVIDIA A100 80GB PCIe,dsiuriofir01,processed,,unlabeled_attention_ssl,{},44136fa355b3678a,geometric_ssl,novel_experimental,0.7768451223257242,0.6290230930874773,0.7477851264424262,0.34975721804240917,0.1636106569016037,0.7576676646578119,0.7215599260882745,0.7576676646578119,0.8241172939892174,250,,True,,,,inductive,Retrieval attention over labeled and unlabeled training memory,adult__unlabeled_attention_ssl__s0__n250__6fe131f91362083f,6.1865,0,31,18893514,9c0a390446a60c1d839601aaeeaa4de606a9ab1ea55a231c91555e3a9486a539,v1_absolute_budget,success,True,2026-07-28T14:48:03.686522+00:00,"{'all_classes_present_in_labeled': True, 'best_epoch': 28, 'best_val_loss': 0.06854683626443148, 'dataset': 'adult', 'dataset_id': 1590, 'epochs_trained': nan, 'error_message': None, 'final_train_loss': nan, 'finetune_epochs_trained': nan, 'graph_n_neighbors_used': nan, 'graph_n_rows': nan, 'graph_n_unlabeled_used': nan, 'graph_retry_count': nan, 'input_view': 'processed', 'labeled_class_counts': '{<=50K:188,>50K:62}', 'labeled_classes_present': 2, 'max_labeled_per_class': 188, 'max_selected_confidence': nan, 'mean_selected_confidence': nan, 'mean_selected_density': nan, 'method': 'unlabeled_attention_ssl', 'method_fidelity': 'novel_experimental', 'metric_accuracy': 0.7768451223257242, 'metric_average_precision': 0.6290230930874773, 'metric_balanced_accuracy': 0.7477851264424262, 'metric_brier': 0.34975721804240917, 'metric_ece': 0.1636106569016037, 'metric_log_loss': 0.7576676646578119, 'metric_macro_f1': 0.7215599260882745, 'metric_nll': 0.7576676646578119, 'metric_roc_auc': 0.8241172939892174, 'min_labeled_per_class': 62, 'min_selected_confidence': nan, 'n_classes': 2, 'n_features_after_preprocessing': 108, 'n_features_before_preprocessing': 14, 'n_labeled': 250, 'n_pseudo_added_last_iter': nan, 'n_pseudo_added_total': nan, 'n_unlabeled': 38823, 'neural_method': nan, 'neural_validation_strategy': nan, 'pretrain_epochs_trained': nan, 'protocol': 'inductive', 'pseudo_label_class_distribution': nan, 'pseudo_label_fraction': nan, 'reference_family': nan, 'runtime_seconds': 6.1865, 'seed': 0, 'self_training_iterations': nan, 'status': 'success', 'stopped_reason': nan, 'test_class_counts': '{<=50K:7431,>50K:2338}', 'test_size': 9769, 'timestamp_utc': '2026-07-28T14:47:57.460880+00:00', 'train_labeled_size': 200, 'train_pool_class_counts': '{<=50K:29724,>50K:9349}', 'unlabeled_class_counts': '{<=50K:29536,>50K:9287}', 'val_class_counts': '{<=50K:38,>50K:12}', 'val_size': 50, 'validation_strategy': 'stratified_labeled_val'}",,True,
,,,,nogit:245e894de167158e,,12.4,adult,gpu,False,,,3f9236be15390304,,ssl-representation,"{'cuda_available': True, 'cuda_version': '12.4', 'env_name': None, 'env_prefix': '/private/ofirlin-lab/suissad4/envs/micromamba', 'gpu_count': 1, 'gpu_name': 'NVIDIA A100 80GB PCIe', 'hostname': 'dsiuriofir01', 'packages': {'catboost': '1.2.10', 'lightgbm': '4.7.0', 'numpy': '2.4.6', 'pandas': '3.0.3', 'scikit-learn': '1.9.0', 'tabicl': '2.1.1', 'tabpfn': '8.1.0', 'torch': '2.6.0+cu124', 'xgboost': None}, 'platform': 'Linux-5.14.0-687.15.1.el9_8.x86_64-x86_64-with-glibc2.34', 'python': '3.11.15 | packaged by conda-forge | (main, Jun 11 2026, 03:34:02) [GCC 14.3.0]', 'python_version': '3.11.15', 'torch_available': True, 'torch_version': '2.6.0+cu124'}",,,NVIDIA A100 80GB PCIe,dsiuriofir01,processed,,unlabeled_attention_ssl,{},44136fa355b3678a,geometric_ssl,novel_experimental,0.7606715119254785,0.49987655821037424,0.5,0.2828560331842288,0.0667796723185377,0.4268084411809981,0.43203488372093024,0.4268084411809981,0.8267731507398721,50,,True,,,,inductive,Retrieval attention over labeled and unlabeled training memory,adult__unlabeled_attention_ssl__s0__n50__687d94448c1fddd2,5.0791,0,30,18893513,9c0a390446a60c1d839601aaeeaa4de606a9ab1ea55a231c91555e3a9486a539,v1_absolute_budget,success,True,2026-07-28T14:47:54.098312+00:00,"{'all_classes_present_in_labeled': True, 'best_epoch': 29, 'best_val_loss': 0.37394067645072937, 'dataset': 'adult', 'dataset_id': 1590, 'epochs_trained': nan, 'error_message': None, 'final_train_loss': nan, 'finetune_epochs_trained': nan, 'graph_n_neighbors_used': nan, 'graph_n_rows': nan, 'graph_n_unlabeled_used': nan, 'graph_retry_count': nan, 'input_view': 'processed', 'labeled_class_counts': '{<=50K:36,>50K:14}', 'labeled_classes_present': 2, 'max_labeled_per_class': 36, 'max_selected_confidence': nan, 'mean_selected_confidence': nan, 'mean_selected_density': nan, 'method': 'unlabeled_attention_ssl', 'method_fidelity': 'novel_experimental', 'metric_accuracy': 0.7606715119254785, 'metric_average_precision': 0.49987655821037424, 'metric_balanced_accuracy': 0.5, 'metric_brier': 0.2828560331842288, 'metric_ece': 0.0667796723185377, 'metric_log_loss': 0.4268084411809981, 'metric_macro_f1': 0.43203488372093024, 'metric_nll': 0.4268084411809981, 'metric_roc_auc': 0.8267731507398721, 'min_labeled_per_class': 14, 'min_selected_confidence': nan, 'n_classes': 2, 'n_features_after_preprocessing': 108, 'n_features_before_preprocessing': 14, 'n_labeled': 50, 'n_pseudo_added_last_iter': nan, 'n_pseudo_added_total': nan, 'n_unlabeled': 39023, 'neural_method': nan, 'neural_validation_strategy': nan, 'pretrain_epochs_trained': nan, 'protocol': 'inductive', 'pseudo_label_class_distribution': nan, 'pseudo_label_fraction': nan, 'reference_family': nan, 'runtime_seconds': 5.0791, 'seed': 0, 'self_training_iterations': nan, 'status': 'success', 'stopped_reason': nan, 'test_class_counts': '{<=50K:7431,>50K:2338}', 'test_size': 9769, 'timestamp_utc': '2026-07-28T14:47:48.981476+00:00', 'train_labeled_size': 40, 'train_pool_class_counts': '{<=50K:29724,>50K:9349}', 'unlabeled_class_counts': '{<=50K:29688,>50K:9335}', 'val_class_counts': '{<=50K:7,>50K:3}', 'val_size': 10, 'validation_strategy': 'stratified_labeled_val'}",,True,
,,,,nogit:245e894de167158e,,12.4,bank-marketing,gpu,False,,,3f9236be15390304,,ssl-representation,"{'cuda_available': True, 'cuda_version': '12.4', 'env_name': None, 'env_prefix': '/private/ofirlin-lab/suissad4/envs/micromamba', 'gpu_count': 1, 'gpu_name': 'NVIDIA A100 80GB PCIe', 'hostname': 'dsiuriofir01', 'packages': {'catboost': '1.2.10', 'lightgbm': '4.7.0', 'numpy': '2.4.6', 'pandas': '3.0.3', 'scikit-learn': '1.9.0', 'tabicl': '2.1.1', 'tabpfn': '8.1.0', 'torch': '2.6.0+cu124', 'xgboost': None}, 'platform': 'Linux-5.14.0-687.15.1.el9_8.x86_64-x86_64-with-glibc2.34', 'python': '3.11.15 | packaged by conda-forge | (main, Jun 11 2026, 03:34:02) [GCC 14.3.0]', 'python_version': '3.11.15', 'torch_available': True, 'torch_version': '2.6.0+cu124'}",,,NVIDIA A100 80GB PCIe,dsiuriofir01,processed,,embedding_alignment_ssl,{},44136fa355b3678a,geometric_ssl,novel_experimental,0.8830034280659074,0.205603340783973,0.5,0.20245104840311787,0.009269829735243961,0.35360462949737675,0.46893352125910265,0.35360462949737675,0.6123248576904001,250,,True,,,,inductive,Confidence-weighted class-conditional embedding alignment,bank-marketing__embedding_alignment_ssl__s0__n250__f7c97d6dc72b7615,4.0959,0,45,18893528,9c0a390446a60c1d839601aaeeaa4de606a9ab1ea55a231c91555e3a9486a539,v1_absolute_budget,success,True,2026-07-28T14:50:55.558115+00:00,"{'all_classes_present_in_labeled': True, 'best_epoch': 37, 'best_val_loss': 0.38778144121170044, 'dataset': 'bank-marketing', 'dataset_id': 1461, 'epochs_trained': nan, 'error_message': None, 'final_train_loss': nan, 'finetune_epochs_trained': nan, 'graph_n_neighbors_used': nan, 'graph_n_rows': nan, 'graph_n_unlabeled_used': nan, 'graph_retry_count': nan, 'input_view': 'processed', 'labeled_class_counts': '{1:217,2:33}', 'labeled_classes_present': 2, 'max_labeled_per_class': 217, 'max_selected_confidence': nan, 'mean_selected_confidence': nan, 'mean_selected_density': nan, 'method': 'embedding_alignment_ssl', 'method_fidelity': 'novel_experimental', 'metric_accuracy': 0.8830034280659074, 'metric_average_precision': 0.205603340783973, 'metric_balanced_accuracy': 0.5, 'metric_brier': 0.20245104840311787, 'metric_ece': 0.009269829735243961, 'metric_log_loss': 0.35360462949737675, 'metric_macro_f1': 0.46893352125910265, 'metric_nll': 0.35360462949737675, 'metric_roc_auc': 0.6123248576904001, 'min_labeled_per_class': 33, 'min_selected_confidence': nan, 'n_classes': 2, 'n_features_after_preprocessing': 51, 'n_features_before_preprocessing': 16, 'n_labeled': 250, 'n_pseudo_added_last_iter': nan, 'n_pseudo_added_total': nan, 'n_unlabeled': 35918, 'neural_method': nan, 'neural_validation_strategy': nan, 'pretrain_epochs_trained': nan, 'protocol': 'inductive', 'pseudo_label_class_distribution': nan, 'pseudo_label_fraction': nan, 'reference_family': nan, 'runtime_seconds': 4.0959, 'seed': 0, 'self_training_iterations': nan, 'status': 'success', 'stopped_reason': nan, 'test_class_counts': '{1:7985,2:1058}', 'test_size': 9043, 'timestamp_utc': '2026-07-28T14:50:51.425692+00:00', 'train_labeled_size': 200, 'train_pool_class_counts': '{1:31937,2:4231}', 'unlabeled_class_counts': '{1:31720,2:4198}', 'val_class_counts': '{1:43,2:7}', 'val_size': 50, 'validation_strategy': 'stratified_labeled_val'}",,True,
,,,,nogit:245e894de167158e,,12.4,bank-marketing,gpu,False,,,3f9236be15390304,,ssl-representation,"{'cuda_available': True, 'cuda_version': '12.4', 'env_name': None, 'env_prefix': '/private/ofirlin-lab/suissad4/envs/micromamba', 'gpu_count': 1, 'gpu_name': 'NVIDIA A100 80GB PCIe', 'hostname': 'dsiuriofir01', 'packages': {'catboost': '1.2.10', 'lightgbm': '4.7.0', 'numpy': '2.4.6', 'pandas': '3.0.3', 'scikit-learn': '1.9.0', 'tabicl': '2.1.1', 'tabpfn': '8.1.0', 'torch': '2.6.0+cu124', 'xgboost': None}, 'platform': 'Linux-5.14.0-687.15.1.el9_8.x86_64-x86_64-with-glibc2.34', 'python': '3.11.15 | packaged by conda-forge | (main, Jun 11 2026, 03:34:02) [GCC 14.3.0]', 'python_version': '3.11.15', 'torch_available': True, 'torch_version': '2.6.0+cu124'}",,,NVIDIA A100 80GB PCIe,dsiuriofir01,processed,,embedding_alignment_ssl,{},44136fa355b3678a,geometric_ssl,novel_experimental,0.8830034280659074,0.09726084419993379,0.5,0.25237016039106125,0.14571466599367078,0.4302876775822555,0.46893352125910265,0.4302876775822555,0.3998112008219571,50,,True,,,,inductive,Confidence-weighted class-conditional embedding alignment,bank-marketing__embedding_alignment_ssl__s0__n50__42019c27dc469ee4,3.8677,0,44,18893527,9c0a390446a60c1d839601aaeeaa4de606a9ab1ea55a231c91555e3a9486a539,v1_absolute_budget,success,True,2026-07-28T14:50:47.007438+00:00,"{'all_classes_present_in_labeled': True, 'best_epoch': 27, 'best_val_loss': 0.560626208782196, 'dataset': 'bank-marketing', 'dataset_id': 1461, 'epochs_trained': nan, 'error_message': None, 'final_train_loss': nan, 'finetune_epochs_trained': nan, 'graph_n_neighbors_used': nan, 'graph_n_rows': nan, 'graph_n_unlabeled_used': nan, 'graph_retry_count': nan, 'input_view': 'processed', 'labeled_class_counts': '{1:42,2:8}', 'labeled_classes_present': 2, 'max_labeled_per_class': 42, 'max_selected_confidence': nan, 'mean_selected_confidence': nan, 'mean_selected_density': nan, 'method': 'embedding_alignment_ssl', 'method_fidelity': 'novel_experimental', 'metric_accuracy': 0.8830034280659074, 'metric_average_precision': 0.09726084419993379, 'metric_balanced_accuracy': 0.5, 'metric_brier': 0.25237016039106125, 'metric_ece': 0.14571466599367078, 'metric_log_loss': 0.4302876775822555, 'metric_macro_f1': 0.46893352125910265, 'metric_nll': 0.4302876775822555, 'metric_roc_auc': 0.3998112008219571, 'min_labeled_per_class': 8, 'min_selected_confidence': nan, 'n_classes': 2, 'n_features_after_preprocessing': 51, 'n_features_before_preprocessing': 16, 'n_labeled': 50, 'n_pseudo_added_last_iter': nan, 'n_pseudo_added_total': nan, 'n_unlabeled': 36118, 'neural_method': nan, 'neural_validation_strategy': nan, 'pretrain_epochs_trained': nan, 'protocol': 'inductive', 'pseudo_label_class_distribution': nan, 'pseudo_label_fraction': nan, 'reference_family': nan, 'runtime_seconds': 3.8677, 'seed': 0, 'self_training_iterations': nan, 'status': 'success', 'stopped_reason': nan, 'test_class_counts': '{1:7985,2:1058}', 'test_size': 9043, 'timestamp_utc': '2026-07-28T14:50:43.102934+00:00', 'train_labeled_size': 40, 'train_pool_class_counts': '{1:31937,2:4231}', 'unlabeled_class_counts': '{1:31895,2:4223}', 'val_class_counts': '{1:8,2:2}', 'val_size': 10, 'validation_strategy': 'stratified_labeled_val'}",,True,
,,,,nogit:245e894de167158e,,12.4,bank-marketing,gpu,False,,,3f9236be15390304,,ssl-representation,"{'cuda_available': True, 'cuda_version': '12.4', 'env_name': None, 'env_prefix': '/private/ofirlin-lab/suissad4/envs/micromamba', 'gpu_count': 1, 'gpu_name': 'NVIDIA A100 80GB PCIe', 'hostname': 'dsiuriofir01', 'packages': {'catboost': '1.2.10', 'lightgbm': '4.7.0', 'numpy': '2.4.6', 'pandas': '3.0.3', 'scikit-learn': '1.9.0', 'tabicl': '2.1.1', 'tabpfn': '8.1.0', 'torch': '2.6.0+cu124', 'xgboost': None}, 'platform': 'Linux-5.14.0-687.15.1.el9_8.x86_64-x86_64-with-glibc2.34', 'python': '3.11.15 | packaged by conda-forge | (main, Jun 11 2026, 03:34:02) [GCC 14.3.0]', 'python_version': '3.11.15', 'torch_available': True, 'torch_version': '2.6.0+cu124'}",,,NVIDIA A100 80GB PCIe,dsiuriofir01,processed,,geometric_attention_ssl,{'max_epochs': 20},f91f182ea85952e6,geometric_ssl,novel_experimental,0.8831140108371116,0.34967767869538685,0.5008825621764816,0.18977527345887327,0.060074667626054595,0.32919240275464,0.47084242970295115,0.32919240275464,0.7965428443927828,250,,True,,,,inductive,Combined geometric-attention SSL,bank-marketing__geometric_attention_ssl__s0__n250__d0667b06abd1fd93,10.5661,0,47,18893530,9c0a390446a60c1d839601aaeeaa4de606a9ab1ea55a231c91555e3a9486a539,v1_absolute_budget,success,True,2026-07-28T14:51:21.867300+00:00,"{'all_classes_present_in_labeled': True, 'best_epoch': 20, 'best_val_loss': 0.3536709249019623, 'dataset': 'bank-marketing', 'dataset_id': 1461, 'epochs_trained': 20, 'error_message': None, 'final_train_loss': nan, 'finetune_epochs_trained': nan, 'graph_n_neighbors_used': nan, 'graph_n_rows': nan, 'graph_n_unlabeled_used': nan, 'graph_retry_count': nan, 'input_view': 'processed', 'labeled_class_counts': '{1:217,2:33}', 'labeled_classes_present': 2, 'max_labeled_per_class': 217, 'max_selected_confidence': nan, 'mean_selected_confidence': nan, 'mean_selected_density': nan, 'method': 'geometric_attention_ssl', 'method_fidelity': 'reimplementation', 'metric_accuracy': 0.8831140108371116, 'metric_average_precision': 0.34967767869538685, 'metric_balanced_accuracy': 0.5008825621764816, 'metric_brier': 0.18977527345887327, 'metric_ece': 0.060074667626054595, 'metric_log_loss': 0.32919240275464, 'metric_macro_f1': 0.47084242970295115, 'metric_nll': 0.32919240275464, 'metric_roc_auc': 0.7965428443927828, 'min_labeled_per_class': 33, 'min_selected_confidence': nan, 'n_classes': 2, 'n_features_after_preprocessing': 51, 'n_features_before_preprocessing': 16, 'n_labeled': 250, 'n_pseudo_added_last_iter': nan, 'n_pseudo_added_total': nan, 'n_unlabeled': 35918, 'neural_method': nan, 'neural_validation_strategy': 'external_val', 'pretrain_epochs_trained': nan, 'protocol': 'inductive', 'pseudo_label_class_distribution': nan, 'pseudo_label_fraction': nan, 'reference_family': 'Geometric attention SSL', 'runtime_seconds': 10.5661, 'seed': 0, 'self_training_iterations': nan, 'status': 'success', 'stopped_reason': nan, 'test_class_counts': '{1:7985,2:1058}', 'test_size': 9043, 'timestamp_utc': '2026-07-28T14:51:11.278563+00:00', 'train_labeled_size': 200, 'train_pool_class_counts': '{1:31937,2:4231}', 'unlabeled_class_counts': '{1:31720,2:4198}', 'val_class_counts': '{1:43,2:7}', 'val_size': 50, 'validation_strategy': 'stratified_labeled_val'}",,True,
,,,,nogit:245e894de167158e,,12.4,bank-marketing,gpu,False,,,3f9236be15390304,,ssl-representation,"{'cuda_available': True, 'cuda_version': '12.4', 'env_name': None, 'env_prefix': '/private/ofirlin-lab/suissad4/envs/micromamba', 'gpu_count': 1, 'gpu_name': 'NVIDIA A100 80GB PCIe', 'hostname': 'dsiuriofir01', 'packages': {'catboost': '1.2.10', 'lightgbm': '4.7.0', 'numpy': '2.4.6', 'pandas': '3.0.3', 'scikit-learn': '1.9.0', 'tabicl': '2.1.1', 'tabpfn': '8.1.0', 'torch': '2.6.0+cu124', 'xgboost': None}, 'platform': 'Linux-5.14.0-687.15.1.el9_8.x86_64-x86_64-with-glibc2.34', 'python': '3.11.15 | packaged by conda-forge | (main, Jun 11 2026, 03:34:02) [GCC 14.3.0]', 'python_version': '3.11.15', 'torch_available': True, 'torch_version': '2.6.0+cu124'}",,,NVIDIA A100 80GB PCIe,dsiuriofir01,processed,,geometric_attention_ssl,{'max_epochs': 20},f91f182ea85952e6,geometric_ssl,novel_experimental,0.8830034280659074,0.12576143566882475,0.5,0.21443754387254324,0.0629634108334301,0.37534466704999003,0.46893352125910265,0.37534466704999003,0.5267905441795995,50,,True,,,,inductive,Combined geometric-attention SSL,bank-marketing__geometric_attention_ssl__s0__n50__aa9711a77bf660ac,7.9557,0,46,18893529,9c0a390446a60c1d839601aaeeaa4de606a9ab1ea55a231c91555e3a9486a539,v1_absolute_budget,success,True,2026-07-28T14:51:07.875491+00:00,"{'all_classes_present_in_labeled': True, 'best_epoch': 12, 'best_val_loss': 0.49208325147628784, 'dataset': 'bank-marketing', 'dataset_id': 1461, 'epochs_trained': 17, 'error_message': None, 'final_train_loss': nan, 'finetune_epochs_trained': nan, 'graph_n_neighbors_used': nan, 'graph_n_rows': nan, 'graph_n_unlabeled_used': nan, 'graph_retry_count': nan, 'input_view': 'processed', 'labeled_class_counts': '{1:42,2:8}', 'labeled_classes_present': 2, 'max_labeled_per_class': 42, 'max_selected_confidence': nan, 'mean_selected_confidence': nan, 'mean_selected_density': nan, 'method': 'geometric_attention_ssl', 'method_fidelity': 'reimplementation', 'metric_accuracy': 0.8830034280659074, 'metric_average_precision': 0.12576143566882475, 'metric_balanced_accuracy': 0.5, 'metric_brier': 0.21443754387254324, 'metric_ece': 0.0629634108334301, 'metric_log_loss': 0.37534466704999003, 'metric_macro_f1': 0.46893352125910265, 'metric_nll': 0.37534466704999003, 'metric_roc_auc': 0.5267905441795995, 'min_labeled_per_class': 8, 'min_selected_confidence': nan, 'n_classes': 2, 'n_features_after_preprocessing': 51, 'n_features_before_preprocessing': 16, 'n_labeled': 50, 'n_pseudo_added_last_iter': nan, 'n_pseudo_added_total': nan, 'n_unlabeled': 36118, 'neural_method': nan, 'neural_validation_strategy': 'external_val', 'pretrain_epochs_trained': nan, 'protocol': 'inductive', 'pseudo_label_class_distribution': nan, 'pseudo_label_fraction': nan, 'reference_family': 'Geometric attention SSL', 'runtime_seconds': 7.9557, 'seed': 0, 'self_training_iterations': nan, 'status': 'success', 'stopped_reason': nan, 'test_class_counts': '{1:7985,2:1058}', 'test_size': 9043, 'timestamp_utc': '2026-07-28T14:50:59.897520+00:00', 'train_labeled_size': 40, 'train_pool_class_counts': '{1:31937,2:4231}', 'unlabeled_class_counts': '{1:31895,2:4223}', 'val_class_counts': '{1:8,2:2}', 'val_size': 10, 'validation_strategy': 'stratified_labeled_val'}",,True,
,,,,nogit:245e894de167158e,,12.4,bank-marketing,gpu,False,,,3f9236be15390304,,ssl-representation,"{'cuda_available': True, 'cuda_version': '12.4', 'env_name': None, 'env_prefix': '/private/ofirlin-lab/suissad4/envs/micromamba', 'gpu_count': 1, 'gpu_name': 'NVIDIA A100 80GB PCIe', 'hostname': 'dsiuriofir01', 'packages': {'catboost': '1.2.10', 'lightgbm': '4.7.0', 'numpy': '2.4.6', 'pandas': '3.0.3', 'scikit-learn': '1.9.0', 'tabicl': '2.1.1', 'tabpfn': '8.1.0', 'torch': '2.6.0+cu124', 'xgboost': None}, 'platform': 'Linux-5.14.0-687.15.1.el9_8.x86_64-x86_64-with-glibc2.34', 'python': '3.11.15 | packaged by conda-forge | (main, Jun 11 2026, 03:34:02) [GCC 14.3.0]', 'python_version': '3.11.15', 'torch_available': True, 'torch_version': '2.6.0+cu124'}",,,NVIDIA A100 80GB PCIe,dsiuriofir01,processed,,laplacian_ssl,{},44136fa355b3678a,geometric_ssl,paper_core,0.8826716797522945,0.3877851830512172,0.507191650696663,0.17285155804168206,0.019627749293373485,0.291346972299223,0.48518229904029814,0.291346972299223,0.8122364357556051,250,,True,,,,inductive,Sparse Laplacian-regularized MLP,bank-marketing__laplacian_ssl__s0__n250__68f9e828f677a623,9.8788,0,41,18893524,9c0a390446a60c1d839601aaeeaa4de606a9ab1ea55a231c91555e3a9486a539,v1_absolute_budget,success,True,2026-07-28T14:50:23.234936+00:00,"{'all_classes_present_in_labeled': True, 'best_epoch': 30, 'best_val_loss': 0.322671502828598, 'dataset': 'bank-marketing', 'dataset_id': 1461, 'epochs_trained': 30, 'error_message': None, 'final_train_loss': nan, 'finetune_epochs_trained': nan, 'graph_n_neighbors_used': nan, 'graph_n_rows': nan, 'graph_n_unlabeled_used': nan, 'graph_retry_count': nan, 'input_view': 'processed', 'labeled_class_counts': '{1:217,2:33}', 'labeled_classes_present': 2, 'max_labeled_per_class': 217, 'max_selected_confidence': nan, 'mean_selected_confidence': nan, 'mean_selected_density': nan, 'method': 'laplacian_ssl', 'method_fidelity': 'reimplementation', 'metric_accuracy': 0.8826716797522945, 'metric_average_precision': 0.3877851830512172, 'metric_balanced_accuracy': 0.507191650696663, 'metric_brier': 0.17285155804168206, 'metric_ece': 0.019627749293373485, 'metric_log_loss': 0.291346972299223, 'metric_macro_f1': 0.48518229904029814, 'metric_nll': 0.291346972299223, 'metric_roc_auc': 0.8122364357556051, 'min_labeled_per_class': 33, 'min_selected_confidence': nan, 'n_classes': 2, 'n_features_after_preprocessing': 51, 'n_features_before_preprocessing': 16, 'n_labeled': 250, 'n_pseudo_added_last_iter': nan, 'n_pseudo_added_total': nan, 'n_unlabeled': 35918, 'neural_method': nan, 'neural_validation_strategy': 'external_val', 'pretrain_epochs_trained': nan, 'protocol': 'inductive', 'pseudo_label_class_distribution': nan, 'pseudo_label_fraction': nan, 'reference_family': 'Laplacian / graph SSL', 'runtime_seconds': 9.8788, 'seed': 0, 'self_training_iterations': nan, 'status': 'success', 'stopped_reason': nan, 'test_class_counts': '{1:7985,2:1058}', 'test_size': 9043, 'timestamp_utc': '2026-07-28T14:50:13.319612+00:00', 'train_labeled_size': 200, 'train_pool_class_counts': '{1:31937,2:4231}', 'unlabeled_class_counts': '{1:31720,2:4198}', 'val_class_counts': '{1:43,2:7}', 'val_size': 50, 'validation_strategy': 'stratified_labeled_val'}",,True,
,,,,nogit:245e894de167158e,,12.4,bank-marketing,gpu,False,,,3f9236be15390304,,ssl-representation,"{'cuda_available': True, 'cuda_version': '12.4', 'env_name': None, 'env_prefix': '/private/ofirlin-lab/suissad4/envs/micromamba', 'gpu_count': 1, 'gpu_name': 'NVIDIA A100 80GB PCIe', 'hostname': 'dsiuriofir01', 'packages': {'catboost': '1.2.10', 'lightgbm': '4.7.0', 'numpy': '2.4.6', 'pandas': '3.0.3', 'scikit-learn': '1.9.0', 'tabicl': '2.1.1', 'tabpfn': '8.1.0', 'torch': '2.6.0+cu124', 'xgboost': None}, 'platform': 'Linux-5.14.0-687.15.1.el9_8.x86_64-x86_64-with-glibc2.34', 'python': '3.11.15 | packaged by conda-forge | (main, Jun 11 2026, 03:34:02) [GCC 14.3.0]', 'python_version': '3.11.15', 'torch_available': True, 'torch_version': '2.6.0+cu124'}",,,NVIDIA A100 80GB PCIe,dsiuriofir01,processed,,laplacian_ssl,{},44136fa355b3678a,geometric_ssl,paper_core,0.8830034280659074,0.16981292038463475,0.5,0.21660540221638167,0.08266641863778966,0.3782245160018948,0.46893352125910265,0.3782245160018948,0.6178717065196677,50,,True,,,,inductive,Sparse Laplacian-regularized MLP,bank-marketing__laplacian_ssl__s0__n50__f3ebf4a77078cd9b,8.0303,0,40,18893523,9c0a390446a60c1d839601aaeeaa4de606a9ab1ea55a231c91555e3a9486a539,v1_absolute_budget,success,True,2026-07-28T14:50:09.979331+00:00,"{'all_classes_present_in_labeled': True, 'best_epoch': 21, 'best_val_loss': 0.49761366844177246, 'dataset': 'bank-marketing', 'dataset_id': 1461, 'epochs_trained': 26, 'error_message': None, 'final_train_loss': nan, 'finetune_epochs_trained': nan, 'graph_n_neighbors_used': nan, 'graph_n_rows': nan, 'graph_n_unlabeled_used': nan, 'graph_retry_count': nan, 'input_view': 'processed', 'labeled_class_counts': '{1:42,2:8}', 'labeled_classes_present': 2, 'max_labeled_per_class': 42, 'max_selected_confidence': nan, 'mean_selected_confidence': nan, 'mean_selected_density': nan, 'method': 'laplacian_ssl', 'method_fidelity': 'reimplementation', 'metric_accuracy': 0.8830034280659074, 'metric_average_precision': 0.16981292038463475, 'metric_balanced_accuracy': 0.5, 'metric_brier': 0.21660540221638167, 'metric_ece': 0.08266641863778966, 'metric_log_loss': 0.3782245160018948, 'metric_macro_f1': 0.46893352125910265, 'metric_nll': 0.3782245160018948, 'metric_roc_auc': 0.6178717065196677, 'min_labeled_per_class': 8, 'min_selected_confidence': nan, 'n_classes': 2, 'n_features_after_preprocessing': 51, 'n_features_before_preprocessing': 16, 'n_labeled': 50, 'n_pseudo_added_last_iter': nan, 'n_pseudo_added_total': nan, 'n_unlabeled': 36118, 'neural_method': nan, 'neural_validation_strategy': 'external_val', 'pretrain_epochs_trained': nan, 'protocol': 'inductive', 'pseudo_label_class_distribution': nan, 'pseudo_label_fraction': nan, 'reference_family': 'Laplacian / graph SSL', 'runtime_seconds': 8.0303, 'seed': 0, 'self_training_iterations': nan, 'status': 'success', 'stopped_reason': nan, 'test_class_counts': '{1:7985,2:1058}', 'test_size': 9043, 'timestamp_utc': '2026-07-28T14:50:01.912851+00:00', 'train_labeled_size': 40, 'train_pool_class_counts': '{1:31937,2:4231}', 'unlabeled_class_counts': '{1:31895,2:4223}', 'val_class_counts': '{1:8,2:2}', 'val_size': 10, 'validation_strategy': 'stratified_labeled_val'}",,True,
tabiclv2,,,,nogit:245e894de167158e,,12.4,bank-marketing,gpu,False,,,3f9236be15390304,,ssl-tfm,"{'cuda_available': True, 'cuda_version': '12.4', 'env_name': None, 'env_prefix': '/private/ofirlin-lab/suissad4/envs/micromamba', 'gpu_count': 1, 'gpu_name': 'NVIDIA A100 80GB PCIe', 'hostname': 'dsiuriofir01', 'packages': {'catboost': '1.2.10', 'lightgbm': '4.7.0', 'numpy': '2.4.6', 'pandas': '3.0.3', 'scikit-learn': '1.9.0', 'tabicl': '2.1.1', 'tabpfn': '8.1.0', 'torch': '2.6.0+cu124', 'xgboost': None}, 'platform': 'Linux-5.14.0-687.15.1.el9_8.x86_64-x86_64-with-glibc2.34', 'python': '3.11.15 | packaged by conda-forge | (main, Jun 11 2026, 03:34:02) [GCC 14.3.0]', 'python_version': '3.11.15', 'torch_available': True, 'torch_version': '2.6.0+cu124'}",,,NVIDIA A100 80GB PCIe,dsiuriofir01,raw,,tabiclv2_self_training,{},44136fa355b3678a,tfm_ssl,novel_experimental,0.8865420767444432,0.4468450538794287,0.6368846715190226,0.16305738785240212,0.02006324326335812,0.26555220418562636,0.6640914974449845,0.26555220418562636,0.8722224326566944,250,,True,,,,inductive,Iterative hard-label self-training with TabICLv2,bank-marketing__tabiclv2_self_training__s0__n250__aa437a75f0f29824,16.2008,0,39,18893522,9c0a390446a60c1d839601aaeeaa4de606a9ab1ea55a231c91555e3a9486a539,v1_absolute_budget,success,True,2026-07-28T14:49:58.409623+00:00,"{'all_classes_present_in_labeled': True, 'backbone': 'tabiclv2', 'best_epoch': nan, 'best_val_loss': nan, 'dataset': 'bank-marketing', 'dataset_id': 1461, 'epochs_trained': nan, 'error_message': None, 'fallback_reason': None, 'final_train_loss': nan, 'finetune_epochs_trained': nan, 'graph_n_neighbors_used': nan, 'graph_n_rows': nan, 'graph_n_unlabeled_used': nan, 'graph_retry_count': nan, 'input_view': 'raw', 'labeled_class_counts': '{1:217,2:33}', 'labeled_classes_present': 2, 'max_labeled_per_class': 217, 'max_selected_confidence': nan, 'mean_selected_confidence': nan, 'mean_selected_density': nan, 'method': 'tabiclv2_self_training', 'method_fidelity': 'novel_experimental', 'metric_accuracy': 0.8865420767444432, 'metric_average_precision': 0.4468450538794287, 'metric_balanced_accuracy': 0.6368846715190226, 'metric_brier': 0.16305738785240212, 'metric_ece': 0.02006324326335812, 'metric_log_loss': 0.26555220418562636, 'metric_macro_f1': 0.6640914974449845, 'metric_nll': 0.26555220418562636, 'metric_roc_auc': 0.8722224326566944, 'min_labeled_per_class': 33, 'min_selected_confidence': nan, 'n_classes': 2, 'n_features_after_preprocessing': 51, 'n_features_before_preprocessing': 16, 'n_labeled': 250, 'n_pseudo_added_last_iter': nan, 'n_pseudo_added_total': 200, 'n_unlabeled': 35918, 'neural_method': nan, 'neural_validation_strategy': nan, 'pretrain_epochs_trained': nan, 'protocol': 'inductive', 'pseudo_label_class_distribution': nan, 'pseudo_label_fraction': nan, 'reference_family': 'hard-label risk-controlled TFM self-training (not soft LoopTabFM)', 'runtime_seconds': 16.2008, 'seed': 0, 'selected_round': 2, 'self_training_iterations': nan, 'status': 'success', 'stopped_reason': 'max_loops', 'test_class_counts': '{1:7985,2:1058}', 'test_size': 9043, 'timestamp_utc': '2026-07-28T14:49:42.187921+00:00', 'train_labeled_size': 200, 'train_pool_class_counts': '{1:31937,2:4231}', 'unlabeled_class_counts': '{1:31720,2:4198}', 'val_class_counts': '{1:43,2:7}', 'val_size': 50, 'validation_strategy': 'stratified_labeled_val'}",,True,
tabiclv2,,,,nogit:245e894de167158e,,12.4,bank-marketing,gpu,False,,,3f9236be15390304,,ssl-tfm,"{'cuda_available': True, 'cuda_version': '12.4', 'env_name': None, 'env_prefix': '/private/ofirlin-lab/suissad4/envs/micromamba', 'gpu_count': 1, 'gpu_name': 'NVIDIA A100 80GB PCIe', 'hostname': 'dsiuriofir01', 'packages': {'catboost': '1.2.10', 'lightgbm': '4.7.0', 'numpy': '2.4.6', 'pandas': '3.0.3', 'scikit-learn': '1.9.0', 'tabicl': '2.1.1', 'tabpfn': '8.1.0', 'torch': '2.6.0+cu124', 'xgboost': None}, 'platform': 'Linux-5.14.0-687.15.1.el9_8.x86_64-x86_64-with-glibc2.34', 'python': '3.11.15 | packaged by conda-forge | (main, Jun 11 2026, 03:34:02) [GCC 14.3.0]', 'python_version': '3.11.15', 'torch_available': True, 'torch_version': '2.6.0+cu124'}",,,NVIDIA A100 80GB PCIe,dsiuriofir01,raw,,tabiclv2_self_training,{},44136fa355b3678a,tfm_ssl,novel_experimental,0.8076965608758155,0.19405042559412694,0.5713298682667052,0.2800175839854726,0.03628869633429861,0.43975380710852024,0.5660698870278416,0.43975380710852024,0.6707677320306388,50,,True,,,,inductive,Iterative hard-label self-training with TabICLv2,bank-marketing__tabiclv2_self_training__s0__n50__d61c68862031d64c,11.198,0,38,18893521,9c0a390446a60c1d839601aaeeaa4de606a9ab1ea55a231c91555e3a9486a539,v1_absolute_budget,success,True,2026-07-28T14:49:38.677428+00:00,"{'all_classes_present_in_labeled': True, 'backbone': 'tabiclv2', 'best_epoch': nan, 'best_val_loss': nan, 'dataset': 'bank-marketing', 'dataset_id': 1461, 'epochs_trained': nan, 'error_message': None, 'fallback_reason': None, 'final_train_loss': nan, 'finetune_epochs_trained': nan, 'graph_n_neighbors_used': nan, 'graph_n_rows': nan, 'graph_n_unlabeled_used': nan, 'graph_retry_count': nan, 'input_view': 'raw', 'labeled_class_counts': '{1:42,2:8}', 'labeled_classes_present': 2, 'max_labeled_per_class': 42, 'max_selected_confidence': nan, 'mean_selected_confidence': nan, 'mean_selected_density': nan, 'method': 'tabiclv2_self_training', 'method_fidelity': 'novel_experimental', 'metric_accuracy': 0.8076965608758155, 'metric_average_precision': 0.19405042559412694, 'metric_balanced_accuracy': 0.5713298682667052, 'metric_brier': 0.2800175839854726, 'metric_ece': 0.03628869633429861, 'metric_log_loss': 0.43975380710852024, 'metric_macro_f1': 0.5660698870278416, 'metric_nll': 0.43975380710852024, 'metric_roc_auc': 0.6707677320306388, 'min_labeled_per_class': 8, 'min_selected_confidence': nan, 'n_classes': 2, 'n_features_after_preprocessing': 51, 'n_features_before_preprocessing': 16, 'n_labeled': 50, 'n_pseudo_added_last_iter': nan, 'n_pseudo_added_total': 40, 'n_unlabeled': 36118, 'neural_method': nan, 'neural_validation_strategy': nan, 'pretrain_epochs_trained': nan, 'protocol': 'inductive', 'pseudo_label_class_distribution': nan, 'pseudo_label_fraction': nan, 'reference_family': 'hard-label risk-controlled TFM self-training (not soft LoopTabFM)', 'runtime_seconds': 11.198, 'seed': 0, 'selected_round': 1, 'self_training_iterations': nan, 'status': 'success', 'stopped_reason': 'total_cap_reached', 'test_class_counts': '{1:7985,2:1058}', 'test_size': 9043, 'timestamp_utc': '2026-07-28T14:49:27.459006+00:00', 'train_labeled_size': 40, 'train_pool_class_counts': '{1:31937,2:4231}', 'unlabeled_class_counts': '{1:31895,2:4223}', 'val_class_counts': '{1:8,2:2}', 'val_size': 10, 'validation_strategy': 'stratified_labeled_val'}",,True,
tabpfn3,,,,nogit:245e894de167158e,,12.4,bank-marketing,gpu,False,,,3f9236be15390304,,ssl-tfm,"{'cuda_available': True, 'cuda_version': '12.4', 'env_name': None, 'env_prefix': '/private/ofirlin-lab/suissad4/envs/micromamba', 'gpu_count': 1, 'gpu_name': 'NVIDIA A100 80GB PCIe', 'hostname': 'dsiuriofir01', 'packages': {'catboost': '1.2.10', 'lightgbm': '4.7.0', 'numpy': '2.4.6', 'pandas': '3.0.3', 'scikit-learn': '1.9.0', 'tabicl': '2.1.1', 'tabpfn': '8.1.0', 'torch': '2.6.0+cu124', 'xgboost': None}, 'platform': 'Linux-5.14.0-687.15.1.el9_8.x86_64-x86_64-with-glibc2.34', 'python': '3.11.15 | packaged by conda-forge | (main, Jun 11 2026, 03:34:02) [GCC 14.3.0]', 'python_version': '3.11.15', 'torch_available': True, 'torch_version': '2.6.0+cu124'}",,,NVIDIA A100 80GB PCIe,dsiuriofir01,raw,,tabpfn3_self_training,{},44136fa355b3678a,tfm_ssl,novel_experimental,0.8891960632533451,0.46726885083319486,0.612969201468254,0.1547908108201135,0.015270939670951545,0.2529559958981971,0.6435562216767372,0.2529559958981971,0.8777060722313695,250,,True,,,,inductive,Iterative hard-label self-training with TabPFN-3,bank-marketing__tabpfn3_self_training__s0__n250__18470c37cbdeed38,14.8394,0,37,18893520,9c0a390446a60c1d839601aaeeaa4de606a9ab1ea55a231c91555e3a9486a539,v1_absolute_budget,success,True,2026-07-28T14:49:23.654423+00:00,"{'all_classes_present_in_labeled': True, 'backbone': 'tabpfn3', 'best_epoch': nan, 'best_val_loss': nan, 'dataset': 'bank-marketing', 'dataset_id': 1461, 'epochs_trained': nan, 'error_message': None, 'fallback_reason': 'loop0', 'final_train_loss': nan, 'finetune_epochs_trained': nan, 'graph_n_neighbors_used': nan, 'graph_n_rows': nan, 'graph_n_unlabeled_used': nan, 'graph_retry_count': nan, 'input_view': 'raw', 'labeled_class_counts': '{1:217,2:33}', 'labeled_classes_present': 2, 'max_labeled_per_class': 217, 'max_selected_confidence': nan, 'mean_selected_confidence': nan, 'mean_selected_density': nan, 'method': 'tabpfn3_self_training', 'method_fidelity': 'novel_experimental', 'metric_accuracy': 0.8891960632533451, 'metric_average_precision': 0.46726885083319486, 'metric_balanced_accuracy': 0.612969201468254, 'metric_brier': 0.1547908108201135, 'metric_ece': 0.015270939670951545, 'metric_log_loss': 0.2529559958981971, 'metric_macro_f1': 0.6435562216767372, 'metric_nll': 0.2529559958981971, 'metric_roc_auc': 0.8777060722313695, 'min_labeled_per_class': 33, 'min_selected_confidence': nan, 'n_classes': 2, 'n_features_after_preprocessing': 51, 'n_features_before_preprocessing': 16, 'n_labeled': 250, 'n_pseudo_added_last_iter': nan, 'n_pseudo_added_total': 0, 'n_unlabeled': 35918, 'neural_method': nan, 'neural_validation_strategy': nan, 'pretrain_epochs_trained': nan, 'protocol': 'inductive', 'pseudo_label_class_distribution': nan, 'pseudo_label_fraction': nan, 'reference_family': 'hard-label risk-controlled TFM self-training (not soft LoopTabFM)', 'runtime_seconds': 14.8394, 'seed': 0, 'selected_round': 0, 'self_training_iterations': nan, 'status': 'success', 'stopped_reason': 'total_cap_reached', 'test_class_counts': '{1:7985,2:1058}', 'test_size': 9043, 'timestamp_utc': '2026-07-28T14:49:08.792031+00:00', 'train_labeled_size': 200, 'train_pool_class_counts': '{1:31937,2:4231}', 'unlabeled_class_counts': '{1:31720,2:4198}', 'val_class_counts': '{1:43,2:7}', 'val_size': 50, 'validation_strategy': 'stratified_labeled_val'}",,True,
tabpfn3,,,,nogit:245e894de167158e,,12.4,bank-marketing,gpu,False,,,3f9236be15390304,,ssl-tfm,"{'cuda_available': True, 'cuda_version': '12.4', 'env_name': None, 'env_prefix': '/private/ofirlin-lab/suissad4/envs/micromamba', 'gpu_count': 1, 'gpu_name': 'NVIDIA A100 80GB PCIe', 'hostname': 'dsiuriofir01', 'packages': {'catboost': '1.2.10', 'lightgbm': '4.7.0', 'numpy': '2.4.6', 'pandas': '3.0.3', 'scikit-learn': '1.9.0', 'tabicl': '2.1.1', 'tabpfn': '8.1.0', 'torch': '2.6.0+cu124', 'xgboost': None}, 'platform': 'Linux-5.14.0-687.15.1.el9_8.x86_64-x86_64-with-glibc2.34', 'python': '3.11.15 | packaged by conda-forge | (main, Jun 11 2026, 03:34:02) [GCC 14.3.0]', 'python_version': '3.11.15', 'torch_available': True, 'torch_version': '2.6.0+cu124'}",,,NVIDIA A100 80GB PCIe,dsiuriofir01,raw,,tabpfn3_self_training,{},44136fa355b3678a,tfm_ssl,novel_experimental,0.8804600243282097,0.18931979706563043,0.5018395786996649,0.20539414226814434,0.02931606695485383,0.35134538705674057,0.4754779125943093,0.35134538705674057,0.6677405532348579,50,,True,,,,inductive,Iterative hard-label self-training with TabPFN-3,bank-marketing__tabpfn3_self_training__s0__n50__999b26204706c3a1,10.5038,0,36,18893519,9c0a390446a60c1d839601aaeeaa4de606a9ab1ea55a231c91555e3a9486a539,v1_absolute_budget,success,True,2026-07-28T14:49:04.075351+00:00,"{'all_classes_present_in_labeled': True, 'backbone': 'tabpfn3', 'best_epoch': nan, 'best_val_loss': nan, 'dataset': 'bank-marketing', 'dataset_id': 1461, 'epochs_trained': nan, 'error_message': None, 'fallback_reason': 'loop0', 'final_train_loss': nan, 'finetune_epochs_trained': nan, 'graph_n_neighbors_used': nan, 'graph_n_rows': nan, 'graph_n_unlabeled_used': nan, 'graph_retry_count': nan, 'input_view': 'raw', 'labeled_class_counts': '{1:42,2:8}', 'labeled_classes_present': 2, 'max_labeled_per_class': 42, 'max_selected_confidence': nan, 'mean_selected_confidence': nan, 'mean_selected_density': nan, 'method': 'tabpfn3_self_training', 'method_fidelity': 'novel_experimental', 'metric_accuracy': 0.8804600243282097, 'metric_average_precision': 0.18931979706563043, 'metric_balanced_accuracy': 0.5018395786996649, 'metric_brier': 0.20539414226814434, 'metric_ece': 0.02931606695485383, 'metric_log_loss': 0.35134538705674057, 'metric_macro_f1': 0.4754779125943093, 'metric_nll': 0.35134538705674057, 'metric_roc_auc': 0.6677405532348579, 'min_labeled_per_class': 8, 'min_selected_confidence': nan, 'n_classes': 2, 'n_features_after_preprocessing': 51, 'n_features_before_preprocessing': 16, 'n_labeled': 50, 'n_pseudo_added_last_iter': nan, 'n_pseudo_added_total': 0, 'n_unlabeled': 36118, 'neural_method': nan, 'neural_validation_strategy': nan, 'pretrain_epochs_trained': nan, 'protocol': 'inductive', 'pseudo_label_class_distribution': nan, 'pseudo_label_fraction': nan, 'reference_family': 'hard-label risk-controlled TFM self-training (not soft LoopTabFM)', 'runtime_seconds': 10.5038, 'seed': 0, 'selected_round': 0, 'self_training_iterations': nan, 'status': 'success', 'stopped_reason': 'no_candidates', 'test_class_counts': '{1:7985,2:1058}', 'test_size': 9043, 'timestamp_utc': '2026-07-28T14:48:53.548809+00:00', 'train_labeled_size': 40, 'train_pool_class_counts': '{1:31937,2:4231}', 'unlabeled_class_counts': '{1:31895,2:4223}', 'val_class_counts': '{1:8,2:2}', 'val_size': 10, 'validation_strategy': 'stratified_labeled_val'}",,True,
,,,,nogit:245e894de167158e,,12.4,bank-marketing,gpu,False,,,3f9236be15390304,,ssl-representation,"{'cuda_available': True, 'cuda_version': '12.4', 'env_name': None, 'env_prefix': '/private/ofirlin-lab/suissad4/envs/micromamba', 'gpu_count': 1, 'gpu_name': 'NVIDIA A100 80GB PCIe', 'hostname': 'dsiuriofir01', 'packages': {'catboost': '1.2.10', 'lightgbm': '4.7.0', 'numpy': '2.4.6', 'pandas': '3.0.3', 'scikit-learn': '1.9.0', 'tabicl': '2.1.1', 'tabpfn': '8.1.0', 'torch': '2.6.0+cu124', 'xgboost': None}, 'platform': 'Linux-5.14.0-687.15.1.el9_8.x86_64-x86_64-with-glibc2.34', 'python': '3.11.15 | packaged by conda-forge | (main, Jun 11 2026, 03:34:02) [GCC 14.3.0]', 'python_version': '3.11.15', 'torch_available': True, 'torch_version': '2.6.0+cu124'}",,,NVIDIA A100 80GB PCIe,dsiuriofir01,processed,,unlabeled_attention_ssl,{},44136fa355b3678a,geometric_ssl,novel_experimental,0.8830034280659074,0.32722719567726216,0.5,0.18320984375466154,0.036776674495101414,0.3114906548647782,0.46893352125910265,0.3114906548647782,0.7865916480925365,250,,True,,,,inductive,Retrieval attention over labeled and unlabeled training memory,bank-marketing__unlabeled_attention_ssl__s0__n250__da1ee893eca9df23,4.8763,0,43,18893526,9c0a390446a60c1d839601aaeeaa4de606a9ab1ea55a231c91555e3a9486a539,v1_absolute_budget,success,True,2026-07-28T14:50:39.786253+00:00,"{'all_classes_present_in_labeled': True, 'best_epoch': 6, 'best_val_loss': 0.25026447139680386, 'dataset': 'bank-marketing', 'dataset_id': 1461, 'epochs_trained': nan, 'error_message': None, 'final_train_loss': nan, 'finetune_epochs_trained': nan, 'graph_n_neighbors_used': nan, 'graph_n_rows': nan, 'graph_n_unlabeled_used': nan, 'graph_retry_count': nan, 'input_view': 'processed', 'labeled_class_counts': '{1:217,2:33}', 'labeled_classes_present': 2, 'max_labeled_per_class': 217, 'max_selected_confidence': nan, 'mean_selected_confidence': nan, 'mean_selected_density': nan, 'method': 'unlabeled_attention_ssl', 'method_fidelity': 'novel_experimental', 'metric_accuracy': 0.8830034280659074, 'metric_average_precision': 0.32722719567726216, 'metric_balanced_accuracy': 0.5, 'metric_brier': 0.18320984375466154, 'metric_ece': 0.036776674495101414, 'metric_log_loss': 0.3114906548647782, 'metric_macro_f1': 0.46893352125910265, 'metric_nll': 0.3114906548647782, 'metric_roc_auc': 0.7865916480925365, 'min_labeled_per_class': 33, 'min_selected_confidence': nan, 'n_classes': 2, 'n_features_after_preprocessing': 51, 'n_features_before_preprocessing': 16, 'n_labeled': 250, 'n_pseudo_added_last_iter': nan, 'n_pseudo_added_total': nan, 'n_unlabeled': 35918, 'neural_method': nan, 'neural_validation_strategy': nan, 'pretrain_epochs_trained': nan, 'protocol': 'inductive', 'pseudo_label_class_distribution': nan, 'pseudo_label_fraction': nan, 'reference_family': nan, 'runtime_seconds': 4.8763, 'seed': 0, 'self_training_iterations': nan, 'status': 'success', 'stopped_reason': nan, 'test_class_counts': '{1:7985,2:1058}', 'test_size': 9043, 'timestamp_utc': '2026-07-28T14:50:34.872765+00:00', 'train_labeled_size': 200, 'train_pool_class_counts': '{1:31937,2:4231}', 'unlabeled_class_counts': '{1:31720,2:4198}', 'val_class_counts': '{1:43,2:7}', 'val_size': 50, 'validation_strategy': 'stratified_labeled_val'}",,True,
,,,,nogit:245e894de167158e,,12.4,bank-marketing,gpu,False,,,3f9236be15390304,,ssl-representation,"{'cuda_available': True, 'cuda_version': '12.4', 'env_name': None, 'env_prefix': '/private/ofirlin-lab/suissad4/envs/micromamba', 'gpu_count': 1, 'gpu_name': 'NVIDIA A100 80GB PCIe', 'hostname': 'dsiuriofir01', 'packages': {'catboost': '1.2.10', 'lightgbm': '4.7.0', 'numpy': '2.4.6', 'pandas': '3.0.3', 'scikit-learn': '1.9.0', 'tabicl': '2.1.1', 'tabpfn': '8.1.0', 'torch': '2.6.0+cu124', 'xgboost': None}, 'platform': 'Linux-5.14.0-687.15.1.el9_8.x86_64-x86_64-with-glibc2.34', 'python': '3.11.15 | packaged by conda-forge | (main, Jun 11 2026, 03:34:02) [GCC 14.3.0]', 'python_version': '3.11.15', 'torch_available': True, 'torch_version': '2.6.0+cu124'}",,,NVIDIA A100 80GB PCIe,dsiuriofir01,processed,,unlabeled_attention_ssl,{},44136fa355b3678a,geometric_ssl,novel_experimental,0.8367798297025324,0.20230505830496098,0.5513107042623634,0.24288483873712222,0.0545506132040537,0.40262972868636937,0.5564760008995775,0.40262972868636937,0.703537350869364,50,,True,,,,inductive,Retrieval attention over labeled and unlabeled training memory,bank-marketing__unlabeled_attention_ssl__s0__n50__4700d463f0f266cc,4.8747,0,42,18893525,9c0a390446a60c1d839601aaeeaa4de606a9ab1ea55a231c91555e3a9486a539,v1_absolute_budget,success,True,2026-07-28T14:50:31.546116+00:00,"{'all_classes_present_in_labeled': True, 'best_epoch': 29, 'best_val_loss': 0.141443133354187, 'dataset': 'bank-marketing', 'dataset_id': 1461, 'epochs_trained': nan, 'error_message': None, 'final_train_loss': nan, 'finetune_epochs_trained': nan, 'graph_n_neighbors_used': nan, 'graph_n_rows': nan, 'graph_n_unlabeled_used': nan, 'graph_retry_count': nan, 'input_view': 'processed', 'labeled_class_counts': '{1:42,2:8}', 'labeled_classes_present': 2, 'max_labeled_per_class': 42, 'max_selected_confidence': nan, 'mean_selected_confidence': nan, 'mean_selected_density': nan, 'method': 'unlabeled_attention_ssl', 'method_fidelity': 'novel_experimental', 'metric_accuracy': 0.8367798297025324, 'metric_average_precision': 0.20230505830496098, 'metric_balanced_accuracy': 0.5513107042623634, 'metric_brier': 0.24288483873712222, 'metric_ece': 0.0545506132040537, 'metric_log_loss': 0.40262972868636937, 'metric_macro_f1': 0.5564760008995775, 'metric_nll': 0.40262972868636937, 'metric_roc_auc': 0.703537350869364, 'min_labeled_per_class': 8, 'min_selected_confidence': nan, 'n_classes': 2, 'n_features_after_preprocessing': 51, 'n_features_before_preprocessing': 16, 'n_labeled': 50, 'n_pseudo_added_last_iter': nan, 'n_pseudo_added_total': nan, 'n_unlabeled': 36118, 'neural_method': nan, 'neural_validation_strategy': nan, 'pretrain_epochs_trained': nan, 'protocol': 'inductive', 'pseudo_label_class_distribution': nan, 'pseudo_label_fraction': nan, 'reference_family': nan, 'runtime_seconds': 4.8747, 'seed': 0, 'self_training_iterations': nan, 'status': 'success', 'stopped_reason': nan, 'test_class_counts': '{1:7985,2:1058}', 'test_size': 9043, 'timestamp_utc': '2026-07-28T14:50:26.633879+00:00', 'train_labeled_size': 40, 'train_pool_class_counts': '{1:31937,2:4231}', 'unlabeled_class_counts': '{1:31895,2:4223}', 'val_class_counts': '{1:8,2:2}', 'val_size': 10, 'validation_strategy': 'stratified_labeled_val'}",,True,
,,,,nogit:245e894de167158e,,12.4,jannis,gpu,False,,,3f9236be15390304,,ssl-representation,"{'cuda_available': True, 'cuda_version': '12.4', 'env_name': None, 'env_prefix': '/private/ofirlin-lab/suissad4/envs/micromamba', 'gpu_count': 1, 'gpu_name': 'NVIDIA A100 80GB PCIe', 'hostname': 'dsiuriofir01', 'packages': {'catboost': '1.2.10', 'lightgbm': '4.7.0', 'numpy': '2.4.6', 'pandas': '3.0.3', 'scikit-learn': '1.9.0', 'tabicl': '2.1.1', 'tabpfn': '8.1.0', 'torch': '2.6.0+cu124', 'xgboost': None}, 'platform': 'Linux-5.14.0-687.15.1.el9_8.x86_64-x86_64-with-glibc2.34', 'python': '3.11.15 | packaged by conda-forge | (main, Jun 11 2026, 03:34:02) [GCC 14.3.0]', 'python_version': '3.11.15', 'torch_available': True, 'torch_version': '2.6.0+cu124'}",,,NVIDIA A100 80GB PCIe,dsiuriofir01,processed,,embedding_alignment_ssl,{},44136fa355b3678a,geometric_ssl,novel_experimental,0.5678031886307996,,0.39329361204069807,0.549118005893906,0.04956150665855225,0.9914501776932675,0.38836922602066093,0.9914501776932675,0.731353730597173,250,,True,,,,inductive,Confidence-weighted class-conditional embedding alignment,jannis__embedding_alignment_ssl__s0__n250__29e3e6e68199e5cf,4.5587,0,69,18893552,9c0a390446a60c1d839601aaeeaa4de606a9ab1ea55a231c91555e3a9486a539,v1_absolute_budget,success,True,2026-07-28T14:57:23.647114+00:00,"{'all_classes_present_in_labeled': True, 'best_epoch': 39, 'best_val_loss': 1.0161733627319336, 'dataset': 'jannis', 'dataset_id': 41168, 'epochs_trained': nan, 'error_message': None, 'final_train_loss': nan, 'finetune_epochs_trained': nan, 'graph_n_neighbors_used': nan, 'graph_n_rows': nan, 'graph_n_unlabeled_used': nan, 'graph_retry_count': nan, 'input_view': 'processed', 'labeled_class_counts': '{0:10,1:84,2:45,3:111}', 'labeled_classes_present': 4, 'max_labeled_per_class': 111, 'max_selected_confidence': nan, 'mean_selected_confidence': nan, 'mean_selected_density': nan, 'method': 'embedding_alignment_ssl', 'method_fidelity': 'novel_experimental', 'metric_accuracy': 0.5678031886307996, 'metric_average_precision': None, 'metric_balanced_accuracy': 0.39329361204069807, 'metric_brier': 0.549118005893906, 'metric_ece': 0.04956150665855225, 'metric_log_loss': 0.9914501776932675, 'metric_macro_f1': 0.38836922602066093, 'metric_nll': 0.9914501776932675, 'metric_roc_auc': 0.731353730597173, 'min_labeled_per_class': 10, 'min_selected_confidence': nan, 'n_classes': 4, 'n_features_after_preprocessing': 54, 'n_features_before_preprocessing': 54, 'n_labeled': 250, 'n_pseudo_added_last_iter': nan, 'n_pseudo_added_total': nan, 'n_unlabeled': 66736, 'neural_method': nan, 'neural_validation_strategy': nan, 'pretrain_epochs_trained': nan, 'protocol': 'inductive', 'pseudo_label_class_distribution': nan, 'pseudo_label_fraction': nan, 'reference_family': nan, 'runtime_seconds': 4.5587, 'seed': 0, 'self_training_iterations': nan, 'status': 'success', 'stopped_reason': nan, 'test_class_counts': '{0:337,1:5758,2:2947,3:7705}', 'test_size': 16747, 'timestamp_utc': '2026-07-28T14:57:19.046840+00:00', 'train_labeled_size': 200, 'train_pool_class_counts': '{0:1350,1:23032,2:11787,3:30817}', 'unlabeled_class_counts': '{0:1340,1:22948,2:11742,3:30706}', 'val_class_counts': '{0:2,1:17,2:9,3:22}', 'val_size': 50, 'validation_strategy': 'stratified_labeled_val'}",,True,
,,,,nogit:245e894de167158e,,12.4,jannis,gpu,False,,,3f9236be15390304,,ssl-representation,"{'cuda_available': True, 'cuda_version': '12.4', 'env_name': None, 'env_prefix': '/private/ofirlin-lab/suissad4/envs/micromamba', 'gpu_count': 1, 'gpu_name': 'NVIDIA A100 80GB PCIe', 'hostname': 'dsiuriofir01', 'packages': {'catboost': '1.2.10', 'lightgbm': '4.7.0', 'numpy': '2.4.6', 'pandas': '3.0.3', 'scikit-learn': '1.9.0', 'tabicl': '2.1.1', 'tabpfn': '8.1.0', 'torch': '2.6.0+cu124', 'xgboost': None}, 'platform': 'Linux-5.14.0-687.15.1.el9_8.x86_64-x86_64-with-glibc2.34', 'python': '3.11.15 | packaged by conda-forge | (main, Jun 11 2026, 03:34:02) [GCC 14.3.0]', 'python_version': '3.11.15', 'torch_available': True, 'torch_version': '2.6.0+cu124'}",,,NVIDIA A100 80GB PCIe,dsiuriofir01,processed,,embedding_alignment_ssl,{},44136fa355b3678a,geometric_ssl,novel_experimental,0.5294679644115364,,0.35086612453994104,0.6102283840272479,0.12825906825341796,1.1239761631891165,0.34871411650765904,1.1239761631891165,0.6856315336816443,50,,True,,,,inductive,Confidence-weighted class-conditional embedding alignment,jannis__embedding_alignment_ssl__s0__n50__2a5a5b892eb508f4,3.9743,0,68,18893551,9c0a390446a60c1d839601aaeeaa4de606a9ab1ea55a231c91555e3a9486a539,v1_absolute_budget,success,True,2026-07-28T14:57:13.842566+00:00,"{'all_classes_present_in_labeled': True, 'best_epoch': 23, 'best_val_loss': 1.1352016925811768, 'dataset': 'jannis', 'dataset_id': 41168, 'epochs_trained': nan, 'error_message': None, 'final_train_loss': nan, 'finetune_epochs_trained': nan, 'graph_n_neighbors_used': nan, 'graph_n_rows': nan, 'graph_n_unlabeled_used': nan, 'graph_retry_count': nan, 'input_view': 'processed', 'labeled_class_counts': '{0:4,1:16,2:10,3:20}', 'labeled_classes_present': 4, 'max_labeled_per_class': 20, 'max_selected_confidence': nan, 'mean_selected_confidence': nan, 'mean_selected_density': nan, 'method': 'embedding_alignment_ssl', 'method_fidelity': 'novel_experimental', 'metric_accuracy': 0.5294679644115364, 'metric_average_precision': None, 'metric_balanced_accuracy': 0.35086612453994104, 'metric_brier': 0.6102283840272479, 'metric_ece': 0.12825906825341796, 'metric_log_loss': 1.1239761631891165, 'metric_macro_f1': 0.34871411650765904, 'metric_nll': 1.1239761631891165, 'metric_roc_auc': 0.6856315336816443, 'min_labeled_per_class': 4, 'min_selected_confidence': nan, 'n_classes': 4, 'n_features_after_preprocessing': 54, 'n_features_before_preprocessing': 54, 'n_labeled': 50, 'n_pseudo_added_last_iter': nan, 'n_pseudo_added_total': nan, 'n_unlabeled': 66936, 'neural_method': nan, 'neural_validation_strategy': nan, 'pretrain_epochs_trained': nan, 'protocol': 'inductive', 'pseudo_label_class_distribution': nan, 'pseudo_label_fraction': nan, 'reference_family': nan, 'runtime_seconds': 3.9743, 'seed': 0, 'self_training_iterations': nan, 'status': 'success', 'stopped_reason': nan, 'test_class_counts': '{0:337,1:5758,2:2947,3:7705}', 'test_size': 16747, 'timestamp_utc': '2026-07-28T14:57:09.831449+00:00', 'train_labeled_size': 40, 'train_pool_class_counts': '{0:1350,1:23032,2:11787,3:30817}', 'unlabeled_class_counts': '{0:1346,1:23016,2:11777,3:30797}', 'val_class_counts': '{0:1,1:3,2:2,3:4}', 'val_size': 10, 'validation_strategy': 'stratified_labeled_val'}",,True,
,,,,nogit:245e894de167158e,,12.4,jannis,gpu,False,,,3f9236be15390304,,ssl-representation,"{'cuda_available': True, 'cuda_version': '12.4', 'env_name': None, 'env_prefix': '/private/ofirlin-lab/suissad4/envs/micromamba', 'gpu_count': 1, 'gpu_name': 'NVIDIA A100 80GB PCIe', 'hostname': 'dsiuriofir01', 'packages': {'catboost': '1.2.10', 'lightgbm': '4.7.0', 'numpy': '2.4.6', 'pandas': '3.0.3', 'scikit-learn': '1.9.0', 'tabicl': '2.1.1', 'tabpfn': '8.1.0', 'torch': '2.6.0+cu124', 'xgboost': None}, 'platform': 'Linux-5.14.0-687.15.1.el9_8.x86_64-x86_64-with-glibc2.34', 'python': '3.11.15 | packaged by conda-forge | (main, Jun 11 2026, 03:34:02) [GCC 14.3.0]', 'python_version': '3.11.15', 'torch_available': True, 'torch_version': '2.6.0+cu124'}","RuntimeError: CUDA error: invalid configuration argument
CUDA kernel errors might be asynchronously reported at some other API call, so the stacktrace below might be incorrect.
For debugging consider passing CUDA_LAUNCH_BLOCKING=1
Compile with `TORCH_USE_CUDA_DSA` to enable device-side assertions.
",,NVIDIA A100 80GB PCIe,dsiuriofir01,processed,,geometric_attention_ssl,{'max_epochs': 20},f91f182ea85952e6,geometric_ssl,novel_experimental,,,,,,,,,,250,,True,,,,inductive,Combined geometric-attention SSL,jannis__geometric_attention_ssl__s0__n250__853a30e9790f7974,13.6529,0,71,18893477,9c0a390446a60c1d839601aaeeaa4de606a9ab1ea55a231c91555e3a9486a539,v1_absolute_budget,failed,True,2026-07-28T14:58:01.625813+00:00,"{'all_classes_present_in_labeled': True, 'dataset': 'jannis', 'dataset_id': 41168, 'error_message': 'RuntimeError: CUDA error: invalid configuration argument\nCUDA kernel errors might be asynchronously reported at some other API call, so the stacktrace below might be incorrect.\nFor debugging consider passing CUDA_LAUNCH_BLOCKING=1\nCompile with `TORCH_USE_CUDA_DSA` to enable device-side assertions.\n', 'graph_n_neighbors_used': nan, 'graph_n_rows': nan, 'graph_n_unlabeled_used': nan, 'graph_retry_count': nan, 'input_view': 'processed', 'labeled_class_counts': '{0:10,1:84,2:45,3:111}', 'labeled_classes_present': 4, 'max_labeled_per_class': 111, 'max_selected_confidence': nan, 'mean_selected_confidence': nan, 'mean_selected_density': nan, 'method': 'geometric_attention_ssl', 'method_fidelity': 'novel_experimental', 'min_labeled_per_class': 10, 'min_selected_confidence': nan, 'n_classes': 4, 'n_features_after_preprocessing': 54, 'n_features_before_preprocessing': 54, 'n_labeled': 250, 'n_pseudo_added_last_iter': nan, 'n_pseudo_added_total': nan, 'n_unlabeled': 66736, 'protocol': 'inductive', 'pseudo_label_class_distribution': nan, 'pseudo_label_fraction': nan, 'reference_family': 'geometric_ssl', 'runtime_seconds': 13.6529, 'seed': 0, 'self_training_iterations': nan, 'status': 'failed', 'stopped_reason': nan, 'test_class_counts': '{0:337,1:5758,2:2947,3:7705}', 'test_size': 16747, 'timestamp_utc': '2026-07-28T14:57:47.951057+00:00', 'train_labeled_size': 200, 'train_pool_class_counts': '{0:1350,1:23032,2:11787,3:30817}', 'unlabeled_class_counts': '{0:1340,1:22948,2:11742,3:30706}', 'val_class_counts': '{0:2,1:17,2:9,3:22}', 'val_size': 50, 'validation_strategy': 'stratified_labeled_val'}",,True,
,,,,nogit:245e894de167158e,,12.4,jannis,gpu,False,,,3f9236be15390304,,ssl-representation,"{'cuda_available': True, 'cuda_version': '12.4', 'env_name': None, 'env_prefix': '/private/ofirlin-lab/suissad4/envs/micromamba', 'gpu_count': 1, 'gpu_name': 'NVIDIA A100 80GB PCIe', 'hostname': 'dsiuriofir01', 'packages': {'catboost': '1.2.10', 'lightgbm': '4.7.0', 'numpy': '2.4.6', 'pandas': '3.0.3', 'scikit-learn': '1.9.0', 'tabicl': '2.1.1', 'tabpfn': '8.1.0', 'torch': '2.6.0+cu124', 'xgboost': None}, 'platform': 'Linux-5.14.0-687.15.1.el9_8.x86_64-x86_64-with-glibc2.34', 'python': '3.11.15 | packaged by conda-forge | (main, Jun 11 2026, 03:34:02) [GCC 14.3.0]', 'python_version': '3.11.15', 'torch_available': True, 'torch_version': '2.6.0+cu124'}","RuntimeError: CUDA error: invalid configuration argument
CUDA kernel errors might be asynchronously reported at some other API call, so the stacktrace below might be incorrect.
For debugging consider passing CUDA_LAUNCH_BLOCKING=1
Compile with `TORCH_USE_CUDA_DSA` to enable device-side assertions.
",,NVIDIA A100 80GB PCIe,dsiuriofir01,processed,,geometric_attention_ssl,{'max_epochs': 20},f91f182ea85952e6,geometric_ssl,novel_experimental,,,,,,,,,,50,,True,,,,inductive,Combined geometric-attention SSL,jannis__geometric_attention_ssl__s0__n50__c980977c18eefef2,14.1571,0,70,18893553,9c0a390446a60c1d839601aaeeaa4de606a9ab1ea55a231c91555e3a9486a539,v1_absolute_budget,failed,True,2026-07-28T14:57:43.598097+00:00,"{'all_classes_present_in_labeled': True, 'dataset': 'jannis', 'dataset_id': 41168, 'error_message': 'RuntimeError: CUDA error: invalid configuration argument\nCUDA kernel errors might be asynchronously reported at some other API call, so the stacktrace below might be incorrect.\nFor debugging consider passing CUDA_LAUNCH_BLOCKING=1\nCompile with `TORCH_USE_CUDA_DSA` to enable device-side assertions.\n', 'graph_n_neighbors_used': nan, 'graph_n_rows': nan, 'graph_n_unlabeled_used': nan, 'graph_retry_count': nan, 'input_view': 'processed', 'labeled_class_counts': '{0:4,1:16,2:10,3:20}', 'labeled_classes_present': 4, 'max_labeled_per_class': 20, 'max_selected_confidence': nan, 'mean_selected_confidence': nan, 'mean_selected_density': nan, 'method': 'geometric_attention_ssl', 'method_fidelity': 'novel_experimental', 'min_labeled_per_class': 4, 'min_selected_confidence': nan, 'n_classes': 4, 'n_features_after_preprocessing': 54, 'n_features_before_preprocessing': 54, 'n_labeled': 50, 'n_pseudo_added_last_iter': nan, 'n_pseudo_added_total': nan, 'n_unlabeled': 66936, 'protocol': 'inductive', 'pseudo_label_class_distribution': nan, 'pseudo_label_fraction': nan, 'reference_family': 'geometric_ssl', 'runtime_seconds': 14.1571, 'seed': 0, 'self_training_iterations': nan, 'status': 'failed', 'stopped_reason': nan, 'test_class_counts': '{0:337,1:5758,2:2947,3:7705}', 'test_size': 16747, 'timestamp_utc': '2026-07-28T14:57:29.413053+00:00', 'train_labeled_size': 40, 'train_pool_class_counts': '{0:1350,1:23032,2:11787,3:30817}', 'unlabeled_class_counts': '{0:1346,1:23016,2:11777,3:30797}', 'val_class_counts': '{0:1,1:3,2:2,3:4}', 'val_size': 10, 'validation_strategy': 'stratified_labeled_val'}",,True,
,,,,nogit:245e894de167158e,,12.4,jannis,gpu,False,,,3f9236be15390304,,ssl-representation,"{'cuda_available': True, 'cuda_version': '12.4', 'env_name': None, 'env_prefix': '/private/ofirlin-lab/suissad4/envs/micromamba', 'gpu_count': 1, 'gpu_name': 'NVIDIA A100 80GB PCIe', 'hostname': 'dsiuriofir01', 'packages': {'catboost': '1.2.10', 'lightgbm': '4.7.0', 'numpy': '2.4.6', 'pandas': '3.0.3', 'scikit-learn': '1.9.0', 'tabicl': '2.1.1', 'tabpfn': '8.1.0', 'torch': '2.6.0+cu124', 'xgboost': None}, 'platform': 'Linux-5.14.0-687.15.1.el9_8.x86_64-x86_64-with-glibc2.34', 'python': '3.11.15 | packaged by conda-forge | (main, Jun 11 2026, 03:34:02) [GCC 14.3.0]', 'python_version': '3.11.15', 'torch_available': True, 'torch_version': '2.6.0+cu124'}",,,NVIDIA A100 80GB PCIe,dsiuriofir01,processed,,laplacian_ssl,{},44136fa355b3678a,geometric_ssl,paper_core,0.5797456260822834,,0.39484035278528307,0.5312759478723513,0.05046401606304623,0.9456783484526707,0.39865353153835836,0.9456783484526707,0.7352812092055847,250,,True,,,,inductive,Sparse Laplacian-regularized MLP,jannis__laplacian_ssl__s0__n250__56100ae62c757b2d,16.0692,0,65,18893548,9c0a390446a60c1d839601aaeeaa4de606a9ab1ea55a231c91555e3a9486a539,v1_absolute_budget,success,True,2026-07-28T14:56:40.476710+00:00,"{'all_classes_present_in_labeled': True, 'best_epoch': 29, 'best_val_loss': 0.9703391194343567, 'dataset': 'jannis', 'dataset_id': 41168, 'epochs_trained': 30, 'error_message': None, 'final_train_loss': nan, 'finetune_epochs_trained': nan, 'graph_n_neighbors_used': nan, 'graph_n_rows': nan, 'graph_n_unlabeled_used': nan, 'graph_retry_count': nan, 'input_view': 'processed', 'labeled_class_counts': '{0:10,1:84,2:45,3:111}', 'labeled_classes_present': 4, 'max_labeled_per_class': 111, 'max_selected_confidence': nan, 'mean_selected_confidence': nan, 'mean_selected_density': nan, 'method': 'laplacian_ssl', 'method_fidelity': 'reimplementation', 'metric_accuracy': 0.5797456260822834, 'metric_average_precision': None, 'metric_balanced_accuracy': 0.39484035278528307, 'metric_brier': 0.5312759478723513, 'metric_ece': 0.05046401606304623, 'metric_log_loss': 0.9456783484526707, 'metric_macro_f1': 0.39865353153835836, 'metric_nll': 0.9456783484526707, 'metric_roc_auc': 0.7352812092055847, 'min_labeled_per_class': 10, 'min_selected_confidence': nan, 'n_classes': 4, 'n_features_after_preprocessing': 54, 'n_features_before_preprocessing': 54, 'n_labeled': 250, 'n_pseudo_added_last_iter': nan, 'n_pseudo_added_total': nan, 'n_unlabeled': 66736, 'neural_method': nan, 'neural_validation_strategy': 'external_val', 'pretrain_epochs_trained': nan, 'protocol': 'inductive', 'pseudo_label_class_distribution': nan, 'pseudo_label_fraction': nan, 'reference_family': 'Laplacian / graph SSL', 'runtime_seconds': 16.0692, 'seed': 0, 'self_training_iterations': nan, 'status': 'success', 'stopped_reason': nan, 'test_class_counts': '{0:337,1:5758,2:2947,3:7705}', 'test_size': 16747, 'timestamp_utc': '2026-07-28T14:56:24.371893+00:00', 'train_labeled_size': 200, 'train_pool_class_counts': '{0:1350,1:23032,2:11787,3:30817}', 'unlabeled_class_counts': '{0:1340,1:22948,2:11742,3:30706}', 'val_class_counts': '{0:2,1:17,2:9,3:22}', 'val_size': 50, 'validation_strategy': 'stratified_labeled_val'}",,True,
,,,,nogit:245e894de167158e,,12.4,jannis,gpu,False,,,3f9236be15390304,,ssl-representation,"{'cuda_available': True, 'cuda_version': '12.4', 'env_name': None, 'env_prefix': '/private/ofirlin-lab/suissad4/envs/micromamba', 'gpu_count': 1, 'gpu_name': 'NVIDIA A100 80GB PCIe', 'hostname': 'dsiuriofir01', 'packages': {'catboost': '1.2.10', 'lightgbm': '4.7.0', 'numpy': '2.4.6', 'pandas': '3.0.3', 'scikit-learn': '1.9.0', 'tabicl': '2.1.1', 'tabpfn': '8.1.0', 'torch': '2.6.0+cu124', 'xgboost': None}, 'platform': 'Linux-5.14.0-687.15.1.el9_8.x86_64-x86_64-with-glibc2.34', 'python': '3.11.15 | packaged by conda-forge | (main, Jun 11 2026, 03:34:02) [GCC 14.3.0]', 'python_version': '3.11.15', 'torch_available': True, 'torch_version': '2.6.0+cu124'}",,,NVIDIA A100 80GB PCIe,dsiuriofir01,processed,,laplacian_ssl,{},44136fa355b3678a,geometric_ssl,paper_core,0.5277960231683286,,0.3222732935788394,0.6136730105372031,0.11787933814644598,1.1335684630049339,0.28780430396631573,1.1335684630049339,0.6747256815468812,50,,True,,,,inductive,Sparse Laplacian-regularized MLP,jannis__laplacian_ssl__s0__n50__7643c76b8db1ab49,12.8957,0,64,18893547,9c0a390446a60c1d839601aaeeaa4de606a9ab1ea55a231c91555e3a9486a539,v1_absolute_budget,success,True,2026-07-28T14:56:20.022762+00:00,"{'all_classes_present_in_labeled': True, 'best_epoch': 23, 'best_val_loss': 1.148572325706482, 'dataset': 'jannis', 'dataset_id': 41168, 'epochs_trained': 28, 'error_message': None, 'final_train_loss': nan, 'finetune_epochs_trained': nan, 'graph_n_neighbors_used': nan, 'graph_n_rows': nan, 'graph_n_unlabeled_used': nan, 'graph_retry_count': nan, 'input_view': 'processed', 'labeled_class_counts': '{0:4,1:16,2:10,3:20}', 'labeled_classes_present': 4, 'max_labeled_per_class': 20, 'max_selected_confidence': nan, 'mean_selected_confidence': nan, 'mean_selected_density': nan, 'method': 'laplacian_ssl', 'method_fidelity': 'reimplementation', 'metric_accuracy': 0.5277960231683286, 'metric_average_precision': None, 'metric_balanced_accuracy': 0.3222732935788394, 'metric_brier': 0.6136730105372031, 'metric_ece': 0.11787933814644598, 'metric_log_loss': 1.1335684630049339, 'metric_macro_f1': 0.28780430396631573, 'metric_nll': 1.1335684630049339, 'metric_roc_auc': 0.6747256815468812, 'min_labeled_per_class': 4, 'min_selected_confidence': nan, 'n_classes': 4, 'n_features_after_preprocessing': 54, 'n_features_before_preprocessing': 54, 'n_labeled': 50, 'n_pseudo_added_last_iter': nan, 'n_pseudo_added_total': nan, 'n_unlabeled': 66936, 'neural_method': nan, 'neural_validation_strategy': 'external_val', 'pretrain_epochs_trained': nan, 'protocol': 'inductive', 'pseudo_label_class_distribution': nan, 'pseudo_label_fraction': nan, 'reference_family': 'Laplacian / graph SSL', 'runtime_seconds': 12.8957, 'seed': 0, 'self_training_iterations': nan, 'status': 'success', 'stopped_reason': nan, 'test_class_counts': '{0:337,1:5758,2:2947,3:7705}', 'test_size': 16747, 'timestamp_utc': '2026-07-28T14:56:07.086796+00:00', 'train_labeled_size': 40, 'train_pool_class_counts': '{0:1350,1:23032,2:11787,3:30817}', 'unlabeled_class_counts': '{0:1346,1:23016,2:11777,3:30797}', 'val_class_counts': '{0:1,1:3,2:2,3:4}', 'val_size': 10, 'validation_strategy': 'stratified_labeled_val'}",,True,
tabiclv2,,,,nogit:245e894de167158e,,12.4,jannis,gpu,False,,,3f9236be15390304,,ssl-tfm,"{'cuda_available': True, 'cuda_version': '12.4', 'env_name': None, 'env_prefix': '/private/ofirlin-lab/suissad4/envs/micromamba', 'gpu_count': 1, 'gpu_name': 'NVIDIA A100 80GB PCIe', 'hostname': 'dsiuriofir01', 'packages': {'catboost': '1.2.10', 'lightgbm': '4.7.0', 'numpy': '2.4.6', 'pandas': '3.0.3', 'scikit-learn': '1.9.0', 'tabicl': '2.1.1', 'tabpfn': '8.1.0', 'torch': '2.6.0+cu124', 'xgboost': None}, 'platform': 'Linux-5.14.0-687.15.1.el9_8.x86_64-x86_64-with-glibc2.34', 'python': '3.11.15 | packaged by conda-forge | (main, Jun 11 2026, 03:34:02) [GCC 14.3.0]', 'python_version': '3.11.15', 'torch_available': True, 'torch_version': '2.6.0+cu124'}",,,NVIDIA A100 80GB PCIe,dsiuriofir01,raw,,tabiclv2_self_training,{},44136fa355b3678a,tfm_ssl,novel_experimental,0.6298441511912581,,0.4573958554217039,0.48262190092350576,0.029189553091306265,0.8570998879204029,0.46027218015536575,0.8570998879204029,0.7939752602595244,250,,True,,,,inductive,Iterative hard-label self-training with TabICLv2,jannis__tabiclv2_self_training__s0__n250__d7c758fff93e13aa,44.0554,0,63,18893546,9c0a390446a60c1d839601aaeeaa4de606a9ab1ea55a231c91555e3a9486a539,v1_absolute_budget,success,True,2026-07-28T14:56:02.582826+00:00,"{'all_classes_present_in_labeled': True, 'backbone': 'tabiclv2', 'best_epoch': nan, 'best_val_loss': nan, 'dataset': 'jannis', 'dataset_id': 41168, 'epochs_trained': nan, 'error_message': None, 'fallback_reason': None, 'final_train_loss': nan, 'finetune_epochs_trained': nan, 'graph_n_neighbors_used': nan, 'graph_n_rows': nan, 'graph_n_unlabeled_used': nan, 'graph_retry_count': nan, 'input_view': 'raw', 'labeled_class_counts': '{0:10,1:84,2:45,3:111}', 'labeled_classes_present': 4, 'max_labeled_per_class': 111, 'max_selected_confidence': nan, 'mean_selected_confidence': nan, 'mean_selected_density': nan, 'method': 'tabiclv2_self_training', 'method_fidelity': 'novel_experimental', 'metric_accuracy': 0.6298441511912581, 'metric_average_precision': None, 'metric_balanced_accuracy': 0.4573958554217039, 'metric_brier': 0.48262190092350576, 'metric_ece': 0.029189553091306265, 'metric_log_loss': 0.8570998879204029, 'metric_macro_f1': 0.46027218015536575, 'metric_nll': 0.8570998879204029, 'metric_roc_auc': 0.7939752602595244, 'min_labeled_per_class': 10, 'min_selected_confidence': nan, 'n_classes': 4, 'n_features_after_preprocessing': 54, 'n_features_before_preprocessing': 54, 'n_labeled': 250, 'n_pseudo_added_last_iter': nan, 'n_pseudo_added_total': 200, 'n_unlabeled': 66736, 'neural_method': nan, 'neural_validation_strategy': nan, 'pretrain_epochs_trained': nan, 'protocol': 'inductive', 'pseudo_label_class_distribution': nan, 'pseudo_label_fraction': nan, 'reference_family': 'hard-label risk-controlled TFM self-training (not soft LoopTabFM)', 'runtime_seconds': 44.0554, 'seed': 0, 'selected_round': 2, 'self_training_iterations': nan, 'status': 'success', 'stopped_reason': 'total_cap_reached', 'test_class_counts': '{0:337,1:5758,2:2947,3:7705}', 'test_size': 16747, 'timestamp_utc': '2026-07-28T14:55:18.506682+00:00', 'train_labeled_size': 200, 'train_pool_class_counts': '{0:1350,1:23032,2:11787,3:30817}', 'unlabeled_class_counts': '{0:1340,1:22948,2:11742,3:30706}', 'val_class_counts': '{0:2,1:17,2:9,3:22}', 'val_size': 50, 'validation_strategy': 'stratified_labeled_val'}",,True,
tabiclv2,,,,nogit:245e894de167158e,,12.4,jannis,gpu,False,,,3f9236be15390304,,ssl-tfm,"{'cuda_available': True, 'cuda_version': '12.4', 'env_name': None, 'env_prefix': '/private/ofirlin-lab/suissad4/envs/micromamba', 'gpu_count': 1, 'gpu_name': 'NVIDIA A100 80GB PCIe', 'hostname': 'dsiuriofir01', 'packages': {'catboost': '1.2.10', 'lightgbm': '4.7.0', 'numpy': '2.4.6', 'pandas': '3.0.3', 'scikit-learn': '1.9.0', 'tabicl': '2.1.1', 'tabpfn': '8.1.0', 'torch': '2.6.0+cu124', 'xgboost': None}, 'platform': 'Linux-5.14.0-687.15.1.el9_8.x86_64-x86_64-with-glibc2.34', 'python': '3.11.15 | packaged by conda-forge | (main, Jun 11 2026, 03:34:02) [GCC 14.3.0]', 'python_version': '3.11.15', 'torch_available': True, 'torch_version': '2.6.0+cu124'}",,,NVIDIA A100 80GB PCIe,dsiuriofir01,raw,,tabiclv2_self_training,{},44136fa355b3678a,tfm_ssl,novel_experimental,0.5267809159849526,,0.39777650878067705,0.6121920780598873,0.1124221278870956,1.1243766162082782,0.3973306574887689,1.1243766162082782,0.7126837165869582,50,,True,,,,inductive,Iterative hard-label self-training with TabICLv2,jannis__tabiclv2_self_training__s0__n50__878bba2a108bd057,42.9783,0,62,18893545,9c0a390446a60c1d839601aaeeaa4de606a9ab1ea55a231c91555e3a9486a539,v1_absolute_budget,success,True,2026-07-28T14:55:12.731877+00:00,"{'all_classes_present_in_labeled': True, 'backbone': 'tabiclv2', 'best_epoch': nan, 'best_val_loss': nan, 'dataset': 'jannis', 'dataset_id': 41168, 'epochs_trained': nan, 'error_message': None, 'fallback_reason': 'loop0', 'final_train_loss': nan, 'finetune_epochs_trained': nan, 'graph_n_neighbors_used': nan, 'graph_n_rows': nan, 'graph_n_unlabeled_used': nan, 'graph_retry_count': nan, 'input_view': 'raw', 'labeled_class_counts': '{0:4,1:16,2:10,3:20}', 'labeled_classes_present': 4, 'max_labeled_per_class': 20, 'max_selected_confidence': nan, 'mean_selected_confidence': nan, 'mean_selected_density': nan, 'method': 'tabiclv2_self_training', 'method_fidelity': 'novel_experimental', 'metric_accuracy': 0.5267809159849526, 'metric_average_precision': None, 'metric_balanced_accuracy': 0.39777650878067705, 'metric_brier': 0.6121920780598873, 'metric_ece': 0.1124221278870956, 'metric_log_loss': 1.1243766162082782, 'metric_macro_f1': 0.3973306574887689, 'metric_nll': 1.1243766162082782, 'metric_roc_auc': 0.7126837165869582, 'min_labeled_per_class': 4, 'min_selected_confidence': nan, 'n_classes': 4, 'n_features_after_preprocessing': 54, 'n_features_before_preprocessing': 54, 'n_labeled': 50, 'n_pseudo_added_last_iter': nan, 'n_pseudo_added_total': 0, 'n_unlabeled': 66936, 'neural_method': nan, 'neural_validation_strategy': nan, 'pretrain_epochs_trained': nan, 'protocol': 'inductive', 'pseudo_label_class_distribution': nan, 'pseudo_label_fraction': nan, 'reference_family': 'hard-label risk-controlled TFM self-training (not soft LoopTabFM)', 'runtime_seconds': 42.9783, 'seed': 0, 'selected_round': 0, 'self_training_iterations': nan, 'status': 'success', 'stopped_reason': 'total_cap_reached', 'test_class_counts': '{0:337,1:5758,2:2947,3:7705}', 'test_size': 16747, 'timestamp_utc': '2026-07-28T14:54:29.731355+00:00', 'train_labeled_size': 40, 'train_pool_class_counts': '{0:1350,1:23032,2:11787,3:30817}', 'unlabeled_class_counts': '{0:1346,1:23016,2:11777,3:30797}', 'val_class_counts': '{0:1,1:3,2:2,3:4}', 'val_size': 10, 'validation_strategy': 'stratified_labeled_val'}",,True,
tabpfn3,,,,nogit:245e894de167158e,,12.4,jannis,gpu,False,,,3f9236be15390304,,ssl-tfm,"{'cuda_available': True, 'cuda_version': '12.4', 'env_name': None, 'env_prefix': '/private/ofirlin-lab/suissad4/envs/micromamba', 'gpu_count': 1, 'gpu_name': 'NVIDIA A100 80GB PCIe', 'hostname': 'dsiuriofir01', 'packages': {'catboost': '1.2.10', 'lightgbm': '4.7.0', 'numpy': '2.4.6', 'pandas': '3.0.3', 'scikit-learn': '1.9.0', 'tabicl': '2.1.1', 'tabpfn': '8.1.0', 'torch': '2.6.0+cu124', 'xgboost': None}, 'platform': 'Linux-5.14.0-687.15.1.el9_8.x86_64-x86_64-with-glibc2.34', 'python': '3.11.15 | packaged by conda-forge | (main, Jun 11 2026, 03:34:02) [GCC 14.3.0]', 'python_version': '3.11.15', 'torch_available': True, 'torch_version': '2.6.0+cu124'}",,,NVIDIA A100 80GB PCIe,dsiuriofir01,raw,,tabpfn3_self_training,{},44136fa355b3678a,tfm_ssl,novel_experimental,0.5895384247925002,,0.4289284389550473,0.5157222088093594,0.02319221065355673,0.9065407192609752,0.42425085992202005,0.9065407192609752,0.7499744441140073,250,,True,,,,inductive,Iterative hard-label self-training with TabPFN-3,jannis__tabpfn3_self_training__s0__n250__82ee4f6d1de4caac,27.4147,0,61,18893544,9c0a390446a60c1d839601aaeeaa4de606a9ab1ea55a231c91555e3a9486a539,v1_absolute_budget,success,True,2026-07-28T14:54:23.933331+00:00,"{'all_classes_present_in_labeled': True, 'backbone': 'tabpfn3', 'best_epoch': nan, 'best_val_loss': nan, 'dataset': 'jannis', 'dataset_id': 41168, 'epochs_trained': nan, 'error_message': None, 'fallback_reason': None, 'final_train_loss': nan, 'finetune_epochs_trained': nan, 'graph_n_neighbors_used': nan, 'graph_n_rows': nan, 'graph_n_unlabeled_used': nan, 'graph_retry_count': nan, 'input_view': 'raw', 'labeled_class_counts': '{0:10,1:84,2:45,3:111}', 'labeled_classes_present': 4, 'max_labeled_per_class': 111, 'max_selected_confidence': nan, 'mean_selected_confidence': nan, 'mean_selected_density': nan, 'method': 'tabpfn3_self_training', 'method_fidelity': 'novel_experimental', 'metric_accuracy': 0.5895384247925002, 'metric_average_precision': None, 'metric_balanced_accuracy': 0.4289284389550473, 'metric_brier': 0.5157222088093594, 'metric_ece': 0.02319221065355673, 'metric_log_loss': 0.9065407192609752, 'metric_macro_f1': 0.42425085992202005, 'metric_nll': 0.9065407192609752, 'metric_roc_auc': 0.7499744441140073, 'min_labeled_per_class': 10, 'min_selected_confidence': nan, 'n_classes': 4, 'n_features_after_preprocessing': 54, 'n_features_before_preprocessing': 54, 'n_labeled': 250, 'n_pseudo_added_last_iter': nan, 'n_pseudo_added_total': 200, 'n_unlabeled': 66736, 'neural_method': nan, 'neural_validation_strategy': nan, 'pretrain_epochs_trained': nan, 'protocol': 'inductive', 'pseudo_label_class_distribution': nan, 'pseudo_label_fraction': nan, 'reference_family': 'hard-label risk-controlled TFM self-training (not soft LoopTabFM)', 'runtime_seconds': 27.4147, 'seed': 0, 'selected_round': 1, 'self_training_iterations': nan, 'status': 'success', 'stopped_reason': 'total_cap_reached', 'test_class_counts': '{0:337,1:5758,2:2947,3:7705}', 'test_size': 16747, 'timestamp_utc': '2026-07-28T14:53:56.495560+00:00', 'train_labeled_size': 200, 'train_pool_class_counts': '{0:1350,1:23032,2:11787,3:30817}', 'unlabeled_class_counts': '{0:1340,1:22948,2:11742,3:30706}', 'val_class_counts': '{0:2,1:17,2:9,3:22}', 'val_size': 50, 'validation_strategy': 'stratified_labeled_val'}",,True,
tabpfn3,,,,nogit:245e894de167158e,,12.4,jannis,gpu,False,,,3f9236be15390304,,ssl-tfm,"{'cuda_available': True, 'cuda_version': '12.4', 'env_name': None, 'env_prefix': '/private/ofirlin-lab/suissad4/envs/micromamba', 'gpu_count': 1, 'gpu_name': 'NVIDIA A100 80GB PCIe', 'hostname': 'dsiuriofir01', 'packages': {'catboost': '1.2.10', 'lightgbm': '4.7.0', 'numpy': '2.4.6', 'pandas': '3.0.3', 'scikit-learn': '1.9.0', 'tabicl': '2.1.1', 'tabpfn': '8.1.0', 'torch': '2.6.0+cu124', 'xgboost': None}, 'platform': 'Linux-5.14.0-687.15.1.el9_8.x86_64-x86_64-with-glibc2.34', 'python': '3.11.15 | packaged by conda-forge | (main, Jun 11 2026, 03:34:02) [GCC 14.3.0]', 'python_version': '3.11.15', 'torch_available': True, 'torch_version': '2.6.0+cu124'}",,,NVIDIA A100 80GB PCIe,dsiuriofir01,raw,,tabpfn3_self_training,{},44136fa355b3678a,tfm_ssl,novel_experimental,0.5184809219561712,,0.3446541952597528,0.5925233314600631,0.06649641044786425,1.089822888329389,0.33924739789420566,1.089822888329389,0.7188766049923196,50,,True,,,,inductive,Iterative hard-label self-training with TabPFN-3,jannis__tabpfn3_self_training__s0__n50__96751bcf76b173ea,19.7067,0,60,18893543,9c0a390446a60c1d839601aaeeaa4de606a9ab1ea55a231c91555e3a9486a539,v1_absolute_budget,success,True,2026-07-28T14:53:50.505212+00:00,"{'all_classes_present_in_labeled': True, 'backbone': 'tabpfn3', 'best_epoch': nan, 'best_val_loss': nan, 'dataset': 'jannis', 'dataset_id': 41168, 'epochs_trained': nan, 'error_message': None, 'fallback_reason': 'loop0', 'final_train_loss': nan, 'finetune_epochs_trained': nan, 'graph_n_neighbors_used': nan, 'graph_n_rows': nan, 'graph_n_unlabeled_used': nan, 'graph_retry_count': nan, 'input_view': 'raw', 'labeled_class_counts': '{0:4,1:16,2:10,3:20}', 'labeled_classes_present': 4, 'max_labeled_per_class': 20, 'max_selected_confidence': nan, 'mean_selected_confidence': nan, 'mean_selected_density': nan, 'method': 'tabpfn3_self_training', 'method_fidelity': 'novel_experimental', 'metric_accuracy': 0.5184809219561712, 'metric_average_precision': None, 'metric_balanced_accuracy': 0.3446541952597528, 'metric_brier': 0.5925233314600631, 'metric_ece': 0.06649641044786425, 'metric_log_loss': 1.089822888329389, 'metric_macro_f1': 0.33924739789420566, 'metric_nll': 1.089822888329389, 'metric_roc_auc': 0.7188766049923196, 'min_labeled_per_class': 4, 'min_selected_confidence': nan, 'n_classes': 4, 'n_features_after_preprocessing': 54, 'n_features_before_preprocessing': 54, 'n_labeled': 50, 'n_pseudo_added_last_iter': nan, 'n_pseudo_added_total': 0, 'n_unlabeled': 66936, 'neural_method': nan, 'neural_validation_strategy': nan, 'pretrain_epochs_trained': nan, 'protocol': 'inductive', 'pseudo_label_class_distribution': nan, 'pseudo_label_fraction': nan, 'reference_family': 'hard-label risk-controlled TFM self-training (not soft LoopTabFM)', 'runtime_seconds': 19.7067, 'seed': 0, 'selected_round': 0, 'self_training_iterations': nan, 'status': 'success', 'stopped_reason': 'no_candidates', 'test_class_counts': '{0:337,1:5758,2:2947,3:7705}', 'test_size': 16747, 'timestamp_utc': '2026-07-28T14:53:30.775422+00:00', 'train_labeled_size': 40, 'train_pool_class_counts': '{0:1350,1:23032,2:11787,3:30817}', 'unlabeled_class_counts': '{0:1346,1:23016,2:11777,3:30797}', 'val_class_counts': '{0:1,1:3,2:2,3:4}', 'val_size': 10, 'validation_strategy': 'stratified_labeled_val'}",,True,
,,,,nogit:245e894de167158e,,12.4,jannis,gpu,False,,,3f9236be15390304,,ssl-representation,"{'cuda_available': True, 'cuda_version': '12.4', 'env_name': None, 'env_prefix': '/private/ofirlin-lab/suissad4/envs/micromamba', 'gpu_count': 1, 'gpu_name': 'NVIDIA A100 80GB PCIe', 'hostname': 'dsiuriofir01', 'packages': {'catboost': '1.2.10', 'lightgbm': '4.7.0', 'numpy': '2.4.6', 'pandas': '3.0.3', 'scikit-learn': '1.9.0', 'tabicl': '2.1.1', 'tabpfn': '8.1.0', 'torch': '2.6.0+cu124', 'xgboost': None}, 'platform': 'Linux-5.14.0-687.15.1.el9_8.x86_64-x86_64-with-glibc2.34', 'python': '3.11.15 | packaged by conda-forge | (main, Jun 11 2026, 03:34:02) [GCC 14.3.0]', 'python_version': '3.11.15', 'torch_available': True, 'torch_version': '2.6.0+cu124'}",,,NVIDIA A100 80GB PCIe,dsiuriofir01,processed,,unlabeled_attention_ssl,{},44136fa355b3678a,geometric_ssl,novel_experimental,0.5334686809577834,,0.3822340788844102,0.7091626456513073,0.27930767821640645,1.4829878277142707,0.3823109106211196,1.4829878277142707,0.6860697330824626,250,,True,,,,inductive,Retrieval attention over labeled and unlabeled training memory,jannis__unlabeled_attention_ssl__s0__n250__ef776dc8dfa4b644,9.2413,0,67,18893550,9c0a390446a60c1d839601aaeeaa4de606a9ab1ea55a231c91555e3a9486a539,v1_absolute_budget,success,True,2026-07-28T14:57:05.582031+00:00,"{'all_classes_present_in_labeled': True, 'best_epoch': 29, 'best_val_loss': 0.30098380893468857, 'dataset': 'jannis', 'dataset_id': 41168, 'epochs_trained': nan, 'error_message': None, 'final_train_loss': nan, 'finetune_epochs_trained': nan, 'graph_n_neighbors_used': nan, 'graph_n_rows': nan, 'graph_n_unlabeled_used': nan, 'graph_retry_count': nan, 'input_view': 'processed', 'labeled_class_counts': '{0:10,1:84,2:45,3:111}', 'labeled_classes_present': 4, 'max_labeled_per_class': 111, 'max_selected_confidence': nan, 'mean_selected_confidence': nan, 'mean_selected_density': nan, 'method': 'unlabeled_attention_ssl', 'method_fidelity': 'novel_experimental', 'metric_accuracy': 0.5334686809577834, 'metric_average_precision': None, 'metric_balanced_accuracy': 0.3822340788844102, 'metric_brier': 0.7091626456513073, 'metric_ece': 0.27930767821640645, 'metric_log_loss': 1.4829878277142707, 'metric_macro_f1': 0.3823109106211196, 'metric_nll': 1.4829878277142707, 'metric_roc_auc': 0.6860697330824626, 'min_labeled_per_class': 10, 'min_selected_confidence': nan, 'n_classes': 4, 'n_features_after_preprocessing': 54, 'n_features_before_preprocessing': 54, 'n_labeled': 250, 'n_pseudo_added_last_iter': nan, 'n_pseudo_added_total': nan, 'n_unlabeled': 66736, 'neural_method': nan, 'neural_validation_strategy': nan, 'pretrain_epochs_trained': nan, 'protocol': 'inductive', 'pseudo_label_class_distribution': nan, 'pseudo_label_fraction': nan, 'reference_family': nan, 'runtime_seconds': 9.2413, 'seed': 0, 'self_training_iterations': nan, 'status': 'success', 'stopped_reason': nan, 'test_class_counts': '{0:337,1:5758,2:2947,3:7705}', 'test_size': 16747, 'timestamp_utc': '2026-07-28T14:56:56.301803+00:00', 'train_labeled_size': 200, 'train_pool_class_counts': '{0:1350,1:23032,2:11787,3:30817}', 'unlabeled_class_counts': '{0:1340,1:22948,2:11742,3:30706}', 'val_class_counts': '{0:2,1:17,2:9,3:22}', 'val_size': 50, 'validation_strategy': 'stratified_labeled_val'}",,True,
,,,,nogit:245e894de167158e,,12.4,jannis,gpu,False,,,3f9236be15390304,,ssl-representation,"{'cuda_available': True, 'cuda_version': '12.4', 'env_name': None, 'env_prefix': '/private/ofirlin-lab/suissad4/envs/micromamba', 'gpu_count': 1, 'gpu_name': 'NVIDIA A100 80GB PCIe', 'hostname': 'dsiuriofir01', 'packages': {'catboost': '1.2.10', 'lightgbm': '4.7.0', 'numpy': '2.4.6', 'pandas': '3.0.3', 'scikit-learn': '1.9.0', 'tabicl': '2.1.1', 'tabpfn': '8.1.0', 'torch': '2.6.0+cu124', 'xgboost': None}, 'platform': 'Linux-5.14.0-687.15.1.el9_8.x86_64-x86_64-with-glibc2.34', 'python': '3.11.15 | packaged by conda-forge | (main, Jun 11 2026, 03:34:02) [GCC 14.3.0]', 'python_version': '3.11.15', 'torch_available': True, 'torch_version': '2.6.0+cu124'}",,,NVIDIA A100 80GB PCIe,dsiuriofir01,processed,,unlabeled_attention_ssl,{},44136fa355b3678a,geometric_ssl,novel_experimental,0.5231981847495074,,0.3309267524317385,0.5837431142752568,0.04507651952670184,1.0529445308146907,0.3060242501943583,1.0529445308146907,0.679389406053951,50,,True,,,,inductive,Retrieval attention over labeled and unlabeled training memory,jannis__unlabeled_attention_ssl__s0__n50__1d61aa5c6a5ccd06,7.4227,0,66,18893549,9c0a390446a60c1d839601aaeeaa4de606a9ab1ea55a231c91555e3a9486a539,v1_absolute_budget,success,True,2026-07-28T14:56:52.105758+00:00,"{'all_classes_present_in_labeled': True, 'best_epoch': 29, 'best_val_loss': 0.799578845500946, 'dataset': 'jannis', 'dataset_id': 41168, 'epochs_trained': nan, 'error_message': None, 'final_train_loss': nan, 'finetune_epochs_trained': nan, 'graph_n_neighbors_used': nan, 'graph_n_rows': nan, 'graph_n_unlabeled_used': nan, 'graph_retry_count': nan, 'input_view': 'processed', 'labeled_class_counts': '{0:4,1:16,2:10,3:20}', 'labeled_classes_present': 4, 'max_labeled_per_class': 20, 'max_selected_confidence': nan, 'mean_selected_confidence': nan, 'mean_selected_density': nan, 'method': 'unlabeled_attention_ssl', 'method_fidelity': 'novel_experimental', 'metric_accuracy': 0.5231981847495074, 'metric_average_precision': None, 'metric_balanced_accuracy': 0.3309267524317385, 'metric_brier': 0.5837431142752568, 'metric_ece': 0.04507651952670184, 'metric_log_loss': 1.0529445308146907, 'metric_macro_f1': 0.3060242501943583, 'metric_nll': 1.0529445308146907, 'metric_roc_auc': 0.679389406053951, 'min_labeled_per_class': 4, 'min_selected_confidence': nan, 'n_classes': 4, 'n_features_after_preprocessing': 54, 'n_features_before_preprocessing': 54, 'n_labeled': 50, 'n_pseudo_added_last_iter': nan, 'n_pseudo_added_total': nan, 'n_unlabeled': 66936, 'neural_method': nan, 'neural_validation_strategy': nan, 'pretrain_epochs_trained': nan, 'protocol': 'inductive', 'pseudo_label_class_distribution': nan, 'pseudo_label_fraction': nan, 'reference_family': nan, 'runtime_seconds': 7.4227, 'seed': 0, 'self_training_iterations': nan, 'status': 'success', 'stopped_reason': nan, 'test_class_counts': '{0:337,1:5758,2:2947,3:7705}', 'test_size': 16747, 'timestamp_utc': '2026-07-28T14:56:44.645409+00:00', 'train_labeled_size': 40, 'train_pool_class_counts': '{0:1350,1:23032,2:11787,3:30817}', 'unlabeled_class_counts': '{0:1346,1:23016,2:11777,3:30797}', 'val_class_counts': '{0:1,1:3,2:2,3:4}', 'val_size': 10, 'validation_strategy': 'stratified_labeled_val'}",,True,
,,,,nogit:245e894de167158e,,12.4,phoneme,gpu,False,,,3f9236be15390304,,ssl-representation,"{'cuda_available': True, 'cuda_version': '12.4', 'env_name': None, 'env_prefix': '/private/ofirlin-lab/suissad4/envs/micromamba', 'gpu_count': 1, 'gpu_name': 'NVIDIA A100 80GB PCIe', 'hostname': 'dsiuriofir01', 'packages': {'catboost': '1.2.10', 'lightgbm': '4.7.0', 'numpy': '2.4.6', 'pandas': '3.0.3', 'scikit-learn': '1.9.0', 'tabicl': '2.1.1', 'tabpfn': '8.1.0', 'torch': '2.6.0+cu124', 'xgboost': None}, 'platform': 'Linux-5.14.0-687.15.1.el9_8.x86_64-x86_64-with-glibc2.34', 'python': '3.11.15 | packaged by conda-forge | (main, Jun 11 2026, 03:34:02) [GCC 14.3.0]', 'python_version': '3.11.15', 'torch_available': True, 'torch_version': '2.6.0+cu124'}",,,NVIDIA A100 80GB PCIe,dsiuriofir01,processed,,embedding_alignment_ssl,{},44136fa355b3678a,geometric_ssl,novel_experimental,0.7419056429232193,0.5849477200687339,0.6273039952433647,0.32800625327275484,0.060228663556119236,0.498524202146026,0.6375713353545768,0.498524202146026,0.7913521726922885,250,,True,,,,inductive,Confidence-weighted class-conditional embedding alignment,phoneme__embedding_alignment_ssl__s0__n250__17f6bd18d53d9003,3.6364,0,9,18893492,9c0a390446a60c1d839601aaeeaa4de606a9ab1ea55a231c91555e3a9486a539,v1_absolute_budget,success,True,2026-07-28T14:43:27.657197+00:00,"{'all_classes_present_in_labeled': True, 'best_epoch': 32, 'best_val_loss': 0.5296015739440918, 'dataset': 'phoneme', 'dataset_id': 1489, 'epochs_trained': nan, 'error_message': None, 'final_train_loss': nan, 'finetune_epochs_trained': nan, 'graph_n_neighbors_used': nan, 'graph_n_rows': nan, 'graph_n_unlabeled_used': nan, 'graph_retry_count': nan, 'input_view': 'processed', 'labeled_class_counts': '{1:175,2:75}', 'labeled_classes_present': 2, 'max_labeled_per_class': 175, 'max_selected_confidence': nan, 'mean_selected_confidence': nan, 'mean_selected_density': nan, 'method': 'embedding_alignment_ssl', 'method_fidelity': 'novel_experimental', 'metric_accuracy': 0.7419056429232193, 'metric_average_precision': 0.5849477200687339, 'metric_balanced_accuracy': 0.6273039952433647, 'metric_brier': 0.32800625327275484, 'metric_ece': 0.060228663556119236, 'metric_log_loss': 0.498524202146026, 'metric_macro_f1': 0.6375713353545768, 'metric_nll': 0.498524202146026, 'metric_roc_auc': 0.7913521726922885, 'min_labeled_per_class': 75, 'min_selected_confidence': nan, 'n_classes': 2, 'n_features_after_preprocessing': 5, 'n_features_before_preprocessing': 5, 'n_labeled': 250, 'n_pseudo_added_last_iter': nan, 'n_pseudo_added_total': nan, 'n_unlabeled': 4073, 'neural_method': nan, 'neural_validation_strategy': nan, 'pretrain_epochs_trained': nan, 'protocol': 'inductive', 'pseudo_label_class_distribution': nan, 'pseudo_label_fraction': nan, 'reference_family': nan, 'runtime_seconds': 3.6364, 'seed': 0, 'self_training_iterations': nan, 'status': 'success', 'stopped_reason': nan, 'test_class_counts': '{1:764,2:317}', 'test_size': 1081, 'timestamp_utc': '2026-07-28T14:43:23.981176+00:00', 'train_labeled_size': 200, 'train_pool_class_counts': '{1:3054,2:1269}', 'unlabeled_class_counts': '{1:2879,2:1194}', 'val_class_counts': '{1:35,2:15}', 'val_size': 50, 'validation_strategy': 'stratified_labeled_val'}",,True,
,,,,nogit:245e894de167158e,,12.4,phoneme,gpu,False,,,3f9236be15390304,,ssl-representation,"{'cuda_available': True, 'cuda_version': '12.4', 'env_name': None, 'env_prefix': '/private/ofirlin-lab/suissad4/envs/micromamba', 'gpu_count': 1, 'gpu_name': 'NVIDIA A100 80GB PCIe', 'hostname': 'dsiuriofir01', 'packages': {'catboost': '1.2.10', 'lightgbm': '4.7.0', 'numpy': '2.4.6', 'pandas': '3.0.3', 'scikit-learn': '1.9.0', 'tabicl': '2.1.1', 'tabpfn': '8.1.0', 'torch': '2.6.0+cu124', 'xgboost': None}, 'platform': 'Linux-5.14.0-687.15.1.el9_8.x86_64-x86_64-with-glibc2.34', 'python': '3.11.15 | packaged by conda-forge | (main, Jun 11 2026, 03:34:02) [GCC 14.3.0]', 'python_version': '3.11.15', 'torch_available': True, 'torch_version': '2.6.0+cu124'}",,,NVIDIA A100 80GB PCIe,dsiuriofir01,processed,,embedding_alignment_ssl,{},44136fa355b3678a,geometric_ssl,novel_experimental,0.7363552266419982,0.5310375725477657,0.6169174360414224,0.3367210296038607,0.061399313887438245,0.5097447588766367,0.6255728795102677,0.5097447588766367,0.786203280096454,50,,True,,,,inductive,Confidence-weighted class-conditional embedding alignment,phoneme__embedding_alignment_ssl__s0__n50__8737055182be375a,3.2691,0,8,18893491,9c0a390446a60c1d839601aaeeaa4de606a9ab1ea55a231c91555e3a9486a539,v1_absolute_budget,success,True,2026-07-28T14:43:19.572427+00:00,"{'all_classes_present_in_labeled': True, 'best_epoch': 39, 'best_val_loss': 0.30769461393356323, 'dataset': 'phoneme', 'dataset_id': 1489, 'epochs_trained': nan, 'error_message': None, 'final_train_loss': nan, 'finetune_epochs_trained': nan, 'graph_n_neighbors_used': nan, 'graph_n_rows': nan, 'graph_n_unlabeled_used': nan, 'graph_retry_count': nan, 'input_view': 'processed', 'labeled_class_counts': '{1:34,2:16}', 'labeled_classes_present': 2, 'max_labeled_per_class': 34, 'max_selected_confidence': nan, 'mean_selected_confidence': nan, 'mean_selected_density': nan, 'method': 'embedding_alignment_ssl', 'method_fidelity': 'novel_experimental', 'metric_accuracy': 0.7363552266419982, 'metric_average_precision': 0.5310375725477657, 'metric_balanced_accuracy': 0.6169174360414224, 'metric_brier': 0.3367210296038607, 'metric_ece': 0.061399313887438245, 'metric_log_loss': 0.5097447588766367, 'metric_macro_f1': 0.6255728795102677, 'metric_nll': 0.5097447588766367, 'metric_roc_auc': 0.786203280096454, 'min_labeled_per_class': 16, 'min_selected_confidence': nan, 'n_classes': 2, 'n_features_after_preprocessing': 5, 'n_features_before_preprocessing': 5, 'n_labeled': 50, 'n_pseudo_added_last_iter': nan, 'n_pseudo_added_total': nan, 'n_unlabeled': 4273, 'neural_method': nan, 'neural_validation_strategy': nan, 'pretrain_epochs_trained': nan, 'protocol': 'inductive', 'pseudo_label_class_distribution': nan, 'pseudo_label_fraction': nan, 'reference_family': nan, 'runtime_seconds': 3.2691, 'seed': 0, 'self_training_iterations': nan, 'status': 'success', 'stopped_reason': nan, 'test_class_counts': '{1:764,2:317}', 'test_size': 1081, 'timestamp_utc': '2026-07-28T14:43:16.265992+00:00', 'train_labeled_size': 40, 'train_pool_class_counts': '{1:3054,2:1269}', 'unlabeled_class_counts': '{1:3020,2:1253}', 'val_class_counts': '{1:7,2:3}', 'val_size': 10, 'validation_strategy': 'stratified_labeled_val'}",,True,
,,,,nogit:245e894de167158e,,12.4,phoneme,gpu,False,,,3f9236be15390304,,ssl-representation,"{'cuda_available': True, 'cuda_version': '12.4', 'env_name': None, 'env_prefix': '/private/ofirlin-lab/suissad4/envs/micromamba', 'gpu_count': 1, 'gpu_name': 'NVIDIA A100 80GB PCIe', 'hostname': 'dsiuriofir01', 'packages': {'catboost': '1.2.10', 'lightgbm': '4.7.0', 'numpy': '2.4.6', 'pandas': '3.0.3', 'scikit-learn': '1.9.0', 'tabicl': '2.1.1', 'tabpfn': '8.1.0', 'torch': '2.6.0+cu124', 'xgboost': None}, 'platform': 'Linux-5.14.0-687.15.1.el9_8.x86_64-x86_64-with-glibc2.34', 'python': '3.11.15 | packaged by conda-forge | (main, Jun 11 2026, 03:34:02) [GCC 14.3.0]', 'python_version': '3.11.15', 'torch_available': True, 'torch_version': '2.6.0+cu124'}",,,NVIDIA A100 80GB PCIe,dsiuriofir01,processed,,geometric_attention_ssl,{'max_epochs': 20},f91f182ea85952e6,geometric_ssl,novel_experimental,0.7678075855689177,0.5837333235149617,0.7028444844500966,0.3283786863716908,0.06651727537192537,0.5027830126644469,0.7095905512653791,0.5027830126644469,0.797070870563364,250,,True,,,,inductive,Combined geometric-attention SSL,phoneme__geometric_attention_ssl__s0__n250__cf71d3788c9780d3,6.6381,0,11,18893494,9c0a390446a60c1d839601aaeeaa4de606a9ab1ea55a231c91555e3a9486a539,v1_absolute_budget,success,True,2026-07-28T14:43:49.240587+00:00,"{'all_classes_present_in_labeled': True, 'best_epoch': 19, 'best_val_loss': 0.49863702058792114, 'dataset': 'phoneme', 'dataset_id': 1489, 'epochs_trained': 20, 'error_message': None, 'final_train_loss': nan, 'finetune_epochs_trained': nan, 'graph_n_neighbors_used': nan, 'graph_n_rows': nan, 'graph_n_unlabeled_used': nan, 'graph_retry_count': nan, 'input_view': 'processed', 'labeled_class_counts': '{1:175,2:75}', 'labeled_classes_present': 2, 'max_labeled_per_class': 175, 'max_selected_confidence': nan, 'mean_selected_confidence': nan, 'mean_selected_density': nan, 'method': 'geometric_attention_ssl', 'method_fidelity': 'reimplementation', 'metric_accuracy': 0.7678075855689177, 'metric_average_precision': 0.5837333235149617, 'metric_balanced_accuracy': 0.7028444844500966, 'metric_brier': 0.3283786863716908, 'metric_ece': 0.06651727537192537, 'metric_log_loss': 0.5027830126644469, 'metric_macro_f1': 0.7095905512653791, 'metric_nll': 0.5027830126644469, 'metric_roc_auc': 0.797070870563364, 'min_labeled_per_class': 75, 'min_selected_confidence': nan, 'n_classes': 2, 'n_features_after_preprocessing': 5, 'n_features_before_preprocessing': 5, 'n_labeled': 250, 'n_pseudo_added_last_iter': nan, 'n_pseudo_added_total': nan, 'n_unlabeled': 4073, 'neural_method': nan, 'neural_validation_strategy': 'external_val', 'pretrain_epochs_trained': nan, 'protocol': 'inductive', 'pseudo_label_class_distribution': nan, 'pseudo_label_fraction': nan, 'reference_family': 'Geometric attention SSL', 'runtime_seconds': 6.6381, 'seed': 0, 'self_training_iterations': nan, 'status': 'success', 'stopped_reason': nan, 'test_class_counts': '{1:764,2:317}', 'test_size': 1081, 'timestamp_utc': '2026-07-28T14:43:42.580951+00:00', 'train_labeled_size': 200, 'train_pool_class_counts': '{1:3054,2:1269}', 'unlabeled_class_counts': '{1:2879,2:1194}', 'val_class_counts': '{1:35,2:15}', 'val_size': 50, 'validation_strategy': 'stratified_labeled_val'}",,True,
,,,,nogit:245e894de167158e,,12.4,phoneme,gpu,False,,,3f9236be15390304,,ssl-representation,"{'cuda_available': True, 'cuda_version': '12.4', 'env_name': None, 'env_prefix': '/private/ofirlin-lab/suissad4/envs/micromamba', 'gpu_count': 1, 'gpu_name': 'NVIDIA A100 80GB PCIe', 'hostname': 'dsiuriofir01', 'packages': {'catboost': '1.2.10', 'lightgbm': '4.7.0', 'numpy': '2.4.6', 'pandas': '3.0.3', 'scikit-learn': '1.9.0', 'tabicl': '2.1.1', 'tabpfn': '8.1.0', 'torch': '2.6.0+cu124', 'xgboost': None}, 'platform': 'Linux-5.14.0-687.15.1.el9_8.x86_64-x86_64-with-glibc2.34', 'python': '3.11.15 | packaged by conda-forge | (main, Jun 11 2026, 03:34:02) [GCC 14.3.0]', 'python_version': '3.11.15', 'torch_available': True, 'torch_version': '2.6.0+cu124'}",,,NVIDIA A100 80GB PCIe,dsiuriofir01,processed,,geometric_attention_ssl,{'max_epochs': 20},f91f182ea85952e6,geometric_ssl,novel_experimental,0.7067530064754857,0.553673369043915,0.5,0.370593496659549,0.16514248685426983,0.5539138558047191,0.4140921409214092,0.5539138558047191,0.7907947544882489,50,,True,,,,inductive,Combined geometric-attention SSL,phoneme__geometric_attention_ssl__s0__n50__75ca32992b7ad9de,7.3276,0,10,18893493,9c0a390446a60c1d839601aaeeaa4de606a9ab1ea55a231c91555e3a9486a539,v1_absolute_budget,success,True,2026-07-28T14:43:39.148462+00:00,"{'all_classes_present_in_labeled': True, 'best_epoch': 20, 'best_val_loss': 0.49342185258865356, 'dataset': 'phoneme', 'dataset_id': 1489, 'epochs_trained': 20, 'error_message': None, 'final_train_loss': nan, 'finetune_epochs_trained': nan, 'graph_n_neighbors_used': nan, 'graph_n_rows': nan, 'graph_n_unlabeled_used': nan, 'graph_retry_count': nan, 'input_view': 'processed', 'labeled_class_counts': '{1:34,2:16}', 'labeled_classes_present': 2, 'max_labeled_per_class': 34, 'max_selected_confidence': nan, 'mean_selected_confidence': nan, 'mean_selected_density': nan, 'method': 'geometric_attention_ssl', 'method_fidelity': 'reimplementation', 'metric_accuracy': 0.7067530064754857, 'metric_average_precision': 0.553673369043915, 'metric_balanced_accuracy': 0.5, 'metric_brier': 0.370593496659549, 'metric_ece': 0.16514248685426983, 'metric_log_loss': 0.5539138558047191, 'metric_macro_f1': 0.4140921409214092, 'metric_nll': 0.5539138558047191, 'metric_roc_auc': 0.7907947544882489, 'min_labeled_per_class': 16, 'min_selected_confidence': nan, 'n_classes': 2, 'n_features_after_preprocessing': 5, 'n_features_before_preprocessing': 5, 'n_labeled': 50, 'n_pseudo_added_last_iter': nan, 'n_pseudo_added_total': nan, 'n_unlabeled': 4273, 'neural_method': nan, 'neural_validation_strategy': 'external_val', 'pretrain_epochs_trained': nan, 'protocol': 'inductive', 'pseudo_label_class_distribution': nan, 'pseudo_label_fraction': nan, 'reference_family': 'Geometric attention SSL', 'runtime_seconds': 7.3276, 'seed': 0, 'self_training_iterations': nan, 'status': 'success', 'stopped_reason': nan, 'test_class_counts': '{1:764,2:317}', 'test_size': 1081, 'timestamp_utc': '2026-07-28T14:43:31.799547+00:00', 'train_labeled_size': 40, 'train_pool_class_counts': '{1:3054,2:1269}', 'unlabeled_class_counts': '{1:3020,2:1253}', 'val_class_counts': '{1:7,2:3}', 'val_size': 10, 'validation_strategy': 'stratified_labeled_val'}",,True,
,,,,nogit:245e894de167158e,,12.4,phoneme,gpu,False,,,3f9236be15390304,,ssl-representation,"{'cuda_available': True, 'cuda_version': '12.4', 'env_name': None, 'env_prefix': '/private/ofirlin-lab/suissad4/envs/micromamba', 'gpu_count': 1, 'gpu_name': 'NVIDIA A100 80GB PCIe', 'hostname': 'dsiuriofir01', 'packages': {'catboost': '1.2.10', 'lightgbm': '4.7.0', 'numpy': '2.4.6', 'pandas': '3.0.3', 'scikit-learn': '1.9.0', 'tabicl': '2.1.1', 'tabpfn': '8.1.0', 'torch': '2.6.0+cu124', 'xgboost': None}, 'platform': 'Linux-5.14.0-687.15.1.el9_8.x86_64-x86_64-with-glibc2.34', 'python': '3.11.15 | packaged by conda-forge | (main, Jun 11 2026, 03:34:02) [GCC 14.3.0]', 'python_version': '3.11.15', 'torch_available': True, 'torch_version': '2.6.0+cu124'}",,,NVIDIA A100 80GB PCIe,dsiuriofir01,processed,,laplacian_ssl,{},44136fa355b3678a,geometric_ssl,paper_core,0.7705827937095282,0.5989072430938565,0.7278787553470858,0.3022103287971377,0.050846403700559616,0.4574407433189863,0.7257669866365519,0.4574407433189863,0.8184344393611575,250,,True,,,,inductive,Sparse Laplacian-regularized MLP,phoneme__laplacian_ssl__s0__n250__36e6eae0964a8e0b,3.9232,0,5,18893488,9c0a390446a60c1d839601aaeeaa4de606a9ab1ea55a231c91555e3a9486a539,v1_absolute_budget,success,True,2026-07-28T14:42:57.550697+00:00,"{'all_classes_present_in_labeled': True, 'best_epoch': 30, 'best_val_loss': 0.43463146686553955, 'dataset': 'phoneme', 'dataset_id': 1489, 'epochs_trained': 30, 'error_message': None, 'final_train_loss': nan, 'finetune_epochs_trained': nan, 'graph_n_neighbors_used': nan, 'graph_n_rows': nan, 'graph_n_unlabeled_used': nan, 'graph_retry_count': nan, 'input_view': 'processed', 'labeled_class_counts': '{1:175,2:75}', 'labeled_classes_present': 2, 'max_labeled_per_class': 175, 'max_selected_confidence': nan, 'mean_selected_confidence': nan, 'mean_selected_density': nan, 'method': 'laplacian_ssl', 'method_fidelity': 'reimplementation', 'metric_accuracy': 0.7705827937095282, 'metric_average_precision': 0.5989072430938565, 'metric_balanced_accuracy': 0.7278787553470858, 'metric_brier': 0.3022103287971377, 'metric_ece': 0.050846403700559616, 'metric_log_loss': 0.4574407433189863, 'metric_macro_f1': 0.7257669866365519, 'metric_nll': 0.4574407433189863, 'metric_roc_auc': 0.8184344393611575, 'min_labeled_per_class': 75, 'min_selected_confidence': nan, 'n_classes': 2, 'n_features_after_preprocessing': 5, 'n_features_before_preprocessing': 5, 'n_labeled': 250, 'n_pseudo_added_last_iter': nan, 'n_pseudo_added_total': nan, 'n_unlabeled': 4073, 'neural_method': nan, 'neural_validation_strategy': 'external_val', 'pretrain_epochs_trained': nan, 'protocol': 'inductive', 'pseudo_label_class_distribution': nan, 'pseudo_label_fraction': nan, 'reference_family': 'Laplacian / graph SSL', 'runtime_seconds': 3.9232, 'seed': 0, 'self_training_iterations': nan, 'status': 'success', 'stopped_reason': nan, 'test_class_counts': '{1:764,2:317}', 'test_size': 1081, 'timestamp_utc': '2026-07-28T14:42:53.593456+00:00', 'train_labeled_size': 200, 'train_pool_class_counts': '{1:3054,2:1269}', 'unlabeled_class_counts': '{1:2879,2:1194}', 'val_class_counts': '{1:35,2:15}', 'val_size': 50, 'validation_strategy': 'stratified_labeled_val'}",,True,
,,,,nogit:245e894de167158e,,12.4,phoneme,gpu,False,,,3f9236be15390304,,ssl-representation,"{'cuda_available': True, 'cuda_version': '12.4', 'env_name': None, 'env_prefix': '/private/ofirlin-lab/suissad4/envs/micromamba', 'gpu_count': 1, 'gpu_name': 'NVIDIA A100 80GB PCIe', 'hostname': 'dsiuriofir01', 'packages': {'catboost': '1.2.10', 'lightgbm': '4.7.0', 'numpy': '2.4.6', 'pandas': '3.0.3', 'scikit-learn': '1.9.0', 'tabicl': '2.1.1', 'tabpfn': '8.1.0', 'torch': '2.6.0+cu124', 'xgboost': None}, 'platform': 'Linux-5.14.0-687.15.1.el9_8.x86_64-x86_64-with-glibc2.34', 'python': '3.11.15 | packaged by conda-forge | (main, Jun 11 2026, 03:34:02) [GCC 14.3.0]', 'python_version': '3.11.15', 'torch_available': True, 'torch_version': '2.6.0+cu124'}",,,NVIDIA A100 80GB PCIe,dsiuriofir01,processed,,laplacian_ssl,{},44136fa355b3678a,geometric_ssl,paper_core,0.7437557816836263,0.5472713833421072,0.6276900589624589,0.3240110207646001,0.06386861797889651,0.4905083112520478,0.6381447846236579,0.4905083112520478,0.8029423423125835,50,,True,,,,inductive,Sparse Laplacian-regularized MLP,phoneme__laplacian_ssl__s0__n50__b6723c3fc2f82c45,3.5802,0,4,18893487,9c0a390446a60c1d839601aaeeaa4de606a9ab1ea55a231c91555e3a9486a539,v1_absolute_budget,success,True,2026-07-28T14:42:50.253161+00:00,"{'all_classes_present_in_labeled': True, 'best_epoch': 30, 'best_val_loss': 0.3646289110183716, 'dataset': 'phoneme', 'dataset_id': 1489, 'epochs_trained': 30, 'error_message': None, 'final_train_loss': nan, 'finetune_epochs_trained': nan, 'graph_n_neighbors_used': nan, 'graph_n_rows': nan, 'graph_n_unlabeled_used': nan, 'graph_retry_count': nan, 'input_view': 'processed', 'labeled_class_counts': '{1:34,2:16}', 'labeled_classes_present': 2, 'max_labeled_per_class': 34, 'max_selected_confidence': nan, 'mean_selected_confidence': nan, 'mean_selected_density': nan, 'method': 'laplacian_ssl', 'method_fidelity': 'reimplementation', 'metric_accuracy': 0.7437557816836263, 'metric_average_precision': 0.5472713833421072, 'metric_balanced_accuracy': 0.6276900589624589, 'metric_brier': 0.3240110207646001, 'metric_ece': 0.06386861797889651, 'metric_log_loss': 0.4905083112520478, 'metric_macro_f1': 0.6381447846236579, 'metric_nll': 0.4905083112520478, 'metric_roc_auc': 0.8029423423125835, 'min_labeled_per_class': 16, 'min_selected_confidence': nan, 'n_classes': 2, 'n_features_after_preprocessing': 5, 'n_features_before_preprocessing': 5, 'n_labeled': 50, 'n_pseudo_added_last_iter': nan, 'n_pseudo_added_total': nan, 'n_unlabeled': 4273, 'neural_method': nan, 'neural_validation_strategy': 'external_val', 'pretrain_epochs_trained': nan, 'protocol': 'inductive', 'pseudo_label_class_distribution': nan, 'pseudo_label_fraction': nan, 'reference_family': 'Laplacian / graph SSL', 'runtime_seconds': 3.5802, 'seed': 0, 'self_training_iterations': nan, 'status': 'success', 'stopped_reason': nan, 'test_class_counts': '{1:764,2:317}', 'test_size': 1081, 'timestamp_utc': '2026-07-28T14:42:46.638549+00:00', 'train_labeled_size': 40, 'train_pool_class_counts': '{1:3054,2:1269}', 'unlabeled_class_counts': '{1:3020,2:1253}', 'val_class_counts': '{1:7,2:3}', 'val_size': 10, 'validation_strategy': 'stratified_labeled_val'}",,True,
tabiclv2,,,,nogit:245e894de167158e,,12.4,phoneme,gpu,False,,,3f9236be15390304,,ssl-tfm,"{'cuda_available': True, 'cuda_version': '12.4', 'env_name': None, 'env_prefix': '/private/ofirlin-lab/suissad4/envs/micromamba', 'gpu_count': 1, 'gpu_name': 'NVIDIA A100 80GB PCIe', 'hostname': 'dsiuriofir01', 'packages': {'catboost': '1.2.10', 'lightgbm': '4.7.0', 'numpy': '2.4.6', 'pandas': '3.0.3', 'scikit-learn': '1.9.0', 'tabicl': '2.1.1', 'tabpfn': '8.1.0', 'torch': '2.6.0+cu124', 'xgboost': None}, 'platform': 'Linux-5.14.0-687.15.1.el9_8.x86_64-x86_64-with-glibc2.34', 'python': '3.11.15 | packaged by conda-forge | (main, Jun 11 2026, 03:34:02) [GCC 14.3.0]', 'python_version': '3.11.15', 'torch_available': True, 'torch_version': '2.6.0+cu124'}",,,NVIDIA A100 80GB PCIe,dsiuriofir01,raw,,tabiclv2_self_training,{},44136fa355b3678a,tfm_ssl,novel_experimental,0.8094357076780758,0.7414978916953318,0.7839736072802946,0.26878951154066316,0.07866800215749475,0.41336133462479563,0.7761211736130101,0.41336133462479563,0.8789824433910847,250,,True,,,,inductive,Iterative hard-label self-training with TabICLv2,phoneme__tabiclv2_self_training__s0__n250__cc7b24b864e909e3,4.7479,0,3,18893486,9c0a390446a60c1d839601aaeeaa4de606a9ab1ea55a231c91555e3a9486a539,v1_absolute_budget,success,True,2026-07-28T14:42:43.159238+00:00,"{'all_classes_present_in_labeled': True, 'backbone': 'tabiclv2', 'best_epoch': nan, 'best_val_loss': nan, 'dataset': 'phoneme', 'dataset_id': 1489, 'epochs_trained': nan, 'error_message': None, 'fallback_reason': 'loop0', 'final_train_loss': nan, 'finetune_epochs_trained': nan, 'graph_n_neighbors_used': nan, 'graph_n_rows': nan, 'graph_n_unlabeled_used': nan, 'graph_retry_count': nan, 'input_view': 'raw', 'labeled_class_counts': '{1:175,2:75}', 'labeled_classes_present': 2, 'max_labeled_per_class': 175, 'max_selected_confidence': nan, 'mean_selected_confidence': nan, 'mean_selected_density': nan, 'method': 'tabiclv2_self_training', 'method_fidelity': 'novel_experimental', 'metric_accuracy': 0.8094357076780758, 'metric_average_precision': 0.7414978916953318, 'metric_balanced_accuracy': 0.7839736072802946, 'metric_brier': 0.26878951154066316, 'metric_ece': 0.07866800215749475, 'metric_log_loss': 0.41336133462479563, 'metric_macro_f1': 0.7761211736130101, 'metric_nll': 0.41336133462479563, 'metric_roc_auc': 0.8789824433910847, 'min_labeled_per_class': 75, 'min_selected_confidence': nan, 'n_classes': 2, 'n_features_after_preprocessing': 5, 'n_features_before_preprocessing': 5, 'n_labeled': 250, 'n_pseudo_added_last_iter': nan, 'n_pseudo_added_total': 0, 'n_unlabeled': 4073, 'neural_method': nan, 'neural_validation_strategy': nan, 'pretrain_epochs_trained': nan, 'protocol': 'inductive', 'pseudo_label_class_distribution': nan, 'pseudo_label_fraction': nan, 'reference_family': 'hard-label risk-controlled TFM self-training (not soft LoopTabFM)', 'runtime_seconds': 4.7479, 'seed': 0, 'selected_round': 0, 'self_training_iterations': nan, 'status': 'success', 'stopped_reason': 'total_cap_reached', 'test_class_counts': '{1:764,2:317}', 'test_size': 1081, 'timestamp_utc': '2026-07-28T14:42:38.392622+00:00', 'train_labeled_size': 200, 'train_pool_class_counts': '{1:3054,2:1269}', 'unlabeled_class_counts': '{1:2879,2:1194}', 'val_class_counts': '{1:35,2:15}', 'val_size': 50, 'validation_strategy': 'stratified_labeled_val'}",,True,
tabiclv2,,,,nogit:245e894de167158e,,12.4,phoneme,gpu,False,,,3f9236be15390304,,ssl-tfm,"{'cuda_available': True, 'cuda_version': '12.4', 'env_name': None, 'env_prefix': '/private/ofirlin-lab/suissad4/envs/micromamba', 'gpu_count': 1, 'gpu_name': 'NVIDIA A100 80GB PCIe', 'hostname': 'dsiuriofir01', 'packages': {'catboost': '1.2.10', 'lightgbm': '4.7.0', 'numpy': '2.4.6', 'pandas': '3.0.3', 'scikit-learn': '1.9.0', 'tabicl': '2.1.1', 'tabpfn': '8.1.0', 'torch': '2.6.0+cu124', 'xgboost': None}, 'platform': 'Linux-5.14.0-687.15.1.el9_8.x86_64-x86_64-with-glibc2.34', 'python': '3.11.15 | packaged by conda-forge | (main, Jun 11 2026, 03:34:02) [GCC 14.3.0]', 'python_version': '3.11.15', 'torch_available': True, 'torch_version': '2.6.0+cu124'}",,,NVIDIA A100 80GB PCIe,dsiuriofir01,raw,,tabiclv2_self_training,{},44136fa355b3678a,tfm_ssl,novel_experimental,0.782608695652174,0.6962379549254254,0.6930132789403274,0.27413105370045626,0.03779361005057051,0.4144827775167054,0.7088841140237788,0.4144827775167054,0.8643037640180355,50,,True,,,,inductive,Iterative hard-label self-training with TabICLv2,phoneme__tabiclv2_self_training__s0__n50__b6e9d79821da0252,7.5892,0,2,18893485,9c0a390446a60c1d839601aaeeaa4de606a9ab1ea55a231c91555e3a9486a539,v1_absolute_budget,success,True,2026-07-28T14:42:34.904486+00:00,"{'all_classes_present_in_labeled': True, 'backbone': 'tabiclv2', 'best_epoch': nan, 'best_val_loss': nan, 'dataset': 'phoneme', 'dataset_id': 1489, 'epochs_trained': nan, 'error_message': None, 'fallback_reason': 'loop0', 'final_train_loss': nan, 'finetune_epochs_trained': nan, 'graph_n_neighbors_used': nan, 'graph_n_rows': nan, 'graph_n_unlabeled_used': nan, 'graph_retry_count': nan, 'input_view': 'raw', 'labeled_class_counts': '{1:34,2:16}', 'labeled_classes_present': 2, 'max_labeled_per_class': 34, 'max_selected_confidence': nan, 'mean_selected_confidence': nan, 'mean_selected_density': nan, 'method': 'tabiclv2_self_training', 'method_fidelity': 'novel_experimental', 'metric_accuracy': 0.782608695652174, 'metric_average_precision': 0.6962379549254254, 'metric_balanced_accuracy': 0.6930132789403274, 'metric_brier': 0.27413105370045626, 'metric_ece': 0.03779361005057051, 'metric_log_loss': 0.4144827775167054, 'metric_macro_f1': 0.7088841140237788, 'metric_nll': 0.4144827775167054, 'metric_roc_auc': 0.8643037640180355, 'min_labeled_per_class': 16, 'min_selected_confidence': nan, 'n_classes': 2, 'n_features_after_preprocessing': 5, 'n_features_before_preprocessing': 5, 'n_labeled': 50, 'n_pseudo_added_last_iter': nan, 'n_pseudo_added_total': 0, 'n_unlabeled': 4273, 'neural_method': nan, 'neural_validation_strategy': nan, 'pretrain_epochs_trained': nan, 'protocol': 'inductive', 'pseudo_label_class_distribution': nan, 'pseudo_label_fraction': nan, 'reference_family': 'hard-label risk-controlled TFM self-training (not soft LoopTabFM)', 'runtime_seconds': 7.5892, 'seed': 0, 'selected_round': 0, 'self_training_iterations': nan, 'status': 'success', 'stopped_reason': 'total_cap_reached', 'test_class_counts': '{1:764,2:317}', 'test_size': 1081, 'timestamp_utc': '2026-07-28T14:42:27.297299+00:00', 'train_labeled_size': 40, 'train_pool_class_counts': '{1:3054,2:1269}', 'unlabeled_class_counts': '{1:3020,2:1253}', 'val_class_counts': '{1:7,2:3}', 'val_size': 10, 'validation_strategy': 'stratified_labeled_val'}",,True,
tabpfn3,,,,nogit:245e894de167158e,,12.4,phoneme,gpu,False,,,3f9236be15390304,,ssl-tfm,"{'cuda_available': True, 'cuda_version': '12.4', 'env_name': None, 'env_prefix': '/private/ofirlin-lab/suissad4/envs/micromamba', 'gpu_count': 1, 'gpu_name': 'NVIDIA A100 80GB PCIe', 'hostname': 'dsiuriofir01', 'packages': {'catboost': '1.2.10', 'lightgbm': '4.7.0', 'numpy': '2.4.6', 'pandas': '3.0.3', 'scikit-learn': '1.9.0', 'tabicl': '2.1.1', 'tabpfn': '8.1.0', 'torch': '2.6.0+cu124', 'xgboost': None}, 'platform': 'Linux-5.14.0-687.15.1.el9_8.x86_64-x86_64-with-glibc2.34', 'python': '3.11.15 | packaged by conda-forge | (main, Jun 11 2026, 03:34:02) [GCC 14.3.0]', 'python_version': '3.11.15', 'torch_available': True, 'torch_version': '2.6.0+cu124'}",,,NVIDIA A100 80GB PCIe,dsiuriofir01,raw,,tabpfn3_self_training,{},44136fa355b3678a,tfm_ssl,novel_experimental,0.8057354301572618,0.758039645868534,0.7813558062331742,0.25563172818925683,0.06230247812853721,0.39331659135670893,0.7725332467594931,0.39331659135670893,0.8879176507506564,250,,True,,,,inductive,Iterative hard-label self-training with TabPFN-3,phoneme__tabpfn3_self_training__s0__n250__974590eb9c859bbb,9.6296,0,1,18893480,9c0a390446a60c1d839601aaeeaa4de606a9ab1ea55a231c91555e3a9486a539,v1_absolute_budget,success,True,2026-07-28T14:42:23.826113+00:00,"{'all_classes_present_in_labeled': True, 'backbone': 'tabpfn3', 'best_epoch': nan, 'best_val_loss': nan, 'dataset': 'phoneme', 'dataset_id': 1489, 'epochs_trained': nan, 'error_message': None, 'fallback_reason': 'loop0', 'final_train_loss': nan, 'finetune_epochs_trained': nan, 'graph_n_neighbors_used': nan, 'graph_n_rows': nan, 'graph_n_unlabeled_used': nan, 'graph_retry_count': nan, 'input_view': 'raw', 'labeled_class_counts': '{1:175,2:75}', 'labeled_classes_present': 2, 'max_labeled_per_class': 175, 'max_selected_confidence': nan, 'mean_selected_confidence': nan, 'mean_selected_density': nan, 'method': 'tabpfn3_self_training', 'method_fidelity': 'novel_experimental', 'metric_accuracy': 0.8057354301572618, 'metric_average_precision': 0.758039645868534, 'metric_balanced_accuracy': 0.7813558062331742, 'metric_brier': 0.25563172818925683, 'metric_ece': 0.06230247812853721, 'metric_log_loss': 0.39331659135670893, 'metric_macro_f1': 0.7725332467594931, 'metric_nll': 0.39331659135670893, 'metric_roc_auc': 0.8879176507506564, 'min_labeled_per_class': 75, 'min_selected_confidence': nan, 'n_classes': 2, 'n_features_after_preprocessing': 5, 'n_features_before_preprocessing': 5, 'n_labeled': 250, 'n_pseudo_added_last_iter': nan, 'n_pseudo_added_total': 0, 'n_unlabeled': 4073, 'neural_method': nan, 'neural_validation_strategy': nan, 'pretrain_epochs_trained': nan, 'protocol': 'inductive', 'pseudo_label_class_distribution': nan, 'pseudo_label_fraction': nan, 'reference_family': 'hard-label risk-controlled TFM self-training (not soft LoopTabFM)', 'runtime_seconds': 9.6296, 'seed': 0, 'selected_round': 0, 'self_training_iterations': nan, 'status': 'success', 'stopped_reason': 'total_cap_reached', 'test_class_counts': '{1:764,2:317}', 'test_size': 1081, 'timestamp_utc': '2026-07-28T14:42:14.174209+00:00', 'train_labeled_size': 200, 'train_pool_class_counts': '{1:3054,2:1269}', 'unlabeled_class_counts': '{1:2879,2:1194}', 'val_class_counts': '{1:35,2:15}', 'val_size': 50, 'validation_strategy': 'stratified_labeled_val'}",,True,
tabpfn3,,,,nogit:245e894de167158e,,12.4,phoneme,gpu,False,,,3f9236be15390304,,ssl-tfm,"{'cuda_available': True, 'cuda_version': '12.4', 'env_name': None, 'env_prefix': '/private/ofirlin-lab/suissad4/envs/micromamba', 'gpu_count': 1, 'gpu_name': 'NVIDIA A100 80GB PCIe', 'hostname': 'dsiuriofir01', 'packages': {'catboost': '1.2.10', 'lightgbm': '4.7.0', 'numpy': '2.4.6', 'pandas': '3.0.3', 'scikit-learn': '1.9.0', 'tabicl': '2.1.1', 'tabpfn': '8.1.0', 'torch': '2.6.0+cu124', 'xgboost': None}, 'platform': 'Linux-5.14.0-687.15.1.el9_8.x86_64-x86_64-with-glibc2.34', 'python': '3.11.15 | packaged by conda-forge | (main, Jun 11 2026, 03:34:02) [GCC 14.3.0]', 'python_version': '3.11.15', 'torch_available': True, 'torch_version': '2.6.0+cu124'}",,,NVIDIA A100 80GB PCIe,dsiuriofir01,raw,,tabpfn3_self_training,{},44136fa355b3678a,tfm_ssl,novel_experimental,0.757631822386679,0.6349467395860416,0.6393524864980924,0.30374044496051306,0.0718722453468225,0.46081749733945665,0.6522903837276683,0.46081749733945665,0.8477917981072556,50,,True,,,,inductive,Iterative hard-label self-training with TabPFN-3,phoneme__tabpfn3_self_training__s0__n50__4cc59e0b0904d1ad,10.9533,0,0,18893479,9c0a390446a60c1d839601aaeeaa4de606a9ab1ea55a231c91555e3a9486a539,v1_absolute_budget,success,True,2026-07-28T14:42:10.294591+00:00,"{'all_classes_present_in_labeled': True, 'backbone': 'tabpfn3', 'best_epoch': nan, 'best_val_loss': nan, 'dataset': 'phoneme', 'dataset_id': 1489, 'epochs_trained': nan, 'error_message': None, 'fallback_reason': 'loop0', 'final_train_loss': nan, 'finetune_epochs_trained': nan, 'graph_n_neighbors_used': nan, 'graph_n_rows': nan, 'graph_n_unlabeled_used': nan, 'graph_retry_count': nan, 'input_view': 'raw', 'labeled_class_counts': '{1:34,2:16}', 'labeled_classes_present': 2, 'max_labeled_per_class': 34, 'max_selected_confidence': nan, 'mean_selected_confidence': nan, 'mean_selected_density': nan, 'method': 'tabpfn3_self_training', 'method_fidelity': 'novel_experimental', 'metric_accuracy': 0.757631822386679, 'metric_average_precision': 0.6349467395860416, 'metric_balanced_accuracy': 0.6393524864980924, 'metric_brier': 0.30374044496051306, 'metric_ece': 0.0718722453468225, 'metric_log_loss': 0.46081749733945665, 'metric_macro_f1': 0.6522903837276683, 'metric_nll': 0.46081749733945665, 'metric_roc_auc': 0.8477917981072556, 'min_labeled_per_class': 16, 'min_selected_confidence': nan, 'n_classes': 2, 'n_features_after_preprocessing': 5, 'n_features_before_preprocessing': 5, 'n_labeled': 50, 'n_pseudo_added_last_iter': nan, 'n_pseudo_added_total': 0, 'n_unlabeled': 4273, 'neural_method': nan, 'neural_validation_strategy': nan, 'pretrain_epochs_trained': nan, 'protocol': 'inductive', 'pseudo_label_class_distribution': nan, 'pseudo_label_fraction': nan, 'reference_family': 'hard-label risk-controlled TFM self-training (not soft LoopTabFM)', 'runtime_seconds': 10.9533, 'seed': 0, 'selected_round': 0, 'self_training_iterations': nan, 'status': 'success', 'stopped_reason': 'total_cap_reached', 'test_class_counts': '{1:764,2:317}', 'test_size': 1081, 'timestamp_utc': '2026-07-28T14:41:59.320906+00:00', 'train_labeled_size': 40, 'train_pool_class_counts': '{1:3054,2:1269}', 'unlabeled_class_counts': '{1:3020,2:1253}', 'val_class_counts': '{1:7,2:3}', 'val_size': 10, 'validation_strategy': 'stratified_labeled_val'}",,True,
,,,,nogit:245e894de167158e,,12.4,phoneme,gpu,False,,,3f9236be15390304,,ssl-representation,"{'cuda_available': True, 'cuda_version': '12.4', 'env_name': None, 'env_prefix': '/private/ofirlin-lab/suissad4/envs/micromamba', 'gpu_count': 1, 'gpu_name': 'NVIDIA A100 80GB PCIe', 'hostname': 'dsiuriofir01', 'packages': {'catboost': '1.2.10', 'lightgbm': '4.7.0', 'numpy': '2.4.6', 'pandas': '3.0.3', 'scikit-learn': '1.9.0', 'tabicl': '2.1.1', 'tabpfn': '8.1.0', 'torch': '2.6.0+cu124', 'xgboost': None}, 'platform': 'Linux-5.14.0-687.15.1.el9_8.x86_64-x86_64-with-glibc2.34', 'python': '3.11.15 | packaged by conda-forge | (main, Jun 11 2026, 03:34:02) [GCC 14.3.0]', 'python_version': '3.11.15', 'torch_available': True, 'torch_version': '2.6.0+cu124'}",,,NVIDIA A100 80GB PCIe,dsiuriofir01,processed,,unlabeled_attention_ssl,{},44136fa355b3678a,geometric_ssl,novel_experimental,0.7853839037927844,0.6384797424380481,0.7734177581052737,0.30122864902786783,0.07425672609865612,0.46235041635119556,0.7556662302032673,0.46235041635119556,0.840652716071812,250,,True,,,,inductive,Retrieval attention over labeled and unlabeled training memory,phoneme__unlabeled_attention_ssl__s0__n250__e4eacc9777b8e330,3.9851,0,7,18893490,9c0a390446a60c1d839601aaeeaa4de606a9ab1ea55a231c91555e3a9486a539,v1_absolute_budget,success,True,2026-07-28T14:43:12.926068+00:00,"{'all_classes_present_in_labeled': True, 'best_epoch': 29, 'best_val_loss': 0.2929137162864208, 'dataset': 'phoneme', 'dataset_id': 1489, 'epochs_trained': nan, 'error_message': None, 'final_train_loss': nan, 'finetune_epochs_trained': nan, 'graph_n_neighbors_used': nan, 'graph_n_rows': nan, 'graph_n_unlabeled_used': nan, 'graph_retry_count': nan, 'input_view': 'processed', 'labeled_class_counts': '{1:175,2:75}', 'labeled_classes_present': 2, 'max_labeled_per_class': 175, 'max_selected_confidence': nan, 'mean_selected_confidence': nan, 'mean_selected_density': nan, 'method': 'unlabeled_attention_ssl', 'method_fidelity': 'novel_experimental', 'metric_accuracy': 0.7853839037927844, 'metric_average_precision': 0.6384797424380481, 'metric_balanced_accuracy': 0.7734177581052737, 'metric_brier': 0.30122864902786783, 'metric_ece': 0.07425672609865612, 'metric_log_loss': 0.46235041635119556, 'metric_macro_f1': 0.7556662302032673, 'metric_nll': 0.46235041635119556, 'metric_roc_auc': 0.840652716071812, 'min_labeled_per_class': 75, 'min_selected_confidence': nan, 'n_classes': 2, 'n_features_after_preprocessing': 5, 'n_features_before_preprocessing': 5, 'n_labeled': 250, 'n_pseudo_added_last_iter': nan, 'n_pseudo_added_total': nan, 'n_unlabeled': 4073, 'neural_method': nan, 'neural_validation_strategy': nan, 'pretrain_epochs_trained': nan, 'protocol': 'inductive', 'pseudo_label_class_distribution': nan, 'pseudo_label_fraction': nan, 'reference_family': nan, 'runtime_seconds': 3.9851, 'seed': 0, 'self_training_iterations': nan, 'status': 'success', 'stopped_reason': nan, 'test_class_counts': '{1:764,2:317}', 'test_size': 1081, 'timestamp_utc': '2026-07-28T14:43:08.904375+00:00', 'train_labeled_size': 200, 'train_pool_class_counts': '{1:3054,2:1269}', 'unlabeled_class_counts': '{1:2879,2:1194}', 'val_class_counts': '{1:35,2:15}', 'val_size': 50, 'validation_strategy': 'stratified_labeled_val'}",,True,
,,,,nogit:245e894de167158e,,12.4,phoneme,gpu,False,,,3f9236be15390304,,ssl-representation,"{'cuda_available': True, 'cuda_version': '12.4', 'env_name': None, 'env_prefix': '/private/ofirlin-lab/suissad4/envs/micromamba', 'gpu_count': 1, 'gpu_name': 'NVIDIA A100 80GB PCIe', 'hostname': 'dsiuriofir01', 'packages': {'catboost': '1.2.10', 'lightgbm': '4.7.0', 'numpy': '2.4.6', 'pandas': '3.0.3', 'scikit-learn': '1.9.0', 'tabicl': '2.1.1', 'tabpfn': '8.1.0', 'torch': '2.6.0+cu124', 'xgboost': None}, 'platform': 'Linux-5.14.0-687.15.1.el9_8.x86_64-x86_64-with-glibc2.34', 'python': '3.11.15 | packaged by conda-forge | (main, Jun 11 2026, 03:34:02) [GCC 14.3.0]', 'python_version': '3.11.15', 'torch_available': True, 'torch_version': '2.6.0+cu124'}",,,NVIDIA A100 80GB PCIe,dsiuriofir01,processed,,unlabeled_attention_ssl,{},44136fa355b3678a,geometric_ssl,novel_experimental,0.7400555041628122,0.5612827027908438,0.6195352370885427,0.32421164952168147,0.04292734622073107,0.48894486511393503,0.6286980639215154,0.48894486511393503,0.8060184649941369,50,,True,,,,inductive,Retrieval attention over labeled and unlabeled training memory,phoneme__unlabeled_attention_ssl__s0__n50__133b0bb1880905ab,3.5589,0,6,18893489,9c0a390446a60c1d839601aaeeaa4de606a9ab1ea55a231c91555e3a9486a539,v1_absolute_budget,success,True,2026-07-28T14:43:04.592516+00:00,"{'all_classes_present_in_labeled': True, 'best_epoch': 29, 'best_val_loss': 0.4965127110481262, 'dataset': 'phoneme', 'dataset_id': 1489, 'epochs_trained': nan, 'error_message': None, 'final_train_loss': nan, 'finetune_epochs_trained': nan, 'graph_n_neighbors_used': nan, 'graph_n_rows': nan, 'graph_n_unlabeled_used': nan, 'graph_retry_count': nan, 'input_view': 'processed', 'labeled_class_counts': '{1:34,2:16}', 'labeled_classes_present': 2, 'max_labeled_per_class': 34, 'max_selected_confidence': nan, 'mean_selected_confidence': nan, 'mean_selected_density': nan, 'method': 'unlabeled_attention_ssl', 'method_fidelity': 'novel_experimental', 'metric_accuracy': 0.7400555041628122, 'metric_average_precision': 0.5612827027908438, 'metric_balanced_accuracy': 0.6195352370885427, 'metric_brier': 0.32421164952168147, 'metric_ece': 0.04292734622073107, 'metric_log_loss': 0.48894486511393503, 'metric_macro_f1': 0.6286980639215154, 'metric_nll': 0.48894486511393503, 'metric_roc_auc': 0.8060184649941369, 'min_labeled_per_class': 16, 'min_selected_confidence': nan, 'n_classes': 2, 'n_features_after_preprocessing': 5, 'n_features_before_preprocessing': 5, 'n_labeled': 50, 'n_pseudo_added_last_iter': nan, 'n_pseudo_added_total': nan, 'n_unlabeled': 4273, 'neural_method': nan, 'neural_validation_strategy': nan, 'pretrain_epochs_trained': nan, 'protocol': 'inductive', 'pseudo_label_class_distribution': nan, 'pseudo_label_fraction': nan, 'reference_family': nan, 'runtime_seconds': 3.5589, 'seed': 0, 'self_training_iterations': nan, 'status': 'success', 'stopped_reason': nan, 'test_class_counts': '{1:764,2:317}', 'test_size': 1081, 'timestamp_utc': '2026-07-28T14:43:00.998635+00:00', 'train_labeled_size': 40, 'train_pool_class_counts': '{1:3054,2:1269}', 'unlabeled_class_counts': '{1:3020,2:1253}', 'val_class_counts': '{1:7,2:3}', 'val_size': 10, 'validation_strategy': 'stratified_labeled_val'}",,True,
,,,,nogit:245e894de167158e,,12.4,segment,gpu,False,,,3f9236be15390304,,ssl-representation,"{'cuda_available': True, 'cuda_version': '12.4', 'env_name': None, 'env_prefix': '/private/ofirlin-lab/suissad4/envs/micromamba', 'gpu_count': 1, 'gpu_name': 'NVIDIA A100 80GB PCIe', 'hostname': 'dsiuriofir01', 'packages': {'catboost': '1.2.10', 'lightgbm': '4.7.0', 'numpy': '2.4.6', 'pandas': '3.0.3', 'scikit-learn': '1.9.0', 'tabicl': '2.1.1', 'tabpfn': '8.1.0', 'torch': '2.6.0+cu124', 'xgboost': None}, 'platform': 'Linux-5.14.0-687.15.1.el9_8.x86_64-x86_64-with-glibc2.34', 'python': '3.11.15 | packaged by conda-forge | (main, Jun 11 2026, 03:34:02) [GCC 14.3.0]', 'python_version': '3.11.15', 'torch_available': True, 'torch_version': '2.6.0+cu124'}",,,NVIDIA A100 80GB PCIe,dsiuriofir01,processed,,embedding_alignment_ssl,{},44136fa355b3678a,geometric_ssl,novel_experimental,0.6233766233766234,,0.6233766233766235,0.5548192611320019,0.25487901544545116,1.2171608090910642,0.5699144272414929,1.2171608090910642,0.9399405308496218,250,,True,,,,inductive,Confidence-weighted class-conditional embedding alignment,segment__embedding_alignment_ssl__s0__n250__56adf72956d3e411,4.8639,0,57,18893540,9c0a390446a60c1d839601aaeeaa4de606a9ab1ea55a231c91555e3a9486a539,v1_absolute_budget,success,True,2026-07-28T14:53:00.937058+00:00,"{'all_classes_present_in_labeled': True, 'best_epoch': 39, 'best_val_loss': 1.2490181922912598, 'dataset': 'segment', 'dataset_id': 36, 'epochs_trained': nan, 'error_message': None, 'final_train_loss': nan, 'finetune_epochs_trained': nan, 'graph_n_neighbors_used': nan, 'graph_n_rows': nan, 'graph_n_unlabeled_used': nan, 'graph_retry_count': nan, 'input_view': 'processed', 'labeled_class_counts': '{brickface:36,cement:36,foliage:36,grass:36,path:36,sky:35,window:35}', 'labeled_classes_present': 7, 'max_labeled_per_class': 36, 'max_selected_confidence': nan, 'mean_selected_confidence': nan, 'mean_selected_density': nan, 'method': 'embedding_alignment_ssl', 'method_fidelity': 'novel_experimental', 'metric_accuracy': 0.6233766233766234, 'metric_average_precision': None, 'metric_balanced_accuracy': 0.6233766233766235, 'metric_brier': 0.5548192611320019, 'metric_ece': 0.25487901544545116, 'metric_log_loss': 1.2171608090910642, 'metric_macro_f1': 0.5699144272414929, 'metric_nll': 1.2171608090910642, 'metric_roc_auc': 0.9399405308496218, 'min_labeled_per_class': 35, 'min_selected_confidence': nan, 'n_classes': 7, 'n_features_after_preprocessing': 19, 'n_features_before_preprocessing': 19, 'n_labeled': 250, 'n_pseudo_added_last_iter': nan, 'n_pseudo_added_total': nan, 'n_unlabeled': 1598, 'neural_method': nan, 'neural_validation_strategy': nan, 'pretrain_epochs_trained': nan, 'protocol': 'inductive', 'pseudo_label_class_distribution': nan, 'pseudo_label_fraction': nan, 'reference_family': nan, 'runtime_seconds': 4.8639, 'seed': 0, 'self_training_iterations': nan, 'status': 'success', 'stopped_reason': nan, 'test_class_counts': '{brickface:66,cement:66,foliage:66,grass:66,path:66,sky:66,window:66}', 'test_size': 462, 'timestamp_utc': '2026-07-28T14:52:56.027633+00:00', 'train_labeled_size': 200, 'train_pool_class_counts': '{brickface:264,cement:264,foliage:264,grass:264,path:264,sky:264,window:264}', 'unlabeled_class_counts': '{brickface:228,cement:228,foliage:228,grass:228,path:228,sky:229,window:229}', 'val_class_counts': '{brickface:8,cement:7,foliage:7,grass:7,path:7,sky:7,window:7}', 'val_size': 50, 'validation_strategy': 'stratified_labeled_val'}",,True,
,,,,nogit:245e894de167158e,,12.4,segment,gpu,False,,,3f9236be15390304,,ssl-representation,"{'cuda_available': True, 'cuda_version': '12.4', 'env_name': None, 'env_prefix': '/private/ofirlin-lab/suissad4/envs/micromamba', 'gpu_count': 1, 'gpu_name': 'NVIDIA A100 80GB PCIe', 'hostname': 'dsiuriofir01', 'packages': {'catboost': '1.2.10', 'lightgbm': '4.7.0', 'numpy': '2.4.6', 'pandas': '3.0.3', 'scikit-learn': '1.9.0', 'tabicl': '2.1.1', 'tabpfn': '8.1.0', 'torch': '2.6.0+cu124', 'xgboost': None}, 'platform': 'Linux-5.14.0-687.15.1.el9_8.x86_64-x86_64-with-glibc2.34', 'python': '3.11.15 | packaged by conda-forge | (main, Jun 11 2026, 03:34:02) [GCC 14.3.0]', 'python_version': '3.11.15', 'torch_available': True, 'torch_version': '2.6.0+cu124'}",,,NVIDIA A100 80GB PCIe,dsiuriofir01,processed,,embedding_alignment_ssl,{},44136fa355b3678a,geometric_ssl,novel_experimental,0.577922077922078,,0.577922077922078,0.5940117855818814,0.19782501449445625,1.3285469107515722,0.49191606661284215,1.3285469107515722,0.9151252787616423,50,,True,,,,inductive,Confidence-weighted class-conditional embedding alignment,segment__embedding_alignment_ssl__s0__n50__5ea7e06e2ffe5507,4.3504,0,56,18893539,9c0a390446a60c1d839601aaeeaa4de606a9ab1ea55a231c91555e3a9486a539,v1_absolute_budget,success,True,2026-07-28T14:52:51.396217+00:00,"{'all_classes_present_in_labeled': True, 'best_epoch': 39, 'best_val_loss': 1.4300998449325562, 'dataset': 'segment', 'dataset_id': 36, 'epochs_trained': nan, 'error_message': None, 'final_train_loss': nan, 'finetune_epochs_trained': nan, 'graph_n_neighbors_used': nan, 'graph_n_rows': nan, 'graph_n_unlabeled_used': nan, 'graph_retry_count': nan, 'input_view': 'processed', 'labeled_class_counts': '{brickface:8,cement:7,foliage:7,grass:7,path:7,sky:7,window:7}', 'labeled_classes_present': 7, 'max_labeled_per_class': 8, 'max_selected_confidence': nan, 'mean_selected_confidence': nan, 'mean_selected_density': nan, 'method': 'embedding_alignment_ssl', 'method_fidelity': 'novel_experimental', 'metric_accuracy': 0.577922077922078, 'metric_average_precision': None, 'metric_balanced_accuracy': 0.577922077922078, 'metric_brier': 0.5940117855818814, 'metric_ece': 0.19782501449445625, 'metric_log_loss': 1.3285469107515722, 'metric_macro_f1': 0.49191606661284215, 'metric_nll': 1.3285469107515722, 'metric_roc_auc': 0.9151252787616423, 'min_labeled_per_class': 7, 'min_selected_confidence': nan, 'n_classes': 7, 'n_features_after_preprocessing': 19, 'n_features_before_preprocessing': 19, 'n_labeled': 50, 'n_pseudo_added_last_iter': nan, 'n_pseudo_added_total': nan, 'n_unlabeled': 1798, 'neural_method': nan, 'neural_validation_strategy': nan, 'pretrain_epochs_trained': nan, 'protocol': 'inductive', 'pseudo_label_class_distribution': nan, 'pseudo_label_fraction': nan, 'reference_family': nan, 'runtime_seconds': 4.3504, 'seed': 0, 'self_training_iterations': nan, 'status': 'success', 'stopped_reason': nan, 'test_class_counts': '{brickface:66,cement:66,foliage:66,grass:66,path:66,sky:66,window:66}', 'test_size': 462, 'timestamp_utc': '2026-07-28T14:52:47.001674+00:00', 'train_labeled_size': 40, 'train_pool_class_counts': '{brickface:264,cement:264,foliage:264,grass:264,path:264,sky:264,window:264}', 'unlabeled_class_counts': '{brickface:256,cement:257,foliage:257,grass:257,path:257,sky:257,window:257}', 'val_class_counts': '{brickface:2,cement:2,foliage:1,grass:1,path:1,sky:1,window:2}', 'val_size': 10, 'validation_strategy': 'stratified_labeled_val'}",,True,
,,,,nogit:245e894de167158e,,12.4,segment,gpu,False,,,3f9236be15390304,,ssl-representation,"{'cuda_available': True, 'cuda_version': '12.4', 'env_name': None, 'env_prefix': '/private/ofirlin-lab/suissad4/envs/micromamba', 'gpu_count': 1, 'gpu_name': 'NVIDIA A100 80GB PCIe', 'hostname': 'dsiuriofir01', 'packages': {'catboost': '1.2.10', 'lightgbm': '4.7.0', 'numpy': '2.4.6', 'pandas': '3.0.3', 'scikit-learn': '1.9.0', 'tabicl': '2.1.1', 'tabpfn': '8.1.0', 'torch': '2.6.0+cu124', 'xgboost': None}, 'platform': 'Linux-5.14.0-687.15.1.el9_8.x86_64-x86_64-with-glibc2.34', 'python': '3.11.15 | packaged by conda-forge | (main, Jun 11 2026, 03:34:02) [GCC 14.3.0]', 'python_version': '3.11.15', 'torch_available': True, 'torch_version': '2.6.0+cu124'}",,,NVIDIA A100 80GB PCIe,dsiuriofir01,processed,,geometric_attention_ssl,{'max_epochs': 20},f91f182ea85952e6,geometric_ssl,novel_experimental,0.7229437229437229,,0.7229437229437229,0.4689145258185071,0.2697717528896114,0.9873805865179125,0.653314393371036,0.9873805865179125,0.9607820630547904,250,,True,,,,inductive,Combined geometric-attention SSL,segment__geometric_attention_ssl__s0__n250__efe4b76066c3aa61,8.7202,0,59,18893542,9c0a390446a60c1d839601aaeeaa4de606a9ab1ea55a231c91555e3a9486a539,v1_absolute_budget,success,True,2026-07-28T14:53:24.926581+00:00,"{'all_classes_present_in_labeled': True, 'best_epoch': 19, 'best_val_loss': 0.9659709930419922, 'dataset': 'segment', 'dataset_id': 36, 'epochs_trained': 20, 'error_message': None, 'final_train_loss': nan, 'finetune_epochs_trained': nan, 'graph_n_neighbors_used': nan, 'graph_n_rows': nan, 'graph_n_unlabeled_used': nan, 'graph_retry_count': nan, 'input_view': 'processed', 'labeled_class_counts': '{brickface:36,cement:36,foliage:36,grass:36,path:36,sky:35,window:35}', 'labeled_classes_present': 7, 'max_labeled_per_class': 36, 'max_selected_confidence': nan, 'mean_selected_confidence': nan, 'mean_selected_density': nan, 'method': 'geometric_attention_ssl', 'method_fidelity': 'reimplementation', 'metric_accuracy': 0.7229437229437229, 'metric_average_precision': None, 'metric_balanced_accuracy': 0.7229437229437229, 'metric_brier': 0.4689145258185071, 'metric_ece': 0.2697717528896114, 'metric_log_loss': 0.9873805865179125, 'metric_macro_f1': 0.653314393371036, 'metric_nll': 0.9873805865179125, 'metric_roc_auc': 0.9607820630547904, 'min_labeled_per_class': 35, 'min_selected_confidence': nan, 'n_classes': 7, 'n_features_after_preprocessing': 19, 'n_features_before_preprocessing': 19, 'n_labeled': 250, 'n_pseudo_added_last_iter': nan, 'n_pseudo_added_total': nan, 'n_unlabeled': 1598, 'neural_method': nan, 'neural_validation_strategy': 'external_val', 'pretrain_epochs_trained': nan, 'protocol': 'inductive', 'pseudo_label_class_distribution': nan, 'pseudo_label_fraction': nan, 'reference_family': 'Geometric attention SSL', 'runtime_seconds': 8.7202, 'seed': 0, 'self_training_iterations': nan, 'status': 'success', 'stopped_reason': nan, 'test_class_counts': '{brickface:66,cement:66,foliage:66,grass:66,path:66,sky:66,window:66}', 'test_size': 462, 'timestamp_utc': '2026-07-28T14:53:16.178234+00:00', 'train_labeled_size': 200, 'train_pool_class_counts': '{brickface:264,cement:264,foliage:264,grass:264,path:264,sky:264,window:264}', 'unlabeled_class_counts': '{brickface:228,cement:228,foliage:228,grass:228,path:228,sky:229,window:229}', 'val_class_counts': '{brickface:8,cement:7,foliage:7,grass:7,path:7,sky:7,window:7}', 'val_size': 50, 'validation_strategy': 'stratified_labeled_val'}",,True,
,,,,nogit:245e894de167158e,,12.4,segment,gpu,False,,,3f9236be15390304,,ssl-representation,"{'cuda_available': True, 'cuda_version': '12.4', 'env_name': None, 'env_prefix': '/private/ofirlin-lab/suissad4/envs/micromamba', 'gpu_count': 1, 'gpu_name': 'NVIDIA A100 80GB PCIe', 'hostname': 'dsiuriofir01', 'packages': {'catboost': '1.2.10', 'lightgbm': '4.7.0', 'numpy': '2.4.6', 'pandas': '3.0.3', 'scikit-learn': '1.9.0', 'tabicl': '2.1.1', 'tabpfn': '8.1.0', 'torch': '2.6.0+cu124', 'xgboost': None}, 'platform': 'Linux-5.14.0-687.15.1.el9_8.x86_64-x86_64-with-glibc2.34', 'python': '3.11.15 | packaged by conda-forge | (main, Jun 11 2026, 03:34:02) [GCC 14.3.0]', 'python_version': '3.11.15', 'torch_available': True, 'torch_version': '2.6.0+cu124'}",,,NVIDIA A100 80GB PCIe,dsiuriofir01,processed,,geometric_attention_ssl,{'max_epochs': 20},f91f182ea85952e6,geometric_ssl,novel_experimental,0.14502164502164502,,0.14502164502164502,0.8591402635426258,0.034566549181166056,1.9527834708969551,0.04004644708148064,1.9527834708969551,0.523896978442433,50,,True,,,,inductive,Combined geometric-attention SSL,segment__geometric_attention_ssl__s0__n50__ea63f42d32da2d0f,5.5449,0,58,18893541,9c0a390446a60c1d839601aaeeaa4de606a9ab1ea55a231c91555e3a9486a539,v1_absolute_budget,success,True,2026-07-28T14:53:11.355249+00:00,"{'all_classes_present_in_labeled': True, 'best_epoch': 1, 'best_val_loss': 1.9198839664459229, 'dataset': 'segment', 'dataset_id': 36, 'epochs_trained': 6, 'error_message': None, 'final_train_loss': nan, 'finetune_epochs_trained': nan, 'graph_n_neighbors_used': nan, 'graph_n_rows': nan, 'graph_n_unlabeled_used': nan, 'graph_retry_count': nan, 'input_view': 'processed', 'labeled_class_counts': '{brickface:8,cement:7,foliage:7,grass:7,path:7,sky:7,window:7}', 'labeled_classes_present': 7, 'max_labeled_per_class': 8, 'max_selected_confidence': nan, 'mean_selected_confidence': nan, 'mean_selected_density': nan, 'method': 'geometric_attention_ssl', 'method_fidelity': 'reimplementation', 'metric_accuracy': 0.14502164502164502, 'metric_average_precision': None, 'metric_balanced_accuracy': 0.14502164502164502, 'metric_brier': 0.8591402635426258, 'metric_ece': 0.034566549181166056, 'metric_log_loss': 1.9527834708969551, 'metric_macro_f1': 0.04004644708148064, 'metric_nll': 1.9527834708969551, 'metric_roc_auc': 0.523896978442433, 'min_labeled_per_class': 7, 'min_selected_confidence': nan, 'n_classes': 7, 'n_features_after_preprocessing': 19, 'n_features_before_preprocessing': 19, 'n_labeled': 50, 'n_pseudo_added_last_iter': nan, 'n_pseudo_added_total': nan, 'n_unlabeled': 1798, 'neural_method': nan, 'neural_validation_strategy': 'external_val', 'pretrain_epochs_trained': nan, 'protocol': 'inductive', 'pseudo_label_class_distribution': nan, 'pseudo_label_fraction': nan, 'reference_family': 'Geometric attention SSL', 'runtime_seconds': 5.5449, 'seed': 0, 'self_training_iterations': nan, 'status': 'success', 'stopped_reason': nan, 'test_class_counts': '{brickface:66,cement:66,foliage:66,grass:66,path:66,sky:66,window:66}', 'test_size': 462, 'timestamp_utc': '2026-07-28T14:53:05.782551+00:00', 'train_labeled_size': 40, 'train_pool_class_counts': '{brickface:264,cement:264,foliage:264,grass:264,path:264,sky:264,window:264}', 'unlabeled_class_counts': '{brickface:256,cement:257,foliage:257,grass:257,path:257,sky:257,window:257}', 'val_class_counts': '{brickface:2,cement:2,foliage:1,grass:1,path:1,sky:1,window:2}', 'val_size': 10, 'validation_strategy': 'stratified_labeled_val'}",,True,
,,,,nogit:245e894de167158e,,12.4,segment,gpu,False,,,3f9236be15390304,,ssl-representation,"{'cuda_available': True, 'cuda_version': '12.4', 'env_name': None, 'env_prefix': '/private/ofirlin-lab/suissad4/envs/micromamba', 'gpu_count': 1, 'gpu_name': 'NVIDIA A100 80GB PCIe', 'hostname': 'dsiuriofir01', 'packages': {'catboost': '1.2.10', 'lightgbm': '4.7.0', 'numpy': '2.4.6', 'pandas': '3.0.3', 'scikit-learn': '1.9.0', 'tabicl': '2.1.1', 'tabpfn': '8.1.0', 'torch': '2.6.0+cu124', 'xgboost': None}, 'platform': 'Linux-5.14.0-687.15.1.el9_8.x86_64-x86_64-with-glibc2.34', 'python': '3.11.15 | packaged by conda-forge | (main, Jun 11 2026, 03:34:02) [GCC 14.3.0]', 'python_version': '3.11.15', 'torch_available': True, 'torch_version': '2.6.0+cu124'}",,,NVIDIA A100 80GB PCIe,dsiuriofir01,processed,,laplacian_ssl,{},44136fa355b3678a,geometric_ssl,paper_core,0.7727272727272727,,0.7727272727272727,0.37469406081384987,0.21328540708984303,0.7830902109224829,0.7312387091498099,0.7830902109224829,0.9620556211465303,250,,True,,,,inductive,Sparse Laplacian-regularized MLP,segment__laplacian_ssl__s0__n250__7bfe5090524ff5a0,5.2274,0,53,18893536,9c0a390446a60c1d839601aaeeaa4de606a9ab1ea55a231c91555e3a9486a539,v1_absolute_budget,success,True,2026-07-28T14:52:25.384693+00:00,"{'all_classes_present_in_labeled': True, 'best_epoch': 30, 'best_val_loss': 0.7676610350608826, 'dataset': 'segment', 'dataset_id': 36, 'epochs_trained': 30, 'error_message': None, 'final_train_loss': nan, 'finetune_epochs_trained': nan, 'graph_n_neighbors_used': nan, 'graph_n_rows': nan, 'graph_n_unlabeled_used': nan, 'graph_retry_count': nan, 'input_view': 'processed', 'labeled_class_counts': '{brickface:36,cement:36,foliage:36,grass:36,path:36,sky:35,window:35}', 'labeled_classes_present': 7, 'max_labeled_per_class': 36, 'max_selected_confidence': nan, 'mean_selected_confidence': nan, 'mean_selected_density': nan, 'method': 'laplacian_ssl', 'method_fidelity': 'reimplementation', 'metric_accuracy': 0.7727272727272727, 'metric_average_precision': None, 'metric_balanced_accuracy': 0.7727272727272727, 'metric_brier': 0.37469406081384987, 'metric_ece': 0.21328540708984303, 'metric_log_loss': 0.7830902109224829, 'metric_macro_f1': 0.7312387091498099, 'metric_nll': 0.7830902109224829, 'metric_roc_auc': 0.9620556211465303, 'min_labeled_per_class': 35, 'min_selected_confidence': nan, 'n_classes': 7, 'n_features_after_preprocessing': 19, 'n_features_before_preprocessing': 19, 'n_labeled': 250, 'n_pseudo_added_last_iter': nan, 'n_pseudo_added_total': nan, 'n_unlabeled': 1598, 'neural_method': nan, 'neural_validation_strategy': 'external_val', 'pretrain_epochs_trained': nan, 'protocol': 'inductive', 'pseudo_label_class_distribution': nan, 'pseudo_label_fraction': nan, 'reference_family': 'Laplacian / graph SSL', 'runtime_seconds': 5.2274, 'seed': 0, 'self_training_iterations': nan, 'status': 'success', 'stopped_reason': nan, 'test_class_counts': '{brickface:66,cement:66,foliage:66,grass:66,path:66,sky:66,window:66}', 'test_size': 462, 'timestamp_utc': '2026-07-28T14:52:20.113939+00:00', 'train_labeled_size': 200, 'train_pool_class_counts': '{brickface:264,cement:264,foliage:264,grass:264,path:264,sky:264,window:264}', 'unlabeled_class_counts': '{brickface:228,cement:228,foliage:228,grass:228,path:228,sky:229,window:229}', 'val_class_counts': '{brickface:8,cement:7,foliage:7,grass:7,path:7,sky:7,window:7}', 'val_size': 50, 'validation_strategy': 'stratified_labeled_val'}",,True,
,,,,nogit:245e894de167158e,,12.4,segment,gpu,False,,,3f9236be15390304,,ssl-representation,"{'cuda_available': True, 'cuda_version': '12.4', 'env_name': None, 'env_prefix': '/private/ofirlin-lab/suissad4/envs/micromamba', 'gpu_count': 1, 'gpu_name': 'NVIDIA A100 80GB PCIe', 'hostname': 'dsiuriofir01', 'packages': {'catboost': '1.2.10', 'lightgbm': '4.7.0', 'numpy': '2.4.6', 'pandas': '3.0.3', 'scikit-learn': '1.9.0', 'tabicl': '2.1.1', 'tabpfn': '8.1.0', 'torch': '2.6.0+cu124', 'xgboost': None}, 'platform': 'Linux-5.14.0-687.15.1.el9_8.x86_64-x86_64-with-glibc2.34', 'python': '3.11.15 | packaged by conda-forge | (main, Jun 11 2026, 03:34:02) [GCC 14.3.0]', 'python_version': '3.11.15', 'torch_available': True, 'torch_version': '2.6.0+cu124'}",,,NVIDIA A100 80GB PCIe,dsiuriofir01,processed,,laplacian_ssl,{},44136fa355b3678a,geometric_ssl,paper_core,0.6926406926406926,,0.6926406926406926,0.6776985683437667,0.41305500379243865,1.5048937117515189,0.5941377243098002,1.5048937117515189,0.8788042765315492,50,,True,,,,inductive,Sparse Laplacian-regularized MLP,segment__laplacian_ssl__s0__n50__1c746865b876f782,4.4645,0,52,18893535,9c0a390446a60c1d839601aaeeaa4de606a9ab1ea55a231c91555e3a9486a539,v1_absolute_budget,success,True,2026-07-28T14:52:15.152538+00:00,"{'all_classes_present_in_labeled': True, 'best_epoch': 30, 'best_val_loss': 1.5783857107162476, 'dataset': 'segment', 'dataset_id': 36, 'epochs_trained': 30, 'error_message': None, 'final_train_loss': nan, 'finetune_epochs_trained': nan, 'graph_n_neighbors_used': nan, 'graph_n_rows': nan, 'graph_n_unlabeled_used': nan, 'graph_retry_count': nan, 'input_view': 'processed', 'labeled_class_counts': '{brickface:8,cement:7,foliage:7,grass:7,path:7,sky:7,window:7}', 'labeled_classes_present': 7, 'max_labeled_per_class': 8, 'max_selected_confidence': nan, 'mean_selected_confidence': nan, 'mean_selected_density': nan, 'method': 'laplacian_ssl', 'method_fidelity': 'reimplementation', 'metric_accuracy': 0.6926406926406926, 'metric_average_precision': None, 'metric_balanced_accuracy': 0.6926406926406926, 'metric_brier': 0.6776985683437667, 'metric_ece': 0.41305500379243865, 'metric_log_loss': 1.5048937117515189, 'metric_macro_f1': 0.5941377243098002, 'metric_nll': 1.5048937117515189, 'metric_roc_auc': 0.8788042765315492, 'min_labeled_per_class': 7, 'min_selected_confidence': nan, 'n_classes': 7, 'n_features_after_preprocessing': 19, 'n_features_before_preprocessing': 19, 'n_labeled': 50, 'n_pseudo_added_last_iter': nan, 'n_pseudo_added_total': nan, 'n_unlabeled': 1798, 'neural_method': nan, 'neural_validation_strategy': 'external_val', 'pretrain_epochs_trained': nan, 'protocol': 'inductive', 'pseudo_label_class_distribution': nan, 'pseudo_label_fraction': nan, 'reference_family': 'Laplacian / graph SSL', 'runtime_seconds': 4.4645, 'seed': 0, 'self_training_iterations': nan, 'status': 'success', 'stopped_reason': nan, 'test_class_counts': '{brickface:66,cement:66,foliage:66,grass:66,path:66,sky:66,window:66}', 'test_size': 462, 'timestamp_utc': '2026-07-28T14:52:10.650157+00:00', 'train_labeled_size': 40, 'train_pool_class_counts': '{brickface:264,cement:264,foliage:264,grass:264,path:264,sky:264,window:264}', 'unlabeled_class_counts': '{brickface:256,cement:257,foliage:257,grass:257,path:257,sky:257,window:257}', 'val_class_counts': '{brickface:2,cement:2,foliage:1,grass:1,path:1,sky:1,window:2}', 'val_size': 10, 'validation_strategy': 'stratified_labeled_val'}",,True,
tabiclv2,,,,nogit:245e894de167158e,,12.4,segment,gpu,False,,,3f9236be15390304,,ssl-tfm,"{'cuda_available': True, 'cuda_version': '12.4', 'env_name': None, 'env_prefix': '/private/ofirlin-lab/suissad4/envs/micromamba', 'gpu_count': 1, 'gpu_name': 'NVIDIA A100 80GB PCIe', 'hostname': 'dsiuriofir01', 'packages': {'catboost': '1.2.10', 'lightgbm': '4.7.0', 'numpy': '2.4.6', 'pandas': '3.0.3', 'scikit-learn': '1.9.0', 'tabicl': '2.1.1', 'tabpfn': '8.1.0', 'torch': '2.6.0+cu124', 'xgboost': None}, 'platform': 'Linux-5.14.0-687.15.1.el9_8.x86_64-x86_64-with-glibc2.34', 'python': '3.11.15 | packaged by conda-forge | (main, Jun 11 2026, 03:34:02) [GCC 14.3.0]', 'python_version': '3.11.15', 'torch_available': True, 'torch_version': '2.6.0+cu124'}",,,NVIDIA A100 80GB PCIe,dsiuriofir01,raw,,tabiclv2_self_training,{},44136fa355b3678a,tfm_ssl,novel_experimental,0.9437229437229437,,0.9437229437229436,0.07746878572716642,0.03345053036140791,0.1543059596054262,0.9442019976021166,0.1543059596054262,0.9967860422405878,250,,True,,,,inductive,Iterative hard-label self-training with TabICLv2,segment__tabiclv2_self_training__s0__n250__528ad53ab0b953e3,5.4878,0,51,18893534,9c0a390446a60c1d839601aaeeaa4de606a9ab1ea55a231c91555e3a9486a539,v1_absolute_budget,success,True,2026-07-28T14:52:07.265397+00:00,"{'all_classes_present_in_labeled': True, 'backbone': 'tabiclv2', 'best_epoch': nan, 'best_val_loss': nan, 'dataset': 'segment', 'dataset_id': 36, 'epochs_trained': nan, 'error_message': None, 'fallback_reason': 'loop0', 'final_train_loss': nan, 'finetune_epochs_trained': nan, 'graph_n_neighbors_used': nan, 'graph_n_rows': nan, 'graph_n_unlabeled_used': nan, 'graph_retry_count': nan, 'input_view': 'raw', 'labeled_class_counts': '{brickface:36,cement:36,foliage:36,grass:36,path:36,sky:35,window:35}', 'labeled_classes_present': 7, 'max_labeled_per_class': 36, 'max_selected_confidence': nan, 'mean_selected_confidence': nan, 'mean_selected_density': nan, 'method': 'tabiclv2_self_training', 'method_fidelity': 'novel_experimental', 'metric_accuracy': 0.9437229437229437, 'metric_average_precision': None, 'metric_balanced_accuracy': 0.9437229437229436, 'metric_brier': 0.07746878572716642, 'metric_ece': 0.03345053036140791, 'metric_log_loss': 0.1543059596054262, 'metric_macro_f1': 0.9442019976021166, 'metric_nll': 0.1543059596054262, 'metric_roc_auc': 0.9967860422405878, 'min_labeled_per_class': 35, 'min_selected_confidence': nan, 'n_classes': 7, 'n_features_after_preprocessing': 19, 'n_features_before_preprocessing': 19, 'n_labeled': 250, 'n_pseudo_added_last_iter': nan, 'n_pseudo_added_total': 0, 'n_unlabeled': 1598, 'neural_method': nan, 'neural_validation_strategy': nan, 'pretrain_epochs_trained': nan, 'protocol': 'inductive', 'pseudo_label_class_distribution': nan, 'pseudo_label_fraction': nan, 'reference_family': 'hard-label risk-controlled TFM self-training (not soft LoopTabFM)', 'runtime_seconds': 5.4878, 'seed': 0, 'selected_round': 0, 'self_training_iterations': nan, 'status': 'success', 'stopped_reason': 'total_cap_reached', 'test_class_counts': '{brickface:66,cement:66,foliage:66,grass:66,path:66,sky:66,window:66}', 'test_size': 462, 'timestamp_utc': '2026-07-28T14:52:01.758947+00:00', 'train_labeled_size': 200, 'train_pool_class_counts': '{brickface:264,cement:264,foliage:264,grass:264,path:264,sky:264,window:264}', 'unlabeled_class_counts': '{brickface:228,cement:228,foliage:228,grass:228,path:228,sky:229,window:229}', 'val_class_counts': '{brickface:8,cement:7,foliage:7,grass:7,path:7,sky:7,window:7}', 'val_size': 50, 'validation_strategy': 'stratified_labeled_val'}",,True,
tabiclv2,,,,nogit:245e894de167158e,,12.4,segment,gpu,False,,,3f9236be15390304,,ssl-tfm,"{'cuda_available': True, 'cuda_version': '12.4', 'env_name': None, 'env_prefix': '/private/ofirlin-lab/suissad4/envs/micromamba', 'gpu_count': 1, 'gpu_name': 'NVIDIA A100 80GB PCIe', 'hostname': 'dsiuriofir01', 'packages': {'catboost': '1.2.10', 'lightgbm': '4.7.0', 'numpy': '2.4.6', 'pandas': '3.0.3', 'scikit-learn': '1.9.0', 'tabicl': '2.1.1', 'tabpfn': '8.1.0', 'torch': '2.6.0+cu124', 'xgboost': None}, 'platform': 'Linux-5.14.0-687.15.1.el9_8.x86_64-x86_64-with-glibc2.34', 'python': '3.11.15 | packaged by conda-forge | (main, Jun 11 2026, 03:34:02) [GCC 14.3.0]', 'python_version': '3.11.15', 'torch_available': True, 'torch_version': '2.6.0+cu124'}",,,NVIDIA A100 80GB PCIe,dsiuriofir01,raw,,tabiclv2_self_training,{},44136fa355b3678a,tfm_ssl,novel_experimental,0.8917748917748918,,0.8917748917748918,0.16082909203636042,0.04746236183004311,0.3156560125179444,0.8896824597697505,0.3156560125179444,0.989959114959115,50,,True,,,,inductive,Iterative hard-label self-training with TabICLv2,segment__tabiclv2_self_training__s0__n50__8f09e9a6b3ceaa7c,4.8562,0,50,18893533,9c0a390446a60c1d839601aaeeaa4de606a9ab1ea55a231c91555e3a9486a539,v1_absolute_budget,success,True,2026-07-28T14:51:57.340152+00:00,"{'all_classes_present_in_labeled': True, 'backbone': 'tabiclv2', 'best_epoch': nan, 'best_val_loss': nan, 'dataset': 'segment', 'dataset_id': 36, 'epochs_trained': nan, 'error_message': None, 'fallback_reason': 'loop0', 'final_train_loss': nan, 'finetune_epochs_trained': nan, 'graph_n_neighbors_used': nan, 'graph_n_rows': nan, 'graph_n_unlabeled_used': nan, 'graph_retry_count': nan, 'input_view': 'raw', 'labeled_class_counts': '{brickface:8,cement:7,foliage:7,grass:7,path:7,sky:7,window:7}', 'labeled_classes_present': 7, 'max_labeled_per_class': 8, 'max_selected_confidence': nan, 'mean_selected_confidence': nan, 'mean_selected_density': nan, 'method': 'tabiclv2_self_training', 'method_fidelity': 'novel_experimental', 'metric_accuracy': 0.8917748917748918, 'metric_average_precision': None, 'metric_balanced_accuracy': 0.8917748917748918, 'metric_brier': 0.16082909203636042, 'metric_ece': 0.04746236183004311, 'metric_log_loss': 0.3156560125179444, 'metric_macro_f1': 0.8896824597697505, 'metric_nll': 0.3156560125179444, 'metric_roc_auc': 0.989959114959115, 'min_labeled_per_class': 7, 'min_selected_confidence': nan, 'n_classes': 7, 'n_features_after_preprocessing': 19, 'n_features_before_preprocessing': 19, 'n_labeled': 50, 'n_pseudo_added_last_iter': nan, 'n_pseudo_added_total': 0, 'n_unlabeled': 1798, 'neural_method': nan, 'neural_validation_strategy': nan, 'pretrain_epochs_trained': nan, 'protocol': 'inductive', 'pseudo_label_class_distribution': nan, 'pseudo_label_fraction': nan, 'reference_family': 'hard-label risk-controlled TFM self-training (not soft LoopTabFM)', 'runtime_seconds': 4.8562, 'seed': 0, 'selected_round': 0, 'self_training_iterations': nan, 'status': 'success', 'stopped_reason': 'total_cap_reached', 'test_class_counts': '{brickface:66,cement:66,foliage:66,grass:66,path:66,sky:66,window:66}', 'test_size': 462, 'timestamp_utc': '2026-07-28T14:51:52.464830+00:00', 'train_labeled_size': 40, 'train_pool_class_counts': '{brickface:264,cement:264,foliage:264,grass:264,path:264,sky:264,window:264}', 'unlabeled_class_counts': '{brickface:256,cement:257,foliage:257,grass:257,path:257,sky:257,window:257}', 'val_class_counts': '{brickface:2,cement:2,foliage:1,grass:1,path:1,sky:1,window:2}', 'val_size': 10, 'validation_strategy': 'stratified_labeled_val'}",,True,
tabpfn3,,,,nogit:245e894de167158e,,12.4,segment,gpu,False,,,3f9236be15390304,,ssl-tfm,"{'cuda_available': True, 'cuda_version': '12.4', 'env_name': None, 'env_prefix': '/private/ofirlin-lab/suissad4/envs/micromamba', 'gpu_count': 1, 'gpu_name': 'NVIDIA A100 80GB PCIe', 'hostname': 'dsiuriofir01', 'packages': {'catboost': '1.2.10', 'lightgbm': '4.7.0', 'numpy': '2.4.6', 'pandas': '3.0.3', 'scikit-learn': '1.9.0', 'tabicl': '2.1.1', 'tabpfn': '8.1.0', 'torch': '2.6.0+cu124', 'xgboost': None}, 'platform': 'Linux-5.14.0-687.15.1.el9_8.x86_64-x86_64-with-glibc2.34', 'python': '3.11.15 | packaged by conda-forge | (main, Jun 11 2026, 03:34:02) [GCC 14.3.0]', 'python_version': '3.11.15', 'torch_available': True, 'torch_version': '2.6.0+cu124'}",,,NVIDIA A100 80GB PCIe,dsiuriofir01,raw,,tabpfn3_self_training,{},44136fa355b3678a,tfm_ssl,novel_experimental,0.9567099567099567,,0.9567099567099567,0.0740854587906176,0.025252125979972048,0.1492481489486523,0.9565226112699446,0.1492481489486523,0.9961738598102234,250,,True,,,,inductive,Iterative hard-label self-training with TabPFN-3,segment__tabpfn3_self_training__s0__n250__deda56eeb8337c23,9.4077,0,49,18893532,9c0a390446a60c1d839601aaeeaa4de606a9ab1ea55a231c91555e3a9486a539,v1_absolute_budget,success,True,2026-07-28T14:51:48.891508+00:00,"{'all_classes_present_in_labeled': True, 'backbone': 'tabpfn3', 'best_epoch': nan, 'best_val_loss': nan, 'dataset': 'segment', 'dataset_id': 36, 'epochs_trained': nan, 'error_message': None, 'fallback_reason': 'loop0', 'final_train_loss': nan, 'finetune_epochs_trained': nan, 'graph_n_neighbors_used': nan, 'graph_n_rows': nan, 'graph_n_unlabeled_used': nan, 'graph_retry_count': nan, 'input_view': 'raw', 'labeled_class_counts': '{brickface:36,cement:36,foliage:36,grass:36,path:36,sky:35,window:35}', 'labeled_classes_present': 7, 'max_labeled_per_class': 36, 'max_selected_confidence': nan, 'mean_selected_confidence': nan, 'mean_selected_density': nan, 'method': 'tabpfn3_self_training', 'method_fidelity': 'novel_experimental', 'metric_accuracy': 0.9567099567099567, 'metric_average_precision': None, 'metric_balanced_accuracy': 0.9567099567099567, 'metric_brier': 0.0740854587906176, 'metric_ece': 0.025252125979972048, 'metric_log_loss': 0.1492481489486523, 'metric_macro_f1': 0.9565226112699446, 'metric_nll': 0.1492481489486523, 'metric_roc_auc': 0.9961738598102234, 'min_labeled_per_class': 35, 'min_selected_confidence': nan, 'n_classes': 7, 'n_features_after_preprocessing': 19, 'n_features_before_preprocessing': 19, 'n_labeled': 250, 'n_pseudo_added_last_iter': nan, 'n_pseudo_added_total': 0, 'n_unlabeled': 1598, 'neural_method': nan, 'neural_validation_strategy': nan, 'pretrain_epochs_trained': nan, 'protocol': 'inductive', 'pseudo_label_class_distribution': nan, 'pseudo_label_fraction': nan, 'reference_family': 'hard-label risk-controlled TFM self-training (not soft LoopTabFM)', 'runtime_seconds': 9.4077, 'seed': 0, 'selected_round': 0, 'self_training_iterations': nan, 'status': 'success', 'stopped_reason': 'total_cap_reached', 'test_class_counts': '{brickface:66,cement:66,foliage:66,grass:66,path:66,sky:66,window:66}', 'test_size': 462, 'timestamp_utc': '2026-07-28T14:51:39.461476+00:00', 'train_labeled_size': 200, 'train_pool_class_counts': '{brickface:264,cement:264,foliage:264,grass:264,path:264,sky:264,window:264}', 'unlabeled_class_counts': '{brickface:228,cement:228,foliage:228,grass:228,path:228,sky:229,window:229}', 'val_class_counts': '{brickface:8,cement:7,foliage:7,grass:7,path:7,sky:7,window:7}', 'val_size': 50, 'validation_strategy': 'stratified_labeled_val'}",,True,
tabpfn3,,,,nogit:245e894de167158e,,12.4,segment,gpu,False,,,3f9236be15390304,,ssl-tfm,"{'cuda_available': True, 'cuda_version': '12.4', 'env_name': None, 'env_prefix': '/private/ofirlin-lab/suissad4/envs/micromamba', 'gpu_count': 1, 'gpu_name': 'NVIDIA A100 80GB PCIe', 'hostname': 'dsiuriofir01', 'packages': {'catboost': '1.2.10', 'lightgbm': '4.7.0', 'numpy': '2.4.6', 'pandas': '3.0.3', 'scikit-learn': '1.9.0', 'tabicl': '2.1.1', 'tabpfn': '8.1.0', 'torch': '2.6.0+cu124', 'xgboost': None}, 'platform': 'Linux-5.14.0-687.15.1.el9_8.x86_64-x86_64-with-glibc2.34', 'python': '3.11.15 | packaged by conda-forge | (main, Jun 11 2026, 03:34:02) [GCC 14.3.0]', 'python_version': '3.11.15', 'torch_available': True, 'torch_version': '2.6.0+cu124'}",,,NVIDIA A100 80GB PCIe,dsiuriofir01,raw,,tabpfn3_self_training,{},44136fa355b3678a,tfm_ssl,novel_experimental,0.8787878787878788,,0.8787878787878788,0.1657301216695748,0.05123999856864907,0.3155181444434634,0.8776464705899644,0.3155181444434634,0.9883903974813065,50,,True,,,,inductive,Iterative hard-label self-training with TabPFN-3,segment__tabpfn3_self_training__s0__n50__f198f5d3bfb9fbac,10.0489,0,48,18893531,9c0a390446a60c1d839601aaeeaa4de606a9ab1ea55a231c91555e3a9486a539,v1_absolute_budget,success,True,2026-07-28T14:51:35.689197+00:00,"{'all_classes_present_in_labeled': True, 'backbone': 'tabpfn3', 'best_epoch': nan, 'best_val_loss': nan, 'dataset': 'segment', 'dataset_id': 36, 'epochs_trained': nan, 'error_message': None, 'fallback_reason': 'loop0', 'final_train_loss': nan, 'finetune_epochs_trained': nan, 'graph_n_neighbors_used': nan, 'graph_n_rows': nan, 'graph_n_unlabeled_used': nan, 'graph_retry_count': nan, 'input_view': 'raw', 'labeled_class_counts': '{brickface:8,cement:7,foliage:7,grass:7,path:7,sky:7,window:7}', 'labeled_classes_present': 7, 'max_labeled_per_class': 8, 'max_selected_confidence': nan, 'mean_selected_confidence': nan, 'mean_selected_density': nan, 'method': 'tabpfn3_self_training', 'method_fidelity': 'novel_experimental', 'metric_accuracy': 0.8787878787878788, 'metric_average_precision': None, 'metric_balanced_accuracy': 0.8787878787878788, 'metric_brier': 0.1657301216695748, 'metric_ece': 0.05123999856864907, 'metric_log_loss': 0.3155181444434634, 'metric_macro_f1': 0.8776464705899644, 'metric_nll': 0.3155181444434634, 'metric_roc_auc': 0.9883903974813065, 'min_labeled_per_class': 7, 'min_selected_confidence': nan, 'n_classes': 7, 'n_features_after_preprocessing': 19, 'n_features_before_preprocessing': 19, 'n_labeled': 50, 'n_pseudo_added_last_iter': nan, 'n_pseudo_added_total': 0, 'n_unlabeled': 1798, 'neural_method': nan, 'neural_validation_strategy': nan, 'pretrain_epochs_trained': nan, 'protocol': 'inductive', 'pseudo_label_class_distribution': nan, 'pseudo_label_fraction': nan, 'reference_family': 'hard-label risk-controlled TFM self-training (not soft LoopTabFM)', 'runtime_seconds': 10.0489, 'seed': 0, 'selected_round': 0, 'self_training_iterations': nan, 'status': 'success', 'stopped_reason': 'total_cap_reached', 'test_class_counts': '{brickface:66,cement:66,foliage:66,grass:66,path:66,sky:66,window:66}', 'test_size': 462, 'timestamp_utc': '2026-07-28T14:51:25.618245+00:00', 'train_labeled_size': 40, 'train_pool_class_counts': '{brickface:264,cement:264,foliage:264,grass:264,path:264,sky:264,window:264}', 'unlabeled_class_counts': '{brickface:256,cement:257,foliage:257,grass:257,path:257,sky:257,window:257}', 'val_class_counts': '{brickface:2,cement:2,foliage:1,grass:1,path:1,sky:1,window:2}', 'val_size': 10, 'validation_strategy': 'stratified_labeled_val'}",,True,
,,,,nogit:245e894de167158e,,12.4,segment,gpu,False,,,3f9236be15390304,,ssl-representation,"{'cuda_available': True, 'cuda_version': '12.4', 'env_name': None, 'env_prefix': '/private/ofirlin-lab/suissad4/envs/micromamba', 'gpu_count': 1, 'gpu_name': 'NVIDIA A100 80GB PCIe', 'hostname': 'dsiuriofir01', 'packages': {'catboost': '1.2.10', 'lightgbm': '4.7.0', 'numpy': '2.4.6', 'pandas': '3.0.3', 'scikit-learn': '1.9.0', 'tabicl': '2.1.1', 'tabpfn': '8.1.0', 'torch': '2.6.0+cu124', 'xgboost': None}, 'platform': 'Linux-5.14.0-687.15.1.el9_8.x86_64-x86_64-with-glibc2.34', 'python': '3.11.15 | packaged by conda-forge | (main, Jun 11 2026, 03:34:02) [GCC 14.3.0]', 'python_version': '3.11.15', 'torch_available': True, 'torch_version': '2.6.0+cu124'}",,,NVIDIA A100 80GB PCIe,dsiuriofir01,processed,,unlabeled_attention_ssl,{},44136fa355b3678a,geometric_ssl,novel_experimental,0.8787878787878788,,0.8787878787878788,0.21507296098426612,0.07852987054880566,0.4492831379882282,0.8785003524198841,0.4492831379882282,0.9795848091302636,250,,True,,,,inductive,Retrieval attention over labeled and unlabeled training memory,segment__unlabeled_attention_ssl__s0__n250__6ce8aa464df9a8af,5.03,0,55,18893538,9c0a390446a60c1d839601aaeeaa4de606a9ab1ea55a231c91555e3a9486a539,v1_absolute_budget,success,True,2026-07-28T14:52:43.401821+00:00,"{'all_classes_present_in_labeled': True, 'best_epoch': 29, 'best_val_loss': 0.2683592773973942, 'dataset': 'segment', 'dataset_id': 36, 'epochs_trained': nan, 'error_message': None, 'final_train_loss': nan, 'finetune_epochs_trained': nan, 'graph_n_neighbors_used': nan, 'graph_n_rows': nan, 'graph_n_unlabeled_used': nan, 'graph_retry_count': nan, 'input_view': 'processed', 'labeled_class_counts': '{brickface:36,cement:36,foliage:36,grass:36,path:36,sky:35,window:35}', 'labeled_classes_present': 7, 'max_labeled_per_class': 36, 'max_selected_confidence': nan, 'mean_selected_confidence': nan, 'mean_selected_density': nan, 'method': 'unlabeled_attention_ssl', 'method_fidelity': 'novel_experimental', 'metric_accuracy': 0.8787878787878788, 'metric_average_precision': None, 'metric_balanced_accuracy': 0.8787878787878788, 'metric_brier': 0.21507296098426612, 'metric_ece': 0.07852987054880566, 'metric_log_loss': 0.4492831379882282, 'metric_macro_f1': 0.8785003524198841, 'metric_nll': 0.4492831379882282, 'metric_roc_auc': 0.9795848091302636, 'min_labeled_per_class': 35, 'min_selected_confidence': nan, 'n_classes': 7, 'n_features_after_preprocessing': 19, 'n_features_before_preprocessing': 19, 'n_labeled': 250, 'n_pseudo_added_last_iter': nan, 'n_pseudo_added_total': nan, 'n_unlabeled': 1598, 'neural_method': nan, 'neural_validation_strategy': nan, 'pretrain_epochs_trained': nan, 'protocol': 'inductive', 'pseudo_label_class_distribution': nan, 'pseudo_label_fraction': nan, 'reference_family': nan, 'runtime_seconds': 5.03, 'seed': 0, 'self_training_iterations': nan, 'status': 'success', 'stopped_reason': nan, 'test_class_counts': '{brickface:66,cement:66,foliage:66,grass:66,path:66,sky:66,window:66}', 'test_size': 462, 'timestamp_utc': '2026-07-28T14:52:38.333124+00:00', 'train_labeled_size': 200, 'train_pool_class_counts': '{brickface:264,cement:264,foliage:264,grass:264,path:264,sky:264,window:264}', 'unlabeled_class_counts': '{brickface:228,cement:228,foliage:228,grass:228,path:228,sky:229,window:229}', 'val_class_counts': '{brickface:8,cement:7,foliage:7,grass:7,path:7,sky:7,window:7}', 'val_size': 50, 'validation_strategy': 'stratified_labeled_val'}",,True,
,,,,nogit:245e894de167158e,,12.4,segment,gpu,False,,,3f9236be15390304,,ssl-representation,"{'cuda_available': True, 'cuda_version': '12.4', 'env_name': None, 'env_prefix': '/private/ofirlin-lab/suissad4/envs/micromamba', 'gpu_count': 1, 'gpu_name': 'NVIDIA A100 80GB PCIe', 'hostname': 'dsiuriofir01', 'packages': {'catboost': '1.2.10', 'lightgbm': '4.7.0', 'numpy': '2.4.6', 'pandas': '3.0.3', 'scikit-learn': '1.9.0', 'tabicl': '2.1.1', 'tabpfn': '8.1.0', 'torch': '2.6.0+cu124', 'xgboost': None}, 'platform': 'Linux-5.14.0-687.15.1.el9_8.x86_64-x86_64-with-glibc2.34', 'python': '3.11.15 | packaged by conda-forge | (main, Jun 11 2026, 03:34:02) [GCC 14.3.0]', 'python_version': '3.11.15', 'torch_available': True, 'torch_version': '2.6.0+cu124'}",,,NVIDIA A100 80GB PCIe,dsiuriofir01,processed,,unlabeled_attention_ssl,{},44136fa355b3678a,geometric_ssl,novel_experimental,0.6558441558441559,,0.655844155844156,0.7198106267962384,0.424294970736101,1.5844561546964298,0.5565670580258105,1.5844561546964298,0.9506974506974507,50,,True,,,,inductive,Retrieval attention over labeled and unlabeled training memory,segment__unlabeled_attention_ssl__s0__n50__8570680d457bbc34,4.6353,0,54,18893537,9c0a390446a60c1d839601aaeeaa4de606a9ab1ea55a231c91555e3a9486a539,v1_absolute_budget,success,True,2026-07-28T14:52:34.874633+00:00,"{'all_classes_present_in_labeled': True, 'best_epoch': 29, 'best_val_loss': 1.526623249053955, 'dataset': 'segment', 'dataset_id': 36, 'epochs_trained': nan, 'error_message': None, 'final_train_loss': nan, 'finetune_epochs_trained': nan, 'graph_n_neighbors_used': nan, 'graph_n_rows': nan, 'graph_n_unlabeled_used': nan, 'graph_retry_count': nan, 'input_view': 'processed', 'labeled_class_counts': '{brickface:8,cement:7,foliage:7,grass:7,path:7,sky:7,window:7}', 'labeled_classes_present': 7, 'max_labeled_per_class': 8, 'max_selected_confidence': nan, 'mean_selected_confidence': nan, 'mean_selected_density': nan, 'method': 'unlabeled_attention_ssl', 'method_fidelity': 'novel_experimental', 'metric_accuracy': 0.6558441558441559, 'metric_average_precision': None, 'metric_balanced_accuracy': 0.655844155844156, 'metric_brier': 0.7198106267962384, 'metric_ece': 0.424294970736101, 'metric_log_loss': 1.5844561546964298, 'metric_macro_f1': 0.5565670580258105, 'metric_nll': 1.5844561546964298, 'metric_roc_auc': 0.9506974506974507, 'min_labeled_per_class': 7, 'min_selected_confidence': nan, 'n_classes': 7, 'n_features_after_preprocessing': 19, 'n_features_before_preprocessing': 19, 'n_labeled': 50, 'n_pseudo_added_last_iter': nan, 'n_pseudo_added_total': nan, 'n_unlabeled': 1798, 'neural_method': nan, 'neural_validation_strategy': nan, 'pretrain_epochs_trained': nan, 'protocol': 'inductive', 'pseudo_label_class_distribution': nan, 'pseudo_label_fraction': nan, 'reference_family': nan, 'runtime_seconds': 4.6353, 'seed': 0, 'self_training_iterations': nan, 'status': 'success', 'stopped_reason': nan, 'test_class_counts': '{brickface:66,cement:66,foliage:66,grass:66,path:66,sky:66,window:66}', 'test_size': 462, 'timestamp_utc': '2026-07-28T14:52:30.194623+00:00', 'train_labeled_size': 40, 'train_pool_class_counts': '{brickface:264,cement:264,foliage:264,grass:264,path:264,sky:264,window:264}', 'unlabeled_class_counts': '{brickface:256,cement:257,foliage:257,grass:257,path:257,sky:257,window:257}', 'val_class_counts': '{brickface:2,cement:2,foliage:1,grass:1,path:1,sky:1,window:2}', 'val_size': 10, 'validation_strategy': 'stratified_labeled_val'}",,True,
,,,,nogit:245e894de167158e,,12.4,spambase,gpu,False,,,3f9236be15390304,,ssl-representation,"{'cuda_available': True, 'cuda_version': '12.4', 'env_name': None, 'env_prefix': '/private/ofirlin-lab/suissad4/envs/micromamba', 'gpu_count': 1, 'gpu_name': 'NVIDIA A100 80GB PCIe', 'hostname': 'dsiuriofir01', 'packages': {'catboost': '1.2.10', 'lightgbm': '4.7.0', 'numpy': '2.4.6', 'pandas': '3.0.3', 'scikit-learn': '1.9.0', 'tabicl': '2.1.1', 'tabpfn': '8.1.0', 'torch': '2.6.0+cu124', 'xgboost': None}, 'platform': 'Linux-5.14.0-687.15.1.el9_8.x86_64-x86_64-with-glibc2.34', 'python': '3.11.15 | packaged by conda-forge | (main, Jun 11 2026, 03:34:02) [GCC 14.3.0]', 'python_version': '3.11.15', 'torch_available': True, 'torch_version': '2.6.0+cu124'}",,,NVIDIA A100 80GB PCIe,dsiuriofir01,processed,,embedding_alignment_ssl,{},44136fa355b3678a,geometric_ssl,novel_experimental,0.9077090119435396,0.9173721152118985,0.9026555881394591,0.16998574980781897,0.08614489309950837,0.3011764585126337,0.9032368111718005,0.3011764585126337,0.9559179280586905,250,,True,,,,inductive,Confidence-weighted class-conditional embedding alignment,spambase__embedding_alignment_ssl__s0__n250__cd63164a7d474c6b,4.5345,0,21,18893504,9c0a390446a60c1d839601aaeeaa4de606a9ab1ea55a231c91555e3a9486a539,v1_absolute_budget,success,True,2026-07-28T14:45:41.293277+00:00,"{'all_classes_present_in_labeled': True, 'best_epoch': 39, 'best_val_loss': 0.3523612320423126, 'dataset': 'spambase', 'dataset_id': 44, 'epochs_trained': nan, 'error_message': None, 'final_train_loss': nan, 'finetune_epochs_trained': nan, 'graph_n_neighbors_used': nan, 'graph_n_rows': nan, 'graph_n_unlabeled_used': nan, 'graph_retry_count': nan, 'input_view': 'processed', 'labeled_class_counts': '{0:150,1:100}', 'labeled_classes_present': 2, 'max_labeled_per_class': 150, 'max_selected_confidence': nan, 'mean_selected_confidence': nan, 'mean_selected_density': nan, 'method': 'embedding_alignment_ssl', 'method_fidelity': 'novel_experimental', 'metric_accuracy': 0.9077090119435396, 'metric_average_precision': 0.9173721152118985, 'metric_balanced_accuracy': 0.9026555881394591, 'metric_brier': 0.16998574980781897, 'metric_ece': 0.08614489309950837, 'metric_log_loss': 0.3011764585126337, 'metric_macro_f1': 0.9032368111718005, 'metric_nll': 0.3011764585126337, 'metric_roc_auc': 0.9559179280586905, 'min_labeled_per_class': 100, 'min_selected_confidence': nan, 'n_classes': 2, 'n_features_after_preprocessing': 57, 'n_features_before_preprocessing': 57, 'n_labeled': 250, 'n_pseudo_added_last_iter': nan, 'n_pseudo_added_total': nan, 'n_unlabeled': 3430, 'neural_method': nan, 'neural_validation_strategy': nan, 'pretrain_epochs_trained': nan, 'protocol': 'inductive', 'pseudo_label_class_distribution': nan, 'pseudo_label_fraction': nan, 'reference_family': nan, 'runtime_seconds': 4.5345, 'seed': 0, 'self_training_iterations': nan, 'status': 'success', 'stopped_reason': nan, 'test_class_counts': '{0:558,1:363}', 'test_size': 921, 'timestamp_utc': '2026-07-28T14:45:36.712885+00:00', 'train_labeled_size': 200, 'train_pool_class_counts': '{0:2230,1:1450}', 'unlabeled_class_counts': '{0:2080,1:1350}', 'val_class_counts': '{0:30,1:20}', 'val_size': 50, 'validation_strategy': 'stratified_labeled_val'}",,True,
,,,,nogit:245e894de167158e,,12.4,spambase,gpu,False,,,3f9236be15390304,,ssl-representation,"{'cuda_available': True, 'cuda_version': '12.4', 'env_name': None, 'env_prefix': '/private/ofirlin-lab/suissad4/envs/micromamba', 'gpu_count': 1, 'gpu_name': 'NVIDIA A100 80GB PCIe', 'hostname': 'dsiuriofir01', 'packages': {'catboost': '1.2.10', 'lightgbm': '4.7.0', 'numpy': '2.4.6', 'pandas': '3.0.3', 'scikit-learn': '1.9.0', 'tabicl': '2.1.1', 'tabpfn': '8.1.0', 'torch': '2.6.0+cu124', 'xgboost': None}, 'platform': 'Linux-5.14.0-687.15.1.el9_8.x86_64-x86_64-with-glibc2.34', 'python': '3.11.15 | packaged by conda-forge | (main, Jun 11 2026, 03:34:02) [GCC 14.3.0]', 'python_version': '3.11.15', 'torch_available': True, 'torch_version': '2.6.0+cu124'}",,,NVIDIA A100 80GB PCIe,dsiuriofir01,processed,,embedding_alignment_ssl,{},44136fa355b3678a,geometric_ssl,novel_experimental,0.8838219326818675,0.9004088827268538,0.8636882016647413,0.2380279557579153,0.14852619067594877,0.393015806710147,0.8740943267259056,0.393015806710147,0.9397148414743723,50,,True,,,,inductive,Confidence-weighted class-conditional embedding alignment,spambase__embedding_alignment_ssl__s0__n50__3f234fa0324c7812,4.4858,0,20,18893503,9c0a390446a60c1d839601aaeeaa4de606a9ab1ea55a231c91555e3a9486a539,v1_absolute_budget,success,True,2026-07-28T14:45:32.020445+00:00,"{'all_classes_present_in_labeled': True, 'best_epoch': 39, 'best_val_loss': 0.49503517150878906, 'dataset': 'spambase', 'dataset_id': 44, 'epochs_trained': nan, 'error_message': None, 'final_train_loss': nan, 'finetune_epochs_trained': nan, 'graph_n_neighbors_used': nan, 'graph_n_rows': nan, 'graph_n_unlabeled_used': nan, 'graph_retry_count': nan, 'input_view': 'processed', 'labeled_class_counts': '{0:30,1:20}', 'labeled_classes_present': 2, 'max_labeled_per_class': 30, 'max_selected_confidence': nan, 'mean_selected_confidence': nan, 'mean_selected_density': nan, 'method': 'embedding_alignment_ssl', 'method_fidelity': 'novel_experimental', 'metric_accuracy': 0.8838219326818675, 'metric_average_precision': 0.9004088827268538, 'metric_balanced_accuracy': 0.8636882016647413, 'metric_brier': 0.2380279557579153, 'metric_ece': 0.14852619067594877, 'metric_log_loss': 0.393015806710147, 'metric_macro_f1': 0.8740943267259056, 'metric_nll': 0.393015806710147, 'metric_roc_auc': 0.9397148414743723, 'min_labeled_per_class': 20, 'min_selected_confidence': nan, 'n_classes': 2, 'n_features_after_preprocessing': 57, 'n_features_before_preprocessing': 57, 'n_labeled': 50, 'n_pseudo_added_last_iter': nan, 'n_pseudo_added_total': nan, 'n_unlabeled': 3630, 'neural_method': nan, 'neural_validation_strategy': nan, 'pretrain_epochs_trained': nan, 'protocol': 'inductive', 'pseudo_label_class_distribution': nan, 'pseudo_label_fraction': nan, 'reference_family': nan, 'runtime_seconds': 4.4858, 'seed': 0, 'self_training_iterations': nan, 'status': 'success', 'stopped_reason': nan, 'test_class_counts': '{0:558,1:363}', 'test_size': 921, 'timestamp_utc': '2026-07-28T14:45:27.488978+00:00', 'train_labeled_size': 40, 'train_pool_class_counts': '{0:2230,1:1450}', 'unlabeled_class_counts': '{0:2200,1:1430}', 'val_class_counts': '{0:6,1:4}', 'val_size': 10, 'validation_strategy': 'stratified_labeled_val'}",,True,
,,,,nogit:245e894de167158e,,12.4,spambase,gpu,False,,,3f9236be15390304,,ssl-representation,"{'cuda_available': True, 'cuda_version': '12.4', 'env_name': None, 'env_prefix': '/private/ofirlin-lab/suissad4/envs/micromamba', 'gpu_count': 1, 'gpu_name': 'NVIDIA A100 80GB PCIe', 'hostname': 'dsiuriofir01', 'packages': {'catboost': '1.2.10', 'lightgbm': '4.7.0', 'numpy': '2.4.6', 'pandas': '3.0.3', 'scikit-learn': '1.9.0', 'tabicl': '2.1.1', 'tabpfn': '8.1.0', 'torch': '2.6.0+cu124', 'xgboost': None}, 'platform': 'Linux-5.14.0-687.15.1.el9_8.x86_64-x86_64-with-glibc2.34', 'python': '3.11.15 | packaged by conda-forge | (main, Jun 11 2026, 03:34:02) [GCC 14.3.0]', 'python_version': '3.11.15', 'torch_available': True, 'torch_version': '2.6.0+cu124'}",,,NVIDIA A100 80GB PCIe,dsiuriofir01,processed,,geometric_attention_ssl,{'max_epochs': 20},f91f182ea85952e6,geometric_ssl,novel_experimental,0.8838219326818675,0.8895237922380608,0.8713898515951302,0.2892545453646166,0.21667299801625411,0.4718517662341687,0.8765175768891005,0.4718517662341687,0.9421981298814144,250,,True,,,,inductive,Combined geometric-attention SSL,spambase__geometric_attention_ssl__s0__n250__a06439d04a6a2441,7.9838,0,23,18893506,9c0a390446a60c1d839601aaeeaa4de606a9ab1ea55a231c91555e3a9486a539,v1_absolute_budget,success,True,2026-07-28T14:46:05.422282+00:00,"{'all_classes_present_in_labeled': True, 'best_epoch': 8, 'best_val_loss': 0.5078909993171692, 'dataset': 'spambase', 'dataset_id': 44, 'epochs_trained': 13, 'error_message': None, 'final_train_loss': nan, 'finetune_epochs_trained': nan, 'graph_n_neighbors_used': nan, 'graph_n_rows': nan, 'graph_n_unlabeled_used': nan, 'graph_retry_count': nan, 'input_view': 'processed', 'labeled_class_counts': '{0:150,1:100}', 'labeled_classes_present': 2, 'max_labeled_per_class': 150, 'max_selected_confidence': nan, 'mean_selected_confidence': nan, 'mean_selected_density': nan, 'method': 'geometric_attention_ssl', 'method_fidelity': 'reimplementation', 'metric_accuracy': 0.8838219326818675, 'metric_average_precision': 0.8895237922380608, 'metric_balanced_accuracy': 0.8713898515951302, 'metric_brier': 0.2892545453646166, 'metric_ece': 0.21667299801625411, 'metric_log_loss': 0.4718517662341687, 'metric_macro_f1': 0.8765175768891005, 'metric_nll': 0.4718517662341687, 'metric_roc_auc': 0.9421981298814144, 'min_labeled_per_class': 100, 'min_selected_confidence': nan, 'n_classes': 2, 'n_features_after_preprocessing': 57, 'n_features_before_preprocessing': 57, 'n_labeled': 250, 'n_pseudo_added_last_iter': nan, 'n_pseudo_added_total': nan, 'n_unlabeled': 3430, 'neural_method': nan, 'neural_validation_strategy': 'external_val', 'pretrain_epochs_trained': nan, 'protocol': 'inductive', 'pseudo_label_class_distribution': nan, 'pseudo_label_fraction': nan, 'reference_family': 'Geometric attention SSL', 'runtime_seconds': 7.9838, 'seed': 0, 'self_training_iterations': nan, 'status': 'success', 'stopped_reason': nan, 'test_class_counts': '{0:558,1:363}', 'test_size': 921, 'timestamp_utc': '2026-07-28T14:45:57.408488+00:00', 'train_labeled_size': 200, 'train_pool_class_counts': '{0:2230,1:1450}', 'unlabeled_class_counts': '{0:2080,1:1350}', 'val_class_counts': '{0:30,1:20}', 'val_size': 50, 'validation_strategy': 'stratified_labeled_val'}",,True,
,,,,nogit:245e894de167158e,,12.4,spambase,gpu,False,,,3f9236be15390304,,ssl-representation,"{'cuda_available': True, 'cuda_version': '12.4', 'env_name': None, 'env_prefix': '/private/ofirlin-lab/suissad4/envs/micromamba', 'gpu_count': 1, 'gpu_name': 'NVIDIA A100 80GB PCIe', 'hostname': 'dsiuriofir01', 'packages': {'catboost': '1.2.10', 'lightgbm': '4.7.0', 'numpy': '2.4.6', 'pandas': '3.0.3', 'scikit-learn': '1.9.0', 'tabicl': '2.1.1', 'tabpfn': '8.1.0', 'torch': '2.6.0+cu124', 'xgboost': None}, 'platform': 'Linux-5.14.0-687.15.1.el9_8.x86_64-x86_64-with-glibc2.34', 'python': '3.11.15 | packaged by conda-forge | (main, Jun 11 2026, 03:34:02) [GCC 14.3.0]', 'python_version': '3.11.15', 'torch_available': True, 'torch_version': '2.6.0+cu124'}",,,NVIDIA A100 80GB PCIe,dsiuriofir01,processed,,geometric_attention_ssl,{'max_epochs': 20},f91f182ea85952e6,geometric_ssl,novel_experimental,0.7079261672095548,0.8512733626184946,0.633327408987233,0.38479894297929945,0.14460904717240886,0.5712557882041741,0.6173979247517902,0.5712557882041741,0.8984665817510392,50,,True,,,,inductive,Combined geometric-attention SSL,spambase__geometric_attention_ssl__s0__n50__750c1a8fa7389a2d,6.3672,0,22,18893505,9c0a390446a60c1d839601aaeeaa4de606a9ab1ea55a231c91555e3a9486a539,v1_absolute_budget,success,True,2026-07-28T14:45:52.392952+00:00,"{'all_classes_present_in_labeled': True, 'best_epoch': 20, 'best_val_loss': 0.5692008137702942, 'dataset': 'spambase', 'dataset_id': 44, 'epochs_trained': 20, 'error_message': None, 'final_train_loss': nan, 'finetune_epochs_trained': nan, 'graph_n_neighbors_used': nan, 'graph_n_rows': nan, 'graph_n_unlabeled_used': nan, 'graph_retry_count': nan, 'input_view': 'processed', 'labeled_class_counts': '{0:30,1:20}', 'labeled_classes_present': 2, 'max_labeled_per_class': 30, 'max_selected_confidence': nan, 'mean_selected_confidence': nan, 'mean_selected_density': nan, 'method': 'geometric_attention_ssl', 'method_fidelity': 'reimplementation', 'metric_accuracy': 0.7079261672095548, 'metric_average_precision': 0.8512733626184946, 'metric_balanced_accuracy': 0.633327408987233, 'metric_brier': 0.38479894297929945, 'metric_ece': 0.14460904717240886, 'metric_log_loss': 0.5712557882041741, 'metric_macro_f1': 0.6173979247517902, 'metric_nll': 0.5712557882041741, 'metric_roc_auc': 0.8984665817510392, 'min_labeled_per_class': 20, 'min_selected_confidence': nan, 'n_classes': 2, 'n_features_after_preprocessing': 57, 'n_features_before_preprocessing': 57, 'n_labeled': 50, 'n_pseudo_added_last_iter': nan, 'n_pseudo_added_total': nan, 'n_unlabeled': 3630, 'neural_method': nan, 'neural_validation_strategy': 'external_val', 'pretrain_epochs_trained': nan, 'protocol': 'inductive', 'pseudo_label_class_distribution': nan, 'pseudo_label_fraction': nan, 'reference_family': 'Geometric attention SSL', 'runtime_seconds': 6.3672, 'seed': 0, 'self_training_iterations': nan, 'status': 'success', 'stopped_reason': nan, 'test_class_counts': '{0:558,1:363}', 'test_size': 921, 'timestamp_utc': '2026-07-28T14:45:45.997609+00:00', 'train_labeled_size': 40, 'train_pool_class_counts': '{0:2230,1:1450}', 'unlabeled_class_counts': '{0:2200,1:1430}', 'val_class_counts': '{0:6,1:4}', 'val_size': 10, 'validation_strategy': 'stratified_labeled_val'}",,True,
,,,,nogit:245e894de167158e,,12.4,spambase,gpu,False,,,3f9236be15390304,,ssl-representation,"{'cuda_available': True, 'cuda_version': '12.4', 'env_name': None, 'env_prefix': '/private/ofirlin-lab/suissad4/envs/micromamba', 'gpu_count': 1, 'gpu_name': 'NVIDIA A100 80GB PCIe', 'hostname': 'dsiuriofir01', 'packages': {'catboost': '1.2.10', 'lightgbm': '4.7.0', 'numpy': '2.4.6', 'pandas': '3.0.3', 'scikit-learn': '1.9.0', 'tabicl': '2.1.1', 'tabpfn': '8.1.0', 'torch': '2.6.0+cu124', 'xgboost': None}, 'platform': 'Linux-5.14.0-687.15.1.el9_8.x86_64-x86_64-with-glibc2.34', 'python': '3.11.15 | packaged by conda-forge | (main, Jun 11 2026, 03:34:02) [GCC 14.3.0]', 'python_version': '3.11.15', 'torch_available': True, 'torch_version': '2.6.0+cu124'}",,,NVIDIA A100 80GB PCIe,dsiuriofir01,processed,,laplacian_ssl,{},44136fa355b3678a,geometric_ssl,paper_core,0.9077090119435396,0.9017889208777651,0.9084318255872508,0.1490724227941648,0.04926419634763396,0.29062206237621546,0.9042929709706405,0.29062206237621546,0.9550144652783948,250,,True,,,,inductive,Sparse Laplacian-regularized MLP,spambase__laplacian_ssl__s0__n250__1c69cdb142cdc531,5.2123,0,17,18893500,9c0a390446a60c1d839601aaeeaa4de606a9ab1ea55a231c91555e3a9486a539,v1_absolute_budget,success,True,2026-07-28T14:45:04.651799+00:00,"{'all_classes_present_in_labeled': True, 'best_epoch': 30, 'best_val_loss': 0.2821374833583832, 'dataset': 'spambase', 'dataset_id': 44, 'epochs_trained': 30, 'error_message': None, 'final_train_loss': nan, 'finetune_epochs_trained': nan, 'graph_n_neighbors_used': nan, 'graph_n_rows': nan, 'graph_n_unlabeled_used': nan, 'graph_retry_count': nan, 'input_view': 'processed', 'labeled_class_counts': '{0:150,1:100}', 'labeled_classes_present': 2, 'max_labeled_per_class': 150, 'max_selected_confidence': nan, 'mean_selected_confidence': nan, 'mean_selected_density': nan, 'method': 'laplacian_ssl', 'method_fidelity': 'reimplementation', 'metric_accuracy': 0.9077090119435396, 'metric_average_precision': 0.9017889208777651, 'metric_balanced_accuracy': 0.9084318255872508, 'metric_brier': 0.1490724227941648, 'metric_ece': 0.04926419634763396, 'metric_log_loss': 0.29062206237621546, 'metric_macro_f1': 0.9042929709706405, 'metric_nll': 0.29062206237621546, 'metric_roc_auc': 0.9550144652783948, 'min_labeled_per_class': 100, 'min_selected_confidence': nan, 'n_classes': 2, 'n_features_after_preprocessing': 57, 'n_features_before_preprocessing': 57, 'n_labeled': 250, 'n_pseudo_added_last_iter': nan, 'n_pseudo_added_total': nan, 'n_unlabeled': 3430, 'neural_method': nan, 'neural_validation_strategy': 'external_val', 'pretrain_epochs_trained': nan, 'protocol': 'inductive', 'pseudo_label_class_distribution': nan, 'pseudo_label_fraction': nan, 'reference_family': 'Laplacian / graph SSL', 'runtime_seconds': 5.2123, 'seed': 0, 'self_training_iterations': nan, 'status': 'success', 'stopped_reason': nan, 'test_class_counts': '{0:558,1:363}', 'test_size': 921, 'timestamp_utc': '2026-07-28T14:44:59.395069+00:00', 'train_labeled_size': 200, 'train_pool_class_counts': '{0:2230,1:1450}', 'unlabeled_class_counts': '{0:2080,1:1350}', 'val_class_counts': '{0:30,1:20}', 'val_size': 50, 'validation_strategy': 'stratified_labeled_val'}",,True,
,,,,nogit:245e894de167158e,,12.4,spambase,gpu,False,,,3f9236be15390304,,ssl-representation,"{'cuda_available': True, 'cuda_version': '12.4', 'env_name': None, 'env_prefix': '/private/ofirlin-lab/suissad4/envs/micromamba', 'gpu_count': 1, 'gpu_name': 'NVIDIA A100 80GB PCIe', 'hostname': 'dsiuriofir01', 'packages': {'catboost': '1.2.10', 'lightgbm': '4.7.0', 'numpy': '2.4.6', 'pandas': '3.0.3', 'scikit-learn': '1.9.0', 'tabicl': '2.1.1', 'tabpfn': '8.1.0', 'torch': '2.6.0+cu124', 'xgboost': None}, 'platform': 'Linux-5.14.0-687.15.1.el9_8.x86_64-x86_64-with-glibc2.34', 'python': '3.11.15 | packaged by conda-forge | (main, Jun 11 2026, 03:34:02) [GCC 14.3.0]', 'python_version': '3.11.15', 'torch_available': True, 'torch_version': '2.6.0+cu124'}",,,NVIDIA A100 80GB PCIe,dsiuriofir01,processed,,laplacian_ssl,{},44136fa355b3678a,geometric_ssl,paper_core,0.8566775244299675,0.8788034243561673,0.8258834681122071,0.2946476629584557,0.17727640715139534,0.463653933946086,0.840292374306373,0.463653933946086,0.9233438984172122,50,,True,,,,inductive,Sparse Laplacian-regularized MLP,spambase__laplacian_ssl__s0__n50__f90bb4d7219e0c8f,4.8757,0,16,18893499,9c0a390446a60c1d839601aaeeaa4de606a9ab1ea55a231c91555e3a9486a539,v1_absolute_budget,success,True,2026-07-28T14:44:54.581204+00:00,"{'all_classes_present_in_labeled': True, 'best_epoch': 30, 'best_val_loss': 0.5170559287071228, 'dataset': 'spambase', 'dataset_id': 44, 'epochs_trained': 30, 'error_message': None, 'final_train_loss': nan, 'finetune_epochs_trained': nan, 'graph_n_neighbors_used': nan, 'graph_n_rows': nan, 'graph_n_unlabeled_used': nan, 'graph_retry_count': nan, 'input_view': 'processed', 'labeled_class_counts': '{0:30,1:20}', 'labeled_classes_present': 2, 'max_labeled_per_class': 30, 'max_selected_confidence': nan, 'mean_selected_confidence': nan, 'mean_selected_density': nan, 'method': 'laplacian_ssl', 'method_fidelity': 'reimplementation', 'metric_accuracy': 0.8566775244299675, 'metric_average_precision': 0.8788034243561673, 'metric_balanced_accuracy': 0.8258834681122071, 'metric_brier': 0.2946476629584557, 'metric_ece': 0.17727640715139534, 'metric_log_loss': 0.463653933946086, 'metric_macro_f1': 0.840292374306373, 'metric_nll': 0.463653933946086, 'metric_roc_auc': 0.9233438984172122, 'min_labeled_per_class': 20, 'min_selected_confidence': nan, 'n_classes': 2, 'n_features_after_preprocessing': 57, 'n_features_before_preprocessing': 57, 'n_labeled': 50, 'n_pseudo_added_last_iter': nan, 'n_pseudo_added_total': nan, 'n_unlabeled': 3630, 'neural_method': nan, 'neural_validation_strategy': 'external_val', 'pretrain_epochs_trained': nan, 'protocol': 'inductive', 'pseudo_label_class_distribution': nan, 'pseudo_label_fraction': nan, 'reference_family': 'Laplacian / graph SSL', 'runtime_seconds': 4.8757, 'seed': 0, 'self_training_iterations': nan, 'status': 'success', 'stopped_reason': nan, 'test_class_counts': '{0:558,1:363}', 'test_size': 921, 'timestamp_utc': '2026-07-28T14:44:49.661431+00:00', 'train_labeled_size': 40, 'train_pool_class_counts': '{0:2230,1:1450}', 'unlabeled_class_counts': '{0:2200,1:1430}', 'val_class_counts': '{0:6,1:4}', 'val_size': 10, 'validation_strategy': 'stratified_labeled_val'}",,True,
tabiclv2,,,,nogit:245e894de167158e,,12.4,spambase,gpu,False,,,3f9236be15390304,,ssl-tfm,"{'cuda_available': True, 'cuda_version': '12.4', 'env_name': None, 'env_prefix': '/private/ofirlin-lab/suissad4/envs/micromamba', 'gpu_count': 1, 'gpu_name': 'NVIDIA A100 80GB PCIe', 'hostname': 'dsiuriofir01', 'packages': {'catboost': '1.2.10', 'lightgbm': '4.7.0', 'numpy': '2.4.6', 'pandas': '3.0.3', 'scikit-learn': '1.9.0', 'tabicl': '2.1.1', 'tabpfn': '8.1.0', 'torch': '2.6.0+cu124', 'xgboost': None}, 'platform': 'Linux-5.14.0-687.15.1.el9_8.x86_64-x86_64-with-glibc2.34', 'python': '3.11.15 | packaged by conda-forge | (main, Jun 11 2026, 03:34:02) [GCC 14.3.0]', 'python_version': '3.11.15', 'torch_available': True, 'torch_version': '2.6.0+cu124'}",,,NVIDIA A100 80GB PCIe,dsiuriofir01,raw,,tabiclv2_self_training,{},44136fa355b3678a,tfm_ssl,novel_experimental,0.9381107491856677,0.9682332738510323,0.9378536094078616,0.10168817871905923,0.02052182986928101,0.1838147703263123,0.9355378598574384,0.1838147703263123,0.9795560689988841,250,,True,,,,inductive,Iterative hard-label self-training with TabICLv2,spambase__tabiclv2_self_training__s0__n250__04f0f7df25df2b13,6.5385,0,15,18893498,9c0a390446a60c1d839601aaeeaa4de606a9ab1ea55a231c91555e3a9486a539,v1_absolute_budget,success,True,2026-07-28T14:44:45.151597+00:00,"{'all_classes_present_in_labeled': True, 'backbone': 'tabiclv2', 'best_epoch': nan, 'best_val_loss': nan, 'dataset': 'spambase', 'dataset_id': 44, 'epochs_trained': nan, 'error_message': None, 'fallback_reason': 'loop0', 'final_train_loss': nan, 'finetune_epochs_trained': nan, 'graph_n_neighbors_used': nan, 'graph_n_rows': nan, 'graph_n_unlabeled_used': nan, 'graph_retry_count': nan, 'input_view': 'raw', 'labeled_class_counts': '{0:150,1:100}', 'labeled_classes_present': 2, 'max_labeled_per_class': 150, 'max_selected_confidence': nan, 'mean_selected_confidence': nan, 'mean_selected_density': nan, 'method': 'tabiclv2_self_training', 'method_fidelity': 'novel_experimental', 'metric_accuracy': 0.9381107491856677, 'metric_average_precision': 0.9682332738510323, 'metric_balanced_accuracy': 0.9378536094078616, 'metric_brier': 0.10168817871905923, 'metric_ece': 0.02052182986928101, 'metric_log_loss': 0.1838147703263123, 'metric_macro_f1': 0.9355378598574384, 'metric_nll': 0.1838147703263123, 'metric_roc_auc': 0.9795560689988841, 'min_labeled_per_class': 100, 'min_selected_confidence': nan, 'n_classes': 2, 'n_features_after_preprocessing': 57, 'n_features_before_preprocessing': 57, 'n_labeled': 250, 'n_pseudo_added_last_iter': nan, 'n_pseudo_added_total': 0, 'n_unlabeled': 3430, 'neural_method': nan, 'neural_validation_strategy': nan, 'pretrain_epochs_trained': nan, 'protocol': 'inductive', 'pseudo_label_class_distribution': nan, 'pseudo_label_fraction': nan, 'reference_family': 'hard-label risk-controlled TFM self-training (not soft LoopTabFM)', 'runtime_seconds': 6.5385, 'seed': 0, 'selected_round': 0, 'self_training_iterations': nan, 'status': 'success', 'stopped_reason': 'total_cap_reached', 'test_class_counts': '{0:558,1:363}', 'test_size': 921, 'timestamp_utc': '2026-07-28T14:44:38.593793+00:00', 'train_labeled_size': 200, 'train_pool_class_counts': '{0:2230,1:1450}', 'unlabeled_class_counts': '{0:2080,1:1350}', 'val_class_counts': '{0:30,1:20}', 'val_size': 50, 'validation_strategy': 'stratified_labeled_val'}",,True,
tabiclv2,,,,nogit:245e894de167158e,,12.4,spambase,gpu,False,,,3f9236be15390304,,ssl-tfm,"{'cuda_available': True, 'cuda_version': '12.4', 'env_name': None, 'env_prefix': '/private/ofirlin-lab/suissad4/envs/micromamba', 'gpu_count': 1, 'gpu_name': 'NVIDIA A100 80GB PCIe', 'hostname': 'dsiuriofir01', 'packages': {'catboost': '1.2.10', 'lightgbm': '4.7.0', 'numpy': '2.4.6', 'pandas': '3.0.3', 'scikit-learn': '1.9.0', 'tabicl': '2.1.1', 'tabpfn': '8.1.0', 'torch': '2.6.0+cu124', 'xgboost': None}, 'platform': 'Linux-5.14.0-687.15.1.el9_8.x86_64-x86_64-with-glibc2.34', 'python': '3.11.15 | packaged by conda-forge | (main, Jun 11 2026, 03:34:02) [GCC 14.3.0]', 'python_version': '3.11.15', 'torch_available': True, 'torch_version': '2.6.0+cu124'}",,,NVIDIA A100 80GB PCIe,dsiuriofir01,raw,,tabiclv2_self_training,{},44136fa355b3678a,tfm_ssl,novel_experimental,0.8968512486427795,0.9424187544780138,0.897545839627951,0.15219741101876902,0.037478082990969455,0.26221472290360825,0.893123738024594,0.26221472290360825,0.9604352419601687,50,,True,,,,inductive,Iterative hard-label self-training with TabICLv2,spambase__tabiclv2_self_training__s0__n50__00b19f1e6fbfa59e,7.4921,0,14,18893497,9c0a390446a60c1d839601aaeeaa4de606a9ab1ea55a231c91555e3a9486a539,v1_absolute_budget,success,True,2026-07-28T14:44:34.223239+00:00,"{'all_classes_present_in_labeled': True, 'backbone': 'tabiclv2', 'best_epoch': nan, 'best_val_loss': nan, 'dataset': 'spambase', 'dataset_id': 44, 'epochs_trained': nan, 'error_message': None, 'fallback_reason': 'loop0', 'final_train_loss': nan, 'finetune_epochs_trained': nan, 'graph_n_neighbors_used': nan, 'graph_n_rows': nan, 'graph_n_unlabeled_used': nan, 'graph_retry_count': nan, 'input_view': 'raw', 'labeled_class_counts': '{0:30,1:20}', 'labeled_classes_present': 2, 'max_labeled_per_class': 30, 'max_selected_confidence': nan, 'mean_selected_confidence': nan, 'mean_selected_density': nan, 'method': 'tabiclv2_self_training', 'method_fidelity': 'novel_experimental', 'metric_accuracy': 0.8968512486427795, 'metric_average_precision': 0.9424187544780138, 'metric_balanced_accuracy': 0.897545839627951, 'metric_brier': 0.15219741101876902, 'metric_ece': 0.037478082990969455, 'metric_log_loss': 0.26221472290360825, 'metric_macro_f1': 0.893123738024594, 'metric_nll': 0.26221472290360825, 'metric_roc_auc': 0.9604352419601687, 'min_labeled_per_class': 20, 'min_selected_confidence': nan, 'n_classes': 2, 'n_features_after_preprocessing': 57, 'n_features_before_preprocessing': 57, 'n_labeled': 50, 'n_pseudo_added_last_iter': nan, 'n_pseudo_added_total': 0, 'n_unlabeled': 3630, 'neural_method': nan, 'neural_validation_strategy': nan, 'pretrain_epochs_trained': nan, 'protocol': 'inductive', 'pseudo_label_class_distribution': nan, 'pseudo_label_fraction': nan, 'reference_family': 'hard-label risk-controlled TFM self-training (not soft LoopTabFM)', 'runtime_seconds': 7.4921, 'seed': 0, 'selected_round': 0, 'self_training_iterations': nan, 'status': 'success', 'stopped_reason': 'total_cap_reached', 'test_class_counts': '{0:558,1:363}', 'test_size': 921, 'timestamp_utc': '2026-07-28T14:44:26.712127+00:00', 'train_labeled_size': 40, 'train_pool_class_counts': '{0:2230,1:1450}', 'unlabeled_class_counts': '{0:2200,1:1430}', 'val_class_counts': '{0:6,1:4}', 'val_size': 10, 'validation_strategy': 'stratified_labeled_val'}",,True,
tabpfn3,,,,nogit:245e894de167158e,,12.4,spambase,gpu,False,,,3f9236be15390304,,ssl-tfm,"{'cuda_available': True, 'cuda_version': '12.4', 'env_name': None, 'env_prefix': '/private/ofirlin-lab/suissad4/envs/micromamba', 'gpu_count': 1, 'gpu_name': 'NVIDIA A100 80GB PCIe', 'hostname': 'dsiuriofir01', 'packages': {'catboost': '1.2.10', 'lightgbm': '4.7.0', 'numpy': '2.4.6', 'pandas': '3.0.3', 'scikit-learn': '1.9.0', 'tabicl': '2.1.1', 'tabpfn': '8.1.0', 'torch': '2.6.0+cu124', 'xgboost': None}, 'platform': 'Linux-5.14.0-687.15.1.el9_8.x86_64-x86_64-with-glibc2.34', 'python': '3.11.15 | packaged by conda-forge | (main, Jun 11 2026, 03:34:02) [GCC 14.3.0]', 'python_version': '3.11.15', 'torch_available': True, 'torch_version': '2.6.0+cu124'}",,,NVIDIA A100 80GB PCIe,dsiuriofir01,raw,,tabpfn3_self_training,{},44136fa355b3678a,tfm_ssl,novel_experimental,0.9283387622149837,0.9667921549167997,0.9302704463994786,0.1038504996297984,0.01685636128676863,0.1914758096443532,0.9257178191203355,0.1914758096443532,0.9785489301618333,250,,True,,,,inductive,Iterative hard-label self-training with TabPFN-3,spambase__tabpfn3_self_training__s0__n250__d53c3fa195026e40,12.4262,0,13,18893496,9c0a390446a60c1d839601aaeeaa4de606a9ab1ea55a231c91555e3a9486a539,v1_absolute_budget,success,True,2026-07-28T14:44:21.983521+00:00,"{'all_classes_present_in_labeled': True, 'backbone': 'tabpfn3', 'best_epoch': nan, 'best_val_loss': nan, 'dataset': 'spambase', 'dataset_id': 44, 'epochs_trained': nan, 'error_message': None, 'fallback_reason': 'loop0', 'final_train_loss': nan, 'finetune_epochs_trained': nan, 'graph_n_neighbors_used': nan, 'graph_n_rows': nan, 'graph_n_unlabeled_used': nan, 'graph_retry_count': nan, 'input_view': 'raw', 'labeled_class_counts': '{0:150,1:100}', 'labeled_classes_present': 2, 'max_labeled_per_class': 150, 'max_selected_confidence': nan, 'mean_selected_confidence': nan, 'mean_selected_density': nan, 'method': 'tabpfn3_self_training', 'method_fidelity': 'novel_experimental', 'metric_accuracy': 0.9283387622149837, 'metric_average_precision': 0.9667921549167997, 'metric_balanced_accuracy': 0.9302704463994786, 'metric_brier': 0.1038504996297984, 'metric_ece': 0.01685636128676863, 'metric_log_loss': 0.1914758096443532, 'metric_macro_f1': 0.9257178191203355, 'metric_nll': 0.1914758096443532, 'metric_roc_auc': 0.9785489301618333, 'min_labeled_per_class': 100, 'min_selected_confidence': nan, 'n_classes': 2, 'n_features_after_preprocessing': 57, 'n_features_before_preprocessing': 57, 'n_labeled': 250, 'n_pseudo_added_last_iter': nan, 'n_pseudo_added_total': 0, 'n_unlabeled': 3430, 'neural_method': nan, 'neural_validation_strategy': nan, 'pretrain_epochs_trained': nan, 'protocol': 'inductive', 'pseudo_label_class_distribution': nan, 'pseudo_label_fraction': nan, 'reference_family': 'hard-label risk-controlled TFM self-training (not soft LoopTabFM)', 'runtime_seconds': 12.4262, 'seed': 0, 'selected_round': 0, 'self_training_iterations': nan, 'status': 'success', 'stopped_reason': 'total_cap_reached', 'test_class_counts': '{0:558,1:363}', 'test_size': 921, 'timestamp_utc': '2026-07-28T14:44:09.536927+00:00', 'train_labeled_size': 200, 'train_pool_class_counts': '{0:2230,1:1450}', 'unlabeled_class_counts': '{0:2080,1:1350}', 'val_class_counts': '{0:30,1:20}', 'val_size': 50, 'validation_strategy': 'stratified_labeled_val'}",,True,
tabpfn3,,,,nogit:245e894de167158e,,12.4,spambase,gpu,False,,,3f9236be15390304,,ssl-tfm,"{'cuda_available': True, 'cuda_version': '12.4', 'env_name': None, 'env_prefix': '/private/ofirlin-lab/suissad4/envs/micromamba', 'gpu_count': 1, 'gpu_name': 'NVIDIA A100 80GB PCIe', 'hostname': 'dsiuriofir01', 'packages': {'catboost': '1.2.10', 'lightgbm': '4.7.0', 'numpy': '2.4.6', 'pandas': '3.0.3', 'scikit-learn': '1.9.0', 'tabicl': '2.1.1', 'tabpfn': '8.1.0', 'torch': '2.6.0+cu124', 'xgboost': None}, 'platform': 'Linux-5.14.0-687.15.1.el9_8.x86_64-x86_64-with-glibc2.34', 'python': '3.11.15 | packaged by conda-forge | (main, Jun 11 2026, 03:34:02) [GCC 14.3.0]', 'python_version': '3.11.15', 'torch_available': True, 'torch_version': '2.6.0+cu124'}",,,NVIDIA A100 80GB PCIe,dsiuriofir01,raw,,tabpfn3_self_training,{},44136fa355b3678a,tfm_ssl,novel_experimental,0.8968512486427795,0.9434954123088128,0.8946577209040553,0.15577916213685802,0.08072823279929815,0.2760821374114952,0.8925630997623974,0.2760821374114952,0.9603019441729119,50,,True,,,,inductive,Iterative hard-label self-training with TabPFN-3,spambase__tabpfn3_self_training__s0__n50__49de76698f8883da,10.9066,0,12,18893495,9c0a390446a60c1d839601aaeeaa4de606a9ab1ea55a231c91555e3a9486a539,v1_absolute_budget,success,True,2026-07-28T14:44:04.759615+00:00,"{'all_classes_present_in_labeled': True, 'backbone': 'tabpfn3', 'best_epoch': nan, 'best_val_loss': nan, 'dataset': 'spambase', 'dataset_id': 44, 'epochs_trained': nan, 'error_message': None, 'fallback_reason': 'loop0', 'final_train_loss': nan, 'finetune_epochs_trained': nan, 'graph_n_neighbors_used': nan, 'graph_n_rows': nan, 'graph_n_unlabeled_used': nan, 'graph_retry_count': nan, 'input_view': 'raw', 'labeled_class_counts': '{0:30,1:20}', 'labeled_classes_present': 2, 'max_labeled_per_class': 30, 'max_selected_confidence': nan, 'mean_selected_confidence': nan, 'mean_selected_density': nan, 'method': 'tabpfn3_self_training', 'method_fidelity': 'novel_experimental', 'metric_accuracy': 0.8968512486427795, 'metric_average_precision': 0.9434954123088128, 'metric_balanced_accuracy': 0.8946577209040553, 'metric_brier': 0.15577916213685802, 'metric_ece': 0.08072823279929815, 'metric_log_loss': 0.2760821374114952, 'metric_macro_f1': 0.8925630997623974, 'metric_nll': 0.2760821374114952, 'metric_roc_auc': 0.9603019441729119, 'min_labeled_per_class': 20, 'min_selected_confidence': nan, 'n_classes': 2, 'n_features_after_preprocessing': 57, 'n_features_before_preprocessing': 57, 'n_labeled': 50, 'n_pseudo_added_last_iter': nan, 'n_pseudo_added_total': 0, 'n_unlabeled': 3630, 'neural_method': nan, 'neural_validation_strategy': nan, 'pretrain_epochs_trained': nan, 'protocol': 'inductive', 'pseudo_label_class_distribution': nan, 'pseudo_label_fraction': nan, 'reference_family': 'hard-label risk-controlled TFM self-training (not soft LoopTabFM)', 'runtime_seconds': 10.9066, 'seed': 0, 'selected_round': 0, 'self_training_iterations': nan, 'status': 'success', 'stopped_reason': 'total_cap_reached', 'test_class_counts': '{0:558,1:363}', 'test_size': 921, 'timestamp_utc': '2026-07-28T14:43:53.831124+00:00', 'train_labeled_size': 40, 'train_pool_class_counts': '{0:2230,1:1450}', 'unlabeled_class_counts': '{0:2200,1:1430}', 'val_class_counts': '{0:6,1:4}', 'val_size': 10, 'validation_strategy': 'stratified_labeled_val'}",,True,
,,,,nogit:245e894de167158e,,12.4,spambase,gpu,False,,,3f9236be15390304,,ssl-representation,"{'cuda_available': True, 'cuda_version': '12.4', 'env_name': None, 'env_prefix': '/private/ofirlin-lab/suissad4/envs/micromamba', 'gpu_count': 1, 'gpu_name': 'NVIDIA A100 80GB PCIe', 'hostname': 'dsiuriofir01', 'packages': {'catboost': '1.2.10', 'lightgbm': '4.7.0', 'numpy': '2.4.6', 'pandas': '3.0.3', 'scikit-learn': '1.9.0', 'tabicl': '2.1.1', 'tabpfn': '8.1.0', 'torch': '2.6.0+cu124', 'xgboost': None}, 'platform': 'Linux-5.14.0-687.15.1.el9_8.x86_64-x86_64-with-glibc2.34', 'python': '3.11.15 | packaged by conda-forge | (main, Jun 11 2026, 03:34:02) [GCC 14.3.0]', 'python_version': '3.11.15', 'torch_available': True, 'torch_version': '2.6.0+cu124'}",,,NVIDIA A100 80GB PCIe,dsiuriofir01,processed,,unlabeled_attention_ssl,{},44136fa355b3678a,geometric_ssl,novel_experimental,0.8849077090119435,0.900622280595392,0.8876892088035784,0.213699482659082,0.10146437457537161,0.5937749130149522,0.8812797937542562,0.5937749130149522,0.9328031043573566,250,,True,,,,inductive,Retrieval attention over labeled and unlabeled training memory,spambase__unlabeled_attention_ssl__s0__n250__8b1cf7a29726b861,5.7824,0,19,18893502,9c0a390446a60c1d839601aaeeaa4de606a9ab1ea55a231c91555e3a9486a539,v1_absolute_budget,success,True,2026-07-28T14:45:22.708843+00:00,"{'all_classes_present_in_labeled': True, 'best_epoch': 28, 'best_val_loss': 0.009170679317321628, 'dataset': 'spambase', 'dataset_id': 44, 'epochs_trained': nan, 'error_message': None, 'final_train_loss': nan, 'finetune_epochs_trained': nan, 'graph_n_neighbors_used': nan, 'graph_n_rows': nan, 'graph_n_unlabeled_used': nan, 'graph_retry_count': nan, 'input_view': 'processed', 'labeled_class_counts': '{0:150,1:100}', 'labeled_classes_present': 2, 'max_labeled_per_class': 150, 'max_selected_confidence': nan, 'mean_selected_confidence': nan, 'mean_selected_density': nan, 'method': 'unlabeled_attention_ssl', 'method_fidelity': 'novel_experimental', 'metric_accuracy': 0.8849077090119435, 'metric_average_precision': 0.900622280595392, 'metric_balanced_accuracy': 0.8876892088035784, 'metric_brier': 0.213699482659082, 'metric_ece': 0.10146437457537161, 'metric_log_loss': 0.5937749130149522, 'metric_macro_f1': 0.8812797937542562, 'metric_nll': 0.5937749130149522, 'metric_roc_auc': 0.9328031043573566, 'min_labeled_per_class': 100, 'min_selected_confidence': nan, 'n_classes': 2, 'n_features_after_preprocessing': 57, 'n_features_before_preprocessing': 57, 'n_labeled': 250, 'n_pseudo_added_last_iter': nan, 'n_pseudo_added_total': nan, 'n_unlabeled': 3430, 'neural_method': nan, 'neural_validation_strategy': nan, 'pretrain_epochs_trained': nan, 'protocol': 'inductive', 'pseudo_label_class_distribution': nan, 'pseudo_label_fraction': nan, 'reference_family': nan, 'runtime_seconds': 5.7824, 'seed': 0, 'self_training_iterations': nan, 'status': 'success', 'stopped_reason': nan, 'test_class_counts': '{0:558,1:363}', 'test_size': 921, 'timestamp_utc': '2026-07-28T14:45:16.881978+00:00', 'train_labeled_size': 200, 'train_pool_class_counts': '{0:2230,1:1450}', 'unlabeled_class_counts': '{0:2080,1:1350}', 'val_class_counts': '{0:30,1:20}', 'val_size': 50, 'validation_strategy': 'stratified_labeled_val'}",,True,
,,,,nogit:245e894de167158e,,12.4,spambase,gpu,False,,,3f9236be15390304,,ssl-representation,"{'cuda_available': True, 'cuda_version': '12.4', 'env_name': None, 'env_prefix': '/private/ofirlin-lab/suissad4/envs/micromamba', 'gpu_count': 1, 'gpu_name': 'NVIDIA A100 80GB PCIe', 'hostname': 'dsiuriofir01', 'packages': {'catboost': '1.2.10', 'lightgbm': '4.7.0', 'numpy': '2.4.6', 'pandas': '3.0.3', 'scikit-learn': '1.9.0', 'tabicl': '2.1.1', 'tabpfn': '8.1.0', 'torch': '2.6.0+cu124', 'xgboost': None}, 'platform': 'Linux-5.14.0-687.15.1.el9_8.x86_64-x86_64-with-glibc2.34', 'python': '3.11.15 | packaged by conda-forge | (main, Jun 11 2026, 03:34:02) [GCC 14.3.0]', 'python_version': '3.11.15', 'torch_available': True, 'torch_version': '2.6.0+cu124'}",,,NVIDIA A100 80GB PCIe,dsiuriofir01,processed,,unlabeled_attention_ssl,{},44136fa355b3678a,geometric_ssl,novel_experimental,0.8653637350705755,0.8955055089044843,0.8681907047009687,0.21289314729854533,0.054883226250722034,0.35719911109990804,0.8613342528824952,0.35719911109990804,0.9303050050850638,50,,True,,,,inductive,Retrieval attention over labeled and unlabeled training memory,spambase__unlabeled_attention_ssl__s0__n50__44364c1f93dfd479,4.1899,0,18,18893501,9c0a390446a60c1d839601aaeeaa4de606a9ab1ea55a231c91555e3a9486a539,v1_absolute_budget,success,True,2026-07-28T14:45:12.392960+00:00,"{'all_classes_present_in_labeled': True, 'best_epoch': 29, 'best_val_loss': 0.14355504512786865, 'dataset': 'spambase', 'dataset_id': 44, 'epochs_trained': nan, 'error_message': None, 'final_train_loss': nan, 'finetune_epochs_trained': nan, 'graph_n_neighbors_used': nan, 'graph_n_rows': nan, 'graph_n_unlabeled_used': nan, 'graph_retry_count': nan, 'input_view': 'processed', 'labeled_class_counts': '{0:30,1:20}', 'labeled_classes_present': 2, 'max_labeled_per_class': 30, 'max_selected_confidence': nan, 'mean_selected_confidence': nan, 'mean_selected_density': nan, 'method': 'unlabeled_attention_ssl', 'method_fidelity': 'novel_experimental', 'metric_accuracy': 0.8653637350705755, 'metric_average_precision': 0.8955055089044843, 'metric_balanced_accuracy': 0.8681907047009687, 'metric_brier': 0.21289314729854533, 'metric_ece': 0.054883226250722034, 'metric_log_loss': 0.35719911109990804, 'metric_macro_f1': 0.8613342528824952, 'metric_nll': 0.35719911109990804, 'metric_roc_auc': 0.9303050050850638, 'min_labeled_per_class': 20, 'min_selected_confidence': nan, 'n_classes': 2, 'n_features_after_preprocessing': 57, 'n_features_before_preprocessing': 57, 'n_labeled': 50, 'n_pseudo_added_last_iter': nan, 'n_pseudo_added_total': nan, 'n_unlabeled': 3630, 'neural_method': nan, 'neural_validation_strategy': nan, 'pretrain_epochs_trained': nan, 'protocol': 'inductive', 'pseudo_label_class_distribution': nan, 'pseudo_label_fraction': nan, 'reference_family': nan, 'runtime_seconds': 4.1899, 'seed': 0, 'self_training_iterations': nan, 'status': 'success', 'stopped_reason': nan, 'test_class_counts': '{0:558,1:363}', 'test_size': 921, 'timestamp_utc': '2026-07-28T14:45:08.167631+00:00', 'train_labeled_size': 40, 'train_pool_class_counts': '{0:2230,1:1450}', 'unlabeled_class_counts': '{0:2200,1:1430}', 'val_class_counts': '{0:6,1:4}', 'val_size': 10, 'validation_strategy': 'stratified_labeled_val'}",,True,
