timestamp_utc,dataset,dataset_id,method,seed,n_labeled,n_unlabeled,train_labeled_size,val_size,test_size,n_classes,n_features_before_preprocessing,n_features_after_preprocessing,n_pseudo_added_total,n_pseudo_added_last_iter,self_training_iterations,pseudo_label_class_distribution,pseudo_label_fraction,mean_selected_confidence,min_selected_confidence,max_selected_confidence,mean_selected_density,stopped_reason,graph_n_neighbors_used,graph_retry_count,graph_n_rows,graph_n_unlabeled_used,neural_method,method_fidelity,reference_family,best_epoch,epochs_trained,pretrain_epochs_trained,finetune_epochs_trained,best_val_loss,final_train_loss,neural_validation_strategy,validation_strategy,labeled_classes_present,all_classes_present_in_labeled,min_labeled_per_class,max_labeled_per_class,train_pool_class_counts,labeled_class_counts,val_class_counts,test_class_counts,unlabeled_class_counts,runtime_seconds,status,error_message,metric_accuracy,metric_balanced_accuracy,metric_macro_f1,metric_log_loss,metric_roc_auc,metric_average_precision
2026-07-07T09:56:39.929462+00:00,steel-plates-fault,40982,logistic_regression,0,50,1502,40,10,389,7,27,27,,,,,,,,,,,,,,,,,,,,,,,,,stratified_labeled_val,7,True,4,13,"{Bumps:321,Dirtiness:44,K_Scratch:313,Other_Faults:538,Pastry:126,Stains:58,Z_Scratch:152}","{Bumps:9,Dirtiness:4,K_Scratch:9,Other_Faults:13,Pastry:5,Stains:4,Z_Scratch:6}","{Bumps:2,Dirtiness:1,K_Scratch:2,Other_Faults:2,Pastry:1,Stains:1,Z_Scratch:1}","{Bumps:81,Dirtiness:11,K_Scratch:78,Other_Faults:135,Pastry:32,Stains:14,Z_Scratch:38}","{Bumps:312,Dirtiness:40,K_Scratch:304,Other_Faults:525,Pastry:121,Stains:54,Z_Scratch:146}",0.0842,success,,0.6066838046272494,0.626238948904989,0.6142009797431484,1.2474256753921509,0.8600941946347744,
2026-07-07T09:56:40.020793+00:00,steel-plates-fault,40982,logistic_regression,0,100,1452,80,20,389,7,27,27,,,,,,,,,,,,,,,,,,,,,,,,,stratified_labeled_val,7,True,7,28,"{Bumps:321,Dirtiness:44,K_Scratch:313,Other_Faults:538,Pastry:126,Stains:58,Z_Scratch:152}","{Bumps:19,Dirtiness:7,K_Scratch:18,Other_Faults:28,Pastry:10,Stains:7,Z_Scratch:11}","{Bumps:4,Dirtiness:1,K_Scratch:4,Other_Faults:6,Pastry:2,Stains:1,Z_Scratch:2}","{Bumps:81,Dirtiness:11,K_Scratch:78,Other_Faults:135,Pastry:32,Stains:14,Z_Scratch:38}","{Bumps:302,Dirtiness:37,K_Scratch:295,Other_Faults:510,Pastry:116,Stains:51,Z_Scratch:141}",0.0946,success,,0.6529562982005142,0.6789138353987978,0.6670493312827002,1.0513999462127686,0.8731403594701639,
2026-07-07T09:56:40.122386+00:00,steel-plates-fault,40982,logistic_regression,0,250,1302,200,50,389,7,27,27,,,,,,,,,,,,,,,,,,,,,,,,,stratified_labeled_val,7,True,11,80,"{Bumps:321,Dirtiness:44,K_Scratch:313,Other_Faults:538,Pastry:126,Stains:58,Z_Scratch:152}","{Bumps:50,Dirtiness:11,K_Scratch:48,Other_Faults:80,Pastry:22,Stains:13,Z_Scratch:26}","{Bumps:10,Dirtiness:2,K_Scratch:10,Other_Faults:16,Pastry:4,Stains:3,Z_Scratch:5}","{Bumps:81,Dirtiness:11,K_Scratch:78,Other_Faults:135,Pastry:32,Stains:14,Z_Scratch:38}","{Bumps:271,Dirtiness:33,K_Scratch:265,Other_Faults:458,Pastry:104,Stains:45,Z_Scratch:126}",0.0848,success,,0.6555269922879178,0.6927150213334424,0.6766599888508645,0.8132641911506653,0.9244718286760484,
2026-07-07T09:56:40.210932+00:00,steel-plates-fault,40982,logistic_regression,0,500,1052,400,100,389,7,27,27,,,,,,,,,,,,,,,,,,,,,,,,,stratified_labeled_val,7,True,18,166,"{Bumps:321,Dirtiness:44,K_Scratch:313,Other_Faults:538,Pastry:126,Stains:58,Z_Scratch:152}","{Bumps:101,Dirtiness:18,K_Scratch:99,Other_Faults:166,Pastry:43,Stains:22,Z_Scratch:51}","{Bumps:20,Dirtiness:4,K_Scratch:20,Other_Faults:33,Pastry:9,Stains:4,Z_Scratch:10}","{Bumps:81,Dirtiness:11,K_Scratch:78,Other_Faults:135,Pastry:32,Stains:14,Z_Scratch:38}","{Bumps:220,Dirtiness:26,K_Scratch:214,Other_Faults:372,Pastry:83,Stains:36,Z_Scratch:101}",0.1038,success,,0.6863753213367609,0.6842148835569889,0.7014973782128718,0.7800362706184387,0.9266952303266471,
2026-07-07T09:56:40.319152+00:00,steel-plates-fault,40982,logistic_regression,1,50,1502,40,10,389,7,27,27,,,,,,,,,,,,,,,,,,,,,,,,,stratified_labeled_val,7,True,4,13,"{Bumps:321,Dirtiness:44,K_Scratch:313,Other_Faults:538,Pastry:126,Stains:58,Z_Scratch:152}","{Bumps:9,Dirtiness:4,K_Scratch:9,Other_Faults:13,Pastry:5,Stains:4,Z_Scratch:6}","{Bumps:2,Dirtiness:1,K_Scratch:2,Other_Faults:2,Pastry:1,Stains:1,Z_Scratch:1}","{Bumps:81,Dirtiness:11,K_Scratch:78,Other_Faults:135,Pastry:32,Stains:14,Z_Scratch:38}","{Bumps:312,Dirtiness:40,K_Scratch:304,Other_Faults:525,Pastry:121,Stains:54,Z_Scratch:146}",0.0795,success,,0.5347043701799485,0.5992044018359808,0.5140703072119117,1.5386098623275757,0.8618535066716645,
2026-07-07T09:56:40.403165+00:00,steel-plates-fault,40982,logistic_regression,1,100,1452,80,20,389,7,27,27,,,,,,,,,,,,,,,,,,,,,,,,,stratified_labeled_val,7,True,7,28,"{Bumps:321,Dirtiness:44,K_Scratch:313,Other_Faults:538,Pastry:126,Stains:58,Z_Scratch:152}","{Bumps:19,Dirtiness:7,K_Scratch:18,Other_Faults:28,Pastry:10,Stains:7,Z_Scratch:11}","{Bumps:4,Dirtiness:1,K_Scratch:4,Other_Faults:6,Pastry:2,Stains:1,Z_Scratch:2}","{Bumps:81,Dirtiness:11,K_Scratch:78,Other_Faults:135,Pastry:32,Stains:14,Z_Scratch:38}","{Bumps:302,Dirtiness:37,K_Scratch:295,Other_Faults:510,Pastry:116,Stains:51,Z_Scratch:141}",0.0766,success,,0.5886889460154242,0.612248753868428,0.5680805443874053,1.3268944025039673,0.8807246961076268,
2026-07-07T09:56:40.483693+00:00,steel-plates-fault,40982,logistic_regression,1,250,1302,200,50,389,7,27,27,,,,,,,,,,,,,,,,,,,,,,,,,stratified_labeled_val,7,True,11,80,"{Bumps:321,Dirtiness:44,K_Scratch:313,Other_Faults:538,Pastry:126,Stains:58,Z_Scratch:152}","{Bumps:50,Dirtiness:11,K_Scratch:48,Other_Faults:80,Pastry:22,Stains:13,Z_Scratch:26}","{Bumps:10,Dirtiness:2,K_Scratch:10,Other_Faults:16,Pastry:4,Stains:3,Z_Scratch:5}","{Bumps:81,Dirtiness:11,K_Scratch:78,Other_Faults:135,Pastry:32,Stains:14,Z_Scratch:38}","{Bumps:271,Dirtiness:33,K_Scratch:265,Other_Faults:458,Pastry:104,Stains:45,Z_Scratch:126}",0.0875,success,,0.6658097686375322,0.7059843908528121,0.6825451917856612,0.9836477041244507,0.9048861209225789,
2026-07-07T09:56:40.574731+00:00,steel-plates-fault,40982,logistic_regression,1,500,1052,400,100,389,7,27,27,,,,,,,,,,,,,,,,,,,,,,,,,stratified_labeled_val,7,True,18,166,"{Bumps:321,Dirtiness:44,K_Scratch:313,Other_Faults:538,Pastry:126,Stains:58,Z_Scratch:152}","{Bumps:101,Dirtiness:18,K_Scratch:99,Other_Faults:166,Pastry:43,Stains:22,Z_Scratch:51}","{Bumps:20,Dirtiness:4,K_Scratch:20,Other_Faults:33,Pastry:9,Stains:4,Z_Scratch:10}","{Bumps:81,Dirtiness:11,K_Scratch:78,Other_Faults:135,Pastry:32,Stains:14,Z_Scratch:38}","{Bumps:220,Dirtiness:26,K_Scratch:214,Other_Faults:372,Pastry:83,Stains:36,Z_Scratch:101}",0.0945,success,,0.6580976863753213,0.6505627291811502,0.6542689498961411,0.838164746761322,0.9172863477167267,
2026-07-07T09:56:40.673228+00:00,steel-plates-fault,40982,logistic_regression,2,50,1502,40,10,389,7,27,27,,,,,,,,,,,,,,,,,,,,,,,,,stratified_labeled_val,7,True,4,13,"{Bumps:321,Dirtiness:44,K_Scratch:313,Other_Faults:538,Pastry:126,Stains:58,Z_Scratch:152}","{Bumps:9,Dirtiness:4,K_Scratch:9,Other_Faults:13,Pastry:5,Stains:4,Z_Scratch:6}","{Bumps:2,Dirtiness:1,K_Scratch:2,Other_Faults:2,Pastry:1,Stains:1,Z_Scratch:1}","{Bumps:81,Dirtiness:11,K_Scratch:78,Other_Faults:135,Pastry:32,Stains:14,Z_Scratch:38}","{Bumps:312,Dirtiness:40,K_Scratch:304,Other_Faults:525,Pastry:121,Stains:54,Z_Scratch:146}",0.0756,success,,0.622107969151671,0.6631451267102896,0.6312629185454978,1.206152081489563,0.8831876743337024,
2026-07-07T09:56:40.753492+00:00,steel-plates-fault,40982,logistic_regression,2,100,1452,80,20,389,7,27,27,,,,,,,,,,,,,,,,,,,,,,,,,stratified_labeled_val,7,True,7,28,"{Bumps:321,Dirtiness:44,K_Scratch:313,Other_Faults:538,Pastry:126,Stains:58,Z_Scratch:152}","{Bumps:19,Dirtiness:7,K_Scratch:18,Other_Faults:28,Pastry:10,Stains:7,Z_Scratch:11}","{Bumps:4,Dirtiness:1,K_Scratch:4,Other_Faults:6,Pastry:2,Stains:1,Z_Scratch:2}","{Bumps:81,Dirtiness:11,K_Scratch:78,Other_Faults:135,Pastry:32,Stains:14,Z_Scratch:38}","{Bumps:302,Dirtiness:37,K_Scratch:295,Other_Faults:510,Pastry:116,Stains:51,Z_Scratch:141}",0.0894,success,,0.6298200514138818,0.6887404500029813,0.6386360024178362,1.221831202507019,0.8957257237054469,
2026-07-07T09:56:40.845885+00:00,steel-plates-fault,40982,logistic_regression,2,250,1302,200,50,389,7,27,27,,,,,,,,,,,,,,,,,,,,,,,,,stratified_labeled_val,7,True,11,80,"{Bumps:321,Dirtiness:44,K_Scratch:313,Other_Faults:538,Pastry:126,Stains:58,Z_Scratch:152}","{Bumps:50,Dirtiness:11,K_Scratch:48,Other_Faults:80,Pastry:22,Stains:13,Z_Scratch:26}","{Bumps:10,Dirtiness:2,K_Scratch:10,Other_Faults:16,Pastry:4,Stains:3,Z_Scratch:5}","{Bumps:81,Dirtiness:11,K_Scratch:78,Other_Faults:135,Pastry:32,Stains:14,Z_Scratch:38}","{Bumps:271,Dirtiness:33,K_Scratch:265,Other_Faults:458,Pastry:104,Stains:45,Z_Scratch:126}",0.0655,success,,0.6683804627249358,0.707801569659339,0.672133169756462,0.9179364442825317,0.9135682784615046,
2026-07-07T09:56:40.915063+00:00,steel-plates-fault,40982,logistic_regression,2,500,1052,400,100,389,7,27,27,,,,,,,,,,,,,,,,,,,,,,,,,stratified_labeled_val,7,True,18,166,"{Bumps:321,Dirtiness:44,K_Scratch:313,Other_Faults:538,Pastry:126,Stains:58,Z_Scratch:152}","{Bumps:101,Dirtiness:18,K_Scratch:99,Other_Faults:166,Pastry:43,Stains:22,Z_Scratch:51}","{Bumps:20,Dirtiness:4,K_Scratch:20,Other_Faults:33,Pastry:9,Stains:4,Z_Scratch:10}","{Bumps:81,Dirtiness:11,K_Scratch:78,Other_Faults:135,Pastry:32,Stains:14,Z_Scratch:38}","{Bumps:220,Dirtiness:26,K_Scratch:214,Other_Faults:372,Pastry:83,Stains:36,Z_Scratch:101}",0.0925,success,,0.6632390745501285,0.6788434582450872,0.6732702451065568,0.8114944100379944,0.925050042904674,
2026-07-07T09:56:41.010861+00:00,steel-plates-fault,40982,random_forest,0,50,1502,40,10,389,7,27,27,,,,,,,,,,,,,,,,,,,,,,,,,stratified_labeled_val,7,True,4,13,"{Bumps:321,Dirtiness:44,K_Scratch:313,Other_Faults:538,Pastry:126,Stains:58,Z_Scratch:152}","{Bumps:9,Dirtiness:4,K_Scratch:9,Other_Faults:13,Pastry:5,Stains:4,Z_Scratch:6}","{Bumps:2,Dirtiness:1,K_Scratch:2,Other_Faults:2,Pastry:1,Stains:1,Z_Scratch:1}","{Bumps:81,Dirtiness:11,K_Scratch:78,Other_Faults:135,Pastry:32,Stains:14,Z_Scratch:38}","{Bumps:312,Dirtiness:40,K_Scratch:304,Other_Faults:525,Pastry:121,Stains:54,Z_Scratch:146}",1.0018,success,,0.5861182519280206,0.613291890046276,0.6133599913508734,1.1276190246544475,0.858496069478699,
2026-07-07T09:56:42.015861+00:00,steel-plates-fault,40982,random_forest,0,100,1452,80,20,389,7,27,27,,,,,,,,,,,,,,,,,,,,,,,,,stratified_labeled_val,7,True,7,28,"{Bumps:321,Dirtiness:44,K_Scratch:313,Other_Faults:538,Pastry:126,Stains:58,Z_Scratch:152}","{Bumps:19,Dirtiness:7,K_Scratch:18,Other_Faults:28,Pastry:10,Stains:7,Z_Scratch:11}","{Bumps:4,Dirtiness:1,K_Scratch:4,Other_Faults:6,Pastry:2,Stains:1,Z_Scratch:2}","{Bumps:81,Dirtiness:11,K_Scratch:78,Other_Faults:135,Pastry:32,Stains:14,Z_Scratch:38}","{Bumps:302,Dirtiness:37,K_Scratch:295,Other_Faults:510,Pastry:116,Stains:51,Z_Scratch:141}",1.0351,success,,0.6606683804627249,0.6720958877287198,0.6734569018541144,0.9936481483489179,0.8882798416447052,
2026-07-07T09:56:43.054664+00:00,steel-plates-fault,40982,random_forest,0,250,1302,200,50,389,7,27,27,,,,,,,,,,,,,,,,,,,,,,,,,stratified_labeled_val,7,True,11,80,"{Bumps:321,Dirtiness:44,K_Scratch:313,Other_Faults:538,Pastry:126,Stains:58,Z_Scratch:152}","{Bumps:50,Dirtiness:11,K_Scratch:48,Other_Faults:80,Pastry:22,Stains:13,Z_Scratch:26}","{Bumps:10,Dirtiness:2,K_Scratch:10,Other_Faults:16,Pastry:4,Stains:3,Z_Scratch:5}","{Bumps:81,Dirtiness:11,K_Scratch:78,Other_Faults:135,Pastry:32,Stains:14,Z_Scratch:38}","{Bumps:271,Dirtiness:33,K_Scratch:265,Other_Faults:458,Pastry:104,Stains:45,Z_Scratch:126}",1.2658,success,,0.7043701799485861,0.6719724041622539,0.703664887581492,0.8149749933060045,0.9371070611439595,
2026-07-07T09:56:44.326196+00:00,steel-plates-fault,40982,random_forest,0,500,1052,400,100,389,7,27,27,,,,,,,,,,,,,,,,,,,,,,,,,stratified_labeled_val,7,True,18,166,"{Bumps:321,Dirtiness:44,K_Scratch:313,Other_Faults:538,Pastry:126,Stains:58,Z_Scratch:152}","{Bumps:101,Dirtiness:18,K_Scratch:99,Other_Faults:166,Pastry:43,Stains:22,Z_Scratch:51}","{Bumps:20,Dirtiness:4,K_Scratch:20,Other_Faults:33,Pastry:9,Stains:4,Z_Scratch:10}","{Bumps:81,Dirtiness:11,K_Scratch:78,Other_Faults:135,Pastry:32,Stains:14,Z_Scratch:38}","{Bumps:220,Dirtiness:26,K_Scratch:214,Other_Faults:372,Pastry:83,Stains:36,Z_Scratch:101}",1.5009,success,,0.7429305912596401,0.7205216578650163,0.7569229198487442,0.7061646934107346,0.9537259783397047,
2026-07-07T09:56:45.837124+00:00,steel-plates-fault,40982,random_forest,1,50,1502,40,10,389,7,27,27,,,,,,,,,,,,,,,,,,,,,,,,,stratified_labeled_val,7,True,4,13,"{Bumps:321,Dirtiness:44,K_Scratch:313,Other_Faults:538,Pastry:126,Stains:58,Z_Scratch:152}","{Bumps:9,Dirtiness:4,K_Scratch:9,Other_Faults:13,Pastry:5,Stains:4,Z_Scratch:6}","{Bumps:2,Dirtiness:1,K_Scratch:2,Other_Faults:2,Pastry:1,Stains:1,Z_Scratch:1}","{Bumps:81,Dirtiness:11,K_Scratch:78,Other_Faults:135,Pastry:32,Stains:14,Z_Scratch:38}","{Bumps:312,Dirtiness:40,K_Scratch:304,Other_Faults:525,Pastry:121,Stains:54,Z_Scratch:146}",1.4669,success,,0.5141388174807198,0.5182319426836971,0.5128387954523296,1.3705573213038833,0.8403395378956606,
2026-07-07T09:56:47.312546+00:00,steel-plates-fault,40982,random_forest,1,100,1452,80,20,389,7,27,27,,,,,,,,,,,,,,,,,,,,,,,,,stratified_labeled_val,7,True,7,28,"{Bumps:321,Dirtiness:44,K_Scratch:313,Other_Faults:538,Pastry:126,Stains:58,Z_Scratch:152}","{Bumps:19,Dirtiness:7,K_Scratch:18,Other_Faults:28,Pastry:10,Stains:7,Z_Scratch:11}","{Bumps:4,Dirtiness:1,K_Scratch:4,Other_Faults:6,Pastry:2,Stains:1,Z_Scratch:2}","{Bumps:81,Dirtiness:11,K_Scratch:78,Other_Faults:135,Pastry:32,Stains:14,Z_Scratch:38}","{Bumps:302,Dirtiness:37,K_Scratch:295,Other_Faults:510,Pastry:116,Stains:51,Z_Scratch:141}",1.362,success,,0.5244215938303342,0.5279751031944014,0.5480920653470392,1.3232076456242092,0.8553738353627083,
2026-07-07T09:56:48.682964+00:00,steel-plates-fault,40982,random_forest,1,250,1302,200,50,389,7,27,27,,,,,,,,,,,,,,,,,,,,,,,,,stratified_labeled_val,7,True,11,80,"{Bumps:321,Dirtiness:44,K_Scratch:313,Other_Faults:538,Pastry:126,Stains:58,Z_Scratch:152}","{Bumps:50,Dirtiness:11,K_Scratch:48,Other_Faults:80,Pastry:22,Stains:13,Z_Scratch:26}","{Bumps:10,Dirtiness:2,K_Scratch:10,Other_Faults:16,Pastry:4,Stains:3,Z_Scratch:5}","{Bumps:81,Dirtiness:11,K_Scratch:78,Other_Faults:135,Pastry:32,Stains:14,Z_Scratch:38}","{Bumps:271,Dirtiness:33,K_Scratch:265,Other_Faults:458,Pastry:104,Stains:45,Z_Scratch:126}",1.3934,success,,0.6195372750642674,0.6402286147900184,0.6483423667600411,0.986578821415699,0.9111917690054836,
2026-07-07T09:56:50.083663+00:00,steel-plates-fault,40982,random_forest,1,500,1052,400,100,389,7,27,27,,,,,,,,,,,,,,,,,,,,,,,,,stratified_labeled_val,7,True,18,166,"{Bumps:321,Dirtiness:44,K_Scratch:313,Other_Faults:538,Pastry:126,Stains:58,Z_Scratch:152}","{Bumps:101,Dirtiness:18,K_Scratch:99,Other_Faults:166,Pastry:43,Stains:22,Z_Scratch:51}","{Bumps:20,Dirtiness:4,K_Scratch:20,Other_Faults:33,Pastry:9,Stains:4,Z_Scratch:10}","{Bumps:81,Dirtiness:11,K_Scratch:78,Other_Faults:135,Pastry:32,Stains:14,Z_Scratch:38}","{Bumps:220,Dirtiness:26,K_Scratch:214,Other_Faults:372,Pastry:83,Stains:36,Z_Scratch:101}",1.3136,success,,0.699228791773779,0.6942401125515161,0.7244304484154108,0.870693342542854,0.930269938254886,
2026-07-07T09:56:51.406342+00:00,steel-plates-fault,40982,random_forest,2,50,1502,40,10,389,7,27,27,,,,,,,,,,,,,,,,,,,,,,,,,stratified_labeled_val,7,True,4,13,"{Bumps:321,Dirtiness:44,K_Scratch:313,Other_Faults:538,Pastry:126,Stains:58,Z_Scratch:152}","{Bumps:9,Dirtiness:4,K_Scratch:9,Other_Faults:13,Pastry:5,Stains:4,Z_Scratch:6}","{Bumps:2,Dirtiness:1,K_Scratch:2,Other_Faults:2,Pastry:1,Stains:1,Z_Scratch:1}","{Bumps:81,Dirtiness:11,K_Scratch:78,Other_Faults:135,Pastry:32,Stains:14,Z_Scratch:38}","{Bumps:312,Dirtiness:40,K_Scratch:304,Other_Faults:525,Pastry:121,Stains:54,Z_Scratch:146}",1.3514,success,,0.5681233933161953,0.5438872362901185,0.5391779422391667,1.1532149185437173,0.8568306179430145,
2026-07-07T09:56:52.764397+00:00,steel-plates-fault,40982,random_forest,2,100,1452,80,20,389,7,27,27,,,,,,,,,,,,,,,,,,,,,,,,,stratified_labeled_val,7,True,7,28,"{Bumps:321,Dirtiness:44,K_Scratch:313,Other_Faults:538,Pastry:126,Stains:58,Z_Scratch:152}","{Bumps:19,Dirtiness:7,K_Scratch:18,Other_Faults:28,Pastry:10,Stains:7,Z_Scratch:11}","{Bumps:4,Dirtiness:1,K_Scratch:4,Other_Faults:6,Pastry:2,Stains:1,Z_Scratch:2}","{Bumps:81,Dirtiness:11,K_Scratch:78,Other_Faults:135,Pastry:32,Stains:14,Z_Scratch:38}","{Bumps:302,Dirtiness:37,K_Scratch:295,Other_Faults:510,Pastry:116,Stains:51,Z_Scratch:141}",1.3366,success,,0.5989717223650386,0.611195058422502,0.5990274377071785,1.0391065408482145,0.8934475707727136,
2026-07-07T09:56:54.108799+00:00,steel-plates-fault,40982,random_forest,2,250,1302,200,50,389,7,27,27,,,,,,,,,,,,,,,,,,,,,,,,,stratified_labeled_val,7,True,11,80,"{Bumps:321,Dirtiness:44,K_Scratch:313,Other_Faults:538,Pastry:126,Stains:58,Z_Scratch:152}","{Bumps:50,Dirtiness:11,K_Scratch:48,Other_Faults:80,Pastry:22,Stains:13,Z_Scratch:26}","{Bumps:10,Dirtiness:2,K_Scratch:10,Other_Faults:16,Pastry:4,Stains:3,Z_Scratch:5}","{Bumps:81,Dirtiness:11,K_Scratch:78,Other_Faults:135,Pastry:32,Stains:14,Z_Scratch:38}","{Bumps:271,Dirtiness:33,K_Scratch:265,Other_Faults:458,Pastry:104,Stains:45,Z_Scratch:126}",1.4646,success,,0.6812339331619537,0.6506105527722069,0.6806413569413107,0.9527436651310451,0.9139024234082322,
2026-07-07T09:56:55.581335+00:00,steel-plates-fault,40982,random_forest,2,500,1052,400,100,389,7,27,27,,,,,,,,,,,,,,,,,,,,,,,,,stratified_labeled_val,7,True,18,166,"{Bumps:321,Dirtiness:44,K_Scratch:313,Other_Faults:538,Pastry:126,Stains:58,Z_Scratch:152}","{Bumps:101,Dirtiness:18,K_Scratch:99,Other_Faults:166,Pastry:43,Stains:22,Z_Scratch:51}","{Bumps:20,Dirtiness:4,K_Scratch:20,Other_Faults:33,Pastry:9,Stains:4,Z_Scratch:10}","{Bumps:81,Dirtiness:11,K_Scratch:78,Other_Faults:135,Pastry:32,Stains:14,Z_Scratch:38}","{Bumps:220,Dirtiness:26,K_Scratch:214,Other_Faults:372,Pastry:83,Stains:36,Z_Scratch:101}",1.4616,success,,0.7172236503856041,0.7241356509683577,0.7395883415880551,0.8515685115778125,0.930621393762405,
2026-07-07T09:56:57.055195+00:00,steel-plates-fault,40982,xgboost,0,50,1502,40,10,389,7,27,27,,,,,,,,,,,,,,,,,,,,,,,,,stratified_labeled_val,7,True,4,13,"{Bumps:321,Dirtiness:44,K_Scratch:313,Other_Faults:538,Pastry:126,Stains:58,Z_Scratch:152}","{Bumps:9,Dirtiness:4,K_Scratch:9,Other_Faults:13,Pastry:5,Stains:4,Z_Scratch:6}","{Bumps:2,Dirtiness:1,K_Scratch:2,Other_Faults:2,Pastry:1,Stains:1,Z_Scratch:1}","{Bumps:81,Dirtiness:11,K_Scratch:78,Other_Faults:135,Pastry:32,Stains:14,Z_Scratch:38}","{Bumps:312,Dirtiness:40,K_Scratch:304,Other_Faults:525,Pastry:121,Stains:54,Z_Scratch:146}",3.9554,success,,0.5861182519280206,0.6017701445959591,0.5984517179382098,1.2451772689819336,0.8442173373675235,
2026-07-07T09:57:01.023077+00:00,steel-plates-fault,40982,xgboost,0,100,1452,80,20,389,7,27,27,,,,,,,,,,,,,,,,,,,,,,,,,stratified_labeled_val,7,True,7,28,"{Bumps:321,Dirtiness:44,K_Scratch:313,Other_Faults:538,Pastry:126,Stains:58,Z_Scratch:152}","{Bumps:19,Dirtiness:7,K_Scratch:18,Other_Faults:28,Pastry:10,Stains:7,Z_Scratch:11}","{Bumps:4,Dirtiness:1,K_Scratch:4,Other_Faults:6,Pastry:2,Stains:1,Z_Scratch:2}","{Bumps:81,Dirtiness:11,K_Scratch:78,Other_Faults:135,Pastry:32,Stains:14,Z_Scratch:38}","{Bumps:302,Dirtiness:37,K_Scratch:295,Other_Faults:510,Pastry:116,Stains:51,Z_Scratch:141}",4.5429,success,,0.596401028277635,0.636282708055891,0.6249025515902905,1.0889769792556763,0.8700290460430534,
2026-07-07T09:57:05.580249+00:00,steel-plates-fault,40982,xgboost,0,250,1302,200,50,389,7,27,27,,,,,,,,,,,,,,,,,,,,,,,,,stratified_labeled_val,7,True,11,80,"{Bumps:321,Dirtiness:44,K_Scratch:313,Other_Faults:538,Pastry:126,Stains:58,Z_Scratch:152}","{Bumps:50,Dirtiness:11,K_Scratch:48,Other_Faults:80,Pastry:22,Stains:13,Z_Scratch:26}","{Bumps:10,Dirtiness:2,K_Scratch:10,Other_Faults:16,Pastry:4,Stains:3,Z_Scratch:5}","{Bumps:81,Dirtiness:11,K_Scratch:78,Other_Faults:135,Pastry:32,Stains:14,Z_Scratch:38}","{Bumps:271,Dirtiness:33,K_Scratch:265,Other_Faults:458,Pastry:104,Stains:45,Z_Scratch:126}",6.5589,success,,0.7172236503856041,0.7142150896536862,0.7263142732747044,0.7722985148429871,0.937026988468859,
2026-07-07T09:57:12.150673+00:00,steel-plates-fault,40982,xgboost,0,500,1052,400,100,389,7,27,27,,,,,,,,,,,,,,,,,,,,,,,,,stratified_labeled_val,7,True,18,166,"{Bumps:321,Dirtiness:44,K_Scratch:313,Other_Faults:538,Pastry:126,Stains:58,Z_Scratch:152}","{Bumps:101,Dirtiness:18,K_Scratch:99,Other_Faults:166,Pastry:43,Stains:22,Z_Scratch:51}","{Bumps:20,Dirtiness:4,K_Scratch:20,Other_Faults:33,Pastry:9,Stains:4,Z_Scratch:10}","{Bumps:81,Dirtiness:11,K_Scratch:78,Other_Faults:135,Pastry:32,Stains:14,Z_Scratch:38}","{Bumps:220,Dirtiness:26,K_Scratch:214,Other_Faults:372,Pastry:83,Stains:36,Z_Scratch:101}",9.9045,success,,0.7583547557840618,0.7537154377693225,0.7761932513225779,0.6249556541442871,0.9556218229522573,
2026-07-07T09:57:22.069495+00:00,steel-plates-fault,40982,xgboost,1,50,1502,40,10,389,7,27,27,,,,,,,,,,,,,,,,,,,,,,,,,stratified_labeled_val,7,True,4,13,"{Bumps:321,Dirtiness:44,K_Scratch:313,Other_Faults:538,Pastry:126,Stains:58,Z_Scratch:152}","{Bumps:9,Dirtiness:4,K_Scratch:9,Other_Faults:13,Pastry:5,Stains:4,Z_Scratch:6}","{Bumps:2,Dirtiness:1,K_Scratch:2,Other_Faults:2,Pastry:1,Stains:1,Z_Scratch:1}","{Bumps:81,Dirtiness:11,K_Scratch:78,Other_Faults:135,Pastry:32,Stains:14,Z_Scratch:38}","{Bumps:312,Dirtiness:40,K_Scratch:304,Other_Faults:525,Pastry:121,Stains:54,Z_Scratch:146}",2.8314,success,,0.5604113110539846,0.6055631624710572,0.5774817346282914,1.4033148288726807,0.8413951326457145,
2026-07-07T09:57:24.913123+00:00,steel-plates-fault,40982,xgboost,1,100,1452,80,20,389,7,27,27,,,,,,,,,,,,,,,,,,,,,,,,,stratified_labeled_val,7,True,7,28,"{Bumps:321,Dirtiness:44,K_Scratch:313,Other_Faults:538,Pastry:126,Stains:58,Z_Scratch:152}","{Bumps:19,Dirtiness:7,K_Scratch:18,Other_Faults:28,Pastry:10,Stains:7,Z_Scratch:11}","{Bumps:4,Dirtiness:1,K_Scratch:4,Other_Faults:6,Pastry:2,Stains:1,Z_Scratch:2}","{Bumps:81,Dirtiness:11,K_Scratch:78,Other_Faults:135,Pastry:32,Stains:14,Z_Scratch:38}","{Bumps:302,Dirtiness:37,K_Scratch:295,Other_Faults:510,Pastry:116,Stains:51,Z_Scratch:141}",4.5305,success,,0.596401028277635,0.6147863032261529,0.6108355671574062,1.337005376815796,0.872435380537617,
2026-07-07T09:57:29.455069+00:00,steel-plates-fault,40982,xgboost,1,250,1302,200,50,389,7,27,27,,,,,,,,,,,,,,,,,,,,,,,,,stratified_labeled_val,7,True,11,80,"{Bumps:321,Dirtiness:44,K_Scratch:313,Other_Faults:538,Pastry:126,Stains:58,Z_Scratch:152}","{Bumps:50,Dirtiness:11,K_Scratch:48,Other_Faults:80,Pastry:22,Stains:13,Z_Scratch:26}","{Bumps:10,Dirtiness:2,K_Scratch:10,Other_Faults:16,Pastry:4,Stains:3,Z_Scratch:5}","{Bumps:81,Dirtiness:11,K_Scratch:78,Other_Faults:135,Pastry:32,Stains:14,Z_Scratch:38}","{Bumps:271,Dirtiness:33,K_Scratch:265,Other_Faults:458,Pastry:104,Stains:45,Z_Scratch:126}",7.173,success,,0.6580976863753213,0.698427482199412,0.7037847057025898,0.9646305441856384,0.9169546551164928,
2026-07-07T09:57:36.637557+00:00,steel-plates-fault,40982,xgboost,1,500,1052,400,100,389,7,27,27,,,,,,,,,,,,,,,,,,,,,,,,,stratified_labeled_val,7,True,18,166,"{Bumps:321,Dirtiness:44,K_Scratch:313,Other_Faults:538,Pastry:126,Stains:58,Z_Scratch:152}","{Bumps:101,Dirtiness:18,K_Scratch:99,Other_Faults:166,Pastry:43,Stains:22,Z_Scratch:51}","{Bumps:20,Dirtiness:4,K_Scratch:20,Other_Faults:33,Pastry:9,Stains:4,Z_Scratch:10}","{Bumps:81,Dirtiness:11,K_Scratch:78,Other_Faults:135,Pastry:32,Stains:14,Z_Scratch:38}","{Bumps:220,Dirtiness:26,K_Scratch:214,Other_Faults:372,Pastry:83,Stains:36,Z_Scratch:101}",7.7572,success,,0.712082262210797,0.7315174632060597,0.7505194329913019,0.8398197293281555,0.9322092843523467,
2026-07-07T09:57:44.409253+00:00,steel-plates-fault,40982,xgboost,2,50,1502,40,10,389,7,27,27,,,,,,,,,,,,,,,,,,,,,,,,,stratified_labeled_val,7,True,4,13,"{Bumps:321,Dirtiness:44,K_Scratch:313,Other_Faults:538,Pastry:126,Stains:58,Z_Scratch:152}","{Bumps:9,Dirtiness:4,K_Scratch:9,Other_Faults:13,Pastry:5,Stains:4,Z_Scratch:6}","{Bumps:2,Dirtiness:1,K_Scratch:2,Other_Faults:2,Pastry:1,Stains:1,Z_Scratch:1}","{Bumps:81,Dirtiness:11,K_Scratch:78,Other_Faults:135,Pastry:32,Stains:14,Z_Scratch:38}","{Bumps:312,Dirtiness:40,K_Scratch:304,Other_Faults:525,Pastry:121,Stains:54,Z_Scratch:146}",2.9709,success,,0.5424164524421594,0.5396639631602038,0.4968926105983667,1.2425570487976074,0.8640603314574749,
2026-07-07T09:57:47.392394+00:00,steel-plates-fault,40982,xgboost,2,100,1452,80,20,389,7,27,27,,,,,,,,,,,,,,,,,,,,,,,,,stratified_labeled_val,7,True,7,28,"{Bumps:321,Dirtiness:44,K_Scratch:313,Other_Faults:538,Pastry:126,Stains:58,Z_Scratch:152}","{Bumps:19,Dirtiness:7,K_Scratch:18,Other_Faults:28,Pastry:10,Stains:7,Z_Scratch:11}","{Bumps:4,Dirtiness:1,K_Scratch:4,Other_Faults:6,Pastry:2,Stains:1,Z_Scratch:2}","{Bumps:81,Dirtiness:11,K_Scratch:78,Other_Faults:135,Pastry:32,Stains:14,Z_Scratch:38}","{Bumps:302,Dirtiness:37,K_Scratch:295,Other_Faults:510,Pastry:116,Stains:51,Z_Scratch:141}",4.9547,success,,0.5989717223650386,0.6420995056646686,0.5892148175113482,1.2522085905075073,0.8785366198852497,
2026-07-07T09:57:52.359819+00:00,steel-plates-fault,40982,xgboost,2,250,1302,200,50,389,7,27,27,,,,,,,,,,,,,,,,,,,,,,,,,stratified_labeled_val,7,True,11,80,"{Bumps:321,Dirtiness:44,K_Scratch:313,Other_Faults:538,Pastry:126,Stains:58,Z_Scratch:152}","{Bumps:50,Dirtiness:11,K_Scratch:48,Other_Faults:80,Pastry:22,Stains:13,Z_Scratch:26}","{Bumps:10,Dirtiness:2,K_Scratch:10,Other_Faults:16,Pastry:4,Stains:3,Z_Scratch:5}","{Bumps:81,Dirtiness:11,K_Scratch:78,Other_Faults:135,Pastry:32,Stains:14,Z_Scratch:38}","{Bumps:271,Dirtiness:33,K_Scratch:265,Other_Faults:458,Pastry:104,Stains:45,Z_Scratch:126}",6.4292,success,,0.6863753213367609,0.7204084773946929,0.7156942817381564,0.9389301538467407,0.9193619940824175,
2026-07-07T09:57:58.804633+00:00,steel-plates-fault,40982,xgboost,2,500,1052,400,100,389,7,27,27,,,,,,,,,,,,,,,,,,,,,,,,,stratified_labeled_val,7,True,18,166,"{Bumps:321,Dirtiness:44,K_Scratch:313,Other_Faults:538,Pastry:126,Stains:58,Z_Scratch:152}","{Bumps:101,Dirtiness:18,K_Scratch:99,Other_Faults:166,Pastry:43,Stains:22,Z_Scratch:51}","{Bumps:20,Dirtiness:4,K_Scratch:20,Other_Faults:33,Pastry:9,Stains:4,Z_Scratch:10}","{Bumps:81,Dirtiness:11,K_Scratch:78,Other_Faults:135,Pastry:32,Stains:14,Z_Scratch:38}","{Bumps:220,Dirtiness:26,K_Scratch:214,Other_Faults:372,Pastry:83,Stains:36,Z_Scratch:101}",9.7912,success,,0.7095115681233933,0.7373021587620585,0.7393691927233047,0.8202270865440369,0.9320690540965311,
2026-07-07T09:58:08.603870+00:00,steel-plates-fault,40982,lightgbm,0,50,1502,40,10,389,7,27,27,,,,,,,,,,,,,,,,,,,,,,,,,stratified_labeled_val,7,True,4,13,"{Bumps:321,Dirtiness:44,K_Scratch:313,Other_Faults:538,Pastry:126,Stains:58,Z_Scratch:152}","{Bumps:9,Dirtiness:4,K_Scratch:9,Other_Faults:13,Pastry:5,Stains:4,Z_Scratch:6}","{Bumps:2,Dirtiness:1,K_Scratch:2,Other_Faults:2,Pastry:1,Stains:1,Z_Scratch:1}","{Bumps:81,Dirtiness:11,K_Scratch:78,Other_Faults:135,Pastry:32,Stains:14,Z_Scratch:38}","{Bumps:312,Dirtiness:40,K_Scratch:304,Other_Faults:525,Pastry:121,Stains:54,Z_Scratch:146}",1.296,success,,0.4087403598971722,0.21655563409949372,0.2061320548758656,1.5301240365983875,0.7682313783441364,
2026-07-07T09:58:09.916166+00:00,steel-plates-fault,40982,lightgbm,0,100,1452,80,20,389,7,27,27,,,,,,,,,,,,,,,,,,,,,,,,,stratified_labeled_val,7,True,7,28,"{Bumps:321,Dirtiness:44,K_Scratch:313,Other_Faults:538,Pastry:126,Stains:58,Z_Scratch:152}","{Bumps:19,Dirtiness:7,K_Scratch:18,Other_Faults:28,Pastry:10,Stains:7,Z_Scratch:11}","{Bumps:4,Dirtiness:1,K_Scratch:4,Other_Faults:6,Pastry:2,Stains:1,Z_Scratch:2}","{Bumps:81,Dirtiness:11,K_Scratch:78,Other_Faults:135,Pastry:32,Stains:14,Z_Scratch:38}","{Bumps:302,Dirtiness:37,K_Scratch:295,Other_Faults:510,Pastry:116,Stains:51,Z_Scratch:141}",2.815,success,,0.5912596401028277,0.6447226031185931,0.6413138089903642,1.7841688846937322,0.8676855907462941,
2026-07-07T09:58:12.742403+00:00,steel-plates-fault,40982,lightgbm,0,250,1302,200,50,389,7,27,27,,,,,,,,,,,,,,,,,,,,,,,,,stratified_labeled_val,7,True,11,80,"{Bumps:321,Dirtiness:44,K_Scratch:313,Other_Faults:538,Pastry:126,Stains:58,Z_Scratch:152}","{Bumps:50,Dirtiness:11,K_Scratch:48,Other_Faults:80,Pastry:22,Stains:13,Z_Scratch:26}","{Bumps:10,Dirtiness:2,K_Scratch:10,Other_Faults:16,Pastry:4,Stains:3,Z_Scratch:5}","{Bumps:81,Dirtiness:11,K_Scratch:78,Other_Faults:135,Pastry:32,Stains:14,Z_Scratch:38}","{Bumps:271,Dirtiness:33,K_Scratch:265,Other_Faults:458,Pastry:104,Stains:45,Z_Scratch:126}",8.0236,success,,0.7069408740359897,0.7048278649782409,0.7224088371880725,1.4065528987657097,0.9310936556934989,
2026-07-07T09:58:20.778048+00:00,steel-plates-fault,40982,lightgbm,0,500,1052,400,100,389,7,27,27,,,,,,,,,,,,,,,,,,,,,,,,,stratified_labeled_val,7,True,18,166,"{Bumps:321,Dirtiness:44,K_Scratch:313,Other_Faults:538,Pastry:126,Stains:58,Z_Scratch:152}","{Bumps:101,Dirtiness:18,K_Scratch:99,Other_Faults:166,Pastry:43,Stains:22,Z_Scratch:51}","{Bumps:20,Dirtiness:4,K_Scratch:20,Other_Faults:33,Pastry:9,Stains:4,Z_Scratch:10}","{Bumps:81,Dirtiness:11,K_Scratch:78,Other_Faults:135,Pastry:32,Stains:14,Z_Scratch:38}","{Bumps:220,Dirtiness:26,K_Scratch:214,Other_Faults:372,Pastry:83,Stains:36,Z_Scratch:101}",13.687,success,,0.7557840616966581,0.7576099229138075,0.7709278210820745,1.125983048630385,0.9486612471412179,
2026-07-07T09:58:34.475339+00:00,steel-plates-fault,40982,lightgbm,1,50,1502,40,10,389,7,27,27,,,,,,,,,,,,,,,,,,,,,,,,,stratified_labeled_val,7,True,4,13,"{Bumps:321,Dirtiness:44,K_Scratch:313,Other_Faults:538,Pastry:126,Stains:58,Z_Scratch:152}","{Bumps:9,Dirtiness:4,K_Scratch:9,Other_Faults:13,Pastry:5,Stains:4,Z_Scratch:6}","{Bumps:2,Dirtiness:1,K_Scratch:2,Other_Faults:2,Pastry:1,Stains:1,Z_Scratch:1}","{Bumps:81,Dirtiness:11,K_Scratch:78,Other_Faults:135,Pastry:32,Stains:14,Z_Scratch:38}","{Bumps:312,Dirtiness:40,K_Scratch:304,Other_Faults:525,Pastry:121,Stains:54,Z_Scratch:146}",0.9628,success,,0.43958868894601544,0.23686067019400353,0.1931414297037721,1.5666315378910798,0.728813030051408,
2026-07-07T09:58:35.447094+00:00,steel-plates-fault,40982,lightgbm,1,100,1452,80,20,389,7,27,27,,,,,,,,,,,,,,,,,,,,,,,,,stratified_labeled_val,7,True,7,28,"{Bumps:321,Dirtiness:44,K_Scratch:313,Other_Faults:538,Pastry:126,Stains:58,Z_Scratch:152}","{Bumps:19,Dirtiness:7,K_Scratch:18,Other_Faults:28,Pastry:10,Stains:7,Z_Scratch:11}","{Bumps:4,Dirtiness:1,K_Scratch:4,Other_Faults:6,Pastry:2,Stains:1,Z_Scratch:2}","{Bumps:81,Dirtiness:11,K_Scratch:78,Other_Faults:135,Pastry:32,Stains:14,Z_Scratch:38}","{Bumps:302,Dirtiness:37,K_Scratch:295,Other_Faults:510,Pastry:116,Stains:51,Z_Scratch:141}",2.9403,success,,0.5886889460154242,0.6079876345227222,0.6051922021593545,2.7211104797010877,0.8551395197910286,
2026-07-07T09:58:38.399514+00:00,steel-plates-fault,40982,lightgbm,1,250,1302,200,50,389,7,27,27,,,,,,,,,,,,,,,,,,,,,,,,,stratified_labeled_val,7,True,11,80,"{Bumps:321,Dirtiness:44,K_Scratch:313,Other_Faults:538,Pastry:126,Stains:58,Z_Scratch:152}","{Bumps:50,Dirtiness:11,K_Scratch:48,Other_Faults:80,Pastry:22,Stains:13,Z_Scratch:26}","{Bumps:10,Dirtiness:2,K_Scratch:10,Other_Faults:16,Pastry:4,Stains:3,Z_Scratch:5}","{Bumps:81,Dirtiness:11,K_Scratch:78,Other_Faults:135,Pastry:32,Stains:14,Z_Scratch:38}","{Bumps:271,Dirtiness:33,K_Scratch:265,Other_Faults:458,Pastry:104,Stains:45,Z_Scratch:126}",6.9464,success,,0.6529562982005142,0.6659565145937326,0.6859073136538151,1.7838262592173553,0.9156076058407084,
2026-07-07T09:58:45.355856+00:00,steel-plates-fault,40982,lightgbm,1,500,1052,400,100,389,7,27,27,,,,,,,,,,,,,,,,,,,,,,,,,stratified_labeled_val,7,True,18,166,"{Bumps:321,Dirtiness:44,K_Scratch:313,Other_Faults:538,Pastry:126,Stains:58,Z_Scratch:152}","{Bumps:101,Dirtiness:18,K_Scratch:99,Other_Faults:166,Pastry:43,Stains:22,Z_Scratch:51}","{Bumps:20,Dirtiness:4,K_Scratch:20,Other_Faults:33,Pastry:9,Stains:4,Z_Scratch:10}","{Bumps:81,Dirtiness:11,K_Scratch:78,Other_Faults:135,Pastry:32,Stains:14,Z_Scratch:38}","{Bumps:220,Dirtiness:26,K_Scratch:214,Other_Faults:372,Pastry:83,Stains:36,Z_Scratch:101}",9.799,success,,0.712082262210797,0.7196564846784145,0.7343071141657714,1.5240252909819028,0.9325567849746096,
2026-07-07T09:58:55.164080+00:00,steel-plates-fault,40982,lightgbm,2,50,1502,40,10,389,7,27,27,,,,,,,,,,,,,,,,,,,,,,,,,stratified_labeled_val,7,True,4,13,"{Bumps:321,Dirtiness:44,K_Scratch:313,Other_Faults:538,Pastry:126,Stains:58,Z_Scratch:152}","{Bumps:9,Dirtiness:4,K_Scratch:9,Other_Faults:13,Pastry:5,Stains:4,Z_Scratch:6}","{Bumps:2,Dirtiness:1,K_Scratch:2,Other_Faults:2,Pastry:1,Stains:1,Z_Scratch:1}","{Bumps:81,Dirtiness:11,K_Scratch:78,Other_Faults:135,Pastry:32,Stains:14,Z_Scratch:38}","{Bumps:312,Dirtiness:40,K_Scratch:304,Other_Faults:525,Pastry:121,Stains:54,Z_Scratch:146}",0.8534,success,,0.4138817480719794,0.20903540903540904,0.1574463118580766,1.6325324399801717,0.6864565051147942,
2026-07-07T09:58:56.025651+00:00,steel-plates-fault,40982,lightgbm,2,100,1452,80,20,389,7,27,27,,,,,,,,,,,,,,,,,,,,,,,,,stratified_labeled_val,7,True,7,28,"{Bumps:321,Dirtiness:44,K_Scratch:313,Other_Faults:538,Pastry:126,Stains:58,Z_Scratch:152}","{Bumps:19,Dirtiness:7,K_Scratch:18,Other_Faults:28,Pastry:10,Stains:7,Z_Scratch:11}","{Bumps:4,Dirtiness:1,K_Scratch:4,Other_Faults:6,Pastry:2,Stains:1,Z_Scratch:2}","{Bumps:81,Dirtiness:11,K_Scratch:78,Other_Faults:135,Pastry:32,Stains:14,Z_Scratch:38}","{Bumps:302,Dirtiness:37,K_Scratch:295,Other_Faults:510,Pastry:116,Stains:51,Z_Scratch:141}",3.1949,success,,0.583547557840617,0.5970747407934125,0.5617496631331814,2.860821542817793,0.8703702705211276,
2026-07-07T09:58:59.230769+00:00,steel-plates-fault,40982,lightgbm,2,250,1302,200,50,389,7,27,27,,,,,,,,,,,,,,,,,,,,,,,,,stratified_labeled_val,7,True,11,80,"{Bumps:321,Dirtiness:44,K_Scratch:313,Other_Faults:538,Pastry:126,Stains:58,Z_Scratch:152}","{Bumps:50,Dirtiness:11,K_Scratch:48,Other_Faults:80,Pastry:22,Stains:13,Z_Scratch:26}","{Bumps:10,Dirtiness:2,K_Scratch:10,Other_Faults:16,Pastry:4,Stains:3,Z_Scratch:5}","{Bumps:81,Dirtiness:11,K_Scratch:78,Other_Faults:135,Pastry:32,Stains:14,Z_Scratch:38}","{Bumps:271,Dirtiness:33,K_Scratch:265,Other_Faults:458,Pastry:104,Stains:45,Z_Scratch:126}",7.7097,success,,0.6940874035989717,0.7293529320628318,0.7171830042542549,1.7868377675242764,0.9131433601861062,
2026-07-07T09:59:06.950782+00:00,steel-plates-fault,40982,lightgbm,2,500,1052,400,100,389,7,27,27,,,,,,,,,,,,,,,,,,,,,,,,,stratified_labeled_val,7,True,18,166,"{Bumps:321,Dirtiness:44,K_Scratch:313,Other_Faults:538,Pastry:126,Stains:58,Z_Scratch:152}","{Bumps:101,Dirtiness:18,K_Scratch:99,Other_Faults:166,Pastry:43,Stains:22,Z_Scratch:51}","{Bumps:20,Dirtiness:4,K_Scratch:20,Other_Faults:33,Pastry:9,Stains:4,Z_Scratch:10}","{Bumps:81,Dirtiness:11,K_Scratch:78,Other_Faults:135,Pastry:32,Stains:14,Z_Scratch:38}","{Bumps:220,Dirtiness:26,K_Scratch:214,Other_Faults:372,Pastry:83,Stains:36,Z_Scratch:101}",10.3082,success,,0.7069408740359897,0.7329585450982694,0.738810040891835,1.535453165941675,0.9326033045380298,
2026-07-07T09:59:17.268437+00:00,steel-plates-fault,40982,catboost,0,50,1502,40,10,389,7,27,27,,,,,,,,,,,,,,,,,,,,,,,,,stratified_labeled_val,7,True,4,13,"{Bumps:321,Dirtiness:44,K_Scratch:313,Other_Faults:538,Pastry:126,Stains:58,Z_Scratch:152}","{Bumps:9,Dirtiness:4,K_Scratch:9,Other_Faults:13,Pastry:5,Stains:4,Z_Scratch:6}","{Bumps:2,Dirtiness:1,K_Scratch:2,Other_Faults:2,Pastry:1,Stains:1,Z_Scratch:1}","{Bumps:81,Dirtiness:11,K_Scratch:78,Other_Faults:135,Pastry:32,Stains:14,Z_Scratch:38}","{Bumps:312,Dirtiness:40,K_Scratch:304,Other_Faults:525,Pastry:121,Stains:54,Z_Scratch:146}",7.8378,success,,0.6298200514138818,0.6688879671335811,0.6632193669821198,1.2018265006399267,0.8675252565989594,
2026-07-07T09:59:25.114172+00:00,steel-plates-fault,40982,catboost,0,100,1452,80,20,389,7,27,27,,,,,,,,,,,,,,,,,,,,,,,,,stratified_labeled_val,7,True,7,28,"{Bumps:321,Dirtiness:44,K_Scratch:313,Other_Faults:538,Pastry:126,Stains:58,Z_Scratch:152}","{Bumps:19,Dirtiness:7,K_Scratch:18,Other_Faults:28,Pastry:10,Stains:7,Z_Scratch:11}","{Bumps:4,Dirtiness:1,K_Scratch:4,Other_Faults:6,Pastry:2,Stains:1,Z_Scratch:2}","{Bumps:81,Dirtiness:11,K_Scratch:78,Other_Faults:135,Pastry:32,Stains:14,Z_Scratch:38}","{Bumps:302,Dirtiness:37,K_Scratch:295,Other_Faults:510,Pastry:116,Stains:51,Z_Scratch:141}",5.8526,success,,0.6709511568123393,0.6898352593058107,0.6823728921867822,0.9594309515941565,0.8906517022405718,
2026-07-07T09:59:30.972497+00:00,steel-plates-fault,40982,catboost,0,250,1302,200,50,389,7,27,27,,,,,,,,,,,,,,,,,,,,,,,,,stratified_labeled_val,7,True,11,80,"{Bumps:321,Dirtiness:44,K_Scratch:313,Other_Faults:538,Pastry:126,Stains:58,Z_Scratch:152}","{Bumps:50,Dirtiness:11,K_Scratch:48,Other_Faults:80,Pastry:22,Stains:13,Z_Scratch:26}","{Bumps:10,Dirtiness:2,K_Scratch:10,Other_Faults:16,Pastry:4,Stains:3,Z_Scratch:5}","{Bumps:81,Dirtiness:11,K_Scratch:78,Other_Faults:135,Pastry:32,Stains:14,Z_Scratch:38}","{Bumps:271,Dirtiness:33,K_Scratch:265,Other_Faults:458,Pastry:104,Stains:45,Z_Scratch:126}",11.2862,success,,0.6940874035989717,0.6805779595879846,0.7111451866721188,0.7466158353956184,0.9402992605418733,
2026-07-07T09:59:42.263646+00:00,steel-plates-fault,40982,catboost,0,500,1052,400,100,389,7,27,27,,,,,,,,,,,,,,,,,,,,,,,,,stratified_labeled_val,7,True,18,166,"{Bumps:321,Dirtiness:44,K_Scratch:313,Other_Faults:538,Pastry:126,Stains:58,Z_Scratch:152}","{Bumps:101,Dirtiness:18,K_Scratch:99,Other_Faults:166,Pastry:43,Stains:22,Z_Scratch:51}","{Bumps:20,Dirtiness:4,K_Scratch:20,Other_Faults:33,Pastry:9,Stains:4,Z_Scratch:10}","{Bumps:81,Dirtiness:11,K_Scratch:78,Other_Faults:135,Pastry:32,Stains:14,Z_Scratch:38}","{Bumps:220,Dirtiness:26,K_Scratch:214,Other_Faults:372,Pastry:83,Stains:36,Z_Scratch:101}",13.8231,success,,0.7634961439588689,0.7544737437907864,0.7835549020428951,0.6233179142368107,0.9566288732464379,
2026-07-07T09:59:56.091334+00:00,steel-plates-fault,40982,catboost,1,50,1502,40,10,389,7,27,27,,,,,,,,,,,,,,,,,,,,,,,,,stratified_labeled_val,7,True,4,13,"{Bumps:321,Dirtiness:44,K_Scratch:313,Other_Faults:538,Pastry:126,Stains:58,Z_Scratch:152}","{Bumps:9,Dirtiness:4,K_Scratch:9,Other_Faults:13,Pastry:5,Stains:4,Z_Scratch:6}","{Bumps:2,Dirtiness:1,K_Scratch:2,Other_Faults:2,Pastry:1,Stains:1,Z_Scratch:1}","{Bumps:81,Dirtiness:11,K_Scratch:78,Other_Faults:135,Pastry:32,Stains:14,Z_Scratch:38}","{Bumps:312,Dirtiness:40,K_Scratch:304,Other_Faults:525,Pastry:121,Stains:54,Z_Scratch:146}",3.6145,success,,0.5501285347043702,0.6125909624813133,0.585596236818984,1.277282453049677,0.8574422049633218,
2026-07-07T09:59:59.711631+00:00,steel-plates-fault,40982,catboost,1,100,1452,80,20,389,7,27,27,,,,,,,,,,,,,,,,,,,,,,,,,stratified_labeled_val,7,True,7,28,"{Bumps:321,Dirtiness:44,K_Scratch:313,Other_Faults:538,Pastry:126,Stains:58,Z_Scratch:152}","{Bumps:19,Dirtiness:7,K_Scratch:18,Other_Faults:28,Pastry:10,Stains:7,Z_Scratch:11}","{Bumps:4,Dirtiness:1,K_Scratch:4,Other_Faults:6,Pastry:2,Stains:1,Z_Scratch:2}","{Bumps:81,Dirtiness:11,K_Scratch:78,Other_Faults:135,Pastry:32,Stains:14,Z_Scratch:38}","{Bumps:302,Dirtiness:37,K_Scratch:295,Other_Faults:510,Pastry:116,Stains:51,Z_Scratch:141}",6.7238,success,,0.5861182519280206,0.6026816964943531,0.6118010112977176,1.1951564857840606,0.8758102369024695,
2026-07-07T10:00:06.441146+00:00,steel-plates-fault,40982,catboost,1,250,1302,200,50,389,7,27,27,,,,,,,,,,,,,,,,,,,,,,,,,stratified_labeled_val,7,True,11,80,"{Bumps:321,Dirtiness:44,K_Scratch:313,Other_Faults:538,Pastry:126,Stains:58,Z_Scratch:152}","{Bumps:50,Dirtiness:11,K_Scratch:48,Other_Faults:80,Pastry:22,Stains:13,Z_Scratch:26}","{Bumps:10,Dirtiness:2,K_Scratch:10,Other_Faults:16,Pastry:4,Stains:3,Z_Scratch:5}","{Bumps:81,Dirtiness:11,K_Scratch:78,Other_Faults:135,Pastry:32,Stains:14,Z_Scratch:38}","{Bumps:271,Dirtiness:33,K_Scratch:265,Other_Faults:458,Pastry:104,Stains:45,Z_Scratch:126}",10.2913,success,,0.6812339331619537,0.701250269733979,0.7225335508623739,0.8586690361654653,0.9223347130304641,
2026-07-07T10:00:16.738074+00:00,steel-plates-fault,40982,catboost,1,500,1052,400,100,389,7,27,27,,,,,,,,,,,,,,,,,,,,,,,,,stratified_labeled_val,7,True,18,166,"{Bumps:321,Dirtiness:44,K_Scratch:313,Other_Faults:538,Pastry:126,Stains:58,Z_Scratch:152}","{Bumps:101,Dirtiness:18,K_Scratch:99,Other_Faults:166,Pastry:43,Stains:22,Z_Scratch:51}","{Bumps:20,Dirtiness:4,K_Scratch:20,Other_Faults:33,Pastry:9,Stains:4,Z_Scratch:10}","{Bumps:81,Dirtiness:11,K_Scratch:78,Other_Faults:135,Pastry:32,Stains:14,Z_Scratch:38}","{Bumps:220,Dirtiness:26,K_Scratch:214,Other_Faults:372,Pastry:83,Stains:36,Z_Scratch:101}",14.3628,success,,0.7172236503856041,0.7173894210078421,0.746289715714662,0.7479800175793192,0.9345106557803178,
2026-07-07T10:00:31.105611+00:00,steel-plates-fault,40982,catboost,2,50,1502,40,10,389,7,27,27,,,,,,,,,,,,,,,,,,,,,,,,,stratified_labeled_val,7,True,4,13,"{Bumps:321,Dirtiness:44,K_Scratch:313,Other_Faults:538,Pastry:126,Stains:58,Z_Scratch:152}","{Bumps:9,Dirtiness:4,K_Scratch:9,Other_Faults:13,Pastry:5,Stains:4,Z_Scratch:6}","{Bumps:2,Dirtiness:1,K_Scratch:2,Other_Faults:2,Pastry:1,Stains:1,Z_Scratch:1}","{Bumps:81,Dirtiness:11,K_Scratch:78,Other_Faults:135,Pastry:32,Stains:14,Z_Scratch:38}","{Bumps:312,Dirtiness:40,K_Scratch:304,Other_Faults:525,Pastry:121,Stains:54,Z_Scratch:146}",3.5205,success,,0.5989717223650386,0.5667095864777568,0.576506438812815,1.160158430390252,0.8669408616679413,
2026-07-07T10:00:34.632083+00:00,steel-plates-fault,40982,catboost,2,100,1452,80,20,389,7,27,27,,,,,,,,,,,,,,,,,,,,,,,,,stratified_labeled_val,7,True,7,28,"{Bumps:321,Dirtiness:44,K_Scratch:313,Other_Faults:538,Pastry:126,Stains:58,Z_Scratch:152}","{Bumps:19,Dirtiness:7,K_Scratch:18,Other_Faults:28,Pastry:10,Stains:7,Z_Scratch:11}","{Bumps:4,Dirtiness:1,K_Scratch:4,Other_Faults:6,Pastry:2,Stains:1,Z_Scratch:2}","{Bumps:81,Dirtiness:11,K_Scratch:78,Other_Faults:135,Pastry:32,Stains:14,Z_Scratch:38}","{Bumps:302,Dirtiness:37,K_Scratch:295,Other_Faults:510,Pastry:116,Stains:51,Z_Scratch:141}",6.85,success,,0.6503856041131105,0.6599781142231017,0.6571668649816397,1.0621544984285374,0.8971282876070196,
2026-07-07T10:00:41.490112+00:00,steel-plates-fault,40982,catboost,2,250,1302,200,50,389,7,27,27,,,,,,,,,,,,,,,,,,,,,,,,,stratified_labeled_val,7,True,11,80,"{Bumps:321,Dirtiness:44,K_Scratch:313,Other_Faults:538,Pastry:126,Stains:58,Z_Scratch:152}","{Bumps:50,Dirtiness:11,K_Scratch:48,Other_Faults:80,Pastry:22,Stains:13,Z_Scratch:26}","{Bumps:10,Dirtiness:2,K_Scratch:10,Other_Faults:16,Pastry:4,Stains:3,Z_Scratch:5}","{Bumps:81,Dirtiness:11,K_Scratch:78,Other_Faults:135,Pastry:32,Stains:14,Z_Scratch:38}","{Bumps:271,Dirtiness:33,K_Scratch:265,Other_Faults:458,Pastry:104,Stains:45,Z_Scratch:126}",10.7061,success,,0.7197943444730077,0.7202434499270339,0.7453044106094957,0.8053240775964483,0.9274561044469677,
2026-07-07T10:00:52.201164+00:00,steel-plates-fault,40982,catboost,2,500,1052,400,100,389,7,27,27,,,,,,,,,,,,,,,,,,,,,,,,,stratified_labeled_val,7,True,18,166,"{Bumps:321,Dirtiness:44,K_Scratch:313,Other_Faults:538,Pastry:126,Stains:58,Z_Scratch:152}","{Bumps:101,Dirtiness:18,K_Scratch:99,Other_Faults:166,Pastry:43,Stains:22,Z_Scratch:51}","{Bumps:20,Dirtiness:4,K_Scratch:20,Other_Faults:33,Pastry:9,Stains:4,Z_Scratch:10}","{Bumps:81,Dirtiness:11,K_Scratch:78,Other_Faults:135,Pastry:32,Stains:14,Z_Scratch:38}","{Bumps:220,Dirtiness:26,K_Scratch:214,Other_Faults:372,Pastry:83,Stains:36,Z_Scratch:101}",15.3048,success,,0.7249357326478149,0.7444102512868177,0.7596384567813139,0.6833729594397849,0.9459036700541298,
2026-07-07T10:01:07.510501+00:00,steel-plates-fault,40982,mlp,0,50,1502,40,10,389,7,27,27,,,,,,,,,,,,,,,,,,,,,,,,,stratified_labeled_val,7,True,4,13,"{Bumps:321,Dirtiness:44,K_Scratch:313,Other_Faults:538,Pastry:126,Stains:58,Z_Scratch:152}","{Bumps:9,Dirtiness:4,K_Scratch:9,Other_Faults:13,Pastry:5,Stains:4,Z_Scratch:6}","{Bumps:2,Dirtiness:1,K_Scratch:2,Other_Faults:2,Pastry:1,Stains:1,Z_Scratch:1}","{Bumps:81,Dirtiness:11,K_Scratch:78,Other_Faults:135,Pastry:32,Stains:14,Z_Scratch:38}","{Bumps:312,Dirtiness:40,K_Scratch:304,Other_Faults:525,Pastry:121,Stains:54,Z_Scratch:146}",0.1895,success,,0.5244215938303342,0.32060340105452884,0.3093570767751212,1.4590082168579102,0.824780622333526,
2026-07-07T10:01:07.707481+00:00,steel-plates-fault,40982,mlp,0,100,1452,80,20,389,7,27,27,,,,,,,,,,,,,,,,,,,,,,,,,stratified_labeled_val,7,True,7,28,"{Bumps:321,Dirtiness:44,K_Scratch:313,Other_Faults:538,Pastry:126,Stains:58,Z_Scratch:152}","{Bumps:19,Dirtiness:7,K_Scratch:18,Other_Faults:28,Pastry:10,Stains:7,Z_Scratch:11}","{Bumps:4,Dirtiness:1,K_Scratch:4,Other_Faults:6,Pastry:2,Stains:1,Z_Scratch:2}","{Bumps:81,Dirtiness:11,K_Scratch:78,Other_Faults:135,Pastry:32,Stains:14,Z_Scratch:38}","{Bumps:302,Dirtiness:37,K_Scratch:295,Other_Faults:510,Pastry:116,Stains:51,Z_Scratch:141}",0.1253,success,,0.43444730077120824,0.26223128723128725,0.25112795162056245,1.6351205110549927,0.7576662387436534,
2026-07-07T10:01:07.839718+00:00,steel-plates-fault,40982,mlp,0,250,1302,200,50,389,7,27,27,,,,,,,,,,,,,,,,,,,,,,,,,stratified_labeled_val,7,True,11,80,"{Bumps:321,Dirtiness:44,K_Scratch:313,Other_Faults:538,Pastry:126,Stains:58,Z_Scratch:152}","{Bumps:50,Dirtiness:11,K_Scratch:48,Other_Faults:80,Pastry:22,Stains:13,Z_Scratch:26}","{Bumps:10,Dirtiness:2,K_Scratch:10,Other_Faults:16,Pastry:4,Stains:3,Z_Scratch:5}","{Bumps:81,Dirtiness:11,K_Scratch:78,Other_Faults:135,Pastry:32,Stains:14,Z_Scratch:38}","{Bumps:271,Dirtiness:33,K_Scratch:265,Other_Faults:458,Pastry:104,Stains:45,Z_Scratch:126}",0.2359,success,,0.6349614395886889,0.5595884726523824,0.5834858481761712,1.0092012882232666,0.8981737036692963,
2026-07-07T10:01:08.079811+00:00,steel-plates-fault,40982,mlp,0,500,1052,400,100,389,7,27,27,,,,,,,,,,,,,,,,,,,,,,,,,stratified_labeled_val,7,True,18,166,"{Bumps:321,Dirtiness:44,K_Scratch:313,Other_Faults:538,Pastry:126,Stains:58,Z_Scratch:152}","{Bumps:101,Dirtiness:18,K_Scratch:99,Other_Faults:166,Pastry:43,Stains:22,Z_Scratch:51}","{Bumps:20,Dirtiness:4,K_Scratch:20,Other_Faults:33,Pastry:9,Stains:4,Z_Scratch:10}","{Bumps:81,Dirtiness:11,K_Scratch:78,Other_Faults:135,Pastry:32,Stains:14,Z_Scratch:38}","{Bumps:220,Dirtiness:26,K_Scratch:214,Other_Faults:372,Pastry:83,Stains:36,Z_Scratch:101}",0.2939,success,,0.6580976863753213,0.6336140693753476,0.6478610675039247,0.8970974087715149,0.8994174567194867,
2026-07-07T10:01:08.377862+00:00,steel-plates-fault,40982,mlp,1,50,1502,40,10,389,7,27,27,,,,,,,,,,,,,,,,,,,,,,,,,stratified_labeled_val,7,True,4,13,"{Bumps:321,Dirtiness:44,K_Scratch:313,Other_Faults:538,Pastry:126,Stains:58,Z_Scratch:152}","{Bumps:9,Dirtiness:4,K_Scratch:9,Other_Faults:13,Pastry:5,Stains:4,Z_Scratch:6}","{Bumps:2,Dirtiness:1,K_Scratch:2,Other_Faults:2,Pastry:1,Stains:1,Z_Scratch:1}","{Bumps:81,Dirtiness:11,K_Scratch:78,Other_Faults:135,Pastry:32,Stains:14,Z_Scratch:38}","{Bumps:312,Dirtiness:40,K_Scratch:304,Other_Faults:525,Pastry:121,Stains:54,Z_Scratch:146}",0.1313,success,,0.5398457583547558,0.45887636277673866,0.47154467863581334,1.412501573562622,0.8481569741067677,
2026-07-07T10:01:08.514849+00:00,steel-plates-fault,40982,mlp,1,100,1452,80,20,389,7,27,27,,,,,,,,,,,,,,,,,,,,,,,,,stratified_labeled_val,7,True,7,28,"{Bumps:321,Dirtiness:44,K_Scratch:313,Other_Faults:538,Pastry:126,Stains:58,Z_Scratch:152}","{Bumps:19,Dirtiness:7,K_Scratch:18,Other_Faults:28,Pastry:10,Stains:7,Z_Scratch:11}","{Bumps:4,Dirtiness:1,K_Scratch:4,Other_Faults:6,Pastry:2,Stains:1,Z_Scratch:2}","{Bumps:81,Dirtiness:11,K_Scratch:78,Other_Faults:135,Pastry:32,Stains:14,Z_Scratch:38}","{Bumps:302,Dirtiness:37,K_Scratch:295,Other_Faults:510,Pastry:116,Stains:51,Z_Scratch:141}",0.1317,success,,0.4138817480719794,0.3247374011628398,0.3416232130869935,1.6426063776016235,0.7840469414622225,
2026-07-07T10:01:08.651423+00:00,steel-plates-fault,40982,mlp,1,250,1302,200,50,389,7,27,27,,,,,,,,,,,,,,,,,,,,,,,,,stratified_labeled_val,7,True,11,80,"{Bumps:321,Dirtiness:44,K_Scratch:313,Other_Faults:538,Pastry:126,Stains:58,Z_Scratch:152}","{Bumps:50,Dirtiness:11,K_Scratch:48,Other_Faults:80,Pastry:22,Stains:13,Z_Scratch:26}","{Bumps:10,Dirtiness:2,K_Scratch:10,Other_Faults:16,Pastry:4,Stains:3,Z_Scratch:5}","{Bumps:81,Dirtiness:11,K_Scratch:78,Other_Faults:135,Pastry:32,Stains:14,Z_Scratch:38}","{Bumps:271,Dirtiness:33,K_Scratch:265,Other_Faults:458,Pastry:104,Stains:45,Z_Scratch:126}",0.1657,success,,0.43444730077120824,0.28630376689587217,0.29000545114533605,1.647782325744629,0.7277868860936347,
2026-07-07T10:01:08.822778+00:00,steel-plates-fault,40982,mlp,1,500,1052,400,100,389,7,27,27,,,,,,,,,,,,,,,,,,,,,,,,,stratified_labeled_val,7,True,18,166,"{Bumps:321,Dirtiness:44,K_Scratch:313,Other_Faults:538,Pastry:126,Stains:58,Z_Scratch:152}","{Bumps:101,Dirtiness:18,K_Scratch:99,Other_Faults:166,Pastry:43,Stains:22,Z_Scratch:51}","{Bumps:20,Dirtiness:4,K_Scratch:20,Other_Faults:33,Pastry:9,Stains:4,Z_Scratch:10}","{Bumps:81,Dirtiness:11,K_Scratch:78,Other_Faults:135,Pastry:32,Stains:14,Z_Scratch:38}","{Bumps:220,Dirtiness:26,K_Scratch:214,Other_Faults:372,Pastry:83,Stains:36,Z_Scratch:101}",0.2931,success,,0.6452442159383034,0.5752985521625872,0.5823580733955867,0.9814730882644653,0.8994947176224245,
2026-07-07T10:01:09.121703+00:00,steel-plates-fault,40982,mlp,2,50,1502,40,10,389,7,27,27,,,,,,,,,,,,,,,,,,,,,,,,,stratified_labeled_val,7,True,4,13,"{Bumps:321,Dirtiness:44,K_Scratch:313,Other_Faults:538,Pastry:126,Stains:58,Z_Scratch:152}","{Bumps:9,Dirtiness:4,K_Scratch:9,Other_Faults:13,Pastry:5,Stains:4,Z_Scratch:6}","{Bumps:2,Dirtiness:1,K_Scratch:2,Other_Faults:2,Pastry:1,Stains:1,Z_Scratch:1}","{Bumps:81,Dirtiness:11,K_Scratch:78,Other_Faults:135,Pastry:32,Stains:14,Z_Scratch:38}","{Bumps:312,Dirtiness:40,K_Scratch:304,Other_Faults:525,Pastry:121,Stains:54,Z_Scratch:146}",0.1175,success,,0.3856041131105398,0.3225505395931461,0.28517581556521493,1.7554876804351807,0.6756945563178162,
2026-07-07T10:01:09.245426+00:00,steel-plates-fault,40982,mlp,2,100,1452,80,20,389,7,27,27,,,,,,,,,,,,,,,,,,,,,,,,,stratified_labeled_val,7,True,7,28,"{Bumps:321,Dirtiness:44,K_Scratch:313,Other_Faults:538,Pastry:126,Stains:58,Z_Scratch:152}","{Bumps:19,Dirtiness:7,K_Scratch:18,Other_Faults:28,Pastry:10,Stains:7,Z_Scratch:11}","{Bumps:4,Dirtiness:1,K_Scratch:4,Other_Faults:6,Pastry:2,Stains:1,Z_Scratch:2}","{Bumps:81,Dirtiness:11,K_Scratch:78,Other_Faults:135,Pastry:32,Stains:14,Z_Scratch:38}","{Bumps:302,Dirtiness:37,K_Scratch:295,Other_Faults:510,Pastry:116,Stains:51,Z_Scratch:141}",0.1352,success,,0.46786632390745503,0.3206664019633944,0.32602498281480446,1.6232709884643555,0.7674423871171138,
2026-07-07T10:01:09.385990+00:00,steel-plates-fault,40982,mlp,2,250,1302,200,50,389,7,27,27,,,,,,,,,,,,,,,,,,,,,,,,,stratified_labeled_val,7,True,11,80,"{Bumps:321,Dirtiness:44,K_Scratch:313,Other_Faults:538,Pastry:126,Stains:58,Z_Scratch:152}","{Bumps:50,Dirtiness:11,K_Scratch:48,Other_Faults:80,Pastry:22,Stains:13,Z_Scratch:26}","{Bumps:10,Dirtiness:2,K_Scratch:10,Other_Faults:16,Pastry:4,Stains:3,Z_Scratch:5}","{Bumps:81,Dirtiness:11,K_Scratch:78,Other_Faults:135,Pastry:32,Stains:14,Z_Scratch:38}","{Bumps:271,Dirtiness:33,K_Scratch:265,Other_Faults:458,Pastry:104,Stains:45,Z_Scratch:126}",0.1469,success,,0.5012853470437018,0.28644688644688643,0.2719474065722745,1.5687594413757324,0.7531720802401435,
2026-07-07T10:01:09.540828+00:00,steel-plates-fault,40982,mlp,2,500,1052,400,100,389,7,27,27,,,,,,,,,,,,,,,,,,,,,,,,,stratified_labeled_val,7,True,18,166,"{Bumps:321,Dirtiness:44,K_Scratch:313,Other_Faults:538,Pastry:126,Stains:58,Z_Scratch:152}","{Bumps:101,Dirtiness:18,K_Scratch:99,Other_Faults:166,Pastry:43,Stains:22,Z_Scratch:51}","{Bumps:20,Dirtiness:4,K_Scratch:20,Other_Faults:33,Pastry:9,Stains:4,Z_Scratch:10}","{Bumps:81,Dirtiness:11,K_Scratch:78,Other_Faults:135,Pastry:32,Stains:14,Z_Scratch:38}","{Bumps:220,Dirtiness:26,K_Scratch:214,Other_Faults:372,Pastry:83,Stains:36,Z_Scratch:101}",0.3158,success,,0.6760925449871465,0.6219393539255694,0.6362553969530483,0.8241901397705078,0.9243863199048049,
2026-07-07T10:01:09.860769+00:00,steel-plates-fault,40982,label_spreading,0,50,1502,40,10,389,7,27,27,,,,,,,,,,,30,2,1542,1502,,,,,,,,,,,stratified_labeled_val,7,True,4,13,"{Bumps:321,Dirtiness:44,K_Scratch:313,Other_Faults:538,Pastry:126,Stains:58,Z_Scratch:152}","{Bumps:9,Dirtiness:4,K_Scratch:9,Other_Faults:13,Pastry:5,Stains:4,Z_Scratch:6}","{Bumps:2,Dirtiness:1,K_Scratch:2,Other_Faults:2,Pastry:1,Stains:1,Z_Scratch:1}","{Bumps:81,Dirtiness:11,K_Scratch:78,Other_Faults:135,Pastry:32,Stains:14,Z_Scratch:38}","{Bumps:312,Dirtiness:40,K_Scratch:304,Other_Faults:525,Pastry:121,Stains:54,Z_Scratch:146}",3.8012,success,,0.5295629820051414,0.6045909215865356,0.5017896223676644,1.3920905028901558,0.8485296332659209,
2026-07-07T10:01:13.666987+00:00,steel-plates-fault,40982,label_spreading,0,100,1452,80,20,389,7,27,27,,,,,,,,,,,15,1,1532,1452,,,,,,,,,,,stratified_labeled_val,7,True,7,28,"{Bumps:321,Dirtiness:44,K_Scratch:313,Other_Faults:538,Pastry:126,Stains:58,Z_Scratch:152}","{Bumps:19,Dirtiness:7,K_Scratch:18,Other_Faults:28,Pastry:10,Stains:7,Z_Scratch:11}","{Bumps:4,Dirtiness:1,K_Scratch:4,Other_Faults:6,Pastry:2,Stains:1,Z_Scratch:2}","{Bumps:81,Dirtiness:11,K_Scratch:78,Other_Faults:135,Pastry:32,Stains:14,Z_Scratch:38}","{Bumps:302,Dirtiness:37,K_Scratch:295,Other_Faults:510,Pastry:116,Stains:51,Z_Scratch:141}",1.357,success,,0.5244215938303342,0.6212172545035953,0.5538399374701515,2.999267114329907,0.835713678085695,
2026-07-07T10:01:15.042255+00:00,steel-plates-fault,40982,label_spreading,0,250,1302,200,50,389,7,27,27,,,,,,,,,,,15,1,1502,1302,,,,,,,,,,,stratified_labeled_val,7,True,11,80,"{Bumps:321,Dirtiness:44,K_Scratch:313,Other_Faults:538,Pastry:126,Stains:58,Z_Scratch:152}","{Bumps:50,Dirtiness:11,K_Scratch:48,Other_Faults:80,Pastry:22,Stains:13,Z_Scratch:26}","{Bumps:10,Dirtiness:2,K_Scratch:10,Other_Faults:16,Pastry:4,Stains:3,Z_Scratch:5}","{Bumps:81,Dirtiness:11,K_Scratch:78,Other_Faults:135,Pastry:32,Stains:14,Z_Scratch:38}","{Bumps:271,Dirtiness:33,K_Scratch:265,Other_Faults:458,Pastry:104,Stains:45,Z_Scratch:126}",1.6552,success,,0.6478149100257069,0.6834222278927793,0.641079519162061,0.8991977035450778,0.9189583781144505,
2026-07-07T10:01:16.705667+00:00,steel-plates-fault,40982,label_spreading,0,500,1052,400,100,389,7,27,27,,,,,,,,,,,15,1,1452,1052,,,,,,,,,,,stratified_labeled_val,7,True,18,166,"{Bumps:321,Dirtiness:44,K_Scratch:313,Other_Faults:538,Pastry:126,Stains:58,Z_Scratch:152}","{Bumps:101,Dirtiness:18,K_Scratch:99,Other_Faults:166,Pastry:43,Stains:22,Z_Scratch:51}","{Bumps:20,Dirtiness:4,K_Scratch:20,Other_Faults:33,Pastry:9,Stains:4,Z_Scratch:10}","{Bumps:81,Dirtiness:11,K_Scratch:78,Other_Faults:135,Pastry:32,Stains:14,Z_Scratch:38}","{Bumps:220,Dirtiness:26,K_Scratch:214,Other_Faults:372,Pastry:83,Stains:36,Z_Scratch:101}",1.499,success,,0.6889460154241646,0.7056291174712228,0.7094155844155845,0.7916199049383826,0.9299252030306041,
2026-07-07T10:01:18.213985+00:00,steel-plates-fault,40982,label_spreading,1,50,1502,40,10,389,7,27,27,,,,,,,,,,,15,1,1542,1502,,,,,,,,,,,stratified_labeled_val,7,True,4,13,"{Bumps:321,Dirtiness:44,K_Scratch:313,Other_Faults:538,Pastry:126,Stains:58,Z_Scratch:152}","{Bumps:9,Dirtiness:4,K_Scratch:9,Other_Faults:13,Pastry:5,Stains:4,Z_Scratch:6}","{Bumps:2,Dirtiness:1,K_Scratch:2,Other_Faults:2,Pastry:1,Stains:1,Z_Scratch:1}","{Bumps:81,Dirtiness:11,K_Scratch:78,Other_Faults:135,Pastry:32,Stains:14,Z_Scratch:38}","{Bumps:312,Dirtiness:40,K_Scratch:304,Other_Faults:525,Pastry:121,Stains:54,Z_Scratch:146}",1.8174,success,,0.5526992287917738,0.6257765301624951,0.5598888116150429,2.122831104037434,0.8731386964715728,
2026-07-07T10:01:20.037303+00:00,steel-plates-fault,40982,label_spreading,1,100,1452,80,20,389,7,27,27,,,,,,,,,,,15,1,1532,1452,,,,,,,,,,,stratified_labeled_val,7,True,7,28,"{Bumps:321,Dirtiness:44,K_Scratch:313,Other_Faults:538,Pastry:126,Stains:58,Z_Scratch:152}","{Bumps:19,Dirtiness:7,K_Scratch:18,Other_Faults:28,Pastry:10,Stains:7,Z_Scratch:11}","{Bumps:4,Dirtiness:1,K_Scratch:4,Other_Faults:6,Pastry:2,Stains:1,Z_Scratch:2}","{Bumps:81,Dirtiness:11,K_Scratch:78,Other_Faults:135,Pastry:32,Stains:14,Z_Scratch:38}","{Bumps:302,Dirtiness:37,K_Scratch:295,Other_Faults:510,Pastry:116,Stains:51,Z_Scratch:141}",1.6393,success,,0.5655526992287918,0.6082768149654115,0.5791131405988416,1.8459404587077113,0.8741592446459228,
2026-07-07T10:01:21.686569+00:00,steel-plates-fault,40982,label_spreading,1,250,1302,200,50,389,7,27,27,,,,,,,,,,,15,1,1502,1302,,,,,,,,,,,stratified_labeled_val,7,True,11,80,"{Bumps:321,Dirtiness:44,K_Scratch:313,Other_Faults:538,Pastry:126,Stains:58,Z_Scratch:152}","{Bumps:50,Dirtiness:11,K_Scratch:48,Other_Faults:80,Pastry:22,Stains:13,Z_Scratch:26}","{Bumps:10,Dirtiness:2,K_Scratch:10,Other_Faults:16,Pastry:4,Stains:3,Z_Scratch:5}","{Bumps:81,Dirtiness:11,K_Scratch:78,Other_Faults:135,Pastry:32,Stains:14,Z_Scratch:38}","{Bumps:271,Dirtiness:33,K_Scratch:265,Other_Faults:458,Pastry:104,Stains:45,Z_Scratch:126}",1.8219,success,,0.6169665809768637,0.6566095778815078,0.6480670878834918,1.1196827311702497,0.9012098598147368,
2026-07-07T10:01:23.521561+00:00,steel-plates-fault,40982,label_spreading,1,500,1052,400,100,389,7,27,27,,,,,,,,,,,7,0,1452,1052,,,,,,,,,,,stratified_labeled_val,7,True,18,166,"{Bumps:321,Dirtiness:44,K_Scratch:313,Other_Faults:538,Pastry:126,Stains:58,Z_Scratch:152}","{Bumps:101,Dirtiness:18,K_Scratch:99,Other_Faults:166,Pastry:43,Stains:22,Z_Scratch:51}","{Bumps:20,Dirtiness:4,K_Scratch:20,Other_Faults:33,Pastry:9,Stains:4,Z_Scratch:10}","{Bumps:81,Dirtiness:11,K_Scratch:78,Other_Faults:135,Pastry:32,Stains:14,Z_Scratch:38}","{Bumps:220,Dirtiness:26,K_Scratch:214,Other_Faults:372,Pastry:83,Stains:36,Z_Scratch:101}",0.9349,success,,0.6606683804627249,0.6868225707041496,0.6645997251777003,1.1367752912952807,0.9301130430997855,
2026-07-07T10:01:24.465395+00:00,steel-plates-fault,40982,label_spreading,2,50,1502,40,10,389,7,27,27,,,,,,,,,,,15,1,1542,1502,,,,,,,,,,,stratified_labeled_val,7,True,4,13,"{Bumps:321,Dirtiness:44,K_Scratch:313,Other_Faults:538,Pastry:126,Stains:58,Z_Scratch:152}","{Bumps:9,Dirtiness:4,K_Scratch:9,Other_Faults:13,Pastry:5,Stains:4,Z_Scratch:6}","{Bumps:2,Dirtiness:1,K_Scratch:2,Other_Faults:2,Pastry:1,Stains:1,Z_Scratch:1}","{Bumps:81,Dirtiness:11,K_Scratch:78,Other_Faults:135,Pastry:32,Stains:14,Z_Scratch:38}","{Bumps:312,Dirtiness:40,K_Scratch:304,Other_Faults:525,Pastry:121,Stains:54,Z_Scratch:146}",1.8342,success,,0.5758354755784062,0.6455229230761812,0.5704011825001597,2.497353664023104,0.867895947917982,
2026-07-07T10:01:26.321830+00:00,steel-plates-fault,40982,label_spreading,2,100,1452,80,20,389,7,27,27,,,,,,,,,,,15,1,1532,1452,,,,,,,,,,,stratified_labeled_val,7,True,7,28,"{Bumps:321,Dirtiness:44,K_Scratch:313,Other_Faults:538,Pastry:126,Stains:58,Z_Scratch:152}","{Bumps:19,Dirtiness:7,K_Scratch:18,Other_Faults:28,Pastry:10,Stains:7,Z_Scratch:11}","{Bumps:4,Dirtiness:1,K_Scratch:4,Other_Faults:6,Pastry:2,Stains:1,Z_Scratch:2}","{Bumps:81,Dirtiness:11,K_Scratch:78,Other_Faults:135,Pastry:32,Stains:14,Z_Scratch:38}","{Bumps:302,Dirtiness:37,K_Scratch:295,Other_Faults:510,Pastry:116,Stains:51,Z_Scratch:141}",1.6405,success,,0.5989717223650386,0.6632966767521905,0.5995019318943923,1.4414066118284312,0.9030898802471211,
2026-07-07T10:01:27.972897+00:00,steel-plates-fault,40982,label_spreading,2,250,1302,200,50,389,7,27,27,,,,,,,,,,,15,1,1502,1302,,,,,,,,,,,stratified_labeled_val,7,True,11,80,"{Bumps:321,Dirtiness:44,K_Scratch:313,Other_Faults:538,Pastry:126,Stains:58,Z_Scratch:152}","{Bumps:50,Dirtiness:11,K_Scratch:48,Other_Faults:80,Pastry:22,Stains:13,Z_Scratch:26}","{Bumps:10,Dirtiness:2,K_Scratch:10,Other_Faults:16,Pastry:4,Stains:3,Z_Scratch:5}","{Bumps:81,Dirtiness:11,K_Scratch:78,Other_Faults:135,Pastry:32,Stains:14,Z_Scratch:38}","{Bumps:271,Dirtiness:33,K_Scratch:265,Other_Faults:458,Pastry:104,Stains:45,Z_Scratch:126}",1.4354,success,,0.6529562982005142,0.6659211425815436,0.649349272467188,1.181989324240642,0.9051832615098897,
2026-07-07T10:01:29.416917+00:00,steel-plates-fault,40982,label_spreading,2,500,1052,400,100,389,7,27,27,,,,,,,,,,,7,0,1452,1052,,,,,,,,,,,stratified_labeled_val,7,True,18,166,"{Bumps:321,Dirtiness:44,K_Scratch:313,Other_Faults:538,Pastry:126,Stains:58,Z_Scratch:152}","{Bumps:101,Dirtiness:18,K_Scratch:99,Other_Faults:166,Pastry:43,Stains:22,Z_Scratch:51}","{Bumps:20,Dirtiness:4,K_Scratch:20,Other_Faults:33,Pastry:9,Stains:4,Z_Scratch:10}","{Bumps:81,Dirtiness:11,K_Scratch:78,Other_Faults:135,Pastry:32,Stains:14,Z_Scratch:38}","{Bumps:220,Dirtiness:26,K_Scratch:214,Other_Faults:372,Pastry:83,Stains:36,Z_Scratch:101}",0.833,success,,0.6915167095115681,0.727315386275286,0.7061026998885201,1.3670276212223842,0.9148695643882351,
2026-07-07T10:01:30.260465+00:00,steel-plates-fault,40982,label_propagation,0,50,1502,40,10,389,7,27,27,,,,,,,,,,,15,1,1542,1502,,,,,,,,,,,stratified_labeled_val,7,True,4,13,"{Bumps:321,Dirtiness:44,K_Scratch:313,Other_Faults:538,Pastry:126,Stains:58,Z_Scratch:152}","{Bumps:9,Dirtiness:4,K_Scratch:9,Other_Faults:13,Pastry:5,Stains:4,Z_Scratch:6}","{Bumps:2,Dirtiness:1,K_Scratch:2,Other_Faults:2,Pastry:1,Stains:1,Z_Scratch:1}","{Bumps:81,Dirtiness:11,K_Scratch:78,Other_Faults:135,Pastry:32,Stains:14,Z_Scratch:38}","{Bumps:312,Dirtiness:40,K_Scratch:304,Other_Faults:525,Pastry:121,Stains:54,Z_Scratch:146}",2.4428,success,,0.36246786632390743,0.4820216588387014,0.33261351359895647,1.4442013643625877,0.8382747144620541,
2026-07-07T10:01:32.712330+00:00,steel-plates-fault,40982,label_propagation,0,100,1452,80,20,389,7,27,27,,,,,,,,,,,15,1,1532,1452,,,,,,,,,,,stratified_labeled_val,7,True,7,28,"{Bumps:321,Dirtiness:44,K_Scratch:313,Other_Faults:538,Pastry:126,Stains:58,Z_Scratch:152}","{Bumps:19,Dirtiness:7,K_Scratch:18,Other_Faults:28,Pastry:10,Stains:7,Z_Scratch:11}","{Bumps:4,Dirtiness:1,K_Scratch:4,Other_Faults:6,Pastry:2,Stains:1,Z_Scratch:2}","{Bumps:81,Dirtiness:11,K_Scratch:78,Other_Faults:135,Pastry:32,Stains:14,Z_Scratch:38}","{Bumps:302,Dirtiness:37,K_Scratch:295,Other_Faults:510,Pastry:116,Stains:51,Z_Scratch:141}",2.1605,success,,0.4241645244215938,0.5383028370497042,0.41369547155260994,1.6477252265521105,0.829333431523571,
2026-07-07T10:01:34.887973+00:00,steel-plates-fault,40982,label_propagation,0,250,1302,200,50,389,7,27,27,,,,,,,,,,,15,1,1502,1302,,,,,,,,,,,stratified_labeled_val,7,True,11,80,"{Bumps:321,Dirtiness:44,K_Scratch:313,Other_Faults:538,Pastry:126,Stains:58,Z_Scratch:152}","{Bumps:50,Dirtiness:11,K_Scratch:48,Other_Faults:80,Pastry:22,Stains:13,Z_Scratch:26}","{Bumps:10,Dirtiness:2,K_Scratch:10,Other_Faults:16,Pastry:4,Stains:3,Z_Scratch:5}","{Bumps:81,Dirtiness:11,K_Scratch:78,Other_Faults:135,Pastry:32,Stains:14,Z_Scratch:38}","{Bumps:271,Dirtiness:33,K_Scratch:265,Other_Faults:458,Pastry:104,Stains:45,Z_Scratch:126}",1.4925,success,,0.6272493573264781,0.6333097226267652,0.5680429309431054,0.926783852739268,0.9083508268810954,
2026-07-07T10:01:36.390783+00:00,steel-plates-fault,40982,label_propagation,0,500,1052,400,100,389,7,27,27,,,,,,,,,,,15,1,1452,1052,,,,,,,,,,,stratified_labeled_val,7,True,18,166,"{Bumps:321,Dirtiness:44,K_Scratch:313,Other_Faults:538,Pastry:126,Stains:58,Z_Scratch:152}","{Bumps:101,Dirtiness:18,K_Scratch:99,Other_Faults:166,Pastry:43,Stains:22,Z_Scratch:51}","{Bumps:20,Dirtiness:4,K_Scratch:20,Other_Faults:33,Pastry:9,Stains:4,Z_Scratch:10}","{Bumps:81,Dirtiness:11,K_Scratch:78,Other_Faults:135,Pastry:32,Stains:14,Z_Scratch:38}","{Bumps:220,Dirtiness:26,K_Scratch:214,Other_Faults:372,Pastry:83,Stains:36,Z_Scratch:101}",1.894,success,,0.6606683804627249,0.653999177746045,0.6482066482476403,0.8216551988625818,0.9249893070565834,
2026-07-07T10:01:38.293298+00:00,steel-plates-fault,40982,label_propagation,1,50,1502,40,10,389,7,27,27,,,,,,,,,,,15,1,1542,1502,,,,,,,,,,,stratified_labeled_val,7,True,4,13,"{Bumps:321,Dirtiness:44,K_Scratch:313,Other_Faults:538,Pastry:126,Stains:58,Z_Scratch:152}","{Bumps:9,Dirtiness:4,K_Scratch:9,Other_Faults:13,Pastry:5,Stains:4,Z_Scratch:6}","{Bumps:2,Dirtiness:1,K_Scratch:2,Other_Faults:2,Pastry:1,Stains:1,Z_Scratch:1}","{Bumps:81,Dirtiness:11,K_Scratch:78,Other_Faults:135,Pastry:32,Stains:14,Z_Scratch:38}","{Bumps:312,Dirtiness:40,K_Scratch:304,Other_Faults:525,Pastry:121,Stains:54,Z_Scratch:146}",2.4462,success,,0.5012853470437018,0.6161439072623284,0.5101181179160427,1.4689891159698496,0.8737706104965642,
2026-07-07T10:01:40.748104+00:00,steel-plates-fault,40982,label_propagation,1,100,1452,80,20,389,7,27,27,,,,,,,,,,,15,1,1532,1452,,,,,,,,,,,stratified_labeled_val,7,True,7,28,"{Bumps:321,Dirtiness:44,K_Scratch:313,Other_Faults:538,Pastry:126,Stains:58,Z_Scratch:152}","{Bumps:19,Dirtiness:7,K_Scratch:18,Other_Faults:28,Pastry:10,Stains:7,Z_Scratch:11}","{Bumps:4,Dirtiness:1,K_Scratch:4,Other_Faults:6,Pastry:2,Stains:1,Z_Scratch:2}","{Bumps:81,Dirtiness:11,K_Scratch:78,Other_Faults:135,Pastry:32,Stains:14,Z_Scratch:38}","{Bumps:302,Dirtiness:37,K_Scratch:295,Other_Faults:510,Pastry:116,Stains:51,Z_Scratch:141}",2.0054,success,,0.5681233933161953,0.5989341108858653,0.5791521446456207,1.3380708453355152,0.8847531045789581,
2026-07-07T10:01:42.775806+00:00,steel-plates-fault,40982,label_propagation,1,250,1302,200,50,389,7,27,27,,,,,,,,,,,15,1,1502,1302,,,,,,,,,,,stratified_labeled_val,7,True,11,80,"{Bumps:321,Dirtiness:44,K_Scratch:313,Other_Faults:538,Pastry:126,Stains:58,Z_Scratch:152}","{Bumps:50,Dirtiness:11,K_Scratch:48,Other_Faults:80,Pastry:22,Stains:13,Z_Scratch:26}","{Bumps:10,Dirtiness:2,K_Scratch:10,Other_Faults:16,Pastry:4,Stains:3,Z_Scratch:5}","{Bumps:81,Dirtiness:11,K_Scratch:78,Other_Faults:135,Pastry:32,Stains:14,Z_Scratch:38}","{Bumps:271,Dirtiness:33,K_Scratch:265,Other_Faults:458,Pastry:104,Stains:45,Z_Scratch:126}",1.5835,success,,0.6118251928020566,0.5869250551268096,0.5845561913905207,1.0468563650121632,0.8957339767944409,
2026-07-07T10:01:44.367737+00:00,steel-plates-fault,40982,label_propagation,1,500,1052,400,100,389,7,27,27,,,,,,,,,,,7,0,1452,1052,,,,,,,,,,,stratified_labeled_val,7,True,18,166,"{Bumps:321,Dirtiness:44,K_Scratch:313,Other_Faults:538,Pastry:126,Stains:58,Z_Scratch:152}","{Bumps:101,Dirtiness:18,K_Scratch:99,Other_Faults:166,Pastry:43,Stains:22,Z_Scratch:51}","{Bumps:20,Dirtiness:4,K_Scratch:20,Other_Faults:33,Pastry:9,Stains:4,Z_Scratch:10}","{Bumps:81,Dirtiness:11,K_Scratch:78,Other_Faults:135,Pastry:32,Stains:14,Z_Scratch:38}","{Bumps:220,Dirtiness:26,K_Scratch:214,Other_Faults:372,Pastry:83,Stains:36,Z_Scratch:101}",0.8135,success,,0.6812339331619537,0.6876605850290061,0.6730737486789768,0.9468843066607092,0.93211696029882,
2026-07-07T10:01:45.205653+00:00,steel-plates-fault,40982,label_propagation,2,50,1502,40,10,389,7,27,27,,,,,,,,,,,15,1,1542,1502,,,,,,,,,,,stratified_labeled_val,7,True,4,13,"{Bumps:321,Dirtiness:44,K_Scratch:313,Other_Faults:538,Pastry:126,Stains:58,Z_Scratch:152}","{Bumps:9,Dirtiness:4,K_Scratch:9,Other_Faults:13,Pastry:5,Stains:4,Z_Scratch:6}","{Bumps:2,Dirtiness:1,K_Scratch:2,Other_Faults:2,Pastry:1,Stains:1,Z_Scratch:1}","{Bumps:81,Dirtiness:11,K_Scratch:78,Other_Faults:135,Pastry:32,Stains:14,Z_Scratch:38}","{Bumps:312,Dirtiness:40,K_Scratch:304,Other_Faults:525,Pastry:121,Stains:54,Z_Scratch:146}",2.6343,success,,0.46786632390745503,0.5612356825389406,0.4332276147602476,1.6193537307113108,0.8651208454973471,
2026-07-07T10:01:47.849999+00:00,steel-plates-fault,40982,label_propagation,2,100,1452,80,20,389,7,27,27,,,,,,,,,,,15,1,1532,1452,,,,,,,,,,,stratified_labeled_val,7,True,7,28,"{Bumps:321,Dirtiness:44,K_Scratch:313,Other_Faults:538,Pastry:126,Stains:58,Z_Scratch:152}","{Bumps:19,Dirtiness:7,K_Scratch:18,Other_Faults:28,Pastry:10,Stains:7,Z_Scratch:11}","{Bumps:4,Dirtiness:1,K_Scratch:4,Other_Faults:6,Pastry:2,Stains:1,Z_Scratch:2}","{Bumps:81,Dirtiness:11,K_Scratch:78,Other_Faults:135,Pastry:32,Stains:14,Z_Scratch:38}","{Bumps:302,Dirtiness:37,K_Scratch:295,Other_Faults:510,Pastry:116,Stains:51,Z_Scratch:141}",3.0445,success,,0.6041131105398457,0.6919458395962156,0.582944875457464,1.2678264528318426,0.8924722981683281,
2026-07-07T10:01:50.902276+00:00,steel-plates-fault,40982,label_propagation,2,250,1302,200,50,389,7,27,27,,,,,,,,,,,15,1,1502,1302,,,,,,,,,,,stratified_labeled_val,7,True,11,80,"{Bumps:321,Dirtiness:44,K_Scratch:313,Other_Faults:538,Pastry:126,Stains:58,Z_Scratch:152}","{Bumps:50,Dirtiness:11,K_Scratch:48,Other_Faults:80,Pastry:22,Stains:13,Z_Scratch:26}","{Bumps:10,Dirtiness:2,K_Scratch:10,Other_Faults:16,Pastry:4,Stains:3,Z_Scratch:5}","{Bumps:81,Dirtiness:11,K_Scratch:78,Other_Faults:135,Pastry:32,Stains:14,Z_Scratch:38}","{Bumps:271,Dirtiness:33,K_Scratch:265,Other_Faults:458,Pastry:104,Stains:45,Z_Scratch:126}",2.4635,success,,0.6606683804627249,0.6587458495509875,0.6362800642955898,1.0322734276534449,0.9048148357560694,
2026-07-07T10:01:53.375689+00:00,steel-plates-fault,40982,label_propagation,2,500,1052,400,100,389,7,27,27,,,,,,,,,,,7,0,1452,1052,,,,,,,,,,,stratified_labeled_val,7,True,18,166,"{Bumps:321,Dirtiness:44,K_Scratch:313,Other_Faults:538,Pastry:126,Stains:58,Z_Scratch:152}","{Bumps:101,Dirtiness:18,K_Scratch:99,Other_Faults:166,Pastry:43,Stains:22,Z_Scratch:51}","{Bumps:20,Dirtiness:4,K_Scratch:20,Other_Faults:33,Pastry:9,Stains:4,Z_Scratch:10}","{Bumps:81,Dirtiness:11,K_Scratch:78,Other_Faults:135,Pastry:32,Stains:14,Z_Scratch:38}","{Bumps:220,Dirtiness:26,K_Scratch:214,Other_Faults:372,Pastry:83,Stains:36,Z_Scratch:101}",0.9325,success,,0.6838046272493573,0.7173286137885135,0.6973854167749506,1.1920867472718912,0.9170132627826596,
2026-07-07T10:01:54.318988+00:00,steel-plates-fault,40982,self_training_lr,0,50,1502,40,10,389,7,27,27,555.0,75.0,5.0,"{0: 95, 1: 16, 2: 279, 3: 193, 4: 4, 5: 3, 6: 5}",0.36950732356857524,0.9701894698916255,0.9500187039375305,0.9995692372322083,,max_iter,,,,,,,,,,,,,,,stratified_labeled_val,7,True,4,13,"{Bumps:321,Dirtiness:44,K_Scratch:313,Other_Faults:538,Pastry:126,Stains:58,Z_Scratch:152}","{Bumps:9,Dirtiness:4,K_Scratch:9,Other_Faults:13,Pastry:5,Stains:4,Z_Scratch:6}","{Bumps:2,Dirtiness:1,K_Scratch:2,Other_Faults:2,Pastry:1,Stains:1,Z_Scratch:1}","{Bumps:81,Dirtiness:11,K_Scratch:78,Other_Faults:135,Pastry:32,Stains:14,Z_Scratch:38}","{Bumps:312,Dirtiness:40,K_Scratch:304,Other_Faults:525,Pastry:121,Stains:54,Z_Scratch:146}",0.3023,success,,0.570694087403599,0.5520240863285976,0.5634812964195741,1.7557815313339233,0.8464019359352621,
2026-07-07T10:01:54.630498+00:00,steel-plates-fault,40982,self_training_lr,0,100,1452,80,20,389,7,27,27,202.0,13.0,5.0,"{0: 36, 1: 6, 2: 110, 3: 101, 4: 8, 5: 12, 6: 9}",0.13911845730027547,0.9749610928615721,0.9500093460083008,0.9999895095825195,,max_iter,,,,,,,,,,,,,,,stratified_labeled_val,7,True,7,28,"{Bumps:321,Dirtiness:44,K_Scratch:313,Other_Faults:538,Pastry:126,Stains:58,Z_Scratch:152}","{Bumps:19,Dirtiness:7,K_Scratch:18,Other_Faults:28,Pastry:10,Stains:7,Z_Scratch:11}","{Bumps:4,Dirtiness:1,K_Scratch:4,Other_Faults:6,Pastry:2,Stains:1,Z_Scratch:2}","{Bumps:81,Dirtiness:11,K_Scratch:78,Other_Faults:135,Pastry:32,Stains:14,Z_Scratch:38}","{Bumps:302,Dirtiness:37,K_Scratch:295,Other_Faults:510,Pastry:116,Stains:51,Z_Scratch:141}",0.2844,success,,0.6452442159383034,0.6696997835312372,0.6624721994239234,1.1920852661132812,0.8650403516507758,
2026-07-07T10:01:54.919039+00:00,steel-plates-fault,40982,self_training_lr,0,250,1302,200,50,389,7,27,27,276.0,5.0,5.0,"{0: 40, 1: 9, 2: 254, 3: 71, 4: 21, 5: 27, 6: 54}",0.2119815668202765,0.9712661424840706,0.9500196576118469,0.9999998807907104,,max_iter,,,,,,,,,,,,,,,stratified_labeled_val,7,True,11,80,"{Bumps:321,Dirtiness:44,K_Scratch:313,Other_Faults:538,Pastry:126,Stains:58,Z_Scratch:152}","{Bumps:50,Dirtiness:11,K_Scratch:48,Other_Faults:80,Pastry:22,Stains:13,Z_Scratch:26}","{Bumps:10,Dirtiness:2,K_Scratch:10,Other_Faults:16,Pastry:4,Stains:3,Z_Scratch:5}","{Bumps:81,Dirtiness:11,K_Scratch:78,Other_Faults:135,Pastry:32,Stains:14,Z_Scratch:38}","{Bumps:271,Dirtiness:33,K_Scratch:265,Other_Faults:458,Pastry:104,Stains:45,Z_Scratch:126}",0.4794,success,,0.6529562982005142,0.6932034218218429,0.6772278881750479,0.8141016364097595,0.9242449902834414,
2026-07-07T10:01:55.407324+00:00,steel-plates-fault,40982,self_training_lr,0,500,1052,400,100,389,7,27,27,196.0,7.0,2.0,"{0: 81, 1: 14, 2: 252, 3: 140, 4: 38, 5: 24, 6: 47}",0.18631178707224336,0.984938522990869,0.9501768946647644,1.0,,no_candidates,,,,,,,,,,,,,,,stratified_labeled_val,7,True,18,166,"{Bumps:321,Dirtiness:44,K_Scratch:313,Other_Faults:538,Pastry:126,Stains:58,Z_Scratch:152}","{Bumps:101,Dirtiness:18,K_Scratch:99,Other_Faults:166,Pastry:43,Stains:22,Z_Scratch:51}","{Bumps:20,Dirtiness:4,K_Scratch:20,Other_Faults:33,Pastry:9,Stains:4,Z_Scratch:10}","{Bumps:81,Dirtiness:11,K_Scratch:78,Other_Faults:135,Pastry:32,Stains:14,Z_Scratch:38}","{Bumps:220,Dirtiness:26,K_Scratch:214,Other_Faults:372,Pastry:83,Stains:36,Z_Scratch:101}",0.4944,success,,0.6863753213367609,0.6849203509291228,0.702043180532552,0.7807339429855347,0.9264031277885858,
2026-07-07T10:01:55.906335+00:00,steel-plates-fault,40982,self_training_lr,1,50,1502,40,10,389,7,27,27,556.0,63.0,5.0,"{0: 156, 1: 27, 2: 267, 3: 110, 4: 4, 5: 3, 6: 29}",0.37017310252996005,0.9773833063437785,0.9500458836555481,1.0,,max_iter,,,,,,,,,,,,,,,stratified_labeled_val,7,True,4,13,"{Bumps:321,Dirtiness:44,K_Scratch:313,Other_Faults:538,Pastry:126,Stains:58,Z_Scratch:152}","{Bumps:9,Dirtiness:4,K_Scratch:9,Other_Faults:13,Pastry:5,Stains:4,Z_Scratch:6}","{Bumps:2,Dirtiness:1,K_Scratch:2,Other_Faults:2,Pastry:1,Stains:1,Z_Scratch:1}","{Bumps:81,Dirtiness:11,K_Scratch:78,Other_Faults:135,Pastry:32,Stains:14,Z_Scratch:38}","{Bumps:312,Dirtiness:40,K_Scratch:304,Other_Faults:525,Pastry:121,Stains:54,Z_Scratch:146}",0.3015,success,,0.5526992287917738,0.6076276144258601,0.5353222924937793,2.018324613571167,0.8513345717743217,
2026-07-07T10:01:56.214343+00:00,steel-plates-fault,40982,self_training_lr,1,100,1452,80,20,389,7,27,27,381.0,10.0,5.0,"{0: 20, 1: 10, 2: 266, 3: 131, 4: 8, 5: 10, 6: 16}",0.26239669421487605,0.9819188476234596,0.9500272870063782,1.0,,max_iter,,,,,,,,,,,,,,,stratified_labeled_val,7,True,7,28,"{Bumps:321,Dirtiness:44,K_Scratch:313,Other_Faults:538,Pastry:126,Stains:58,Z_Scratch:152}","{Bumps:19,Dirtiness:7,K_Scratch:18,Other_Faults:28,Pastry:10,Stains:7,Z_Scratch:11}","{Bumps:4,Dirtiness:1,K_Scratch:4,Other_Faults:6,Pastry:2,Stains:1,Z_Scratch:2}","{Bumps:81,Dirtiness:11,K_Scratch:78,Other_Faults:135,Pastry:32,Stains:14,Z_Scratch:38}","{Bumps:302,Dirtiness:37,K_Scratch:295,Other_Faults:510,Pastry:116,Stains:51,Z_Scratch:141}",0.3898,success,,0.5758354755784062,0.5956954658865686,0.5534956059404802,1.4802765846252441,0.8741149665505764,
2026-07-07T10:01:56.609534+00:00,steel-plates-fault,40982,self_training_lr,1,250,1302,200,50,389,7,27,27,251.0,2.0,4.0,"{0: 42, 1: 14, 2: 265, 3: 65, 4: 20, 5: 11, 6: 34}",0.19278033794162827,0.9915778587063945,0.9500792622566223,1.0,,min_added_fraction,,,,,,,,,,,,,,,stratified_labeled_val,7,True,11,80,"{Bumps:321,Dirtiness:44,K_Scratch:313,Other_Faults:538,Pastry:126,Stains:58,Z_Scratch:152}","{Bumps:50,Dirtiness:11,K_Scratch:48,Other_Faults:80,Pastry:22,Stains:13,Z_Scratch:26}","{Bumps:10,Dirtiness:2,K_Scratch:10,Other_Faults:16,Pastry:4,Stains:3,Z_Scratch:5}","{Bumps:81,Dirtiness:11,K_Scratch:78,Other_Faults:135,Pastry:32,Stains:14,Z_Scratch:38}","{Bumps:271,Dirtiness:33,K_Scratch:265,Other_Faults:458,Pastry:104,Stains:45,Z_Scratch:126}",0.5087,success,,0.6632390745501285,0.7042207224224768,0.6780934537953899,0.9966621994972229,0.9049931823021365,
2026-07-07T10:01:57.125478+00:00,steel-plates-fault,40982,self_training_lr,1,500,1052,400,100,389,7,27,27,204.0,2.0,3.0,"{0: 82, 1: 17, 2: 246, 3: 139, 4: 34, 5: 33, 6: 53}",0.19391634980988592,0.983444501956304,0.9501697421073914,0.9999593496322632,,no_candidates,,,,,,,,,,,,,,,stratified_labeled_val,7,True,18,166,"{Bumps:321,Dirtiness:44,K_Scratch:313,Other_Faults:538,Pastry:126,Stains:58,Z_Scratch:152}","{Bumps:101,Dirtiness:18,K_Scratch:99,Other_Faults:166,Pastry:43,Stains:22,Z_Scratch:51}","{Bumps:20,Dirtiness:4,K_Scratch:20,Other_Faults:33,Pastry:9,Stains:4,Z_Scratch:10}","{Bumps:81,Dirtiness:11,K_Scratch:78,Other_Faults:135,Pastry:32,Stains:14,Z_Scratch:38}","{Bumps:220,Dirtiness:26,K_Scratch:214,Other_Faults:372,Pastry:83,Stains:36,Z_Scratch:101}",0.5385,success,,0.6580976863753213,0.6624915411099622,0.6633944607800399,0.8446109294891357,0.9171685629003619,
2026-07-07T10:01:57.671497+00:00,steel-plates-fault,40982,self_training_lr,2,50,1502,40,10,389,7,27,27,649.0,43.0,5.0,"{0: 248, 1: 3, 2: 255, 3: 163, 4: 5, 5: 6, 6: 9}",0.43209054593874835,0.9726702769291236,0.9500112533569336,1.0,,max_iter,,,,,,,,,,,,,,,stratified_labeled_val,7,True,4,13,"{Bumps:321,Dirtiness:44,K_Scratch:313,Other_Faults:538,Pastry:126,Stains:58,Z_Scratch:152}","{Bumps:9,Dirtiness:4,K_Scratch:9,Other_Faults:13,Pastry:5,Stains:4,Z_Scratch:6}","{Bumps:2,Dirtiness:1,K_Scratch:2,Other_Faults:2,Pastry:1,Stains:1,Z_Scratch:1}","{Bumps:81,Dirtiness:11,K_Scratch:78,Other_Faults:135,Pastry:32,Stains:14,Z_Scratch:38}","{Bumps:312,Dirtiness:40,K_Scratch:304,Other_Faults:525,Pastry:121,Stains:54,Z_Scratch:146}",0.2308,success,,0.5989717223650386,0.55953237273726,0.5672633782427235,1.7567901611328125,0.8737455279591637,
2026-07-07T10:01:57.908464+00:00,steel-plates-fault,40982,self_training_lr,2,100,1452,80,20,389,7,27,27,519.0,30.0,5.0,"{0: 181, 1: 6, 2: 259, 3: 98, 4: 25, 5: 12, 6: 18}",0.3574380165289256,0.9757478329028239,0.9501116275787354,1.0,,max_iter,,,,,,,,,,,,,,,stratified_labeled_val,7,True,7,28,"{Bumps:321,Dirtiness:44,K_Scratch:313,Other_Faults:538,Pastry:126,Stains:58,Z_Scratch:152}","{Bumps:19,Dirtiness:7,K_Scratch:18,Other_Faults:28,Pastry:10,Stains:7,Z_Scratch:11}","{Bumps:4,Dirtiness:1,K_Scratch:4,Other_Faults:6,Pastry:2,Stains:1,Z_Scratch:2}","{Bumps:81,Dirtiness:11,K_Scratch:78,Other_Faults:135,Pastry:32,Stains:14,Z_Scratch:38}","{Bumps:302,Dirtiness:37,K_Scratch:295,Other_Faults:510,Pastry:116,Stains:51,Z_Scratch:141}",0.259,success,,0.6272493573264781,0.6189312468604448,0.6024863119917379,1.518441081047058,0.8936660864397611,
2026-07-07T10:01:58.171432+00:00,steel-plates-fault,40982,self_training_lr,2,250,1302,200,50,389,7,27,27,259.0,5.0,5.0,"{0: 42, 1: 9, 2: 249, 3: 80, 4: 25, 5: 23, 6: 31}",0.1989247311827957,0.9852543539982505,0.950183093547821,1.0,,max_iter,,,,,,,,,,,,,,,stratified_labeled_val,7,True,11,80,"{Bumps:321,Dirtiness:44,K_Scratch:313,Other_Faults:538,Pastry:126,Stains:58,Z_Scratch:152}","{Bumps:50,Dirtiness:11,K_Scratch:48,Other_Faults:80,Pastry:22,Stains:13,Z_Scratch:26}","{Bumps:10,Dirtiness:2,K_Scratch:10,Other_Faults:16,Pastry:4,Stains:3,Z_Scratch:5}","{Bumps:81,Dirtiness:11,K_Scratch:78,Other_Faults:135,Pastry:32,Stains:14,Z_Scratch:38}","{Bumps:271,Dirtiness:33,K_Scratch:265,Other_Faults:458,Pastry:104,Stains:45,Z_Scratch:126}",0.3022,success,,0.6658097686375322,0.7102178668124784,0.6721129969147511,0.9344832301139832,0.9141323761292199,
2026-07-07T10:01:58.478915+00:00,steel-plates-fault,40982,self_training_lr,2,500,1052,400,100,389,7,27,27,189.0,2.0,3.0,"{0: 81, 1: 14, 2: 242, 3: 142, 4: 37, 5: 28, 6: 45}",0.1796577946768061,0.9905005075313427,0.950088381767273,1.0,,no_candidates,,,,,,,,,,,,,,,stratified_labeled_val,7,True,18,166,"{Bumps:321,Dirtiness:44,K_Scratch:313,Other_Faults:538,Pastry:126,Stains:58,Z_Scratch:152}","{Bumps:101,Dirtiness:18,K_Scratch:99,Other_Faults:166,Pastry:43,Stains:22,Z_Scratch:51}","{Bumps:20,Dirtiness:4,K_Scratch:20,Other_Faults:33,Pastry:9,Stains:4,Z_Scratch:10}","{Bumps:81,Dirtiness:11,K_Scratch:78,Other_Faults:135,Pastry:32,Stains:14,Z_Scratch:38}","{Bumps:220,Dirtiness:26,K_Scratch:214,Other_Faults:372,Pastry:83,Stains:36,Z_Scratch:101}",0.3627,success,,0.6606683804627249,0.6777852571868862,0.6717015773478133,0.817501425743103,0.9249894149380623,
2026-07-07T10:01:58.847570+00:00,steel-plates-fault,40982,self_training_xgboost,0,50,1502,40,10,389,7,27,27,506.0,250.0,3.0,"{0: 124, 1: 3, 2: 222, 3: 184, 4: 4, 5: 3, 6: 6}",0.33688415446071907,0.9746510507796593,0.950054943561554,0.9971883893013,,max_iter,,,,,,,,,,,,,,,stratified_labeled_val,7,True,4,13,"{Bumps:321,Dirtiness:44,K_Scratch:313,Other_Faults:538,Pastry:126,Stains:58,Z_Scratch:152}","{Bumps:9,Dirtiness:4,K_Scratch:9,Other_Faults:13,Pastry:5,Stains:4,Z_Scratch:6}","{Bumps:2,Dirtiness:1,K_Scratch:2,Other_Faults:2,Pastry:1,Stains:1,Z_Scratch:1}","{Bumps:81,Dirtiness:11,K_Scratch:78,Other_Faults:135,Pastry:32,Stains:14,Z_Scratch:38}","{Bumps:312,Dirtiness:40,K_Scratch:304,Other_Faults:525,Pastry:121,Stains:54,Z_Scratch:146}",14.5416,success,,0.583547557840617,0.5488993700303224,0.5838109632259476,1.832257866859436,0.8164693870050803,
2026-07-07T10:02:13.403840+00:00,steel-plates-fault,40982,self_training_xgboost,0,100,1452,80,20,389,7,27,27,504.0,161.0,3.0,"{0: 129, 1: 6, 2: 160, 3: 178, 4: 11, 5: 50, 6: 50}",0.34710743801652894,0.9745253132922309,0.9501228332519531,0.9974902868270874,,max_iter,,,,,,,,,,,,,,,stratified_labeled_val,7,True,7,28,"{Bumps:321,Dirtiness:44,K_Scratch:313,Other_Faults:538,Pastry:126,Stains:58,Z_Scratch:152}","{Bumps:19,Dirtiness:7,K_Scratch:18,Other_Faults:28,Pastry:10,Stains:7,Z_Scratch:11}","{Bumps:4,Dirtiness:1,K_Scratch:4,Other_Faults:6,Pastry:2,Stains:1,Z_Scratch:2}","{Bumps:81,Dirtiness:11,K_Scratch:78,Other_Faults:135,Pastry:32,Stains:14,Z_Scratch:38}","{Bumps:302,Dirtiness:37,K_Scratch:295,Other_Faults:510,Pastry:116,Stains:51,Z_Scratch:141}",16.913,success,,0.5912596401028277,0.6281946906476981,0.6373852316434695,1.5881884098052979,0.8506581204543753,
2026-07-07T10:02:30.332423+00:00,steel-plates-fault,40982,self_training_xgboost,0,250,1302,200,50,389,7,27,27,559.0,124.0,3.0,"{0: 97, 1: 14, 2: 254, 3: 200, 4: 24, 5: 53, 6: 117}",0.4293394777265745,0.9800480704401389,0.9500197768211365,0.9987303614616394,,max_iter,,,,,,,,,,,,,,,stratified_labeled_val,7,True,11,80,"{Bumps:321,Dirtiness:44,K_Scratch:313,Other_Faults:538,Pastry:126,Stains:58,Z_Scratch:152}","{Bumps:50,Dirtiness:11,K_Scratch:48,Other_Faults:80,Pastry:22,Stains:13,Z_Scratch:26}","{Bumps:10,Dirtiness:2,K_Scratch:10,Other_Faults:16,Pastry:4,Stains:3,Z_Scratch:5}","{Bumps:81,Dirtiness:11,K_Scratch:78,Other_Faults:135,Pastry:32,Stains:14,Z_Scratch:38}","{Bumps:271,Dirtiness:33,K_Scratch:265,Other_Faults:458,Pastry:104,Stains:45,Z_Scratch:126}",21.8685,success,,0.7172236503856041,0.7069147916735636,0.7265931147113335,0.8839142918586731,0.9315108181749228,
2026-07-07T10:02:52.216305+00:00,steel-plates-fault,40982,self_training_xgboost,0,500,1052,400,100,389,7,27,27,515.0,135.0,3.0,"{0: 151, 1: 20, 2: 266, 3: 281, 4: 55, 5: 50, 6: 92}",0.48954372623574144,0.9848097563947289,0.9503284096717834,0.9991563558578491,,max_iter,,,,,,,,,,,,,,,stratified_labeled_val,7,True,18,166,"{Bumps:321,Dirtiness:44,K_Scratch:313,Other_Faults:538,Pastry:126,Stains:58,Z_Scratch:152}","{Bumps:101,Dirtiness:18,K_Scratch:99,Other_Faults:166,Pastry:43,Stains:22,Z_Scratch:51}","{Bumps:20,Dirtiness:4,K_Scratch:20,Other_Faults:33,Pastry:9,Stains:4,Z_Scratch:10}","{Bumps:81,Dirtiness:11,K_Scratch:78,Other_Faults:135,Pastry:32,Stains:14,Z_Scratch:38}","{Bumps:220,Dirtiness:26,K_Scratch:214,Other_Faults:372,Pastry:83,Stains:36,Z_Scratch:101}",30.1744,success,,0.7609254498714653,0.7519373547412395,0.7750144447384198,0.7183310985565186,0.9538472309512639,
2026-07-07T10:03:22.398636+00:00,steel-plates-fault,40982,self_training_xgboost,1,50,1502,40,10,389,7,27,27,565.0,221.0,3.0,"{0: 62, 1: 3, 2: 296, 3: 230, 4: 4, 5: 3, 6: 7}",0.37616511318242346,0.9749383526565755,0.9500064253807068,0.996684730052948,,max_iter,,,,,,,,,,,,,,,stratified_labeled_val,7,True,4,13,"{Bumps:321,Dirtiness:44,K_Scratch:313,Other_Faults:538,Pastry:126,Stains:58,Z_Scratch:152}","{Bumps:9,Dirtiness:4,K_Scratch:9,Other_Faults:13,Pastry:5,Stains:4,Z_Scratch:6}","{Bumps:2,Dirtiness:1,K_Scratch:2,Other_Faults:2,Pastry:1,Stains:1,Z_Scratch:1}","{Bumps:81,Dirtiness:11,K_Scratch:78,Other_Faults:135,Pastry:32,Stains:14,Z_Scratch:38}","{Bumps:312,Dirtiness:40,K_Scratch:304,Other_Faults:525,Pastry:121,Stains:54,Z_Scratch:146}",14.397,success,,0.5424164524421594,0.5393116073567202,0.5442954083321511,2.1335418224334717,0.8011436535131612,
2026-07-07T10:03:36.805051+00:00,steel-plates-fault,40982,self_training_xgboost,1,100,1452,80,20,389,7,27,27,700.0,176.0,3.0,"{0: 196, 1: 6, 2: 282, 3: 197, 4: 13, 5: 16, 6: 70}",0.4820936639118457,0.9823478433064052,0.950228214263916,0.999052107334137,,max_iter,,,,,,,,,,,,,,,stratified_labeled_val,7,True,7,28,"{Bumps:321,Dirtiness:44,K_Scratch:313,Other_Faults:538,Pastry:126,Stains:58,Z_Scratch:152}","{Bumps:19,Dirtiness:7,K_Scratch:18,Other_Faults:28,Pastry:10,Stains:7,Z_Scratch:11}","{Bumps:4,Dirtiness:1,K_Scratch:4,Other_Faults:6,Pastry:2,Stains:1,Z_Scratch:2}","{Bumps:81,Dirtiness:11,K_Scratch:78,Other_Faults:135,Pastry:32,Stains:14,Z_Scratch:38}","{Bumps:302,Dirtiness:37,K_Scratch:295,Other_Faults:510,Pastry:116,Stains:51,Z_Scratch:141}",15.8001,success,,0.5629820051413882,0.5911627666170273,0.5903068370654557,1.9696775674819946,0.8553899499779983,
2026-07-07T10:03:52.614678+00:00,steel-plates-fault,40982,self_training_xgboost,1,250,1302,200,50,389,7,27,27,637.0,167.0,3.0,"{0: 153, 1: 18, 2: 272, 3: 211, 4: 31, 5: 37, 6: 115}",0.489247311827957,0.9845347864848666,0.956903338432312,0.998336136341095,,max_iter,,,,,,,,,,,,,,,stratified_labeled_val,7,True,11,80,"{Bumps:321,Dirtiness:44,K_Scratch:313,Other_Faults:538,Pastry:126,Stains:58,Z_Scratch:152}","{Bumps:50,Dirtiness:11,K_Scratch:48,Other_Faults:80,Pastry:22,Stains:13,Z_Scratch:26}","{Bumps:10,Dirtiness:2,K_Scratch:10,Other_Faults:16,Pastry:4,Stains:3,Z_Scratch:5}","{Bumps:81,Dirtiness:11,K_Scratch:78,Other_Faults:135,Pastry:32,Stains:14,Z_Scratch:38}","{Bumps:271,Dirtiness:33,K_Scratch:265,Other_Faults:458,Pastry:104,Stains:45,Z_Scratch:126}",22.2009,success,,0.6503856041131105,0.6973687009871222,0.6941520815541516,1.3329851627349854,0.9016831544753627,
2026-07-07T10:04:14.825997+00:00,steel-plates-fault,40982,self_training_xgboost,1,500,1052,400,100,389,7,27,27,494.0,114.0,3.0,"{0: 147, 1: 19, 2: 262, 3: 260, 4: 47, 5: 49, 6: 110}",0.4695817490494297,0.9866058001151452,0.9500745534896851,0.9992855191230774,,max_iter,,,,,,,,,,,,,,,stratified_labeled_val,7,True,18,166,"{Bumps:321,Dirtiness:44,K_Scratch:313,Other_Faults:538,Pastry:126,Stains:58,Z_Scratch:152}","{Bumps:101,Dirtiness:18,K_Scratch:99,Other_Faults:166,Pastry:43,Stains:22,Z_Scratch:51}","{Bumps:20,Dirtiness:4,K_Scratch:20,Other_Faults:33,Pastry:9,Stains:4,Z_Scratch:10}","{Bumps:81,Dirtiness:11,K_Scratch:78,Other_Faults:135,Pastry:32,Stains:14,Z_Scratch:38}","{Bumps:220,Dirtiness:26,K_Scratch:214,Other_Faults:372,Pastry:83,Stains:36,Z_Scratch:101}",29.2774,success,,0.7017994858611826,0.7177317119203084,0.7367181701103876,0.9195742011070251,0.9318021106461517,
2026-07-07T10:04:44.127367+00:00,steel-plates-fault,40982,self_training_xgboost,2,50,1502,40,10,389,7,27,27,398.0,99.0,3.0,"{0: 85, 1: 3, 2: 287, 3: 51, 4: 4, 5: 3, 6: 5}",0.26498002663115844,0.9711484289049503,0.950018584728241,0.9957520961761475,,max_iter,,,,,,,,,,,,,,,stratified_labeled_val,7,True,4,13,"{Bumps:321,Dirtiness:44,K_Scratch:313,Other_Faults:538,Pastry:126,Stains:58,Z_Scratch:152}","{Bumps:9,Dirtiness:4,K_Scratch:9,Other_Faults:13,Pastry:5,Stains:4,Z_Scratch:6}","{Bumps:2,Dirtiness:1,K_Scratch:2,Other_Faults:2,Pastry:1,Stains:1,Z_Scratch:1}","{Bumps:81,Dirtiness:11,K_Scratch:78,Other_Faults:135,Pastry:32,Stains:14,Z_Scratch:38}","{Bumps:312,Dirtiness:40,K_Scratch:304,Other_Faults:525,Pastry:121,Stains:54,Z_Scratch:146}",13.6797,success,,0.5295629820051414,0.5428628568822804,0.5021529421110469,1.5059888362884521,0.8453493656595769,
2026-07-07T10:04:57.816203+00:00,steel-plates-fault,40982,self_training_xgboost,2,100,1452,80,20,389,7,27,27,688.0,164.0,3.0,"{0: 168, 1: 15, 2: 313, 3: 180, 4: 24, 5: 53, 6: 15}",0.4738292011019284,0.9744928146517554,0.9501516819000244,0.9988676309585571,,max_iter,,,,,,,,,,,,,,,stratified_labeled_val,7,True,7,28,"{Bumps:321,Dirtiness:44,K_Scratch:313,Other_Faults:538,Pastry:126,Stains:58,Z_Scratch:152}","{Bumps:19,Dirtiness:7,K_Scratch:18,Other_Faults:28,Pastry:10,Stains:7,Z_Scratch:11}","{Bumps:4,Dirtiness:1,K_Scratch:4,Other_Faults:6,Pastry:2,Stains:1,Z_Scratch:2}","{Bumps:81,Dirtiness:11,K_Scratch:78,Other_Faults:135,Pastry:32,Stains:14,Z_Scratch:38}","{Bumps:302,Dirtiness:37,K_Scratch:295,Other_Faults:510,Pastry:116,Stains:51,Z_Scratch:141}",17.444,success,,0.5912596401028277,0.5588492844758509,0.5527335361133493,1.8682667016983032,0.8507564957907178,
2026-07-07T10:05:15.270376+00:00,steel-plates-fault,40982,self_training_xgboost,2,250,1302,200,50,389,7,27,27,637.0,167.0,3.0,"{0: 164, 1: 16, 2: 255, 3: 210, 4: 39, 5: 55, 6: 98}",0.489247311827957,0.9827621624084245,0.9537149667739868,0.9987310767173767,,max_iter,,,,,,,,,,,,,,,stratified_labeled_val,7,True,11,80,"{Bumps:321,Dirtiness:44,K_Scratch:313,Other_Faults:538,Pastry:126,Stains:58,Z_Scratch:152}","{Bumps:50,Dirtiness:11,K_Scratch:48,Other_Faults:80,Pastry:22,Stains:13,Z_Scratch:26}","{Bumps:10,Dirtiness:2,K_Scratch:10,Other_Faults:16,Pastry:4,Stains:3,Z_Scratch:5}","{Bumps:81,Dirtiness:11,K_Scratch:78,Other_Faults:135,Pastry:32,Stains:14,Z_Scratch:38}","{Bumps:271,Dirtiness:33,K_Scratch:265,Other_Faults:458,Pastry:104,Stains:45,Z_Scratch:126}",23.4096,success,,0.6812339331619537,0.7028605120397101,0.6852044929263956,1.2138627767562866,0.9111951860579888,
2026-07-07T10:05:38.689168+00:00,steel-plates-fault,40982,self_training_xgboost,2,500,1052,400,100,389,7,27,27,515.0,135.0,3.0,"{0: 147, 1: 19, 2: 266, 3: 276, 4: 51, 5: 49, 6: 107}",0.48954372623574144,0.9860989424788836,0.9540356993675232,0.9992902278900146,,max_iter,,,,,,,,,,,,,,,stratified_labeled_val,7,True,18,166,"{Bumps:321,Dirtiness:44,K_Scratch:313,Other_Faults:538,Pastry:126,Stains:58,Z_Scratch:152}","{Bumps:101,Dirtiness:18,K_Scratch:99,Other_Faults:166,Pastry:43,Stains:22,Z_Scratch:51}","{Bumps:20,Dirtiness:4,K_Scratch:20,Other_Faults:33,Pastry:9,Stains:4,Z_Scratch:10}","{Bumps:81,Dirtiness:11,K_Scratch:78,Other_Faults:135,Pastry:32,Stains:14,Z_Scratch:38}","{Bumps:220,Dirtiness:26,K_Scratch:214,Other_Faults:372,Pastry:83,Stains:36,Z_Scratch:101}",32.7122,success,,0.7043701799485861,0.7290790547056211,0.7248092467697368,0.912189245223999,0.9325112634236961,
2026-07-07T10:06:11.420047+00:00,steel-plates-fault,40982,self_training_lightgbm,0,50,1502,40,10,389,7,27,27,0.0,0.0,0.0,"{0: 7, 1: 3, 2: 7, 3: 11, 4: 4, 5: 3, 6: 5}",0.0,,,,,no_candidates,,,,,,,,,,,,,,,stratified_labeled_val,7,True,4,13,"{Bumps:321,Dirtiness:44,K_Scratch:313,Other_Faults:538,Pastry:126,Stains:58,Z_Scratch:152}","{Bumps:9,Dirtiness:4,K_Scratch:9,Other_Faults:13,Pastry:5,Stains:4,Z_Scratch:6}","{Bumps:2,Dirtiness:1,K_Scratch:2,Other_Faults:2,Pastry:1,Stains:1,Z_Scratch:1}","{Bumps:81,Dirtiness:11,K_Scratch:78,Other_Faults:135,Pastry:32,Stains:14,Z_Scratch:38}","{Bumps:312,Dirtiness:40,K_Scratch:304,Other_Faults:525,Pastry:121,Stains:54,Z_Scratch:146}",1.5398,success,,0.4087403598971722,0.21655563409949372,0.2061320548758656,1.5301240365983875,0.7682313783441364,
2026-07-07T10:06:12.967452+00:00,steel-plates-fault,40982,self_training_lightgbm,0,100,1452,80,20,389,7,27,27,710.0,186.0,3.0,"{0: 259, 1: 18, 2: 161, 3: 167, 4: 25, 5: 52, 6: 108}",0.4889807162534435,0.9996963789022764,0.9978972341023298,0.999999121650582,,max_iter,,,,,,,,,,,,,,,stratified_labeled_val,7,True,7,28,"{Bumps:321,Dirtiness:44,K_Scratch:313,Other_Faults:538,Pastry:126,Stains:58,Z_Scratch:152}","{Bumps:19,Dirtiness:7,K_Scratch:18,Other_Faults:28,Pastry:10,Stains:7,Z_Scratch:11}","{Bumps:4,Dirtiness:1,K_Scratch:4,Other_Faults:6,Pastry:2,Stains:1,Z_Scratch:2}","{Bumps:81,Dirtiness:11,K_Scratch:78,Other_Faults:135,Pastry:32,Stains:14,Z_Scratch:38}","{Bumps:302,Dirtiness:37,K_Scratch:295,Other_Faults:510,Pastry:116,Stains:51,Z_Scratch:141}",24.8335,success,,0.622107969151671,0.6579100086305599,0.6465154045364818,3.436650224785719,0.8425094082594574,
2026-07-07T10:06:37.809110+00:00,steel-plates-fault,40982,self_training_lightgbm,0,250,1302,200,50,389,7,27,27,637.0,167.0,3.0,"{0: 97, 1: 22, 2: 265, 3: 253, 4: 37, 5: 52, 6: 111}",0.489247311827957,0.9998426921836695,0.9988437016938865,0.9999999868577512,,max_iter,,,,,,,,,,,,,,,stratified_labeled_val,7,True,11,80,"{Bumps:321,Dirtiness:44,K_Scratch:313,Other_Faults:538,Pastry:126,Stains:58,Z_Scratch:152}","{Bumps:50,Dirtiness:11,K_Scratch:48,Other_Faults:80,Pastry:22,Stains:13,Z_Scratch:26}","{Bumps:10,Dirtiness:2,K_Scratch:10,Other_Faults:16,Pastry:4,Stains:3,Z_Scratch:5}","{Bumps:81,Dirtiness:11,K_Scratch:78,Other_Faults:135,Pastry:32,Stains:14,Z_Scratch:38}","{Bumps:271,Dirtiness:33,K_Scratch:265,Other_Faults:458,Pastry:104,Stains:45,Z_Scratch:126}",31.3451,success,,0.7300771208226221,0.7248123668079808,0.7404974067211632,1.7162661193515816,0.9261019062383639,
2026-07-07T10:07:09.161222+00:00,steel-plates-fault,40982,self_training_lightgbm,0,500,1052,400,100,389,7,27,27,515.0,135.0,3.0,"{0: 158, 1: 25, 2: 264, 3: 279, 4: 53, 5: 48, 6: 88}",0.48954372623574144,0.9998971520062634,0.9993026995746593,0.999999987663008,,max_iter,,,,,,,,,,,,,,,stratified_labeled_val,7,True,18,166,"{Bumps:321,Dirtiness:44,K_Scratch:313,Other_Faults:538,Pastry:126,Stains:58,Z_Scratch:152}","{Bumps:101,Dirtiness:18,K_Scratch:99,Other_Faults:166,Pastry:43,Stains:22,Z_Scratch:51}","{Bumps:20,Dirtiness:4,K_Scratch:20,Other_Faults:33,Pastry:9,Stains:4,Z_Scratch:10}","{Bumps:81,Dirtiness:11,K_Scratch:78,Other_Faults:135,Pastry:32,Stains:14,Z_Scratch:38}","{Bumps:220,Dirtiness:26,K_Scratch:214,Other_Faults:372,Pastry:83,Stains:36,Z_Scratch:101}",37.4425,success,,0.7712082262210797,0.7693459492331672,0.7911119994897895,1.317017263993202,0.9486715913263942,
2026-07-07T10:07:46.611235+00:00,steel-plates-fault,40982,self_training_lightgbm,1,50,1502,40,10,389,7,27,27,0.0,0.0,0.0,"{0: 7, 1: 3, 2: 7, 3: 11, 4: 4, 5: 3, 6: 5}",0.0,,,,,no_candidates,,,,,,,,,,,,,,,stratified_labeled_val,7,True,4,13,"{Bumps:321,Dirtiness:44,K_Scratch:313,Other_Faults:538,Pastry:126,Stains:58,Z_Scratch:152}","{Bumps:9,Dirtiness:4,K_Scratch:9,Other_Faults:13,Pastry:5,Stains:4,Z_Scratch:6}","{Bumps:2,Dirtiness:1,K_Scratch:2,Other_Faults:2,Pastry:1,Stains:1,Z_Scratch:1}","{Bumps:81,Dirtiness:11,K_Scratch:78,Other_Faults:135,Pastry:32,Stains:14,Z_Scratch:38}","{Bumps:312,Dirtiness:40,K_Scratch:304,Other_Faults:525,Pastry:121,Stains:54,Z_Scratch:146}",1.8679,success,,0.43958868894601544,0.23686067019400353,0.1931414297037721,1.5666315378910798,0.728813030051408,
2026-07-07T10:07:48.487758+00:00,steel-plates-fault,40982,self_training_lightgbm,1,100,1452,80,20,389,7,27,27,710.0,186.0,3.0,"{0: 220, 1: 14, 2: 281, 3: 175, 4: 18, 5: 24, 6: 58}",0.4889807162534435,0.9999335421553783,0.9993590465485106,0.9999998308526958,,max_iter,,,,,,,,,,,,,,,stratified_labeled_val,7,True,7,28,"{Bumps:321,Dirtiness:44,K_Scratch:313,Other_Faults:538,Pastry:126,Stains:58,Z_Scratch:152}","{Bumps:19,Dirtiness:7,K_Scratch:18,Other_Faults:28,Pastry:10,Stains:7,Z_Scratch:11}","{Bumps:4,Dirtiness:1,K_Scratch:4,Other_Faults:6,Pastry:2,Stains:1,Z_Scratch:2}","{Bumps:81,Dirtiness:11,K_Scratch:78,Other_Faults:135,Pastry:32,Stains:14,Z_Scratch:38}","{Bumps:302,Dirtiness:37,K_Scratch:295,Other_Faults:510,Pastry:116,Stains:51,Z_Scratch:141}",28.3005,success,,0.5758354755784062,0.5839940975435962,0.5835911627601016,3.7227759698188354,0.8392688351359868,
2026-07-07T10:08:16.795611+00:00,steel-plates-fault,40982,self_training_lightgbm,1,250,1302,200,50,389,7,27,27,637.0,167.0,3.0,"{0: 130, 1: 21, 2: 267, 3: 245, 4: 30, 5: 40, 6: 104}",0.489247311827957,0.9999108137054653,0.9993144761522093,0.99999987490055,,max_iter,,,,,,,,,,,,,,,stratified_labeled_val,7,True,11,80,"{Bumps:321,Dirtiness:44,K_Scratch:313,Other_Faults:538,Pastry:126,Stains:58,Z_Scratch:152}","{Bumps:50,Dirtiness:11,K_Scratch:48,Other_Faults:80,Pastry:22,Stains:13,Z_Scratch:26}","{Bumps:10,Dirtiness:2,K_Scratch:10,Other_Faults:16,Pastry:4,Stains:3,Z_Scratch:5}","{Bumps:81,Dirtiness:11,K_Scratch:78,Other_Faults:135,Pastry:32,Stains:14,Z_Scratch:38}","{Bumps:271,Dirtiness:33,K_Scratch:265,Other_Faults:458,Pastry:104,Stains:45,Z_Scratch:126}",35.2976,success,,0.6478149100257069,0.649344584103356,0.6517572393579868,2.3571667404604058,0.9050550739466366,
2026-07-07T10:08:52.100334+00:00,steel-plates-fault,40982,self_training_lightgbm,1,500,1052,400,100,389,7,27,27,515.0,135.0,3.0,"{0: 153, 1: 25, 2: 267, 3: 265, 4: 46, 5: 49, 6: 110}",0.48954372623574144,0.9998917263023309,0.999066189054353,0.9999999903938764,,max_iter,,,,,,,,,,,,,,,stratified_labeled_val,7,True,18,166,"{Bumps:321,Dirtiness:44,K_Scratch:313,Other_Faults:538,Pastry:126,Stains:58,Z_Scratch:152}","{Bumps:101,Dirtiness:18,K_Scratch:99,Other_Faults:166,Pastry:43,Stains:22,Z_Scratch:51}","{Bumps:20,Dirtiness:4,K_Scratch:20,Other_Faults:33,Pastry:9,Stains:4,Z_Scratch:10}","{Bumps:81,Dirtiness:11,K_Scratch:78,Other_Faults:135,Pastry:32,Stains:14,Z_Scratch:38}","{Bumps:220,Dirtiness:26,K_Scratch:214,Other_Faults:372,Pastry:83,Stains:36,Z_Scratch:101}",40.7103,success,,0.7197943444730077,0.7284219881807602,0.7431210597028368,1.66018157006172,0.933644320265273,
2026-07-07T10:09:32.817110+00:00,steel-plates-fault,40982,self_training_lightgbm,2,50,1502,40,10,389,7,27,27,0.0,0.0,0.0,"{0: 7, 1: 3, 2: 7, 3: 11, 4: 4, 5: 3, 6: 5}",0.0,,,,,no_candidates,,,,,,,,,,,,,,,stratified_labeled_val,7,True,4,13,"{Bumps:321,Dirtiness:44,K_Scratch:313,Other_Faults:538,Pastry:126,Stains:58,Z_Scratch:152}","{Bumps:9,Dirtiness:4,K_Scratch:9,Other_Faults:13,Pastry:5,Stains:4,Z_Scratch:6}","{Bumps:2,Dirtiness:1,K_Scratch:2,Other_Faults:2,Pastry:1,Stains:1,Z_Scratch:1}","{Bumps:81,Dirtiness:11,K_Scratch:78,Other_Faults:135,Pastry:32,Stains:14,Z_Scratch:38}","{Bumps:312,Dirtiness:40,K_Scratch:304,Other_Faults:525,Pastry:121,Stains:54,Z_Scratch:146}",1.7353,success,,0.4138817480719794,0.20903540903540904,0.1574463118580766,1.6325324399801717,0.6864565051147942,
2026-07-07T10:09:34.560873+00:00,steel-plates-fault,40982,self_training_lightgbm,2,100,1452,80,20,389,7,27,27,710.0,186.0,3.0,"{0: 140, 1: 18, 2: 289, 3: 200, 4: 49, 5: 64, 6: 30}",0.4889807162534435,0.9998615675284008,0.9988379842569881,0.9999994801476526,,max_iter,,,,,,,,,,,,,,,stratified_labeled_val,7,True,7,28,"{Bumps:321,Dirtiness:44,K_Scratch:313,Other_Faults:538,Pastry:126,Stains:58,Z_Scratch:152}","{Bumps:19,Dirtiness:7,K_Scratch:18,Other_Faults:28,Pastry:10,Stains:7,Z_Scratch:11}","{Bumps:4,Dirtiness:1,K_Scratch:4,Other_Faults:6,Pastry:2,Stains:1,Z_Scratch:2}","{Bumps:81,Dirtiness:11,K_Scratch:78,Other_Faults:135,Pastry:32,Stains:14,Z_Scratch:38}","{Bumps:302,Dirtiness:37,K_Scratch:295,Other_Faults:510,Pastry:116,Stains:51,Z_Scratch:141}",20.0033,success,,0.5861182519280206,0.5735242821552345,0.5451681319057229,3.4625841321394053,0.8456508253217294,
2026-07-07T10:09:54.572965+00:00,steel-plates-fault,40982,self_training_lightgbm,2,250,1302,200,50,389,7,27,27,637.0,167.0,3.0,"{0: 148, 1: 17, 2: 253, 3: 237, 4: 34, 5: 51, 6: 97}",0.489247311827957,0.999877287979892,0.9989821574300431,0.9999999529503556,,max_iter,,,,,,,,,,,,,,,stratified_labeled_val,7,True,11,80,"{Bumps:321,Dirtiness:44,K_Scratch:313,Other_Faults:538,Pastry:126,Stains:58,Z_Scratch:152}","{Bumps:50,Dirtiness:11,K_Scratch:48,Other_Faults:80,Pastry:22,Stains:13,Z_Scratch:26}","{Bumps:10,Dirtiness:2,K_Scratch:10,Other_Faults:16,Pastry:4,Stains:3,Z_Scratch:5}","{Bumps:81,Dirtiness:11,K_Scratch:78,Other_Faults:135,Pastry:32,Stains:14,Z_Scratch:38}","{Bumps:271,Dirtiness:33,K_Scratch:265,Other_Faults:458,Pastry:104,Stains:45,Z_Scratch:126}",25.409,success,,0.7043701799485861,0.7378852136214292,0.7289812510685241,2.1257712200195793,0.9124441376629753,
2026-07-07T10:10:19.990793+00:00,steel-plates-fault,40982,self_training_lightgbm,2,500,1052,400,100,389,7,27,27,515.0,135.0,3.0,"{0: 137, 1: 24, 2: 272, 3: 275, 4: 51, 5: 50, 6: 106}",0.48954372623574144,0.9999340968175553,0.9994222409770809,0.9999999976469389,,max_iter,,,,,,,,,,,,,,,stratified_labeled_val,7,True,18,166,"{Bumps:321,Dirtiness:44,K_Scratch:313,Other_Faults:538,Pastry:126,Stains:58,Z_Scratch:152}","{Bumps:101,Dirtiness:18,K_Scratch:99,Other_Faults:166,Pastry:43,Stains:22,Z_Scratch:51}","{Bumps:20,Dirtiness:4,K_Scratch:20,Other_Faults:33,Pastry:9,Stains:4,Z_Scratch:10}","{Bumps:81,Dirtiness:11,K_Scratch:78,Other_Faults:135,Pastry:32,Stains:14,Z_Scratch:38}","{Bumps:220,Dirtiness:26,K_Scratch:214,Other_Faults:372,Pastry:83,Stains:36,Z_Scratch:101}",37.9746,success,,0.7043701799485861,0.7358912240177905,0.7422850434996927,1.577078691424929,0.9345330934882343,
2026-07-07T10:10:57.971900+00:00,steel-plates-fault,40982,self_training_catboost,0,50,1502,40,10,389,7,27,27,0.0,0.0,0.0,"{0: 7, 1: 3, 2: 7, 3: 11, 4: 4, 5: 3, 6: 5}",0.0,,,,,no_candidates,,,,,,,,,,,,,,,stratified_labeled_val,7,True,4,13,"{Bumps:321,Dirtiness:44,K_Scratch:313,Other_Faults:538,Pastry:126,Stains:58,Z_Scratch:152}","{Bumps:9,Dirtiness:4,K_Scratch:9,Other_Faults:13,Pastry:5,Stains:4,Z_Scratch:6}","{Bumps:2,Dirtiness:1,K_Scratch:2,Other_Faults:2,Pastry:1,Stains:1,Z_Scratch:1}","{Bumps:81,Dirtiness:11,K_Scratch:78,Other_Faults:135,Pastry:32,Stains:14,Z_Scratch:38}","{Bumps:312,Dirtiness:40,K_Scratch:304,Other_Faults:525,Pastry:121,Stains:54,Z_Scratch:146}",2.2789,success,,0.6323907455012854,0.6697276691794236,0.6648858488496941,1.3756419245836857,0.867812753552818,
2026-07-07T10:11:00.256840+00:00,steel-plates-fault,40982,self_training_catboost,0,100,1452,80,20,389,7,27,27,0.0,0.0,0.0,"{0: 15, 1: 6, 2: 14, 3: 22, 4: 8, 5: 6, 6: 9}",0.0,,,,,no_candidates,,,,,,,,,,,,,,,stratified_labeled_val,7,True,7,28,"{Bumps:321,Dirtiness:44,K_Scratch:313,Other_Faults:538,Pastry:126,Stains:58,Z_Scratch:152}","{Bumps:19,Dirtiness:7,K_Scratch:18,Other_Faults:28,Pastry:10,Stains:7,Z_Scratch:11}","{Bumps:4,Dirtiness:1,K_Scratch:4,Other_Faults:6,Pastry:2,Stains:1,Z_Scratch:2}","{Bumps:81,Dirtiness:11,K_Scratch:78,Other_Faults:135,Pastry:32,Stains:14,Z_Scratch:38}","{Bumps:302,Dirtiness:37,K_Scratch:295,Other_Faults:510,Pastry:116,Stains:51,Z_Scratch:141}",3.4734,success,,0.6889460154241646,0.7003358698064213,0.6902050397839108,1.1516128501325504,0.8968348159650829,
2026-07-07T10:11:03.738556+00:00,steel-plates-fault,40982,self_training_catboost,0,250,1302,200,50,389,7,27,27,0.0,0.0,0.0,"{0: 40, 1: 9, 2: 38, 3: 64, 4: 18, 5: 10, 6: 21}",0.0,,,,,no_candidates,,,,,,,,,,,,,,,stratified_labeled_val,7,True,11,80,"{Bumps:321,Dirtiness:44,K_Scratch:313,Other_Faults:538,Pastry:126,Stains:58,Z_Scratch:152}","{Bumps:50,Dirtiness:11,K_Scratch:48,Other_Faults:80,Pastry:22,Stains:13,Z_Scratch:26}","{Bumps:10,Dirtiness:2,K_Scratch:10,Other_Faults:16,Pastry:4,Stains:3,Z_Scratch:5}","{Bumps:81,Dirtiness:11,K_Scratch:78,Other_Faults:135,Pastry:32,Stains:14,Z_Scratch:38}","{Bumps:271,Dirtiness:33,K_Scratch:265,Other_Faults:458,Pastry:104,Stains:45,Z_Scratch:126}",8.9471,success,,0.7043701799485861,0.6784477230279237,0.7052431297498384,0.8994052369359298,0.9368721523625388,
2026-07-07T10:11:12.692806+00:00,steel-plates-fault,40982,self_training_catboost,0,500,1052,400,100,389,7,27,27,155.0,12.0,3.0,"{0: 81, 1: 14, 2: 234, 3: 133, 4: 34, 5: 18, 6: 41}",0.1473384030418251,0.9764467136204237,0.9701126765577223,0.9882171552178882,,max_iter,,,,,,,,,,,,,,,stratified_labeled_val,7,True,18,166,"{Bumps:321,Dirtiness:44,K_Scratch:313,Other_Faults:538,Pastry:126,Stains:58,Z_Scratch:152}","{Bumps:101,Dirtiness:18,K_Scratch:99,Other_Faults:166,Pastry:43,Stains:22,Z_Scratch:51}","{Bumps:20,Dirtiness:4,K_Scratch:20,Other_Faults:33,Pastry:9,Stains:4,Z_Scratch:10}","{Bumps:81,Dirtiness:11,K_Scratch:78,Other_Faults:135,Pastry:32,Stains:14,Z_Scratch:38}","{Bumps:220,Dirtiness:26,K_Scratch:214,Other_Faults:372,Pastry:83,Stains:36,Z_Scratch:101}",18.9801,success,,0.7377892030848329,0.70793066292753,0.7477549135111243,0.7635941372086686,0.9501554638870114,
2026-07-07T10:11:31.678911+00:00,steel-plates-fault,40982,self_training_catboost,1,50,1502,40,10,389,7,27,27,0.0,0.0,0.0,"{0: 7, 1: 3, 2: 7, 3: 11, 4: 4, 5: 3, 6: 5}",0.0,,,,,no_candidates,,,,,,,,,,,,,,,stratified_labeled_val,7,True,4,13,"{Bumps:321,Dirtiness:44,K_Scratch:313,Other_Faults:538,Pastry:126,Stains:58,Z_Scratch:152}","{Bumps:9,Dirtiness:4,K_Scratch:9,Other_Faults:13,Pastry:5,Stains:4,Z_Scratch:6}","{Bumps:2,Dirtiness:1,K_Scratch:2,Other_Faults:2,Pastry:1,Stains:1,Z_Scratch:1}","{Bumps:81,Dirtiness:11,K_Scratch:78,Other_Faults:135,Pastry:32,Stains:14,Z_Scratch:38}","{Bumps:312,Dirtiness:40,K_Scratch:304,Other_Faults:525,Pastry:121,Stains:54,Z_Scratch:146}",2.3686,success,,0.5347043701799485,0.5591768530365021,0.5508405821021427,1.3724173621423867,0.8509874412549492,
2026-07-07T10:11:34.053930+00:00,steel-plates-fault,40982,self_training_catboost,1,100,1452,80,20,389,7,27,27,0.0,0.0,0.0,"{0: 15, 1: 6, 2: 14, 3: 22, 4: 8, 5: 6, 6: 9}",0.0,,,,,no_candidates,,,,,,,,,,,,,,,stratified_labeled_val,7,True,7,28,"{Bumps:321,Dirtiness:44,K_Scratch:313,Other_Faults:538,Pastry:126,Stains:58,Z_Scratch:152}","{Bumps:19,Dirtiness:7,K_Scratch:18,Other_Faults:28,Pastry:10,Stains:7,Z_Scratch:11}","{Bumps:4,Dirtiness:1,K_Scratch:4,Other_Faults:6,Pastry:2,Stains:1,Z_Scratch:2}","{Bumps:81,Dirtiness:11,K_Scratch:78,Other_Faults:135,Pastry:32,Stains:14,Z_Scratch:38}","{Bumps:302,Dirtiness:37,K_Scratch:295,Other_Faults:510,Pastry:116,Stains:51,Z_Scratch:141}",4.0592,success,,0.5578406169665809,0.536985461280574,0.5453426643787573,1.2574745092778632,0.8682979395301774,
2026-07-07T10:11:38.118972+00:00,steel-plates-fault,40982,self_training_catboost,1,250,1302,200,50,389,7,27,27,0.0,0.0,0.0,"{0: 40, 1: 9, 2: 38, 3: 64, 4: 18, 5: 10, 6: 21}",0.0,,,,,no_candidates,,,,,,,,,,,,,,,stratified_labeled_val,7,True,11,80,"{Bumps:321,Dirtiness:44,K_Scratch:313,Other_Faults:538,Pastry:126,Stains:58,Z_Scratch:152}","{Bumps:50,Dirtiness:11,K_Scratch:48,Other_Faults:80,Pastry:22,Stains:13,Z_Scratch:26}","{Bumps:10,Dirtiness:2,K_Scratch:10,Other_Faults:16,Pastry:4,Stains:3,Z_Scratch:5}","{Bumps:81,Dirtiness:11,K_Scratch:78,Other_Faults:135,Pastry:32,Stains:14,Z_Scratch:38}","{Bumps:271,Dirtiness:33,K_Scratch:265,Other_Faults:458,Pastry:104,Stains:45,Z_Scratch:126}",7.0555,success,,0.6478149100257069,0.6054433273261594,0.6406072553709128,0.9938381888333546,0.9119596875970152,
2026-07-07T10:11:45.182240+00:00,steel-plates-fault,40982,self_training_catboost,1,500,1052,400,100,389,7,27,27,161.0,3.0,3.0,"{0: 81, 1: 14, 2: 240, 3: 133, 4: 34, 5: 18, 6: 41}",0.15304182509505704,0.9766449961215456,0.9700683753123455,0.9864462596631772,,max_iter,,,,,,,,,,,,,,,stratified_labeled_val,7,True,18,166,"{Bumps:321,Dirtiness:44,K_Scratch:313,Other_Faults:538,Pastry:126,Stains:58,Z_Scratch:152}","{Bumps:101,Dirtiness:18,K_Scratch:99,Other_Faults:166,Pastry:43,Stains:22,Z_Scratch:51}","{Bumps:20,Dirtiness:4,K_Scratch:20,Other_Faults:33,Pastry:9,Stains:4,Z_Scratch:10}","{Bumps:81,Dirtiness:11,K_Scratch:78,Other_Faults:135,Pastry:32,Stains:14,Z_Scratch:38}","{Bumps:220,Dirtiness:26,K_Scratch:214,Other_Faults:372,Pastry:83,Stains:36,Z_Scratch:101}",18.8766,success,,0.6966580976863753,0.685977736525982,0.7208997068875801,0.8546389692727667,0.9270489566238389,
2026-07-07T10:12:04.063099+00:00,steel-plates-fault,40982,self_training_catboost,2,50,1502,40,10,389,7,27,27,0.0,0.0,0.0,"{0: 7, 1: 3, 2: 7, 3: 11, 4: 4, 5: 3, 6: 5}",0.0,,,,,no_candidates,,,,,,,,,,,,,,,stratified_labeled_val,7,True,4,13,"{Bumps:321,Dirtiness:44,K_Scratch:313,Other_Faults:538,Pastry:126,Stains:58,Z_Scratch:152}","{Bumps:9,Dirtiness:4,K_Scratch:9,Other_Faults:13,Pastry:5,Stains:4,Z_Scratch:6}","{Bumps:2,Dirtiness:1,K_Scratch:2,Other_Faults:2,Pastry:1,Stains:1,Z_Scratch:1}","{Bumps:81,Dirtiness:11,K_Scratch:78,Other_Faults:135,Pastry:32,Stains:14,Z_Scratch:38}","{Bumps:312,Dirtiness:40,K_Scratch:304,Other_Faults:525,Pastry:121,Stains:54,Z_Scratch:146}",2.2771,success,,0.5938303341902313,0.5732815719971108,0.5884199863877158,1.3057030767985887,0.8648368195655436,
2026-07-07T10:12:06.347178+00:00,steel-plates-fault,40982,self_training_catboost,2,100,1452,80,20,389,7,27,27,0.0,0.0,0.0,"{0: 15, 1: 6, 2: 14, 3: 22, 4: 8, 5: 6, 6: 9}",0.0,,,,,no_candidates,,,,,,,,,,,,,,,stratified_labeled_val,7,True,7,28,"{Bumps:321,Dirtiness:44,K_Scratch:313,Other_Faults:538,Pastry:126,Stains:58,Z_Scratch:152}","{Bumps:19,Dirtiness:7,K_Scratch:18,Other_Faults:28,Pastry:10,Stains:7,Z_Scratch:11}","{Bumps:4,Dirtiness:1,K_Scratch:4,Other_Faults:6,Pastry:2,Stains:1,Z_Scratch:2}","{Bumps:81,Dirtiness:11,K_Scratch:78,Other_Faults:135,Pastry:32,Stains:14,Z_Scratch:38}","{Bumps:302,Dirtiness:37,K_Scratch:295,Other_Faults:510,Pastry:116,Stains:51,Z_Scratch:141}",4.1318,success,,0.6272493573264781,0.6123173928781698,0.6187771326599991,1.1829422214475118,0.8927914487162776,
2026-07-07T10:12:10.485800+00:00,steel-plates-fault,40982,self_training_catboost,2,250,1302,200,50,389,7,27,27,0.0,0.0,0.0,"{0: 40, 1: 9, 2: 38, 3: 64, 4: 18, 5: 10, 6: 21}",0.0,,,,,no_candidates,,,,,,,,,,,,,,,stratified_labeled_val,7,True,11,80,"{Bumps:321,Dirtiness:44,K_Scratch:313,Other_Faults:538,Pastry:126,Stains:58,Z_Scratch:152}","{Bumps:50,Dirtiness:11,K_Scratch:48,Other_Faults:80,Pastry:22,Stains:13,Z_Scratch:26}","{Bumps:10,Dirtiness:2,K_Scratch:10,Other_Faults:16,Pastry:4,Stains:3,Z_Scratch:5}","{Bumps:81,Dirtiness:11,K_Scratch:78,Other_Faults:135,Pastry:32,Stains:14,Z_Scratch:38}","{Bumps:271,Dirtiness:33,K_Scratch:265,Other_Faults:458,Pastry:104,Stains:45,Z_Scratch:126}",6.9086,success,,0.699228791773779,0.6676014809473455,0.7095078737090846,0.9158218424817546,0.9188131980848505,
2026-07-07T10:12:17.402217+00:00,steel-plates-fault,40982,self_training_catboost,2,500,1052,400,100,389,7,27,27,149.0,31.0,3.0,"{0: 81, 1: 14, 2: 228, 3: 133, 4: 34, 5: 18, 6: 41}",0.14163498098859315,0.9760338714320178,0.9700650773567603,0.9880889788160481,,max_iter,,,,,,,,,,,,,,,stratified_labeled_val,7,True,18,166,"{Bumps:321,Dirtiness:44,K_Scratch:313,Other_Faults:538,Pastry:126,Stains:58,Z_Scratch:152}","{Bumps:101,Dirtiness:18,K_Scratch:99,Other_Faults:166,Pastry:43,Stains:22,Z_Scratch:51}","{Bumps:20,Dirtiness:4,K_Scratch:20,Other_Faults:33,Pastry:9,Stains:4,Z_Scratch:10}","{Bumps:81,Dirtiness:11,K_Scratch:78,Other_Faults:135,Pastry:32,Stains:14,Z_Scratch:38}","{Bumps:220,Dirtiness:26,K_Scratch:214,Other_Faults:372,Pastry:83,Stains:36,Z_Scratch:101}",17.3526,success,,0.7300771208226221,0.7343120892149715,0.7577958417349124,0.7785880232722193,0.9380071169559124,
2026-07-07T10:12:34.761776+00:00,steel-plates-fault,40982,rpl_lr,0,50,1502,40,10,389,7,27,27,,,,,,,,,,,,,,,,,,,,,,,,,stratified_labeled_val,7,True,4,13,"{Bumps:321,Dirtiness:44,K_Scratch:313,Other_Faults:538,Pastry:126,Stains:58,Z_Scratch:152}","{Bumps:9,Dirtiness:4,K_Scratch:9,Other_Faults:13,Pastry:5,Stains:4,Z_Scratch:6}","{Bumps:2,Dirtiness:1,K_Scratch:2,Other_Faults:2,Pastry:1,Stains:1,Z_Scratch:1}","{Bumps:81,Dirtiness:11,K_Scratch:78,Other_Faults:135,Pastry:32,Stains:14,Z_Scratch:38}","{Bumps:312,Dirtiness:40,K_Scratch:304,Other_Faults:525,Pastry:121,Stains:54,Z_Scratch:146}",0.299,success,,0.570694087403599,0.5571814075416832,0.5475546374184291,2.2943918704986572,0.8458271933736153,
2026-07-07T10:12:35.064472+00:00,steel-plates-fault,40982,rpl_lr,0,100,1452,80,20,389,7,27,27,,,,,,,,,,,,,,,,,,,,,,,,,stratified_labeled_val,7,True,7,28,"{Bumps:321,Dirtiness:44,K_Scratch:313,Other_Faults:538,Pastry:126,Stains:58,Z_Scratch:152}","{Bumps:19,Dirtiness:7,K_Scratch:18,Other_Faults:28,Pastry:10,Stains:7,Z_Scratch:11}","{Bumps:4,Dirtiness:1,K_Scratch:4,Other_Faults:6,Pastry:2,Stains:1,Z_Scratch:2}","{Bumps:81,Dirtiness:11,K_Scratch:78,Other_Faults:135,Pastry:32,Stains:14,Z_Scratch:38}","{Bumps:302,Dirtiness:37,K_Scratch:295,Other_Faults:510,Pastry:116,Stains:51,Z_Scratch:141}",0.3352,success,,0.6041131105398457,0.6249345138756166,0.6015028576202829,1.574103593826294,0.8593255359393617,
2026-07-07T10:12:35.403651+00:00,steel-plates-fault,40982,rpl_lr,0,250,1302,200,50,389,7,27,27,,,,,,,,,,,,,,,,,,,,,,,,,stratified_labeled_val,7,True,11,80,"{Bumps:321,Dirtiness:44,K_Scratch:313,Other_Faults:538,Pastry:126,Stains:58,Z_Scratch:152}","{Bumps:50,Dirtiness:11,K_Scratch:48,Other_Faults:80,Pastry:22,Stains:13,Z_Scratch:26}","{Bumps:10,Dirtiness:2,K_Scratch:10,Other_Faults:16,Pastry:4,Stains:3,Z_Scratch:5}","{Bumps:81,Dirtiness:11,K_Scratch:78,Other_Faults:135,Pastry:32,Stains:14,Z_Scratch:38}","{Bumps:271,Dirtiness:33,K_Scratch:265,Other_Faults:458,Pastry:104,Stains:45,Z_Scratch:126}",0.455,success,,0.6606683804627249,0.7017125864713584,0.6809847113730108,0.8392120003700256,0.9239424925959464,
2026-07-07T10:12:35.865810+00:00,steel-plates-fault,40982,rpl_lr,0,500,1052,400,100,389,7,27,27,,,,,,,,,,,,,,,,,,,,,,,,,stratified_labeled_val,7,True,18,166,"{Bumps:321,Dirtiness:44,K_Scratch:313,Other_Faults:538,Pastry:126,Stains:58,Z_Scratch:152}","{Bumps:101,Dirtiness:18,K_Scratch:99,Other_Faults:166,Pastry:43,Stains:22,Z_Scratch:51}","{Bumps:20,Dirtiness:4,K_Scratch:20,Other_Faults:33,Pastry:9,Stains:4,Z_Scratch:10}","{Bumps:81,Dirtiness:11,K_Scratch:78,Other_Faults:135,Pastry:32,Stains:14,Z_Scratch:38}","{Bumps:220,Dirtiness:26,K_Scratch:214,Other_Faults:372,Pastry:83,Stains:36,Z_Scratch:101}",0.3989,success,,0.6863753213367609,0.6849203509291228,0.7010084403515592,0.780719518661499,0.9263191051851124,
2026-07-07T10:12:36.268007+00:00,steel-plates-fault,40982,rpl_lr,1,50,1502,40,10,389,7,27,27,,,,,,,,,,,,,,,,,,,,,,,,,stratified_labeled_val,7,True,4,13,"{Bumps:321,Dirtiness:44,K_Scratch:313,Other_Faults:538,Pastry:126,Stains:58,Z_Scratch:152}","{Bumps:9,Dirtiness:4,K_Scratch:9,Other_Faults:13,Pastry:5,Stains:4,Z_Scratch:6}","{Bumps:2,Dirtiness:1,K_Scratch:2,Other_Faults:2,Pastry:1,Stains:1,Z_Scratch:1}","{Bumps:81,Dirtiness:11,K_Scratch:78,Other_Faults:135,Pastry:32,Stains:14,Z_Scratch:38}","{Bumps:312,Dirtiness:40,K_Scratch:304,Other_Faults:525,Pastry:121,Stains:54,Z_Scratch:146}",0.19,success,,0.5501285347043702,0.587760598725511,0.5072494139162672,2.5852291584014893,0.8493577774223506,
2026-07-07T10:12:36.461670+00:00,steel-plates-fault,40982,rpl_lr,1,100,1452,80,20,389,7,27,27,,,,,,,,,,,,,,,,,,,,,,,,,stratified_labeled_val,7,True,7,28,"{Bumps:321,Dirtiness:44,K_Scratch:313,Other_Faults:538,Pastry:126,Stains:58,Z_Scratch:152}","{Bumps:19,Dirtiness:7,K_Scratch:18,Other_Faults:28,Pastry:10,Stains:7,Z_Scratch:11}","{Bumps:4,Dirtiness:1,K_Scratch:4,Other_Faults:6,Pastry:2,Stains:1,Z_Scratch:2}","{Bumps:81,Dirtiness:11,K_Scratch:78,Other_Faults:135,Pastry:32,Stains:14,Z_Scratch:38}","{Bumps:302,Dirtiness:37,K_Scratch:295,Other_Faults:510,Pastry:116,Stains:51,Z_Scratch:141}",0.2218,success,,0.570694087403599,0.5897771778254234,0.5296387794652494,2.052700996398926,0.8676671557189951,
2026-07-07T10:12:36.689525+00:00,steel-plates-fault,40982,rpl_lr,1,250,1302,200,50,389,7,27,27,,,,,,,,,,,,,,,,,,,,,,,,,stratified_labeled_val,7,True,11,80,"{Bumps:321,Dirtiness:44,K_Scratch:313,Other_Faults:538,Pastry:126,Stains:58,Z_Scratch:152}","{Bumps:50,Dirtiness:11,K_Scratch:48,Other_Faults:80,Pastry:22,Stains:13,Z_Scratch:26}","{Bumps:10,Dirtiness:2,K_Scratch:10,Other_Faults:16,Pastry:4,Stains:3,Z_Scratch:5}","{Bumps:81,Dirtiness:11,K_Scratch:78,Other_Faults:135,Pastry:32,Stains:14,Z_Scratch:38}","{Bumps:271,Dirtiness:33,K_Scratch:265,Other_Faults:458,Pastry:104,Stains:45,Z_Scratch:126}",0.3454,success,,0.6401028277634961,0.6739212014431313,0.6381485879416003,1.033738136291504,0.9040359572340746,
2026-07-07T10:12:37.041551+00:00,steel-plates-fault,40982,rpl_lr,1,500,1052,400,100,389,7,27,27,,,,,,,,,,,,,,,,,,,,,,,,,stratified_labeled_val,7,True,18,166,"{Bumps:321,Dirtiness:44,K_Scratch:313,Other_Faults:538,Pastry:126,Stains:58,Z_Scratch:152}","{Bumps:101,Dirtiness:18,K_Scratch:99,Other_Faults:166,Pastry:43,Stains:22,Z_Scratch:51}","{Bumps:20,Dirtiness:4,K_Scratch:20,Other_Faults:33,Pastry:9,Stains:4,Z_Scratch:10}","{Bumps:81,Dirtiness:11,K_Scratch:78,Other_Faults:135,Pastry:32,Stains:14,Z_Scratch:38}","{Bumps:220,Dirtiness:26,K_Scratch:214,Other_Faults:372,Pastry:83,Stains:36,Z_Scratch:101}",0.2991,success,,0.6606683804627249,0.6628442747960293,0.6604717901938003,0.8512054085731506,0.9175425211210045,
2026-07-07T10:12:37.344828+00:00,steel-plates-fault,40982,rpl_lr,2,50,1502,40,10,389,7,27,27,,,,,,,,,,,,,,,,,,,,,,,,,stratified_labeled_val,7,True,4,13,"{Bumps:321,Dirtiness:44,K_Scratch:313,Other_Faults:538,Pastry:126,Stains:58,Z_Scratch:152}","{Bumps:9,Dirtiness:4,K_Scratch:9,Other_Faults:13,Pastry:5,Stains:4,Z_Scratch:6}","{Bumps:2,Dirtiness:1,K_Scratch:2,Other_Faults:2,Pastry:1,Stains:1,Z_Scratch:1}","{Bumps:81,Dirtiness:11,K_Scratch:78,Other_Faults:135,Pastry:32,Stains:14,Z_Scratch:38}","{Bumps:312,Dirtiness:40,K_Scratch:304,Other_Faults:525,Pastry:121,Stains:54,Z_Scratch:146}",0.2186,success,,0.5938303341902313,0.5397327905316628,0.5473558477914026,2.0894722938537598,0.8709352290798772,
2026-07-07T10:12:37.567982+00:00,steel-plates-fault,40982,rpl_lr,2,100,1452,80,20,389,7,27,27,,,,,,,,,,,,,,,,,,,,,,,,,stratified_labeled_val,7,True,7,28,"{Bumps:321,Dirtiness:44,K_Scratch:313,Other_Faults:538,Pastry:126,Stains:58,Z_Scratch:152}","{Bumps:19,Dirtiness:7,K_Scratch:18,Other_Faults:28,Pastry:10,Stains:7,Z_Scratch:11}","{Bumps:4,Dirtiness:1,K_Scratch:4,Other_Faults:6,Pastry:2,Stains:1,Z_Scratch:2}","{Bumps:81,Dirtiness:11,K_Scratch:78,Other_Faults:135,Pastry:32,Stains:14,Z_Scratch:38}","{Bumps:302,Dirtiness:37,K_Scratch:295,Other_Faults:510,Pastry:116,Stains:51,Z_Scratch:141}",0.3577,success,,0.6272493573264781,0.6204539090817286,0.5942499582623555,1.8810006380081177,0.8895979945070381,
2026-07-07T10:12:37.930846+00:00,steel-plates-fault,40982,rpl_lr,2,250,1302,200,50,389,7,27,27,,,,,,,,,,,,,,,,,,,,,,,,,stratified_labeled_val,7,True,11,80,"{Bumps:321,Dirtiness:44,K_Scratch:313,Other_Faults:538,Pastry:126,Stains:58,Z_Scratch:152}","{Bumps:50,Dirtiness:11,K_Scratch:48,Other_Faults:80,Pastry:22,Stains:13,Z_Scratch:26}","{Bumps:10,Dirtiness:2,K_Scratch:10,Other_Faults:16,Pastry:4,Stains:3,Z_Scratch:5}","{Bumps:81,Dirtiness:11,K_Scratch:78,Other_Faults:135,Pastry:32,Stains:14,Z_Scratch:38}","{Bumps:271,Dirtiness:33,K_Scratch:265,Other_Faults:458,Pastry:104,Stains:45,Z_Scratch:126}",0.6056,success,,0.6452442159383034,0.6512679797924159,0.6238451530427985,1.0416233539581299,0.9126964288409612,
2026-07-07T10:12:38.551123+00:00,steel-plates-fault,40982,rpl_lr,2,500,1052,400,100,389,7,27,27,,,,,,,,,,,,,,,,,,,,,,,,,stratified_labeled_val,7,True,18,166,"{Bumps:321,Dirtiness:44,K_Scratch:313,Other_Faults:538,Pastry:126,Stains:58,Z_Scratch:152}","{Bumps:101,Dirtiness:18,K_Scratch:99,Other_Faults:166,Pastry:43,Stains:22,Z_Scratch:51}","{Bumps:20,Dirtiness:4,K_Scratch:20,Other_Faults:33,Pastry:9,Stains:4,Z_Scratch:10}","{Bumps:81,Dirtiness:11,K_Scratch:78,Other_Faults:135,Pastry:32,Stains:14,Z_Scratch:38}","{Bumps:220,Dirtiness:26,K_Scratch:214,Other_Faults:372,Pastry:83,Stains:36,Z_Scratch:101}",1.2707,success,,0.6760925449871465,0.6863865324548282,0.679347236887358,0.8268289566040039,0.9253307963208554,
2026-07-07T10:12:39.834932+00:00,steel-plates-fault,40982,rpl_lite_xgboost,0,50,1502,40,10,389,7,27,27,662.0,210.0,3.0,"{2: 228, 0: 152, 3: 279, 6: 3}",0.440745672436751,0.9693696698753496,,,0.27330680854088496,max_iter,,,,,,,,,,,,,,,stratified_labeled_val,7,True,4,13,"{Bumps:321,Dirtiness:44,K_Scratch:313,Other_Faults:538,Pastry:126,Stains:58,Z_Scratch:152}","{Bumps:9,Dirtiness:4,K_Scratch:9,Other_Faults:13,Pastry:5,Stains:4,Z_Scratch:6}","{Bumps:2,Dirtiness:1,K_Scratch:2,Other_Faults:2,Pastry:1,Stains:1,Z_Scratch:1}","{Bumps:81,Dirtiness:11,K_Scratch:78,Other_Faults:135,Pastry:32,Stains:14,Z_Scratch:38}","{Bumps:312,Dirtiness:40,K_Scratch:304,Other_Faults:525,Pastry:121,Stains:54,Z_Scratch:146}",19.007,success,,0.570694087403599,0.5110239952658499,0.5587002123707282,2.183799982070923,0.8005642395172777,
2026-07-07T10:12:58.851064+00:00,steel-plates-fault,40982,rpl_lite_xgboost,0,100,1452,80,20,389,7,27,27,710.0,186.0,3.0,"{2: 195, 3: 173, 5: 42, 6: 97, 0: 187, 4: 16}",0.4889807162534435,0.9673177574721861,,,0.17493495492342406,max_iter,,,,,,,,,,,,,,,stratified_labeled_val,7,True,7,28,"{Bumps:321,Dirtiness:44,K_Scratch:313,Other_Faults:538,Pastry:126,Stains:58,Z_Scratch:152}","{Bumps:19,Dirtiness:7,K_Scratch:18,Other_Faults:28,Pastry:10,Stains:7,Z_Scratch:11}","{Bumps:4,Dirtiness:1,K_Scratch:4,Other_Faults:6,Pastry:2,Stains:1,Z_Scratch:2}","{Bumps:81,Dirtiness:11,K_Scratch:78,Other_Faults:135,Pastry:32,Stains:14,Z_Scratch:38}","{Bumps:302,Dirtiness:37,K_Scratch:295,Other_Faults:510,Pastry:116,Stains:51,Z_Scratch:141}",20.2546,success,,0.5938303341902313,0.632170620500821,0.6362361779887037,1.6821894645690918,0.8514306086145799,
2026-07-07T10:13:19.120937+00:00,steel-plates-fault,40982,rpl_lite_xgboost,0,250,1302,200,50,389,7,27,27,637.0,167.0,3.0,"{2: 216, 6: 104, 5: 43, 3: 177, 0: 74, 4: 12, 1: 11}",0.489247311827957,0.9755548105883636,,,0.27230815018878174,max_iter,,,,,,,,,,,,,,,stratified_labeled_val,7,True,11,80,"{Bumps:321,Dirtiness:44,K_Scratch:313,Other_Faults:538,Pastry:126,Stains:58,Z_Scratch:152}","{Bumps:50,Dirtiness:11,K_Scratch:48,Other_Faults:80,Pastry:22,Stains:13,Z_Scratch:26}","{Bumps:10,Dirtiness:2,K_Scratch:10,Other_Faults:16,Pastry:4,Stains:3,Z_Scratch:5}","{Bumps:81,Dirtiness:11,K_Scratch:78,Other_Faults:135,Pastry:32,Stains:14,Z_Scratch:38}","{Bumps:271,Dirtiness:33,K_Scratch:265,Other_Faults:458,Pastry:104,Stains:45,Z_Scratch:126}",26.3579,success,,0.7172236503856041,0.698961864970637,0.7149412432675316,0.9123557209968567,0.9329698198717978,
2026-07-07T10:13:45.493899+00:00,steel-plates-fault,40982,rpl_lite_xgboost,0,500,1052,400,100,389,7,27,27,515.0,135.0,3.0,"{2: 186, 6: 51, 5: 33, 3: 148, 0: 69, 1: 7, 4: 21}",0.48954372623574144,0.984670430595435,,,0.3594076962250996,max_iter,,,,,,,,,,,,,,,stratified_labeled_val,7,True,18,166,"{Bumps:321,Dirtiness:44,K_Scratch:313,Other_Faults:538,Pastry:126,Stains:58,Z_Scratch:152}","{Bumps:101,Dirtiness:18,K_Scratch:99,Other_Faults:166,Pastry:43,Stains:22,Z_Scratch:51}","{Bumps:20,Dirtiness:4,K_Scratch:20,Other_Faults:33,Pastry:9,Stains:4,Z_Scratch:10}","{Bumps:81,Dirtiness:11,K_Scratch:78,Other_Faults:135,Pastry:32,Stains:14,Z_Scratch:38}","{Bumps:220,Dirtiness:26,K_Scratch:214,Other_Faults:372,Pastry:83,Stains:36,Z_Scratch:101}",32.7795,success,,0.7712082262210797,0.7622768609140789,0.7845789919075934,0.7129844427108765,0.9539015735483619,
2026-07-07T10:14:18.283371+00:00,steel-plates-fault,40982,rpl_lite_xgboost,1,50,1502,40,10,389,7,27,27,734.0,192.0,3.0,"{2: 291, 0: 111, 3: 269, 6: 62, 4: 1}",0.48868175765645805,0.9597030111489568,,,0.32089733242758656,max_iter,,,,,,,,,,,,,,,stratified_labeled_val,7,True,4,13,"{Bumps:321,Dirtiness:44,K_Scratch:313,Other_Faults:538,Pastry:126,Stains:58,Z_Scratch:152}","{Bumps:9,Dirtiness:4,K_Scratch:9,Other_Faults:13,Pastry:5,Stains:4,Z_Scratch:6}","{Bumps:2,Dirtiness:1,K_Scratch:2,Other_Faults:2,Pastry:1,Stains:1,Z_Scratch:1}","{Bumps:81,Dirtiness:11,K_Scratch:78,Other_Faults:135,Pastry:32,Stains:14,Z_Scratch:38}","{Bumps:312,Dirtiness:40,K_Scratch:304,Other_Faults:525,Pastry:121,Stains:54,Z_Scratch:146}",15.2109,success,,0.532133676092545,0.5555164418103015,0.5442781026067026,2.2397725582122803,0.810867720020988,
2026-07-07T10:14:33.503820+00:00,steel-plates-fault,40982,rpl_lite_xgboost,1,100,1452,80,20,389,7,27,27,710.0,186.0,3.0,"{2: 272, 0: 172, 6: 64, 3: 181, 4: 7, 5: 14}",0.4889807162534435,0.98128504837063,,,0.3312081040936965,max_iter,,,,,,,,,,,,,,,stratified_labeled_val,7,True,7,28,"{Bumps:321,Dirtiness:44,K_Scratch:313,Other_Faults:538,Pastry:126,Stains:58,Z_Scratch:152}","{Bumps:19,Dirtiness:7,K_Scratch:18,Other_Faults:28,Pastry:10,Stains:7,Z_Scratch:11}","{Bumps:4,Dirtiness:1,K_Scratch:4,Other_Faults:6,Pastry:2,Stains:1,Z_Scratch:2}","{Bumps:81,Dirtiness:11,K_Scratch:78,Other_Faults:135,Pastry:32,Stains:14,Z_Scratch:38}","{Bumps:302,Dirtiness:37,K_Scratch:295,Other_Faults:510,Pastry:116,Stains:51,Z_Scratch:141}",16.0997,success,,0.5501285347043702,0.5698313973689914,0.5690454260612413,1.994991660118103,0.8538875730060964,
2026-07-07T10:14:49.613523+00:00,steel-plates-fault,40982,rpl_lite_xgboost,1,250,1302,200,50,389,7,27,27,637.0,167.0,3.0,"{2: 229, 6: 96, 0: 115, 3: 146, 4: 14, 1: 9, 5: 28}",0.489247311827957,0.9838961819464596,,,0.3697559876467746,max_iter,,,,,,,,,,,,,,,stratified_labeled_val,7,True,11,80,"{Bumps:321,Dirtiness:44,K_Scratch:313,Other_Faults:538,Pastry:126,Stains:58,Z_Scratch:152}","{Bumps:50,Dirtiness:11,K_Scratch:48,Other_Faults:80,Pastry:22,Stains:13,Z_Scratch:26}","{Bumps:10,Dirtiness:2,K_Scratch:10,Other_Faults:16,Pastry:4,Stains:3,Z_Scratch:5}","{Bumps:81,Dirtiness:11,K_Scratch:78,Other_Faults:135,Pastry:32,Stains:14,Z_Scratch:38}","{Bumps:271,Dirtiness:33,K_Scratch:265,Other_Faults:458,Pastry:104,Stains:45,Z_Scratch:126}",24.7476,success,,0.6478149100257069,0.6912894001709791,0.6919302507410819,1.3314824104309082,0.9021318581842132,
2026-07-07T10:15:14.374294+00:00,steel-plates-fault,40982,rpl_lite_xgboost,1,500,1052,400,100,389,7,27,27,515.0,135.0,3.0,"{2: 182, 6: 72, 5: 31, 0: 70, 3: 137, 4: 15, 1: 8}",0.48954372623574144,0.9849464217435966,,,0.3569535848783307,max_iter,,,,,,,,,,,,,,,stratified_labeled_val,7,True,18,166,"{Bumps:321,Dirtiness:44,K_Scratch:313,Other_Faults:538,Pastry:126,Stains:58,Z_Scratch:152}","{Bumps:101,Dirtiness:18,K_Scratch:99,Other_Faults:166,Pastry:43,Stains:22,Z_Scratch:51}","{Bumps:20,Dirtiness:4,K_Scratch:20,Other_Faults:33,Pastry:9,Stains:4,Z_Scratch:10}","{Bumps:81,Dirtiness:11,K_Scratch:78,Other_Faults:135,Pastry:32,Stains:14,Z_Scratch:38}","{Bumps:220,Dirtiness:26,K_Scratch:214,Other_Faults:372,Pastry:83,Stains:36,Z_Scratch:101}",33.7717,success,,0.7069408740359897,0.718558431497028,0.7405753691359234,0.93952476978302,0.9312748724888564,
2026-07-07T10:15:48.157038+00:00,steel-plates-fault,40982,rpl_lite_xgboost,2,50,1502,40,10,389,7,27,27,667.0,181.0,3.0,"{2: 308, 6: 33, 0: 137, 3: 189}",0.4440745672436751,0.9569180279836126,,,0.3514255970880479,max_iter,,,,,,,,,,,,,,,stratified_labeled_val,7,True,4,13,"{Bumps:321,Dirtiness:44,K_Scratch:313,Other_Faults:538,Pastry:126,Stains:58,Z_Scratch:152}","{Bumps:9,Dirtiness:4,K_Scratch:9,Other_Faults:13,Pastry:5,Stains:4,Z_Scratch:6}","{Bumps:2,Dirtiness:1,K_Scratch:2,Other_Faults:2,Pastry:1,Stains:1,Z_Scratch:1}","{Bumps:81,Dirtiness:11,K_Scratch:78,Other_Faults:135,Pastry:32,Stains:14,Z_Scratch:38}","{Bumps:312,Dirtiness:40,K_Scratch:304,Other_Faults:525,Pastry:121,Stains:54,Z_Scratch:146}",19.4178,success,,0.5629820051413882,0.47661120381985045,0.5168969182945842,1.9523166418075562,0.8204422701011429,
2026-07-07T10:16:07.585339+00:00,steel-plates-fault,40982,rpl_lite_xgboost,2,100,1452,80,20,389,7,27,27,710.0,186.0,3.0,"{2: 307, 1: 9, 0: 154, 5: 45, 6: 9, 4: 25, 3: 161}",0.4889807162534435,0.9736199243807457,,,0.34096564147129627,max_iter,,,,,,,,,,,,,,,stratified_labeled_val,7,True,7,28,"{Bumps:321,Dirtiness:44,K_Scratch:313,Other_Faults:538,Pastry:126,Stains:58,Z_Scratch:152}","{Bumps:19,Dirtiness:7,K_Scratch:18,Other_Faults:28,Pastry:10,Stains:7,Z_Scratch:11}","{Bumps:4,Dirtiness:1,K_Scratch:4,Other_Faults:6,Pastry:2,Stains:1,Z_Scratch:2}","{Bumps:81,Dirtiness:11,K_Scratch:78,Other_Faults:135,Pastry:32,Stains:14,Z_Scratch:38}","{Bumps:302,Dirtiness:37,K_Scratch:295,Other_Faults:510,Pastry:116,Stains:51,Z_Scratch:141}",21.0588,success,,0.5475578406169666,0.5428555965523384,0.5189976951720019,1.9727689027786255,0.8491975294360176,
2026-07-07T10:16:28.653466+00:00,steel-plates-fault,40982,rpl_lite_xgboost,2,250,1302,200,50,389,7,27,27,637.0,167.0,3.0,"{2: 218, 0: 126, 5: 45, 6: 75, 3: 144, 4: 20, 1: 9}",0.489247311827957,0.9824875756934449,,,0.37217670129930325,max_iter,,,,,,,,,,,,,,,stratified_labeled_val,7,True,11,80,"{Bumps:321,Dirtiness:44,K_Scratch:313,Other_Faults:538,Pastry:126,Stains:58,Z_Scratch:152}","{Bumps:50,Dirtiness:11,K_Scratch:48,Other_Faults:80,Pastry:22,Stains:13,Z_Scratch:26}","{Bumps:10,Dirtiness:2,K_Scratch:10,Other_Faults:16,Pastry:4,Stains:3,Z_Scratch:5}","{Bumps:81,Dirtiness:11,K_Scratch:78,Other_Faults:135,Pastry:32,Stains:14,Z_Scratch:38}","{Bumps:271,Dirtiness:33,K_Scratch:265,Other_Faults:458,Pastry:104,Stains:45,Z_Scratch:126}",23.2984,success,,0.6863753213367609,0.6956820464182619,0.6799569241434681,1.1798617839813232,0.9139075302437661,
2026-07-07T10:16:51.962360+00:00,steel-plates-fault,40982,rpl_lite_xgboost,2,500,1052,400,100,389,7,27,27,515.0,135.0,3.0,"{2: 186, 6: 66, 5: 31, 0: 63, 4: 18, 3: 144, 1: 7}",0.48954372623574144,0.9861658571993263,,,0.3936806837289073,max_iter,,,,,,,,,,,,,,,stratified_labeled_val,7,True,18,166,"{Bumps:321,Dirtiness:44,K_Scratch:313,Other_Faults:538,Pastry:126,Stains:58,Z_Scratch:152}","{Bumps:101,Dirtiness:18,K_Scratch:99,Other_Faults:166,Pastry:43,Stains:22,Z_Scratch:51}","{Bumps:20,Dirtiness:4,K_Scratch:20,Other_Faults:33,Pastry:9,Stains:4,Z_Scratch:10}","{Bumps:81,Dirtiness:11,K_Scratch:78,Other_Faults:135,Pastry:32,Stains:14,Z_Scratch:38}","{Bumps:220,Dirtiness:26,K_Scratch:214,Other_Faults:372,Pastry:83,Stains:36,Z_Scratch:101}",31.0215,success,,0.6966580976863753,0.7278317680416678,0.7235166583669492,0.9064909815788269,0.9322693989757604,
2026-07-07T10:17:22.993394+00:00,steel-plates-fault,40982,sslae,0,50,1502,40,10,389,7,27,27,,,,,,,,,,,,,,,sslae,style_baseline,supervised_autoencoder,19,29,,,1.4790395498275757,0.29891514778137207,internal_stratified_val,stratified_labeled_val,7,True,4,13,"{Bumps:321,Dirtiness:44,K_Scratch:313,Other_Faults:538,Pastry:126,Stains:58,Z_Scratch:152}","{Bumps:9,Dirtiness:4,K_Scratch:9,Other_Faults:13,Pastry:5,Stains:4,Z_Scratch:6}","{Bumps:2,Dirtiness:1,K_Scratch:2,Other_Faults:2,Pastry:1,Stains:1,Z_Scratch:1}","{Bumps:81,Dirtiness:11,K_Scratch:78,Other_Faults:135,Pastry:32,Stains:14,Z_Scratch:38}","{Bumps:312,Dirtiness:40,K_Scratch:304,Other_Faults:525,Pastry:121,Stains:54,Z_Scratch:146}",10.4415,success,,0.609254498714653,0.61574241860896,0.6155620353733472,1.2340091852608468,0.8564359808986296,
2026-07-07T10:17:33.442034+00:00,steel-plates-fault,40982,sslae,0,100,1452,80,20,389,7,27,27,,,,,,,,,,,,,,,sslae,style_baseline,supervised_autoencoder,15,25,,,1.3250821828842163,0.4848969578742981,internal_stratified_val,stratified_labeled_val,7,True,7,28,"{Bumps:321,Dirtiness:44,K_Scratch:313,Other_Faults:538,Pastry:126,Stains:58,Z_Scratch:152}","{Bumps:19,Dirtiness:7,K_Scratch:18,Other_Faults:28,Pastry:10,Stains:7,Z_Scratch:11}","{Bumps:4,Dirtiness:1,K_Scratch:4,Other_Faults:6,Pastry:2,Stains:1,Z_Scratch:2}","{Bumps:81,Dirtiness:11,K_Scratch:78,Other_Faults:135,Pastry:32,Stains:14,Z_Scratch:38}","{Bumps:302,Dirtiness:37,K_Scratch:295,Other_Faults:510,Pastry:116,Stains:51,Z_Scratch:141}",3.5223,success,,0.6066838046272494,0.611629434452116,0.5812294795637581,1.1068327088544812,0.8616968414716408,
2026-07-07T10:17:36.971869+00:00,steel-plates-fault,40982,sslae,0,250,1302,200,50,389,7,27,27,,,,,,,,,,,,,,,sslae,style_baseline,supervised_autoencoder,45,55,,,0.6458251476287842,0.42024776339530945,internal_stratified_val,stratified_labeled_val,7,True,11,80,"{Bumps:321,Dirtiness:44,K_Scratch:313,Other_Faults:538,Pastry:126,Stains:58,Z_Scratch:152}","{Bumps:50,Dirtiness:11,K_Scratch:48,Other_Faults:80,Pastry:22,Stains:13,Z_Scratch:26}","{Bumps:10,Dirtiness:2,K_Scratch:10,Other_Faults:16,Pastry:4,Stains:3,Z_Scratch:5}","{Bumps:81,Dirtiness:11,K_Scratch:78,Other_Faults:135,Pastry:32,Stains:14,Z_Scratch:38}","{Bumps:271,Dirtiness:33,K_Scratch:265,Other_Faults:458,Pastry:104,Stains:45,Z_Scratch:126}",9.1311,success,,0.6606683804627249,0.7043844000610918,0.6816672434319494,0.8130205029651669,0.9281668013045209,
2026-07-07T10:17:46.110505+00:00,steel-plates-fault,40982,sslae,0,500,1052,400,100,389,7,27,27,,,,,,,,,,,,,,,sslae,style_baseline,supervised_autoencoder,44,54,,,0.763751208782196,0.5585888624191284,internal_stratified_val,stratified_labeled_val,7,True,18,166,"{Bumps:321,Dirtiness:44,K_Scratch:313,Other_Faults:538,Pastry:126,Stains:58,Z_Scratch:152}","{Bumps:101,Dirtiness:18,K_Scratch:99,Other_Faults:166,Pastry:43,Stains:22,Z_Scratch:51}","{Bumps:20,Dirtiness:4,K_Scratch:20,Other_Faults:33,Pastry:9,Stains:4,Z_Scratch:10}","{Bumps:81,Dirtiness:11,K_Scratch:78,Other_Faults:135,Pastry:32,Stains:14,Z_Scratch:38}","{Bumps:220,Dirtiness:26,K_Scratch:214,Other_Faults:372,Pastry:83,Stains:36,Z_Scratch:101}",9.9108,success,,0.7043701799485861,0.7224961644917786,0.7132153104539298,0.7455342792761398,0.931515647531681,
2026-07-07T10:17:56.033497+00:00,steel-plates-fault,40982,sslae,1,50,1502,40,10,389,7,27,27,,,,,,,,,,,,,,,sslae,style_baseline,supervised_autoencoder,8,18,,,1.6845872402191162,0.5788523554801941,internal_stratified_val,stratified_labeled_val,7,True,4,13,"{Bumps:321,Dirtiness:44,K_Scratch:313,Other_Faults:538,Pastry:126,Stains:58,Z_Scratch:152}","{Bumps:9,Dirtiness:4,K_Scratch:9,Other_Faults:13,Pastry:5,Stains:4,Z_Scratch:6}","{Bumps:2,Dirtiness:1,K_Scratch:2,Other_Faults:2,Pastry:1,Stains:1,Z_Scratch:1}","{Bumps:81,Dirtiness:11,K_Scratch:78,Other_Faults:135,Pastry:32,Stains:14,Z_Scratch:38}","{Bumps:312,Dirtiness:40,K_Scratch:304,Other_Faults:525,Pastry:121,Stains:54,Z_Scratch:146}",3.4306,success,,0.4601542416452442,0.2580246913580247,0.22110965757641557,1.4039754986405055,0.8113964731739312,
2026-07-07T10:17:59.471322+00:00,steel-plates-fault,40982,sslae,1,100,1452,80,20,389,7,27,27,,,,,,,,,,,,,,,sslae,style_baseline,supervised_autoencoder,15,25,,,1.0439178943634033,0.6226437091827393,internal_stratified_val,stratified_labeled_val,7,True,7,28,"{Bumps:321,Dirtiness:44,K_Scratch:313,Other_Faults:538,Pastry:126,Stains:58,Z_Scratch:152}","{Bumps:19,Dirtiness:7,K_Scratch:18,Other_Faults:28,Pastry:10,Stains:7,Z_Scratch:11}","{Bumps:4,Dirtiness:1,K_Scratch:4,Other_Faults:6,Pastry:2,Stains:1,Z_Scratch:2}","{Bumps:81,Dirtiness:11,K_Scratch:78,Other_Faults:135,Pastry:32,Stains:14,Z_Scratch:38}","{Bumps:302,Dirtiness:37,K_Scratch:295,Other_Faults:510,Pastry:116,Stains:51,Z_Scratch:141}",5.8167,success,,0.5758354755784062,0.6046239781985395,0.5465128615014421,1.2589607823468896,0.8620858265080277,
2026-07-07T10:18:05.297714+00:00,steel-plates-fault,40982,sslae,1,250,1302,200,50,389,7,27,27,,,,,,,,,,,,,,,sslae,style_baseline,supervised_autoencoder,17,27,,,1.4008204936981201,0.8102810978889465,internal_stratified_val,stratified_labeled_val,7,True,11,80,"{Bumps:321,Dirtiness:44,K_Scratch:313,Other_Faults:538,Pastry:126,Stains:58,Z_Scratch:152}","{Bumps:50,Dirtiness:11,K_Scratch:48,Other_Faults:80,Pastry:22,Stains:13,Z_Scratch:26}","{Bumps:10,Dirtiness:2,K_Scratch:10,Other_Faults:16,Pastry:4,Stains:3,Z_Scratch:5}","{Bumps:81,Dirtiness:11,K_Scratch:78,Other_Faults:135,Pastry:32,Stains:14,Z_Scratch:38}","{Bumps:271,Dirtiness:33,K_Scratch:265,Other_Faults:458,Pastry:104,Stains:45,Z_Scratch:126}",7.3562,success,,0.5989717223650386,0.5665552672288261,0.5865740395961622,1.1790300417284165,0.8568494057051028,
2026-07-07T10:18:12.662800+00:00,steel-plates-fault,40982,sslae,1,500,1052,400,100,389,7,27,27,,,,,,,,,,,,,,,sslae,style_baseline,supervised_autoencoder,27,37,,,0.8337753415107727,0.6771774888038635,internal_stratified_val,stratified_labeled_val,7,True,18,166,"{Bumps:321,Dirtiness:44,K_Scratch:313,Other_Faults:538,Pastry:126,Stains:58,Z_Scratch:152}","{Bumps:101,Dirtiness:18,K_Scratch:99,Other_Faults:166,Pastry:43,Stains:22,Z_Scratch:51}","{Bumps:20,Dirtiness:4,K_Scratch:20,Other_Faults:33,Pastry:9,Stains:4,Z_Scratch:10}","{Bumps:81,Dirtiness:11,K_Scratch:78,Other_Faults:135,Pastry:32,Stains:14,Z_Scratch:38}","{Bumps:220,Dirtiness:26,K_Scratch:214,Other_Faults:372,Pastry:83,Stains:36,Z_Scratch:101}",16.5946,success,,0.6760925449871465,0.6487664909814033,0.6527108905659055,0.8902309145111174,0.9146420167107523,
2026-07-07T10:18:29.298678+00:00,steel-plates-fault,40982,sslae,2,50,1502,40,10,389,7,27,27,,,,,,,,,,,,,,,sslae,style_baseline,supervised_autoencoder,16,26,,,1.3858311176300049,0.33793431520462036,internal_stratified_val,stratified_labeled_val,7,True,4,13,"{Bumps:321,Dirtiness:44,K_Scratch:313,Other_Faults:538,Pastry:126,Stains:58,Z_Scratch:152}","{Bumps:9,Dirtiness:4,K_Scratch:9,Other_Faults:13,Pastry:5,Stains:4,Z_Scratch:6}","{Bumps:2,Dirtiness:1,K_Scratch:2,Other_Faults:2,Pastry:1,Stains:1,Z_Scratch:1}","{Bumps:81,Dirtiness:11,K_Scratch:78,Other_Faults:135,Pastry:32,Stains:14,Z_Scratch:38}","{Bumps:312,Dirtiness:40,K_Scratch:304,Other_Faults:525,Pastry:121,Stains:54,Z_Scratch:146}",9.5312,success,,0.5475578406169666,0.5098726890393557,0.5119997514380731,1.2239194353584486,0.8597763053945313,
2026-07-07T10:18:38.837721+00:00,steel-plates-fault,40982,sslae,2,100,1452,80,20,389,7,27,27,,,,,,,,,,,,,,,sslae,style_baseline,supervised_autoencoder,22,32,,,0.8651590943336487,0.37377429008483887,internal_stratified_val,stratified_labeled_val,7,True,7,28,"{Bumps:321,Dirtiness:44,K_Scratch:313,Other_Faults:538,Pastry:126,Stains:58,Z_Scratch:152}","{Bumps:19,Dirtiness:7,K_Scratch:18,Other_Faults:28,Pastry:10,Stains:7,Z_Scratch:11}","{Bumps:4,Dirtiness:1,K_Scratch:4,Other_Faults:6,Pastry:2,Stains:1,Z_Scratch:2}","{Bumps:81,Dirtiness:11,K_Scratch:78,Other_Faults:135,Pastry:32,Stains:14,Z_Scratch:38}","{Bumps:302,Dirtiness:37,K_Scratch:295,Other_Faults:510,Pastry:116,Stains:51,Z_Scratch:141}",7.7414,success,,0.6066838046272494,0.5998175348739258,0.5874450029095348,1.176539186870223,0.8878486860004696,
2026-07-07T10:18:46.587453+00:00,steel-plates-fault,40982,sslae,2,250,1302,200,50,389,7,27,27,,,,,,,,,,,,,,,sslae,style_baseline,supervised_autoencoder,40,50,,,0.8257074356079102,0.41985079646110535,internal_stratified_val,stratified_labeled_val,7,True,11,80,"{Bumps:321,Dirtiness:44,K_Scratch:313,Other_Faults:538,Pastry:126,Stains:58,Z_Scratch:152}","{Bumps:50,Dirtiness:11,K_Scratch:48,Other_Faults:80,Pastry:22,Stains:13,Z_Scratch:26}","{Bumps:10,Dirtiness:2,K_Scratch:10,Other_Faults:16,Pastry:4,Stains:3,Z_Scratch:5}","{Bumps:81,Dirtiness:11,K_Scratch:78,Other_Faults:135,Pastry:32,Stains:14,Z_Scratch:38}","{Bumps:271,Dirtiness:33,K_Scratch:265,Other_Faults:458,Pastry:104,Stains:45,Z_Scratch:126}",10.5448,success,,0.6838046272493573,0.7192824429353253,0.6908467423557331,0.9761493058462577,0.9022007496426591,
2026-07-07T10:18:57.149642+00:00,steel-plates-fault,40982,sslae,2,500,1052,400,100,389,7,27,27,,,,,,,,,,,,,,,sslae,style_baseline,supervised_autoencoder,33,43,,,0.733134388923645,0.5657088756561279,internal_stratified_val,stratified_labeled_val,7,True,18,166,"{Bumps:321,Dirtiness:44,K_Scratch:313,Other_Faults:538,Pastry:126,Stains:58,Z_Scratch:152}","{Bumps:101,Dirtiness:18,K_Scratch:99,Other_Faults:166,Pastry:43,Stains:22,Z_Scratch:51}","{Bumps:20,Dirtiness:4,K_Scratch:20,Other_Faults:33,Pastry:9,Stains:4,Z_Scratch:10}","{Bumps:81,Dirtiness:11,K_Scratch:78,Other_Faults:135,Pastry:32,Stains:14,Z_Scratch:38}","{Bumps:220,Dirtiness:26,K_Scratch:214,Other_Faults:372,Pastry:83,Stains:36,Z_Scratch:101}",16.5058,success,,0.7172236503856041,0.7389391345218413,0.7278174770105562,0.7999455440680275,0.9278099325015822,
2026-07-07T10:19:13.662449+00:00,steel-plates-fault,40982,scarf,0,50,1502,40,10,389,7,27,27,,,,,,,,,,,,,,,scarf,paper_faithful_core,SCARF,39,49,50,49,1.4194581508636475,0.2144264429807663,internal_stratified_val,stratified_labeled_val,7,True,4,13,"{Bumps:321,Dirtiness:44,K_Scratch:313,Other_Faults:538,Pastry:126,Stains:58,Z_Scratch:152}","{Bumps:9,Dirtiness:4,K_Scratch:9,Other_Faults:13,Pastry:5,Stains:4,Z_Scratch:6}","{Bumps:2,Dirtiness:1,K_Scratch:2,Other_Faults:2,Pastry:1,Stains:1,Z_Scratch:1}","{Bumps:81,Dirtiness:11,K_Scratch:78,Other_Faults:135,Pastry:32,Stains:14,Z_Scratch:38}","{Bumps:312,Dirtiness:40,K_Scratch:304,Other_Faults:525,Pastry:121,Stains:54,Z_Scratch:146}",22.4842,success,,0.5809768637532133,0.563210715419362,0.5684001551247209,1.3022041406792202,0.8450670245395683,
2026-07-07T10:19:36.151928+00:00,steel-plates-fault,40982,scarf,0,100,1452,80,20,389,7,27,27,,,,,,,,,,,,,,,scarf,paper_faithful_core,SCARF,33,43,50,43,1.4165151119232178,0.3888084292411804,internal_stratified_val,stratified_labeled_val,7,True,7,28,"{Bumps:321,Dirtiness:44,K_Scratch:313,Other_Faults:538,Pastry:126,Stains:58,Z_Scratch:152}","{Bumps:19,Dirtiness:7,K_Scratch:18,Other_Faults:28,Pastry:10,Stains:7,Z_Scratch:11}","{Bumps:4,Dirtiness:1,K_Scratch:4,Other_Faults:6,Pastry:2,Stains:1,Z_Scratch:2}","{Bumps:81,Dirtiness:11,K_Scratch:78,Other_Faults:135,Pastry:32,Stains:14,Z_Scratch:38}","{Bumps:302,Dirtiness:37,K_Scratch:295,Other_Faults:510,Pastry:116,Stains:51,Z_Scratch:141}",20.5895,success,,0.6066838046272494,0.6202338336266908,0.5925532307426821,1.1146916496955739,0.8609295041042186,
2026-07-07T10:19:56.747347+00:00,steel-plates-fault,40982,scarf,0,250,1302,200,50,389,7,27,27,,,,,,,,,,,,,,,scarf,paper_faithful_core,SCARF,67,77,50,77,0.6360286474227905,0.387259840965271,internal_stratified_val,stratified_labeled_val,7,True,11,80,"{Bumps:321,Dirtiness:44,K_Scratch:313,Other_Faults:538,Pastry:126,Stains:58,Z_Scratch:152}","{Bumps:50,Dirtiness:11,K_Scratch:48,Other_Faults:80,Pastry:22,Stains:13,Z_Scratch:26}","{Bumps:10,Dirtiness:2,K_Scratch:10,Other_Faults:16,Pastry:4,Stains:3,Z_Scratch:5}","{Bumps:81,Dirtiness:11,K_Scratch:78,Other_Faults:135,Pastry:32,Stains:14,Z_Scratch:38}","{Bumps:271,Dirtiness:33,K_Scratch:265,Other_Faults:458,Pastry:104,Stains:45,Z_Scratch:126}",19.6145,success,,0.6658097686375322,0.7248214585933884,0.7015570235294282,0.7917917627521907,0.9280315001511414,
2026-07-07T10:20:16.384621+00:00,steel-plates-fault,40982,scarf,0,500,1052,400,100,389,7,27,27,,,,,,,,,,,,,,,scarf,paper_faithful_core,SCARF,54,64,50,64,0.7331667542457581,0.46600787341594696,internal_stratified_val,stratified_labeled_val,7,True,18,166,"{Bumps:321,Dirtiness:44,K_Scratch:313,Other_Faults:538,Pastry:126,Stains:58,Z_Scratch:152}","{Bumps:101,Dirtiness:18,K_Scratch:99,Other_Faults:166,Pastry:43,Stains:22,Z_Scratch:51}","{Bumps:20,Dirtiness:4,K_Scratch:20,Other_Faults:33,Pastry:9,Stains:4,Z_Scratch:10}","{Bumps:81,Dirtiness:11,K_Scratch:78,Other_Faults:135,Pastry:32,Stains:14,Z_Scratch:38}","{Bumps:220,Dirtiness:26,K_Scratch:214,Other_Faults:372,Pastry:83,Stains:36,Z_Scratch:101}",18.7838,success,,0.6735218508997429,0.688601873157011,0.7010284465330955,0.7707565698603281,0.9292072853084076,
2026-07-07T10:20:35.178055+00:00,steel-plates-fault,40982,scarf,1,50,1502,40,10,389,7,27,27,,,,,,,,,,,,,,,scarf,paper_faithful_core,SCARF,17,27,50,27,1.6683282852172852,0.7047795057296753,internal_stratified_val,stratified_labeled_val,7,True,4,13,"{Bumps:321,Dirtiness:44,K_Scratch:313,Other_Faults:538,Pastry:126,Stains:58,Z_Scratch:152}","{Bumps:9,Dirtiness:4,K_Scratch:9,Other_Faults:13,Pastry:5,Stains:4,Z_Scratch:6}","{Bumps:2,Dirtiness:1,K_Scratch:2,Other_Faults:2,Pastry:1,Stains:1,Z_Scratch:1}","{Bumps:81,Dirtiness:11,K_Scratch:78,Other_Faults:135,Pastry:32,Stains:14,Z_Scratch:38}","{Bumps:312,Dirtiness:40,K_Scratch:304,Other_Faults:525,Pastry:121,Stains:54,Z_Scratch:146}",16.5618,success,,0.43958868894601544,0.24295353769037978,0.21398681129052138,1.3943114628517081,0.7994224901581342,
2026-07-07T10:20:51.745775+00:00,steel-plates-fault,40982,scarf,1,100,1452,80,20,389,7,27,27,,,,,,,,,,,,,,,scarf,paper_faithful_core,SCARF,29,39,50,39,1.149243712425232,0.4581935703754425,internal_stratified_val,stratified_labeled_val,7,True,7,28,"{Bumps:321,Dirtiness:44,K_Scratch:313,Other_Faults:538,Pastry:126,Stains:58,Z_Scratch:152}","{Bumps:19,Dirtiness:7,K_Scratch:18,Other_Faults:28,Pastry:10,Stains:7,Z_Scratch:11}","{Bumps:4,Dirtiness:1,K_Scratch:4,Other_Faults:6,Pastry:2,Stains:1,Z_Scratch:2}","{Bumps:81,Dirtiness:11,K_Scratch:78,Other_Faults:135,Pastry:32,Stains:14,Z_Scratch:38}","{Bumps:302,Dirtiness:37,K_Scratch:295,Other_Faults:510,Pastry:116,Stains:51,Z_Scratch:141}",15.4447,success,,0.5629820051413882,0.5785579331788605,0.5539962575904195,1.251033748198727,0.8576587476789054,
2026-07-07T10:21:07.197269+00:00,steel-plates-fault,40982,scarf,1,250,1302,200,50,389,7,27,27,,,,,,,,,,,,,,,scarf,paper_faithful_core,SCARF,26,36,50,36,1.388696551322937,0.7914762496948242,internal_stratified_val,stratified_labeled_val,7,True,11,80,"{Bumps:321,Dirtiness:44,K_Scratch:313,Other_Faults:538,Pastry:126,Stains:58,Z_Scratch:152}","{Bumps:50,Dirtiness:11,K_Scratch:48,Other_Faults:80,Pastry:22,Stains:13,Z_Scratch:26}","{Bumps:10,Dirtiness:2,K_Scratch:10,Other_Faults:16,Pastry:4,Stains:3,Z_Scratch:5}","{Bumps:81,Dirtiness:11,K_Scratch:78,Other_Faults:135,Pastry:32,Stains:14,Z_Scratch:38}","{Bumps:271,Dirtiness:33,K_Scratch:265,Other_Faults:458,Pastry:104,Stains:45,Z_Scratch:126}",13.4768,success,,0.5244215938303342,0.34222263279280823,0.3380599829908518,1.237664635149101,0.8414380947365542,
2026-07-07T10:21:20.679933+00:00,steel-plates-fault,40982,scarf,1,500,1052,400,100,389,7,27,27,,,,,,,,,,,,,,,scarf,paper_faithful_core,SCARF,48,58,50,58,0.8043771982192993,0.4386240839958191,internal_stratified_val,stratified_labeled_val,7,True,18,166,"{Bumps:321,Dirtiness:44,K_Scratch:313,Other_Faults:538,Pastry:126,Stains:58,Z_Scratch:152}","{Bumps:101,Dirtiness:18,K_Scratch:99,Other_Faults:166,Pastry:43,Stains:22,Z_Scratch:51}","{Bumps:20,Dirtiness:4,K_Scratch:20,Other_Faults:33,Pastry:9,Stains:4,Z_Scratch:10}","{Bumps:81,Dirtiness:11,K_Scratch:78,Other_Faults:135,Pastry:32,Stains:14,Z_Scratch:38}","{Bumps:220,Dirtiness:26,K_Scratch:214,Other_Faults:372,Pastry:83,Stains:36,Z_Scratch:101}",13.6294,success,,0.6709511568123393,0.662515847885522,0.6688708586936144,0.8627034085404921,0.9178588150405876,
2026-07-07T10:21:34.314766+00:00,steel-plates-fault,40982,scarf,2,50,1502,40,10,389,7,27,27,,,,,,,,,,,,,,,scarf,paper_faithful_core,SCARF,30,40,50,40,0.9479389190673828,0.25783801078796387,internal_stratified_val,stratified_labeled_val,7,True,4,13,"{Bumps:321,Dirtiness:44,K_Scratch:313,Other_Faults:538,Pastry:126,Stains:58,Z_Scratch:152}","{Bumps:9,Dirtiness:4,K_Scratch:9,Other_Faults:13,Pastry:5,Stains:4,Z_Scratch:6}","{Bumps:2,Dirtiness:1,K_Scratch:2,Other_Faults:2,Pastry:1,Stains:1,Z_Scratch:1}","{Bumps:81,Dirtiness:11,K_Scratch:78,Other_Faults:135,Pastry:32,Stains:14,Z_Scratch:38}","{Bumps:312,Dirtiness:40,K_Scratch:304,Other_Faults:525,Pastry:121,Stains:54,Z_Scratch:146}",17.0419,success,,0.5398457583547558,0.5139014975324498,0.49571692928081174,1.2407604352692772,0.8585878051353202,
2026-07-07T10:21:51.362208+00:00,steel-plates-fault,40982,scarf,2,100,1452,80,20,389,7,27,27,,,,,,,,,,,,,,,scarf,paper_faithful_core,SCARF,34,44,50,44,0.8342851400375366,0.4265497624874115,internal_stratified_val,stratified_labeled_val,7,True,7,28,"{Bumps:321,Dirtiness:44,K_Scratch:313,Other_Faults:538,Pastry:126,Stains:58,Z_Scratch:152}","{Bumps:19,Dirtiness:7,K_Scratch:18,Other_Faults:28,Pastry:10,Stains:7,Z_Scratch:11}","{Bumps:4,Dirtiness:1,K_Scratch:4,Other_Faults:6,Pastry:2,Stains:1,Z_Scratch:2}","{Bumps:81,Dirtiness:11,K_Scratch:78,Other_Faults:135,Pastry:32,Stains:14,Z_Scratch:38}","{Bumps:302,Dirtiness:37,K_Scratch:295,Other_Faults:510,Pastry:116,Stains:51,Z_Scratch:141}",20.5425,success,,0.6272493573264781,0.6137372785712385,0.6102128418129646,1.0667215502464358,0.8919510073436772,
2026-07-07T10:22:11.911613+00:00,steel-plates-fault,40982,scarf,2,250,1302,200,50,389,7,27,27,,,,,,,,,,,,,,,scarf,paper_faithful_core,SCARF,46,56,50,56,0.7889693975448608,0.42866960167884827,internal_stratified_val,stratified_labeled_val,7,True,11,80,"{Bumps:321,Dirtiness:44,K_Scratch:313,Other_Faults:538,Pastry:126,Stains:58,Z_Scratch:152}","{Bumps:50,Dirtiness:11,K_Scratch:48,Other_Faults:80,Pastry:22,Stains:13,Z_Scratch:26}","{Bumps:10,Dirtiness:2,K_Scratch:10,Other_Faults:16,Pastry:4,Stains:3,Z_Scratch:5}","{Bumps:81,Dirtiness:11,K_Scratch:78,Other_Faults:135,Pastry:32,Stains:14,Z_Scratch:38}","{Bumps:271,Dirtiness:33,K_Scratch:265,Other_Faults:458,Pastry:104,Stains:45,Z_Scratch:126}",18.0277,success,,0.6735218508997429,0.6718139797870375,0.671841665403563,0.9503734703316683,0.9058044529173764,
2026-07-07T10:22:29.945149+00:00,steel-plates-fault,40982,scarf,2,500,1052,400,100,389,7,27,27,,,,,,,,,,,,,,,scarf,paper_faithful_core,SCARF,91,100,50,100,0.5910326242446899,0.2447950765490532,internal_stratified_val,stratified_labeled_val,7,True,18,166,"{Bumps:321,Dirtiness:44,K_Scratch:313,Other_Faults:538,Pastry:126,Stains:58,Z_Scratch:152}","{Bumps:101,Dirtiness:18,K_Scratch:99,Other_Faults:166,Pastry:43,Stains:22,Z_Scratch:51}","{Bumps:20,Dirtiness:4,K_Scratch:20,Other_Faults:33,Pastry:9,Stains:4,Z_Scratch:10}","{Bumps:81,Dirtiness:11,K_Scratch:78,Other_Faults:135,Pastry:32,Stains:14,Z_Scratch:38}","{Bumps:220,Dirtiness:26,K_Scratch:214,Other_Faults:372,Pastry:83,Stains:36,Z_Scratch:101}",16.3922,success,,0.7017994858611826,0.7136076028306605,0.7309879070785087,0.873143474757466,0.9320782839098418,
2026-07-07T10:22:46.342932+00:00,steel-plates-fault,40982,vime,0,50,1502,40,10,389,7,27,27,,,,,,,,,,,,,,,vime,paper_faithful_core,VIME,23,33,50,33,1.6355161666870117,0.5135828256607056,internal_stratified_val,stratified_labeled_val,7,True,4,13,"{Bumps:321,Dirtiness:44,K_Scratch:313,Other_Faults:538,Pastry:126,Stains:58,Z_Scratch:152}","{Bumps:9,Dirtiness:4,K_Scratch:9,Other_Faults:13,Pastry:5,Stains:4,Z_Scratch:6}","{Bumps:2,Dirtiness:1,K_Scratch:2,Other_Faults:2,Pastry:1,Stains:1,Z_Scratch:1}","{Bumps:81,Dirtiness:11,K_Scratch:78,Other_Faults:135,Pastry:32,Stains:14,Z_Scratch:38}","{Bumps:312,Dirtiness:40,K_Scratch:304,Other_Faults:525,Pastry:121,Stains:54,Z_Scratch:146}",15.4675,success,,0.5758354755784062,0.5270822738711209,0.5454295934343915,1.2041977571625524,0.8430725902548201,
2026-07-07T10:23:01.817288+00:00,steel-plates-fault,40982,vime,0,100,1452,80,20,389,7,27,27,,,,,,,,,,,,,,,vime,paper_faithful_core,VIME,28,38,50,38,1.334393858909607,0.47199389338493347,internal_stratified_val,stratified_labeled_val,7,True,7,28,"{Bumps:321,Dirtiness:44,K_Scratch:313,Other_Faults:538,Pastry:126,Stains:58,Z_Scratch:152}","{Bumps:19,Dirtiness:7,K_Scratch:18,Other_Faults:28,Pastry:10,Stains:7,Z_Scratch:11}","{Bumps:4,Dirtiness:1,K_Scratch:4,Other_Faults:6,Pastry:2,Stains:1,Z_Scratch:2}","{Bumps:81,Dirtiness:11,K_Scratch:78,Other_Faults:135,Pastry:32,Stains:14,Z_Scratch:38}","{Bumps:302,Dirtiness:37,K_Scratch:295,Other_Faults:510,Pastry:116,Stains:51,Z_Scratch:141}",15.6233,success,,0.6015424164524421,0.6082510592535656,0.5596007805963792,1.0976022773278082,0.8642115746944606,
2026-07-07T10:23:17.450474+00:00,steel-plates-fault,40982,vime,0,250,1302,200,50,389,7,27,27,,,,,,,,,,,,,,,vime,paper_faithful_core,VIME,70,80,50,80,0.6706249713897705,0.36090269684791565,internal_stratified_val,stratified_labeled_val,7,True,11,80,"{Bumps:321,Dirtiness:44,K_Scratch:313,Other_Faults:538,Pastry:126,Stains:58,Z_Scratch:152}","{Bumps:50,Dirtiness:11,K_Scratch:48,Other_Faults:80,Pastry:22,Stains:13,Z_Scratch:26}","{Bumps:10,Dirtiness:2,K_Scratch:10,Other_Faults:16,Pastry:4,Stains:3,Z_Scratch:5}","{Bumps:81,Dirtiness:11,K_Scratch:78,Other_Faults:135,Pastry:32,Stains:14,Z_Scratch:38}","{Bumps:271,Dirtiness:33,K_Scratch:265,Other_Faults:458,Pastry:104,Stains:45,Z_Scratch:126}",12.8802,success,,0.6632390745501285,0.7380653905873205,0.6876300884083132,0.7942324387698003,0.930134595152784,
2026-07-07T10:23:30.337203+00:00,steel-plates-fault,40982,vime,0,500,1052,400,100,389,7,27,27,,,,,,,,,,,,,,,vime,paper_faithful_core,VIME,63,73,50,73,0.7160977721214294,0.3689655214548111,internal_stratified_val,stratified_labeled_val,7,True,18,166,"{Bumps:321,Dirtiness:44,K_Scratch:313,Other_Faults:538,Pastry:126,Stains:58,Z_Scratch:152}","{Bumps:101,Dirtiness:18,K_Scratch:99,Other_Faults:166,Pastry:43,Stains:22,Z_Scratch:51}","{Bumps:20,Dirtiness:4,K_Scratch:20,Other_Faults:33,Pastry:9,Stains:4,Z_Scratch:10}","{Bumps:81,Dirtiness:11,K_Scratch:78,Other_Faults:135,Pastry:32,Stains:14,Z_Scratch:38}","{Bumps:220,Dirtiness:26,K_Scratch:214,Other_Faults:372,Pastry:83,Stains:36,Z_Scratch:101}",14.4829,success,,0.7069408740359897,0.7153162667417055,0.7237503567340526,0.7374619296893035,0.9348134636369994,
2026-07-07T10:23:44.826643+00:00,steel-plates-fault,40982,vime,1,50,1502,40,10,389,7,27,27,,,,,,,,,,,,,,,vime,paper_faithful_core,VIME,10,20,50,20,1.9969587326049805,0.7862951159477234,internal_stratified_val,stratified_labeled_val,7,True,4,13,"{Bumps:321,Dirtiness:44,K_Scratch:313,Other_Faults:538,Pastry:126,Stains:58,Z_Scratch:152}","{Bumps:9,Dirtiness:4,K_Scratch:9,Other_Faults:13,Pastry:5,Stains:4,Z_Scratch:6}","{Bumps:2,Dirtiness:1,K_Scratch:2,Other_Faults:2,Pastry:1,Stains:1,Z_Scratch:1}","{Bumps:81,Dirtiness:11,K_Scratch:78,Other_Faults:135,Pastry:32,Stains:14,Z_Scratch:38}","{Bumps:312,Dirtiness:40,K_Scratch:304,Other_Faults:525,Pastry:121,Stains:54,Z_Scratch:146}",10.422,success,,0.4730077120822622,0.2645909645909646,0.2375328024510626,1.474335597025168,0.7802086320479782,
2026-07-07T10:23:55.254439+00:00,steel-plates-fault,40982,vime,1,100,1452,80,20,389,7,27,27,,,,,,,,,,,,,,,vime,paper_faithful_core,VIME,23,33,50,33,1.137434720993042,0.6404066681861877,internal_stratified_val,stratified_labeled_val,7,True,7,28,"{Bumps:321,Dirtiness:44,K_Scratch:313,Other_Faults:538,Pastry:126,Stains:58,Z_Scratch:152}","{Bumps:19,Dirtiness:7,K_Scratch:18,Other_Faults:28,Pastry:10,Stains:7,Z_Scratch:11}","{Bumps:4,Dirtiness:1,K_Scratch:4,Other_Faults:6,Pastry:2,Stains:1,Z_Scratch:2}","{Bumps:81,Dirtiness:11,K_Scratch:78,Other_Faults:135,Pastry:32,Stains:14,Z_Scratch:38}","{Bumps:302,Dirtiness:37,K_Scratch:295,Other_Faults:510,Pastry:116,Stains:51,Z_Scratch:141}",11.2294,success,,0.5655526992287918,0.572654397607405,0.5384550120574965,1.2663153894726795,0.8544301693028845,
2026-07-07T10:24:06.489965+00:00,steel-plates-fault,40982,vime,1,250,1302,200,50,389,7,27,27,,,,,,,,,,,,,,,vime,paper_faithful_core,VIME,20,30,50,30,1.4681991338729858,0.7980031371116638,internal_stratified_val,stratified_labeled_val,7,True,11,80,"{Bumps:321,Dirtiness:44,K_Scratch:313,Other_Faults:538,Pastry:126,Stains:58,Z_Scratch:152}","{Bumps:50,Dirtiness:11,K_Scratch:48,Other_Faults:80,Pastry:22,Stains:13,Z_Scratch:26}","{Bumps:10,Dirtiness:2,K_Scratch:10,Other_Faults:16,Pastry:4,Stains:3,Z_Scratch:5}","{Bumps:81,Dirtiness:11,K_Scratch:78,Other_Faults:135,Pastry:32,Stains:14,Z_Scratch:38}","{Bumps:271,Dirtiness:33,K_Scratch:265,Other_Faults:458,Pastry:104,Stains:45,Z_Scratch:126}",11.5153,success,,0.5424164524421594,0.4017425922031185,0.4164678828597257,1.2355067138053792,0.8354638226304855,
2026-07-07T10:24:18.013022+00:00,steel-plates-fault,40982,vime,1,500,1052,400,100,389,7,27,27,,,,,,,,,,,,,,,vime,paper_faithful_core,VIME,45,55,50,55,0.7858848571777344,0.522535890340805,internal_stratified_val,stratified_labeled_val,7,True,18,166,"{Bumps:321,Dirtiness:44,K_Scratch:313,Other_Faults:538,Pastry:126,Stains:58,Z_Scratch:152}","{Bumps:101,Dirtiness:18,K_Scratch:99,Other_Faults:166,Pastry:43,Stains:22,Z_Scratch:51}","{Bumps:20,Dirtiness:4,K_Scratch:20,Other_Faults:33,Pastry:9,Stains:4,Z_Scratch:10}","{Bumps:81,Dirtiness:11,K_Scratch:78,Other_Faults:135,Pastry:32,Stains:14,Z_Scratch:38}","{Bumps:220,Dirtiness:26,K_Scratch:214,Other_Faults:372,Pastry:83,Stains:36,Z_Scratch:101}",15.9142,success,,0.6735218508997429,0.6663808576089278,0.6716710243423788,0.8956817271563271,0.9122877651807162,
2026-07-07T10:24:33.933479+00:00,steel-plates-fault,40982,vime,2,50,1502,40,10,389,7,27,27,,,,,,,,,,,,,,,vime,paper_faithful_core,VIME,23,33,50,33,1.2210516929626465,0.3517880141735077,internal_stratified_val,stratified_labeled_val,7,True,4,13,"{Bumps:321,Dirtiness:44,K_Scratch:313,Other_Faults:538,Pastry:126,Stains:58,Z_Scratch:152}","{Bumps:9,Dirtiness:4,K_Scratch:9,Other_Faults:13,Pastry:5,Stains:4,Z_Scratch:6}","{Bumps:2,Dirtiness:1,K_Scratch:2,Other_Faults:2,Pastry:1,Stains:1,Z_Scratch:1}","{Bumps:81,Dirtiness:11,K_Scratch:78,Other_Faults:135,Pastry:32,Stains:14,Z_Scratch:38}","{Bumps:312,Dirtiness:40,K_Scratch:304,Other_Faults:525,Pastry:121,Stains:54,Z_Scratch:146}",11.4567,success,,0.5218508997429306,0.5399479749573736,0.49474076690292995,1.2029147968167186,0.85783597744142,
2026-07-07T10:24:45.396455+00:00,steel-plates-fault,40982,vime,2,100,1452,80,20,389,7,27,27,,,,,,,,,,,,,,,vime,paper_faithful_core,VIME,35,45,50,45,1.0992680788040161,0.4358365833759308,internal_stratified_val,stratified_labeled_val,7,True,7,28,"{Bumps:321,Dirtiness:44,K_Scratch:313,Other_Faults:538,Pastry:126,Stains:58,Z_Scratch:152}","{Bumps:19,Dirtiness:7,K_Scratch:18,Other_Faults:28,Pastry:10,Stains:7,Z_Scratch:11}","{Bumps:4,Dirtiness:1,K_Scratch:4,Other_Faults:6,Pastry:2,Stains:1,Z_Scratch:2}","{Bumps:81,Dirtiness:11,K_Scratch:78,Other_Faults:135,Pastry:32,Stains:14,Z_Scratch:38}","{Bumps:302,Dirtiness:37,K_Scratch:295,Other_Faults:510,Pastry:116,Stains:51,Z_Scratch:141}",16.0092,success,,0.596401028277635,0.6232681542675278,0.5991260512746523,1.154561799515256,0.883430374568753,
2026-07-07T10:25:01.412218+00:00,steel-plates-fault,40982,vime,2,250,1302,200,50,389,7,27,27,,,,,,,,,,,,,,,vime,paper_faithful_core,VIME,69,79,50,79,0.8644725680351257,0.2798677682876587,internal_stratified_val,stratified_labeled_val,7,True,11,80,"{Bumps:321,Dirtiness:44,K_Scratch:313,Other_Faults:538,Pastry:126,Stains:58,Z_Scratch:152}","{Bumps:50,Dirtiness:11,K_Scratch:48,Other_Faults:80,Pastry:22,Stains:13,Z_Scratch:26}","{Bumps:10,Dirtiness:2,K_Scratch:10,Other_Faults:16,Pastry:4,Stains:3,Z_Scratch:5}","{Bumps:81,Dirtiness:11,K_Scratch:78,Other_Faults:135,Pastry:32,Stains:14,Z_Scratch:38}","{Bumps:271,Dirtiness:33,K_Scratch:265,Other_Faults:458,Pastry:104,Stains:45,Z_Scratch:126}",16.5901,success,,0.6889460154241646,0.723177236413452,0.7050176704710971,0.9763996282310539,0.9091388318649466,
2026-07-07T10:25:18.010205+00:00,steel-plates-fault,40982,vime,2,500,1052,400,100,389,7,27,27,,,,,,,,,,,,,,,vime,paper_faithful_core,VIME,91,100,50,100,0.6250529885292053,0.3403808921575546,internal_stratified_val,stratified_labeled_val,7,True,18,166,"{Bumps:321,Dirtiness:44,K_Scratch:313,Other_Faults:538,Pastry:126,Stains:58,Z_Scratch:152}","{Bumps:101,Dirtiness:18,K_Scratch:99,Other_Faults:166,Pastry:43,Stains:22,Z_Scratch:51}","{Bumps:20,Dirtiness:4,K_Scratch:20,Other_Faults:33,Pastry:9,Stains:4,Z_Scratch:10}","{Bumps:81,Dirtiness:11,K_Scratch:78,Other_Faults:135,Pastry:32,Stains:14,Z_Scratch:38}","{Bumps:220,Dirtiness:26,K_Scratch:214,Other_Faults:372,Pastry:83,Stains:36,Z_Scratch:101}",17.184,success,,0.7017994858611826,0.7371650233179057,0.7386448891551964,0.8397203808529582,0.9330683586802738,
