timestamp_utc,dataset,dataset_id,method,seed,n_labeled,n_unlabeled,train_labeled_size,val_size,test_size,n_classes,n_features_before_preprocessing,n_features_after_preprocessing,n_pseudo_added_total,n_pseudo_added_last_iter,self_training_iterations,pseudo_label_class_distribution,pseudo_label_fraction,mean_selected_confidence,min_selected_confidence,max_selected_confidence,mean_selected_density,stopped_reason,graph_n_neighbors_used,graph_retry_count,graph_n_rows,graph_n_unlabeled_used,neural_method,method_fidelity,reference_family,best_epoch,epochs_trained,pretrain_epochs_trained,finetune_epochs_trained,best_val_loss,final_train_loss,neural_validation_strategy,validation_strategy,labeled_classes_present,all_classes_present_in_labeled,min_labeled_per_class,max_labeled_per_class,train_pool_class_counts,labeled_class_counts,val_class_counts,test_class_counts,unlabeled_class_counts,runtime_seconds,status,error_message,metric_accuracy,metric_balanced_accuracy,metric_macro_f1,metric_log_loss,metric_roc_auc,metric_average_precision
2026-07-07T10:56:20.912032+00:00,satimage,182,logistic_regression,0,50,5094,40,10,1286,6,36,36,,,,,,,,,,,,,,,,,,,,,,,,,stratified_labeled_val,6,True,6,11,"{1.:1225,2.:562,3.:1085,4.:500,5.:566,7.:1206}","{1.:11,2.:6,3.:10,4.:6,5.:7,7.:10}","{1.:2,2.:1,3.:2,4.:1,5.:2,7.:2}","{1.:306,2.:141,3.:271,4.:125,5.:141,7.:302}","{1.:1214,2.:556,3.:1075,4.:494,5.:559,7.:1196}",0.227,success,,0.7853810264385692,0.7293587480505371,0.7356151561808292,0.6122213006019592,0.9453686740320459,
2026-07-07T10:56:21.152452+00:00,satimage,182,logistic_regression,0,100,5044,80,20,1286,6,36,36,,,,,,,,,,,,,,,,,,,,,,,,,stratified_labeled_val,6,True,12,22,"{1.:1225,2.:562,3.:1085,4.:500,5.:566,7.:1206}","{1.:22,2.:12,3.:20,4.:12,5.:13,7.:21}","{1.:4,2.:3,3.:4,4.:2,5.:3,7.:4}","{1.:306,2.:141,3.:271,4.:125,5.:141,7.:302}","{1.:1203,2.:550,3.:1065,4.:488,5.:553,7.:1185}",0.1778,success,,0.8048211508553654,0.7635265522039689,0.7678580276093393,0.5539970993995667,0.9544830568986785,
2026-07-07T10:56:21.337504+00:00,satimage,182,logistic_regression,0,250,4894,200,50,1286,6,36,36,,,,,,,,,,,,,,,,,,,,,,,,,stratified_labeled_val,6,True,26,57,"{1.:1225,2.:562,3.:1085,4.:500,5.:566,7.:1206}","{1.:57,2.:29,3.:52,4.:26,5.:29,7.:57}","{1.:12,2.:6,3.:10,4.:5,5.:6,7.:11}","{1.:306,2.:141,3.:271,4.:125,5.:141,7.:302}","{1.:1168,2.:533,3.:1033,4.:474,5.:537,7.:1149}",0.1841,success,,0.8211508553654744,0.7705539346320588,0.7803586255272984,0.511576771736145,0.9604234119170888,
2026-07-07T10:56:21.527584+00:00,satimage,182,logistic_regression,0,500,4644,400,100,1286,6,36,36,,,,,,,,,,,,,,,,,,,,,,,,,stratified_labeled_val,6,True,51,117,"{1.:1225,2.:562,3.:1085,4.:500,5.:566,7.:1206}","{1.:117,2.:56,3.:104,4.:51,5.:57,7.:115}","{1.:23,2.:11,3.:21,4.:10,5.:12,7.:23}","{1.:306,2.:141,3.:271,4.:125,5.:141,7.:302}","{1.:1108,2.:506,3.:981,4.:449,5.:509,7.:1091}",0.2229,success,,0.8211508553654744,0.7727590909749411,0.7764526214526214,0.4712172746658325,0.963187233770249,
2026-07-07T10:56:21.756354+00:00,satimage,182,logistic_regression,1,50,5094,40,10,1286,6,36,36,,,,,,,,,,,,,,,,,,,,,,,,,stratified_labeled_val,6,True,6,11,"{1.:1225,2.:562,3.:1085,4.:500,5.:566,7.:1206}","{1.:11,2.:6,3.:10,4.:6,5.:7,7.:10}","{1.:2,2.:1,3.:2,4.:1,5.:2,7.:2}","{1.:306,2.:141,3.:271,4.:125,5.:141,7.:302}","{1.:1214,2.:556,3.:1075,4.:494,5.:559,7.:1196}",0.1708,success,,0.7877138413685848,0.7351105172498843,0.7328009579914182,0.5588464736938477,0.9522680391552599,
2026-07-07T10:56:21.934575+00:00,satimage,182,logistic_regression,1,100,5044,80,20,1286,6,36,36,,,,,,,,,,,,,,,,,,,,,,,,,stratified_labeled_val,6,True,12,22,"{1.:1225,2.:562,3.:1085,4.:500,5.:566,7.:1206}","{1.:22,2.:12,3.:20,4.:12,5.:13,7.:21}","{1.:4,2.:3,3.:4,4.:2,5.:3,7.:4}","{1.:306,2.:141,3.:271,4.:125,5.:141,7.:302}","{1.:1203,2.:550,3.:1065,4.:488,5.:553,7.:1185}",0.1852,success,,0.797045101088647,0.7486548605486109,0.7536152805497244,0.5422379374504089,0.9554513091781763,
2026-07-07T10:56:22.125841+00:00,satimage,182,logistic_regression,1,250,4894,200,50,1286,6,36,36,,,,,,,,,,,,,,,,,,,,,,,,,stratified_labeled_val,6,True,26,57,"{1.:1225,2.:562,3.:1085,4.:500,5.:566,7.:1206}","{1.:57,2.:29,3.:52,4.:26,5.:29,7.:57}","{1.:11,2.:6,3.:10,4.:5,5.:6,7.:12}","{1.:306,2.:141,3.:271,4.:125,5.:141,7.:302}","{1.:1168,2.:533,3.:1033,4.:474,5.:537,7.:1149}",0.1771,success,,0.8102643856920684,0.7603883959470518,0.7635159285159285,0.5044934153556824,0.9601670483091617,
2026-07-07T10:56:22.309299+00:00,satimage,182,logistic_regression,1,500,4644,400,100,1286,6,36,36,,,,,,,,,,,,,,,,,,,,,,,,,stratified_labeled_val,6,True,51,117,"{1.:1225,2.:562,3.:1085,4.:500,5.:566,7.:1206}","{1.:117,2.:56,3.:104,4.:51,5.:57,7.:115}","{1.:23,2.:11,3.:21,4.:10,5.:12,7.:23}","{1.:306,2.:141,3.:271,4.:125,5.:141,7.:302}","{1.:1108,2.:506,3.:981,4.:449,5.:509,7.:1091}",0.1999,success,,0.8359253499222395,0.7923383295219288,0.7984015015939461,0.42046236991882324,0.9713650791672931,
2026-07-07T10:56:22.515725+00:00,satimage,182,logistic_regression,2,50,5094,40,10,1286,6,36,36,,,,,,,,,,,,,,,,,,,,,,,,,stratified_labeled_val,6,True,6,11,"{1.:1225,2.:562,3.:1085,4.:500,5.:566,7.:1206}","{1.:11,2.:6,3.:10,4.:6,5.:7,7.:10}","{1.:2,2.:1,3.:2,4.:1,5.:2,7.:2}","{1.:306,2.:141,3.:271,4.:125,5.:141,7.:302}","{1.:1214,2.:556,3.:1075,4.:494,5.:559,7.:1196}",0.1747,success,,0.8009331259720062,0.7374612115286253,0.7386394864834912,0.5565651655197144,0.9530053611775992,
2026-07-07T10:56:22.706027+00:00,satimage,182,logistic_regression,2,100,5044,80,20,1286,6,36,36,,,,,,,,,,,,,,,,,,,,,,,,,stratified_labeled_val,6,True,12,22,"{1.:1225,2.:562,3.:1085,4.:500,5.:566,7.:1206}","{1.:22,2.:12,3.:20,4.:12,5.:13,7.:21}","{1.:4,2.:3,3.:4,4.:2,5.:3,7.:4}","{1.:306,2.:141,3.:271,4.:125,5.:141,7.:302}","{1.:1203,2.:550,3.:1065,4.:488,5.:553,7.:1185}",0.201,success,,0.8110419906687403,0.7605998460290726,0.7626460915396635,0.5451956987380981,0.955823687467511,
2026-07-07T10:56:22.913854+00:00,satimage,182,logistic_regression,2,250,4894,200,50,1286,6,36,36,,,,,,,,,,,,,,,,,,,,,,,,,stratified_labeled_val,6,True,26,57,"{1.:1225,2.:562,3.:1085,4.:500,5.:566,7.:1206}","{1.:57,2.:29,3.:52,4.:26,5.:29,7.:57}","{1.:11,2.:6,3.:10,4.:5,5.:6,7.:12}","{1.:306,2.:141,3.:271,4.:125,5.:141,7.:302}","{1.:1168,2.:533,3.:1033,4.:474,5.:537,7.:1149}",0.2652,success,,0.812597200622084,0.7570130602040659,0.7573849714933951,0.5228825807571411,0.9574876005509609,
2026-07-07T10:56:23.187577+00:00,satimage,182,logistic_regression,2,500,4644,400,100,1286,6,36,36,,,,,,,,,,,,,,,,,,,,,,,,,stratified_labeled_val,6,True,51,117,"{1.:1225,2.:562,3.:1085,4.:500,5.:566,7.:1206}","{1.:117,2.:56,3.:104,4.:51,5.:57,7.:115}","{1.:23,2.:11,3.:21,4.:10,5.:12,7.:23}","{1.:306,2.:141,3.:271,4.:125,5.:141,7.:302}","{1.:1108,2.:506,3.:981,4.:449,5.:509,7.:1091}",0.2512,success,,0.828149300155521,0.7758603790880055,0.7762205615734185,0.46742013096809387,0.964448177682954,
2026-07-07T10:56:23.445649+00:00,satimage,182,random_forest,0,50,5094,40,10,1286,6,36,36,,,,,,,,,,,,,,,,,,,,,,,,,stratified_labeled_val,6,True,6,11,"{1.:1225,2.:562,3.:1085,4.:500,5.:566,7.:1206}","{1.:11,2.:6,3.:10,4.:6,5.:7,7.:10}","{1.:2,2.:1,3.:2,4.:1,5.:2,7.:2}","{1.:306,2.:141,3.:271,4.:125,5.:141,7.:302}","{1.:1214,2.:556,3.:1075,4.:494,5.:559,7.:1196}",2.4952,success,,0.7869362363919129,0.7424762835005506,0.7488914352626206,0.6543840737543888,0.952030340663546,
2026-07-07T10:56:25.955840+00:00,satimage,182,random_forest,0,100,5044,80,20,1286,6,36,36,,,,,,,,,,,,,,,,,,,,,,,,,stratified_labeled_val,6,True,12,22,"{1.:1225,2.:562,3.:1085,4.:500,5.:566,7.:1206}","{1.:22,2.:12,3.:20,4.:12,5.:13,7.:21}","{1.:4,2.:3,3.:4,4.:2,5.:3,7.:4}","{1.:306,2.:141,3.:271,4.:125,5.:141,7.:302}","{1.:1203,2.:550,3.:1065,4.:488,5.:553,7.:1185}",3.3081,success,,0.8009331259720062,0.7734344544676013,0.7763540192490721,0.5475558463567899,0.9649747417505766,
2026-07-07T10:56:29.303934+00:00,satimage,182,random_forest,0,250,4894,200,50,1286,6,36,36,,,,,,,,,,,,,,,,,,,,,,,,,stratified_labeled_val,6,True,26,57,"{1.:1225,2.:562,3.:1085,4.:500,5.:566,7.:1206}","{1.:57,2.:29,3.:52,4.:26,5.:29,7.:57}","{1.:12,2.:6,3.:10,4.:5,5.:6,7.:11}","{1.:306,2.:141,3.:271,4.:125,5.:141,7.:302}","{1.:1168,2.:533,3.:1033,4.:474,5.:537,7.:1149}",2.6127,success,,0.8265940902021773,0.7980703701278435,0.7988148480820362,0.5035519095944273,0.9692509328581145,
2026-07-07T10:56:31.941596+00:00,satimage,182,random_forest,0,500,4644,400,100,1286,6,36,36,,,,,,,,,,,,,,,,,,,,,,,,,stratified_labeled_val,6,True,51,117,"{1.:1225,2.:562,3.:1085,4.:500,5.:566,7.:1206}","{1.:117,2.:56,3.:104,4.:51,5.:57,7.:115}","{1.:23,2.:11,3.:21,4.:10,5.:12,7.:23}","{1.:306,2.:141,3.:271,4.:125,5.:141,7.:302}","{1.:1108,2.:506,3.:981,4.:449,5.:509,7.:1091}",3.1398,success,,0.8600311041990669,0.8297682870744115,0.8344123343275448,0.4276743867372646,0.974538001712315,
2026-07-07T10:56:35.130158+00:00,satimage,182,random_forest,1,50,5094,40,10,1286,6,36,36,,,,,,,,,,,,,,,,,,,,,,,,,stratified_labeled_val,6,True,6,11,"{1.:1225,2.:562,3.:1085,4.:500,5.:566,7.:1206}","{1.:11,2.:6,3.:10,4.:6,5.:7,7.:10}","{1.:2,2.:1,3.:2,4.:1,5.:2,7.:2}","{1.:306,2.:141,3.:271,4.:125,5.:141,7.:302}","{1.:1214,2.:556,3.:1075,4.:494,5.:559,7.:1196}",3.2027,success,,0.7713841368584758,0.7165365218520522,0.7108643263630858,0.771141811435013,0.9399179950113031,
2026-07-07T10:56:38.354801+00:00,satimage,182,random_forest,1,100,5044,80,20,1286,6,36,36,,,,,,,,,,,,,,,,,,,,,,,,,stratified_labeled_val,6,True,12,22,"{1.:1225,2.:562,3.:1085,4.:500,5.:566,7.:1206}","{1.:22,2.:12,3.:20,4.:12,5.:13,7.:21}","{1.:4,2.:3,3.:4,4.:2,5.:3,7.:4}","{1.:306,2.:141,3.:271,4.:125,5.:141,7.:302}","{1.:1203,2.:550,3.:1065,4.:488,5.:553,7.:1185}",2.6093,success,,0.8320373250388803,0.7957824290401314,0.7983852208351664,0.5208525222599594,0.970051243791037,
2026-07-07T10:56:40.980441+00:00,satimage,182,random_forest,1,250,4894,200,50,1286,6,36,36,,,,,,,,,,,,,,,,,,,,,,,,,stratified_labeled_val,6,True,26,57,"{1.:1225,2.:562,3.:1085,4.:500,5.:566,7.:1206}","{1.:57,2.:29,3.:52,4.:26,5.:29,7.:57}","{1.:11,2.:6,3.:10,4.:5,5.:6,7.:12}","{1.:306,2.:141,3.:271,4.:125,5.:141,7.:302}","{1.:1168,2.:533,3.:1033,4.:474,5.:537,7.:1149}",2.778,success,,0.8460342146189735,0.8001075581013334,0.8063194230385933,0.4501354821034469,0.9716529786663782,
2026-07-07T10:56:43.774611+00:00,satimage,182,random_forest,1,500,4644,400,100,1286,6,36,36,,,,,,,,,,,,,,,,,,,,,,,,,stratified_labeled_val,6,True,51,117,"{1.:1225,2.:562,3.:1085,4.:500,5.:566,7.:1206}","{1.:117,2.:56,3.:104,4.:51,5.:57,7.:115}","{1.:23,2.:11,3.:21,4.:10,5.:12,7.:23}","{1.:306,2.:141,3.:271,4.:125,5.:141,7.:302}","{1.:1108,2.:506,3.:981,4.:449,5.:509,7.:1091}",3.237,success,,0.8794712286158631,0.8409448675507734,0.8506189228132032,0.3683475158276795,0.9813522764615034,
2026-07-07T10:56:47.068962+00:00,satimage,182,random_forest,2,50,5094,40,10,1286,6,36,36,,,,,,,,,,,,,,,,,,,,,,,,,stratified_labeled_val,6,True,6,11,"{1.:1225,2.:562,3.:1085,4.:500,5.:566,7.:1206}","{1.:11,2.:6,3.:10,4.:6,5.:7,7.:10}","{1.:2,2.:1,3.:2,4.:1,5.:2,7.:2}","{1.:306,2.:141,3.:271,4.:125,5.:141,7.:302}","{1.:1214,2.:556,3.:1075,4.:494,5.:559,7.:1196}",2.8545,success,,0.8312597200622084,0.7819438772696706,0.7919612638803141,0.5926723222178164,0.950969843995564,
2026-07-07T10:56:49.941508+00:00,satimage,182,random_forest,2,100,5044,80,20,1286,6,36,36,,,,,,,,,,,,,,,,,,,,,,,,,stratified_labeled_val,6,True,12,22,"{1.:1225,2.:562,3.:1085,4.:500,5.:566,7.:1206}","{1.:22,2.:12,3.:20,4.:12,5.:13,7.:21}","{1.:4,2.:3,3.:4,4.:2,5.:3,7.:4}","{1.:306,2.:141,3.:271,4.:125,5.:141,7.:302}","{1.:1203,2.:550,3.:1065,4.:488,5.:553,7.:1185}",2.8686,success,,0.8195956454121306,0.7778243509027658,0.7812223125262845,0.5063593885231376,0.9663397125654244,
2026-07-07T10:56:52.826466+00:00,satimage,182,random_forest,2,250,4894,200,50,1286,6,36,36,,,,,,,,,,,,,,,,,,,,,,,,,stratified_labeled_val,6,True,26,57,"{1.:1225,2.:562,3.:1085,4.:500,5.:566,7.:1206}","{1.:57,2.:29,3.:52,4.:26,5.:29,7.:57}","{1.:11,2.:6,3.:10,4.:5,5.:6,7.:12}","{1.:306,2.:141,3.:271,4.:125,5.:141,7.:302}","{1.:1168,2.:533,3.:1033,4.:474,5.:537,7.:1149}",3.0366,success,,0.8530326594090202,0.8128151188785052,0.820131173149088,0.4831630292857458,0.967643080842458,
2026-07-07T10:56:55.886367+00:00,satimage,182,random_forest,2,500,4644,400,100,1286,6,36,36,,,,,,,,,,,,,,,,,,,,,,,,,stratified_labeled_val,6,True,51,117,"{1.:1225,2.:562,3.:1085,4.:500,5.:566,7.:1206}","{1.:117,2.:56,3.:104,4.:51,5.:57,7.:115}","{1.:23,2.:11,3.:21,4.:10,5.:12,7.:23}","{1.:306,2.:141,3.:271,4.:125,5.:141,7.:302}","{1.:1108,2.:506,3.:981,4.:449,5.:509,7.:1091}",2.881,success,,0.8685847589424572,0.8315725393608983,0.8365142364591595,0.3907731852797074,0.9778369563367199,
2026-07-07T10:56:58.784144+00:00,satimage,182,xgboost,0,50,5094,40,10,1286,6,36,36,,,,,,,,,,,,,,,,,,,,,,,,,stratified_labeled_val,6,True,6,11,"{1.:1225,2.:562,3.:1085,4.:500,5.:566,7.:1206}","{1.:11,2.:6,3.:10,4.:6,5.:7,7.:10}","{1.:2,2.:1,3.:2,4.:1,5.:2,7.:2}","{1.:306,2.:141,3.:271,4.:125,5.:141,7.:302}","{1.:1214,2.:556,3.:1075,4.:494,5.:559,7.:1196}",5.9438,success,,0.7379471228615864,0.6788149362889525,0.6835096089885169,0.7550086975097656,0.9257174528809943,
2026-07-07T10:57:04.740780+00:00,satimage,182,xgboost,0,100,5044,80,20,1286,6,36,36,,,,,,,,,,,,,,,,,,,,,,,,,stratified_labeled_val,6,True,12,22,"{1.:1225,2.:562,3.:1085,4.:500,5.:566,7.:1206}","{1.:22,2.:12,3.:20,4.:12,5.:13,7.:21}","{1.:4,2.:3,3.:4,4.:2,5.:3,7.:4}","{1.:306,2.:141,3.:271,4.:125,5.:141,7.:302}","{1.:1203,2.:550,3.:1065,4.:488,5.:553,7.:1185}",2.446,success,,0.7659409020217729,0.7572882940906315,0.7488328931638099,0.6989124417304993,0.9457631380676244,
2026-07-07T10:57:07.203694+00:00,satimage,182,xgboost,0,250,4894,200,50,1286,6,36,36,,,,,,,,,,,,,,,,,,,,,,,,,stratified_labeled_val,6,True,26,57,"{1.:1225,2.:562,3.:1085,4.:500,5.:566,7.:1206}","{1.:57,2.:29,3.:52,4.:26,5.:29,7.:57}","{1.:12,2.:6,3.:10,4.:5,5.:6,7.:11}","{1.:306,2.:141,3.:271,4.:125,5.:141,7.:302}","{1.:1168,2.:533,3.:1033,4.:474,5.:537,7.:1149}",8.0927,success,,0.8219284603421462,0.7877074233637732,0.7918556185151634,0.5451847910881042,0.9610675330863557,
2026-07-07T10:57:15.328430+00:00,satimage,182,xgboost,0,500,4644,400,100,1286,6,36,36,,,,,,,,,,,,,,,,,,,,,,,,,stratified_labeled_val,6,True,51,117,"{1.:1225,2.:562,3.:1085,4.:500,5.:566,7.:1206}","{1.:117,2.:56,3.:104,4.:51,5.:57,7.:115}","{1.:23,2.:11,3.:21,4.:10,5.:12,7.:23}","{1.:306,2.:141,3.:271,4.:125,5.:141,7.:302}","{1.:1108,2.:506,3.:981,4.:449,5.:509,7.:1091}",6.213,success,,0.8530326594090202,0.8297411023731315,0.8317817309801976,0.4559912383556366,0.9709812167146906,
2026-07-07T10:57:21.573652+00:00,satimage,182,xgboost,1,50,5094,40,10,1286,6,36,36,,,,,,,,,,,,,,,,,,,,,,,,,stratified_labeled_val,6,True,6,11,"{1.:1225,2.:562,3.:1085,4.:500,5.:566,7.:1206}","{1.:11,2.:6,3.:10,4.:6,5.:7,7.:10}","{1.:2,2.:1,3.:2,4.:1,5.:2,7.:2}","{1.:306,2.:141,3.:271,4.:125,5.:141,7.:302}","{1.:1214,2.:556,3.:1075,4.:494,5.:559,7.:1196}",2.7217,success,,0.7130637636080871,0.6326070387964501,0.6304458648030765,0.8292815089225769,0.8972710860499001,
2026-07-07T10:57:24.308520+00:00,satimage,182,xgboost,1,100,5044,80,20,1286,6,36,36,,,,,,,,,,,,,,,,,,,,,,,,,stratified_labeled_val,6,True,12,22,"{1.:1225,2.:562,3.:1085,4.:500,5.:566,7.:1206}","{1.:22,2.:12,3.:20,4.:12,5.:13,7.:21}","{1.:4,2.:3,3.:4,4.:2,5.:3,7.:4}","{1.:306,2.:141,3.:271,4.:125,5.:141,7.:302}","{1.:1203,2.:550,3.:1065,4.:488,5.:553,7.:1185}",8.1126,success,,0.8040435458786936,0.7655631427004178,0.768566585413441,0.5693632364273071,0.95720719850621,
2026-07-07T10:57:32.437991+00:00,satimage,182,xgboost,1,250,4894,200,50,1286,6,36,36,,,,,,,,,,,,,,,,,,,,,,,,,stratified_labeled_val,6,True,26,57,"{1.:1225,2.:562,3.:1085,4.:500,5.:566,7.:1206}","{1.:57,2.:29,3.:52,4.:26,5.:29,7.:57}","{1.:11,2.:6,3.:10,4.:5,5.:6,7.:12}","{1.:306,2.:141,3.:271,4.:125,5.:141,7.:302}","{1.:1168,2.:533,3.:1033,4.:474,5.:537,7.:1149}",5.3561,success,,0.8398133748055988,0.7984202115434113,0.8026466171760737,0.5157421231269836,0.9631406382975762,
2026-07-07T10:57:37.815808+00:00,satimage,182,xgboost,1,500,4644,400,100,1286,6,36,36,,,,,,,,,,,,,,,,,,,,,,,,,stratified_labeled_val,6,True,51,117,"{1.:1225,2.:562,3.:1085,4.:500,5.:566,7.:1206}","{1.:117,2.:56,3.:104,4.:51,5.:57,7.:115}","{1.:23,2.:11,3.:21,4.:10,5.:12,7.:23}","{1.:306,2.:141,3.:271,4.:125,5.:141,7.:302}","{1.:1108,2.:506,3.:981,4.:449,5.:509,7.:1091}",7.5415,success,,0.8810264385692068,0.8521062569383745,0.8574483323004575,0.3677438795566559,0.9794178857630972,
2026-07-07T10:57:45.370717+00:00,satimage,182,xgboost,2,50,5094,40,10,1286,6,36,36,,,,,,,,,,,,,,,,,,,,,,,,,stratified_labeled_val,6,True,6,11,"{1.:1225,2.:562,3.:1085,4.:500,5.:566,7.:1206}","{1.:11,2.:6,3.:10,4.:6,5.:7,7.:10}","{1.:2,2.:1,3.:2,4.:1,5.:2,7.:2}","{1.:306,2.:141,3.:271,4.:125,5.:141,7.:302}","{1.:1214,2.:556,3.:1075,4.:494,5.:559,7.:1196}",3.1505,success,,0.797045101088647,0.7517288101093152,0.7592329168901227,0.661630392074585,0.9359688542208459,
2026-07-07T10:57:48.534470+00:00,satimage,182,xgboost,2,100,5044,80,20,1286,6,36,36,,,,,,,,,,,,,,,,,,,,,,,,,stratified_labeled_val,6,True,12,22,"{1.:1225,2.:562,3.:1085,4.:500,5.:566,7.:1206}","{1.:22,2.:12,3.:20,4.:12,5.:13,7.:21}","{1.:4,2.:3,3.:4,4.:2,5.:3,7.:4}","{1.:306,2.:141,3.:271,4.:125,5.:141,7.:302}","{1.:1203,2.:550,3.:1065,4.:488,5.:553,7.:1185}",4.7562,success,,0.7993779160186625,0.7590382863280154,0.7602381487469296,0.6144354939460754,0.9481460320018055,
2026-07-07T10:57:53.317984+00:00,satimage,182,xgboost,2,250,4894,200,50,1286,6,36,36,,,,,,,,,,,,,,,,,,,,,,,,,stratified_labeled_val,6,True,26,57,"{1.:1225,2.:562,3.:1085,4.:500,5.:566,7.:1206}","{1.:57,2.:29,3.:52,4.:26,5.:29,7.:57}","{1.:11,2.:6,3.:10,4.:5,5.:6,7.:12}","{1.:306,2.:141,3.:271,4.:125,5.:141,7.:302}","{1.:1168,2.:533,3.:1033,4.:474,5.:537,7.:1149}",6.8016,success,,0.8304821150855366,0.7942406514832582,0.7958711982687695,0.5402597784996033,0.9560768751323064,
2026-07-07T10:58:00.144106+00:00,satimage,182,xgboost,2,500,4644,400,100,1286,6,36,36,,,,,,,,,,,,,,,,,,,,,,,,,stratified_labeled_val,6,True,51,117,"{1.:1225,2.:562,3.:1085,4.:500,5.:566,7.:1206}","{1.:117,2.:56,3.:104,4.:51,5.:57,7.:115}","{1.:23,2.:11,3.:21,4.:10,5.:12,7.:23}","{1.:306,2.:141,3.:271,4.:125,5.:141,7.:302}","{1.:1108,2.:506,3.:981,4.:449,5.:509,7.:1091}",7.3952,success,,0.8623639191290824,0.8338407185652198,0.8351338730175533,0.4326266944408417,0.974687936564412,
2026-07-07T10:58:07.552281+00:00,satimage,182,lightgbm,0,50,5094,40,10,1286,6,36,36,,,,,,,,,,,,,,,,,,,,,,,,,stratified_labeled_val,6,True,6,11,"{1.:1225,2.:562,3.:1085,4.:500,5.:566,7.:1206}","{1.:11,2.:6,3.:10,4.:6,5.:7,7.:10}","{1.:2,2.:1,3.:2,4.:1,5.:2,7.:2}","{1.:306,2.:141,3.:271,4.:125,5.:141,7.:302}","{1.:1214,2.:556,3.:1075,4.:494,5.:559,7.:1196}",2.0831,success,,0.7262830482115086,0.6624680060342365,0.6641174172753671,0.6936146428731222,0.9345632855603698,
2026-07-07T10:58:09.646257+00:00,satimage,182,lightgbm,0,100,5044,80,20,1286,6,36,36,,,,,,,,,,,,,,,,,,,,,,,,,stratified_labeled_val,6,True,12,22,"{1.:1225,2.:562,3.:1085,4.:500,5.:566,7.:1206}","{1.:22,2.:12,3.:20,4.:12,5.:13,7.:21}","{1.:4,2.:3,3.:4,4.:2,5.:3,7.:4}","{1.:306,2.:141,3.:271,4.:125,5.:141,7.:302}","{1.:1203,2.:550,3.:1065,4.:488,5.:553,7.:1185}",2.7864,success,,0.7643856920684292,0.7493207943853538,0.7453803934943717,1.2724499983335076,0.9363377478706298,
2026-07-07T10:58:12.459242+00:00,satimage,182,lightgbm,0,250,4894,200,50,1286,6,36,36,,,,,,,,,,,,,,,,,,,,,,,,,stratified_labeled_val,6,True,26,57,"{1.:1225,2.:562,3.:1085,4.:500,5.:566,7.:1206}","{1.:57,2.:29,3.:52,4.:26,5.:29,7.:57}","{1.:12,2.:6,3.:10,4.:5,5.:6,7.:11}","{1.:306,2.:141,3.:271,4.:125,5.:141,7.:302}","{1.:1168,2.:533,3.:1033,4.:474,5.:537,7.:1149}",5.8766,success,,0.8328149300155521,0.7982700533242987,0.8026279421252492,0.9486609451006527,0.9611925040598508,
2026-07-07T10:58:18.352819+00:00,satimage,182,lightgbm,0,500,4644,400,100,1286,6,36,36,,,,,,,,,,,,,,,,,,,,,,,,,stratified_labeled_val,6,True,51,117,"{1.:1225,2.:562,3.:1085,4.:500,5.:566,7.:1206}","{1.:117,2.:56,3.:104,4.:51,5.:57,7.:115}","{1.:23,2.:11,3.:21,4.:10,5.:12,7.:23}","{1.:306,2.:141,3.:271,4.:125,5.:141,7.:302}","{1.:1108,2.:506,3.:981,4.:449,5.:509,7.:1091}",9.0532,success,,0.8429237947122862,0.8160460878627912,0.8198349018729992,0.8232620654790654,0.9686899787843483,
2026-07-07T10:58:27.417273+00:00,satimage,182,lightgbm,1,50,5094,40,10,1286,6,36,36,,,,,,,,,,,,,,,,,,,,,,,,,stratified_labeled_val,6,True,6,11,"{1.:1225,2.:562,3.:1085,4.:500,5.:566,7.:1206}","{1.:11,2.:6,3.:10,4.:6,5.:7,7.:10}","{1.:2,2.:1,3.:2,4.:1,5.:2,7.:2}","{1.:306,2.:141,3.:271,4.:125,5.:141,7.:302}","{1.:1214,2.:556,3.:1075,4.:494,5.:559,7.:1196}",0.5467,success,,0.6671850699844479,0.5689677555048722,0.519249395683265,1.1612682349328198,0.8848596117159467,
2026-07-07T10:58:27.973008+00:00,satimage,182,lightgbm,1,100,5044,80,20,1286,6,36,36,,,,,,,,,,,,,,,,,,,,,,,,,stratified_labeled_val,6,True,12,22,"{1.:1225,2.:562,3.:1085,4.:500,5.:566,7.:1206}","{1.:22,2.:12,3.:20,4.:12,5.:13,7.:21}","{1.:4,2.:3,3.:4,4.:2,5.:3,7.:4}","{1.:306,2.:141,3.:271,4.:125,5.:141,7.:302}","{1.:1203,2.:550,3.:1065,4.:488,5.:553,7.:1185}",6.9762,success,,0.8258164852255054,0.7897681015668332,0.7922507104495028,0.8891238293473356,0.958789852389868,
2026-07-07T10:58:34.982704+00:00,satimage,182,lightgbm,1,250,4894,200,50,1286,6,36,36,,,,,,,,,,,,,,,,,,,,,,,,,stratified_labeled_val,6,True,26,57,"{1.:1225,2.:562,3.:1085,4.:500,5.:566,7.:1206}","{1.:57,2.:29,3.:52,4.:26,5.:29,7.:57}","{1.:11,2.:6,3.:10,4.:5,5.:6,7.:12}","{1.:306,2.:141,3.:271,4.:125,5.:141,7.:302}","{1.:1168,2.:533,3.:1033,4.:474,5.:537,7.:1149}",5.8308,success,,0.8413685847589425,0.7990832818207253,0.8039797794682385,0.83224796038888,0.9665008645344361,
2026-07-07T10:58:40.833085+00:00,satimage,182,lightgbm,1,500,4644,400,100,1286,6,36,36,,,,,,,,,,,,,,,,,,,,,,,,,stratified_labeled_val,6,True,51,117,"{1.:1225,2.:562,3.:1085,4.:500,5.:566,7.:1206}","{1.:117,2.:56,3.:104,4.:51,5.:57,7.:115}","{1.:23,2.:11,3.:21,4.:10,5.:12,7.:23}","{1.:306,2.:141,3.:271,4.:125,5.:141,7.:302}","{1.:1108,2.:506,3.:981,4.:449,5.:509,7.:1091}",9.6752,success,,0.8833592534992224,0.8541954394132486,0.8596572906845606,0.5982590407359448,0.9789540700048408,
2026-07-07T10:58:50.520755+00:00,satimage,182,lightgbm,2,50,5094,40,10,1286,6,36,36,,,,,,,,,,,,,,,,,,,,,,,,,stratified_labeled_val,6,True,6,11,"{1.:1225,2.:562,3.:1085,4.:500,5.:566,7.:1206}","{1.:11,2.:6,3.:10,4.:6,5.:7,7.:10}","{1.:2,2.:1,3.:2,4.:1,5.:2,7.:2}","{1.:306,2.:141,3.:271,4.:125,5.:141,7.:302}","{1.:1214,2.:556,3.:1075,4.:494,5.:559,7.:1196}",0.928,success,,0.6547433903576982,0.5642049717981618,0.5455668970595718,1.1645136783472234,0.8845801393461751,
2026-07-07T10:58:51.466476+00:00,satimage,182,lightgbm,2,100,5044,80,20,1286,6,36,36,,,,,,,,,,,,,,,,,,,,,,,,,stratified_labeled_val,6,True,12,22,"{1.:1225,2.:562,3.:1085,4.:500,5.:566,7.:1206}","{1.:22,2.:12,3.:20,4.:12,5.:13,7.:21}","{1.:4,2.:3,3.:4,4.:2,5.:3,7.:4}","{1.:306,2.:141,3.:271,4.:125,5.:141,7.:302}","{1.:1203,2.:550,3.:1065,4.:488,5.:553,7.:1185}",4.4723,success,,0.7900466562986003,0.7589879214260429,0.7560113667663485,1.193213211600217,0.9440100600209144,
2026-07-07T10:58:55.952461+00:00,satimage,182,lightgbm,2,250,4894,200,50,1286,6,36,36,,,,,,,,,,,,,,,,,,,,,,,,,stratified_labeled_val,6,True,26,57,"{1.:1225,2.:562,3.:1085,4.:500,5.:566,7.:1206}","{1.:57,2.:29,3.:52,4.:26,5.:29,7.:57}","{1.:11,2.:6,3.:10,4.:5,5.:6,7.:12}","{1.:306,2.:141,3.:271,4.:125,5.:141,7.:302}","{1.:1168,2.:533,3.:1033,4.:474,5.:537,7.:1149}",6.5695,success,,0.8390357698289269,0.8052520504382105,0.8070961113861373,0.9360793745838405,0.9573672611500071,
2026-07-07T10:59:02.535264+00:00,satimage,182,lightgbm,2,500,4644,400,100,1286,6,36,36,,,,,,,,,,,,,,,,,,,,,,,,,stratified_labeled_val,6,True,51,117,"{1.:1225,2.:562,3.:1085,4.:500,5.:566,7.:1206}","{1.:117,2.:56,3.:104,4.:51,5.:57,7.:115}","{1.:23,2.:11,3.:21,4.:10,5.:12,7.:23}","{1.:306,2.:141,3.:271,4.:125,5.:141,7.:302}","{1.:1108,2.:506,3.:981,4.:449,5.:509,7.:1091}",8.6199,success,,0.864696734059098,0.8370270068455893,0.8387896485817743,0.7696518466179376,0.9726818416826805,
2026-07-07T10:59:11.167898+00:00,satimage,182,catboost,0,50,5094,40,10,1286,6,36,36,,,,,,,,,,,,,,,,,,,,,,,,,stratified_labeled_val,6,True,6,11,"{1.:1225,2.:562,3.:1085,4.:500,5.:566,7.:1206}","{1.:11,2.:6,3.:10,4.:6,5.:7,7.:10}","{1.:2,2.:1,3.:2,4.:1,5.:2,7.:2}","{1.:306,2.:141,3.:271,4.:125,5.:141,7.:302}","{1.:1214,2.:556,3.:1075,4.:494,5.:559,7.:1196}",10.8112,success,,0.7986003110419907,0.7584112083111508,0.7667206832233635,0.6170392208189244,0.9499381255251808,
2026-07-07T10:59:21.996903+00:00,satimage,182,catboost,0,100,5044,80,20,1286,6,36,36,,,,,,,,,,,,,,,,,,,,,,,,,stratified_labeled_val,6,True,12,22,"{1.:1225,2.:562,3.:1085,4.:500,5.:566,7.:1206}","{1.:22,2.:12,3.:20,4.:12,5.:13,7.:21}","{1.:4,2.:3,3.:4,4.:2,5.:3,7.:4}","{1.:306,2.:141,3.:271,4.:125,5.:141,7.:302}","{1.:1203,2.:550,3.:1065,4.:488,5.:553,7.:1185}",6.7541,success,,0.7954898911353032,0.777053793630599,0.7709956182970643,0.5774323547191526,0.95665428036509,
2026-07-07T10:59:28.763993+00:00,satimage,182,catboost,0,250,4894,200,50,1286,6,36,36,,,,,,,,,,,,,,,,,,,,,,,,,stratified_labeled_val,6,True,26,57,"{1.:1225,2.:562,3.:1085,4.:500,5.:566,7.:1206}","{1.:57,2.:29,3.:52,4.:26,5.:29,7.:57}","{1.:12,2.:6,3.:10,4.:5,5.:6,7.:11}","{1.:306,2.:141,3.:271,4.:125,5.:141,7.:302}","{1.:1168,2.:533,3.:1033,4.:474,5.:537,7.:1149}",8.3451,success,,0.843701399688958,0.8071815989115031,0.8141632546568017,0.4708556840110178,0.965329773955807,
2026-07-07T10:59:37.116617+00:00,satimage,182,catboost,0,500,4644,400,100,1286,6,36,36,,,,,,,,,,,,,,,,,,,,,,,,,stratified_labeled_val,6,True,51,117,"{1.:1225,2.:562,3.:1085,4.:500,5.:566,7.:1206}","{1.:117,2.:56,3.:104,4.:51,5.:57,7.:115}","{1.:23,2.:11,3.:21,4.:10,5.:12,7.:23}","{1.:306,2.:141,3.:271,4.:125,5.:141,7.:302}","{1.:1108,2.:506,3.:981,4.:449,5.:509,7.:1091}",9.2603,success,,0.8483670295489891,0.8196858229702849,0.8227622414996483,0.40943893047107965,0.9731839825421472,
2026-07-07T10:59:46.388218+00:00,satimage,182,catboost,1,50,5094,40,10,1286,6,36,36,,,,,,,,,,,,,,,,,,,,,,,,,stratified_labeled_val,6,True,6,11,"{1.:1225,2.:562,3.:1085,4.:500,5.:566,7.:1206}","{1.:11,2.:6,3.:10,4.:6,5.:7,7.:10}","{1.:2,2.:1,3.:2,4.:1,5.:2,7.:2}","{1.:306,2.:141,3.:271,4.:125,5.:141,7.:302}","{1.:1214,2.:556,3.:1075,4.:494,5.:559,7.:1196}",5.8213,success,,0.7612752721617418,0.7263067403262838,0.7128382138271127,0.6947968534472981,0.9313339125879025,
2026-07-07T10:59:52.217111+00:00,satimage,182,catboost,1,100,5044,80,20,1286,6,36,36,,,,,,,,,,,,,,,,,,,,,,,,,stratified_labeled_val,6,True,12,22,"{1.:1225,2.:562,3.:1085,4.:500,5.:566,7.:1206}","{1.:22,2.:12,3.:20,4.:12,5.:13,7.:21}","{1.:4,2.:3,3.:4,4.:2,5.:3,7.:4}","{1.:306,2.:141,3.:271,4.:125,5.:141,7.:302}","{1.:1203,2.:550,3.:1065,4.:488,5.:553,7.:1185}",7.5449,success,,0.8250388802488335,0.7805091761065781,0.7864374937358014,0.49270020949804644,0.9643351226407363,
2026-07-07T10:59:59.778265+00:00,satimage,182,catboost,1,250,4894,200,50,1286,6,36,36,,,,,,,,,,,,,,,,,,,,,,,,,stratified_labeled_val,6,True,26,57,"{1.:1225,2.:562,3.:1085,4.:500,5.:566,7.:1206}","{1.:57,2.:29,3.:52,4.:26,5.:29,7.:57}","{1.:11,2.:6,3.:10,4.:5,5.:6,7.:12}","{1.:306,2.:141,3.:271,4.:125,5.:141,7.:302}","{1.:1168,2.:533,3.:1033,4.:474,5.:537,7.:1149}",8.8779,success,,0.8522550544323484,0.8047425012774828,0.8134017558547079,0.40771034180082394,0.9735473299767493,
2026-07-07T11:00:08.666184+00:00,satimage,182,catboost,1,500,4644,400,100,1286,6,36,36,,,,,,,,,,,,,,,,,,,,,,,,,stratified_labeled_val,6,True,51,117,"{1.:1225,2.:562,3.:1085,4.:500,5.:566,7.:1206}","{1.:117,2.:56,3.:104,4.:51,5.:57,7.:115}","{1.:23,2.:11,3.:21,4.:10,5.:12,7.:23}","{1.:306,2.:141,3.:271,4.:125,5.:141,7.:302}","{1.:1108,2.:506,3.:981,4.:449,5.:509,7.:1091}",7.5711,success,,0.8748055987558321,0.8382638509139196,0.8464078943651582,0.34098455608285744,0.9806833624546664,
2026-07-07T11:00:16.244912+00:00,satimage,182,catboost,2,50,5094,40,10,1286,6,36,36,,,,,,,,,,,,,,,,,,,,,,,,,stratified_labeled_val,6,True,6,11,"{1.:1225,2.:562,3.:1085,4.:500,5.:566,7.:1206}","{1.:11,2.:6,3.:10,4.:6,5.:7,7.:10}","{1.:2,2.:1,3.:2,4.:1,5.:2,7.:2}","{1.:306,2.:141,3.:271,4.:125,5.:141,7.:302}","{1.:1214,2.:556,3.:1075,4.:494,5.:559,7.:1196}",3.0561,success,,0.8390357698289269,0.7899391907010213,0.8006482353944043,0.5680681420470339,0.943712102111868,
2026-07-07T11:00:19.309182+00:00,satimage,182,catboost,2,100,5044,80,20,1286,6,36,36,,,,,,,,,,,,,,,,,,,,,,,,,stratified_labeled_val,6,True,12,22,"{1.:1225,2.:562,3.:1085,4.:500,5.:566,7.:1206}","{1.:22,2.:12,3.:20,4.:12,5.:13,7.:21}","{1.:4,2.:3,3.:4,4.:2,5.:3,7.:4}","{1.:306,2.:141,3.:271,4.:125,5.:141,7.:302}","{1.:1203,2.:550,3.:1065,4.:488,5.:553,7.:1185}",7.0604,success,,0.8258164852255054,0.7863452688130309,0.7903267941334379,0.5149518703462438,0.9591731344994937,
2026-07-07T11:00:26.378196+00:00,satimage,182,catboost,2,250,4894,200,50,1286,6,36,36,,,,,,,,,,,,,,,,,,,,,,,,,stratified_labeled_val,6,True,26,57,"{1.:1225,2.:562,3.:1085,4.:500,5.:566,7.:1206}","{1.:57,2.:29,3.:52,4.:26,5.:29,7.:57}","{1.:11,2.:6,3.:10,4.:5,5.:6,7.:12}","{1.:306,2.:141,3.:271,4.:125,5.:141,7.:302}","{1.:1168,2.:533,3.:1033,4.:474,5.:537,7.:1149}",6.7321,success,,0.8421461897356143,0.8015914571963618,0.8074068495889168,0.4370684874229593,0.9668212654430167,
2026-07-07T11:00:33.117829+00:00,satimage,182,catboost,2,500,4644,400,100,1286,6,36,36,,,,,,,,,,,,,,,,,,,,,,,,,stratified_labeled_val,6,True,51,117,"{1.:1225,2.:562,3.:1085,4.:500,5.:566,7.:1206}","{1.:117,2.:56,3.:104,4.:51,5.:57,7.:115}","{1.:23,2.:11,3.:21,4.:10,5.:12,7.:23}","{1.:306,2.:141,3.:271,4.:125,5.:141,7.:302}","{1.:1108,2.:506,3.:981,4.:449,5.:509,7.:1091}",8.0574,success,,0.864696734059098,0.827419370416908,0.8314990790633474,0.3718377328978577,0.9752965328772425,
2026-07-07T11:00:41.182232+00:00,satimage,182,mlp,0,50,5094,40,10,1286,6,36,36,,,,,,,,,,,,,,,,,,,,,,,,,stratified_labeled_val,6,True,6,11,"{1.:1225,2.:562,3.:1085,4.:500,5.:566,7.:1206}","{1.:11,2.:6,3.:10,4.:6,5.:7,7.:10}","{1.:2,2.:1,3.:2,4.:1,5.:2,7.:2}","{1.:306,2.:141,3.:271,4.:125,5.:141,7.:302}","{1.:1214,2.:556,3.:1075,4.:494,5.:559,7.:1196}",0.2411,success,,0.7083981337480559,0.6235439241701334,0.5869426530853087,1.2469429969787598,0.9054532511752112,
2026-07-07T11:00:41.434422+00:00,satimage,182,mlp,0,100,5044,80,20,1286,6,36,36,,,,,,,,,,,,,,,,,,,,,,,,,stratified_labeled_val,6,True,12,22,"{1.:1225,2.:562,3.:1085,4.:500,5.:566,7.:1206}","{1.:22,2.:12,3.:20,4.:12,5.:13,7.:21}","{1.:4,2.:3,3.:4,4.:2,5.:3,7.:4}","{1.:306,2.:141,3.:271,4.:125,5.:141,7.:302}","{1.:1203,2.:550,3.:1065,4.:488,5.:553,7.:1185}",0.4575,success,,0.8172628304821151,0.7457485561542616,0.744343755728691,0.5802041888237,0.9590228052035638,
2026-07-07T11:00:41.901665+00:00,satimage,182,mlp,0,250,4894,200,50,1286,6,36,36,,,,,,,,,,,,,,,,,,,,,,,,,stratified_labeled_val,6,True,26,57,"{1.:1225,2.:562,3.:1085,4.:500,5.:566,7.:1206}","{1.:57,2.:29,3.:52,4.:26,5.:29,7.:57}","{1.:12,2.:6,3.:10,4.:5,5.:6,7.:11}","{1.:306,2.:141,3.:271,4.:125,5.:141,7.:302}","{1.:1168,2.:533,3.:1033,4.:474,5.:537,7.:1149}",0.3422,success,,0.7309486780715396,0.649946912609724,0.6142271043883862,0.9868021607398987,0.9432518058400824,
2026-07-07T11:00:42.252029+00:00,satimage,182,mlp,0,500,4644,400,100,1286,6,36,36,,,,,,,,,,,,,,,,,,,,,,,,,stratified_labeled_val,6,True,51,117,"{1.:1225,2.:562,3.:1085,4.:500,5.:566,7.:1206}","{1.:117,2.:56,3.:104,4.:51,5.:57,7.:115}","{1.:23,2.:11,3.:21,4.:10,5.:12,7.:23}","{1.:306,2.:141,3.:271,4.:125,5.:141,7.:302}","{1.:1108,2.:506,3.:981,4.:449,5.:509,7.:1091}",0.3965,success,,0.7255054432348367,0.6289126339019554,0.585650203763883,1.0271245241165161,0.9366844231041815,
2026-07-07T11:00:42.657677+00:00,satimage,182,mlp,1,50,5094,40,10,1286,6,36,36,,,,,,,,,,,,,,,,,,,,,,,,,stratified_labeled_val,6,True,6,11,"{1.:1225,2.:562,3.:1085,4.:500,5.:566,7.:1206}","{1.:11,2.:6,3.:10,4.:6,5.:7,7.:10}","{1.:2,2.:1,3.:2,4.:1,5.:2,7.:2}","{1.:306,2.:141,3.:271,4.:125,5.:141,7.:302}","{1.:1214,2.:556,3.:1075,4.:494,5.:559,7.:1196}",0.2304,success,,0.4976671850699845,0.42638104982474895,0.3541489162670164,1.3750079870224,0.8815272602673954,
2026-07-07T11:00:42.901032+00:00,satimage,182,mlp,1,100,5044,80,20,1286,6,36,36,,,,,,,,,,,,,,,,,,,,,,,,,stratified_labeled_val,6,True,12,22,"{1.:1225,2.:562,3.:1085,4.:500,5.:566,7.:1206}","{1.:22,2.:12,3.:20,4.:12,5.:13,7.:21}","{1.:4,2.:3,3.:4,4.:2,5.:3,7.:4}","{1.:306,2.:141,3.:271,4.:125,5.:141,7.:302}","{1.:1203,2.:550,3.:1065,4.:488,5.:553,7.:1185}",0.4024,success,,0.7643856920684292,0.6975886738803677,0.6969785860998226,0.7131935954093933,0.9547377212618754,
2026-07-07T11:00:43.313703+00:00,satimage,182,mlp,1,250,4894,200,50,1286,6,36,36,,,,,,,,,,,,,,,,,,,,,,,,,stratified_labeled_val,6,True,26,57,"{1.:1225,2.:562,3.:1085,4.:500,5.:566,7.:1206}","{1.:57,2.:29,3.:52,4.:26,5.:29,7.:57}","{1.:11,2.:6,3.:10,4.:5,5.:6,7.:12}","{1.:306,2.:141,3.:271,4.:125,5.:141,7.:302}","{1.:1168,2.:533,3.:1033,4.:474,5.:537,7.:1149}",0.6028,success,,0.7892690513219285,0.7066759024619315,0.686605685493499,0.6670815944671631,0.9497968127909439,
2026-07-07T11:00:43.931252+00:00,satimage,182,mlp,1,500,4644,400,100,1286,6,36,36,,,,,,,,,,,,,,,,,,,,,,,,,stratified_labeled_val,6,True,51,117,"{1.:1225,2.:562,3.:1085,4.:500,5.:566,7.:1206}","{1.:117,2.:56,3.:104,4.:51,5.:57,7.:115}","{1.:23,2.:11,3.:21,4.:10,5.:12,7.:23}","{1.:306,2.:141,3.:271,4.:125,5.:141,7.:302}","{1.:1108,2.:506,3.:981,4.:449,5.:509,7.:1091}",0.6531,success,,0.8048211508553654,0.7423826765854294,0.7423591887116942,0.5633805990219116,0.9641128819423673,
2026-07-07T11:00:44.596954+00:00,satimage,182,mlp,2,50,5094,40,10,1286,6,36,36,,,,,,,,,,,,,,,,,,,,,,,,,stratified_labeled_val,6,True,6,11,"{1.:1225,2.:562,3.:1085,4.:500,5.:566,7.:1206}","{1.:11,2.:6,3.:10,4.:6,5.:7,7.:10}","{1.:2,2.:1,3.:2,4.:1,5.:2,7.:2}","{1.:306,2.:141,3.:271,4.:125,5.:141,7.:302}","{1.:1214,2.:556,3.:1075,4.:494,5.:559,7.:1196}",0.3669,success,,0.5458786936236392,0.5365339843638445,0.4994695389987784,1.3648046255111694,0.8576312333066586,
2026-07-07T11:00:44.975637+00:00,satimage,182,mlp,2,100,5044,80,20,1286,6,36,36,,,,,,,,,,,,,,,,,,,,,,,,,stratified_labeled_val,6,True,12,22,"{1.:1225,2.:562,3.:1085,4.:500,5.:566,7.:1206}","{1.:22,2.:12,3.:20,4.:12,5.:13,7.:21}","{1.:4,2.:3,3.:4,4.:2,5.:3,7.:4}","{1.:306,2.:141,3.:271,4.:125,5.:141,7.:302}","{1.:1203,2.:550,3.:1065,4.:488,5.:553,7.:1185}",0.3715,success,,0.4237947122861586,0.4207925418481751,0.39373470518104847,1.602016568183899,0.750452991791088,
2026-07-07T11:00:45.360593+00:00,satimage,182,mlp,2,250,4894,200,50,1286,6,36,36,,,,,,,,,,,,,,,,,,,,,,,,,stratified_labeled_val,6,True,26,57,"{1.:1225,2.:562,3.:1085,4.:500,5.:566,7.:1206}","{1.:57,2.:29,3.:52,4.:26,5.:29,7.:57}","{1.:11,2.:6,3.:10,4.:5,5.:6,7.:12}","{1.:306,2.:141,3.:271,4.:125,5.:141,7.:302}","{1.:1168,2.:533,3.:1033,4.:474,5.:537,7.:1149}",0.5058,success,,0.7216174183514774,0.6651573327227772,0.6303266219822364,0.927548885345459,0.9392499621417612,
2026-07-07T11:00:45.879654+00:00,satimage,182,mlp,2,500,4644,400,100,1286,6,36,36,,,,,,,,,,,,,,,,,,,,,,,,,stratified_labeled_val,6,True,51,117,"{1.:1225,2.:562,3.:1085,4.:500,5.:566,7.:1206}","{1.:117,2.:56,3.:104,4.:51,5.:57,7.:115}","{1.:23,2.:11,3.:21,4.:10,5.:12,7.:23}","{1.:306,2.:141,3.:271,4.:125,5.:141,7.:302}","{1.:1108,2.:506,3.:981,4.:449,5.:509,7.:1091}",0.7932,success,,0.8180404354587869,0.7452701022363412,0.7290941574712905,0.6162168979644775,0.9588644878695808,
2026-07-07T11:00:46.683852+00:00,satimage,182,label_spreading,0,50,5094,40,10,1286,6,36,36,,,,,,,,,,,15,1,5134,5094,,,,,,,,,,,stratified_labeled_val,6,True,6,11,"{1.:1225,2.:562,3.:1085,4.:500,5.:566,7.:1206}","{1.:11,2.:6,3.:10,4.:6,5.:7,7.:10}","{1.:2,2.:1,3.:2,4.:1,5.:2,7.:2}","{1.:306,2.:141,3.:271,4.:125,5.:141,7.:302}","{1.:1214,2.:556,3.:1075,4.:494,5.:559,7.:1196}",7.5628,success,,0.833592534992224,0.7967520429171585,0.8036985708616182,0.7757621818339546,0.9713798603359756,
2026-07-07T11:00:54.267321+00:00,satimage,182,label_spreading,0,100,5044,80,20,1286,6,36,36,,,,,,,,,,,15,1,5124,5044,,,,,,,,,,,stratified_labeled_val,6,True,12,22,"{1.:1225,2.:562,3.:1085,4.:500,5.:566,7.:1206}","{1.:22,2.:12,3.:20,4.:12,5.:13,7.:21}","{1.:4,2.:3,3.:4,4.:2,5.:3,7.:4}","{1.:306,2.:141,3.:271,4.:125,5.:141,7.:302}","{1.:1203,2.:550,3.:1065,4.:488,5.:553,7.:1185}",1.645,success,,0.8227060653188181,0.7787667553455284,0.7869947998631152,0.6402221702524803,0.9695117406776258,
2026-07-07T11:00:55.924066+00:00,satimage,182,label_spreading,0,250,4894,200,50,1286,6,36,36,,,,,,,,,,,7,0,5094,4894,,,,,,,,,,,stratified_labeled_val,6,True,26,57,"{1.:1225,2.:562,3.:1085,4.:500,5.:566,7.:1206}","{1.:57,2.:29,3.:52,4.:26,5.:29,7.:57}","{1.:12,2.:6,3.:10,4.:5,5.:6,7.:11}","{1.:306,2.:141,3.:271,4.:125,5.:141,7.:302}","{1.:1168,2.:533,3.:1033,4.:474,5.:537,7.:1149}",1.2445,success,,0.8491446345256609,0.8206572851808248,0.82686733648663,0.7961275964659305,0.9709432012236796,
2026-07-07T11:00:57.189417+00:00,satimage,182,label_spreading,0,500,4644,400,100,1286,6,36,36,,,,,,,,,,,7,0,5044,4644,,,,,,,,,,,stratified_labeled_val,6,True,51,117,"{1.:1225,2.:562,3.:1085,4.:500,5.:566,7.:1206}","{1.:117,2.:56,3.:104,4.:51,5.:57,7.:115}","{1.:23,2.:11,3.:21,4.:10,5.:12,7.:23}","{1.:306,2.:141,3.:271,4.:125,5.:141,7.:302}","{1.:1108,2.:506,3.:981,4.:449,5.:509,7.:1091}",2.6236,success,,0.8460342146189735,0.8258329684368547,0.826903253471771,0.5722176291625586,0.9756720111007713,
2026-07-07T11:00:59.826298+00:00,satimage,182,label_spreading,1,50,5094,40,10,1286,6,36,36,,,,,,,,,,,15,1,5134,5094,,,,,,,,,,,stratified_labeled_val,6,True,6,11,"{1.:1225,2.:562,3.:1085,4.:500,5.:566,7.:1206}","{1.:11,2.:6,3.:10,4.:6,5.:7,7.:10}","{1.:2,2.:1,3.:2,4.:1,5.:2,7.:2}","{1.:306,2.:141,3.:271,4.:125,5.:141,7.:302}","{1.:1214,2.:556,3.:1075,4.:494,5.:559,7.:1196}",3.8722,success,,0.8017107309486781,0.7645880330622661,0.7660645297739807,1.0153774393603465,0.9479211577031791,
2026-07-07T11:01:03.717632+00:00,satimage,182,label_spreading,1,100,5044,80,20,1286,6,36,36,,,,,,,,,,,15,1,5124,5044,,,,,,,,,,,stratified_labeled_val,6,True,12,22,"{1.:1225,2.:562,3.:1085,4.:500,5.:566,7.:1206}","{1.:22,2.:12,3.:20,4.:12,5.:13,7.:21}","{1.:4,2.:3,3.:4,4.:2,5.:3,7.:4}","{1.:306,2.:141,3.:271,4.:125,5.:141,7.:302}","{1.:1203,2.:550,3.:1065,4.:488,5.:553,7.:1185}",3.0735,success,,0.8475894245723172,0.8209150562233104,0.8242056494835509,0.49505690447104855,0.9756381344029162,
2026-07-07T11:01:06.815026+00:00,satimage,182,label_spreading,1,250,4894,200,50,1286,6,36,36,,,,,,,,,,,7,0,5094,4894,,,,,,,,,,,stratified_labeled_val,6,True,26,57,"{1.:1225,2.:562,3.:1085,4.:500,5.:566,7.:1206}","{1.:57,2.:29,3.:52,4.:26,5.:29,7.:57}","{1.:11,2.:6,3.:10,4.:5,5.:6,7.:12}","{1.:306,2.:141,3.:271,4.:125,5.:141,7.:302}","{1.:1168,2.:533,3.:1033,4.:474,5.:537,7.:1149}",2.0225,success,,0.8584758942457231,0.8420689624841419,0.8402216214348618,0.6952423285404622,0.9759515729703699,
2026-07-07T11:01:08.856388+00:00,satimage,182,label_spreading,1,500,4644,400,100,1286,6,36,36,,,,,,,,,,,7,0,5044,4644,,,,,,,,,,,stratified_labeled_val,6,True,51,117,"{1.:1225,2.:562,3.:1085,4.:500,5.:566,7.:1206}","{1.:117,2.:56,3.:104,4.:51,5.:57,7.:115}","{1.:23,2.:11,3.:21,4.:10,5.:12,7.:23}","{1.:306,2.:141,3.:271,4.:125,5.:141,7.:302}","{1.:1108,2.:506,3.:981,4.:449,5.:509,7.:1091}",1.3908,success,,0.8763608087091758,0.8570313679909641,0.8577898609103359,0.44472639319739077,0.9841631575700167,
2026-07-07T11:01:10.262288+00:00,satimage,182,label_spreading,2,50,5094,40,10,1286,6,36,36,,,,,,,,,,,15,1,5134,5094,,,,,,,,,,,stratified_labeled_val,6,True,6,11,"{1.:1225,2.:562,3.:1085,4.:500,5.:566,7.:1206}","{1.:11,2.:6,3.:10,4.:6,5.:7,7.:10}","{1.:2,2.:1,3.:2,4.:1,5.:2,7.:2}","{1.:306,2.:141,3.:271,4.:125,5.:141,7.:302}","{1.:1214,2.:556,3.:1075,4.:494,5.:559,7.:1196}",2.7759,success,,0.8538102643856921,0.8018184751096048,0.8122385062753468,0.7665793004225353,0.9665428776498056,
2026-07-07T11:01:13.058403+00:00,satimage,182,label_spreading,2,100,5044,80,20,1286,6,36,36,,,,,,,,,,,15,1,5124,5044,,,,,,,,,,,stratified_labeled_val,6,True,12,22,"{1.:1225,2.:562,3.:1085,4.:500,5.:566,7.:1206}","{1.:22,2.:12,3.:20,4.:12,5.:13,7.:21}","{1.:4,2.:3,3.:4,4.:2,5.:3,7.:4}","{1.:306,2.:141,3.:271,4.:125,5.:141,7.:302}","{1.:1203,2.:550,3.:1065,4.:488,5.:553,7.:1185}",2.9377,success,,0.8538102643856921,0.8248955597420385,0.8264833623651255,0.5226965188552247,0.9720462238378061,
2026-07-07T11:01:16.005074+00:00,satimage,182,label_spreading,2,250,4894,200,50,1286,6,36,36,,,,,,,,,,,15,1,5094,4894,,,,,,,,,,,stratified_labeled_val,6,True,26,57,"{1.:1225,2.:562,3.:1085,4.:500,5.:566,7.:1206}","{1.:57,2.:29,3.:52,4.:26,5.:29,7.:57}","{1.:11,2.:6,3.:10,4.:5,5.:6,7.:12}","{1.:306,2.:141,3.:271,4.:125,5.:141,7.:302}","{1.:1168,2.:533,3.:1033,4.:474,5.:537,7.:1149}",2.4796,success,,0.8608087091757387,0.8316228421845976,0.8350157268441881,0.44280112285775397,0.9742391687343565,
2026-07-07T11:01:18.503998+00:00,satimage,182,label_spreading,2,500,4644,400,100,1286,6,36,36,,,,,,,,,,,7,0,5044,4644,,,,,,,,,,,stratified_labeled_val,6,True,51,117,"{1.:1225,2.:562,3.:1085,4.:500,5.:566,7.:1206}","{1.:117,2.:56,3.:104,4.:51,5.:57,7.:115}","{1.:23,2.:11,3.:21,4.:10,5.:12,7.:23}","{1.:306,2.:141,3.:271,4.:125,5.:141,7.:302}","{1.:1108,2.:506,3.:981,4.:449,5.:509,7.:1091}",1.9933,success,,0.864696734059098,0.834989512678794,0.8361477701484423,0.5035850942383288,0.9768441686214667,
2026-07-07T11:01:20.514396+00:00,satimage,182,label_propagation,0,50,5094,40,10,1286,6,36,36,,,,,,,,,,,7,0,5134,5094,,,,,,,,,,,stratified_labeled_val,6,True,6,11,"{1.:1225,2.:562,3.:1085,4.:500,5.:566,7.:1206}","{1.:11,2.:6,3.:10,4.:6,5.:7,7.:10}","{1.:2,2.:1,3.:2,4.:1,5.:2,7.:2}","{1.:306,2.:141,3.:271,4.:125,5.:141,7.:302}","{1.:1214,2.:556,3.:1075,4.:494,5.:559,7.:1196}",3.5882,success,,0.8227060653188181,0.7773445291196303,0.7875634669319386,0.5431434090737177,0.970329365676947,
2026-07-07T11:01:24.118721+00:00,satimage,182,label_propagation,0,100,5044,80,20,1286,6,36,36,,,,,,,,,,,7,0,5124,5044,,,,,,,,,,,stratified_labeled_val,6,True,12,22,"{1.:1225,2.:562,3.:1085,4.:500,5.:566,7.:1206}","{1.:22,2.:12,3.:20,4.:12,5.:13,7.:21}","{1.:4,2.:3,3.:4,4.:2,5.:3,7.:4}","{1.:306,2.:141,3.:271,4.:125,5.:141,7.:302}","{1.:1203,2.:550,3.:1065,4.:488,5.:553,7.:1185}",3.0389,success,,0.8195956454121306,0.7749225935940892,0.7858794938078587,0.5481415440095727,0.9699590456761419,
2026-07-07T11:01:27.200689+00:00,satimage,182,label_propagation,0,250,4894,200,50,1286,6,36,36,,,,,,,,,,,7,0,5094,4894,,,,,,,,,,,stratified_labeled_val,6,True,26,57,"{1.:1225,2.:562,3.:1085,4.:500,5.:566,7.:1206}","{1.:57,2.:29,3.:52,4.:26,5.:29,7.:57}","{1.:12,2.:6,3.:10,4.:5,5.:6,7.:11}","{1.:306,2.:141,3.:271,4.:125,5.:141,7.:302}","{1.:1168,2.:533,3.:1033,4.:474,5.:537,7.:1149}",3.8626,success,,0.8390357698289269,0.8192176872425035,0.8223117672695587,0.47048933996484116,0.9741314387489163,
2026-07-07T11:01:31.093603+00:00,satimage,182,label_propagation,0,500,4644,400,100,1286,6,36,36,,,,,,,,,,,7,0,5044,4644,,,,,,,,,,,stratified_labeled_val,6,True,51,117,"{1.:1225,2.:562,3.:1085,4.:500,5.:566,7.:1206}","{1.:117,2.:56,3.:104,4.:51,5.:57,7.:115}","{1.:23,2.:11,3.:21,4.:10,5.:12,7.:23}","{1.:306,2.:141,3.:271,4.:125,5.:141,7.:302}","{1.:1108,2.:506,3.:981,4.:449,5.:509,7.:1091}",2.684,success,,0.8421461897356143,0.8270059969263337,0.8263794428096868,0.42382060030054547,0.9766660310800241,
2026-07-07T11:01:33.796292+00:00,satimage,182,label_propagation,1,50,5094,40,10,1286,6,36,36,,,,,,,,,,,7,0,5134,5094,,,,,,,,,,,stratified_labeled_val,6,True,6,11,"{1.:1225,2.:562,3.:1085,4.:500,5.:566,7.:1206}","{1.:11,2.:6,3.:10,4.:6,5.:7,7.:10}","{1.:2,2.:1,3.:2,4.:1,5.:2,7.:2}","{1.:306,2.:141,3.:271,4.:125,5.:141,7.:302}","{1.:1214,2.:556,3.:1075,4.:494,5.:559,7.:1196}",3.2698,success,,0.7231726283048211,0.6736018370343202,0.6575616273102253,0.5490731294463346,0.9600046961959742,
2026-07-07T11:01:37.082787+00:00,satimage,182,label_propagation,1,100,5044,80,20,1286,6,36,36,,,,,,,,,,,7,0,5124,5044,,,,,,,,,,,stratified_labeled_val,6,True,12,22,"{1.:1225,2.:562,3.:1085,4.:500,5.:566,7.:1206}","{1.:22,2.:12,3.:20,4.:12,5.:13,7.:21}","{1.:4,2.:3,3.:4,4.:2,5.:3,7.:4}","{1.:306,2.:141,3.:271,4.:125,5.:141,7.:302}","{1.:1203,2.:550,3.:1065,4.:488,5.:553,7.:1185}",2.4784,success,,0.8351477449455676,0.8182915404834464,0.8192744565709096,0.48414511968493357,0.9734162009692074,
2026-07-07T11:01:39.576609+00:00,satimage,182,label_propagation,1,250,4894,200,50,1286,6,36,36,,,,,,,,,,,7,0,5094,4894,,,,,,,,,,,stratified_labeled_val,6,True,26,57,"{1.:1225,2.:562,3.:1085,4.:500,5.:566,7.:1206}","{1.:57,2.:29,3.:52,4.:26,5.:29,7.:57}","{1.:11,2.:6,3.:10,4.:5,5.:6,7.:12}","{1.:306,2.:141,3.:271,4.:125,5.:141,7.:302}","{1.:1168,2.:533,3.:1033,4.:474,5.:537,7.:1149}",3.8447,success,,0.8678071539657853,0.8508582141317383,0.85224873968744,0.35346205504918576,0.9815724932205719,
2026-07-07T11:01:43.440900+00:00,satimage,182,label_propagation,1,500,4644,400,100,1286,6,36,36,,,,,,,,,,,7,0,5044,4644,,,,,,,,,,,stratified_labeled_val,6,True,51,117,"{1.:1225,2.:562,3.:1085,4.:500,5.:566,7.:1206}","{1.:117,2.:56,3.:104,4.:51,5.:57,7.:115}","{1.:23,2.:11,3.:21,4.:10,5.:12,7.:23}","{1.:306,2.:141,3.:271,4.:125,5.:141,7.:302}","{1.:1108,2.:506,3.:981,4.:449,5.:509,7.:1091}",2.5052,success,,0.8709175738724728,0.860173869396224,0.8564092516633304,0.3814185042088393,0.9826684454845339,
2026-07-07T11:01:45.960740+00:00,satimage,182,label_propagation,2,50,5094,40,10,1286,6,36,36,,,,,,,,,,,7,0,5134,5094,,,,,,,,,,,stratified_labeled_val,6,True,6,11,"{1.:1225,2.:562,3.:1085,4.:500,5.:566,7.:1206}","{1.:11,2.:6,3.:10,4.:6,5.:7,7.:10}","{1.:2,2.:1,3.:2,4.:1,5.:2,7.:2}","{1.:306,2.:141,3.:271,4.:125,5.:141,7.:302}","{1.:1214,2.:556,3.:1075,4.:494,5.:559,7.:1196}",3.5142,success,,0.8374805598755832,0.8000340348317518,0.8065856738958882,0.4829314349218266,0.9697715894689285,
2026-07-07T11:01:49.488575+00:00,satimage,182,label_propagation,2,100,5044,80,20,1286,6,36,36,,,,,,,,,,,7,0,5124,5044,,,,,,,,,,,stratified_labeled_val,6,True,12,22,"{1.:1225,2.:562,3.:1085,4.:500,5.:566,7.:1206}","{1.:22,2.:12,3.:20,4.:12,5.:13,7.:21}","{1.:4,2.:3,3.:4,4.:2,5.:3,7.:4}","{1.:306,2.:141,3.:271,4.:125,5.:141,7.:302}","{1.:1203,2.:550,3.:1065,4.:488,5.:553,7.:1185}",2.4192,success,,0.8475894245723172,0.8158471517306962,0.8208570801527818,0.4498115255611094,0.9713140063218509,
2026-07-07T11:01:51.924499+00:00,satimage,182,label_propagation,2,250,4894,200,50,1286,6,36,36,,,,,,,,,,,7,0,5094,4894,,,,,,,,,,,stratified_labeled_val,6,True,26,57,"{1.:1225,2.:562,3.:1085,4.:500,5.:566,7.:1206}","{1.:57,2.:29,3.:52,4.:26,5.:29,7.:57}","{1.:11,2.:6,3.:10,4.:5,5.:6,7.:12}","{1.:306,2.:141,3.:271,4.:125,5.:141,7.:302}","{1.:1168,2.:533,3.:1033,4.:474,5.:537,7.:1149}",2.1575,success,,0.8522550544323484,0.8184545109662155,0.8245900019960283,0.43543289391134704,0.9729672567382907,
2026-07-07T11:01:54.095661+00:00,satimage,182,label_propagation,2,500,4644,400,100,1286,6,36,36,,,,,,,,,,,7,0,5044,4644,,,,,,,,,,,stratified_labeled_val,6,True,51,117,"{1.:1225,2.:562,3.:1085,4.:500,5.:566,7.:1206}","{1.:117,2.:56,3.:104,4.:51,5.:57,7.:115}","{1.:23,2.:11,3.:21,4.:10,5.:12,7.:23}","{1.:306,2.:141,3.:271,4.:125,5.:141,7.:302}","{1.:1108,2.:506,3.:981,4.:449,5.:509,7.:1091}",2.1117,success,,0.859253499222395,0.8357685217602343,0.8378045900202911,0.38515788182413535,0.9772295927404068,
2026-07-07T11:01:56.222819+00:00,satimage,182,self_training_lr,0,50,5094,40,10,1286,6,36,36,2547.0,61.0,4.0,"{0: 1020, 1: 424, 2: 994, 3: 5, 4: 109, 5: 35}",0.5,0.9879301988381145,0.9504741430282593,0.9996978044509888,,max_total_pseudo_fraction,,,,,,,,,,,,,,,stratified_labeled_val,6,True,6,11,"{1.:1225,2.:562,3.:1085,4.:500,5.:566,7.:1206}","{1.:11,2.:6,3.:10,4.:6,5.:7,7.:10}","{1.:2,2.:1,3.:2,4.:1,5.:2,7.:2}","{1.:306,2.:141,3.:271,4.:125,5.:141,7.:302}","{1.:1214,2.:556,3.:1075,4.:494,5.:559,7.:1196}",0.9507,success,,0.7962674961119751,0.7153854618645207,0.7131085672091416,0.7580262422561646,0.9393331403887105,
2026-07-07T11:01:57.194138+00:00,satimage,182,self_training_lr,0,100,5044,80,20,1286,6,36,36,2522.0,60.0,4.0,"{0: 1054, 1: 392, 2: 808, 3: 10, 4: 312, 5: 26}",0.5,0.9888608283603314,0.957287609577179,0.9997506737709045,,max_total_pseudo_fraction,,,,,,,,,,,,,,,stratified_labeled_val,6,True,12,22,"{1.:1225,2.:562,3.:1085,4.:500,5.:566,7.:1206}","{1.:22,2.:12,3.:20,4.:12,5.:13,7.:21}","{1.:4,2.:3,3.:4,4.:2,5.:3,7.:4}","{1.:306,2.:141,3.:271,4.:125,5.:141,7.:302}","{1.:1203,2.:550,3.:1065,4.:488,5.:553,7.:1185}",0.7005,success,,0.8032659409020217,0.7468203960913035,0.7432200564775218,0.650128960609436,0.9529980294025018,
2026-07-07T11:01:57.918379+00:00,satimage,182,self_training_lr,0,250,4894,200,50,1286,6,36,36,2447.0,58.0,4.0,"{0: 1150, 1: 464, 2: 660, 3: 21, 4: 203, 5: 149}",0.5,0.988583878029791,0.9537258148193359,0.9999910593032837,,max_total_pseudo_fraction,,,,,,,,,,,,,,,stratified_labeled_val,6,True,26,57,"{1.:1225,2.:562,3.:1085,4.:500,5.:566,7.:1206}","{1.:57,2.:29,3.:52,4.:26,5.:29,7.:57}","{1.:12,2.:6,3.:10,4.:5,5.:6,7.:11}","{1.:306,2.:141,3.:271,4.:125,5.:141,7.:302}","{1.:1168,2.:533,3.:1033,4.:474,5.:537,7.:1149}",0.9486,success,,0.8242612752721618,0.7699402315321575,0.7796409127572366,0.5702475905418396,0.9617843427193815,
2026-07-07T11:01:58.878906+00:00,satimage,182,self_training_lr,0,500,4644,400,100,1286,6,36,36,2322.0,55.0,4.0,"{0: 1077, 1: 450, 2: 512, 3: 41, 4: 220, 5: 422}",0.5,0.9858309282094214,0.9530831575393677,0.9999988079071045,,max_total_pseudo_fraction,,,,,,,,,,,,,,,stratified_labeled_val,6,True,51,117,"{1.:1225,2.:562,3.:1085,4.:500,5.:566,7.:1206}","{1.:117,2.:56,3.:104,4.:51,5.:57,7.:115}","{1.:23,2.:11,3.:21,4.:10,5.:12,7.:23}","{1.:306,2.:141,3.:271,4.:125,5.:141,7.:302}","{1.:1108,2.:506,3.:981,4.:449,5.:509,7.:1091}",0.9603,success,,0.828149300155521,0.7758086706822525,0.7804634946797533,0.4856509864330292,0.9651586635571715,
2026-07-07T11:01:59.854599+00:00,satimage,182,self_training_lr,1,50,5094,40,10,1286,6,36,36,2547.0,89.0,4.0,"{0: 894, 1: 398, 2: 345, 3: 5, 4: 174, 5: 771}",0.5,0.983708453169045,0.9500417113304138,0.9997004270553589,,max_total_pseudo_fraction,,,,,,,,,,,,,,,stratified_labeled_val,6,True,6,11,"{1.:1225,2.:562,3.:1085,4.:500,5.:566,7.:1206}","{1.:11,2.:6,3.:10,4.:6,5.:7,7.:10}","{1.:2,2.:1,3.:2,4.:1,5.:2,7.:2}","{1.:306,2.:141,3.:271,4.:125,5.:141,7.:302}","{1.:1214,2.:556,3.:1075,4.:494,5.:559,7.:1196}",0.8671,success,,0.8087091757387247,0.7277757268295358,0.7168857759206744,0.6669825315475464,0.9515418073673163,
2026-07-07T11:02:00.742882+00:00,satimage,182,self_training_lr,1,100,5044,80,20,1286,6,36,36,2522.0,60.0,4.0,"{0: 860, 1: 427, 2: 324, 3: 10, 4: 116, 5: 865}",0.5,0.9887082291018102,0.9730455279350281,0.9999061822891235,,max_total_pseudo_fraction,,,,,,,,,,,,,,,stratified_labeled_val,6,True,12,22,"{1.:1225,2.:562,3.:1085,4.:500,5.:566,7.:1206}","{1.:22,2.:12,3.:20,4.:12,5.:13,7.:21}","{1.:4,2.:3,3.:4,4.:2,5.:3,7.:4}","{1.:306,2.:141,3.:271,4.:125,5.:141,7.:302}","{1.:1203,2.:550,3.:1065,4.:488,5.:553,7.:1185}",0.794,success,,0.8017107309486781,0.7339894482658741,0.7415919250160736,0.667576253414154,0.9525067478856878,
2026-07-07T11:02:01.550361+00:00,satimage,182,self_training_lr,1,250,4894,200,50,1286,6,36,36,2447.0,58.0,4.0,"{0: 952, 1: 459, 2: 301, 3: 24, 4: 197, 5: 714}",0.5,0.984901076124111,0.9593112468719482,0.9999910593032837,,max_total_pseudo_fraction,,,,,,,,,,,,,,,stratified_labeled_val,6,True,26,57,"{1.:1225,2.:562,3.:1085,4.:500,5.:566,7.:1206}","{1.:57,2.:29,3.:52,4.:26,5.:29,7.:57}","{1.:11,2.:6,3.:10,4.:5,5.:6,7.:12}","{1.:306,2.:141,3.:271,4.:125,5.:141,7.:302}","{1.:1168,2.:533,3.:1033,4.:474,5.:537,7.:1149}",0.8824,success,,0.8094867807153966,0.7510446985054577,0.7538261256551156,0.5604314804077148,0.9618047023616665,
2026-07-07T11:02:02.446684+00:00,satimage,182,self_training_lr,1,500,4644,400,100,1286,6,36,36,2322.0,55.0,4.0,"{0: 992, 1: 447, 2: 478, 3: 42, 4: 214, 5: 549}",0.5,0.9888457657960239,0.9614623188972473,0.9999995231628418,,max_total_pseudo_fraction,,,,,,,,,,,,,,,stratified_labeled_val,6,True,51,117,"{1.:1225,2.:562,3.:1085,4.:500,5.:566,7.:1206}","{1.:117,2.:56,3.:104,4.:51,5.:57,7.:115}","{1.:23,2.:11,3.:21,4.:10,5.:12,7.:23}","{1.:306,2.:141,3.:271,4.:125,5.:141,7.:302}","{1.:1108,2.:506,3.:981,4.:449,5.:509,7.:1091}",1.4894,success,,0.8374805598755832,0.7933466977449518,0.7998083467016932,0.45543673634529114,0.9707909148871802,
2026-07-07T11:02:03.948469+00:00,satimage,182,self_training_lr,2,50,5094,40,10,1286,6,36,36,2547.0,61.0,4.0,"{0: 1134, 1: 438, 2: 762, 3: 13, 4: 221, 5: 19}",0.5,0.9854650532773396,0.9580787420272827,0.9999473094940186,,max_total_pseudo_fraction,,,,,,,,,,,,,,,stratified_labeled_val,6,True,6,11,"{1.:1225,2.:562,3.:1085,4.:500,5.:566,7.:1206}","{1.:11,2.:6,3.:10,4.:6,5.:7,7.:10}","{1.:2,2.:1,3.:2,4.:1,5.:2,7.:2}","{1.:306,2.:141,3.:271,4.:125,5.:141,7.:302}","{1.:1214,2.:556,3.:1075,4.:494,5.:559,7.:1196}",0.6619,success,,0.8133748055987559,0.7508362044217436,0.7449226777368603,0.6595732569694519,0.956573141238127,
2026-07-07T11:02:04.625260+00:00,satimage,182,self_training_lr,2,100,5044,80,20,1286,6,36,36,2522.0,60.0,4.0,"{0: 956, 1: 410, 2: 785, 3: 14, 4: 263, 5: 174}",0.5,0.9889484281628781,0.9602248668670654,0.9999910593032837,,max_total_pseudo_fraction,,,,,,,,,,,,,,,stratified_labeled_val,6,True,12,22,"{1.:1225,2.:562,3.:1085,4.:500,5.:566,7.:1206}","{1.:22,2.:12,3.:20,4.:12,5.:13,7.:21}","{1.:4,2.:3,3.:4,4.:2,5.:3,7.:4}","{1.:306,2.:141,3.:271,4.:125,5.:141,7.:302}","{1.:1203,2.:550,3.:1065,4.:488,5.:553,7.:1185}",0.7318,success,,0.8180404354587869,0.758517574186122,0.7549342727447071,0.6505345106124878,0.9582189030142124,
2026-07-07T11:02:05.372446+00:00,satimage,182,self_training_lr,2,250,4894,200,50,1286,6,36,36,2447.0,58.0,4.0,"{0: 1053, 1: 436, 2: 764, 3: 21, 4: 255, 5: 118}",0.5,0.9905079672129046,0.9575092196464539,0.9999967813491821,,max_total_pseudo_fraction,,,,,,,,,,,,,,,stratified_labeled_val,6,True,26,57,"{1.:1225,2.:562,3.:1085,4.:500,5.:566,7.:1206}","{1.:57,2.:29,3.:52,4.:26,5.:29,7.:57}","{1.:11,2.:6,3.:10,4.:5,5.:6,7.:12}","{1.:306,2.:141,3.:271,4.:125,5.:141,7.:302}","{1.:1168,2.:533,3.:1033,4.:474,5.:537,7.:1149}",0.9376,success,,0.8149300155520995,0.7575332556878024,0.7549558144972931,0.5953950881958008,0.9571352317143437,
2026-07-07T11:02:06.322590+00:00,satimage,182,self_training_lr,2,500,4644,400,100,1286,6,36,36,2322.0,55.0,4.0,"{0: 1047, 1: 465, 2: 726, 3: 44, 4: 231, 5: 209}",0.5,0.9897372441031007,0.9566231966018677,0.9999995231628418,,max_total_pseudo_fraction,,,,,,,,,,,,,,,stratified_labeled_val,6,True,51,117,"{1.:1225,2.:562,3.:1085,4.:500,5.:566,7.:1206}","{1.:117,2.:56,3.:104,4.:51,5.:57,7.:115}","{1.:23,2.:11,3.:21,4.:10,5.:12,7.:23}","{1.:306,2.:141,3.:271,4.:125,5.:141,7.:302}","{1.:1108,2.:506,3.:981,4.:449,5.:509,7.:1091}",0.936,success,,0.8265940902021773,0.7729529468813463,0.7728305346360731,0.5159872770309448,0.9635851724741052,
2026-07-07T11:02:07.270250+00:00,satimage,182,self_training_xgboost,0,50,5094,40,10,1286,6,36,36,2224.0,718.0,3.0,"{0: 964, 1: 5, 2: 130, 3: 5, 4: 5, 5: 1155}",0.43659206910090304,0.9813971101112074,0.9500780701637268,0.9994844198226929,,max_iter,,,,,,,,,,,,,,,stratified_labeled_val,6,True,6,11,"{1.:1225,2.:562,3.:1085,4.:500,5.:566,7.:1206}","{1.:11,2.:6,3.:10,4.:6,5.:7,7.:10}","{1.:2,2.:1,3.:2,4.:1,5.:2,7.:2}","{1.:306,2.:141,3.:271,4.:125,5.:141,7.:302}","{1.:1214,2.:556,3.:1075,4.:494,5.:559,7.:1196}",14.3758,success,,0.7348367029548989,0.644360667725015,0.6535989657552248,1.362165093421936,0.8872959964109889,
2026-07-07T11:02:21.656651+00:00,satimage,182,self_training_xgboost,0,100,5044,80,20,1286,6,36,36,2462.0,646.0,3.0,"{0: 668, 1: 32, 2: 904, 3: 196, 4: 192, 5: 550}",0.4881046788263283,0.9882559204711651,0.9735956192016602,0.9991694688796997,,max_iter,,,,,,,,,,,,,,,stratified_labeled_val,6,True,12,22,"{1.:1225,2.:562,3.:1085,4.:500,5.:566,7.:1206}","{1.:22,2.:12,3.:20,4.:12,5.:13,7.:21}","{1.:4,2.:3,3.:4,4.:2,5.:3,7.:4}","{1.:306,2.:141,3.:271,4.:125,5.:141,7.:302}","{1.:1203,2.:550,3.:1065,4.:488,5.:553,7.:1185}",14.6675,success,,0.7698289269051322,0.7514876944583749,0.7487040996718884,1.056269645690918,0.9256632893347305,
2026-07-07T11:02:36.349795+00:00,satimage,182,self_training_xgboost,0,250,4894,200,50,1286,6,36,36,2389.0,627.0,3.0,"{0: 850, 1: 245, 2: 759, 3: 23, 4: 66, 5: 646}",0.4881487535758071,0.9972167960167331,0.9949381351470947,0.9996689558029175,,max_iter,,,,,,,,,,,,,,,stratified_labeled_val,6,True,26,57,"{1.:1225,2.:562,3.:1085,4.:500,5.:566,7.:1206}","{1.:57,2.:29,3.:52,4.:26,5.:29,7.:57}","{1.:12,2.:6,3.:10,4.:5,5.:6,7.:11}","{1.:306,2.:141,3.:271,4.:125,5.:141,7.:302}","{1.:1168,2.:533,3.:1033,4.:474,5.:537,7.:1149}",17.1125,success,,0.8157076205287714,0.7739492872956729,0.7839104300218448,0.7124002575874329,0.9535414429566913,
2026-07-07T11:02:53.472404+00:00,satimage,182,self_training_xgboost,0,500,4644,400,100,1286,6,36,36,2267.0,595.0,3.0,"{0: 860, 1: 379, 2: 672, 3: 45, 4: 64, 5: 647}",0.48815676141257536,0.9985053395457241,0.9964371919631958,0.999782145023346,,max_iter,,,,,,,,,,,,,,,stratified_labeled_val,6,True,51,117,"{1.:1225,2.:562,3.:1085,4.:500,5.:566,7.:1206}","{1.:117,2.:56,3.:104,4.:51,5.:57,7.:115}","{1.:23,2.:11,3.:21,4.:10,5.:12,7.:23}","{1.:306,2.:141,3.:271,4.:125,5.:141,7.:302}","{1.:1108,2.:506,3.:981,4.:449,5.:509,7.:1091}",22.2303,success,,0.8444790046656299,0.8152867620660945,0.8192877839289548,0.5551661849021912,0.9665916394357401,
2026-07-07T11:03:15.716191+00:00,satimage,182,self_training_xgboost,1,50,5094,40,10,1286,6,36,36,2089.0,752.0,3.0,"{0: 570, 1: 5, 2: 526, 3: 6, 4: 5, 5: 1017}",0.4100903023164507,0.987251294092906,0.9500080347061157,0.9996054768562317,,max_iter,,,,,,,,,,,,,,,stratified_labeled_val,6,True,6,11,"{1.:1225,2.:562,3.:1085,4.:500,5.:566,7.:1206}","{1.:11,2.:6,3.:10,4.:6,5.:7,7.:10}","{1.:2,2.:1,3.:2,4.:1,5.:2,7.:2}","{1.:306,2.:141,3.:271,4.:125,5.:141,7.:302}","{1.:1214,2.:556,3.:1075,4.:494,5.:559,7.:1196}",11.6345,success,,0.7223950233281493,0.6170609960242889,0.6051154045867974,1.4760953187942505,0.8630000887158052,
2026-07-07T11:03:27.361369+00:00,satimage,182,self_training_xgboost,1,100,5044,80,20,1286,6,36,36,2462.0,646.0,3.0,"{0: 806, 1: 9, 2: 634, 3: 64, 4: 24, 5: 1005}",0.4881046788263283,0.9927090156330121,0.9783164858818054,0.9995914101600647,,max_iter,,,,,,,,,,,,,,,stratified_labeled_val,6,True,12,22,"{1.:1225,2.:562,3.:1085,4.:500,5.:566,7.:1206}","{1.:22,2.:12,3.:20,4.:12,5.:13,7.:21}","{1.:4,2.:3,3.:4,4.:2,5.:3,7.:4}","{1.:306,2.:141,3.:271,4.:125,5.:141,7.:302}","{1.:1203,2.:550,3.:1065,4.:488,5.:553,7.:1185}",15.0639,success,,0.8040435458786936,0.7500008386672511,0.7610779012266707,0.9380340576171875,0.9269548843956538,
2026-07-07T11:03:42.435474+00:00,satimage,182,self_training_xgboost,1,250,4894,200,50,1286,6,36,36,2389.0,627.0,3.0,"{0: 733, 1: 407, 2: 377, 3: 23, 4: 56, 5: 993}",0.4881487535758071,0.9973192063022628,0.9939290285110474,0.9997712969779968,,max_iter,,,,,,,,,,,,,,,stratified_labeled_val,6,True,26,57,"{1.:1225,2.:562,3.:1085,4.:500,5.:566,7.:1206}","{1.:57,2.:29,3.:52,4.:26,5.:29,7.:57}","{1.:11,2.:6,3.:10,4.:5,5.:6,7.:12}","{1.:306,2.:141,3.:271,4.:125,5.:141,7.:302}","{1.:1168,2.:533,3.:1033,4.:474,5.:537,7.:1149}",18.5713,success,,0.8297045101088647,0.7786162478084098,0.7837928876625262,0.7751343846321106,0.9464561027779642,
2026-07-07T11:04:01.019143+00:00,satimage,182,self_training_xgboost,1,500,4644,400,100,1286,6,36,36,2267.0,595.0,3.0,"{0: 756, 1: 424, 2: 446, 3: 43, 4: 158, 5: 840}",0.48815676141257536,0.998650225737992,0.9963221549987793,0.9997392296791077,,max_iter,,,,,,,,,,,,,,,stratified_labeled_val,6,True,51,117,"{1.:1225,2.:562,3.:1085,4.:500,5.:566,7.:1206}","{1.:117,2.:56,3.:104,4.:51,5.:57,7.:115}","{1.:23,2.:11,3.:21,4.:10,5.:12,7.:23}","{1.:306,2.:141,3.:271,4.:125,5.:141,7.:302}","{1.:1108,2.:506,3.:981,4.:449,5.:509,7.:1091}",21.4267,success,,0.8748055987558321,0.840979855253771,0.848385848541699,0.45604899525642395,0.9750448065640079,
2026-07-07T11:04:22.475950+00:00,satimage,182,self_training_xgboost,2,50,5094,40,10,1286,6,36,36,2107.0,747.0,3.0,"{0: 600, 1: 5, 2: 711, 3: 7, 4: 5, 5: 819}",0.4136238712210444,0.9883414678908549,0.9500717520713806,0.9991732239723206,,max_iter,,,,,,,,,,,,,,,stratified_labeled_val,6,True,6,11,"{1.:1225,2.:562,3.:1085,4.:500,5.:566,7.:1206}","{1.:11,2.:6,3.:10,4.:6,5.:7,7.:10}","{1.:2,2.:1,3.:2,4.:1,5.:2,7.:2}","{1.:306,2.:141,3.:271,4.:125,5.:141,7.:302}","{1.:1214,2.:556,3.:1075,4.:494,5.:559,7.:1196}",11.9265,success,,0.7838258164852255,0.7191428595928852,0.7368549510840774,0.9705206751823425,0.9123019423305037,
2026-07-07T11:04:34.414156+00:00,satimage,182,self_training_xgboost,2,100,5044,80,20,1286,6,36,36,2462.0,646.0,3.0,"{0: 831, 1: 9, 2: 773, 3: 18, 4: 57, 5: 854}",0.4881046788263283,0.9920142517643765,0.9790018796920776,0.9996100068092346,,max_iter,,,,,,,,,,,,,,,stratified_labeled_val,6,True,12,22,"{1.:1225,2.:562,3.:1085,4.:500,5.:566,7.:1206}","{1.:22,2.:12,3.:20,4.:12,5.:13,7.:21}","{1.:4,2.:3,3.:4,4.:2,5.:3,7.:4}","{1.:306,2.:141,3.:271,4.:125,5.:141,7.:302}","{1.:1203,2.:550,3.:1065,4.:488,5.:553,7.:1185}",14.2805,success,,0.7939346811819595,0.7447841244888204,0.7488520371387596,0.9422946572303772,0.9331656061948869,
2026-07-07T11:04:48.707990+00:00,satimage,182,self_training_xgboost,2,250,4894,200,50,1286,6,36,36,2389.0,627.0,3.0,"{0: 854, 1: 26, 2: 900, 3: 27, 4: 203, 5: 579}",0.4881487535758071,0.9969943074214004,0.99233478307724,0.9996107220649719,,max_iter,,,,,,,,,,,,,,,stratified_labeled_val,6,True,26,57,"{1.:1225,2.:562,3.:1085,4.:500,5.:566,7.:1206}","{1.:57,2.:29,3.:52,4.:26,5.:29,7.:57}","{1.:11,2.:6,3.:10,4.:5,5.:6,7.:12}","{1.:306,2.:141,3.:271,4.:125,5.:141,7.:302}","{1.:1168,2.:533,3.:1033,4.:474,5.:537,7.:1149}",17.3437,success,,0.8421461897356143,0.7985452909399559,0.8050471688528251,0.6776204705238342,0.9569931186488305,
2026-07-07T11:05:06.063031+00:00,satimage,182,self_training_xgboost,2,500,4644,400,100,1286,6,36,36,2267.0,595.0,3.0,"{0: 822, 1: 368, 2: 678, 3: 43, 4: 249, 5: 507}",0.48815676141257536,0.9985689848437939,0.9974114298820496,0.9996728897094727,,max_iter,,,,,,,,,,,,,,,stratified_labeled_val,6,True,51,117,"{1.:1225,2.:562,3.:1085,4.:500,5.:566,7.:1206}","{1.:117,2.:56,3.:104,4.:51,5.:57,7.:115}","{1.:23,2.:11,3.:21,4.:10,5.:12,7.:23}","{1.:306,2.:141,3.:271,4.:125,5.:141,7.:302}","{1.:1108,2.:506,3.:981,4.:449,5.:509,7.:1091}",21.7535,success,,0.854587869362364,0.8259144541370125,0.8263915662044096,0.5266298651695251,0.9708413168175482,
2026-07-07T11:05:27.830458+00:00,satimage,182,self_training_lightgbm,0,50,5094,40,10,1286,6,36,36,2368.0,682.0,3.0,"{0: 808, 1: 444, 2: 797, 3: 27, 4: 5, 5: 327}",0.46486062033765213,0.9895003919034732,0.9500528486120047,0.9999996658895264,,max_iter,,,,,,,,,,,,,,,stratified_labeled_val,6,True,6,11,"{1.:1225,2.:562,3.:1085,4.:500,5.:566,7.:1206}","{1.:11,2.:6,3.:10,4.:6,5.:7,7.:10}","{1.:2,2.:1,3.:2,4.:1,5.:2,7.:2}","{1.:306,2.:141,3.:271,4.:125,5.:141,7.:302}","{1.:1214,2.:556,3.:1075,4.:494,5.:559,7.:1196}",18.8861,success,,0.7457231726283048,0.6638842700839047,0.6396747558755098,1.7390961667673386,0.930197095198042,
2026-07-07T11:05:46.729732+00:00,satimage,182,self_training_lightgbm,0,100,5044,80,20,1286,6,36,36,2462.0,646.0,3.0,"{0: 781, 1: 110, 2: 815, 3: 116, 4: 185, 5: 535}",0.4881046788263283,0.9999902567681987,0.9999629322973287,0.9999999107611812,,max_iter,,,,,,,,,,,,,,,stratified_labeled_val,6,True,12,22,"{1.:1225,2.:562,3.:1085,4.:500,5.:566,7.:1206}","{1.:22,2.:12,3.:20,4.:12,5.:13,7.:21}","{1.:4,2.:3,3.:4,4.:2,5.:3,7.:4}","{1.:306,2.:141,3.:271,4.:125,5.:141,7.:302}","{1.:1203,2.:550,3.:1065,4.:488,5.:553,7.:1185}",22.5139,success,,0.7884914463452566,0.7668375428053861,0.7650992411709486,1.4568591670107658,0.9335679386015219,
2026-07-07T11:06:09.264983+00:00,satimage,182,self_training_lightgbm,0,250,4894,200,50,1286,6,36,36,2389.0,627.0,3.0,"{0: 798, 1: 353, 2: 667, 3: 48, 4: 115, 5: 608}",0.4881487535758071,0.999997710925501,0.9999891209972875,0.9999999644293641,,max_iter,,,,,,,,,,,,,,,stratified_labeled_val,6,True,26,57,"{1.:1225,2.:562,3.:1085,4.:500,5.:566,7.:1206}","{1.:57,2.:29,3.:52,4.:26,5.:29,7.:57}","{1.:12,2.:6,3.:10,4.:5,5.:6,7.:11}","{1.:306,2.:141,3.:271,4.:125,5.:141,7.:302}","{1.:1168,2.:533,3.:1033,4.:474,5.:537,7.:1149}",27.6316,success,,0.8242612752721618,0.7864338280697111,0.7935879830228365,1.1668136810546708,0.9533609244788774,
2026-07-07T11:06:36.912237+00:00,satimage,182,self_training_lightgbm,0,500,4644,400,100,1286,6,36,36,2267.0,595.0,3.0,"{0: 838, 1: 399, 2: 657, 3: 61, 4: 120, 5: 592}",0.48815676141257536,0.9999988045100575,0.9999927608539898,0.9999999931232413,,max_iter,,,,,,,,,,,,,,,stratified_labeled_val,6,True,51,117,"{1.:1225,2.:562,3.:1085,4.:500,5.:566,7.:1206}","{1.:117,2.:56,3.:104,4.:51,5.:57,7.:115}","{1.:23,2.:11,3.:21,4.:10,5.:12,7.:23}","{1.:306,2.:141,3.:271,4.:125,5.:141,7.:302}","{1.:1108,2.:506,3.:981,4.:449,5.:509,7.:1091}",30.9598,success,,0.8506998444790047,0.8228619593313273,0.8273795861023054,0.8909253876558002,0.9665427808352414,
2026-07-07T11:07:07.887292+00:00,satimage,182,self_training_lightgbm,1,50,5094,40,10,1286,6,36,36,0.0,0.0,0.0,"{0: 9, 1: 5, 2: 8, 3: 5, 4: 5, 5: 8}",0.0,,,,,no_candidates,,,,,,,,,,,,,,,stratified_labeled_val,6,True,6,11,"{1.:1225,2.:562,3.:1085,4.:500,5.:566,7.:1206}","{1.:11,2.:6,3.:10,4.:6,5.:7,7.:10}","{1.:2,2.:1,3.:2,4.:1,5.:2,7.:2}","{1.:306,2.:141,3.:271,4.:125,5.:141,7.:302}","{1.:1214,2.:556,3.:1075,4.:494,5.:559,7.:1196}",0.9422,success,,0.6671850699844479,0.5689677555048722,0.519249395683265,1.1612682349328198,0.8848596117159467,
2026-07-07T11:07:08.838508+00:00,satimage,182,self_training_lightgbm,1,100,5044,80,20,1286,6,36,36,2462.0,646.0,3.0,"{0: 899, 1: 201, 2: 629, 3: 24, 4: 55, 5: 734}",0.4881046788263283,0.9999938299825311,0.9999827207935436,0.9999998555807565,,max_iter,,,,,,,,,,,,,,,stratified_labeled_val,6,True,12,22,"{1.:1225,2.:562,3.:1085,4.:500,5.:566,7.:1206}","{1.:22,2.:12,3.:20,4.:12,5.:13,7.:21}","{1.:4,2.:3,3.:4,4.:2,5.:3,7.:4}","{1.:306,2.:141,3.:271,4.:125,5.:141,7.:302}","{1.:1203,2.:550,3.:1065,4.:488,5.:553,7.:1185}",21.0652,success,,0.8102643856920684,0.763050475772214,0.7687951527230211,1.4045151398438847,0.9441143872273606,
2026-07-07T11:07:29.914172+00:00,satimage,182,self_training_lightgbm,1,250,4894,200,50,1286,6,36,36,2389.0,627.0,3.0,"{0: 742, 1: 387, 2: 495, 3: 26, 4: 83, 5: 856}",0.4881487535758071,0.9999974893827313,0.9999892267816272,0.9999999862749318,,max_iter,,,,,,,,,,,,,,,stratified_labeled_val,6,True,26,57,"{1.:1225,2.:562,3.:1085,4.:500,5.:566,7.:1206}","{1.:57,2.:29,3.:52,4.:26,5.:29,7.:57}","{1.:11,2.:6,3.:10,4.:5,5.:6,7.:12}","{1.:306,2.:141,3.:271,4.:125,5.:141,7.:302}","{1.:1168,2.:533,3.:1033,4.:474,5.:537,7.:1149}",27.8212,success,,0.8312597200622084,0.7794936631684447,0.7840871248112035,1.1985917189095938,0.957587472761002,
2026-07-07T11:07:57.746560+00:00,satimage,182,self_training_lightgbm,1,500,4644,400,100,1286,6,36,36,2267.0,595.0,3.0,"{0: 742, 1: 416, 2: 449, 3: 48, 4: 232, 5: 780}",0.48815676141257536,0.9999991583123672,0.9999947100944347,0.9999999956282124,,max_iter,,,,,,,,,,,,,,,stratified_labeled_val,6,True,51,117,"{1.:1225,2.:562,3.:1085,4.:500,5.:566,7.:1206}","{1.:117,2.:56,3.:104,4.:51,5.:57,7.:115}","{1.:23,2.:11,3.:21,4.:10,5.:12,7.:23}","{1.:306,2.:141,3.:271,4.:125,5.:141,7.:302}","{1.:1108,2.:506,3.:981,4.:449,5.:509,7.:1091}",34.595,success,,0.880248833592535,0.8473136203132761,0.8541368008400151,0.7066739587156371,0.9765234255581307,
2026-07-07T11:08:32.364498+00:00,satimage,182,self_training_lightgbm,2,50,5094,40,10,1286,6,36,36,0.0,0.0,0.0,"{0: 9, 1: 5, 2: 8, 3: 5, 4: 5, 5: 8}",0.0,,,,,no_candidates,,,,,,,,,,,,,,,stratified_labeled_val,6,True,6,11,"{1.:1225,2.:562,3.:1085,4.:500,5.:566,7.:1206}","{1.:11,2.:6,3.:10,4.:6,5.:7,7.:10}","{1.:2,2.:1,3.:2,4.:1,5.:2,7.:2}","{1.:306,2.:141,3.:271,4.:125,5.:141,7.:302}","{1.:1214,2.:556,3.:1075,4.:494,5.:559,7.:1196}",1.4563,success,,0.6547433903576982,0.5642049717981618,0.5455668970595718,1.1645136783472234,0.8845801393461751,
2026-07-07T11:08:33.830732+00:00,satimage,182,self_training_lightgbm,2,100,5044,80,20,1286,6,36,36,2462.0,646.0,3.0,"{0: 859, 1: 17, 2: 763, 3: 11, 4: 148, 5: 744}",0.4881046788263283,0.9999957315431479,0.9999762573126298,0.9999998663045416,,max_iter,,,,,,,,,,,,,,,stratified_labeled_val,6,True,12,22,"{1.:1225,2.:562,3.:1085,4.:500,5.:566,7.:1206}","{1.:22,2.:12,3.:20,4.:12,5.:13,7.:21}","{1.:4,2.:3,3.:4,4.:2,5.:3,7.:4}","{1.:306,2.:141,3.:271,4.:125,5.:141,7.:302}","{1.:1203,2.:550,3.:1065,4.:488,5.:553,7.:1185}",28.861,success,,0.8040435458786936,0.7614158247554345,0.7616302545418957,1.541903857968862,0.9360697589915822,
2026-07-07T11:09:02.701301+00:00,satimage,182,self_training_lightgbm,2,250,4894,200,50,1286,6,36,36,2389.0,627.0,3.0,"{0: 891, 1: 144, 2: 804, 3: 37, 4: 235, 5: 478}",0.4881487535758071,0.999996699339628,0.9999819224206408,0.999999973262135,,max_iter,,,,,,,,,,,,,,,stratified_labeled_val,6,True,26,57,"{1.:1225,2.:562,3.:1085,4.:500,5.:566,7.:1206}","{1.:57,2.:29,3.:52,4.:26,5.:29,7.:57}","{1.:11,2.:6,3.:10,4.:5,5.:6,7.:12}","{1.:306,2.:141,3.:271,4.:125,5.:141,7.:302}","{1.:1168,2.:533,3.:1033,4.:474,5.:537,7.:1149}",39.2004,success,,0.8273716951788491,0.7902167503150497,0.7904634207597375,1.2263232446251628,0.9489312946426461,
2026-07-07T11:09:41.954321+00:00,satimage,182,self_training_lightgbm,2,500,4644,400,100,1286,6,36,36,2267.0,595.0,3.0,"{0: 839, 1: 344, 2: 709, 3: 44, 4: 238, 5: 493}",0.48815676141257536,0.9999990438404903,0.9999948932799796,0.9999999874179825,,max_iter,,,,,,,,,,,,,,,stratified_labeled_val,6,True,51,117,"{1.:1225,2.:562,3.:1085,4.:500,5.:566,7.:1206}","{1.:117,2.:56,3.:104,4.:51,5.:57,7.:115}","{1.:23,2.:11,3.:21,4.:10,5.:12,7.:23}","{1.:306,2.:141,3.:271,4.:125,5.:141,7.:302}","{1.:1108,2.:506,3.:981,4.:449,5.:509,7.:1091}",41.6502,success,,0.8639191290824261,0.8305260753095723,0.8330142282282423,0.8899420874306808,0.9710427018295199,
2026-07-07T11:10:23.615126+00:00,satimage,182,self_training_catboost,0,50,5094,40,10,1286,6,36,36,0.0,0.0,0.0,"{0: 9, 1: 5, 2: 8, 3: 5, 4: 5, 5: 8}",0.0,,,,,no_candidates,,,,,,,,,,,,,,,stratified_labeled_val,6,True,6,11,"{1.:1225,2.:562,3.:1085,4.:500,5.:566,7.:1206}","{1.:11,2.:6,3.:10,4.:6,5.:7,7.:10}","{1.:2,2.:1,3.:2,4.:1,5.:2,7.:2}","{1.:306,2.:141,3.:271,4.:125,5.:141,7.:302}","{1.:1214,2.:556,3.:1075,4.:494,5.:559,7.:1196}",2.2359,success,,0.8032659409020217,0.7637570229070878,0.7729313598285104,0.7251785757011993,0.9547601637163838,
2026-07-07T11:10:25.869359+00:00,satimage,182,self_training_catboost,0,100,5044,80,20,1286,6,36,36,0.0,0.0,0.0,"{0: 18, 1: 9, 2: 16, 3: 10, 4: 10, 5: 17}",0.0,,,,,no_candidates,,,,,,,,,,,,,,,stratified_labeled_val,6,True,12,22,"{1.:1225,2.:562,3.:1085,4.:500,5.:566,7.:1206}","{1.:22,2.:12,3.:20,4.:12,5.:13,7.:21}","{1.:4,2.:3,3.:4,4.:2,5.:3,7.:4}","{1.:306,2.:141,3.:271,4.:125,5.:141,7.:302}","{1.:1203,2.:550,3.:1065,4.:488,5.:553,7.:1185}",4.0807,success,,0.8110419906687403,0.774471543922616,0.7767908613376839,0.6200274075568479,0.9592246891801052,
2026-07-07T11:10:29.965477+00:00,satimage,182,self_training_catboost,0,250,4894,200,50,1286,6,36,36,909.0,307.0,3.0,"{0: 601, 1: 376, 2: 42, 3: 21, 4: 23, 5: 46}",0.18573763792398856,0.9824992966774567,0.970007516206115,0.9948903898422923,,max_iter,,,,,,,,,,,,,,,stratified_labeled_val,6,True,26,57,"{1.:1225,2.:562,3.:1085,4.:500,5.:566,7.:1206}","{1.:57,2.:29,3.:52,4.:26,5.:29,7.:57}","{1.:12,2.:6,3.:10,4.:5,5.:6,7.:11}","{1.:306,2.:141,3.:271,4.:125,5.:141,7.:302}","{1.:1168,2.:533,3.:1033,4.:474,5.:537,7.:1149}",9.2864,success,,0.8258164852255054,0.7815038386154844,0.7916254174999339,0.5363273985171985,0.9600820871110017,
2026-07-07T11:10:39.266781+00:00,satimage,182,self_training_catboost,0,500,4644,400,100,1286,6,36,36,930.0,120.0,3.0,"{0: 665, 1: 403, 2: 83, 3: 41, 4: 45, 5: 93}",0.20025839793281655,0.9819068792049218,0.9700549034106557,0.9938771791339245,,max_iter,,,,,,,,,,,,,,,stratified_labeled_val,6,True,51,117,"{1.:1225,2.:562,3.:1085,4.:500,5.:566,7.:1206}","{1.:117,2.:56,3.:104,4.:51,5.:57,7.:115}","{1.:23,2.:11,3.:21,4.:10,5.:12,7.:23}","{1.:306,2.:141,3.:271,4.:125,5.:141,7.:302}","{1.:1108,2.:506,3.:981,4.:449,5.:509,7.:1091}",10.5209,success,,0.8328149300155521,0.796708782428468,0.8004580926024477,0.4884802130209264,0.9660739815111669,
2026-07-07T11:10:49.796245+00:00,satimage,182,self_training_catboost,1,50,5094,40,10,1286,6,36,36,0.0,0.0,0.0,"{0: 9, 1: 5, 2: 8, 3: 5, 4: 5, 5: 8}",0.0,,,,,no_candidates,,,,,,,,,,,,,,,stratified_labeled_val,6,True,6,11,"{1.:1225,2.:562,3.:1085,4.:500,5.:566,7.:1206}","{1.:11,2.:6,3.:10,4.:6,5.:7,7.:10}","{1.:2,2.:1,3.:2,4.:1,5.:2,7.:2}","{1.:306,2.:141,3.:271,4.:125,5.:141,7.:302}","{1.:1214,2.:556,3.:1075,4.:494,5.:559,7.:1196}",1.6291,success,,0.7721617418351477,0.7042176607888356,0.7031735931966425,0.8140316356207443,0.9434996275905901,
2026-07-07T11:10:51.432624+00:00,satimage,182,self_training_catboost,1,100,5044,80,20,1286,6,36,36,0.0,0.0,0.0,"{0: 18, 1: 9, 2: 16, 3: 10, 4: 10, 5: 17}",0.0,,,,,no_candidates,,,,,,,,,,,,,,,stratified_labeled_val,6,True,12,22,"{1.:1225,2.:562,3.:1085,4.:500,5.:566,7.:1206}","{1.:22,2.:12,3.:20,4.:12,5.:13,7.:21}","{1.:4,2.:3,3.:4,4.:2,5.:3,7.:4}","{1.:306,2.:141,3.:271,4.:125,5.:141,7.:302}","{1.:1203,2.:550,3.:1065,4.:488,5.:553,7.:1185}",3.8622,success,,0.8211508553654744,0.7773002111095136,0.7844311939424639,0.5840185811428283,0.9669601281389434,
2026-07-07T11:10:55.308973+00:00,satimage,182,self_training_catboost,1,250,4894,200,50,1286,6,36,36,327.0,250.0,3.0,"{0: 373, 1: 23, 2: 42, 3: 21, 4: 23, 5: 45}",0.06681651001225991,0.980414133391331,0.9700228251435139,0.9891948679618178,,max_iter,,,,,,,,,,,,,,,stratified_labeled_val,6,True,26,57,"{1.:1225,2.:562,3.:1085,4.:500,5.:566,7.:1206}","{1.:57,2.:29,3.:52,4.:26,5.:29,7.:57}","{1.:11,2.:6,3.:10,4.:5,5.:6,7.:12}","{1.:306,2.:141,3.:271,4.:125,5.:141,7.:302}","{1.:1168,2.:533,3.:1033,4.:474,5.:537,7.:1149}",9.3465,success,,0.8398133748055988,0.7823908459601965,0.7913545341426587,0.48955001993802405,0.968723398860392,
2026-07-07T11:11:04.665839+00:00,satimage,182,self_training_catboost,1,500,4644,400,100,1286,6,36,36,1444.0,266.0,3.0,"{0: 599, 1: 399, 2: 83, 3: 41, 4: 45, 5: 677}",0.31093884582256676,0.9800927616701333,0.9701119029414735,0.9943235804616377,,max_iter,,,,,,,,,,,,,,,stratified_labeled_val,6,True,51,117,"{1.:1225,2.:562,3.:1085,4.:500,5.:566,7.:1206}","{1.:117,2.:56,3.:104,4.:51,5.:57,7.:115}","{1.:23,2.:11,3.:21,4.:10,5.:12,7.:23}","{1.:306,2.:141,3.:271,4.:125,5.:141,7.:302}","{1.:1108,2.:506,3.:981,4.:449,5.:509,7.:1091}",9.8957,success,,0.8576982892690513,0.8126832734758068,0.8244434483509333,0.4221909456190599,0.972981521170934,
2026-07-07T11:11:14.576011+00:00,satimage,182,self_training_catboost,2,50,5094,40,10,1286,6,36,36,0.0,0.0,0.0,"{0: 9, 1: 5, 2: 8, 3: 5, 4: 5, 5: 8}",0.0,,,,,no_candidates,,,,,,,,,,,,,,,stratified_labeled_val,6,True,6,11,"{1.:1225,2.:562,3.:1085,4.:500,5.:566,7.:1206}","{1.:11,2.:6,3.:10,4.:6,5.:7,7.:10}","{1.:2,2.:1,3.:2,4.:1,5.:2,7.:2}","{1.:306,2.:141,3.:271,4.:125,5.:141,7.:302}","{1.:1214,2.:556,3.:1075,4.:494,5.:559,7.:1196}",2.5096,success,,0.8390357698289269,0.7826368733978847,0.7926637769387886,0.6944823821868392,0.9533238176158796,
2026-07-07T11:11:17.098585+00:00,satimage,182,self_training_catboost,2,100,5044,80,20,1286,6,36,36,0.0,0.0,0.0,"{0: 18, 1: 9, 2: 16, 3: 10, 4: 10, 5: 17}",0.0,,,,,no_candidates,,,,,,,,,,,,,,,stratified_labeled_val,6,True,12,22,"{1.:1225,2.:562,3.:1085,4.:500,5.:566,7.:1206}","{1.:22,2.:12,3.:20,4.:12,5.:13,7.:21}","{1.:4,2.:3,3.:4,4.:2,5.:3,7.:4}","{1.:306,2.:141,3.:271,4.:125,5.:141,7.:302}","{1.:1203,2.:550,3.:1065,4.:488,5.:553,7.:1185}",3.592,success,,0.8265940902021773,0.7816833661083892,0.7866105347458129,0.5791559047601337,0.96096106739845,
2026-07-07T11:11:20.697287+00:00,satimage,182,self_training_catboost,2,250,4894,200,50,1286,6,36,36,573.0,207.0,3.0,"{0: 619, 1: 23, 2: 42, 3: 21, 4: 23, 5: 45}",0.11708214139762975,0.9832494257577779,0.9700475768212369,0.994541942781475,,max_iter,,,,,,,,,,,,,,,stratified_labeled_val,6,True,26,57,"{1.:1225,2.:562,3.:1085,4.:500,5.:566,7.:1206}","{1.:57,2.:29,3.:52,4.:26,5.:29,7.:57}","{1.:11,2.:6,3.:10,4.:5,5.:6,7.:12}","{1.:306,2.:141,3.:271,4.:125,5.:141,7.:302}","{1.:1168,2.:533,3.:1033,4.:474,5.:537,7.:1149}",9.875,success,,0.8468118195956454,0.7988841252870861,0.808323219630113,0.49252452883611764,0.9644276525998872,
2026-07-07T11:11:30.580045+00:00,satimage,182,self_training_catboost,2,500,4644,400,100,1286,6,36,36,944.0,138.0,3.0,"{0: 696, 1: 387, 2: 83, 3: 41, 4: 45, 5: 92}",0.20327304048234282,0.9809611289237641,0.9700521194896095,0.9941838589376768,,max_iter,,,,,,,,,,,,,,,stratified_labeled_val,6,True,51,117,"{1.:1225,2.:562,3.:1085,4.:500,5.:566,7.:1206}","{1.:117,2.:56,3.:104,4.:51,5.:57,7.:115}","{1.:23,2.:11,3.:21,4.:10,5.:12,7.:23}","{1.:306,2.:141,3.:271,4.:125,5.:141,7.:302}","{1.:1108,2.:506,3.:981,4.:449,5.:509,7.:1091}",9.7735,success,,0.8569206842923794,0.8077759610033447,0.8152309882376939,0.43212860034372286,0.9706087126607813,
2026-07-07T11:11:40.362526+00:00,satimage,182,rpl_lr,0,50,5094,40,10,1286,6,36,36,,,,,,,,,,,,,,,,,,,,,,,,,stratified_labeled_val,6,True,6,11,"{1.:1225,2.:562,3.:1085,4.:500,5.:566,7.:1206}","{1.:11,2.:6,3.:10,4.:6,5.:7,7.:10}","{1.:2,2.:1,3.:2,4.:1,5.:2,7.:2}","{1.:306,2.:141,3.:271,4.:125,5.:141,7.:302}","{1.:1214,2.:556,3.:1075,4.:494,5.:559,7.:1196}",0.6184,success,,0.7900466562986003,0.6997563942085337,0.6902437298231646,1.224422812461853,0.9493641476850208,
2026-07-07T11:11:40.988427+00:00,satimage,182,rpl_lr,0,100,5044,80,20,1286,6,36,36,,,,,,,,,,,,,,,,,,,,,,,,,stratified_labeled_val,6,True,12,22,"{1.:1225,2.:562,3.:1085,4.:500,5.:566,7.:1206}","{1.:22,2.:12,3.:20,4.:12,5.:13,7.:21}","{1.:4,2.:3,3.:4,4.:2,5.:3,7.:4}","{1.:306,2.:141,3.:271,4.:125,5.:141,7.:302}","{1.:1203,2.:550,3.:1065,4.:488,5.:553,7.:1185}",0.7314,success,,0.8017107309486781,0.7219157293843713,0.7045294645568349,1.0177206993103027,0.9546245999463513,
2026-07-07T11:11:41.726714+00:00,satimage,182,rpl_lr,0,250,4894,200,50,1286,6,36,36,,,,,,,,,,,,,,,,,,,,,,,,,stratified_labeled_val,6,True,26,57,"{1.:1225,2.:562,3.:1085,4.:500,5.:566,7.:1206}","{1.:57,2.:29,3.:52,4.:26,5.:29,7.:57}","{1.:12,2.:6,3.:10,4.:5,5.:6,7.:11}","{1.:306,2.:141,3.:271,4.:125,5.:141,7.:302}","{1.:1168,2.:533,3.:1033,4.:474,5.:537,7.:1149}",1.0848,success,,0.8203732503888025,0.7447473022744163,0.7474267663037216,0.747896134853363,0.9623394377113369,
2026-07-07T11:11:42.823244+00:00,satimage,182,rpl_lr,0,500,4644,400,100,1286,6,36,36,,,,,,,,,,,,,,,,,,,,,,,,,stratified_labeled_val,6,True,51,117,"{1.:1225,2.:562,3.:1085,4.:500,5.:566,7.:1206}","{1.:117,2.:56,3.:104,4.:51,5.:57,7.:115}","{1.:23,2.:11,3.:21,4.:10,5.:12,7.:23}","{1.:306,2.:141,3.:271,4.:125,5.:141,7.:302}","{1.:1108,2.:506,3.:981,4.:449,5.:509,7.:1091}",1.3006,success,,0.8258164852255054,0.7561806725958746,0.7534159594871707,0.5624691843986511,0.9662710679338803,
2026-07-07T11:11:44.136475+00:00,satimage,182,rpl_lr,1,50,5094,40,10,1286,6,36,36,,,,,,,,,,,,,,,,,,,,,,,,,stratified_labeled_val,6,True,6,11,"{1.:1225,2.:562,3.:1085,4.:500,5.:566,7.:1206}","{1.:11,2.:6,3.:10,4.:6,5.:7,7.:10}","{1.:2,2.:1,3.:2,4.:1,5.:2,7.:2}","{1.:306,2.:141,3.:271,4.:125,5.:141,7.:302}","{1.:1214,2.:556,3.:1075,4.:494,5.:559,7.:1196}",1.3601,success,,0.8195956454121306,0.7312287423586771,0.7053642864239302,1.1023454666137695,0.9522629622126687,
2026-07-07T11:11:45.510055+00:00,satimage,182,rpl_lr,1,100,5044,80,20,1286,6,36,36,,,,,,,,,,,,,,,,,,,,,,,,,stratified_labeled_val,6,True,12,22,"{1.:1225,2.:562,3.:1085,4.:500,5.:566,7.:1206}","{1.:22,2.:12,3.:20,4.:12,5.:13,7.:21}","{1.:4,2.:3,3.:4,4.:2,5.:3,7.:4}","{1.:306,2.:141,3.:271,4.:125,5.:141,7.:302}","{1.:1203,2.:550,3.:1065,4.:488,5.:553,7.:1185}",1.2579,success,,0.8133748055987559,0.736476227387465,0.7354405793794894,0.9613048434257507,0.9547927338654016,
2026-07-07T11:11:46.780794+00:00,satimage,182,rpl_lr,1,250,4894,200,50,1286,6,36,36,,,,,,,,,,,,,,,,,,,,,,,,,stratified_labeled_val,6,True,26,57,"{1.:1225,2.:562,3.:1085,4.:500,5.:566,7.:1206}","{1.:57,2.:29,3.:52,4.:26,5.:29,7.:57}","{1.:11,2.:6,3.:10,4.:5,5.:6,7.:12}","{1.:306,2.:141,3.:271,4.:125,5.:141,7.:302}","{1.:1168,2.:533,3.:1033,4.:474,5.:537,7.:1149}",1.8014,success,,0.8102643856920684,0.7367236982191977,0.7318407549227256,0.732863187789917,0.9624521432158518,
2026-07-07T11:11:48.595601+00:00,satimage,182,rpl_lr,1,500,4644,400,100,1286,6,36,36,,,,,,,,,,,,,,,,,,,,,,,,,stratified_labeled_val,6,True,51,117,"{1.:1225,2.:562,3.:1085,4.:500,5.:566,7.:1206}","{1.:117,2.:56,3.:104,4.:51,5.:57,7.:115}","{1.:23,2.:11,3.:21,4.:10,5.:12,7.:23}","{1.:306,2.:141,3.:271,4.:125,5.:141,7.:302}","{1.:1108,2.:506,3.:981,4.:449,5.:509,7.:1091}",1.5128,success,,0.8390357698289269,0.7731317506518289,0.7738418265631731,0.5317972898483276,0.9708395039399887,
2026-07-07T11:11:50.122058+00:00,satimage,182,rpl_lr,2,50,5094,40,10,1286,6,36,36,,,,,,,,,,,,,,,,,,,,,,,,,stratified_labeled_val,6,True,6,11,"{1.:1225,2.:562,3.:1085,4.:500,5.:566,7.:1206}","{1.:11,2.:6,3.:10,4.:6,5.:7,7.:10}","{1.:2,2.:1,3.:2,4.:1,5.:2,7.:2}","{1.:306,2.:141,3.:271,4.:125,5.:141,7.:302}","{1.:1214,2.:556,3.:1075,4.:494,5.:559,7.:1196}",1.1027,success,,0.8133748055987559,0.7351181869943507,0.7262040954972006,1.1233410835266113,0.957011497592581,
2026-07-07T11:11:51.237174+00:00,satimage,182,rpl_lr,2,100,5044,80,20,1286,6,36,36,,,,,,,,,,,,,,,,,,,,,,,,,stratified_labeled_val,6,True,12,22,"{1.:1225,2.:562,3.:1085,4.:500,5.:566,7.:1206}","{1.:22,2.:12,3.:20,4.:12,5.:13,7.:21}","{1.:4,2.:3,3.:4,4.:2,5.:3,7.:4}","{1.:306,2.:141,3.:271,4.:125,5.:141,7.:302}","{1.:1203,2.:550,3.:1065,4.:488,5.:553,7.:1185}",1.1419,success,,0.8195956454121306,0.7484545921951634,0.7358920087099926,0.9954088926315308,0.9588308410844469,
2026-07-07T11:11:52.392221+00:00,satimage,182,rpl_lr,2,250,4894,200,50,1286,6,36,36,,,,,,,,,,,,,,,,,,,,,,,,,stratified_labeled_val,6,True,26,57,"{1.:1225,2.:562,3.:1085,4.:500,5.:566,7.:1206}","{1.:57,2.:29,3.:52,4.:26,5.:29,7.:57}","{1.:11,2.:6,3.:10,4.:5,5.:6,7.:12}","{1.:306,2.:141,3.:271,4.:125,5.:141,7.:302}","{1.:1168,2.:533,3.:1033,4.:474,5.:537,7.:1149}",1.6746,success,,0.8203732503888025,0.7531613158524534,0.7441530856919009,0.7742075324058533,0.9595423767306736,
2026-07-07T11:11:54.081433+00:00,satimage,182,rpl_lr,2,500,4644,400,100,1286,6,36,36,,,,,,,,,,,,,,,,,,,,,,,,,stratified_labeled_val,6,True,51,117,"{1.:1225,2.:562,3.:1085,4.:500,5.:566,7.:1206}","{1.:117,2.:56,3.:104,4.:51,5.:57,7.:115}","{1.:23,2.:11,3.:21,4.:10,5.:12,7.:23}","{1.:306,2.:141,3.:271,4.:125,5.:141,7.:302}","{1.:1108,2.:506,3.:981,4.:449,5.:509,7.:1091}",2.281,success,,0.8297045101088647,0.7628346230603738,0.758092759167306,0.6362695097923279,0.9636701413088763,
2026-07-07T11:11:56.376597+00:00,satimage,182,rpl_lite_xgboost,0,50,5094,40,10,1286,6,36,36,2486.0,652.0,3.0,"{5: 742, 2: 1117, 0: 627}",0.48802512760109934,0.9805321798915356,,,0.5997302721186059,max_iter,,,,,,,,,,,,,,,stratified_labeled_val,6,True,6,11,"{1.:1225,2.:562,3.:1085,4.:500,5.:566,7.:1206}","{1.:11,2.:6,3.:10,4.:6,5.:7,7.:10}","{1.:2,2.:1,3.:2,4.:1,5.:2,7.:2}","{1.:306,2.:141,3.:271,4.:125,5.:141,7.:302}","{1.:1214,2.:556,3.:1075,4.:494,5.:559,7.:1196}",14.1853,success,,0.7566096423017107,0.6710188039339192,0.6738665508279807,1.2542628049850464,0.893589579259431,
2026-07-07T11:12:10.572104+00:00,satimage,182,rpl_lite_xgboost,0,100,5044,80,20,1286,6,36,36,2462.0,646.0,3.0,"{5: 538, 2: 882, 3: 186, 0: 650, 4: 165, 1: 41}",0.4881046788263283,0.9881654932283949,,,0.5623669821375795,max_iter,,,,,,,,,,,,,,,stratified_labeled_val,6,True,12,22,"{1.:1225,2.:562,3.:1085,4.:500,5.:566,7.:1206}","{1.:22,2.:12,3.:20,4.:12,5.:13,7.:21}","{1.:4,2.:3,3.:4,4.:2,5.:3,7.:4}","{1.:306,2.:141,3.:271,4.:125,5.:141,7.:302}","{1.:1203,2.:550,3.:1065,4.:488,5.:553,7.:1185}",14.0939,success,,0.7643856920684292,0.7449077466510893,0.7431726335245735,1.052718997001648,0.9250956988037329,
2026-07-07T11:12:24.688565+00:00,satimage,182,rpl_lite_xgboost,0,250,4894,200,50,1286,6,36,36,2389.0,627.0,3.0,"{5: 613, 0: 805, 2: 708, 4: 42, 3: 3, 1: 218}",0.4881487535758071,0.997260630180667,,,0.5896208960190474,max_iter,,,,,,,,,,,,,,,stratified_labeled_val,6,True,26,57,"{1.:1225,2.:562,3.:1085,4.:500,5.:566,7.:1206}","{1.:57,2.:29,3.:52,4.:26,5.:29,7.:57}","{1.:12,2.:6,3.:10,4.:5,5.:6,7.:11}","{1.:306,2.:141,3.:271,4.:125,5.:141,7.:302}","{1.:1168,2.:533,3.:1033,4.:474,5.:537,7.:1149}",17.9466,success,,0.8141524105754276,0.7741453168070734,0.783121169159929,0.708138108253479,0.9535415838900532,
2026-07-07T11:12:42.649166+00:00,satimage,182,rpl_lite_xgboost,0,500,4644,400,100,1286,6,36,36,2267.0,595.0,3.0,"{5: 555, 0: 766, 2: 591, 4: 21, 1: 332, 3: 2}",0.48815676141257536,0.9984943823610364,,,0.5927250812893478,max_iter,,,,,,,,,,,,,,,stratified_labeled_val,6,True,51,117,"{1.:1225,2.:562,3.:1085,4.:500,5.:566,7.:1206}","{1.:117,2.:56,3.:104,4.:51,5.:57,7.:115}","{1.:23,2.:11,3.:21,4.:10,5.:12,7.:23}","{1.:306,2.:141,3.:271,4.:125,5.:141,7.:302}","{1.:1108,2.:506,3.:981,4.:449,5.:509,7.:1091}",24.2164,success,,0.8421461897356143,0.8140291179361937,0.8169839050270941,0.5577372908592224,0.9666221523859894,
2026-07-07T11:13:06.877157+00:00,satimage,182,rpl_lite_xgboost,1,50,5094,40,10,1286,6,36,36,2486.0,652.0,3.0,"{5: 951, 0: 535, 2: 665, 3: 6, 1: 327, 4: 2}",0.48802512760109934,0.9749487823808951,,,0.542847350527378,max_iter,,,,,,,,,,,,,,,stratified_labeled_val,6,True,6,11,"{1.:1225,2.:562,3.:1085,4.:500,5.:566,7.:1206}","{1.:11,2.:6,3.:10,4.:6,5.:7,7.:10}","{1.:2,2.:1,3.:2,4.:1,5.:2,7.:2}","{1.:306,2.:141,3.:271,4.:125,5.:141,7.:302}","{1.:1214,2.:556,3.:1075,4.:494,5.:559,7.:1196}",16.1822,success,,0.6905132192846034,0.591718826309488,0.579649237479369,1.5588040351867676,0.8654036518473348,
2026-07-07T11:13:23.078289+00:00,satimage,182,rpl_lite_xgboost,1,100,5044,80,20,1286,6,36,36,2462.0,646.0,3.0,"{5: 1003, 2: 613, 3: 54, 0: 774, 4: 18}",0.4881046788263283,0.9926355592270967,,,0.598207474661312,max_iter,,,,,,,,,,,,,,,stratified_labeled_val,6,True,12,22,"{1.:1225,2.:562,3.:1085,4.:500,5.:566,7.:1206}","{1.:22,2.:12,3.:20,4.:12,5.:13,7.:21}","{1.:4,2.:3,3.:4,4.:2,5.:3,7.:4}","{1.:306,2.:141,3.:271,4.:125,5.:141,7.:302}","{1.:1203,2.:550,3.:1065,4.:488,5.:553,7.:1185}",17.0603,success,,0.7986003110419907,0.7438315071472484,0.7557166495383734,0.95228511095047,0.9252651402465698,
2026-07-07T11:13:40.148675+00:00,satimage,182,rpl_lite_xgboost,1,250,4894,200,50,1286,6,36,36,2389.0,627.0,3.0,"{5: 949, 2: 333, 0: 683, 4: 38, 1: 384, 3: 2}",0.4881487535758071,0.9973503379654116,,,0.5693241544821883,max_iter,,,,,,,,,,,,,,,stratified_labeled_val,6,True,26,57,"{1.:1225,2.:562,3.:1085,4.:500,5.:566,7.:1206}","{1.:57,2.:29,3.:52,4.:26,5.:29,7.:57}","{1.:11,2.:6,3.:10,4.:5,5.:6,7.:12}","{1.:306,2.:141,3.:271,4.:125,5.:141,7.:302}","{1.:1168,2.:533,3.:1033,4.:474,5.:537,7.:1149}",17.8304,success,,0.8328149300155521,0.7815170398147798,0.7869821117469097,0.7670053839683533,0.9464909055706069,
2026-07-07T11:13:57.990134+00:00,satimage,182,rpl_lite_xgboost,1,500,4644,400,100,1286,6,36,36,2267.0,595.0,3.0,"{5: 746, 2: 361, 0: 663, 4: 120, 1: 375, 3: 2}",0.48815676141257536,0.9986748112210314,,,0.5715725116925335,max_iter,,,,,,,,,,,,,,,stratified_labeled_val,6,True,51,117,"{1.:1225,2.:562,3.:1085,4.:500,5.:566,7.:1206}","{1.:117,2.:56,3.:104,4.:51,5.:57,7.:115}","{1.:23,2.:11,3.:21,4.:10,5.:12,7.:23}","{1.:306,2.:141,3.:271,4.:125,5.:141,7.:302}","{1.:1108,2.:506,3.:981,4.:449,5.:509,7.:1091}",20.8326,success,,0.8732503888024883,0.8389636926777587,0.8461624208128874,0.4545682966709137,0.9751446683382671,
2026-07-07T11:14:18.846633+00:00,satimage,182,rpl_lite_xgboost,2,50,5094,40,10,1286,6,36,36,2486.0,652.0,3.0,"{5: 1016, 0: 677, 2: 748, 4: 12, 3: 33}",0.48802512760109934,0.9769609424009116,,,0.5534149829399075,max_iter,,,,,,,,,,,,,,,stratified_labeled_val,6,True,6,11,"{1.:1225,2.:562,3.:1085,4.:500,5.:566,7.:1206}","{1.:11,2.:6,3.:10,4.:6,5.:7,7.:10}","{1.:2,2.:1,3.:2,4.:1,5.:2,7.:2}","{1.:306,2.:141,3.:271,4.:125,5.:141,7.:302}","{1.:1214,2.:556,3.:1075,4.:494,5.:559,7.:1196}",13.0517,success,,0.7799377916018663,0.7151769763128591,0.7316667808241869,1.1173490285873413,0.904771820436832,
2026-07-07T11:14:31.908305+00:00,satimage,182,rpl_lite_xgboost,2,100,5044,80,20,1286,6,36,36,2462.0,646.0,3.0,"{5: 839, 0: 811, 2: 756, 3: 4, 4: 52}",0.4881046788263283,0.9920007958342446,,,0.561807977183023,max_iter,,,,,,,,,,,,,,,stratified_labeled_val,6,True,12,22,"{1.:1225,2.:562,3.:1085,4.:500,5.:566,7.:1206}","{1.:22,2.:12,3.:20,4.:12,5.:13,7.:21}","{1.:4,2.:3,3.:4,4.:2,5.:3,7.:4}","{1.:306,2.:141,3.:271,4.:125,5.:141,7.:302}","{1.:1203,2.:550,3.:1065,4.:488,5.:553,7.:1185}",14.3945,success,,0.7869362363919129,0.7390680348839477,0.7427809749163408,0.9344558119773865,0.9326269358179612,
2026-07-07T11:14:46.312571+00:00,satimage,182,rpl_lite_xgboost,2,250,4894,200,50,1286,6,36,36,2389.0,627.0,3.0,"{5: 521, 2: 864, 0: 818, 3: 5, 4: 180, 1: 1}",0.4881487535758071,0.996982473042681,,,0.5639130715650553,max_iter,,,,,,,,,,,,,,,stratified_labeled_val,6,True,26,57,"{1.:1225,2.:562,3.:1085,4.:500,5.:566,7.:1206}","{1.:57,2.:29,3.:52,4.:26,5.:29,7.:57}","{1.:11,2.:6,3.:10,4.:5,5.:6,7.:12}","{1.:306,2.:141,3.:271,4.:125,5.:141,7.:302}","{1.:1168,2.:533,3.:1033,4.:474,5.:537,7.:1149}",18.5844,success,,0.8413685847589425,0.7965186711190161,0.8036448180360559,0.6821304559707642,0.9562914900357442,
2026-07-07T11:15:04.915723+00:00,satimage,182,rpl_lite_xgboost,2,500,4644,400,100,1286,6,36,36,2267.0,595.0,3.0,"{5: 414, 0: 728, 2: 591, 3: 2, 1: 326, 4: 206}",0.48815676141257536,0.9985603862887813,,,0.5427079030357983,max_iter,,,,,,,,,,,,,,,stratified_labeled_val,6,True,51,117,"{1.:1225,2.:562,3.:1085,4.:500,5.:566,7.:1206}","{1.:117,2.:56,3.:104,4.:51,5.:57,7.:115}","{1.:23,2.:11,3.:21,4.:10,5.:12,7.:23}","{1.:306,2.:141,3.:271,4.:125,5.:141,7.:302}","{1.:1108,2.:506,3.:981,4.:449,5.:509,7.:1091}",20.1832,success,,0.854587869362364,0.825811855530331,0.8260965410792731,0.5287835597991943,0.9706156320225138,
2026-07-07T11:15:25.109347+00:00,satimage,182,sslae,0,50,5094,40,10,1286,6,36,36,,,,,,,,,,,,,,,sslae,style_baseline,supervised_autoencoder,45,55,,,0.1480477899312973,0.08620678633451462,internal_stratified_val,stratified_labeled_val,6,True,6,11,"{1.:1225,2.:562,3.:1085,4.:500,5.:566,7.:1206}","{1.:11,2.:6,3.:10,4.:6,5.:7,7.:10}","{1.:2,2.:1,3.:2,4.:1,5.:2,7.:2}","{1.:306,2.:141,3.:271,4.:125,5.:141,7.:302}","{1.:1214,2.:556,3.:1075,4.:494,5.:559,7.:1196}",30.3568,success,,0.7954898911353032,0.7559003965765386,0.7582960140440144,0.7044143887377263,0.9421337213164982,
2026-07-07T11:15:55.474630+00:00,satimage,182,sslae,0,100,5044,80,20,1286,6,36,36,,,,,,,,,,,,,,,sslae,style_baseline,supervised_autoencoder,22,32,,,0.3408859968185425,0.30532708764076233,internal_stratified_val,stratified_labeled_val,6,True,12,22,"{1.:1225,2.:562,3.:1085,4.:500,5.:566,7.:1206}","{1.:22,2.:12,3.:20,4.:12,5.:13,7.:21}","{1.:4,2.:3,3.:4,4.:2,5.:3,7.:4}","{1.:306,2.:141,3.:271,4.:125,5.:141,7.:302}","{1.:1203,2.:550,3.:1065,4.:488,5.:553,7.:1185}",13.314,success,,0.812597200622084,0.7727157357387795,0.7784071656305468,0.49862312315417706,0.9637291992020404,
2026-07-07T11:16:08.798362+00:00,satimage,182,sslae,0,250,4894,200,50,1286,6,36,36,,,,,,,,,,,,,,,sslae,style_baseline,supervised_autoencoder,15,25,,,0.41057905554771423,0.45898324251174927,internal_stratified_val,stratified_labeled_val,6,True,26,57,"{1.:1225,2.:562,3.:1085,4.:500,5.:566,7.:1206}","{1.:57,2.:29,3.:52,4.:26,5.:29,7.:57}","{1.:12,2.:6,3.:10,4.:5,5.:6,7.:11}","{1.:306,2.:141,3.:271,4.:125,5.:141,7.:302}","{1.:1168,2.:533,3.:1033,4.:474,5.:537,7.:1149}",10.9222,success,,0.8227060653188181,0.7611584056204759,0.7705955703549323,0.48941677531542677,0.9653509985998662,
2026-07-07T11:16:19.729409+00:00,satimage,182,sslae,0,500,4644,400,100,1286,6,36,36,,,,,,,,,,,,,,,sslae,style_baseline,supervised_autoencoder,38,48,,,0.377342164516449,0.3244728744029999,internal_stratified_val,stratified_labeled_val,6,True,51,117,"{1.:1225,2.:562,3.:1085,4.:500,5.:566,7.:1206}","{1.:117,2.:56,3.:104,4.:51,5.:57,7.:115}","{1.:23,2.:11,3.:21,4.:10,5.:12,7.:23}","{1.:306,2.:141,3.:271,4.:125,5.:141,7.:302}","{1.:1108,2.:506,3.:981,4.:449,5.:509,7.:1091}",16.5657,success,,0.8475894245723172,0.8159084166290556,0.8152866342313955,0.40946399832063013,0.9718297054512289,
2026-07-07T11:16:36.303603+00:00,satimage,182,sslae,1,50,5094,40,10,1286,6,36,36,,,,,,,,,,,,,,,sslae,style_baseline,supervised_autoencoder,41,51,,,0.4451562166213989,0.19245019555091858,internal_stratified_val,stratified_labeled_val,6,True,6,11,"{1.:1225,2.:562,3.:1085,4.:500,5.:566,7.:1206}","{1.:11,2.:6,3.:10,4.:6,5.:7,7.:10}","{1.:2,2.:1,3.:2,4.:1,5.:2,7.:2}","{1.:306,2.:141,3.:271,4.:125,5.:141,7.:302}","{1.:1214,2.:556,3.:1075,4.:494,5.:559,7.:1196}",17.4597,success,,0.8141524105754276,0.7624584003452614,0.7525463680021977,0.585105456370534,0.9536663595693237,
2026-07-07T11:16:53.772279+00:00,satimage,182,sslae,1,100,5044,80,20,1286,6,36,36,,,,,,,,,,,,,,,sslae,style_baseline,supervised_autoencoder,54,64,,,0.20827189087867737,0.1743118315935135,internal_stratified_val,stratified_labeled_val,6,True,12,22,"{1.:1225,2.:562,3.:1085,4.:500,5.:566,7.:1206}","{1.:22,2.:12,3.:20,4.:12,5.:13,7.:21}","{1.:4,2.:3,3.:4,4.:2,5.:3,7.:4}","{1.:306,2.:141,3.:271,4.:125,5.:141,7.:302}","{1.:1203,2.:550,3.:1065,4.:488,5.:553,7.:1185}",22.8612,success,,0.8172628304821151,0.779460269477635,0.7782965375227993,0.5410353488511648,0.9616914173952172,
2026-07-07T11:17:16.643392+00:00,satimage,182,sslae,1,250,4894,200,50,1286,6,36,36,,,,,,,,,,,,,,,sslae,style_baseline,supervised_autoencoder,43,53,,,0.40227872133255005,0.3979234993457794,internal_stratified_val,stratified_labeled_val,6,True,26,57,"{1.:1225,2.:562,3.:1085,4.:500,5.:566,7.:1206}","{1.:57,2.:29,3.:52,4.:26,5.:29,7.:57}","{1.:11,2.:6,3.:10,4.:5,5.:6,7.:12}","{1.:306,2.:141,3.:271,4.:125,5.:141,7.:302}","{1.:1168,2.:533,3.:1033,4.:474,5.:537,7.:1149}",18.2935,success,,0.8320373250388803,0.7848427141853881,0.7842077598802081,0.43293730881577475,0.9693602082145832,
2026-07-07T11:17:34.958478+00:00,satimage,182,sslae,1,500,4644,400,100,1286,6,36,36,,,,,,,,,,,,,,,sslae,style_baseline,supervised_autoencoder,12,22,,,0.505433201789856,0.495012030005455,internal_stratified_val,stratified_labeled_val,6,True,51,117,"{1.:1225,2.:562,3.:1085,4.:500,5.:566,7.:1206}","{1.:117,2.:56,3.:104,4.:51,5.:57,7.:115}","{1.:23,2.:11,3.:21,4.:10,5.:12,7.:23}","{1.:306,2.:141,3.:271,4.:125,5.:141,7.:302}","{1.:1108,2.:506,3.:981,4.:449,5.:509,7.:1091}",10.168,success,,0.8242612752721618,0.7525314910470203,0.7516420210238076,0.4427801533515928,0.9688186647282389,
2026-07-07T11:17:45.136098+00:00,satimage,182,sslae,2,50,5094,40,10,1286,6,36,36,,,,,,,,,,,,,,,sslae,style_baseline,supervised_autoencoder,23,33,,,0.3343493342399597,0.17776453495025635,internal_stratified_val,stratified_labeled_val,6,True,6,11,"{1.:1225,2.:562,3.:1085,4.:500,5.:566,7.:1206}","{1.:11,2.:6,3.:10,4.:6,5.:7,7.:10}","{1.:2,2.:1,3.:2,4.:1,5.:2,7.:2}","{1.:306,2.:141,3.:271,4.:125,5.:141,7.:302}","{1.:1214,2.:556,3.:1075,4.:494,5.:559,7.:1196}",11.4609,success,,0.8017107309486781,0.7407715584652802,0.749366060388771,0.5258322807958412,0.9580585525507649,
2026-07-07T11:17:56.605501+00:00,satimage,182,sslae,2,100,5044,80,20,1286,6,36,36,,,,,,,,,,,,,,,sslae,style_baseline,supervised_autoencoder,29,39,,,0.41912972927093506,0.3124367892742157,internal_stratified_val,stratified_labeled_val,6,True,12,22,"{1.:1225,2.:562,3.:1085,4.:500,5.:566,7.:1206}","{1.:22,2.:12,3.:20,4.:12,5.:13,7.:21}","{1.:4,2.:3,3.:4,4.:2,5.:3,7.:4}","{1.:306,2.:141,3.:271,4.:125,5.:141,7.:302}","{1.:1203,2.:550,3.:1065,4.:488,5.:553,7.:1185}",15.3768,success,,0.8141524105754276,0.7836894063644557,0.785742081528772,0.5703423170928853,0.9568381585450388,
2026-07-07T11:18:11.991409+00:00,satimage,182,sslae,2,250,4894,200,50,1286,6,36,36,,,,,,,,,,,,,,,sslae,style_baseline,supervised_autoencoder,17,27,,,0.6182381510734558,0.341739296913147,internal_stratified_val,stratified_labeled_val,6,True,26,57,"{1.:1225,2.:562,3.:1085,4.:500,5.:566,7.:1206}","{1.:57,2.:29,3.:52,4.:26,5.:29,7.:57}","{1.:11,2.:6,3.:10,4.:5,5.:6,7.:12}","{1.:306,2.:141,3.:271,4.:125,5.:141,7.:302}","{1.:1168,2.:533,3.:1033,4.:474,5.:537,7.:1149}",11.8399,success,,0.8258164852255054,0.7698076639679994,0.7752776433078546,0.4565334094838085,0.9640150233815731,
2026-07-07T11:18:23.845630+00:00,satimage,182,sslae,2,500,4644,400,100,1286,6,36,36,,,,,,,,,,,,,,,sslae,style_baseline,supervised_autoencoder,23,33,,,0.46801814436912537,0.4125148057937622,internal_stratified_val,stratified_labeled_val,6,True,51,117,"{1.:1225,2.:562,3.:1085,4.:500,5.:566,7.:1206}","{1.:117,2.:56,3.:104,4.:51,5.:57,7.:115}","{1.:23,2.:11,3.:21,4.:10,5.:12,7.:23}","{1.:306,2.:141,3.:271,4.:125,5.:141,7.:302}","{1.:1108,2.:506,3.:981,4.:449,5.:509,7.:1091}",12.6444,success,,0.8475894245723172,0.8122035695509947,0.813125816490374,0.4350523211194811,0.9685688764440612,
2026-07-07T11:18:36.509115+00:00,satimage,182,scarf,0,50,5094,40,10,1286,6,36,36,,,,,,,,,,,,,,,scarf,paper_faithful_core,SCARF,48,58,50,58,0.17975255846977234,0.15033864974975586,internal_stratified_val,stratified_labeled_val,6,True,6,11,"{1.:1225,2.:562,3.:1085,4.:500,5.:566,7.:1206}","{1.:11,2.:6,3.:10,4.:6,5.:7,7.:10}","{1.:2,2.:1,3.:2,4.:1,5.:2,7.:2}","{1.:306,2.:141,3.:271,4.:125,5.:141,7.:302}","{1.:1214,2.:556,3.:1075,4.:494,5.:559,7.:1196}",33.2777,success,,0.7900466562986003,0.7460185686647182,0.7475616041836292,0.6349230884438833,0.9534134618345257,
2026-07-07T11:19:09.794374+00:00,satimage,182,scarf,0,100,5044,80,20,1286,6,36,36,,,,,,,,,,,,,,,scarf,paper_faithful_core,SCARF,47,57,50,57,0.2775038778781891,0.2240966260433197,internal_stratified_val,stratified_labeled_val,6,True,12,22,"{1.:1225,2.:562,3.:1085,4.:500,5.:566,7.:1206}","{1.:22,2.:12,3.:20,4.:12,5.:13,7.:21}","{1.:4,2.:3,3.:4,4.:2,5.:3,7.:4}","{1.:306,2.:141,3.:271,4.:125,5.:141,7.:302}","{1.:1203,2.:550,3.:1065,4.:488,5.:553,7.:1185}",33.5577,success,,0.8258164852255054,0.7944612289087746,0.7934845485063627,0.48776944098693314,0.9651847742347698,
2026-07-07T11:19:43.367695+00:00,satimage,182,scarf,0,250,4894,200,50,1286,6,36,36,,,,,,,,,,,,,,,scarf,paper_faithful_core,SCARF,36,46,50,46,0.3833824694156647,0.37385842204093933,internal_stratified_val,stratified_labeled_val,6,True,26,57,"{1.:1225,2.:562,3.:1085,4.:500,5.:566,7.:1206}","{1.:57,2.:29,3.:52,4.:26,5.:29,7.:57}","{1.:12,2.:6,3.:10,4.:5,5.:6,7.:11}","{1.:306,2.:141,3.:271,4.:125,5.:141,7.:302}","{1.:1168,2.:533,3.:1033,4.:474,5.:537,7.:1149}",32.7018,success,,0.8265940902021773,0.7589262914731831,0.7662368361269164,0.49478824534652965,0.9565020684856309,
2026-07-07T11:20:16.078732+00:00,satimage,182,scarf,0,500,4644,400,100,1286,6,36,36,,,,,,,,,,,,,,,scarf,paper_faithful_core,SCARF,24,34,50,34,0.3926539719104767,0.34342171251773834,internal_stratified_val,stratified_labeled_val,6,True,51,117,"{1.:1225,2.:562,3.:1085,4.:500,5.:566,7.:1206}","{1.:117,2.:56,3.:104,4.:51,5.:57,7.:115}","{1.:23,2.:11,3.:21,4.:10,5.:12,7.:23}","{1.:306,2.:141,3.:271,4.:125,5.:141,7.:302}","{1.:1108,2.:506,3.:981,4.:449,5.:509,7.:1091}",32.3116,success,,0.8289269051321928,0.7667583692303422,0.7711520133444293,0.4372388003361286,0.9682851902750528,
2026-07-07T11:20:48.398224+00:00,satimage,182,scarf,1,50,5094,40,10,1286,6,36,36,,,,,,,,,,,,,,,scarf,paper_faithful_core,SCARF,100,100,50,100,0.1792277991771698,0.07909256964921951,internal_stratified_val,stratified_labeled_val,6,True,6,11,"{1.:1225,2.:562,3.:1085,4.:500,5.:566,7.:1206}","{1.:11,2.:6,3.:10,4.:6,5.:7,7.:10}","{1.:2,2.:1,3.:2,4.:1,5.:2,7.:2}","{1.:306,2.:141,3.:271,4.:125,5.:141,7.:302}","{1.:1214,2.:556,3.:1075,4.:494,5.:559,7.:1196}",32.4469,success,,0.7908242612752722,0.7443590137754964,0.7302798620159027,0.8245366626209951,0.9557031774290002,
2026-07-07T11:21:20.853037+00:00,satimage,182,scarf,1,100,5044,80,20,1286,6,36,36,,,,,,,,,,,,,,,scarf,paper_faithful_core,SCARF,70,80,50,80,0.19790804386138916,0.20263522863388062,internal_stratified_val,stratified_labeled_val,6,True,12,22,"{1.:1225,2.:562,3.:1085,4.:500,5.:566,7.:1206}","{1.:22,2.:12,3.:20,4.:12,5.:13,7.:21}","{1.:4,2.:3,3.:4,4.:2,5.:3,7.:4}","{1.:306,2.:141,3.:271,4.:125,5.:141,7.:302}","{1.:1203,2.:550,3.:1065,4.:488,5.:553,7.:1185}",34.2288,success,,0.8234836702954899,0.77718860686456,0.7797331569292968,0.5799048977289211,0.9603641815951393,
2026-07-07T11:21:55.098340+00:00,satimage,182,scarf,1,250,4894,200,50,1286,6,36,36,,,,,,,,,,,,,,,scarf,paper_faithful_core,SCARF,45,55,50,55,0.3942015469074249,0.3270287811756134,internal_stratified_val,stratified_labeled_val,6,True,26,57,"{1.:1225,2.:562,3.:1085,4.:500,5.:566,7.:1206}","{1.:57,2.:29,3.:52,4.:26,5.:29,7.:57}","{1.:11,2.:6,3.:10,4.:5,5.:6,7.:12}","{1.:306,2.:141,3.:271,4.:125,5.:141,7.:302}","{1.:1168,2.:533,3.:1033,4.:474,5.:537,7.:1149}",32.8489,success,,0.8273716951788491,0.7688886828781037,0.7677467439445468,0.4663266836112219,0.9644412577970852,
2026-07-07T11:22:27.956111+00:00,satimage,182,scarf,1,500,4644,400,100,1286,6,36,36,,,,,,,,,,,,,,,scarf,paper_faithful_core,SCARF,31,41,50,41,0.5055292844772339,0.3268934041261673,internal_stratified_val,stratified_labeled_val,6,True,51,117,"{1.:1225,2.:562,3.:1085,4.:500,5.:566,7.:1206}","{1.:117,2.:56,3.:104,4.:51,5.:57,7.:115}","{1.:23,2.:11,3.:21,4.:10,5.:12,7.:23}","{1.:306,2.:141,3.:271,4.:125,5.:141,7.:302}","{1.:1108,2.:506,3.:981,4.:449,5.:509,7.:1091}",31.8708,success,,0.8367029548989113,0.7880238284101435,0.7916236190710114,0.4360100982779801,0.9687615421137542,
2026-07-07T11:22:59.845034+00:00,satimage,182,scarf,2,50,5094,40,10,1286,6,36,36,,,,,,,,,,,,,,,scarf,paper_faithful_core,SCARF,60,70,50,70,0.22601746022701263,0.13182084262371063,internal_stratified_val,stratified_labeled_val,6,True,6,11,"{1.:1225,2.:562,3.:1085,4.:500,5.:566,7.:1206}","{1.:11,2.:6,3.:10,4.:6,5.:7,7.:10}","{1.:2,2.:1,3.:2,4.:1,5.:2,7.:2}","{1.:306,2.:141,3.:271,4.:125,5.:141,7.:302}","{1.:1214,2.:556,3.:1075,4.:494,5.:559,7.:1196}",34.3062,success,,0.8265940902021773,0.778139249445994,0.779964788998779,0.5403958932653209,0.9572551250141594,
2026-07-07T11:23:34.160628+00:00,satimage,182,scarf,2,100,5044,80,20,1286,6,36,36,,,,,,,,,,,,,,,scarf,paper_faithful_core,SCARF,39,49,50,49,0.4610644280910492,0.23268325626850128,internal_stratified_val,stratified_labeled_val,6,True,12,22,"{1.:1225,2.:562,3.:1085,4.:500,5.:566,7.:1206}","{1.:22,2.:12,3.:20,4.:12,5.:13,7.:21}","{1.:4,2.:3,3.:4,4.:2,5.:3,7.:4}","{1.:306,2.:141,3.:271,4.:125,5.:141,7.:302}","{1.:1203,2.:550,3.:1065,4.:488,5.:553,7.:1185}",33.0903,success,,0.8250388802488335,0.7760092367467948,0.7789756814844226,0.5016791705134022,0.961940865989059,
2026-07-07T11:24:07.268503+00:00,satimage,182,scarf,2,250,4894,200,50,1286,6,36,36,,,,,,,,,,,,,,,scarf,paper_faithful_core,SCARF,41,51,50,51,0.6833374500274658,0.29416540265083313,internal_stratified_val,stratified_labeled_val,6,True,26,57,"{1.:1225,2.:562,3.:1085,4.:500,5.:566,7.:1206}","{1.:57,2.:29,3.:52,4.:26,5.:29,7.:57}","{1.:11,2.:6,3.:10,4.:5,5.:6,7.:12}","{1.:306,2.:141,3.:271,4.:125,5.:141,7.:302}","{1.:1168,2.:533,3.:1033,4.:474,5.:537,7.:1149}",32.546,success,,0.8227060653188181,0.7805204063314659,0.7798541357533962,0.5073366637853793,0.9600748825274087,
2026-07-07T11:24:39.823971+00:00,satimage,182,scarf,2,500,4644,400,100,1286,6,36,36,,,,,,,,,,,,,,,scarf,paper_faithful_core,SCARF,32,42,50,42,0.49446892738342285,0.3259354680776596,internal_stratified_val,stratified_labeled_val,6,True,51,117,"{1.:1225,2.:562,3.:1085,4.:500,5.:566,7.:1206}","{1.:117,2.:56,3.:104,4.:51,5.:57,7.:115}","{1.:23,2.:11,3.:21,4.:10,5.:12,7.:23}","{1.:306,2.:141,3.:271,4.:125,5.:141,7.:302}","{1.:1108,2.:506,3.:981,4.:449,5.:509,7.:1091}",31.8466,success,,0.8452566096423018,0.7988709721513856,0.7989986202741003,0.43840011753497016,0.9675861260821562,
2026-07-07T11:25:11.678390+00:00,satimage,182,vime,0,50,5094,40,10,1286,6,36,36,,,,,,,,,,,,,,,vime,paper_faithful_core,VIME,41,51,50,51,0.30850982666015625,0.20404313504695892,internal_stratified_val,stratified_labeled_val,6,True,6,11,"{1.:1225,2.:562,3.:1085,4.:500,5.:566,7.:1206}","{1.:11,2.:6,3.:10,4.:6,5.:7,7.:10}","{1.:2,2.:1,3.:2,4.:1,5.:2,7.:2}","{1.:306,2.:141,3.:271,4.:125,5.:141,7.:302}","{1.:1214,2.:556,3.:1075,4.:494,5.:559,7.:1196}",28.4386,success,,0.8001555209953344,0.7452159772478654,0.7476061564775643,0.5367382116823958,0.9609626114370536,
2026-07-07T11:25:40.133918+00:00,satimage,182,vime,0,100,5044,80,20,1286,6,36,36,,,,,,,,,,,,,,,vime,paper_faithful_core,VIME,43,53,50,53,0.30634936690330505,0.2740044593811035,internal_stratified_val,stratified_labeled_val,6,True,12,22,"{1.:1225,2.:562,3.:1085,4.:500,5.:566,7.:1206}","{1.:22,2.:12,3.:20,4.:12,5.:13,7.:21}","{1.:4,2.:3,3.:4,4.:2,5.:3,7.:4}","{1.:306,2.:141,3.:271,4.:125,5.:141,7.:302}","{1.:1203,2.:550,3.:1065,4.:488,5.:553,7.:1185}",28.3982,success,,0.8203732503888025,0.7832234143840165,0.785683563085357,0.48842851211959337,0.9651572888969526,
2026-07-07T11:26:08.540618+00:00,satimage,182,vime,0,250,4894,200,50,1286,6,36,36,,,,,,,,,,,,,,,vime,paper_faithful_core,VIME,36,46,50,46,0.40206480026245117,0.33678942918777466,internal_stratified_val,stratified_labeled_val,6,True,26,57,"{1.:1225,2.:562,3.:1085,4.:500,5.:566,7.:1206}","{1.:57,2.:29,3.:52,4.:26,5.:29,7.:57}","{1.:12,2.:6,3.:10,4.:5,5.:6,7.:11}","{1.:306,2.:141,3.:271,4.:125,5.:141,7.:302}","{1.:1168,2.:533,3.:1033,4.:474,5.:537,7.:1149}",28.8262,success,,0.8320373250388803,0.7716248383994723,0.77995607735165,0.4577951617092077,0.9644282437564687,
2026-07-07T11:26:37.375121+00:00,satimage,182,vime,0,500,4644,400,100,1286,6,36,36,,,,,,,,,,,,,,,vime,paper_faithful_core,VIME,22,32,50,32,0.39930540323257446,0.39576657116413116,internal_stratified_val,stratified_labeled_val,6,True,51,117,"{1.:1225,2.:562,3.:1085,4.:500,5.:566,7.:1206}","{1.:117,2.:56,3.:104,4.:51,5.:57,7.:115}","{1.:23,2.:11,3.:21,4.:10,5.:12,7.:23}","{1.:306,2.:141,3.:271,4.:125,5.:141,7.:302}","{1.:1108,2.:506,3.:981,4.:449,5.:509,7.:1091}",28.3315,success,,0.8265940902021773,0.7691265495818239,0.7722590535923279,0.4417183212193089,0.9678011321313466,
2026-07-07T11:27:05.726055+00:00,satimage,182,vime,1,50,5094,40,10,1286,6,36,36,,,,,,,,,,,,,,,vime,paper_faithful_core,VIME,44,54,50,54,0.6381206512451172,0.24390798807144165,internal_stratified_val,stratified_labeled_val,6,True,6,11,"{1.:1225,2.:562,3.:1085,4.:500,5.:566,7.:1206}","{1.:11,2.:6,3.:10,4.:6,5.:7,7.:10}","{1.:2,2.:1,3.:2,4.:1,5.:2,7.:2}","{1.:306,2.:141,3.:271,4.:125,5.:141,7.:302}","{1.:1214,2.:556,3.:1075,4.:494,5.:559,7.:1196}",28.7591,success,,0.7986003110419907,0.7492949427232891,0.7331410510525598,0.603094381622467,0.9509128151597497,
2026-07-07T11:27:34.500557+00:00,satimage,182,vime,1,100,5044,80,20,1286,6,36,36,,,,,,,,,,,,,,,vime,paper_faithful_core,VIME,50,60,50,60,0.2327674925327301,0.25257015228271484,internal_stratified_val,stratified_labeled_val,6,True,12,22,"{1.:1225,2.:562,3.:1085,4.:500,5.:566,7.:1206}","{1.:22,2.:12,3.:20,4.:12,5.:13,7.:21}","{1.:4,2.:3,3.:4,4.:2,5.:3,7.:4}","{1.:306,2.:141,3.:271,4.:125,5.:141,7.:302}","{1.:1203,2.:550,3.:1065,4.:488,5.:553,7.:1185}",30.0882,success,,0.8273716951788491,0.7766563476473367,0.7773833745615978,0.4936735335502473,0.963725614524502,
2026-07-07T11:28:04.606744+00:00,satimage,182,vime,1,250,4894,200,50,1286,6,36,36,,,,,,,,,,,,,,,vime,paper_faithful_core,VIME,42,52,50,52,0.41591936349868774,0.33134961128234863,internal_stratified_val,stratified_labeled_val,6,True,26,57,"{1.:1225,2.:562,3.:1085,4.:500,5.:566,7.:1206}","{1.:57,2.:29,3.:52,4.:26,5.:29,7.:57}","{1.:11,2.:6,3.:10,4.:5,5.:6,7.:12}","{1.:306,2.:141,3.:271,4.:125,5.:141,7.:302}","{1.:1168,2.:533,3.:1033,4.:474,5.:537,7.:1149}",29.3279,success,,0.8297045101088647,0.7725263511196173,0.7728461171357389,0.44169112310828257,0.9677526945744165,
2026-07-07T11:28:33.944490+00:00,satimage,182,vime,1,500,4644,400,100,1286,6,36,36,,,,,,,,,,,,,,,vime,paper_faithful_core,VIME,39,49,50,49,0.5027804374694824,0.3103821277618408,internal_stratified_val,stratified_labeled_val,6,True,51,117,"{1.:1225,2.:562,3.:1085,4.:500,5.:566,7.:1206}","{1.:117,2.:56,3.:104,4.:51,5.:57,7.:115}","{1.:23,2.:11,3.:21,4.:10,5.:12,7.:23}","{1.:306,2.:141,3.:271,4.:125,5.:141,7.:302}","{1.:1108,2.:506,3.:981,4.:449,5.:509,7.:1091}",29.6147,success,,0.8405909797822706,0.7939543412681956,0.7977213229006496,0.4171513806618936,0.9714213257477491,
2026-07-07T11:29:03.568139+00:00,satimage,182,vime,2,50,5094,40,10,1286,6,36,36,,,,,,,,,,,,,,,vime,paper_faithful_core,VIME,45,55,50,55,0.19684739410877228,0.22145526111125946,internal_stratified_val,stratified_labeled_val,6,True,6,11,"{1.:1225,2.:562,3.:1085,4.:500,5.:566,7.:1206}","{1.:11,2.:6,3.:10,4.:6,5.:7,7.:10}","{1.:2,2.:1,3.:2,4.:1,5.:2,7.:2}","{1.:306,2.:141,3.:271,4.:125,5.:141,7.:302}","{1.:1214,2.:556,3.:1075,4.:494,5.:559,7.:1196}",28.798,success,,0.828149300155521,0.7817031049760804,0.7866313730453824,0.5104986478377694,0.9617758456816112,
2026-07-07T11:29:32.374677+00:00,satimage,182,vime,2,100,5044,80,20,1286,6,36,36,,,,,,,,,,,,,,,vime,paper_faithful_core,VIME,28,38,50,38,0.4497559070587158,0.2599378228187561,internal_stratified_val,stratified_labeled_val,6,True,12,22,"{1.:1225,2.:562,3.:1085,4.:500,5.:566,7.:1206}","{1.:22,2.:12,3.:20,4.:12,5.:13,7.:21}","{1.:4,2.:3,3.:4,4.:2,5.:3,7.:4}","{1.:306,2.:141,3.:271,4.:125,5.:141,7.:302}","{1.:1203,2.:550,3.:1065,4.:488,5.:553,7.:1185}",27.6158,success,,0.8250388802488335,0.7781344842786977,0.7811506071603671,0.4969148936677537,0.9609115249660377,
2026-07-07T11:29:59.999628+00:00,satimage,182,vime,2,250,4894,200,50,1286,6,36,36,,,,,,,,,,,,,,,vime,paper_faithful_core,VIME,26,36,50,36,0.6403940916061401,0.32432758808135986,internal_stratified_val,stratified_labeled_val,6,True,26,57,"{1.:1225,2.:562,3.:1085,4.:500,5.:566,7.:1206}","{1.:57,2.:29,3.:52,4.:26,5.:29,7.:57}","{1.:11,2.:6,3.:10,4.:5,5.:6,7.:12}","{1.:306,2.:141,3.:271,4.:125,5.:141,7.:302}","{1.:1168,2.:533,3.:1033,4.:474,5.:537,7.:1149}",29.0837,success,,0.8273716951788491,0.7751939967090631,0.7764046986505647,0.49479981782978893,0.9608184993723244,
2026-07-07T11:30:29.092488+00:00,satimage,182,vime,2,500,4644,400,100,1286,6,36,36,,,,,,,,,,,,,,,vime,paper_faithful_core,VIME,32,42,50,42,0.4730452001094818,0.3026273250579834,internal_stratified_val,stratified_labeled_val,6,True,51,117,"{1.:1225,2.:562,3.:1085,4.:500,5.:566,7.:1206}","{1.:117,2.:56,3.:104,4.:51,5.:57,7.:115}","{1.:23,2.:11,3.:21,4.:10,5.:12,7.:23}","{1.:306,2.:141,3.:271,4.:125,5.:141,7.:302}","{1.:1108,2.:506,3.:981,4.:449,5.:509,7.:1091}",27.2753,success,,0.838258164852255,0.7848390904327501,0.7834680149776556,0.43616549725440396,0.9676628975783967,
