timestamp_utc,dataset,dataset_id,method,seed,n_labeled,n_unlabeled,train_labeled_size,val_size,test_size,n_classes,n_features_before_preprocessing,n_features_after_preprocessing,n_pseudo_added_total,n_pseudo_added_last_iter,self_training_iterations,pseudo_label_class_distribution,pseudo_label_fraction,mean_selected_confidence,min_selected_confidence,max_selected_confidence,mean_selected_density,stopped_reason,graph_n_neighbors_used,graph_retry_count,graph_n_rows,graph_n_unlabeled_used,validation_strategy,labeled_classes_present,all_classes_present_in_labeled,min_labeled_per_class,max_labeled_per_class,runtime_seconds,status,error_message,metric_accuracy,metric_balanced_accuracy,metric_macro_f1,metric_log_loss,metric_roc_auc,metric_average_precision,best_epoch,best_val_loss,epochs_trained,final_train_loss,finetune_epochs_trained,neural_method,neural_validation_strategy,pretrain_epochs_trained,method_fidelity,reference_family
2026-06-29T11:17:09.650323+00:00,phoneme,1489,logistic_regression,0,50,4273,40,10,1081,2,5,5,,,,,,,,,,,,,,,stratified_labeled_val,2,True,15,35,0.1274,success,,0.7215541165587419,0.5649185756519729,0.5544660743211509,0.5325736999511719,0.756990437181033,0.5155103461173063,,,,,,,,,,
2026-06-29T11:17:09.784757+00:00,phoneme,1489,logistic_regression,0,100,4223,80,20,1081,2,5,5,,,,,,,,,,,,,,,stratified_labeled_val,2,True,30,70,0.083,success,,0.7428307123034228,0.6593348968569871,0.6680796826126142,0.4985902607440948,0.7890935967099938,0.5436624605737574,,,,,,,,,,
2026-06-29T11:17:09.873691+00:00,phoneme,1489,logistic_regression,0,250,4073,200,50,1081,2,5,5,,,,,,,,,,,,,,,stratified_labeled_val,2,True,74,176,0.0779,success,,0.7335800185013877,0.6361793317587989,0.6454284542845428,0.4848199784755707,0.8027152460072341,0.580999261768317,,,,,,,,,,
2026-06-29T11:17:09.955800+00:00,phoneme,1489,logistic_regression,0,500,3823,400,100,1081,2,5,5,,,,,,,,,,,,,,,stratified_labeled_val,2,True,147,353,0.0856,success,,0.7400555041628122,0.652757362049317,0.6617967157335934,0.4846219718456268,0.7966538391662674,0.5576269903891635,,,,,,,,,,
2026-06-29T11:17:10.046163+00:00,phoneme,1489,logistic_regression,1,50,4273,40,10,1081,2,5,5,,,,,,,,,,,,,,,stratified_labeled_val,2,True,15,35,0.0719,success,,0.755781683626272,0.7109476935273424,0.7085943945693818,0.5269907712936401,0.7657109353064561,0.4897712284973896,,,,,,,,,,
2026-06-29T11:17:10.123557+00:00,phoneme,1489,logistic_regression,1,100,4223,80,20,1081,2,5,5,,,,,,,,,,,,,,,stratified_labeled_val,2,True,30,70,0.0806,success,,0.7752081406105458,0.7329966802649182,0.7310551572256856,0.5387507081031799,0.7791178753695476,0.5267474395073285,,,,,,,,,,
2026-06-29T11:17:10.209662+00:00,phoneme,1489,logistic_regression,1,250,4073,200,50,1081,2,5,5,,,,,,,,,,,,,,,stratified_labeled_val,2,True,74,176,0.0852,success,,0.7382053654024052,0.648679951112359,0.6577985089235278,0.4812148213386535,0.7981444167341074,0.5868583189900209,,,,,,,,,,
2026-06-29T11:17:10.298590+00:00,phoneme,1489,logistic_regression,1,500,3823,400,100,1081,2,5,5,,,,,,,,,,,,,,,stratified_labeled_val,2,True,147,353,0.0928,success,,0.7419056429232193,0.6559119361818091,0.6649782224014342,0.4796502292156219,0.8028804069565791,0.5841970820539464,,,,,,,,,,
2026-06-29T11:17:10.396134+00:00,phoneme,1489,logistic_regression,2,50,4273,40,10,1081,2,5,5,,,,,,,,,,,,,,,stratified_labeled_val,2,True,15,35,0.0657,success,,0.7317298797409806,0.7160800700282426,0.6980563260903067,0.5526778101921082,0.7813805803755761,0.5115932096260478,,,,,,,,,,
2026-06-29T11:17:10.465403+00:00,phoneme,1489,logistic_regression,2,100,4223,80,20,1081,2,5,5,,,,,,,,,,,,,,,stratified_labeled_val,2,True,30,70,0.1167,success,,0.7400555041628122,0.6638314037029085,0.6707358448639362,0.4965892732143402,0.8002254446958561,0.5999475938771114,,,,,,,,,,
2026-06-29T11:17:10.589164+00:00,phoneme,1489,logistic_regression,2,250,4073,200,50,1081,2,5,5,,,,,,,,,,,,,,,stratified_labeled_val,2,True,74,176,0.0804,success,,0.7493061979648473,0.6832956215832329,0.68837552668558,0.470234215259552,0.8171255388375972,0.5990215645319882,,,,,,,,,,
2026-06-29T11:17:10.675332+00:00,phoneme,1489,logistic_regression,2,500,3823,400,100,1081,2,5,5,,,,,,,,,,,,,,,stratified_labeled_val,2,True,147,353,0.069,success,,0.7419056429232193,0.6540662625728773,0.6634228978090052,0.4650449752807617,0.8208912084826665,0.5922171977662385,,,,,,,,,,
2026-06-29T11:17:10.748025+00:00,phoneme,1489,random_forest,0,50,4273,40,10,1081,2,5,5,,,,,,,,,,,,,,,stratified_labeled_val,2,True,15,35,1.3845,success,,0.7483811285846439,0.6051228797463127,0.6092784929890397,0.5061276784279808,0.7865872793036813,0.5909214029560469,,,,,,,,,,
2026-06-29T11:17:12.136716+00:00,phoneme,1489,random_forest,0,100,4223,80,20,1081,2,5,5,,,,,,,,,,,,,,,stratified_labeled_val,2,True,30,70,1.2798,success,,0.7567067530064755,0.6534634251077676,0.6665916124575915,0.4698327016587243,0.818461278015426,0.5775974185412389,,,,,,,,,,
2026-06-29T11:17:13.421908+00:00,phoneme,1489,random_forest,0,250,4073,200,50,1081,2,5,5,,,,,,,,,,,,,,,stratified_labeled_val,2,True,74,176,1.5322,success,,0.7955596669750231,0.7261693395213635,0.7381978575929427,0.4003337490472626,0.8739347118767239,0.6870838004049444,,,,,,,,,,
2026-06-29T11:17:14.958939+00:00,phoneme,1489,random_forest,0,500,3823,400,100,1081,2,5,5,,,,,,,,,,,,,,,stratified_labeled_val,2,True,147,353,2.1097,success,,0.8390379278445883,0.7883049531768709,0.7984712900820283,0.3644454868644062,0.9004884635076882,0.756293110045112,,,,,,,,,,
2026-06-29T11:17:17.081243+00:00,phoneme,1489,random_forest,1,50,4273,40,10,1081,2,5,5,,,,,,,,,,,,,,,stratified_labeled_val,2,True,15,35,2.3836,success,,0.7493061979648473,0.7054437048904157,0.7021829675060819,0.5958701960755367,0.77504665796819,0.5011878897296527,,,,,,,,,,
2026-06-29T11:17:19.481880+00:00,phoneme,1489,random_forest,1,100,4223,80,20,1081,2,5,5,,,,,,,,,,,,,,,stratified_labeled_val,2,True,30,70,5.2946,success,,0.7604070305272895,0.6994545559647877,0.7039693289221455,0.5194030570360548,0.82210720597222,0.5666775744187537,,,,,,,,,,
2026-06-29T11:17:24.787732+00:00,phoneme,1489,random_forest,1,250,4073,200,50,1081,2,5,5,,,,,,,,,,,,,,,stratified_labeled_val,2,True,74,176,2.5248,success,,0.8094357076780758,0.7350632566435992,0.7511977225395292,0.4384583724612332,0.8726526500074323,0.7025431833646796,,,,,,,,,,
2026-06-29T11:17:27.323923+00:00,phoneme,1489,random_forest,1,500,3823,400,100,1081,2,5,5,,,,,,,,,,,,,,,stratified_labeled_val,2,True,147,353,2.1933,success,,0.8334875115633672,0.7899152724329859,0.7952806605560185,0.3900700672595734,0.9002448511074042,0.7701815284847341,,,,,,,,,,
2026-06-29T11:17:29.530847+00:00,phoneme,1489,random_forest,2,50,4273,40,10,1081,2,5,5,,,,,,,,,,,,,,,stratified_labeled_val,2,True,15,35,2.2837,success,,0.7493061979648473,0.7063665416948817,0.7027016055783726,0.4570598247270948,0.8188824384362561,0.5663536966054947,,,,,,,,,,
2026-06-29T11:17:31.826586+00:00,phoneme,1489,random_forest,2,100,4223,80,20,1081,2,5,5,,,,,,,,,,,,,,,stratified_labeled_val,2,True,30,70,2.2449,success,,0.7779833487511564,0.7155804581564735,0.7226047609679324,0.4458550564161789,0.8521603052174345,0.6662896428369796,,,,,,,,,,
2026-06-29T11:17:34.081957+00:00,phoneme,1489,random_forest,2,250,4073,200,50,1081,2,5,5,,,,,,,,,,,,,,,stratified_labeled_val,2,True,74,176,2.2615,success,,0.7974098057354302,0.7579318545923002,0.7567409270682093,0.4682212238846611,0.8811646324343073,0.7383905291605405,,,,,,,,,,
2026-06-29T11:17:36.352436+00:00,phoneme,1489,random_forest,2,500,3823,400,100,1081,2,5,5,,,,,,,,,,,,,,,stratified_labeled_val,2,True,147,353,2.2386,success,,0.8307123034227567,0.7879519216476456,0.7924784818492234,0.4047890987263338,0.9057839364460668,0.7693180577035343,,,,,,,,,,
2026-06-29T11:17:38.601958+00:00,phoneme,1489,xgboost,0,50,4273,40,10,1081,2,5,5,,,,,,,,,,,,,,,stratified_labeled_val,2,True,15,35,1.8558,success,,0.7178538390379279,0.5752204898673758,0.5727333634847427,0.6989253759384155,0.7174364543247395,0.4894596274630001,,,,,,,,,,
2026-06-29T11:17:40.473716+00:00,phoneme,1489,xgboost,0,100,4223,80,20,1081,2,5,5,,,,,,,,,,,,,,,stratified_labeled_val,2,True,30,70,1.698,success,,0.7400555041628122,0.6490660148314533,0.6586099663174031,0.6025485396385193,0.7993831238541959,0.5520599712647642,,,,,,,,,,
2026-06-29T11:17:42.187234+00:00,phoneme,1489,xgboost,0,250,4073,200,50,1081,2,5,5,,,,,,,,,,,,,,,stratified_labeled_val,2,True,74,176,0.9112,success,,0.793709528214616,0.7433171750871224,0.7471185871714581,0.5339430570602417,0.8572018431961947,0.6652710939969073,,,,,,,,,,
2026-06-29T11:17:43.105830+00:00,phoneme,1489,xgboost,0,500,3823,400,100,1081,2,5,5,,,,,,,,,,,,,,,stratified_labeled_val,2,True,147,353,1.3114,success,,0.8279370952821462,0.7859885708623053,0.7896887159533074,0.4273487329483032,0.8899986787124052,0.7472636467802053,,,,,,,,,,
2026-06-29T11:17:44.431645+00:00,phoneme,1489,xgboost,1,50,4273,40,10,1081,2,5,5,,,,,,,,,,,,,,,stratified_labeled_val,2,True,15,35,2.1076,success,,0.7446808510638298,0.6975572695591854,0.6953486852316263,0.620797872543335,0.7815560638842551,0.5156570162605432,,,,,,,,,,
2026-06-29T11:17:46.553233+00:00,phoneme,1489,xgboost,1,100,4223,80,20,1081,2,5,5,,,,,,,,,,,,,,,stratified_labeled_val,2,True,30,70,1.6553,success,,0.7585568917668826,0.7036826762680232,0.7057343733866501,0.673229455947876,0.8120860653707037,0.5458235649329903,,,,,,,,,,
2026-06-29T11:17:48.220508+00:00,phoneme,1489,xgboost,1,250,4073,200,50,1081,2,5,5,,,,,,,,,,,,,,,stratified_labeled_val,2,True,74,176,1.1153,success,,0.8011100832562442,0.7365558987233058,0.7475278554179698,0.4870092868804931,0.8681189819479083,0.6953111528673974,,,,,,,,,,
2026-06-29T11:17:49.343267+00:00,phoneme,1489,xgboost,1,500,3823,400,100,1081,2,5,5,,,,,,,,,,,,,,,stratified_labeled_val,2,True,147,353,1.7938,success,,0.8353376503237743,0.7930698465654781,0.7979515633137884,0.4306551516056061,0.897645630667085,0.7701586913295899,,,,,,,,,,
2026-06-29T11:17:51.162733+00:00,phoneme,1489,xgboost,2,50,4273,40,10,1081,2,5,5,,,,,,,,,,,,,,,stratified_labeled_val,2,True,15,35,0.6276,success,,0.7465309898242368,0.7136315589542008,0.7051434692236018,0.6212489008903503,0.8223260442301022,0.606971559230674,,,,,,,,,,
2026-06-29T11:17:51.798259+00:00,phoneme,1489,xgboost,2,100,4223,80,20,1081,2,5,5,,,,,,,,,,,,,,,stratified_labeled_val,2,True,30,70,0.616,success,,0.786308973172988,0.7316217153616199,0.7364975450081833,0.5093028545379639,0.8382991725436438,0.6818048318456955,,,,,,,,,,
2026-06-29T11:17:52.446077+00:00,phoneme,1489,xgboost,2,250,4073,200,50,1081,2,5,5,,,,,,,,,,,,,,,stratified_labeled_val,2,True,74,176,1.3005,success,,0.8103607770582794,0.7689398318661536,0.7701805638953101,0.5082789659500122,0.8692709795695905,0.7209928149713579,,,,,,,,,,
2026-06-29T11:17:53.753173+00:00,phoneme,1489,xgboost,2,500,3823,400,100,1081,2,5,5,,,,,,,,,,,,,,,stratified_labeled_val,2,True,147,353,2.3011,success,,0.8344125809435707,0.7878012122813682,0.7949972719134217,0.4337817728519439,0.9016672997836392,0.7499272185154656,,,,,,,,,,
2026-06-29T11:17:56.064379+00:00,phoneme,1489,lightgbm,0,50,4273,40,10,1081,2,5,5,,,,,,,,,,,,,,,stratified_labeled_val,2,True,15,35,1.0459,success,,0.7067530064754857,0.5,0.4140921409214092,0.6051424941170336,0.5,0.2932469935245143,,,,,,,,,,
2026-06-29T11:17:57.117598+00:00,phoneme,1489,lightgbm,0,100,4223,80,20,1081,2,5,5,,,,,,,,,,,,,,,stratified_labeled_val,2,True,30,70,0.7736,success,,0.7659574468085106,0.6978442367086726,0.7054340462334983,0.6489962353223561,0.8015632483855517,0.5737991162100589,,,,,,,,,,
2026-06-29T11:17:57.897572+00:00,phoneme,1489,lightgbm,0,250,4073,200,50,1081,2,5,5,,,,,,,,,,,,,,,stratified_labeled_val,2,True,74,176,1.815,success,,0.7927844588344126,0.7500454192610699,0.7500454192610699,0.8270080807540554,0.8499388904487424,0.6616143027808177,,,,,,,,,,
2026-06-29T11:17:59.719384+00:00,phoneme,1489,lightgbm,0,500,3823,400,100,1081,2,5,5,,,,,,,,,,,,,,,stratified_labeled_val,2,True,147,353,4.3717,success,,0.8344125809435707,0.7905697226947661,0.7962175249621658,0.6693191303831689,0.8859563644771831,0.7481501094751634,,,,,,,,,,
2026-06-29T11:18:04.097881+00:00,phoneme,1489,lightgbm,1,50,4273,40,10,1081,2,5,5,,,,,,,,,,,,,,,stratified_labeled_val,2,True,15,35,0.2256,success,,0.7067530064754857,0.5,0.4140921409214092,0.5761794105518369,0.6447202173518093,0.3791812228714903,,,,,,,,,,
2026-06-29T11:18:04.329386+00:00,phoneme,1489,lightgbm,1,100,4223,80,20,1081,2,5,5,,,,,,,,,,,,,,,stratified_labeled_val,2,True,30,70,0.6708,success,,0.7613320999074931,0.7268712735560804,0.7200763597822422,0.7173270987544416,0.8039766627578575,0.5472675288715231,,,,,,,,,,
2026-06-29T11:18:05.006578+00:00,phoneme,1489,lightgbm,1,250,4073,200,50,1081,2,5,5,,,,,,,,,,,,,,,stratified_labeled_val,2,True,74,176,3.5135,success,,0.7974098057354302,0.7403979553074471,0.747656319117934,0.7430448948005086,0.8576188745932913,0.6646898351826592,,,,,,,,,,
2026-06-29T11:18:08.532205+00:00,phoneme,1489,lightgbm,1,500,3823,400,100,1081,2,5,5,,,,,,,,,,,,,,,stratified_labeled_val,2,True,147,353,4.0598,success,,0.8381128584643849,0.7941103605463524,0.8003769280365025,0.6888447628990183,0.8974928567889409,0.7575685766560208,,,,,,,,,,
2026-06-29T11:18:12.625868+00:00,phoneme,1489,lightgbm,2,50,4273,40,10,1081,2,5,5,,,,,,,,,,,,,,,stratified_labeled_val,2,True,15,35,0.2835,success,,0.7067530064754857,0.5,0.4140921409214092,0.6051424941170336,0.5,0.2932469935245143,,,,,,,,,,
2026-06-29T11:18:12.917693+00:00,phoneme,1489,lightgbm,2,100,4223,80,20,1081,2,5,5,,,,,,,,,,,,,,,stratified_labeled_val,2,True,30,70,0.6107,success,,0.7844588344125809,0.7358498356648554,0.737802992843201,0.5666645483754739,0.8147245115364923,0.6485338314911423,,,,,,,,,,
2026-06-29T11:18:13.532837+00:00,phoneme,1489,lightgbm,2,250,4073,200,50,1081,2,5,5,,,,,,,,,,,,,,,stratified_labeled_val,2,True,74,176,1.477,success,,0.8038852913968547,0.7634358432292269,0.7634358432292269,0.7647849077595217,0.8676193700761392,0.7283966267933096,,,,,,,,,,
2026-06-29T11:18:15.016697+00:00,phoneme,1489,lightgbm,2,500,3823,400,100,1081,2,5,5,,,,,,,,,,,,,,,stratified_labeled_val,2,True,147,353,3.9172,success,,0.8362627197039778,0.7900329496093943,0.797287805188132,0.6643697957479381,0.8993963367301434,0.7416603907741481,,,,,,,,,,
2026-06-29T11:18:18.944513+00:00,phoneme,1489,catboost,0,50,4273,40,10,1081,2,5,5,,,,,,,,,,,,,,,stratified_labeled_val,2,True,15,35,3.8138,success,,0.7696577243293247,0.6515516871190976,0.6671011834604934,0.6975903983388685,0.793627264769518,0.607332611866867,,,,,,,,,,
2026-06-29T11:18:22.765377+00:00,phoneme,1489,catboost,0,100,4223,80,20,1081,2,5,5,,,,,,,,,,,,,,,stratified_labeled_val,2,True,30,70,1.5976,success,,0.755781683626272,0.6611145060861809,0.6733660519713589,0.7324582456642603,0.825495069945662,0.5882385878974816,,,,,,,,,,
2026-06-29T11:18:24.368976+00:00,phoneme,1489,catboost,0,250,4073,200,50,1081,2,5,5,,,,,,,,,,,,,,,stratified_labeled_val,2,True,74,176,2.3284,success,,0.7927844588344126,0.7408170512164104,0.7452381553586007,0.5343746150470556,0.869733430227757,0.6717264378115148,,,,,,,,,,
2026-06-29T11:18:26.703159+00:00,phoneme,1489,catboost,0,500,3823,400,100,1081,2,5,5,,,,,,,,,,,,,,,stratified_labeled_val,2,True,147,353,3.0028,success,,0.8251618871415356,0.7701826680099757,0.7804113639368154,0.4042372229105427,0.8949782813351611,0.7635521643965519,,,,,,,,,,
2026-06-29T11:18:29.712701+00:00,phoneme,1489,catboost,1,50,4273,40,10,1081,2,5,5,,,,,,,,,,,,,,,stratified_labeled_val,2,True,15,35,1.5385,success,,0.7409805735430157,0.6820197532495417,0.6840105232388191,0.8032868949836679,0.7736902736716932,0.4901695965655829,,,,,,,,,,
2026-06-29T11:18:31.259316+00:00,phoneme,1489,catboost,1,100,4223,80,20,1081,2,5,5,,,,,,,,,,,,,,,stratified_labeled_val,2,True,30,70,2.2287,success,,0.7622571692876966,0.7081461509240755,0.7102441914190386,0.8932677885892628,0.8230795910614894,0.5435447021252191,,,,,,,,,,
2026-06-29T11:18:33.538869+00:00,phoneme,1489,catboost,1,250,4073,200,50,1081,2,5,5,,,,,,,,,,,,,,,stratified_labeled_val,2,True,74,176,4.3586,success,,0.8149861239592969,0.753755347085735,0.7653957671406497,0.4677801683848805,0.8791723784828315,0.6978053869873138,,,,,,,,,,
2026-06-29T11:18:37.909647+00:00,phoneme,1489,catboost,1,500,3823,400,100,1081,2,5,5,,,,,,,,,,,,,,,stratified_labeled_val,2,True,147,353,3.2797,success,,0.8371877890841813,0.7953015838935042,0.800221770467566,0.4206711982921,0.8982113069185922,0.7649412694595895,,,,,,,,,,
2026-06-29T11:18:41.202205+00:00,phoneme,1489,catboost,2,50,4273,40,10,1081,2,5,5,,,,,,,,,,,,,,,stratified_labeled_val,2,True,15,35,3.3155,success,,0.7400555041628122,0.6952078550547509,0.6917311851200099,0.6641556587458769,0.8153645102152048,0.5685941680945976,,,,,,,,,,
2026-06-29T11:18:44.531728+00:00,phoneme,1489,catboost,2,100,4223,80,20,1081,2,5,5,,,,,,,,,,,,,,,stratified_labeled_val,2,True,30,70,4.3208,success,,0.7659574468085106,0.7199923200158554,0.718974678302543,0.58758550495887,0.8450852230498621,0.6578522159650071,,,,,,,,,,
2026-06-29T11:18:48.865774+00:00,phoneme,1489,catboost,2,250,4073,200,50,1081,2,5,5,,,,,,,,,,,,,,,stratified_labeled_val,2,True,74,176,4.0657,success,,0.8075855689176689,0.771590665103143,0.7695851778980161,0.4896933406190403,0.885601268436091,0.7466725363757941,,,,,,,,,,
2026-06-29T11:18:52.943529+00:00,phoneme,1489,catboost,2,500,3823,400,100,1081,2,5,5,,,,,,,,,,,,,,,stratified_labeled_val,2,True,147,353,3.9544,success,,0.8344125809435707,0.7896468858903001,0.7958141149630511,0.3876741953980498,0.9088476720564188,0.7795626182913828,,,,,,,,,,
2026-06-29T11:18:56.911505+00:00,phoneme,1489,mlp,0,50,4273,40,10,1081,2,5,5,,,,,,,,,,,,,,,stratified_labeled_val,2,True,15,35,0.3563,success,,0.7067530064754857,0.5,0.4140921409214092,0.6253673434257507,0.7114803375889804,0.4781134256532181,,,,,,,,,,
2026-06-29T11:18:57.285981+00:00,phoneme,1489,mlp,0,100,4223,80,20,1081,2,5,5,,,,,,,,,,,,,,,stratified_labeled_val,2,True,30,70,0.5211,success,,0.7132284921369103,0.5590285232959519,0.5484617706345869,0.5224124789237976,0.798937189290964,0.561507673054279,,,,,,,,,,
2026-06-29T11:18:57.819088+00:00,phoneme,1489,mlp,0,250,4073,200,50,1081,2,5,5,,,,,,,,,,,,,,,stratified_labeled_val,2,True,74,176,0.3817,success,,0.7224791859389454,0.5572674946735594,0.5398694665153234,0.5253142714500427,0.8022280212066659,0.5870010079356894,,,,,,,,,,
2026-06-29T11:18:58.211570+00:00,phoneme,1489,mlp,0,500,3823,400,100,1081,2,5,5,,,,,,,,,,,,,,,stratified_labeled_val,2,True,147,353,0.5468,success,,0.7687326549491211,0.7044217715163427,0.7110466260082628,0.4652813374996185,0.8163637339587428,0.5863552115899504,,,,,,,,,,
2026-06-29T11:18:58.767372+00:00,phoneme,1489,mlp,1,50,4273,40,10,1081,2,5,5,,,,,,,,,,,,,,,stratified_labeled_val,2,True,15,35,0.1938,success,,0.7039777983348752,0.5146477116950469,0.461968220787139,0.6436046957969666,0.5549738219895288,0.348131180606822,,,,,,,,,,
2026-06-29T11:18:58.971484+00:00,phoneme,1489,mlp,1,100,4223,80,20,1081,2,5,5,,,,,,,,,,,,,,,stratified_labeled_val,2,True,30,70,0.3107,success,,0.7030527289546716,0.5130704246288007,0.4590660732519077,0.6416028738021851,0.5612458090409104,0.3575524514868684,,,,,,,,,,
2026-06-29T11:18:59.292910+00:00,phoneme,1489,mlp,1,250,4073,200,50,1081,2,5,5,,,,,,,,,,,,,,,stratified_labeled_val,2,True,74,176,0.3219,success,,0.7493061979648473,0.6159285348572183,0.6240289533294404,0.5232842564582825,0.7954068739987118,0.5984606709962267,,,,,,,,,,
2026-06-29T11:18:59.624719+00:00,phoneme,1489,mlp,1,500,3823,400,100,1081,2,5,5,,,,,,,,,,,,,,,stratified_labeled_val,2,True,147,353,0.3548,success,,0.7446808510638298,0.5969680578723967,0.5979853183714388,0.5678489208221436,0.7486704543577716,0.5599692823441828,,,,,,,,,,
2026-06-29T11:18:59.990643+00:00,phoneme,1489,mlp,2,50,4273,40,10,1081,2,5,5,,,,,,,,,,,,,,,stratified_labeled_val,2,True,15,35,0.2505,success,,0.6919518963922294,0.552281698515203,0.5466432078910148,0.6614837646484375,0.6130733149454144,0.3702783564611365,,,,,,,,,,
2026-06-29T11:19:00.250331+00:00,phoneme,1489,mlp,2,100,4223,80,20,1081,2,5,5,,,,,,,,,,,,,,,stratified_labeled_val,2,True,30,70,0.278,success,,0.4801110083256244,0.3885700365005697,0.3912556413277862,0.6948748230934143,0.3719259418303136,0.2233320968981907,,,,,,,,,,
2026-06-29T11:19:00.539123+00:00,phoneme,1489,mlp,2,250,4073,200,50,1081,2,5,5,,,,,,,,,,,,,,,stratified_labeled_val,2,True,74,176,0.3563,success,,0.730804810360777,0.5576205262027846,0.5344909486694182,0.5730918049812317,0.7895725634630947,0.6097554111469476,,,,,,,,,,
2026-06-29T11:19:00.905609+00:00,phoneme,1489,mlp,2,500,3823,400,100,1081,2,5,5,,,,,,,,,,,,,,,stratified_labeled_val,2,True,147,353,0.4714,success,,0.7631822386679001,0.6949580491188663,0.7022551213634016,0.4533120989799499,0.8306604786364312,0.6282271956129122,,,,,,,,,,
2026-06-29T11:19:01.390151+00:00,phoneme,1489,label_spreading,0,50,4273,40,10,1081,2,5,5,,,,,,,,,,,30.0,2.0,4313.0,4273.0,stratified_labeled_val,2,True,15,35,2.9319,success,,0.7206290471785384,0.6196343336581498,0.6272754258574234,1.0694937164879854,0.7321997786843278,0.4988781288373849,,,,,,,,,,
2026-06-29T11:19:04.332573+00:00,phoneme,1489,label_spreading,0,100,4223,80,20,1081,2,5,5,,,,,,,,,,,15.0,1.0,4303.0,4223.0,stratified_labeled_val,2,True,30,70,1.4127,success,,0.7261794634597595,0.6558603233851388,0.6599733059024561,1.2120790406453843,0.7824252233801839,0.5336475332282942,,,,,,,,,,
2026-06-29T11:19:05.756037+00:00,phoneme,1489,label_spreading,0,250,4073,200,50,1081,2,5,5,,,,,,,,,,,15.0,1.0,4273.0,4073.0,stratified_labeled_val,2,True,74,176,1.5403,success,,0.782608695652174,0.7225440566832377,0.7292202511082853,0.7404221464751042,0.8478702495581945,0.6347861768196392,,,,,,,,,,
2026-06-29T11:19:07.312791+00:00,phoneme,1489,label_spreading,0,500,3823,400,100,1081,2,5,5,,,,,,,,,,,15.0,1.0,4223.0,3823.0,stratified_labeled_val,2,True,147,353,1.612,success,,0.7964847363552267,0.737897831436735,0.7457210308872713,0.509016085050379,0.8674707252217284,0.7115438501413902,,,,,,,,,,
2026-06-29T11:19:08.930845+00:00,phoneme,1489,label_spreading,1,50,4273,40,10,1081,2,5,5,,,,,,,,,,,30.0,2.0,4313.0,4273.0,stratified_labeled_val,2,True,15,35,2.5008,success,,0.7058279370952821,0.7115980147653889,0.68074542698783,1.2613477984814592,0.7554399887690555,0.4373034451465993,,,,,,,,,,
2026-06-29T11:19:11.441067+00:00,phoneme,1489,label_spreading,1,100,4223,80,20,1081,2,5,5,,,,,,,,,,,15.0,1.0,4303.0,4223.0,stratified_labeled_val,2,True,30,70,1.7712,success,,0.7659574468085106,0.7209151568203214,0.719483138299891,1.6238281235832133,0.814183609427387,0.5399081945667615,,,,,,,,,,
2026-06-29T11:19:13.218255+00:00,phoneme,1489,label_spreading,1,250,4073,200,50,1081,2,5,5,,,,,,,,,,,30.0,2.0,4273.0,4073.0,stratified_labeled_val,2,True,74,176,2.4001,success,,0.7696577243293247,0.6986163641468611,0.707602027902672,0.5047216867777846,0.8438155482517713,0.6723437605495916,,,,,,,,,,
2026-06-29T11:19:15.629781+00:00,phoneme,1489,label_spreading,1,500,3823,400,100,1081,2,5,5,,,,,,,,,,,15.0,1.0,4223.0,3823.0,stratified_labeled_val,2,True,147,353,1.6112,success,,0.8149861239592969,0.7685207359571903,0.7729792846222342,0.4879831927089157,0.8748162584438535,0.7243065752684335,,,,,,,,,,
2026-06-29T11:19:17.252389+00:00,phoneme,1489,label_spreading,2,50,4273,40,10,1081,2,5,5,,,,,,,,,,,30.0,2.0,4313.0,4273.0,stratified_labeled_val,2,True,15,35,2.0757,success,,0.7474560592044404,0.6459960856855005,0.6575004787354422,0.97516405172808,0.7937965547425966,0.5544887971157484,,,,,,,,,,
2026-06-29T11:19:19.333159+00:00,phoneme,1489,label_spreading,2,100,4223,80,20,1081,2,5,5,,,,,,,,,,,15.0,1.0,4303.0,4223.0,stratified_labeled_val,2,True,30,70,1.4903,success,,0.7604070305272895,0.6985317191603218,0.7033759409250067,0.862543153391143,0.8388978809850198,0.6088682514843166,,,,,,,,,,
2026-06-29T11:19:20.835603+00:00,phoneme,1489,label_spreading,2,250,4073,200,50,1081,2,5,5,,,,,,,,,,,15.0,1.0,4273.0,4073.0,stratified_labeled_val,2,True,74,176,1.8065,success,,0.782608695652174,0.7271582407055676,0.731934731934732,0.6260923000928402,0.8598072571721143,0.6618624827618184,,,,,,,,,,
2026-06-29T11:19:22.653744+00:00,phoneme,1489,label_spreading,2,500,3823,400,100,1081,2,5,5,,,,,,,,,,,15.0,1.0,4223.0,3823.0,stratified_labeled_val,2,True,147,353,1.4149,success,,0.8260869565217391,0.7717599550762217,0.781801862159005,0.4222874250978453,0.8971625348902506,0.7451465898540682,,,,,,,,,,
2026-06-29T11:19:24.081145+00:00,phoneme,1489,label_propagation,0,50,4273,40,10,1081,2,5,5,,,,,,,,,,,15.0,1.0,4313.0,4273.0,stratified_labeled_val,2,True,15,35,3.7072,success,,0.7437557816836263,0.6018506284374122,0.6054645759136503,0.6564298097370243,0.7379308636266043,0.5348427862213693,,,,,,,,,,
2026-06-29T11:19:27.797397+00:00,phoneme,1489,label_propagation,0,100,4223,80,20,1081,2,5,5,,,,,,,,,,,15.0,1.0,4303.0,4223.0,stratified_labeled_val,2,True,30,70,3.6622,success,,0.7317298797409806,0.5951884486432029,0.5983122168235029,0.6063522169615828,0.7762358168034751,0.5420097225206013,,,,,,,,,,
2026-06-29T11:19:31.464968+00:00,phoneme,1489,label_propagation,0,250,4073,200,50,1081,2,5,5,,,,,,,,,,,15.0,1.0,4273.0,4073.0,stratified_labeled_val,2,True,74,176,3.5557,success,,0.7705827937095282,0.6965023039952434,0.706538111251226,0.5182568508310299,0.8327580226931145,0.6148117271962534,,,,,,,,,,
2026-06-29T11:19:35.029886+00:00,phoneme,1489,label_propagation,0,500,3823,400,100,1081,2,5,5,,,,,,,,,,,15.0,1.0,4223.0,3823.0,stratified_labeled_val,2,True,147,353,2.7077,success,,0.793709528214616,0.7211690917799396,0.7340484567257675,0.4305599892510285,0.8631847985862222,0.6943441195863734,,,,,,,,,,
2026-06-29T11:19:37.749039+00:00,phoneme,1489,label_propagation,1,50,4273,40,10,1081,2,5,5,,,,,,,,,,,15.0,1.0,4313.0,4273.0,stratified_labeled_val,2,True,15,35,2.4638,success,,0.6901017576318224,0.6884754818570697,0.6619405778661093,0.804178222983654,0.7316299734090871,0.410321679860002,,,,,,,,,,
2026-06-29T11:19:40.218525+00:00,phoneme,1489,label_propagation,1,100,4223,80,20,1081,2,5,5,,,,,,,,,,,15.0,1.0,4303.0,4223.0,stratified_labeled_val,2,True,30,70,2.163,success,,0.7437557816836263,0.6987484929063372,0.6955892324693163,0.5010834026206524,0.8193882438436255,0.5659719539753181,,,,,,,,,,
2026-06-29T11:19:42.385105+00:00,phoneme,1489,label_propagation,1,250,4073,200,50,1081,2,5,5,,,,,,,,,,,15.0,1.0,4273.0,4073.0,stratified_labeled_val,2,True,74,176,1.6023,success,,0.7659574468085106,0.6692362957702281,0.6834047764849969,0.4786043591593839,0.8401448461525757,0.6345541628850772,,,,,,,,,,
2026-06-29T11:19:43.994101+00:00,phoneme,1489,label_propagation,1,500,3823,400,100,1081,2,5,5,,,,,,,,,,,15.0,1.0,4223.0,3823.0,stratified_labeled_val,2,True,147,353,1.4022,success,,0.8001850138760407,0.7423613060927874,0.750344284871139,0.4182825345266431,0.8697582043701587,0.7292917755715189,,,,,,,,,,
2026-06-29T11:19:45.401498+00:00,phoneme,1489,label_propagation,2,50,4273,40,10,1081,2,5,5,,,,,,,,,,,15.0,1.0,4313.0,4273.0,stratified_labeled_val,2,True,15,35,2.2653,success,,0.7224791859389454,0.5904896196343337,0.5934459933808043,0.5975255861407099,0.8102589723685732,0.5592065136035872,,,,,,,,,,
2026-06-29T11:19:47.671590+00:00,phoneme,1489,label_propagation,2,100,4223,80,20,1081,2,5,5,,,,,,,,,,,15.0,1.0,4303.0,4223.0,stratified_labeled_val,2,True,30,70,2.1168,success,,0.7659574468085106,0.67108196937916,0.6850091620338218,0.5330862545126955,0.8453370934976134,0.655786394432977,,,,,,,,,,
2026-06-29T11:19:49.795452+00:00,phoneme,1489,label_propagation,2,250,4073,200,50,1081,2,5,5,,,,,,,,,,,15.0,1.0,4273.0,4073.0,stratified_labeled_val,2,True,74,176,2.1317,success,,0.7715078630897317,0.6639346292962491,0.6800307258318683,0.4712764838565628,0.859976547145193,0.6394717499457158,,,,,,,,,,
2026-06-29T11:19:51.931440+00:00,phoneme,1489,label_propagation,2,500,3823,400,100,1081,2,5,5,,,,,,,,,,,15.0,1.0,4223.0,3823.0,stratified_labeled_val,2,True,147,353,1.4961,success,,0.8029602220166513,0.7304821048111385,0.7448168856428813,0.4163624355637185,0.8800312154194263,0.6938883696633157,,,,,,,,,,
2026-06-29T11:19:53.433532+00:00,phoneme,1489,self_training_lr,0,50,4273,40,10,1081,2,5,5,2116.0,506.0,5.0,"{0: 2136, 1: 20}",0.4952024338871987,0.9838168831482276,0.9501460790634156,0.9957894682884216,,max_iter,,,,,stratified_labeled_val,2,True,15,35,0.2002,success,,0.7187789084181314,0.5611095512577007,0.5492076730608841,0.9141955971717834,0.770157893867574,0.517856183146066,,,,,,,,,,
2026-06-29T11:19:53.639674+00:00,phoneme,1489,self_training_lr,0,100,4223,80,20,1081,2,5,5,2111.0,159.0,5.0,"{0: 2112, 1: 79}",0.4998816007577552,0.9740326806359356,0.9500470161437988,0.9969437718391418,,max_iter,,,,,stratified_labeled_val,2,True,30,70,0.1882,success,,0.7326549491211841,0.633679207888087,0.6428782906205668,0.7436176538467407,0.7960014534163542,0.5499290190983781,,,,,,,,,,
2026-06-29T11:19:53.832394+00:00,phoneme,1489,self_training_lr,0,250,4073,200,50,1081,2,5,5,1767.0,128.0,5.0,"{0: 1899, 1: 68}",0.4338325558556347,0.970067973283974,0.9500084519386292,0.9919138550758362,,max_iter,,,,,stratified_labeled_val,2,True,74,176,0.1326,success,,0.7317298797409806,0.6256420631905792,0.6347598542255031,0.5812085270881653,0.7992881563083225,0.5692267053061957,,,,,,,,,,
2026-06-29T11:19:53.969513+00:00,phoneme,1489,self_training_lr,0,500,3823,400,100,1081,2,5,5,1485.0,47.0,5.0,"{0: 1767, 1: 118}",0.388438399162961,0.9650666644276192,0.9500049948692322,0.9878822565078736,,max_iter,,,,,stratified_labeled_val,2,True,147,353,0.1369,success,,0.7243293246993524,0.6296348291409979,0.6375258799171842,0.5309350490570068,0.7869341172973063,0.5426038928546016,,,,,,,,,,
2026-06-29T11:19:54.111015+00:00,phoneme,1489,self_training_lr,1,50,4273,40,10,1081,2,5,5,2136.0,106.0,5.0,"{0: 2134, 1: 42}",0.4998829861923707,0.9855143560396598,0.9519546031951904,0.9970828294754028,,max_iter,,,,,stratified_labeled_val,2,True,15,35,0.1226,success,,0.7030527289546716,0.6062769418798619,0.6118491921005387,0.7638890147209167,0.760888235585578,0.4909603274113836,,,,,,,,,,
2026-06-29T11:19:54.239554+00:00,phoneme,1489,self_training_lr,1,100,4223,80,20,1081,2,5,5,2111.0,332.0,4.0,"{0: 1857, 1: 334}",0.4998816007577552,0.9823425355707508,0.9500224590301514,0.9948469400405884,,max_total_pseudo_fraction,,,,,stratified_labeled_val,2,True,30,70,0.1496,success,,0.7733580018501388,0.7316877797413579,0.7293260361893374,0.8612346649169922,0.7831684476522371,0.5305927377352733,,,,,,,,,,
2026-06-29T11:19:54.396190+00:00,phoneme,1489,self_training_lr,1,250,4073,200,50,1081,2,5,5,1913.0,113.0,5.0,"{0: 2049, 1: 64}",0.4696783697520255,0.9728983316942466,0.9500067830085754,0.990675687789917,,max_iter,,,,,stratified_labeled_val,2,True,74,176,0.1773,success,,0.7141535615171137,0.6113618346078253,0.6181639854732013,0.6083618402481079,0.7822848365732407,0.5529021161203038,,,,,,,,,,
2026-06-29T11:19:54.578946+00:00,phoneme,1489,self_training_lr,1,500,3823,400,100,1081,2,5,5,1431.0,132.0,5.0,"{0: 1712, 1: 119}",0.374313366466126,0.9615776276855016,0.9500346779823304,0.9781062602996826,,max_iter,,,,,stratified_labeled_val,2,True,147,353,0.1301,success,,0.7252543940795559,0.6330577898161759,0.6408698132519002,0.5211670398712158,0.7885815977670241,0.5543438771985711,,,,,,,,,,
2026-06-29T11:19:54.713993+00:00,phoneme,1489,self_training_lr,2,50,4273,40,10,1081,2,5,5,2136.0,254.0,4.0,"{0: 1648, 1: 528}",0.4998829861923707,0.985715457451031,0.9501006603240968,0.9981406331062316,,max_total_pseudo_fraction,,,,,stratified_labeled_val,2,True,15,35,0.1889,success,,0.7428307123034228,0.7350075148231952,0.7129064924146892,0.9438706636428832,0.7909227542239914,0.5211141479599869,,,,,,,,,,
2026-06-29T11:19:54.909889+00:00,phoneme,1489,self_training_lr,2,100,4223,80,20,1081,2,5,5,2111.0,324.0,4.0,"{0: 1810, 1: 381}",0.4998816007577552,0.979814487969576,0.95035719871521,0.9955135583877563,,max_total_pseudo_fraction,,,,,stratified_labeled_val,2,True,30,70,0.1458,success,,0.7437557816836263,0.6821374304259501,0.685268629027596,0.753884494304657,0.8052628536508827,0.5978296633421497,,,,,,,,,,
2026-06-29T11:19:55.061795+00:00,phoneme,1489,self_training_lr,2,250,4073,200,50,1081,2,5,5,1822.0,147.0,5.0,"{0: 1832, 1: 190}",0.447336115885097,0.969554290355364,0.9500643014907836,0.9859105348587036,,max_iter,,,,,stratified_labeled_val,2,True,74,176,0.1423,success,,0.7465309898242368,0.6841007812112905,0.6877566940754797,0.5792331099510193,0.8097015541645334,0.5863090036412919,,,,,,,,,,
2026-06-29T11:19:55.208554+00:00,phoneme,1489,self_training_lr,2,500,3823,400,100,1081,2,5,5,1560.0,80.0,5.0,"{0: 1835, 1: 125}",0.4080565001307873,0.9648990787756748,0.950001060962677,0.9857752919197084,,max_iter,,,,,stratified_labeled_val,2,True,147,353,0.2913,success,,0.7372802960222017,0.645256990437181,0.6545548654244306,0.5156462788581848,0.8128396122020908,0.568870270431301,,,,,,,,,,
2026-06-29T11:19:55.524375+00:00,phoneme,1489,self_training_xgboost,0,50,4273,40,10,1081,2,5,5,1631.0,589.0,3.0,"{0: 1528, 1: 143}",0.3816990404867774,0.9941809342581388,0.9505071640014648,0.9998363256454468,,max_iter,,,,,stratified_labeled_val,2,True,15,35,8.5346,success,,0.7409805735430157,0.6349550762217782,0.645507355007964,1.070950627326965,0.741876145804086,0.5273529978982499,,,,,,,,,,
2026-06-29T11:20:04.068938+00:00,phoneme,1489,self_training_xgboost,0,100,4223,80,20,1081,2,5,5,1948.0,569.0,3.0,"{0: 1556, 1: 472}",0.4612834477859341,0.9949816970242612,0.9501196146011353,0.999845564365387,,max_iter,,,,,stratified_labeled_val,2,True,30,70,5.3281,success,,0.7650323774283071,0.7156465225362115,0.71604409696368,0.8420788645744324,0.819437792128429,0.5907771194176744,,,,,,,,,,
2026-06-29T11:20:09.427946+00:00,phoneme,1489,self_training_xgboost,0,250,4073,200,50,1081,2,5,5,1989.0,522.0,3.0,"{0: 1641, 1: 548}",0.4883378345200098,0.9965423173854074,0.9678768515586852,0.999868392944336,,max_iter,,,,,stratified_labeled_val,2,True,74,176,11.7895,success,,0.790009250693802,0.7619246205427188,0.753915350017299,0.7719103097915649,0.8481551521958148,0.6470559577836558,,,,,,,,,,
2026-06-29T11:20:21.239381+00:00,phoneme,1489,self_training_xgboost,0,500,3823,400,100,1081,2,5,5,1867.0,490.0,3.0,"{0: 1761, 1: 506}",0.4883599267590897,0.9959541591783226,0.9687668085098268,0.999881386756897,,max_iter,,,,,stratified_labeled_val,2,True,147,353,7.1969,success,,0.8233117483811286,0.7882533403802006,0.7874555421159637,0.537536084651947,0.8853948172494096,0.7364058933853442,,,,,,,,,,
2026-06-29T11:20:28.447815+00:00,phoneme,1489,self_training_xgboost,1,50,4273,40,10,1081,2,5,5,1926.0,587.0,3.0,"{0: 1372, 1: 594}",0.4507371869880646,0.9956611216934794,0.9507728219032288,0.9998273253440856,,max_iter,,,,,stratified_labeled_val,2,True,15,35,7.4071,success,,0.7520814061054579,0.728632302178473,0.7156357725620146,1.124064326286316,0.7797785191669282,0.5137549885935052,,,,,,,,,,
2026-06-29T11:20:35.866760+00:00,phoneme,1489,self_training_xgboost,1,100,4223,80,20,1081,2,5,5,2062.0,541.0,3.0,"{0: 1430, 1: 712}",0.4882784750177599,0.9962821754289992,0.9731892347335817,0.999761700630188,,max_iter,,,,,stratified_labeled_val,2,True,30,70,6.0714,success,,0.7724329324699353,0.7485672287644309,0.7369548702609026,1.126977801322937,0.8038404049746477,0.5365046243877405,,,,,,,,,,
2026-06-29T11:20:41.945540+00:00,phoneme,1489,self_training_xgboost,1,250,4073,200,50,1081,2,5,5,1950.0,531.0,3.0,"{0: 1641, 1: 509}",0.4787625828627547,0.9947705486493232,0.95041424036026,0.999882161617279,,max_iter,,,,,stratified_labeled_val,2,True,74,176,8.1327,success,,0.8029602220166513,0.7747782714255042,0.7679277859137781,0.6438838243484497,0.8704787190116768,0.703947589964714,,,,,,,,,,
2026-06-29T11:20:50.086264+00:00,phoneme,1489,self_training_xgboost,1,500,3823,400,100,1081,2,5,5,1867.0,490.0,3.0,"{0: 1769, 1: 498}",0.4883599267590897,0.9964937656782628,0.9669790267944336,0.9999207854270936,,max_iter,,,,,stratified_labeled_val,2,True,147,353,7.7673,success,,0.8408880666049954,0.8099162633986821,0.8087733155612602,0.5159822106361389,0.900824978941979,0.7788850491532908,,,,,,,,,,
2026-06-29T11:20:57.861722+00:00,phoneme,1489,self_training_xgboost,2,50,4273,40,10,1081,2,5,5,2086.0,547.0,3.0,"{0: 1204, 1: 922}",0.4881816054294406,0.9950098247050324,0.9668629169464112,0.9998127222061156,,max_iter,,,,,stratified_labeled_val,2,True,15,35,2.0086,success,,0.7363552266419982,0.7230436685550068,0.7038774621610788,1.171667218208313,0.833329892480222,0.6290543266811283,,,,,,,,,,
2026-06-29T11:20:59.877870+00:00,phoneme,1489,self_training_xgboost,2,100,4223,80,20,1081,2,5,5,1996.0,557.0,3.0,"{0: 1556, 1: 520}",0.4726497750414397,0.9953554645628632,0.9504326581954956,0.9998801350593568,,max_iter,,,,,stratified_labeled_val,2,True,30,70,6.0908,success,,0.7733580018501388,0.7482988422217451,0.7374030921282897,0.7968224883079529,0.8504240507374435,0.6719581747335935,,,,,,,,,,
2026-06-29T11:21:05.984097+00:00,phoneme,1489,self_training_xgboost,2,250,4073,200,50,1081,2,5,5,1989.0,522.0,3.0,"{0: 1641, 1: 548}",0.4883378345200098,0.9963846126053428,0.9656530618667604,0.9998934268951416,,max_iter,,,,,stratified_labeled_val,2,True,74,176,7.5082,success,,0.8038852913968547,0.78096974251408,0.7711209651645894,0.6871671676635742,0.8737303252019093,0.7144873188086305,,,,,,,,,,
2026-06-29T11:21:13.499633+00:00,phoneme,1489,self_training_xgboost,2,500,3823,400,100,1081,2,5,5,1867.0,490.0,3.0,"{0: 1761, 1: 506}",0.4883599267590897,0.9965543461854788,0.9723486304283142,0.999915361404419,,max_iter,,,,,stratified_labeled_val,2,True,147,353,7.9243,success,,0.8353376503237743,0.7986068673922737,0.8002620018435629,0.500699520111084,0.9056724528052588,0.7557534843654053,,,,,,,,,,
2026-06-29T11:21:21.431745+00:00,phoneme,1489,self_training_lightgbm,0,50,4273,40,10,1081,2,5,5,0.0,0.0,0.0,"{0: 28, 1: 12}",0.0,,,,,no_candidates,,,,,stratified_labeled_val,2,True,15,35,0.2918,success,,0.7067530064754857,0.5,0.4140921409214092,0.6051424941170336,0.5,0.2932469935245143,,,,,,,,,,
2026-06-29T11:21:21.731542+00:00,phoneme,1489,self_training_lightgbm,0,100,4223,80,20,1081,2,5,5,2015.0,552.0,3.0,"{0: 1547, 1: 548}",0.477148946246744,0.9966139250106084,0.9502845908295814,0.999999996495946,,max_iter,,,,,stratified_labeled_val,2,True,30,70,5.8282,success,,0.7770582793709528,0.7370740912018763,0.7342178421860733,1.658255130847138,0.8414620047236032,0.615274293177774,,,,,,,,,,
2026-06-29T11:21:27.567005+00:00,phoneme,1489,self_training_lightgbm,0,250,4073,200,50,1081,2,5,5,1989.0,522.0,3.0,"{0: 1641, 1: 548}",0.4883378345200098,0.9998489247224462,0.9970146903846144,0.9999999995071382,,max_iter,,,,,stratified_labeled_val,2,True,74,176,22.1493,success,,0.8029602220166513,0.7683184137942425,0.7650970970358242,1.4108067571917762,0.867066080895833,0.6722101204542068,,,,,,,,,,
2026-06-29T11:21:49.727088+00:00,phoneme,1489,self_training_lightgbm,0,500,3823,400,100,1081,2,5,5,1867.0,490.0,3.0,"{0: 1731, 1: 536}",0.4883599267590897,0.9999136383048232,0.9980124797797998,0.999999999311683,,max_iter,,,,,stratified_labeled_val,2,True,147,353,16.8153,success,,0.8316373728029602,0.7941433927362214,0.7957735075029688,1.0495740840729506,0.893479445719854,0.7587001593654432,,,,,,,,,,
2026-06-29T11:22:06.555012+00:00,phoneme,1489,self_training_lightgbm,1,50,4273,40,10,1081,2,5,5,0.0,0.0,0.0,"{0: 28, 1: 12}",0.0,,,,,no_candidates,,,,,stratified_labeled_val,2,True,15,35,0.468,success,,0.7067530064754857,0.5,0.4140921409214092,0.5761794105518369,0.6447202173518093,0.3791812228714903,,,,,,,,,,
2026-06-29T11:22:07.030182+00:00,phoneme,1489,self_training_lightgbm,1,100,4223,80,20,1081,2,5,5,2062.0,541.0,3.0,"{0: 1461, 1: 681}",0.4882784750177599,0.9976266131399228,0.971994847138204,0.9999999769922374,,max_iter,,,,,stratified_labeled_val,2,True,30,70,9.5851,success,,0.7659574468085106,0.7301435248649809,0.7243461494656613,2.30193740023815,0.8107379391216741,0.5387599758954992,,,,,,,,,,
2026-06-29T11:22:16.622427+00:00,phoneme,1489,self_training_lightgbm,1,250,4073,200,50,1081,2,5,5,1989.0,522.0,3.0,"{0: 1641, 1: 548}",0.4883378345200098,0.99932136238074,0.9879293634760588,0.9999999948973992,,max_iter,,,,,stratified_labeled_val,2,True,74,176,14.7788,success,,0.8103607770582794,0.7883194047599386,0.7784971128309849,1.37153705192666,0.8735692932762977,0.7009529293577784,,,,,,,,,,
2026-06-29T11:22:31.416731+00:00,phoneme,1489,self_training_lightgbm,1,500,3823,400,100,1081,2,5,5,1867.0,490.0,3.0,"{0: 1764, 1: 503}",0.4883599267590897,0.9999071585047588,0.99795644306526,0.9999999991053216,,max_iter,,,,,stratified_labeled_val,2,True,147,353,14.3105,success,,0.849213691026827,0.8222661733859646,0.8195966692501513,1.0217814539232462,0.9007382694435728,0.7749275026087509,,,,,,,,,,
2026-06-29T11:22:45.735375+00:00,phoneme,1489,self_training_lightgbm,2,50,4273,40,10,1081,2,5,5,0.0,0.0,0.0,"{0: 28, 1: 12}",0.0,,,,,no_candidates,,,,,stratified_labeled_val,2,True,15,35,0.1628,success,,0.7067530064754857,0.5,0.4140921409214092,0.6051424941170336,0.5,0.2932469935245143,,,,,,,,,,
2026-06-29T11:22:45.904543+00:00,phoneme,1489,self_training_lightgbm,2,100,4223,80,20,1081,2,5,5,2036.0,547.0,3.0,"{0: 1529, 1: 587}",0.4821217144210277,0.9963393931211232,0.950127039133534,0.9999999830834154,,max_iter,,,,,stratified_labeled_val,2,True,30,70,6.0848,success,,0.7668825161887142,0.7547917320428759,0.7361371561410306,1.8007969278132374,0.8483822485011642,0.6739020032925753,,,,,,,,,,
2026-06-29T11:22:52.005160+00:00,phoneme,1489,self_training_lightgbm,2,250,4073,200,50,1081,2,5,5,1989.0,522.0,3.0,"{0: 1614, 1: 575}",0.4883378345200098,0.9997245285750468,0.9956294236101848,0.9999999990488696,,max_iter,,,,,stratified_labeled_val,2,True,74,176,8.7562,success,,0.8196114708603145,0.7948639073777396,0.7875395223154307,1.2592589203485054,0.8846474639536228,0.7482885800891947,,,,,,,,,,
2026-06-29T11:23:00.769061+00:00,phoneme,1489,self_training_lightgbm,2,500,3823,400,100,1081,2,5,5,1867.0,490.0,3.0,"{0: 1756, 1: 511}",0.4883599267590897,0.9999039469453832,0.9978871729356444,0.9999999999688476,,max_iter,,,,,stratified_labeled_val,2,True,147,353,9.939,success,,0.8297872340425532,0.7836061241680017,0.7899019773533885,1.017799053018773,0.9072538688952384,0.7689405223416618,,,,,,,,,,
2026-06-29T11:23:10.715981+00:00,phoneme,1489,self_training_catboost,0,50,4273,40,10,1081,2,5,5,0.0,0.0,0.0,"{0: 28, 1: 12}",0.0,,,,,no_candidates,,,,,stratified_labeled_val,2,True,15,35,0.4703,success,,0.7382053654024052,0.5988467636711976,0.6022516144718041,0.4899920431601623,0.8078249128775992,0.6048392223626845,,,,,,,,,,
2026-06-29T11:23:11.193345+00:00,phoneme,1489,self_training_catboost,0,100,4223,80,20,1081,2,5,5,0.0,0.0,0.0,"{0: 56, 1: 24}",0.0,,,,,min_added_fraction,,,,,stratified_labeled_val,2,True,30,70,0.6933,success,,0.7493061979648473,0.643613638991197,0.6555402044763747,0.4566050370197372,0.8356049845574512,0.5918052754718709,,,,,,,,,,
2026-06-29T11:23:11.902641+00:00,phoneme,1489,self_training_catboost,0,250,4073,200,50,1081,2,5,5,750.0,250.0,3.0,"{0: 891, 1: 59}",0.1841394549472133,0.9848340570039013,0.974302525346391,0.9936579066854496,,max_iter,,,,,stratified_labeled_val,2,True,74,176,3.0661,success,,0.7844588344125809,0.7155474259666045,0.7257961093492975,0.4213471282112843,0.8594851933208912,0.645258756321203,,,,,,,,,,
2026-06-29T11:23:15.018317+00:00,phoneme,1489,self_training_catboost,0,500,3823,400,100,1081,2,5,5,750.0,250.0,3.0,"{0: 1032, 1: 118}",0.1961810096782631,0.9807408207268966,0.9745227426765932,0.9921338799567566,,max_iter,,,,,stratified_labeled_val,2,True,147,353,4.282,success,,0.8075855689176689,0.7411370505557666,0.7538706739526411,0.3884141561491449,0.8790691528894907,0.7303413443830136,,,,,,,,,,
2026-06-29T11:23:19.313939+00:00,phoneme,1489,self_training_catboost,1,50,4273,40,10,1081,2,5,5,0.0,0.0,0.0,"{0: 28, 1: 12}",0.0,,,,,no_candidates,,,,,stratified_labeled_val,2,True,15,35,2.0251,success,,0.7391304347826086,0.670559647876856,0.6753961155123946,0.513547756631984,0.7790456174542092,0.5085409751364836,,,,,,,,,,
2026-06-29T11:23:21.379555+00:00,phoneme,1489,self_training_catboost,1,100,4223,80,20,1081,2,5,5,0.0,0.0,0.0,"{0: 56, 1: 24}",0.0,,,,,no_candidates,,,,,stratified_labeled_val,2,True,30,70,3.3239,success,,0.7493061979648473,0.6731444167341074,0.6810761615178524,0.4972851669972766,0.8284308058202718,0.5811439778345966,,,,,,,,,,
2026-06-29T11:23:24.739336+00:00,phoneme,1489,self_training_catboost,1,250,4073,200,50,1081,2,5,5,635.0,250.0,3.0,"{0: 776, 1: 59}",0.1559047385219739,0.9835263032189592,0.9700058392810724,0.993675541218866,,max_iter,,,,,stratified_labeled_val,2,True,74,176,8.1031,success,,0.7946345975948196,0.7209007052372537,0.7343380536146018,0.4089709820563358,0.8690562703354419,0.6868204498925153,,,,,,,,,,
2026-06-29T11:23:32.853106+00:00,phoneme,1489,self_training_catboost,1,500,3823,400,100,1081,2,5,5,750.0,250.0,3.0,"{0: 1032, 1: 118}",0.1961810096782631,0.9851589274467818,0.9769378556949844,0.9946269263285902,,max_iter,,,,,stratified_labeled_val,2,True,147,353,5.8673,success,,0.818686401480111,0.766524352981981,0.7743887895050685,0.3723999321512474,0.8921375130064247,0.7497096883456442,,,,,,,,,,
2026-06-29T11:23:38.739273+00:00,phoneme,1489,self_training_catboost,2,50,4273,40,10,1081,2,5,5,0.0,0.0,0.0,"{0: 28, 1: 12}",0.0,,,,,no_candidates,,,,,stratified_labeled_val,2,True,15,35,0.9432,success,,0.7354301572617946,0.6882442565279865,0.6854232804232805,0.4741318309000996,0.8148855434621038,0.5757451243741565,,,,,,,,,,
2026-06-29T11:23:39.699452+00:00,phoneme,1489,self_training_catboost,2,100,4223,80,20,1081,2,5,5,0.0,0.0,0.0,"{0: 56, 1: 24}",0.0,,,,,no_candidates,,,,,stratified_labeled_val,2,True,30,70,3.6659,success,,0.7641073080481036,0.6697730688555997,0.6833171538695724,0.4335487710443997,0.8522532082514409,0.6690560647023848,,,,,,,,,,
2026-06-29T11:23:43.412036+00:00,phoneme,1489,self_training_catboost,2,250,4073,200,50,1081,2,5,5,750.0,250.0,3.0,"{0: 891, 1: 59}",0.1841394549472133,0.9859421108279728,0.976778871850208,0.993880534419056,,max_iter,,,,,stratified_labeled_val,2,True,74,176,6.0167,success,,0.8085106382978723,0.7611710737113317,0.7652625450425643,0.3829728898079165,0.8829008869142979,0.733366195243503,,,,,,,,,,
2026-06-29T11:23:49.442390+00:00,phoneme,1489,self_training_catboost,2,500,3823,400,100,1081,2,5,5,750.0,250.0,3.0,"{0: 1032, 1: 118}",0.1961810096782631,0.9867279918423644,0.9815068609671886,0.9929388488598224,,max_iter,,,,,stratified_labeled_val,2,True,147,353,6.8488,success,,0.8288621646623496,0.7792603266883578,0.7872674259661708,0.3571245924015033,0.9006598179926338,0.7714734257638666,,,,,,,,,,
2026-06-29T11:23:56.313572+00:00,phoneme,1489,rpl_lr,0,50,4273,40,10,1081,2,5,5,,,,,,,,,,,,,,,stratified_labeled_val,2,True,15,35,0.429,success,,0.7058279370952821,0.5085739177828794,0.4424147461849891,1.8068393468856807,0.7249616000792773,0.4964536924138139,,,,,,,,,,
2026-06-29T11:23:56.757031+00:00,phoneme,1489,rpl_lr,0,100,4223,80,20,1081,2,5,5,,,,,,,,,,,,,,,stratified_labeled_val,2,True,30,70,0.6211,success,,0.7548566142460684,0.6743026078913902,0.6839589283960914,1.2010596990585327,0.7915008175466992,0.5518381916004673,,,,,,,,,,
2026-06-29T11:23:57.425297+00:00,phoneme,1489,rpl_lr,0,250,4073,200,50,1081,2,5,5,,,,,,,,,,,,,,,stratified_labeled_val,2,True,74,176,2.3718,success,,0.7400555041628122,0.6370691363733959,0.6474638627276894,0.8102508783340454,0.8030249227872562,0.591431136478525,,,,,,,,,,
2026-06-29T11:23:59.931720+00:00,phoneme,1489,rpl_lr,0,500,3823,400,100,1081,2,5,5,,,,,,,,,,,,,,,stratified_labeled_val,2,True,147,353,1.2662,success,,0.723404255319149,0.6169835004211603,0.6248814767102461,0.5748620629310608,0.7939906188580773,0.5576074079651097,,,,,,,,,,
2026-06-29T11:24:01.233064+00:00,phoneme,1489,rpl_lr,1,50,4273,40,10,1081,2,5,5,,,,,,,,,,,,,,,stratified_labeled_val,2,True,15,35,0.9446,success,,0.7548566142460684,0.7010648752209028,0.7023570178036147,1.5066238641738892,0.7633491337308207,0.4954668406474969,,,,,,,,,,
2026-06-29T11:24:02.188698+00:00,phoneme,1489,rpl_lr,1,100,4223,80,20,1081,2,5,5,,,,,,,,,,,,,,,stratified_labeled_val,2,True,30,70,0.3591,success,,0.7724329324699353,0.7338018398929758,0.7298927396091497,1.461627721786499,0.7703147967694518,0.5230090676487806,,,,,,,,,,
2026-06-29T11:24:02.568031+00:00,phoneme,1489,rpl_lr,1,250,4073,200,50,1081,2,5,5,,,,,,,,,,,,,,,stratified_labeled_val,2,True,74,176,1.1082,success,,0.7354301572617946,0.6181086593885742,0.6269139056224899,0.7172634601593018,0.795283003286703,0.5915062942226478,,,,,,,,,,
2026-06-29T11:24:03.714707+00:00,phoneme,1489,rpl_lr,1,500,3823,400,100,1081,2,5,5,,,,,,,,,,,,,,,stratified_labeled_val,2,True,147,353,1.117,success,,0.7261794634597595,0.6207925248154327,0.6291216942991729,0.5629090070724487,0.7909846895799957,0.5613815171731225,,,,,,,,,,
2026-06-29T11:24:04.868442+00:00,phoneme,1489,rpl_lr,2,50,4273,40,10,1081,2,5,5,,,,,,,,,,,,,,,stratified_labeled_val,2,True,15,35,1.3431,success,,0.7345050878815911,0.7171205840091168,0.7001300013048458,1.639054536819458,0.780356582489636,0.5038411238931675,,,,,,,,,,
2026-06-29T11:24:06.252424+00:00,phoneme,1489,rpl_lr,2,100,4223,80,20,1081,2,5,5,,,,,,,,,,,,,,,stratified_labeled_val,2,True,30,70,1.3741,success,,0.7483811285846439,0.6715671296678614,0.6795501111643925,1.205350637435913,0.8093216839810395,0.6118248646607161,,,,,,,,,,
2026-06-29T11:24:07.668971+00:00,phoneme,1489,rpl_lr,2,250,4073,200,50,1081,2,5,5,,,,,,,,,,,,,,,stratified_labeled_val,2,True,74,176,1.2421,success,,0.7548566142460684,0.6918365071762432,0.6965043411008757,0.7581986784934998,0.8171048937189291,0.6101029595194992,,,,,,,,,,
2026-06-29T11:24:08.942693+00:00,phoneme,1489,rpl_lr,2,500,3823,400,100,1081,2,5,5,,,,,,,,,,,,,,,stratified_labeled_val,2,True,147,353,2.4776,success,,0.7391304347826086,0.6410288701339455,0.6510955555148608,0.5979200005531311,0.8208375311741292,0.596056100794999,,,,,,,,,,
2026-06-29T11:24:11.451235+00:00,phoneme,1489,rpl_lite_xgboost,0,50,4273,40,10,1081,2,5,5,1809.0,617.0,3.0,"{0: 1500, 1: 309}",0.4233559560028083,0.9905628685532122,,,0.2698694997238245,max_iter,,,,,stratified_labeled_val,2,True,15,35,11.4358,success,,0.7474560592044404,0.6801410474507408,0.6854345895853697,1.074411392211914,0.7610079772738534,0.5492796653158916,,,,,,,,,,
2026-06-29T11:24:22.911845+00:00,phoneme,1489,rpl_lite_xgboost,0,100,4223,80,20,1081,2,5,5,2013.0,553.0,3.0,"{0: 1500, 1: 513}",0.4766753492777646,0.9920082583808804,,,0.2495112629511656,max_iter,,,,,stratified_labeled_val,2,True,30,70,8.7994,success,,0.7668825161887142,0.729875138322295,0.7247340425531915,0.872585654258728,0.8213226914628305,0.5868428931701175,,,,,,,,,,
2026-06-29T11:24:31.723550+00:00,phoneme,1489,rpl_lite_xgboost,0,250,4073,200,50,1081,2,5,5,1989.0,522.0,3.0,"{0: 1500, 1: 489}",0.4883378345200098,0.9965629636671988,,,0.2464455896587036,max_iter,,,,,stratified_labeled_val,2,True,74,176,7.2715,success,,0.7853839037927844,0.7577295324293525,0.7491176823656516,0.75687575340271,0.8528395296216162,0.6526391391636259,,,,,,,,,,
2026-06-29T11:24:39.008942+00:00,phoneme,1489,rpl_lite_xgboost,0,500,3823,400,100,1081,2,5,5,1867.0,490.0,3.0,"{0: 1474, 1: 393}",0.4883599267590897,0.9958800811402352,,,0.2606988804117306,max_iter,,,,,stratified_labeled_val,2,True,147,353,10.3794,success,,0.8149861239592969,0.774057756783986,0.7755752829702953,0.5428240299224854,0.8846887541909589,0.735415553149272,,,,,,,,,,
2026-06-29T11:24:49.402704+00:00,phoneme,1489,rpl_lite_xgboost,1,50,4273,40,10,1081,2,5,5,2086.0,547.0,3.0,"{0: 1429, 1: 657}",0.4881816054294406,0.9888695440150632,,,0.1770772950190602,max_iter,,,,,stratified_labeled_val,2,True,15,35,5.4689,success,,0.7465309898242368,0.7219370901943944,0.7092694092611642,1.11331307888031,0.788868564916511,0.5243953373017017,,,,,,,,,,
2026-06-29T11:24:54.886611+00:00,phoneme,1489,rpl_lite_xgboost,1,100,4223,80,20,1081,2,5,5,2062.0,541.0,3.0,"{0: 1361, 1: 701}",0.4882784750177599,0.9962874106650904,,,0.1820146024220335,max_iter,,,,,stratified_labeled_val,2,True,30,70,10.2699,success,,0.7705827937095282,0.7380299601962113,0.7309261132790544,1.1126863956451416,0.8101640048226997,0.554827403283398,,,,,,,,,,
2026-06-29T11:25:05.164058+00:00,phoneme,1489,rpl_lite_xgboost,1,250,4073,200,50,1081,2,5,5,1989.0,522.0,3.0,"{0: 1500, 1: 489}",0.4883378345200098,0.9932709947310842,,,0.1907742063708132,max_iter,,,,,stratified_labeled_val,2,True,74,176,8.0627,success,,0.8057354301572618,0.7767416222108445,0.7706117021276595,0.6523871421813965,0.8704353642624737,0.7055030522684359,,,,,,,,,,
2026-06-29T11:25:13.237670+00:00,phoneme,1489,rpl_lite_xgboost,1,500,3823,400,100,1081,2,5,5,1867.0,490.0,3.0,"{0: 1486, 1: 381}",0.4883599267590897,0.9964564868838122,,,0.2625410733013699,max_iter,,,,,stratified_labeled_val,2,True,147,353,9.2345,success,,0.8408880666049954,0.8080705897897501,0.8080705897897501,0.5076923370361328,0.9011553008406692,0.779155301096053,,,,,,,,,,
2026-06-29T11:25:22.485010+00:00,phoneme,1489,rpl_lite_xgboost,2,50,4273,40,10,1081,2,5,5,2086.0,547.0,3.0,"{0: 1200, 1: 886}",0.4881816054294406,0.9949795071139204,,,0.2613490243455173,max_iter,,,,,stratified_labeled_val,2,True,15,35,5.7177,success,,0.7456059204440333,0.7332795183906717,0.71387280177023,1.1693252325057983,0.8360344030257486,0.6319970454106105,,,,,,,,,,
2026-06-29T11:25:28.215936+00:00,phoneme,1489,rpl_lite_xgboost,2,100,4223,80,20,1081,2,5,5,2062.0,541.0,3.0,"{0: 1499, 1: 563}",0.4882784750177599,0.9920638388042652,,,0.2949433548219058,max_iter,,,,,stratified_labeled_val,2,True,30,70,8.5597,success,,0.7779833487511564,0.7607994615753051,0.7457308180834549,0.8206626772880554,0.8541071399078402,0.6842433180741145,,,,,,,,,,
2026-06-29T11:25:36.788552+00:00,phoneme,1489,rpl_lite_xgboost,2,250,4073,200,50,1081,2,5,5,1989.0,522.0,3.0,"{0: 1500, 1: 489}",0.4883378345200098,0.9963996410070202,,,0.2911714881407551,max_iter,,,,,stratified_labeled_val,2,True,74,176,7.3159,success,,0.8057354301572618,0.785969990255504,0.7743780263816997,0.681353747844696,0.875410837861496,0.7224795422470381,,,,,,,,,,
2026-06-29T11:25:44.119050+00:00,phoneme,1489,rpl_lite_xgboost,2,500,3823,400,100,1081,2,5,5,1867.0,490.0,3.0,"{0: 1481, 1: 386}",0.4883599267590897,0.9965376054851142,,,0.2918337694001043,max_iter,,,,,stratified_labeled_val,2,True,147,353,8.8809,success,,0.8399629972247918,0.8055704659190381,0.8064169860909405,0.4950944185256958,0.9080012221910252,0.7617774492053689,,,,,,,,,,
2026-06-29T11:25:53.130250+00:00,spambase,44,logistic_regression,0,50,3630,40,10,921,2,57,57,,,,,,,,,,,,,,,stratified_labeled_val,2,True,20,30,0.2925,success,,0.8849077090119435,0.8828756775970852,0.8802840045126796,0.3428041338920593,0.9405294390631632,0.8899128468838724,,,,,,,,,,
2026-06-29T11:25:53.437506+00:00,spambase,44,logistic_regression,0,100,3580,80,20,921,2,57,57,,,,,,,,,,,,,,,stratified_labeled_val,2,True,40,60,0.3094,success,,0.9077090119435396,0.9089131787079,0.9043738708641104,0.3683435022830963,0.947194328426,0.8712324112516531,,,,,,,,,,
2026-06-29T11:25:53.762004+00:00,spambase,44,logistic_regression,0,250,3430,200,50,921,2,57,57,,,,,,,,,,,,,,,stratified_labeled_val,2,True,99,151,0.3018,success,,0.9250814332247556,0.9193992713054298,0.921216178521618,0.2944577038288116,0.9594552563760776,0.910275011915794,,,,,,,,,,
2026-06-29T11:25:54.076311+00:00,spambase,44,logistic_regression,0,500,3180,400,100,921,2,57,57,,,,,,,,,,,,,,,stratified_labeled_val,2,True,197,303,0.3062,success,,0.9163952225841476,0.9141562250066648,0.9127601651869794,0.30573371052742,0.9592108770994402,0.9033491404687826,,,,,,,,,,
2026-06-29T11:25:54.395418+00:00,spambase,44,logistic_regression,1,50,3630,40,10,921,2,57,57,,,,,,,,,,,,,,,stratified_labeled_val,2,True,20,30,0.2867,success,,0.8675352877307275,0.8497659883290382,0.8576240002432869,0.3675488829612732,0.9160075831630085,0.8823608993600219,,,,,,,,,,
2026-06-29T11:25:54.692047+00:00,spambase,44,logistic_regression,1,100,3580,80,20,921,2,57,57,,,,,,,,,,,,,,,stratified_labeled_val,2,True,40,60,0.2892,success,,0.9033659066232356,0.8937764744216357,0.8977413499504108,0.3015748262405395,0.9462266852296176,0.9186932797339606,,,,,,,,,,
2026-06-29T11:25:54.992941+00:00,spambase,44,logistic_regression,1,250,3430,200,50,921,2,57,57,,,,,,,,,,,,,,,stratified_labeled_val,2,True,99,151,0.2976,success,,0.9044516829533116,0.8965979442519032,0.8992641940936661,0.3030946552753448,0.9484557204498554,0.9118672082118952,,,,,,,,,,
2026-06-29T11:25:55.301370+00:00,spambase,44,logistic_regression,1,500,3180,400,100,921,2,57,57,,,,,,,,,,,,,,,stratified_labeled_val,2,True,197,303,0.2532,success,,0.9120521172638436,0.9033516988062442,0.9070328807581828,0.2952513396739959,0.953227287538138,0.9214185674083512,,,,,,,,,,
2026-06-29T11:25:55.562408+00:00,spambase,44,logistic_regression,2,50,3630,40,10,921,2,57,57,,,,,,,,,,,,,,,stratified_labeled_val,2,True,20,30,0.2168,success,,0.7698154180238871,0.7359074617139134,0.7442872858714442,0.5367651581764221,0.8503263327310248,0.7560107474869454,,,,,,,,,,
2026-06-29T11:25:55.790415+00:00,spambase,44,logistic_regression,2,100,3580,80,20,921,2,57,57,,,,,,,,,,,,,,,stratified_labeled_val,2,True,40,60,0.241,success,,0.8306188925081434,0.807266210492017,0.8160735316708485,0.5121012926101685,0.9054449677616834,0.8125819657582002,,,,,,,,,,
2026-06-29T11:25:56.043518+00:00,spambase,44,logistic_regression,2,250,3430,200,50,921,2,57,57,,,,,,,,,,,,,,,stratified_labeled_val,2,True,99,151,0.4123,success,,0.8664495114006515,0.8628291714801979,0.8608974870607882,0.4254532158374786,0.926646721368129,0.8493473226676963,,,,,,,,,,
2026-06-29T11:25:56.476846+00:00,spambase,44,logistic_regression,2,500,3180,400,100,921,2,57,57,,,,,,,,,,,,,,,stratified_labeled_val,2,True,197,303,0.4134,success,,0.8914223669923995,0.8858452560798602,0.8862165073780133,0.292420357465744,0.9512451000720796,0.9157388452343058,,,,,,,,,,
2026-06-29T11:25:56.900057+00:00,spambase,44,random_forest,0,50,3630,40,10,921,2,57,57,,,,,,,,,,,,,,,stratified_labeled_val,2,True,20,30,3.1372,success,,0.8827361563517915,0.8637548505583696,0.8733278997503948,0.3867249793095098,0.943550855574316,0.9322214570299708,,,,,,,,,,
2026-06-29T11:26:00.079632+00:00,spambase,44,random_forest,0,100,3580,80,20,921,2,57,57,,,,,,,,,,,,,,,stratified_labeled_val,2,True,40,60,5.7599,success,,0.9250814332247556,0.9126603276163392,0.920005488301484,0.3015742787940277,0.9593614542294896,0.9516275883387296,,,,,,,,,,
2026-06-29T11:26:05.853025+00:00,spambase,44,random_forest,0,250,3430,200,50,921,2,57,57,,,,,,,,,,,,,,,stratified_labeled_val,2,True,99,151,2.9878,success,,0.9315960912052116,0.9218874966675552,0.9273765671994862,0.2515497008170229,0.9715285800329788,0.9612921392019658,,,,,,,,,,
2026-06-29T11:26:08.862936+00:00,spambase,44,random_forest,0,500,3180,400,100,921,2,57,57,,,,,,,,,,,,,,,stratified_labeled_val,2,True,197,303,2.2247,success,,0.9391965255157436,0.9353801949109868,0.936218836565097,0.2218766954373099,0.979346248407832,0.9680046850925158,,,,,,,,,,
2026-06-29T11:26:11.105775+00:00,spambase,44,random_forest,1,50,3630,40,10,921,2,57,57,,,,,,,,,,,,,,,stratified_labeled_val,2,True,20,30,2.0068,success,,0.8990228013029316,0.8834533013418644,0.8916663820874455,0.3323252590210749,0.9425906178105592,0.9293180958473912,,,,,,,,,,
2026-06-29T11:26:13.126292+00:00,spambase,44,random_forest,1,100,3580,80,20,921,2,57,57,,,,,,,,,,,,,,,stratified_labeled_val,2,True,40,60,1.9703,success,,0.9022801302931596,0.895287182677212,0.8971863619675124,0.3131400270048335,0.9455651332484178,0.9387602190576102,,,,,,,,,,
2026-06-29T11:26:15.109928+00:00,spambase,44,random_forest,1,250,3430,200,50,921,2,57,57,,,,,,,,,,,,,,,stratified_labeled_val,2,True,99,151,2.0946,success,,0.9109663409337676,0.9019742883379248,0.9058347963132904,0.3018810380797484,0.9603290974258716,0.9523629866301826,,,,,,,,,,
2026-06-29T11:26:17.215414+00:00,spambase,44,random_forest,1,500,3180,400,100,921,2,57,57,,,,,,,,,,,,,,,stratified_labeled_val,2,True,197,303,1.929,success,,0.9391965255157436,0.9324920761870908,0.9358283979495348,0.2720163801151418,0.9689514894793488,0.9601887265030936,,,,,,,,,,
2026-06-29T11:26:19.157563+00:00,spambase,44,random_forest,2,50,3630,40,10,921,2,57,57,,,,,,,,,,,,,,,stratified_labeled_val,2,True,20,30,2.7798,success,,0.8251900108577633,0.7873826238928878,0.801529077774967,0.3934707380629962,0.9233167451642524,0.9009163926340684,,,,,,,,,,
2026-06-29T11:26:21.945984+00:00,spambase,44,random_forest,2,100,3580,80,20,921,2,57,57,,,,,,,,,,,,,,,stratified_labeled_val,2,True,40,60,2.3564,success,,0.8794788273615635,0.8495142036197755,0.8655960558751028,0.344309494376481,0.9617287241920672,0.9568870834090925,,,,,,,,,,
2026-06-29T11:26:24.313476+00:00,spambase,44,random_forest,2,250,3430,200,50,921,2,57,57,,,,,,,,,,,,,,,stratified_labeled_val,2,True,99,151,2.8599,success,,0.9207383279044516,0.908594745105009,0.915466447724938,0.253384397211075,0.9711780562220445,0.96712402650795,,,,,,,,,,
2026-06-29T11:26:27.184749+00:00,spambase,44,random_forest,2,500,3180,400,100,921,2,57,57,,,,,,,,,,,,,,,stratified_labeled_val,2,True,197,303,2.4117,success,,0.9261672095548316,0.9145190912053084,0.921301834631817,0.2349630521247417,0.9712496420707564,0.9694031772125902,,,,,,,,,,
2026-06-29T11:26:29.619303+00:00,spambase,44,xgboost,0,50,3630,40,10,921,2,57,57,,,,,,,,,,,,,,,stratified_labeled_val,2,True,20,30,1.3267,success,,0.8621064060803475,0.8553941171243225,0.8555650912234125,0.3465329110622406,0.921761604312924,0.8980456727714806,,,,,,,,,,
2026-06-29T11:26:30.958807+00:00,spambase,44,xgboost,0,100,3580,80,20,921,2,57,57,,,,,,,,,,,,,,,stratified_labeled_val,2,True,40,60,2.0394,success,,0.8555917480998915,0.8524245386415474,0.8498567735624956,0.3610012233257293,0.9262122693207736,0.9017515555790976,,,,,,,,,,
2026-06-29T11:26:33.011236+00:00,spambase,44,xgboost,0,250,3430,200,50,921,2,57,57,,,,,,,,,,,,,,,stratified_labeled_val,2,True,99,151,1.4641,success,,0.9098805646036916,0.89722740602506,0.9038865090571214,0.2644012570381164,0.9567325256474816,0.9470420568888972,,,,,,,,,,
2026-06-29T11:26:34.488861+00:00,spambase,44,xgboost,0,500,3180,400,100,921,2,57,57,,,,,,,,,,,,,,,stratified_labeled_val,2,True,197,303,2.5073,success,,0.9337676438653636,0.9352320862584792,0.9312573033226677,0.1894601136445999,0.9771764566485972,0.963046961722241,,,,,,,,,,
2026-06-29T11:26:37.008472+00:00,spambase,44,xgboost,1,50,3630,40,10,921,2,57,57,,,,,,,,,,,,,,,stratified_labeled_val,2,True,20,30,0.9637,success,,0.8653637350705755,0.8498992861162948,0.8561575510862118,0.358646810054779,0.9150152551912084,0.8940331265496592,,,,,,,,,,
2026-06-29T11:26:37.985290+00:00,spambase,44,xgboost,1,100,3580,80,20,921,2,57,57,,,,,,,,,,,,,,,stratified_labeled_val,2,True,40,60,1.8395,success,,0.8512486427795874,0.844989484285672,0.8444902924287969,0.4339320063591003,0.9161507548604324,0.9077207091885928,,,,,,,,,,
2026-06-29T11:26:39.837947+00:00,spambase,44,xgboost,1,250,3430,200,50,921,2,57,57,,,,,,,,,,,,,,,stratified_labeled_val,2,True,99,151,1.4171,success,,0.8935939196525515,0.8842678989306556,0.8875810839087674,0.335371196269989,0.9441951282127234,0.932750378579808,,,,,,,,,,
2026-06-29T11:26:41.269089+00:00,spambase,44,xgboost,1,500,3180,400,100,921,2,57,57,,,,,,,,,,,,,,,stratified_labeled_val,2,True,197,303,2.8747,success,,0.9229098805646035,0.9176071566100892,0.9190141150331232,0.253015398979187,0.9608326668443968,0.9431783550423768,,,,,,,,,,
2026-06-29T11:26:44.156053+00:00,spambase,44,xgboost,2,50,3630,40,10,921,2,57,57,,,,,,,,,,,,,,,stratified_labeled_val,2,True,20,30,1.4932,success,,0.8251900108577633,0.7998978050297698,0.809281207997582,0.4296405017375946,0.8929766876980954,0.8546808984893199,,,,,,,,,,
2026-06-29T11:26:45.660283+00:00,spambase,44,xgboost,2,100,3580,80,20,921,2,57,57,,,,,,,,,,,,,,,stratified_labeled_val,2,True,40,60,0.9709,success,,0.8534201954397395,0.8241580023104951,0.8375336634012678,0.3697223365306854,0.9389940460321692,0.9252880166262664,,,,,,,,,,
2026-06-29T11:26:46.642812+00:00,spambase,44,xgboost,2,250,3430,200,50,921,2,57,57,,,,,,,,,,,,,,,stratified_labeled_val,2,True,99,151,2.2815,success,,0.9131378935939196,0.9013596374300188,0.907519906817018,0.2299036681652069,0.9662114794079604,0.9577423830183148,,,,,,,,,,
2026-06-29T11:26:48.938250+00:00,spambase,44,xgboost,2,500,3180,400,100,921,2,57,57,,,,,,,,,,,,,,,stratified_labeled_val,2,True,197,303,2.8899,success,,0.9174809989142236,0.9068692793032967,0.9123419560382312,0.2208926528692245,0.968166513621059,0.9617245709330736,,,,,,,,,,
2026-06-29T11:26:51.841825+00:00,spambase,44,lightgbm,0,50,3630,40,10,921,2,57,57,,,,,,,,,,,,,,,stratified_labeled_val,2,True,20,30,0.3833,success,,0.7752442996742671,0.7413504546935632,0.7501274612471935,0.4978795844651654,0.8317559761841287,0.7186364140101472,,,,,,,,,,
2026-06-29T11:26:52.237596+00:00,spambase,44,lightgbm,0,100,3580,80,20,921,2,57,57,,,,,,,,,,,,,,,stratified_labeled_val,2,True,40,60,0.7635,success,,0.8295331161780674,0.8241802186083711,0.8224463859231199,0.5601435703833367,0.900031596512535,0.8740144750850133,,,,,,,,,,
2026-06-29T11:26:53.013202+00:00,spambase,44,lightgbm,0,250,3430,200,50,921,2,57,57,,,,,,,,,,,,,,,stratified_labeled_val,2,True,99,151,2.2554,success,,0.9066232356134636,0.8964646464646464,0.9010271405008248,0.4164245335024745,0.960642594073679,0.9498585299774462,,,,,,,,,,
2026-06-29T11:26:55.281021+00:00,spambase,44,lightgbm,0,500,3180,400,100,921,2,57,57,,,,,,,,,,,,,,,stratified_labeled_val,2,True,197,303,4.2948,success,,0.9402823018458196,0.9430151959477472,0.9381242693826596,0.2899125341918622,0.9825429268244518,0.9671005319692766,,,,,,,,,,
2026-06-29T11:26:59.588191+00:00,spambase,44,lightgbm,1,50,3630,40,10,921,2,57,57,,,,,,,,,,,,,,,stratified_labeled_val,2,True,20,30,0.9287,success,,0.6058631921824105,0.5288811872389585,0.4906695185992623,0.6580302086125479,0.5956090721486615,0.4578250130171785,,,,,,,,,,
2026-06-29T11:27:00.536008+00:00,spambase,44,lightgbm,1,100,3580,80,20,921,2,57,57,,,,,,,,,,,,,,,stratified_labeled_val,2,True,40,60,0.7073,success,,0.8284473398479913,0.8218401018987529,0.8209053315610693,0.7472487063730616,0.9032776444799906,0.8807525463147978,,,,,,,,,,
2026-06-29T11:27:01.254679+00:00,spambase,44,lightgbm,1,250,3430,200,50,921,2,57,57,,,,,,,,,,,,,,,stratified_labeled_val,2,True,99,151,2.5126,success,,0.8935939196525515,0.8876373707752008,0.8883829639889196,0.6476557507940729,0.947078309981536,0.9321111987440198,,,,,,,,,,
2026-06-29T11:27:03.783564+00:00,spambase,44,lightgbm,1,500,3180,400,100,921,2,57,57,,,,,,,,,,,,,,,stratified_labeled_val,2,True,197,303,4.4091,success,,0.9272529858849076,0.9221540922420688,0.9235767001016798,0.4459026076421563,0.9661621098571244,0.9464599259684704,,,,,,,,,,
2026-06-29T11:27:08.206069+00:00,spambase,44,lightgbm,2,50,3630,40,10,921,2,57,57,,,,,,,,,,,,,,,stratified_labeled_val,2,True,20,30,0.4343,success,,0.7709011943539631,0.7599084688527504,0.7600333405365357,0.4937078147408937,0.8301983668552584,0.7245635498928724,,,,,,,,,,
2026-06-29T11:27:08.666579+00:00,spambase,44,lightgbm,2,100,3580,80,20,921,2,57,57,,,,,,,,,,,,,,,stratified_labeled_val,2,True,40,60,1.4943,success,,0.8360477741585234,0.811265144109719,0.8211270956995955,0.618863699252964,0.9132725100467036,0.890620795051551,,,,,,,,,,
2026-06-29T11:27:10.173194+00:00,spambase,44,lightgbm,2,250,3430,200,50,921,2,57,57,,,,,,,,,,,,,,,stratified_labeled_val,2,True,99,151,1.922,success,,0.8979370249728555,0.8830385971148434,0.8906993303639064,0.4446879085664633,0.9601192768348196,0.9494767064437972,,,,,,,,,,
2026-06-29T11:27:12.128550+00:00,spambase,44,lightgbm,2,500,3180,400,100,921,2,57,57,,,,,,,,,,,,,,,stratified_labeled_val,2,True,197,303,3.9905,success,,0.9239956568946796,0.9127269765099676,0.9190799184648908,0.3435144798966549,0.9730343513334716,0.967643719590517,,,,,,,,,,
2026-06-29T11:27:16.131691+00:00,spambase,44,catboost,0,50,3630,40,10,921,2,57,57,,,,,,,,,,,,,,,stratified_labeled_val,2,True,20,30,3.8717,success,,0.8490770901194354,0.8412719571077343,0.8417637265044738,0.4109858478124776,0.9194585147664328,0.8989813587124722,,,,,,,,,,
2026-06-29T11:27:20.016115+00:00,spambase,44,catboost,0,100,3580,80,20,921,2,57,57,,,,,,,,,,,,,,,stratified_labeled_val,2,True,40,60,4.2592,success,,0.8794788273615635,0.8682869753250986,0.8723256781109929,0.3989695319292362,0.925521095609072,0.9170129694767984,,,,,,,,,,
2026-06-29T11:27:24.304070+00:00,spambase,44,catboost,0,250,3430,200,50,921,2,57,57,,,,,,,,,,,,,,,stratified_labeled_val,2,True,99,151,4.1829,success,,0.9239956568946796,0.9141710358719156,0.9193520140105078,0.237902962753154,0.9677913050347068,0.9575075513991008,,,,,,,,,,
2026-06-29T11:27:28.495992+00:00,spambase,44,catboost,0,500,3180,400,100,921,2,57,57,,,,,,,,,,,,,,,stratified_labeled_val,2,True,197,303,5.5959,success,,0.9478827361563518,0.9478435380194912,0.9456914851796524,0.16736374332239,0.9816789596848248,0.9700125633355556,,,,,,,,,,
2026-06-29T11:27:34.101937+00:00,spambase,44,catboost,1,50,3630,40,10,921,2,57,57,,,,,,,,,,,,,,,stratified_labeled_val,2,True,20,30,3.162,success,,0.8968512486427795,0.8792544210432773,0.8887874855256586,0.3668167586988337,0.9331783129437088,0.9181269976237414,,,,,,,,,,
2026-06-29T11:27:37.274176+00:00,spambase,44,catboost,1,100,3580,80,20,921,2,57,57,,,,,,,,,,,,,,,stratified_labeled_val,2,True,40,60,3.668,success,,0.8479913137893594,0.8427826653633106,0.8414552572816967,0.5680140900371492,0.9108928976964168,0.8928525631397533,,,,,,,,,,
2026-06-29T11:27:40.951050+00:00,spambase,44,catboost,1,250,3430,200,50,921,2,57,57,,,,,,,,,,,,,,,stratified_labeled_val,2,True,99,151,4.3681,success,,0.9196525515743756,0.9115495127225332,0.915112247033151,0.2787896885826376,0.9587319924563328,0.943921498918904,,,,,,,,,,
2026-06-29T11:27:45.352770+00:00,spambase,44,catboost,1,500,3180,400,100,921,2,57,57,,,,,,,,,,,,,,,stratified_labeled_val,2,True,197,303,5.7665,success,,0.9402823018458196,0.9353135460173584,0.9372013017201302,0.2005347378348598,0.9721605102836774,0.9523376877244102,,,,,,,,,,
2026-06-29T11:27:51.128425+00:00,spambase,44,catboost,2,50,3630,40,10,921,2,57,57,,,,,,,,,,,,,,,stratified_labeled_val,2,True,20,30,2.3196,success,,0.761129207383279,0.7321084747770965,0.7388513687683662,0.6141904066301404,0.8600151070825559,0.8154231574054256,,,,,,,,,,
2026-06-29T11:27:53.459878+00:00,spambase,44,catboost,2,100,3580,80,20,921,2,57,57,,,,,,,,,,,,,,,stratified_labeled_val,2,True,40,60,3.2095,success,,0.8773072747014115,0.8554237388548239,0.8665041040434993,0.444820924138204,0.9433311610730966,0.9346943363084276,,,,,,,,,,
2026-06-29T11:27:56.677433+00:00,spambase,44,catboost,2,250,3430,200,50,921,2,57,57,,,,,,,,,,,,,,,stratified_labeled_val,2,True,99,151,6.1239,success,,0.9142236699239956,0.9017743416570396,0.908518484524248,0.2356424645540344,0.970084520671031,0.9644082078348614,,,,,,,,,,
2026-06-29T11:28:02.812674+00:00,spambase,44,catboost,2,500,3180,400,100,921,2,57,57,,,,,,,,,,,,,,,stratified_labeled_val,2,True,197,303,7.9028,success,,0.9348534201954396,0.924575668710566,0.9307185412529336,0.1807325992206191,0.9780502976983916,0.9735170698062628,,,,,,,,,,
2026-06-29T11:28:10.724773+00:00,spambase,44,mlp,0,50,3630,40,10,921,2,57,57,,,,,,,,,,,,,,,stratified_labeled_val,2,True,20,30,0.2364,success,,0.6634093376764386,0.6543514322106697,0.651966472928694,0.6430006623268127,0.7004848089892078,0.6148004346503019,,,,,,,,,,
2026-06-29T11:28:10.969577+00:00,spambase,44,mlp,0,100,3580,80,20,921,2,57,57,,,,,,,,,,,,,,,stratified_labeled_val,2,True,40,60,0.368,success,,0.8523344191096635,0.825187357445422,0.8374143302180685,0.4342552721500397,0.932171174106658,0.8699643539315273,,,,,,,,,,
2026-06-29T11:28:11.346827+00:00,spambase,44,mlp,0,250,3430,200,50,921,2,57,57,,,,,,,,,,,,,,,stratified_labeled_val,2,True,99,151,0.4142,success,,0.8621064060803475,0.8313264610918569,0.846222514379622,0.4152718186378479,0.9452590420332354,0.9250462726717686,,,,,,,,,,
2026-06-29T11:28:11.771053+00:00,spambase,44,mlp,0,500,3180,400,100,921,2,57,57,,,,,,,,,,,,,,,stratified_labeled_val,2,True,197,303,0.5935,success,,0.9022801302931596,0.8914363577120176,0.8963097322992244,0.3154235482215881,0.9594675987637864,0.9159057197197272,,,,,,,,,,
2026-06-29T11:28:12.374014+00:00,spambase,44,mlp,1,50,3630,40,10,921,2,57,57,,,,,,,,,,,,,,,stratified_labeled_val,2,True,20,30,0.2909,success,,0.7871878393051032,0.738691904381054,0.750052615837921,0.5291220545768738,0.861681329423265,0.8338129449220574,,,,,,,,,,
2026-06-29T11:28:12.673992+00:00,spambase,44,mlp,1,100,3580,80,20,921,2,57,57,,,,,,,,,,,,,,,stratified_labeled_val,2,True,40,60,0.2946,success,,0.7785016286644951,0.7344115643235878,0.7447283754700985,0.5757042765617371,0.8246245445658935,0.7665268960988898,,,,,,,,,,
2026-06-29T11:28:12.977596+00:00,spambase,44,mlp,1,250,3430,200,50,921,2,57,57,,,,,,,,,,,,,,,stratified_labeled_val,2,True,99,151,0.3793,success,,0.8631921824104235,0.8327038715601764,0.8475518118379015,0.4262401461601257,0.939137217729593,0.9158406752918786,,,,,,,,,,
2026-06-29T11:28:13.365106+00:00,spambase,44,mlp,1,500,3180,400,100,921,2,57,57,,,,,,,,,,,,,,,stratified_labeled_val,2,True,197,303,0.5797,success,,0.9163952225841476,0.9040478094730294,0.9108344722578114,0.3227075934410095,0.9547972392547172,0.9350518255024142,,,,,,,,,,
2026-06-29T11:28:13.954432+00:00,spambase,44,mlp,2,50,3630,40,10,921,2,57,57,,,,,,,,,,,,,,,stratified_labeled_val,2,True,20,30,0.2193,success,,0.7795874049945711,0.7511922746526852,0.7588635194063,0.4803632497787475,0.8545178075969865,0.7808390158234326,,,,,,,,,,
2026-06-29T11:28:14.180325+00:00,spambase,44,mlp,2,100,3580,80,20,921,2,57,57,,,,,,,,,,,,,,,stratified_labeled_val,2,True,40,60,0.4025,success,,0.7850162866449512,0.770594508131165,0.7728679042238364,0.5486456751823425,0.8499609980548398,0.7199819819787829,,,,,,,,,,
2026-06-29T11:28:14.590945+00:00,spambase,44,mlp,2,250,3430,200,50,921,2,57,57,,,,,,,,,,,,,,,stratified_labeled_val,2,True,99,151,0.4128,success,,0.757871878393051,0.7255694777688912,0.7328236529177838,0.5777803063392639,0.8290776780512852,0.7226574248284111,,,,,,,,,,
2026-06-29T11:28:15.014046+00:00,spambase,44,mlp,2,500,3180,400,100,921,2,57,57,,,,,,,,,,,,,,,stratified_labeled_val,2,True,197,303,0.599,success,,0.8718783930510315,0.856238336443615,0.8629561068124729,0.3582779467105865,0.935720844811754,0.8860756094913239,,,,,,,,,,
2026-06-29T11:28:15.624192+00:00,spambase,44,label_spreading,0,50,3630,40,10,921,2,57,57,,,,,,,,,,,,,,,stratified_labeled_val,2,True,20,30,7.9728,failed_graph_ssl_nan,"GraphSSLNanError: Graph SSL failed after retries. tried_neighbors=[7, 15, 30, 50, 5, 3], n_graph_rows=3670, n_labeled=40, n_unlabeled_used=3630, n_classes=2, min_labeled_per_class=16, last_error=invalid outputs for n_neighbors=3",,,,,,,,,,,,,,,,
2026-06-29T11:28:23.607185+00:00,spambase,44,label_spreading,0,100,3580,80,20,921,2,57,57,,,,,,,,,,,,,,,stratified_labeled_val,2,True,40,60,5.0141,failed_graph_ssl_nan,"GraphSSLNanError: Graph SSL failed after retries. tried_neighbors=[7, 15, 30, 50, 5, 3], n_graph_rows=3660, n_labeled=80, n_unlabeled_used=3580, n_classes=2, min_labeled_per_class=32, last_error=invalid outputs for n_neighbors=3",,,,,,,,,,,,,,,,
2026-06-29T11:28:28.632652+00:00,spambase,44,label_spreading,0,250,3430,200,50,921,2,57,57,,,,,,,,,,,30.0,2.0,3630.0,3430.0,stratified_labeled_val,2,True,99,151,3.311,success,,0.8501628664495114,0.8402426019728073,0.8421911317718577,0.4185836839186963,0.924504082861854,0.8876092722437491,,,,,,,,,,
2026-06-29T11:28:31.956896+00:00,spambase,44,label_spreading,0,500,3180,400,100,921,2,57,57,,,,,,,,,,,30.0,2.0,3580.0,3180.0,stratified_labeled_val,2,True,197,303,3.2215,success,,0.8555917480998915,0.8403907106253148,0.8459868157180379,0.385262541933306,0.9407516020419248,0.9007608458420252,,,,,,,,,,
2026-06-29T11:28:35.192107+00:00,spambase,44,label_spreading,1,50,3630,40,10,921,2,57,57,,,,,,,,,,,,,,,stratified_labeled_val,2,True,20,30,6.372,failed_graph_ssl_nan,"GraphSSLNanError: Graph SSL failed after retries. tried_neighbors=[7, 15, 30, 50, 5, 3], n_graph_rows=3670, n_labeled=40, n_unlabeled_used=3630, n_classes=2, min_labeled_per_class=16, last_error=invalid outputs for n_neighbors=3",,,,,,,,,,,,,,,,
2026-06-29T11:28:41.576876+00:00,spambase,44,label_spreading,1,100,3580,80,20,921,2,57,57,,,,,,,,,,,30.0,2.0,3660.0,3580.0,stratified_labeled_val,2,True,40,60,3.1485,success,,0.8306188925081434,0.8289271009212358,0.8247169627171579,0.4240672603030541,0.8921670270643878,0.843326063871861,,,,,,,,,,
2026-06-29T11:28:44.738955+00:00,spambase,44,label_spreading,1,250,3430,200,50,921,2,57,57,,,,,,,,,,,30.0,2.0,3630.0,3430.0,stratified_labeled_val,2,True,99,151,3.4321,success,,0.8577633007600435,0.8373692941141622,0.8462529484400506,0.3442239804242666,0.935483870967742,0.9112466629386918,,,,,,,,,,
2026-06-29T11:28:48.185319+00:00,spambase,44,label_spreading,1,500,3180,400,100,921,2,57,57,,,,,,,,,,,30.0,2.0,3580.0,3180.0,stratified_labeled_val,2,True,197,303,5.4231,success,,0.8545059717698155,0.8274608252614117,0.8398052959501557,0.3468382954107452,0.9423166168034204,0.9253830550314254,,,,,,,,,,
2026-06-29T11:28:53.621915+00:00,spambase,44,label_spreading,2,50,3630,40,10,921,2,57,57,,,,,,,,,,,,,,,stratified_labeled_val,2,True,20,30,6.6269,failed_graph_ssl_nan,"GraphSSLNanError: Graph SSL failed after retries. tried_neighbors=[7, 15, 30, 50, 5, 3], n_graph_rows=3670, n_labeled=40, n_unlabeled_used=3630, n_classes=2, min_labeled_per_class=16, last_error=invalid outputs for n_neighbors=3",,,,,,,,,,,,,,,,
2026-06-29T11:29:00.259033+00:00,spambase,44,label_spreading,2,100,3580,80,20,921,2,57,57,,,,,,,,,,,30.0,2.0,3660.0,3580.0,stratified_labeled_val,2,True,40,60,3.1853,success,,0.7242128121606949,0.6640969815456619,0.6635785780027612,0.8099624005968344,0.867938919991706,0.8167803290972017,,,,,,,,,,
2026-06-29T11:29:03.455551+00:00,spambase,44,label_spreading,2,250,3430,200,50,921,2,57,57,,,,,,,,,,,30.0,2.0,3630.0,3430.0,stratified_labeled_val,2,True,99,151,3.1968,success,,0.8110749185667753,0.7752525252525253,0.7874592833876222,0.4976653238856932,0.8776054780453606,0.846448301888738,,,,,,,,,,
2026-06-29T11:29:06.666802+00:00,spambase,44,label_spreading,2,500,3180,400,100,921,2,57,57,,,,,,,,,,,15.0,1.0,3580.0,3180.0,stratified_labeled_val,2,True,197,303,2.7469,success,,0.8490770901194354,0.8345330134186439,0.8394071490845685,0.4122353324569326,0.9115124855594064,0.8627354641303898,,,,,,,,,,
2026-06-29T11:29:09.427778+00:00,spambase,44,label_propagation,0,50,3630,40,10,921,2,57,57,,,,,,,,,,,,,,,stratified_labeled_val,2,True,20,30,8.9369,failed_graph_ssl_nan,"GraphSSLNanError: Graph SSL failed after retries. tried_neighbors=[7, 15, 30, 50, 5, 3], n_graph_rows=3670, n_labeled=40, n_unlabeled_used=3630, n_classes=2, min_labeled_per_class=16, last_error=invalid outputs for n_neighbors=3",,,,,,,,,,,,,,,,
2026-06-29T11:29:18.374756+00:00,spambase,44,label_propagation,0,100,3580,80,20,921,2,57,57,,,,,,,,,,,,,,,stratified_labeled_val,2,True,40,60,7.9926,failed_graph_ssl_nan,"GraphSSLNanError: Graph SSL failed after retries. tried_neighbors=[7, 15, 30, 50, 5, 3], n_graph_rows=3660, n_labeled=80, n_unlabeled_used=3580, n_classes=2, min_labeled_per_class=32, last_error=invalid outputs for n_neighbors=3",,,,,,,,,,,,,,,,
2026-06-29T11:29:26.383663+00:00,spambase,44,label_propagation,0,250,3430,200,50,921,2,57,57,,,,,,,,,,,30.0,2.0,3630.0,3430.0,stratified_labeled_val,2,True,99,151,4.1887,success,,0.6373507057546145,0.5404262567019166,0.4608106402669882,0.7442285774008806,0.9093229459798376,0.858445754189822,,,,,,,,,,
2026-06-29T11:29:30.591038+00:00,spambase,44,label_propagation,0,500,3180,400,100,921,2,57,57,,,,,,,,,,,30.0,2.0,3580.0,3180.0,stratified_labeled_val,2,True,197,303,4.291,success,,0.6677524429967426,0.5799564560561628,0.5327942229649081,0.595302857323756,0.9233833940578812,0.8730896127984238,,,,,,,,,,
2026-06-29T11:29:34.898277+00:00,spambase,44,label_propagation,1,50,3630,40,10,921,2,57,57,,,,,,,,,,,,,,,stratified_labeled_val,2,True,20,30,9.306,failed_graph_ssl_nan,"GraphSSLNanError: Graph SSL failed after retries. tried_neighbors=[7, 15, 30, 50, 5, 3], n_graph_rows=3670, n_labeled=40, n_unlabeled_used=3630, n_classes=2, min_labeled_per_class=16, last_error=invalid outputs for n_neighbors=3",,,,,,,,,,,,,,,,
2026-06-29T11:29:44.214267+00:00,spambase,44,label_propagation,1,100,3580,80,20,921,2,57,57,,,,,,,,,,,30.0,2.0,3660.0,3580.0,stratified_labeled_val,2,True,40,60,7.9906,success,,0.6340933767643865,0.5358126721763086,0.4508710813722871,0.7058168517174985,0.8697631248950896,0.7953584215504454,,,,,,,,,,
2026-06-29T11:29:52.221456+00:00,spambase,44,label_propagation,1,250,3430,200,50,921,2,57,57,,,,,,,,,,,30.0,2.0,3630.0,3430.0,stratified_labeled_val,2,True,99,151,6.3753,success,,0.6471226927252985,0.5523415977961432,0.4819941817904925,0.6149365045648766,0.9112829171480196,0.8911149765623962,,,,,,,,,,
2026-06-29T11:29:58.608103+00:00,spambase,44,label_propagation,1,500,3180,400,100,921,2,57,57,,,,,,,,,,,30.0,2.0,3580.0,3180.0,stratified_labeled_val,2,True,197,303,4.5535,success,,0.6786102062975027,0.5927678544980598,0.5524428684003152,0.537992199000572,0.9316922894635506,0.9141924579945993,,,,,,,,,,
2026-06-29T11:30:03.198543+00:00,spambase,44,label_propagation,2,50,3630,40,10,921,2,57,57,,,,,,,,,,,,,,,stratified_labeled_val,2,True,20,30,12.1715,failed_graph_ssl_nan,"GraphSSLNanError: Graph SSL failed after retries. tried_neighbors=[7, 15, 30, 50, 5, 3], n_graph_rows=3670, n_labeled=40, n_unlabeled_used=3630, n_classes=2, min_labeled_per_class=16, last_error=invalid outputs for n_neighbors=3",,,,,,,,,,,,,,,,
2026-06-29T11:30:15.381812+00:00,spambase,44,label_propagation,2,100,3580,80,20,921,2,57,57,,,,,,,,,,,30.0,2.0,3660.0,3580.0,stratified_labeled_val,2,True,40,60,8.3349,success,,0.6058631921824105,0.5,0.3772819472616633,1.5109525608858398,0.8651347295042311,0.8222426552497685,,,,,,,,,,
2026-06-29T11:30:23.736587+00:00,spambase,44,label_propagation,2,250,3430,200,50,921,2,57,57,,,,,,,,,,,30.0,2.0,3630.0,3430.0,stratified_labeled_val,2,True,99,151,7.4165,success,,0.6384364820846905,0.5413223140495868,0.4614290455644588,0.9040340853426624,0.8488773364139932,0.8340643944611196,,,,,,,,,,
2026-06-29T11:30:31.177058+00:00,spambase,44,label_propagation,2,500,3180,400,100,921,2,57,57,,,,,,,,,,,15.0,1.0,3580.0,3180.0,stratified_labeled_val,2,True,197,303,5.9087,success,,0.760043431053203,0.7076261145176101,0.7150423150423151,0.4566621535804728,0.895961077046121,0.8506124653909963,,,,,,,,,,
2026-06-29T11:30:37.099349+00:00,spambase,44,self_training_lr,0,50,3630,40,10,921,2,57,57,1815.0,43.0,4.0,"{0: 922, 1: 933}",0.5,0.9905332951177908,0.9710956811904908,1.0,,max_total_pseudo_fraction,,,,,stratified_labeled_val,2,True,20,30,0.3237,success,,0.8990228013029316,0.8998193074439409,0.8953737645924972,0.3490332961082458,0.9547108425407546,0.9156465651009996,,,,,,,,,,
2026-06-29T11:30:37.437959+00:00,spambase,44,self_training_lr,0,100,3580,80,20,921,2,57,57,1790.0,42.0,4.0,"{0: 958, 1: 912}",0.5,0.9943139282684752,0.9777265191078186,1.0,,max_total_pseudo_fraction,,,,,stratified_labeled_val,2,True,40,60,0.3962,success,,0.9120521172638436,0.9139414674605292,0.9089499976200386,0.3949728310108185,0.9518128499066916,0.8862820019335702,,,,,,,,,,
2026-06-29T11:30:37.844586+00:00,spambase,44,self_training_lr,0,250,3430,200,50,921,2,57,57,1715.0,41.0,4.0,"{0: 1100, 1: 815}",0.5,0.9962213898886744,0.9823293089866638,1.0,,max_total_pseudo_fraction,,,,,stratified_labeled_val,2,True,99,151,0.3285,success,,0.9250814332247556,0.919880624426079,0.9212954075674016,0.3069112300872803,0.9605981614779268,0.913381552536732,,,,,,,,,,
2026-06-29T11:30:38.184045+00:00,spambase,44,self_training_lr,0,500,3180,400,100,921,2,57,57,1590.0,38.0,4.0,"{0: 1147, 1: 843}",0.5,0.9958781500282528,0.9787943959236144,1.0,,max_total_pseudo_fraction,,,,,stratified_labeled_val,2,True,197,303,0.3192,success,,0.9185667752442996,0.9164296928226549,0.9150261349223824,0.3160195648670196,0.9597341943383,0.9076380390898195,,,,,,,,,,
2026-06-29T11:30:38.512795+00:00,spambase,44,self_training_lr,1,50,3630,40,10,921,2,57,57,1815.0,43.0,4.0,"{0: 1154, 1: 701}",0.5,0.9908049434012948,0.9805259704589844,1.0,,max_total_pseudo_fraction,,,,,stratified_labeled_val,2,True,20,30,0.2846,success,,0.8805646036916395,0.8643695014662757,0.8719410456062291,0.4029432237148285,0.939245830741432,0.9103771776478212,,,,,,,,,,
2026-06-29T11:30:38.807249+00:00,spambase,44,self_training_lr,1,100,3580,80,20,921,2,57,57,1790.0,42.0,4.0,"{0: 1113, 1: 757}",0.5,0.9926745788345124,0.9761351943016052,1.0,,max_total_pseudo_fraction,,,,,stratified_labeled_val,2,True,40,60,0.3002,success,,0.9098805646036916,0.9010782309902544,0.904737396332459,0.3139189779758453,0.953358116847853,0.9269752893538789,,,,,,,,,,
2026-06-29T11:30:39.117512+00:00,spambase,44,self_training_lr,1,250,3430,200,50,921,2,57,57,1715.0,41.0,4.0,"{0: 1115, 1: 800}",0.5,0.9957672412471938,0.982566237449646,1.0,,max_total_pseudo_fraction,,,,,stratified_labeled_val,2,True,99,151,0.3137,success,,0.9109663409337676,0.903899700820522,0.9062295130818284,0.3170785009860992,0.9518646879350692,0.9194152828142188,,,,,,,,,,
2026-06-29T11:30:39.439984+00:00,spambase,44,self_training_lr,1,500,3180,400,100,921,2,57,57,1590.0,38.0,4.0,"{0: 1207, 1: 783}",0.5,0.9958194638573148,0.9787951707839966,1.0,,max_total_pseudo_fraction,,,,,stratified_labeled_val,2,True,197,303,0.3326,success,,0.9131378935939196,0.9052104623952132,0.9083262827850496,0.3077114224433899,0.9532124766728872,0.9246876943124502,,,,,,,,,,
2026-06-29T11:30:39.780469+00:00,spambase,44,self_training_lr,2,50,3630,40,10,921,2,57,57,1815.0,43.0,4.0,"{0: 1420, 1: 435}",0.5,0.9921018768604792,0.9726217985153198,1.0,,max_total_pseudo_fraction,,,,,stratified_labeled_val,2,True,20,30,0.2832,success,,0.7795874049945711,0.7396397997571018,0.7497540545858279,0.8030532598495483,0.8724833871461437,0.7849307734054098,,,,,,,,,,
2026-06-29T11:30:40.071712+00:00,spambase,44,self_training_lr,2,100,3580,80,20,921,2,57,57,1790.0,42.0,4.0,"{0: 1326, 1: 544}",0.5,0.9967307539958528,0.9919187426567078,1.0,,max_total_pseudo_fraction,,,,,stratified_labeled_val,2,True,40,60,0.4278,success,,0.8338762214983714,0.8104357356556771,0.819490649350982,0.6557961702346802,0.9048253798986936,0.8097736672303744,,,,,,,,,,
2026-06-29T11:30:40.509744+00:00,spambase,44,self_training_lr,2,250,3430,200,50,921,2,57,57,1715.0,41.0,4.0,"{0: 1026, 1: 889}",0.5,0.9953035911387674,0.9766331315040588,1.0,,max_total_pseudo_fraction,,,,,stratified_labeled_val,2,True,99,151,0.3085,success,,0.8707926167209555,0.8702642258360733,0.8661234192097544,0.480659931898117,0.9266195681151692,0.8513586875679751,,,,,,,,,,
2026-06-29T11:30:40.828070+00:00,spambase,44,self_training_lr,2,500,3180,400,100,921,2,57,57,1590.0,38.0,4.0,"{0: 1164, 1: 826}",0.5,0.9947923123086774,0.9729161262512208,1.0,,max_total_pseudo_fraction,,,,,stratified_labeled_val,2,True,197,303,0.3704,success,,0.8914223669923995,0.8863266092005095,0.8863266092005095,0.30115807056427,0.952363320398511,0.9192742365622838,,,,,,,,,,
2026-06-29T11:30:41.206710+00:00,spambase,44,self_training_xgboost,0,50,3630,40,10,921,2,57,57,1772.0,465.0,3.0,"{0: 1043, 1: 769}",0.4881542699724518,0.9946716956911992,0.9843616485595704,0.999704658985138,,max_iter,,,,,stratified_labeled_val,2,True,20,30,4.5125,success,,0.8251900108577633,0.8162638111318463,0.8167191364548223,0.7427996397018433,0.8913129338349278,0.8572613629370114,,,,,,,,,,
2026-06-29T11:30:45.733372+00:00,spambase,44,self_training_xgboost,0,100,3580,80,20,921,2,57,57,1748.0,459.0,3.0,"{0: 987, 1: 841}",0.488268156424581,0.99700940760104,0.9922924041748048,0.9997577667236328,,max_iter,,,,,stratified_labeled_val,2,True,40,60,6.9925,success,,0.8327904451682954,0.8326446280991735,0.8273836762114324,0.5800800919532776,0.9192091985347116,0.8896082019018713,,,,,,,,,,
2026-06-29T11:30:52.739674+00:00,spambase,44,self_training_xgboost,0,250,3430,200,50,921,2,57,57,1674.0,439.0,3.0,"{0: 1305, 1: 569}",0.4880466472303207,0.9987556660901687,0.9975433945655824,0.9998179078102112,,max_iter,,,,,stratified_labeled_val,2,True,99,151,6.2745,success,,0.8925081433224755,0.8790396634971416,0.8853586071886147,0.3812881410121918,0.9424844732762622,0.9287970700778622,,,,,,,,,,
2026-06-29T11:30:59.027175+00:00,spambase,44,self_training_xgboost,0,500,3180,400,100,921,2,57,57,1552.0,407.0,3.0,"{0: 1188, 1: 764}",0.4880503144654088,0.9986316138475212,0.996967315673828,0.99989116191864,,max_iter,,,,,stratified_labeled_val,2,True,197,303,8.2505,success,,0.9283387622149836,0.9278636807962322,0.9253932484977024,0.220949187874794,0.9749548268609852,0.9617251840301752,,,,,,,,,,
2026-06-29T11:31:07.288406+00:00,spambase,44,self_training_xgboost,1,50,3630,40,10,921,2,57,57,1772.0,465.0,3.0,"{0: 1124, 1: 688}",0.4881542699724518,0.9951214542103676,0.9812721610069276,0.9993770718574524,,max_iter,,,,,stratified_labeled_val,2,True,20,30,3.2291,success,,0.8371335504885994,0.8198628513877781,0.825791661202296,0.5861355662345886,0.903509681368919,0.8788365431257109,,,,,,,,,,
2026-06-29T11:31:10.540311+00:00,spambase,44,self_training_xgboost,1,100,3580,80,20,921,2,57,57,1748.0,459.0,3.0,"{0: 1149, 1: 679}",0.488268156424581,0.9990332387813988,0.9975020289421082,0.9998250007629396,,max_iter,,,,,stratified_labeled_val,2,True,40,60,5.7037,success,,0.8262757871878393,0.8234174590479575,0.819921985746268,0.618197500705719,0.910865744443457,0.8998430260036097,,,,,,,,,,
2026-06-29T11:31:16.257708+00:00,spambase,44,self_training_xgboost,1,250,3430,200,50,921,2,57,57,1674.0,439.0,3.0,"{0: 1139, 1: 735}",0.4880466472303207,0.9994044407507852,0.9981445670127868,0.9998815655708312,,max_iter,,,,,stratified_labeled_val,2,True,99,151,6.9745,success,,0.8838219326818675,0.8766847359222726,0.8779508494161155,0.4471280872821808,0.936263909870948,0.9264922287585068,,,,,,,,,,
2026-06-29T11:31:23.253102+00:00,spambase,44,self_training_xgboost,1,500,3180,400,100,921,2,57,57,1552.0,407.0,3.0,"{0: 1245, 1: 707}",0.4880503144654088,0.999073659905146,0.9975847601890564,0.9999260306358336,,max_iter,,,,,stratified_labeled_val,2,True,197,303,7.1172,success,,0.9109663409337676,0.9058251133031192,0.9066061535417492,0.3169496655464172,0.9532420984033888,0.9394208381826908,,,,,,,,,,
2026-06-29T11:31:30.383838+00:00,spambase,44,self_training_xgboost,2,50,3630,40,10,921,2,57,57,1772.0,465.0,3.0,"{0: 1356, 1: 456}",0.4881542699724518,0.993490110132549,0.9633665680885316,0.9991409778594972,,max_iter,,,,,stratified_labeled_val,2,True,20,30,2.7553,success,,0.8447339847991314,0.8222844278562753,0.8315122486653694,0.5497325658798218,0.9081528876250284,0.8819776790382142,,,,,,,,,,
2026-06-29T11:31:33.150715+00:00,spambase,44,self_training_xgboost,2,100,3580,80,20,921,2,57,57,1748.0,459.0,3.0,"{0: 1439, 1: 389}",0.488268156424581,0.997794381302336,0.992026388645172,0.999674379825592,,max_iter,,,,,stratified_labeled_val,2,True,40,60,5.108,success,,0.8414766558089034,0.8099691934002784,0.8233536867328064,0.5443340539932251,0.930371653978692,0.913828402370184,,,,,,,,,,
2026-06-29T11:31:38.272436+00:00,spambase,44,self_training_xgboost,2,250,3430,200,50,921,2,57,57,1674.0,439.0,3.0,"{0: 1058, 1: 816}",0.4880466472303207,0.9971757367733988,0.9945439696311952,0.9997982382774352,,max_iter,,,,,stratified_labeled_val,2,True,99,151,7.6706,success,,0.9001085776330076,0.8843493586895346,0.8927660220714793,0.2920452058315277,0.9601982681161568,0.951048883565084,,,,,,,,,,
2026-06-29T11:31:45.963750+00:00,spambase,44,self_training_xgboost,2,500,3180,400,100,921,2,57,57,1552.0,407.0,3.0,"{0: 1165, 1: 787}",0.4880503144654088,0.9977462106989216,0.99449223279953,0.9998373985290528,,max_iter,,,,,stratified_labeled_val,2,True,197,303,8.4369,success,,0.9163952225841476,0.9040478094730294,0.9108344722578114,0.2539975643157959,0.9671001313230052,0.959395927572018,,,,,,,,,,
2026-06-29T11:31:54.419133+00:00,spambase,44,self_training_lightgbm,0,50,3630,40,10,921,2,57,57,0.0,0.0,0.0,"{0: 24, 1: 16}",0.0,,,,,no_candidates,,,,,stratified_labeled_val,2,True,20,30,0.4894,success,,0.7752442996742671,0.7413504546935632,0.7501274612471935,0.4978795844651654,0.8317559761841287,0.7186364140101472,,,,,,,,,,
2026-06-29T11:31:54.919927+00:00,spambase,44,self_training_lightgbm,0,100,3580,80,20,921,2,57,57,1748.0,459.0,3.0,"{0: 1228, 1: 600}",0.488268156424581,0.9998937249339496,0.9992501385738376,0.9999999491182456,,max_iter,,,,,stratified_labeled_val,2,True,40,60,11.8343,success,,0.8425624321389794,0.8344515536597648,0.8349333837636598,1.0287617230402049,0.9242473611975076,0.9082412009234464,,,,,,,,,,
2026-06-29T11:32:06.769386+00:00,spambase,44,self_training_lightgbm,0,250,3430,200,50,921,2,57,57,1674.0,439.0,3.0,"{0: 1288, 1: 586}",0.4880466472303207,0.9999994942222312,0.9999978244849232,0.9999999986836156,,max_iter,,,,,stratified_labeled_val,2,True,99,151,14.2254,success,,0.9142236699239956,0.9046624603809356,0.9091326898267428,0.5020825318770151,0.9632493063578108,0.953496383677107,,,,,,,,,,
2026-06-29T11:32:21.005008+00:00,spambase,44,self_training_lightgbm,0,500,3180,400,100,921,2,57,57,1552.0,407.0,3.0,"{0: 1222, 1: 730}",0.4880503144654088,0.9999994755453292,0.9999963680231028,0.99999999987749,,max_iter,,,,,stratified_labeled_val,2,True,197,303,16.7341,success,,0.9435396308360476,0.9447406617494594,0.94132320509679,0.3159636183034159,0.9816444009992396,0.9697633259562816,,,,,,,,,,
2026-06-29T11:32:37.753701+00:00,spambase,44,self_training_lightgbm,1,50,3630,40,10,921,2,57,57,0.0,0.0,0.0,"{0: 24, 1: 16}",0.0,,,,,no_candidates,,,,,stratified_labeled_val,2,True,20,30,1.7307,success,,0.6058631921824105,0.5288811872389585,0.4906695185992623,0.6580302086125479,0.5956090721486615,0.4578250130171785,,,,,,,,,,
2026-06-29T11:32:39.496913+00:00,spambase,44,self_training_lightgbm,1,100,3580,80,20,921,2,57,57,1748.0,459.0,3.0,"{0: 1168, 1: 660}",0.488268156424581,0.999963477855774,0.999517359159914,0.9999999862506014,,max_iter,,,,,stratified_labeled_val,2,True,40,60,10.7869,success,,0.8338762214983714,0.830652566722948,0.8275797935798058,1.2437870335698704,0.921028466483012,0.9107775693963196,,,,,,,,,,
2026-06-29T11:32:50.290446+00:00,spambase,44,self_training_lightgbm,1,250,3430,200,50,921,2,57,57,1674.0,439.0,3.0,"{0: 1109, 1: 765}",0.4880466472303207,0.9999997366755382,0.9999975565900816,0.9999999997469778,,max_iter,,,,,stratified_labeled_val,2,True,99,151,13.8343,success,,0.8968512486427795,0.8888814834562635,0.8913074535048828,0.7116490095117108,0.9472239501565014,0.936475732962883,,,,,,,,,,
2026-06-29T11:33:04.136430+00:00,spambase,44,self_training_lightgbm,1,500,3180,400,100,921,2,57,57,1552.0,407.0,3.0,"{0: 1272, 1: 680}",0.4880503144654088,0.9999996262445032,0.9999976012530872,0.999999999936042,,max_iter,,,,,stratified_labeled_val,2,True,197,303,15.6004,success,,0.9294245385450596,0.9244275600580586,0.925857992635958,0.4617526743626234,0.966912527029829,0.954358604103536,,,,,,,,,,
2026-06-29T11:33:19.750587+00:00,spambase,44,self_training_lightgbm,2,50,3630,40,10,921,2,57,57,0.0,0.0,0.0,"{0: 24, 1: 16}",0.0,,,,,no_candidates,,,,,stratified_labeled_val,2,True,20,30,0.6394,success,,0.7709011943539631,0.7599084688527504,0.7600333405365357,0.4937078147408937,0.8301983668552584,0.7245635498928724,,,,,,,,,,
2026-06-29T11:33:20.405091+00:00,spambase,44,self_training_lightgbm,2,100,3580,80,20,921,2,57,57,1748.0,459.0,3.0,"{0: 1460, 1: 368}",0.488268156424581,0.9999706595259438,0.999591730542363,0.9999999795442736,,max_iter,,,,,stratified_labeled_val,2,True,40,60,14.8134,success,,0.8469055374592834,0.8130054207766818,0.8279086409446001,0.998466829174928,0.9408182509355528,0.9273107355977066,,,,,,,,,,
2026-06-29T11:33:35.231924+00:00,spambase,44,self_training_lightgbm,2,250,3430,200,50,921,2,57,57,1674.0,439.0,3.0,"{0: 1157, 1: 717}",0.4880466472303207,0.99999823092775,0.9999910228501918,0.9999999966042986,,max_iter,,,,,stratified_labeled_val,2,True,99,151,13.2979,success,,0.9087947882736156,0.8929618768328447,0.9019706231183288,0.5374705020369138,0.9694303741224564,0.9604197079906932,,,,,,,,,,
2026-06-29T11:33:48.548836+00:00,spambase,44,self_training_lightgbm,2,500,3180,400,100,921,2,57,57,1552.0,407.0,3.0,"{0: 1216, 1: 736}",0.4880503144654088,0.999999100104812,0.999993720813206,0.999999999751859,,max_iter,,,,,stratified_labeled_val,2,True,197,303,18.9671,success,,0.9261672095548316,0.9169258568085548,0.9217423901634428,0.3927110754685754,0.9750831876931584,0.9697251535300596,,,,,,,,,,
2026-06-29T11:34:07.533479+00:00,spambase,44,self_training_catboost,0,50,3630,40,10,921,2,57,57,1301.0,500.0,3.0,"{0: 774, 1: 567}",0.3584022038567493,0.99488221438074,0.9701761918930116,0.9996046872374552,,max_iter,,,,,stratified_labeled_val,2,True,20,30,8.2965,success,,0.8555917480998915,0.8519431855208981,0.8497234139393486,0.4330082439315068,0.9202731123552238,0.9051140858290808,,,,,,,,,,
2026-06-29T11:34:15.842875+00:00,spambase,44,self_training_catboost,0,100,3580,80,20,921,2,57,57,1432.0,432.0,3.0,"{0: 798, 1: 714}",0.4,0.9938121591515698,0.9787626731705096,0.9996412892668348,,max_total_pseudo_fraction,,,,,stratified_labeled_val,2,True,40,60,6.9228,success,,0.8849077090119435,0.8790248526318908,0.879389497820694,0.3560763301545483,0.937577139923181,0.928780064923899,,,,,,,,,,
2026-06-29T11:34:22.796513+00:00,spambase,44,self_training_catboost,0,250,3430,200,50,921,2,57,57,1372.0,372.0,3.0,"{0: 871, 1: 701}",0.4,0.994977854355254,0.9855607616691588,0.9989819959997736,,max_total_pseudo_fraction,,,,,stratified_labeled_val,2,True,99,151,8.1722,success,,0.8914223669923995,0.8791063123907699,0.8845309020882228,0.283593038962126,0.9530199354246276,0.9399128327163812,,,,,,,,,,
2026-06-29T11:34:30.978864+00:00,spambase,44,self_training_catboost,0,500,3180,400,100,921,2,57,57,1272.0,272.0,3.0,"{0: 956, 1: 716}",0.4,0.9931288902188828,0.9851116040516454,0.9986390756476686,,max_total_pseudo_fraction,,,,,stratified_labeled_val,2,True,197,303,9.2926,success,,0.9348534201954396,0.9317959655203056,0.9317959655203056,0.1914158322137394,0.9742735270594508,0.9633905081800336,,,,,,,,,,
2026-06-29T11:34:40.281961+00:00,spambase,44,self_training_catboost,1,50,3630,40,10,921,2,57,57,1375.0,500.0,3.0,"{0: 774, 1: 641}",0.3787878787878788,0.9953806156168616,0.9700595659826216,0.9995562748054844,,max_iter,,,,,stratified_labeled_val,2,True,20,30,8.3657,success,,0.8327904451682954,0.8312005687372257,0.826964181143861,0.4806516721067588,0.906689080442746,0.8835079812165599,,,,,,,,,,
2026-06-29T11:34:48.659078+00:00,spambase,44,self_training_catboost,1,100,3580,80,20,921,2,57,57,1432.0,432.0,3.0,"{0: 776, 1: 736}",0.4,0.9971380790059258,0.9879052310072466,0.999681906037744,,max_total_pseudo_fraction,,,,,stratified_labeled_val,2,True,40,60,6.3747,success,,0.8458197611292074,0.8443600225125152,0.8403150183150183,0.5772442992375781,0.911258232372602,0.9023822697230108,,,,,,,,,,
2026-06-29T11:34:55.045294+00:00,spambase,44,self_training_catboost,1,250,3430,200,50,921,2,57,57,1372.0,372.0,3.0,"{0: 871, 1: 701}",0.4,0.9959428343639806,0.9903868675877756,0.999171109690644,,max_total_pseudo_fraction,,,,,stratified_labeled_val,2,True,99,151,8.8189,success,,0.8805646036916395,0.8730338576379633,0.8744659443491708,0.3177670118579754,0.9445036879054476,0.9264971031762204,,,,,,,,,,
2026-06-29T11:35:03.874620+00:00,spambase,44,self_training_catboost,1,500,3180,400,100,921,2,57,57,1272.0,272.0,3.0,"{0: 988, 1: 684}",0.4,0.9930495482217416,0.9826772702932672,0.9986329983984188,,max_total_pseudo_fraction,,,,,stratified_labeled_val,2,True,197,303,9.9505,success,,0.9174809989142236,0.908794691785894,0.9127249331684156,0.2152578039775817,0.966781697720114,0.9493518221475942,,,,,,,,,,
2026-06-29T11:35:13.836220+00:00,spambase,44,self_training_catboost,2,50,3630,40,10,921,2,57,57,1360.0,500.0,3.0,"{0: 774, 1: 626}",0.3746556473829201,0.9945890598245516,0.9701192444758908,0.9998321960755168,,max_iter,,,,,stratified_labeled_val,2,True,20,30,6.9231,success,,0.8327904451682954,0.8244616250481354,0.8247734213621404,0.5987021555251861,0.9076517866840448,0.8860304053746714,,,,,,,,,,
2026-06-29T11:35:20.770049+00:00,spambase,44,self_training_catboost,2,100,3580,80,20,921,2,57,57,1432.0,432.0,3.0,"{0: 798, 1: 714}",0.4,0.9943825606421446,0.9740965494419842,0.999445491597412,,max_total_pseudo_fraction,,,,,stratified_labeled_val,2,True,40,60,6.1484,success,,0.8740499457111836,0.8642880417073966,0.8670731100383218,0.4209154640809486,0.9318774252791848,0.9211760775418888,,,,,,,,,,
2026-06-29T11:35:26.928110+00:00,spambase,44,self_training_catboost,2,250,3430,200,50,921,2,57,57,1372.0,372.0,3.0,"{0: 871, 1: 701}",0.4,0.99236693672957,0.9828747575103292,0.9985911421732938,,max_total_pseudo_fraction,,,,,stratified_labeled_val,2,True,99,151,7.131,success,,0.9207383279044516,0.9119642169495542,0.9161249274874156,0.2003685498795353,0.971550796330855,0.9668450988634312,,,,,,,,,,
2026-06-29T11:35:34.070052+00:00,spambase,44,self_training_catboost,2,500,3180,400,100,921,2,57,57,1272.0,272.0,3.0,"{0: 962, 1: 710}",0.4,0.9884536158064184,0.971367498698222,0.9985308675974452,,max_total_pseudo_fraction,,,,,stratified_labeled_val,2,True,197,303,9.0462,success,,0.9261672095548316,0.9169258568085548,0.9217423901634428,0.1920565643396719,0.9743969509365404,0.9699731490829928,,,,,,,,,,
2026-06-29T11:35:43.126198+00:00,spambase,44,rpl_lr,0,50,3630,40,10,921,2,57,57,,,,,,,,,,,,,,,stratified_labeled_val,2,True,20,30,0.2161,success,,0.9022801302931596,0.8948058295565626,0.8970811728946898,0.4439344108104706,0.9579198633450832,0.9219574822609444,,,,,,,,,,
2026-06-29T11:35:43.348132+00:00,spambase,44,rpl_lr,0,100,3580,80,20,921,2,57,57,,,,,,,,,,,,,,,stratified_labeled_val,2,True,40,60,0.3108,success,,0.9098805646036916,0.9078171746793448,0.9060487067455708,0.5270897746086121,0.9505687372256288,0.8986693244261929,,,,,,,,,,
2026-06-29T11:35:43.666683+00:00,spambase,44,rpl_lr,0,250,3430,200,50,921,2,57,57,,,,,,,,,,,,,,,stratified_labeled_val,2,True,99,151,0.4364,success,,0.9239956568946796,0.9165778014751622,0.9197854974369184,0.3875374794006347,0.9626618087028642,0.9202964356109204,,,,,,,,,,
2026-06-29T11:35:44.114507+00:00,spambase,44,rpl_lr,0,500,3180,400,100,921,2,57,57,,,,,,,,,,,,,,,stratified_labeled_val,2,True,197,303,0.6015,success,,0.9174809989142236,0.914570929233686,0.9137725436089484,0.3782851696014404,0.9602476376669926,0.9178016028774756,,,,,,,,,,
2026-06-29T11:35:44.743697+00:00,spambase,44,rpl_lr,1,50,3630,40,10,921,2,57,57,,,,,,,,,,,,,,,stratified_labeled_val,2,True,20,30,0.8123,success,,0.8740499457111836,0.8522542136911638,0.8630518381787418,0.6954942345619202,0.9333708541919684,0.905252007564116,,,,,,,,,,
2026-06-29T11:35:45.568639+00:00,spambase,44,rpl_lr,1,100,3580,80,20,921,2,57,57,,,,,,,,,,,,,,,stratified_labeled_val,2,True,40,60,0.535,success,,0.9066232356134636,0.892613821499452,0.9001205524226497,0.4506185948848724,0.9517067053723944,0.9329515672705712,,,,,,,,,,
2026-06-29T11:35:46.111880+00:00,spambase,44,rpl_lr,1,250,3430,200,50,921,2,57,57,,,,,,,,,,,,,,,stratified_labeled_val,2,True,99,151,0.8597,success,,0.9098805646036916,0.9025222903522024,0.9050370383253186,0.4190684556961059,0.952600294242523,0.9231856383897796,,,,,,,,,,
2026-06-29T11:35:47.002167+00:00,spambase,44,rpl_lr,1,500,3180,400,100,921,2,57,57,,,,,,,,,,,,,,,stratified_labeled_val,2,True,197,303,1.3861,success,,0.9066232356134636,0.8964646464646464,0.9010271405008248,0.3724311292171478,0.9547009686305876,0.9303767349442208,,,,,,,,,,
2026-06-29T11:35:48.406019+00:00,spambase,44,rpl_lr,2,50,3630,40,10,921,2,57,57,,,,,,,,,,,,,,,stratified_labeled_val,2,True,20,30,0.4051,success,,0.7698154180238871,0.7253176930596286,0.7347177235277493,1.552498698234558,0.8593362757585632,0.7804302723948343,,,,,,,,,,
2026-06-29T11:35:48.818589+00:00,spambase,44,rpl_lr,2,100,3580,80,20,921,2,57,57,,,,,,,,,,,,,,,stratified_labeled_val,2,True,40,60,0.3368,success,,0.8284473398479913,0.801623270831482,0.8119222656492338,1.0230311155319214,0.9058942306742892,0.8163975421689039,,,,,,,,,,
2026-06-29T11:35:49.163576+00:00,spambase,44,rpl_lr,2,250,3430,200,50,921,2,57,57,,,,,,,,,,,,,,,stratified_labeled_val,2,True,99,151,0.3856,success,,0.8697068403908795,0.8626292247993128,0.8633260783537793,0.6322686672210693,0.9289794326451216,0.8639233313152306,,,,,,,,,,
2026-06-29T11:35:49.557818+00:00,spambase,44,rpl_lr,2,500,3180,400,100,921,2,57,57,,,,,,,,,,,,,,,stratified_labeled_val,2,True,197,303,1.3829,success,,0.8946796959826275,0.8890147812435203,0.8895761256901724,0.3647801578044891,0.9521312835095828,0.9237121418157366,,,,,,,,,,
2026-06-29T11:35:50.984779+00:00,spambase,44,rpl_lite_xgboost,0,50,3630,40,10,921,2,57,57,1772.0,465.0,3.0,"{0: 1020, 1: 752}",0.4881542699724518,0.9946700452278214,,,0.0335481558322207,max_iter,,,,,stratified_labeled_val,2,True,20,30,6.1106,success,,0.8208469055374593,0.812198228620516,0.8123483468650634,0.7401432991027832,0.8913623033857638,0.8573501432919051,,,,,,,,,,
2026-06-29T11:35:57.113674+00:00,spambase,44,rpl_lite_xgboost,0,100,3580,80,20,921,2,57,57,1748.0,459.0,3.0,"{1: 810, 0: 938}",0.488268156424581,0.9969988258329628,,,0.0266194928183924,max_iter,,,,,stratified_labeled_val,2,True,40,60,6.6894,success,,0.8295331161780674,0.828512396694215,0.8238093787506777,0.5778059959411621,0.91844890745184,0.8886342612292332,,,,,,,,,,
2026-06-29T11:36:03.819595+00:00,spambase,44,rpl_lite_xgboost,0,250,3430,200,50,921,2,57,57,1674.0,439.0,3.0,"{0: 1187, 1: 487}",0.4880466472303207,0.9987615336938857,,,0.0627242213789701,max_iter,,,,,stratified_labeled_val,2,True,99,151,7.3771,success,,0.8957654723127035,0.8841346011433988,0.8892740497325025,0.3724643588066101,0.9444790031300296,0.9295636372787236,,,,,,,,,,
2026-06-29T11:36:11.210659+00:00,spambase,44,rpl_lite_xgboost,0,500,3180,400,100,921,2,57,57,1552.0,407.0,3.0,"{0: 944, 1: 608}",0.4880503144654088,0.9986328684254404,,,0.0203531959112629,max_iter,,,,,stratified_labeled_val,2,True,197,303,7.4062,success,,0.9283387622149836,0.9288263870375308,0.9255256064690028,0.2214252352714538,0.9751720528846628,0.9620881735899448,,,,,,,,,,
2026-06-29T11:36:18.635882+00:00,spambase,44,rpl_lite_xgboost,1,50,3630,40,10,921,2,57,57,1772.0,465.0,3.0,"{0: 1105, 1: 667}",0.4881542699724518,0.995126256319793,,,0.0569990612565782,max_iter,,,,,stratified_labeled_val,2,True,20,30,3.4994,success,,0.8414766558089034,0.8258538463817057,0.831030409650666,0.5718045830726624,0.9061929164568462,0.885334096938025,,,,,,,,,,
2026-06-29T11:36:22.160909+00:00,spambase,44,rpl_lite_xgboost,1,100,3580,80,20,921,2,57,57,1748.0,459.0,3.0,"{0: 1108, 1: 640}",0.488268156424581,0.9990193251886956,,,0.0419571346970153,max_iter,,,,,stratified_labeled_val,2,True,40,60,6.7943,success,,0.8262757871878393,0.8238988121686068,0.8200732600732601,0.6223180294036865,0.9093772524857568,0.8987669912572805,,,,,,,,,,
2026-06-29T11:36:28.968781+00:00,spambase,44,rpl_lite_xgboost,1,250,3430,200,50,921,2,57,57,1674.0,439.0,3.0,"{0: 1008, 1: 666}",0.4880466472303207,0.9994068531722292,,,0.033743486869814,max_iter,,,,,stratified_labeled_val,2,True,99,151,7.0472,success,,0.8838219326818675,0.8771660890429218,0.8780722581507248,0.4519813358783722,0.9353999427313212,0.9268124221694172,,,,,,,,,,
2026-06-29T11:36:36.030220+00:00,spambase,44,rpl_lite_xgboost,1,500,3180,400,100,921,2,57,57,1552.0,407.0,3.0,"{0: 1005, 1: 547}",0.4880503144654088,0.9990643180676342,,,0.072559862428359,max_iter,,,,,stratified_labeled_val,2,True,197,303,8.3319,success,,0.9098805646036916,0.9049290559554488,0.9055135920854052,0.3120457828044891,0.9544837426069096,0.9401629452094932,,,,,,,,,,
2026-06-29T11:36:44.372304+00:00,spambase,44,rpl_lite_xgboost,2,50,3630,40,10,921,2,57,57,1772.0,465.0,3.0,"{0: 1328, 1: 444}",0.4881542699724518,0.9932732751958796,,,0.0394627713241443,max_iter,,,,,stratified_labeled_val,2,True,20,30,2.5285,success,,0.8469055374592834,0.8240765425516159,0.8336482454803169,0.5616655945777893,0.907614759520918,0.8826528057726816,,,,,,,,,,
2026-06-29T11:36:46.916759+00:00,spambase,44,rpl_lite_xgboost,2,100,3580,80,20,921,2,57,57,1748.0,459.0,3.0,"{0: 1366, 1: 382}",0.488268156424581,0.9977023139493688,,,0.0513715647380906,max_iter,,,,,stratified_labeled_val,2,True,40,60,6.1265,success,,0.8458197611292074,0.8164415415148553,0.8292377838594438,0.5338209867477417,0.9320847773926952,0.915815611504515,,,,,,,,,,
2026-06-29T11:36:53.066065+00:00,spambase,44,rpl_lite_xgboost,2,250,3430,200,50,921,2,57,57,1674.0,439.0,3.0,"{0: 955, 1: 719}",0.4880466472303207,0.997197655259922,,,0.0167264336659826,max_iter,,,,,stratified_labeled_val,2,True,99,151,7.5848,success,,0.9022801302931596,0.8875855327468232,0.8953504226888465,0.2878625988960266,0.9607438016528926,0.9522508043725644,,,,,,,,,,
2026-06-29T11:37:00.665281+00:00,spambase,44,rpl_lite_xgboost,2,500,3180,400,100,921,2,57,57,1552.0,407.0,3.0,"{0: 914, 1: 638}",0.4880503144654088,0.9977746958431508,,,0.0476804542503375,max_iter,,,,,stratified_labeled_val,2,True,197,303,7.8579,success,,0.9131378935939196,0.9003969311887201,0.9073067632850242,0.2564862668514251,0.966216416363044,0.9585640129230132,,,,,,,,,,
2026-06-30T08:51:06.354955+00:00,phoneme,1489,sslae,0,50,4273,40,10,1081,2,5,5,,,,,,,,,,,,,,,stratified_labeled_val,2,True,15,35,7.2453,success,,0.7261794634597595,0.5644994797430095,0.5511855201588922,0.5519386208942004,0.7058813814061804,0.5073059749245744,3.0,0.5780885219573975,13.0,0.4211103916168213,,sslae,internal_stratified_val,,,
2026-06-30T08:51:13.610685+00:00,phoneme,1489,sslae,0,100,4223,80,20,1081,2,5,5,,,,,,,,,,,,,,,stratified_labeled_val,2,True,30,70,8.7288,success,,0.7696577243293247,0.6635485655771549,0.6792112837197661,0.5193720090451378,0.8232323649396337,0.6088169485481044,29.0,0.4327190518379211,39.0,0.1700123101472854,,sslae,internal_stratified_val,,,
2026-06-30T08:51:22.347233+00:00,phoneme,1489,sslae,0,250,4073,200,50,1081,2,5,5,,,,,,,,,,,,,,,stratified_labeled_val,2,True,74,176,14.6826,success,,0.7705827937095282,0.7555638594810643,0.7388156253896995,0.4983001554657199,0.8455992865046987,0.6296797561684131,41.0,0.4258096814155578,51.0,0.2753288149833679,,sslae,internal_stratified_val,,,
2026-06-30T08:51:37.042298+00:00,phoneme,1489,sslae,0,500,3823,400,100,1081,2,5,5,,,,,,,,,,,,,,,stratified_labeled_val,2,True,147,353,12.1519,success,,0.7974098057354302,0.781925611508415,0.7670948516470381,0.411103399308604,0.8689571737658349,0.6951117811175984,44.0,0.3952971994876861,54.0,0.3955736309289932,,sslae,internal_stratified_val,,,
2026-06-30T08:51:49.201261+00:00,phoneme,1489,sslae,1,50,4273,40,10,1081,2,5,5,,,,,,,,,,,,,,,stratified_labeled_val,2,True,15,35,3.1097,success,,0.7474560592044404,0.6487645960988984,0.6601087005345192,0.5334828394708829,0.7630601020694667,0.5422980592777749,3.0,0.4872229695320129,13.0,0.2805953025817871,,sslae,internal_stratified_val,,,
2026-06-30T08:51:52.318236+00:00,phoneme,1489,sslae,1,100,4223,80,20,1081,2,5,5,,,,,,,,,,,,,,,stratified_labeled_val,2,True,30,70,3.6288,success,,0.7844588344125809,0.7487695509273787,0.7443892033201506,0.4973657294703423,0.7903983682098205,0.5345284982703329,6.0,0.4489161372184753,16.0,0.3349592387676239,,sslae,internal_stratified_val,,,
2026-06-30T08:51:55.955035+00:00,phoneme,1489,sslae,1,250,4073,200,50,1081,2,5,5,,,,,,,,,,,,,,,stratified_labeled_val,2,True,74,176,9.1479,success,,0.7770582793709528,0.6881637405651808,0.7029274962056465,0.4300654349796285,0.8527342395164088,0.677903789281535,34.0,0.455161988735199,44.0,0.3695726990699768,,sslae,internal_stratified_val,,,
2026-06-30T08:52:05.110662+00:00,phoneme,1489,sslae,1,500,3823,400,100,1081,2,5,5,,,,,,,,,,,,,,,stratified_labeled_val,2,True,147,353,2.8635,success,,0.7382053654024052,0.5757758435595488,0.5651024896330445,0.5111550924029391,0.8013113779378005,0.6230919552662574,2.0,0.5632970333099365,12.0,0.4669951945543289,,sslae,internal_stratified_val,,,
2026-06-30T08:52:07.982467+00:00,phoneme,1489,sslae,2,50,4273,40,10,1081,2,5,5,,,,,,,,,,,,,,,stratified_labeled_val,2,True,15,35,8.0801,success,,0.6993524514338575,0.7051711893239963,0.674265062430405,0.7209258475717683,0.7782714255041537,0.5424837167720113,24.0,0.1235264465212822,34.0,0.2052254527807235,,sslae,internal_stratified_val,,,
2026-06-30T08:52:16.069904+00:00,phoneme,1489,sslae,2,100,4223,80,20,1081,2,5,5,,,,,,,,,,,,,,,stratified_labeled_val,2,True,30,70,4.2982,success,,0.7613320999074931,0.6788837597238508,0.6898376334519574,0.4810344105184998,0.806848398764596,0.6121764016289551,5.0,0.4219426214694977,15.0,0.3660972118377685,,sslae,internal_stratified_val,,,
2026-06-30T08:52:20.381688+00:00,phoneme,1489,sslae,2,250,4073,200,50,1081,2,5,5,,,,,,,,,,,,,,,stratified_labeled_val,2,True,74,176,7.4945,success,,0.7909343200740055,0.762579070804499,0.7547955709720415,0.4352489958356551,0.8585809371232266,0.6524468178184155,20.0,0.4528822004795074,30.0,0.3065231442451477,,sslae,internal_stratified_val,,,
2026-06-30T08:52:27.883129+00:00,phoneme,1489,sslae,2,500,3823,400,100,1081,2,5,5,,,,,,,,,,,,,,,stratified_labeled_val,2,True,147,353,9.4832,success,,0.8038852913968547,0.7698957008604885,0.7664065430467897,0.4104141089158686,0.8667522750920772,0.69675820863139,29.0,0.3745308518409729,39.0,0.3303106725215912,,sslae,internal_stratified_val,,,
2026-06-30T08:59:40.383295+00:00,phoneme,1489,scarf,0,50,4273,40,10,1081,2,5,5,,,,,,,,,,,,,,,stratified_labeled_val,2,True,15,35,18.3004,success,,0.7502312673450509,0.6534964572976365,0.6651084980999064,0.7329974050640954,0.7667142880737279,0.5657000571602021,45.0,0.4014362096786499,55.0,0.1431845873594284,55.0,scarf,internal_stratified_val,50.0,,
2026-06-30T08:59:58.692633+00:00,phoneme,1489,scarf,0,100,4223,80,20,1081,2,5,5,,,,,,,,,,,,,,,stratified_labeled_val,2,True,30,70,19.7032,success,,0.7715078630897317,0.7082307959106149,0.7148083231062221,0.4977271591133403,0.7858234099129602,0.5720715667448059,14.0,0.4689986109733581,24.0,0.3555301427841186,24.0,scarf,internal_stratified_val,50.0,,
2026-06-30T09:00:18.404304+00:00,phoneme,1489,scarf,0,250,4073,200,50,1081,2,5,5,,,,,,,,,,,,,,,stratified_labeled_val,2,True,74,176,18.4891,success,,0.7890841813135985,0.7197425140799709,0.7307984691202685,0.4856871559534793,0.8475812178968405,0.6350284240371696,40.0,0.4190274178981781,50.0,0.2376800030469894,50.0,scarf,internal_stratified_val,50.0,,
2026-06-30T09:00:36.901913+00:00,phoneme,1489,scarf,0,500,3823,400,100,1081,2,5,5,,,,,,,,,,,,,,,stratified_labeled_val,2,True,147,353,18.1223,success,,0.7816836262719704,0.7200439328125259,0.7272280149518001,0.4119621017794607,0.8672725320825143,0.6930233127384976,28.0,0.3990844786167145,38.0,0.3149291574954986,38.0,scarf,internal_stratified_val,50.0,,
2026-06-30T09:00:55.032750+00:00,phoneme,1489,scarf,1,50,4273,40,10,1081,2,5,5,,,,,,,,,,,,,,,stratified_labeled_val,2,True,15,35,18.742,success,,0.7335800185013877,0.6361793317587989,0.6454284542845428,0.5442596215374849,0.7527623168777974,0.514599562730612,10.0,0.5235588550567627,20.0,0.2557646036148071,20.0,scarf,internal_stratified_val,50.0,,
2026-06-30T09:01:13.781750+00:00,phoneme,1489,scarf,1,100,4223,80,20,1081,2,5,5,,,,,,,,,,,,,,,stratified_labeled_val,2,True,30,70,23.8854,success,,0.7835337650323775,0.7499607742745305,0.7443958966565349,0.5602270546898994,0.7860050869572399,0.5264785643537779,18.0,0.4016860425472259,28.0,0.2631688416004181,28.0,scarf,internal_stratified_val,50.0,,
2026-06-30T09:01:37.681473+00:00,phoneme,1489,scarf,1,250,4073,200,50,1081,2,5,5,,,,,,,,,,,,,,,stratified_labeled_val,2,True,74,176,23.8221,success,,0.7705827937095282,0.6595888318166052,0.6755702280912366,0.4577799428089133,0.8328117000016516,0.6532957635411856,22.0,0.457359254360199,32.0,0.370444118976593,32.0,scarf,internal_stratified_val,50.0,,
2026-06-30T09:02:01.515616+00:00,phoneme,1489,scarf,1,500,3823,400,100,1081,2,5,5,,,,,,,,,,,,,,,stratified_labeled_val,2,True,147,353,27.2759,success,,0.7548566142460684,0.6244694204502288,0.6346859892292527,0.4908407951086484,0.8143632219597999,0.6416642469534038,6.0,0.5423967242240906,16.0,0.3981941938400268,16.0,scarf,internal_stratified_val,50.0,,
2026-06-30T09:02:28.808292+00:00,phoneme,1489,scarf,2,50,4273,40,10,1081,2,5,5,,,,,,,,,,,,,,,stratified_labeled_val,2,True,15,35,78.5583,success,,0.7326549491211841,0.7075061522453632,0.6945064573255222,0.7326918107783977,0.7885774687432905,0.5556626052284005,36.0,0.1873440593481063,46.0,0.1594562232494354,46.0,scarf,internal_stratified_val,50.0,,
2026-06-30T09:03:47.382358+00:00,phoneme,1489,scarf,2,100,4223,80,20,1081,2,5,5,,,,,,,,,,,,,,,stratified_labeled_val,2,True,30,70,89.7943,success,,0.7650323774283071,0.6971897864468926,0.70458125322775,0.4855718797008364,0.7995358977323401,0.6259586818669444,13.0,0.4359084367752075,23.0,0.3475701808929443,23.0,scarf,internal_stratified_val,50.0,,
2026-06-30T09:05:17.296291+00:00,phoneme,1489,scarf,2,250,4073,200,50,1081,2,5,5,,,,,,,,,,,,,,,stratified_labeled_val,2,True,74,176,82.571,success,,0.7853839037927844,0.7420413067534313,0.7415943355012076,0.4559920445957982,0.8275513237650091,0.6324170384307631,15.0,0.5211289525032043,25.0,0.3412286341190338,25.0,scarf,internal_stratified_val,50.0,,
2026-06-30T09:06:39.886681+00:00,phoneme,1489,scarf,2,500,3823,400,100,1081,2,5,5,,,,,,,,,,,,,,,stratified_labeled_val,2,True,147,353,40.0492,success,,0.8094357076780758,0.7664397079954415,0.7684059671192758,0.4054377742667193,0.8714387170297455,0.7146587239043495,24.0,0.3787163496017456,34.0,0.2773760929703712,34.0,scarf,internal_stratified_val,50.0,,
2026-06-30T09:07:20.152536+00:00,spambase,44,sslae,0,50,3630,40,10,921,2,57,57,,,,,,,,,,,,,,,stratified_labeled_val,2,True,20,30,11.5187,success,,0.8925081433224755,0.8877040196688291,0.8875173481535397,0.4081456273450341,0.9482014672630508,0.893686609442105,36.0,0.0485475361347198,46.0,0.1352198272943496,,sslae,internal_stratified_val,,,
2026-06-30T09:07:31.678774+00:00,spambase,44,sslae,0,100,3580,80,20,921,2,57,57,,,,,,,,,,,,,,,stratified_labeled_val,2,True,40,60,9.8539,success,,0.9196525515743756,0.9173257501703248,0.916120218579235,0.3763547652174954,0.9534025494436053,0.8805401268595524,18.0,0.1255510449409485,28.0,0.258410632610321,,sslae,internal_stratified_val,,,
2026-06-30T09:07:41.545869+00:00,spambase,44,sslae,0,250,3430,200,50,921,2,57,57,,,,,,,,,,,,,,,stratified_labeled_val,2,True,99,151,13.6295,success,,0.9218241042345277,0.9253754554341064,0.9192317811102342,0.3182947803042291,0.9657325947648528,0.9276890532408352,26.0,0.1647683531045913,36.0,0.3072182834148407,,sslae,internal_stratified_val,,,
2026-06-30T09:07:55.188243+00:00,spambase,44,sslae,0,500,3180,400,100,921,2,57,57,,,,,,,,,,,,,,,stratified_labeled_val,2,True,197,303,7.3765,success,,0.9229098805646035,0.9195325690926864,0.9193306234232456,0.2744051917163052,0.9673938801504784,0.9279183715353078,12.0,0.2611212134361267,22.0,0.4191907048225403,,sslae,internal_stratified_val,,,
2026-06-30T09:08:02.581500+00:00,spambase,44,sslae,1,50,3630,40,10,921,2,57,57,,,,,,,,,,,,,,,stratified_labeled_val,2,True,20,30,17.7301,success,,0.8653637350705755,0.848455226754347,0.8556426332288402,0.3530277392019452,0.9203718514568954,0.8999910297576661,13.0,0.190268725156784,23.0,0.2778838872909546,,sslae,internal_stratified_val,,,
2026-06-30T09:08:20.458162+00:00,spambase,44,sslae,1,100,3580,80,20,921,2,57,57,,,,,,,,,,,,,,,stratified_labeled_val,2,True,40,60,11.1438,success,,0.8447339847991314,0.8112133060813413,0.825749346740317,0.455597816619538,0.9343187495680164,0.9124295023820692,3.0,0.5504041910171509,13.0,0.4030408263206482,,sslae,internal_stratified_val,,,
2026-06-30T09:08:31.711917+00:00,spambase,44,sslae,1,250,3430,200,50,921,2,57,57,,,,,,,,,,,,,,,stratified_labeled_val,2,True,99,151,23.1028,success,,0.9326818675352876,0.9242276133771736,0.9287251358044416,0.2414060254535492,0.9619607610809956,0.945872602391546,20.0,0.3137783706188202,30.0,0.3384778797626495,,sslae,internal_stratified_val,,,
2026-06-30T09:08:54.833475+00:00,spambase,44,sslae,1,500,3180,400,100,921,2,57,57,,,,,,,,,,,,,,,stratified_labeled_val,2,True,197,303,24.4421,success,,0.9120521172638436,0.8980568144791019,0.9058715908875836,0.2512003796507199,0.964843942849808,0.941397247799732,13.0,0.1795018017292022,23.0,0.4393422156572342,,sslae,internal_stratified_val,,,
2026-06-30T09:09:19.290360+00:00,spambase,44,sslae,2,50,3630,40,10,921,2,57,57,,,,,,,,,,,,,,,stratified_labeled_val,2,True,20,30,14.4185,success,,0.8143322475570033,0.7947880565182618,0.8008059283543353,0.4750303696666071,0.8835026708927002,0.8262072727482165,15.0,0.1649708598852157,25.0,0.2257699221372604,,sslae,internal_stratified_val,,,
2026-06-30T09:09:33.749582+00:00,spambase,44,sslae,2,100,3580,80,20,921,2,57,57,,,,,,,,,,,,,,,stratified_labeled_val,2,True,40,60,11.1623,success,,0.8621064060803475,0.8457670547113363,0.85241595114473,0.3625813686539273,0.9287251794583172,0.8670588686341811,6.0,0.3172408938407898,16.0,0.505385160446167,,sslae,internal_stratified_val,,,
2026-06-30T09:09:44.920069+00:00,spambase,44,sslae,2,250,3430,200,50,921,2,57,57,,,,,,,,,,,,,,,stratified_labeled_val,2,True,99,151,23.4839,success,,0.8892508143322475,0.883090435143221,0.8838271666007123,0.3724412242586484,0.9428991775032832,0.8763923626575592,19.0,0.2802203297615051,29.0,0.3675937950611114,,sslae,internal_stratified_val,,,
2026-06-30T09:10:08.418988+00:00,spambase,44,sslae,2,500,3180,400,100,921,2,57,57,,,,,,,,,,,,,,,stratified_labeled_val,2,True,197,303,24.9959,success,,0.8881650380021715,0.8889333214846411,0.8842203673439997,0.3688769171601199,0.952007859632493,0.904887381671266,25.0,0.2498795241117477,35.0,0.3949345350265503,,sslae,internal_stratified_val,,,
2026-06-30T09:22:45.280121+00:00,spambase,44,scarf,0,50,3630,40,10,921,2,57,57,,,,,,,,,,,,,,,stratified_labeled_val,2,True,20,30,71.4619,success,,0.8881650380021715,0.8884519683639918,0.8841236317529808,0.5073739652812741,0.9583715947352311,0.9271620484826834,66.0,0.016746325418353,76.0,0.0006605593953281,76.0,scarf,internal_stratified_val,50.0,,
2026-06-30T09:23:56.845991+00:00,spambase,44,scarf,0,100,3580,80,20,921,2,57,57,,,,,,,,,,,,,,,stratified_labeled_val,2,True,40,60,70.6933,success,,0.9153094462540716,0.9156669332622412,0.9120615194782302,0.4120031406503334,0.948828460558666,0.8772675962175568,26.0,0.1191575899720192,36.0,0.0255153980106115,36.0,scarf,internal_stratified_val,50.0,,
2026-06-30T09:25:07.550614+00:00,spambase,44,scarf,0,250,3430,200,50,921,2,57,57,,,,,,,,,,,,,,,stratified_labeled_val,2,True,99,151,57.0532,success,,0.9326818675352876,0.92663437898042,0.9291003635496752,0.2283958806200121,0.9703264314701264,0.942223120480331,18.0,0.2218338549137115,28.0,0.0833517611026763,28.0,scarf,internal_stratified_val,50.0,,
2026-06-30T09:26:04.615126+00:00,spambase,44,scarf,0,500,3180,400,100,921,2,57,57,,,,,,,,,,,,,,,stratified_labeled_val,2,True,197,303,54.0595,success,,0.9163952225841476,0.9136748718860156,0.9126789559940948,0.262281609777214,0.9637454703437108,0.926731866943026,9.0,0.2737308442592621,19.0,0.1421837694942951,19.0,scarf,internal_stratified_val,50.0,,
2026-06-30T09:26:58.686630+00:00,spambase,44,scarf,1,50,3630,40,10,921,2,57,57,,,,,,,,,,,,,,,stratified_labeled_val,2,True,20,30,27.7719,success,,0.8935939196525515,0.8837865458100063,0.8874610980329569,0.5658000241078615,0.9436520631535296,0.9285441332048842,92.0,0.01062046084553,100.0,0.0001646544696995,100.0,scarf,internal_stratified_val,50.0,,
2026-06-30T09:27:26.472361+00:00,spambase,44,scarf,1,100,3580,80,20,921,2,57,57,,,,,,,,,,,,,,,stratified_labeled_val,2,True,40,60,23.5153,success,,0.9033659066232356,0.8831867057673509,0.894997828707434,0.3689261486486808,0.9551823217512369,0.948762138049512,10.0,0.4910162687301636,20.0,0.1088637337088584,20.0,scarf,internal_stratified_val,50.0,,
2026-06-30T09:27:49.997111+00:00,spambase,44,scarf,1,250,3430,200,50,921,2,57,57,,,,,,,,,,,,,,,stratified_labeled_val,2,True,99,151,23.3973,success,,0.9185667752442996,0.9145042803400576,0.9147037940295744,0.3474150013583216,0.959591022640876,0.9365168387606854,48.0,0.1813300102949142,58.0,0.0072171352803707,58.0,scarf,internal_stratified_val,50.0,,
2026-06-30T09:28:13.405543+00:00,spambase,44,scarf,1,500,3180,400,100,921,2,57,57,,,,,,,,,,,,,,,stratified_labeled_val,2,True,197,303,20.0919,success,,0.9196525515743756,0.9105868064812346,0.9149300007988496,0.258826245954451,0.9626297184948212,0.9385674884019998,25.0,0.1475296020507812,35.0,0.0459555992856621,35.0,scarf,internal_stratified_val,50.0,,
2026-06-30T09:28:33.506341+00:00,spambase,44,scarf,2,50,3630,40,10,921,2,57,57,,,,,,,,,,,,,,,stratified_labeled_val,2,True,20,30,22.8843,success,,0.8327904451682954,0.8095396783080067,0.818431563316094,0.4915649077976164,0.89881216860689,0.8713082183537147,25.0,0.182519644498825,35.0,0.0039560785517096,35.0,scarf,internal_stratified_val,50.0,,
2026-06-30T09:28:56.400650+00:00,spambase,44,scarf,2,100,3580,80,20,921,2,57,57,,,,,,,,,,,,,,,stratified_labeled_val,2,True,40,60,61.918,success,,0.8479913137893594,0.8312301904677272,0.8374055504554763,0.9430943977323224,0.9206828796271612,0.8673485526895951,49.0,0.004614426754415,59.0,0.0005296889576129,59.0,scarf,internal_stratified_val,50.0,,
2026-06-30T09:29:58.372216+00:00,spambase,44,scarf,2,250,3430,200,50,921,2,57,57,,,,,,,,,,,,,,,stratified_labeled_val,2,True,99,151,46.4788,success,,0.8881650380021715,0.8744927278651619,0.880726631721488,0.3163762553988004,0.940771349862259,0.9072911198862418,15.0,0.3561424612998962,25.0,0.1383982598781585,25.0,scarf,internal_stratified_val,50.0,,
2026-06-30T09:30:44.861938+00:00,spambase,44,scarf,2,500,3180,400,100,921,2,57,57,,,,,,,,,,,,,,,stratified_labeled_val,2,True,197,303,34.0008,success,,0.8957654723127035,0.8952057229183329,0.8917680239732064,0.2892264162687299,0.9574780058651028,0.9295859742258016,19.0,0.2693958878517151,29.0,0.1025925055146217,29.0,scarf,internal_stratified_val,50.0,,
2026-06-30T11:14:36.319569+00:00,phoneme,1489,vime,0,50,4273,40,10,1081,2,5,5,,,,,,,,,,,,,,,stratified_labeled_val,2,True,15,35,21.3197,success,,0.7261794634597595,0.5377372124134969,0.4931249920794839,0.5959542561409683,0.6614654731035394,0.5059619575454808,8.0,0.5657371282577515,18.0,0.4284347593784332,18.0,vime,internal_stratified_val,50.0,paper_faithful_core,VIME
2026-06-30T11:14:57.649753+00:00,phoneme,1489,vime,0,100,4223,80,20,1081,2,5,5,,,,,,,,,,,,,,,stratified_labeled_val,2,True,30,70,18.3369,success,,0.7807585568917669,0.6880130311989033,0.7041813451939298,0.5700851361778686,0.8161015409516573,0.6016538038999033,54.0,0.4630659520626068,64.0,0.1339520514011383,64.0,vime,internal_stratified_val,50.0,paper_faithful_core,VIME
2026-06-30T11:15:16.000130+00:00,phoneme,1489,vime,0,250,4073,200,50,1081,2,5,5,,,,,,,,,,,,,,,stratified_labeled_val,2,True,74,176,29.1255,success,,0.755781683626272,0.6481947908236576,0.6612733228884774,0.5056125499857586,0.7754223991279502,0.5726827674701969,10.0,0.5525745153427124,20.0,0.4147924482822418,20.0,vime,internal_stratified_val,50.0,paper_faithful_core,VIME
2026-06-30T11:15:45.134445+00:00,phoneme,1489,vime,0,500,3823,400,100,1081,2,5,5,,,,,,,,,,,,,,,stratified_labeled_val,2,True,147,353,34.8277,success,,0.8103607770582794,0.7855508943465408,0.7773943877730398,0.3992017682934264,0.877690058962459,0.7313024498317008,53.0,0.3852711319923401,63.0,0.3101063370704651,63.0,vime,internal_stratified_val,50.0,paper_faithful_core,VIME
2026-06-30T11:16:19.970756+00:00,phoneme,1489,vime,1,50,4273,40,10,1081,2,5,5,,,,,,,,,,,,,,,stratified_labeled_val,2,True,15,35,29.7034,success,,0.7493061979648473,0.6666845591028457,0.676069949633168,0.5267034948239281,0.764835582274927,0.5205911606672031,7.0,0.4783307015895843,17.0,0.2707695960998535,17.0,vime,internal_stratified_val,50.0,paper_faithful_core,VIME
2026-06-30T11:16:49.680394+00:00,phoneme,1489,vime,1,100,4223,80,20,1081,2,5,5,,,,,,,,,,,,,,,stratified_labeled_val,2,True,30,70,23.5464,success,,0.7733580018501388,0.7390704741770856,0.7330624767552847,0.5407775821986796,0.7748567228764431,0.518880092610273,14.0,0.4668611288070678,24.0,0.2836292684078216,24.0,vime,internal_stratified_val,50.0,paper_faithful_core,VIME
2026-06-30T11:17:13.232738+00:00,phoneme,1489,vime,1,250,4073,200,50,1081,2,5,5,,,,,,,,,,,,,,,stratified_labeled_val,2,True,74,176,20.1812,success,,0.7705827937095282,0.6586659950121393,0.6746473266730745,0.4546542196195272,0.8356070490693182,0.6514864442975699,24.0,0.4573922753334045,34.0,0.3589345812797546,34.0,vime,internal_stratified_val,50.0,paper_faithful_core,VIME
2026-06-30T11:17:33.420226+00:00,phoneme,1489,vime,1,500,3823,400,100,1081,2,5,5,,,,,,,,,,,,,,,stratified_labeled_val,2,True,147,353,24.4618,success,,0.8020351526364478,0.7279819809404264,0.7427335409252669,0.3818937547825355,0.8922944159083025,0.7303341912795449,48.0,0.4726712703704834,58.0,0.285889595746994,58.0,vime,internal_stratified_val,50.0,paper_faithful_core,VIME
2026-06-30T11:17:57.888314+00:00,phoneme,1489,vime,2,50,4273,40,10,1081,2,5,5,,,,,,,,,,,,,,,stratified_labeled_val,2,True,15,35,19.8752,success,,0.7363552266419982,0.7184294845326771,0.7017965671542109,0.6593166540298723,0.7906626257287727,0.5522335879771961,34.0,0.1405220925807953,44.0,0.1970731019973755,44.0,vime,internal_stratified_val,50.0,paper_faithful_core,VIME
2026-06-30T11:18:17.769829+00:00,phoneme,1489,vime,2,100,4223,80,20,1081,2,5,5,,,,,,,,,,,,,,,stratified_labeled_val,2,True,30,70,20.7267,success,,0.7622571692876966,0.7099918245330075,0.7113424663227509,0.4906530573205851,0.8048169190876509,0.6247661719612352,14.0,0.4005055725574493,24.0,0.3704734146595001,24.0,vime,internal_stratified_val,50.0,paper_faithful_core,VIME
2026-06-30T11:18:38.502136+00:00,phoneme,1489,vime,2,250,4073,200,50,1081,2,5,5,,,,,,,,,,,,,,,stratified_labeled_val,2,True,74,176,24.9665,success,,0.7955596669750231,0.7796938741803888,0.7649678639908466,0.451564478058998,0.8354501461674403,0.6394549901689544,15.0,0.5147191882133484,25.0,0.3633436560630798,25.0,vime,internal_stratified_val,50.0,paper_faithful_core,VIME
2026-06-30T11:19:03.474506+00:00,phoneme,1489,vime,2,500,3823,400,100,1081,2,5,5,,,,,,,,,,,,,,,stratified_labeled_val,2,True,147,353,26.4543,success,,0.7974098057354302,0.7653145490280278,0.7601635117543069,0.4225474675218355,0.8574537136439461,0.6778251314003395,23.0,0.373746782541275,33.0,0.3522841334342956,33.0,vime,internal_stratified_val,50.0,paper_faithful_core,VIME
2026-06-30T11:19:30.006754+00:00,spambase,44,vime,0,50,3630,40,10,921,2,57,57,,,,,,,,,,,,,,,stratified_labeled_val,2,True,20,30,27.7879,success,,0.9098805646036916,0.9058917621967476,0.9056963625933716,0.4663500644099423,0.9616991024615658,0.9346670848193314,75.0,0.0182642750442028,85.0,0.0013386579230427,85.0,vime,internal_stratified_val,50.0,paper_faithful_core,VIME
2026-06-30T11:19:57.802514+00:00,spambase,44,vime,0,100,3580,80,20,921,2,57,57,,,,,,,,,,,,,,,stratified_labeled_val,2,True,40,60,28.7,success,,0.9142236699239956,0.9128454634319736,0.9106577355918885,0.3931258495577116,0.9566313180682682,0.9084246862395016,32.0,0.0543807856738567,42.0,0.0357335209846496,42.0,vime,internal_stratified_val,50.0,paper_faithful_core,VIME
2026-06-30T11:20:26.509659+00:00,spambase,44,vime,0,250,3430,200,50,921,2,57,57,,,,,,,,,,,,,,,stratified_labeled_val,2,True,99,151,22.868,success,,0.9261672095548316,0.9178885630498534,0.9219117823085824,0.2327185443584339,0.9690156698954352,0.9423600691175148,13.0,0.2018194198608398,23.0,0.1106300950050354,23.0,vime,internal_stratified_val,50.0,paper_faithful_core,VIME
2026-06-30T11:20:49.385696+00:00,spambase,44,vime,0,500,3180,400,100,921,2,57,57,,,,,,,,,,,,,,,stratified_labeled_val,2,True,197,303,24.696,success,,0.9174809989142236,0.910238751147842,0.9130008948990752,0.2455747597765966,0.965456125280172,0.9364180004283336,9.0,0.248379036784172,19.0,0.1103490628302097,19.0,vime,internal_stratified_val,50.0,paper_faithful_core,VIME
2026-06-30T11:21:14.088017+00:00,spambase,44,vime,1,50,3630,40,10,921,2,57,57,,,,,,,,,,,,,,,stratified_labeled_val,2,True,20,30,25.7971,success,,0.8805646036916395,0.8682203264314701,0.8731265153184924,0.4323935137821696,0.943703901181907,0.926029827327302,39.0,0.0528929270803928,49.0,0.0018557291477918,49.0,vime,internal_stratified_val,50.0,paper_faithful_core,VIME
2026-06-30T11:21:39.894411+00:00,spambase,44,vime,1,100,3580,80,20,921,2,57,57,,,,,,,,,,,,,,,stratified_labeled_val,2,True,40,60,26.3934,success,,0.8469055374592834,0.8231138363103172,0.8332003930408647,0.4644691783578681,0.9072198031142312,0.8854106893880718,3.0,0.5529701709747314,13.0,0.176223337650299,13.0,vime,internal_stratified_val,50.0,paper_faithful_core,VIME
2026-06-30T11:22:06.296205+00:00,spambase,44,vime,1,250,3430,200,50,921,2,57,57,,,,,,,,,,,,,,,stratified_labeled_val,2,True,99,151,32.9992,success,,0.9229098805646035,0.9176071566100892,0.9190141150331232,0.319479690711876,0.9596650769671298,0.9402675704342184,50.0,0.2492212355136871,60.0,0.0125620383769273,60.0,vime,internal_stratified_val,50.0,paper_faithful_core,VIME
2026-06-30T11:22:39.302625+00:00,spambase,44,vime,1,500,3180,400,100,921,2,57,57,,,,,,,,,,,,,,,stratified_labeled_val,2,True,197,303,30.9428,success,,0.9218241042345277,0.9099721555733286,0.91667253078663,0.2517978517346578,0.9647896363438884,0.9436656870394728,26.0,0.1666579991579055,36.0,0.0838628709316253,36.0,vime,internal_stratified_val,50.0,paper_faithful_core,VIME
2026-06-30T11:23:10.252519+00:00,spambase,44,vime,2,50,3630,40,10,921,2,57,57,,,,,,,,,,,,,,,stratified_labeled_val,2,True,20,30,41.9579,success,,0.8338762214983714,0.8109170887763263,0.8197298884321785,0.4014651308173385,0.9085922766274672,0.8539221549365019,21.0,0.253086119890213,31.0,0.0373735278844833,31.0,vime,internal_stratified_val,50.0,paper_faithful_core,VIME
2026-06-30T11:23:52.221563+00:00,spambase,44,vime,2,100,3580,80,20,921,2,57,57,,,,,,,,,,,,,,,stratified_labeled_val,2,True,40,60,31.4853,success,,0.8631921824104235,0.842812287093812,0.8520259311020209,0.3939241527616433,0.9340768387689208,0.8794479614853016,24.0,0.0611620396375656,34.0,0.0157407596707344,34.0,vime,internal_stratified_val,50.0,paper_faithful_core,VIME
2026-06-30T11:24:23.717504+00:00,spambase,44,vime,2,250,3430,200,50,921,2,57,57,,,,,,,,,,,,,,,stratified_labeled_val,2,True,99,151,22.2467,success,,0.8707926167209555,0.8688201664741254,0.8657791189102537,0.3617919060646734,0.933780621463906,0.8660598234446967,15.0,0.3170575797557831,25.0,0.1483155786991119,25.0,vime,internal_stratified_val,50.0,paper_faithful_core,VIME
2026-06-30T11:24:45.971223+00:00,spambase,44,vime,2,500,3180,400,100,921,2,57,57,,,,,,,,,,,,,,,stratified_labeled_val,2,True,197,303,22.0603,success,,0.8827361563517915,0.8834903285049913,0.8786502049580325,0.3313272355894154,0.9503391688142422,0.9139219130434072,27.0,0.2891153693199157,37.0,0.1292826123535633,37.0,vime,internal_stratified_val,50.0,paper_faithful_core,VIME
