timestamp_utc,dataset,dataset_id,method,seed,n_labeled,n_unlabeled,train_labeled_size,val_size,test_size,n_classes,n_features_before_preprocessing,n_features_after_preprocessing,n_pseudo_added_total,n_pseudo_added_last_iter,self_training_iterations,pseudo_label_class_distribution,pseudo_label_fraction,mean_selected_confidence,min_selected_confidence,max_selected_confidence,mean_selected_density,stopped_reason,graph_n_neighbors_used,graph_retry_count,graph_n_rows,graph_n_unlabeled_used,neural_method,method_fidelity,reference_family,best_epoch,epochs_trained,pretrain_epochs_trained,finetune_epochs_trained,best_val_loss,final_train_loss,neural_validation_strategy,validation_strategy,labeled_classes_present,all_classes_present_in_labeled,min_labeled_per_class,max_labeled_per_class,train_pool_class_counts,labeled_class_counts,val_class_counts,test_class_counts,unlabeled_class_counts,runtime_seconds,status,error_message,metric_accuracy,metric_balanced_accuracy,metric_macro_f1,metric_log_loss,metric_roc_auc,metric_average_precision
2026-07-07T10:26:09.696235+00:00,segment,36,logistic_regression,0,50,1798,40,10,462,7,19,19,,,,,,,,,,,,,,,,,,,,,,,,,stratified_labeled_val,7,True,7,8,"{brickface:264,cement:264,foliage:264,grass:264,path:264,sky:264,window:264}","{brickface:8,cement:7,foliage:7,grass:7,path:7,sky:7,window:7}","{brickface:2,cement:2,foliage:1,grass:1,path:1,sky:1,window:2}","{brickface:66,cement:66,foliage:66,grass:66,path:66,sky:66,window:66}","{brickface:256,cement:257,foliage:257,grass:257,path:257,sky:257,window:257}",0.0852,success,,0.8138528138528138,0.8138528138528139,0.807900684550592,0.6112551093101501,0.962214132668678,
2026-07-07T10:26:09.787267+00:00,segment,36,logistic_regression,0,100,1748,80,20,462,7,19,19,,,,,,,,,,,,,,,,,,,,,,,,,stratified_labeled_val,7,True,14,15,"{brickface:264,cement:264,foliage:264,grass:264,path:264,sky:264,window:264}","{brickface:15,cement:15,foliage:14,grass:14,path:14,sky:14,window:14}","{brickface:3,cement:3,foliage:3,grass:3,path:2,sky:3,window:3}","{brickface:66,cement:66,foliage:66,grass:66,path:66,sky:66,window:66}","{brickface:249,cement:249,foliage:250,grass:250,path:250,sky:250,window:250}",0.0666,success,,0.8896103896103896,0.8896103896103896,0.8874993029541806,0.4831139147281647,0.9766058856967946,
2026-07-07T10:26:09.858097+00:00,segment,36,logistic_regression,0,250,1598,200,50,462,7,19,19,,,,,,,,,,,,,,,,,,,,,,,,,stratified_labeled_val,7,True,35,36,"{brickface:264,cement:264,foliage:264,grass:264,path:264,sky:264,window:264}","{brickface:36,cement:36,foliage:36,grass:36,path:36,sky:35,window:35}","{brickface:8,cement:7,foliage:7,grass:7,path:7,sky:7,window:7}","{brickface:66,cement:66,foliage:66,grass:66,path:66,sky:66,window:66}","{brickface:228,cement:228,foliage:228,grass:228,path:228,sky:229,window:229}",0.0735,success,,0.9307359307359307,0.9307359307359307,0.9294031601563374,0.3437466323375702,0.9860291223927588,
2026-07-07T10:26:09.935431+00:00,segment,36,logistic_regression,0,500,1348,400,100,462,7,19,19,,,,,,,,,,,,,,,,,,,,,,,,,stratified_labeled_val,7,True,71,72,"{brickface:264,cement:264,foliage:264,grass:264,path:264,sky:264,window:264}","{brickface:72,cement:72,foliage:72,grass:71,path:71,sky:71,window:71}","{brickface:14,cement:15,foliage:15,grass:14,path:14,sky:14,window:14}","{brickface:66,cement:66,foliage:66,grass:66,path:66,sky:66,window:66}","{brickface:192,cement:192,foliage:192,grass:193,path:193,sky:193,window:193}",0.0849,success,,0.9242424242424242,0.9242424242424242,0.9234743431849504,0.2979410290718078,0.9879695220604312,
2026-07-07T10:26:10.024509+00:00,segment,36,logistic_regression,1,50,1798,40,10,462,7,19,19,,,,,,,,,,,,,,,,,,,,,,,,,stratified_labeled_val,7,True,7,8,"{brickface:264,cement:264,foliage:264,grass:264,path:264,sky:264,window:264}","{brickface:8,cement:7,foliage:7,grass:7,path:7,sky:7,window:7}","{brickface:2,cement:2,foliage:1,grass:2,path:1,sky:1,window:1}","{brickface:66,cement:66,foliage:66,grass:66,path:66,sky:66,window:66}","{brickface:256,cement:257,foliage:257,grass:257,path:257,sky:257,window:257}",0.0658,success,,0.841991341991342,0.841991341991342,0.8431576600181728,0.5696598887443542,0.96494708994709,
2026-07-07T10:26:10.094150+00:00,segment,36,logistic_regression,1,100,1748,80,20,462,7,19,19,,,,,,,,,,,,,,,,,,,,,,,,,stratified_labeled_val,7,True,14,15,"{brickface:264,cement:264,foliage:264,grass:264,path:264,sky:264,window:264}","{brickface:15,cement:15,foliage:14,grass:14,path:14,sky:14,window:14}","{brickface:3,cement:3,foliage:3,grass:3,path:3,sky:2,window:3}","{brickface:66,cement:66,foliage:66,grass:66,path:66,sky:66,window:66}","{brickface:249,cement:249,foliage:250,grass:250,path:250,sky:250,window:250}",0.0666,success,,0.8614718614718615,0.8614718614718616,0.8584133470856825,0.5070669651031494,0.9679533429533428,
2026-07-07T10:26:10.164230+00:00,segment,36,logistic_regression,1,250,1598,200,50,462,7,19,19,,,,,,,,,,,,,,,,,,,,,,,,,stratified_labeled_val,7,True,35,36,"{brickface:264,cement:264,foliage:264,grass:264,path:264,sky:264,window:264}","{brickface:36,cement:36,foliage:36,grass:36,path:36,sky:35,window:35}","{brickface:7,cement:7,foliage:8,grass:7,path:7,sky:7,window:7}","{brickface:66,cement:66,foliage:66,grass:66,path:66,sky:66,window:66}","{brickface:228,cement:228,foliage:228,grass:228,path:228,sky:229,window:229}",0.0663,success,,0.9047619047619048,0.9047619047619048,0.906345235328985,0.3890603184700012,0.976840920022738,
2026-07-07T10:26:10.234321+00:00,segment,36,logistic_regression,1,500,1348,400,100,462,7,19,19,,,,,,,,,,,,,,,,,,,,,,,,,stratified_labeled_val,7,True,71,72,"{brickface:264,cement:264,foliage:264,grass:264,path:264,sky:264,window:264}","{brickface:72,cement:72,foliage:72,grass:71,path:71,sky:71,window:71}","{brickface:15,cement:14,foliage:15,grass:14,path:14,sky:14,window:14}","{brickface:66,cement:66,foliage:66,grass:66,path:66,sky:66,window:66}","{brickface:192,cement:192,foliage:192,grass:193,path:193,sky:193,window:193}",0.0692,success,,0.9155844155844156,0.9155844155844156,0.917217189376948,0.3239223659038543,0.9841652455288818,
2026-07-07T10:26:10.307125+00:00,segment,36,logistic_regression,2,50,1798,40,10,462,7,19,19,,,,,,,,,,,,,,,,,,,,,,,,,stratified_labeled_val,7,True,7,8,"{brickface:264,cement:264,foliage:264,grass:264,path:264,sky:264,window:264}","{brickface:8,cement:7,foliage:7,grass:7,path:7,sky:7,window:7}","{brickface:2,cement:1,foliage:2,grass:2,path:1,sky:1,window:1}","{brickface:66,cement:66,foliage:66,grass:66,path:66,sky:66,window:66}","{brickface:256,cement:257,foliage:257,grass:257,path:257,sky:257,window:257}",0.0598,success,,0.7987012987012987,0.7987012987012986,0.7916801415037996,0.6043897867202759,0.9596232891687436,
2026-07-07T10:26:10.370345+00:00,segment,36,logistic_regression,2,100,1748,80,20,462,7,19,19,,,,,,,,,,,,,,,,,,,,,,,,,stratified_labeled_val,7,True,14,15,"{brickface:264,cement:264,foliage:264,grass:264,path:264,sky:264,window:264}","{brickface:15,cement:15,foliage:14,grass:14,path:14,sky:14,window:14}","{brickface:3,cement:3,foliage:2,grass:3,path:3,sky:3,window:3}","{brickface:66,cement:66,foliage:66,grass:66,path:66,sky:66,window:66}","{brickface:249,cement:249,foliage:250,grass:250,path:250,sky:250,window:250}",0.0663,success,,0.8722943722943723,0.8722943722943722,0.8668348884911523,0.4299385249614715,0.9816891862346409,
2026-07-07T10:26:10.440417+00:00,segment,36,logistic_regression,2,250,1598,200,50,462,7,19,19,,,,,,,,,,,,,,,,,,,,,,,,,stratified_labeled_val,7,True,35,36,"{brickface:264,cement:264,foliage:264,grass:264,path:264,sky:264,window:264}","{brickface:36,cement:36,foliage:36,grass:36,path:36,sky:35,window:35}","{brickface:7,cement:7,foliage:8,grass:7,path:7,sky:7,window:7}","{brickface:66,cement:66,foliage:66,grass:66,path:66,sky:66,window:66}","{brickface:228,cement:228,foliage:228,grass:228,path:228,sky:229,window:229}",0.0764,success,,0.9177489177489178,0.9177489177489176,0.9173451579075688,0.3024028539657593,0.9890681708863528,
2026-07-07T10:26:10.521885+00:00,segment,36,logistic_regression,2,500,1348,400,100,462,7,19,19,,,,,,,,,,,,,,,,,,,,,,,,,stratified_labeled_val,7,True,71,72,"{brickface:264,cement:264,foliage:264,grass:264,path:264,sky:264,window:264}","{brickface:72,cement:72,foliage:72,grass:71,path:71,sky:71,window:71}","{brickface:14,cement:15,foliage:15,grass:14,path:14,sky:14,window:14}","{brickface:66,cement:66,foliage:66,grass:66,path:66,sky:66,window:66}","{brickface:192,cement:192,foliage:192,grass:193,path:193,sky:193,window:193}",0.0734,success,,0.9307359307359307,0.9307359307359307,0.931254156991178,0.2629377245903015,0.9907571384844112,
2026-07-07T10:26:10.598654+00:00,segment,36,random_forest,0,50,1798,40,10,462,7,19,19,,,,,,,,,,,,,,,,,,,,,,,,,stratified_labeled_val,7,True,7,8,"{brickface:264,cement:264,foliage:264,grass:264,path:264,sky:264,window:264}","{brickface:8,cement:7,foliage:7,grass:7,path:7,sky:7,window:7}","{brickface:2,cement:2,foliage:1,grass:1,path:1,sky:1,window:2}","{brickface:66,cement:66,foliage:66,grass:66,path:66,sky:66,window:66}","{brickface:256,cement:257,foliage:257,grass:257,path:257,sky:257,window:257}",0.7936,success,,0.8398268398268398,0.8398268398268398,0.8389856361898352,0.5421373115438396,0.9801887926887928,
2026-07-07T10:26:11.396600+00:00,segment,36,random_forest,0,100,1748,80,20,462,7,19,19,,,,,,,,,,,,,,,,,,,,,,,,,stratified_labeled_val,7,True,14,15,"{brickface:264,cement:264,foliage:264,grass:264,path:264,sky:264,window:264}","{brickface:15,cement:15,foliage:14,grass:14,path:14,sky:14,window:14}","{brickface:3,cement:3,foliage:3,grass:3,path:2,sky:3,window:3}","{brickface:66,cement:66,foliage:66,grass:66,path:66,sky:66,window:66}","{brickface:249,cement:249,foliage:250,grass:250,path:250,sky:250,window:250}",1.0149,success,,0.9090909090909092,0.9090909090909092,0.9082475225584202,0.3765150271054373,0.9902761380034109,
2026-07-07T10:26:12.414184+00:00,segment,36,random_forest,0,250,1598,200,50,462,7,19,19,,,,,,,,,,,,,,,,,,,,,,,,,stratified_labeled_val,7,True,35,36,"{brickface:264,cement:264,foliage:264,grass:264,path:264,sky:264,window:264}","{brickface:36,cement:36,foliage:36,grass:36,path:36,sky:35,window:35}","{brickface:8,cement:7,foliage:7,grass:7,path:7,sky:7,window:7}","{brickface:66,cement:66,foliage:66,grass:66,path:66,sky:66,window:66}","{brickface:228,cement:228,foliage:228,grass:228,path:228,sky:229,window:229}",1.124,success,,0.9545454545454546,0.9545454545454544,0.954334709385234,0.2403862083738981,0.9941951987406532,
2026-07-07T10:26:13.546936+00:00,segment,36,random_forest,0,500,1348,400,100,462,7,19,19,,,,,,,,,,,,,,,,,,,,,,,,,stratified_labeled_val,7,True,71,72,"{brickface:264,cement:264,foliage:264,grass:264,path:264,sky:264,window:264}","{brickface:72,cement:72,foliage:72,grass:71,path:71,sky:71,window:71}","{brickface:14,cement:15,foliage:15,grass:14,path:14,sky:14,window:14}","{brickface:66,cement:66,foliage:66,grass:66,path:66,sky:66,window:66}","{brickface:192,cement:192,foliage:192,grass:193,path:193,sky:193,window:193}",2.6043,success,,0.9523809523809524,0.9523809523809524,0.9521868077023888,0.1693812006086996,0.9968024399842582,
2026-07-07T10:26:16.157621+00:00,segment,36,random_forest,1,50,1798,40,10,462,7,19,19,,,,,,,,,,,,,,,,,,,,,,,,,stratified_labeled_val,7,True,7,8,"{brickface:264,cement:264,foliage:264,grass:264,path:264,sky:264,window:264}","{brickface:8,cement:7,foliage:7,grass:7,path:7,sky:7,window:7}","{brickface:2,cement:2,foliage:1,grass:2,path:1,sky:1,window:1}","{brickface:66,cement:66,foliage:66,grass:66,path:66,sky:66,window:66}","{brickface:256,cement:257,foliage:257,grass:257,path:257,sky:257,window:257}",1.2415,success,,0.8225108225108225,0.8225108225108225,0.8272869602571461,0.8158129524219544,0.962225064497792,
2026-07-07T10:26:17.405885+00:00,segment,36,random_forest,1,100,1748,80,20,462,7,19,19,,,,,,,,,,,,,,,,,,,,,,,,,stratified_labeled_val,7,True,14,15,"{brickface:264,cement:264,foliage:264,grass:264,path:264,sky:264,window:264}","{brickface:15,cement:15,foliage:14,grass:14,path:14,sky:14,window:14}","{brickface:3,cement:3,foliage:3,grass:3,path:3,sky:2,window:3}","{brickface:66,cement:66,foliage:66,grass:66,path:66,sky:66,window:66}","{brickface:249,cement:249,foliage:250,grass:250,path:250,sky:250,window:250}",1.5425,success,,0.8571428571428571,0.8571428571428571,0.8544180860827765,0.4265762401856766,0.9790655472473654,
2026-07-07T10:26:18.956069+00:00,segment,36,random_forest,1,250,1598,200,50,462,7,19,19,,,,,,,,,,,,,,,,,,,,,,,,,stratified_labeled_val,7,True,35,36,"{brickface:264,cement:264,foliage:264,grass:264,path:264,sky:264,window:264}","{brickface:36,cement:36,foliage:36,grass:36,path:36,sky:35,window:35}","{brickface:7,cement:7,foliage:8,grass:7,path:7,sky:7,window:7}","{brickface:66,cement:66,foliage:66,grass:66,path:66,sky:66,window:66}","{brickface:228,cement:228,foliage:228,grass:228,path:228,sky:229,window:229}",1.621,success,,0.9155844155844156,0.9155844155844156,0.9163379637149416,0.278637794976928,0.9888823297914204,
2026-07-07T10:26:20.585393+00:00,segment,36,random_forest,1,500,1348,400,100,462,7,19,19,,,,,,,,,,,,,,,,,,,,,,,,,stratified_labeled_val,7,True,71,72,"{brickface:264,cement:264,foliage:264,grass:264,path:264,sky:264,window:264}","{brickface:72,cement:72,foliage:72,grass:71,path:71,sky:71,window:71}","{brickface:15,cement:14,foliage:15,grass:14,path:14,sky:14,window:14}","{brickface:66,cement:66,foliage:66,grass:66,path:66,sky:66,window:66}","{brickface:192,cement:192,foliage:192,grass:193,path:193,sky:193,window:193}",1.4342,success,,0.945887445887446,0.945887445887446,0.9462151325955864,0.2134836216034728,0.9945696138877956,
2026-07-07T10:26:22.034825+00:00,segment,36,random_forest,2,50,1798,40,10,462,7,19,19,,,,,,,,,,,,,,,,,,,,,,,,,stratified_labeled_val,7,True,7,8,"{brickface:264,cement:264,foliage:264,grass:264,path:264,sky:264,window:264}","{brickface:8,cement:7,foliage:7,grass:7,path:7,sky:7,window:7}","{brickface:2,cement:1,foliage:2,grass:2,path:1,sky:1,window:1}","{brickface:66,cement:66,foliage:66,grass:66,path:66,sky:66,window:66}","{brickface:256,cement:257,foliage:257,grass:257,path:257,sky:257,window:257}",1.5681,success,,0.8225108225108225,0.8225108225108225,0.8149283692760053,0.5501700705467786,0.9750289693471512,
2026-07-07T10:26:23.611755+00:00,segment,36,random_forest,2,100,1748,80,20,462,7,19,19,,,,,,,,,,,,,,,,,,,,,,,,,stratified_labeled_val,7,True,14,15,"{brickface:264,cement:264,foliage:264,grass:264,path:264,sky:264,window:264}","{brickface:15,cement:15,foliage:14,grass:14,path:14,sky:14,window:14}","{brickface:3,cement:3,foliage:2,grass:3,path:3,sky:3,window:3}","{brickface:66,cement:66,foliage:66,grass:66,path:66,sky:66,window:66}","{brickface:249,cement:249,foliage:250,grass:250,path:250,sky:250,window:250}",1.2796,success,,0.9112554112554112,0.9112554112554112,0.9039014989302556,0.3540390299063081,0.9886035681490228,
2026-07-07T10:26:24.895269+00:00,segment,36,random_forest,2,250,1598,200,50,462,7,19,19,,,,,,,,,,,,,,,,,,,,,,,,,stratified_labeled_val,7,True,35,36,"{brickface:264,cement:264,foliage:264,grass:264,path:264,sky:264,window:264}","{brickface:36,cement:36,foliage:36,grass:36,path:36,sky:35,window:35}","{brickface:7,cement:7,foliage:8,grass:7,path:7,sky:7,window:7}","{brickface:66,cement:66,foliage:66,grass:66,path:66,sky:66,window:66}","{brickface:228,cement:228,foliage:228,grass:228,path:228,sky:229,window:229}",1.5457,success,,0.945887445887446,0.945887445887446,0.9453451090026024,0.2204762847490118,0.9945696138877956,
2026-07-07T10:26:26.447447+00:00,segment,36,random_forest,2,500,1348,400,100,462,7,19,19,,,,,,,,,,,,,,,,,,,,,,,,,stratified_labeled_val,7,True,71,72,"{brickface:264,cement:264,foliage:264,grass:264,path:264,sky:264,window:264}","{brickface:72,cement:72,foliage:72,grass:71,path:71,sky:71,window:71}","{brickface:14,cement:15,foliage:15,grass:14,path:14,sky:14,window:14}","{brickface:66,cement:66,foliage:66,grass:66,path:66,sky:66,window:66}","{brickface:192,cement:192,foliage:192,grass:193,path:193,sky:193,window:193}",1.5355,success,,0.9675324675324676,0.9675324675324676,0.9676291025045474,0.1560118442209428,0.997789037561765,
2026-07-07T10:26:27.992201+00:00,segment,36,xgboost,0,50,1798,40,10,462,7,19,19,,,,,,,,,,,,,,,,,,,,,,,,,stratified_labeled_val,7,True,7,8,"{brickface:264,cement:264,foliage:264,grass:264,path:264,sky:264,window:264}","{brickface:8,cement:7,foliage:7,grass:7,path:7,sky:7,window:7}","{brickface:2,cement:2,foliage:1,grass:1,path:1,sky:1,window:2}","{brickface:66,cement:66,foliage:66,grass:66,path:66,sky:66,window:66}","{brickface:256,cement:257,foliage:257,grass:257,path:257,sky:257,window:257}",3.6,success,,0.7489177489177489,0.7489177489177489,0.7504363004689909,0.821074903011322,0.9417442826533736,
2026-07-07T10:26:31.604840+00:00,segment,36,xgboost,0,100,1748,80,20,462,7,19,19,,,,,,,,,,,,,,,,,,,,,,,,,stratified_labeled_val,7,True,14,15,"{brickface:264,cement:264,foliage:264,grass:264,path:264,sky:264,window:264}","{brickface:15,cement:15,foliage:14,grass:14,path:14,sky:14,window:14}","{brickface:3,cement:3,foliage:3,grass:3,path:2,sky:3,window:3}","{brickface:66,cement:66,foliage:66,grass:66,path:66,sky:66,window:66}","{brickface:249,cement:249,foliage:250,grass:250,path:250,sky:250,window:250}",4.2542,success,,0.8441558441558441,0.844155844155844,0.8490731774684132,0.5169941186904907,0.9752011456556912,
2026-07-07T10:26:35.873390+00:00,segment,36,xgboost,0,250,1598,200,50,462,7,19,19,,,,,,,,,,,,,,,,,,,,,,,,,stratified_labeled_val,7,True,35,36,"{brickface:264,cement:264,foliage:264,grass:264,path:264,sky:264,window:264}","{brickface:36,cement:36,foliage:36,grass:36,path:36,sky:35,window:35}","{brickface:8,cement:7,foliage:7,grass:7,path:7,sky:7,window:7}","{brickface:66,cement:66,foliage:66,grass:66,path:66,sky:66,window:66}","{brickface:228,cement:228,foliage:228,grass:228,path:228,sky:229,window:229}",5.6985,success,,0.9047619047619048,0.9047619047619048,0.907813273486753,0.2604701220989227,0.992500765228038,
2026-07-07T10:26:41.584635+00:00,segment,36,xgboost,0,500,1348,400,100,462,7,19,19,,,,,,,,,,,,,,,,,,,,,,,,,stratified_labeled_val,7,True,71,72,"{brickface:264,cement:264,foliage:264,grass:264,path:264,sky:264,window:264}","{brickface:72,cement:72,foliage:72,grass:71,path:71,sky:71,window:71}","{brickface:14,cement:15,foliage:15,grass:14,path:14,sky:14,window:14}","{brickface:66,cement:66,foliage:66,grass:66,path:66,sky:66,window:66}","{brickface:192,cement:192,foliage:192,grass:193,path:193,sky:193,window:193}",8.5022,success,,0.9588744588744588,0.958874458874459,0.9587018956766856,0.1315296441316604,0.9975676680222136,
2026-07-07T10:26:50.099793+00:00,segment,36,xgboost,1,50,1798,40,10,462,7,19,19,,,,,,,,,,,,,,,,,,,,,,,,,stratified_labeled_val,7,True,7,8,"{brickface:264,cement:264,foliage:264,grass:264,path:264,sky:264,window:264}","{brickface:8,cement:7,foliage:7,grass:7,path:7,sky:7,window:7}","{brickface:2,cement:2,foliage:1,grass:2,path:1,sky:1,window:1}","{brickface:66,cement:66,foliage:66,grass:66,path:66,sky:66,window:66}","{brickface:256,cement:257,foliage:257,grass:257,path:257,sky:257,window:257}",3.6311,success,,0.7813852813852814,0.7813852813852814,0.7852287723854406,0.6480300426483154,0.9619189732826096,
2026-07-07T10:26:53.741186+00:00,segment,36,xgboost,1,100,1748,80,20,462,7,19,19,,,,,,,,,,,,,,,,,,,,,,,,,stratified_labeled_val,7,True,14,15,"{brickface:264,cement:264,foliage:264,grass:264,path:264,sky:264,window:264}","{brickface:15,cement:15,foliage:14,grass:14,path:14,sky:14,window:14}","{brickface:3,cement:3,foliage:3,grass:3,path:3,sky:2,window:3}","{brickface:66,cement:66,foliage:66,grass:66,path:66,sky:66,window:66}","{brickface:249,cement:249,foliage:250,grass:250,path:250,sky:250,window:250}",4.7855,success,,0.8593073593073594,0.8593073593073592,0.8584178962131717,0.476955384016037,0.9765840220385676,
2026-07-07T10:26:58.538274+00:00,segment,36,xgboost,1,250,1598,200,50,462,7,19,19,,,,,,,,,,,,,,,,,,,,,,,,,stratified_labeled_val,7,True,35,36,"{brickface:264,cement:264,foliage:264,grass:264,path:264,sky:264,window:264}","{brickface:36,cement:36,foliage:36,grass:36,path:36,sky:35,window:35}","{brickface:7,cement:7,foliage:8,grass:7,path:7,sky:7,window:7}","{brickface:66,cement:66,foliage:66,grass:66,path:66,sky:66,window:66}","{brickface:228,cement:228,foliage:228,grass:228,path:228,sky:229,window:229}",5.3127,success,,0.9242424242424242,0.9242424242424244,0.9252028622818432,0.255373477935791,0.9923695832786742,
2026-07-07T10:27:03.865430+00:00,segment,36,xgboost,1,500,1348,400,100,462,7,19,19,,,,,,,,,,,,,,,,,,,,,,,,,stratified_labeled_val,7,True,71,72,"{brickface:264,cement:264,foliage:264,grass:264,path:264,sky:264,window:264}","{brickface:72,cement:72,foliage:72,grass:71,path:71,sky:71,window:71}","{brickface:15,cement:14,foliage:15,grass:14,path:14,sky:14,window:14}","{brickface:66,cement:66,foliage:66,grass:66,path:66,sky:66,window:66}","{brickface:192,cement:192,foliage:192,grass:193,path:193,sky:193,window:193}",6.6133,success,,0.9545454545454546,0.9545454545454544,0.9548519506897142,0.1749191731214523,0.9965182124273032,
2026-07-07T10:27:10.492474+00:00,segment,36,xgboost,2,50,1798,40,10,462,7,19,19,,,,,,,,,,,,,,,,,,,,,,,,,stratified_labeled_val,7,True,7,8,"{brickface:264,cement:264,foliage:264,grass:264,path:264,sky:264,window:264}","{brickface:8,cement:7,foliage:7,grass:7,path:7,sky:7,window:7}","{brickface:2,cement:1,foliage:2,grass:2,path:1,sky:1,window:1}","{brickface:66,cement:66,foliage:66,grass:66,path:66,sky:66,window:66}","{brickface:256,cement:257,foliage:257,grass:257,path:257,sky:257,window:257}",4.4335,success,,0.816017316017316,0.816017316017316,0.817588170939378,0.6113786101341248,0.966155057064148,
2026-07-07T10:27:14.938406+00:00,segment,36,xgboost,2,100,1748,80,20,462,7,19,19,,,,,,,,,,,,,,,,,,,,,,,,,stratified_labeled_val,7,True,14,15,"{brickface:264,cement:264,foliage:264,grass:264,path:264,sky:264,window:264}","{brickface:15,cement:15,foliage:14,grass:14,path:14,sky:14,window:14}","{brickface:3,cement:3,foliage:2,grass:3,path:3,sky:3,window:3}","{brickface:66,cement:66,foliage:66,grass:66,path:66,sky:66,window:66}","{brickface:249,cement:249,foliage:250,grass:250,path:250,sky:250,window:250}",4.4317,success,,0.8722943722943723,0.8722943722943722,0.8709273264426941,0.4002240896224975,0.9870239188421008,
2026-07-07T10:27:19.385438+00:00,segment,36,xgboost,2,250,1598,200,50,462,7,19,19,,,,,,,,,,,,,,,,,,,,,,,,,stratified_labeled_val,7,True,35,36,"{brickface:264,cement:264,foliage:264,grass:264,path:264,sky:264,window:264}","{brickface:36,cement:36,foliage:36,grass:36,path:36,sky:35,window:35}","{brickface:7,cement:7,foliage:8,grass:7,path:7,sky:7,window:7}","{brickface:66,cement:66,foliage:66,grass:66,path:66,sky:66,window:66}","{brickface:228,cement:228,foliage:228,grass:228,path:228,sky:229,window:229}",4.912,success,,0.935064935064935,0.935064935064935,0.9348659781758852,0.2149070650339126,0.9943974375792556,
2026-07-07T10:27:24.309870+00:00,segment,36,xgboost,2,500,1348,400,100,462,7,19,19,,,,,,,,,,,,,,,,,,,,,,,,,stratified_labeled_val,7,True,71,72,"{brickface:264,cement:264,foliage:264,grass:264,path:264,sky:264,window:264}","{brickface:72,cement:72,foliage:72,grass:71,path:71,sky:71,window:71}","{brickface:14,cement:15,foliage:15,grass:14,path:14,sky:14,window:14}","{brickface:66,cement:66,foliage:66,grass:66,path:66,sky:66,window:66}","{brickface:192,cement:192,foliage:192,grass:193,path:193,sky:193,window:193}",6.2973,success,,0.9653679653679652,0.9653679653679652,0.9652839842244652,0.1146973967552185,0.9981798504525776,
2026-07-07T10:27:30.621533+00:00,segment,36,lightgbm,0,50,1798,40,10,462,7,19,19,,,,,,,,,,,,,,,,,,,,,,,,,stratified_labeled_val,7,True,7,8,"{brickface:264,cement:264,foliage:264,grass:264,path:264,sky:264,window:264}","{brickface:8,cement:7,foliage:7,grass:7,path:7,sky:7,window:7}","{brickface:2,cement:2,foliage:1,grass:1,path:1,sky:1,window:2}","{brickface:66,cement:66,foliage:66,grass:66,path:66,sky:66,window:66}","{brickface:256,cement:257,foliage:257,grass:257,path:257,sky:257,window:257}",1.1082,success,,0.3939393939393939,0.3939393939393939,0.31674820195075,1.7816050795888854,0.7499016135379772,
2026-07-07T10:27:31.737003+00:00,segment,36,lightgbm,0,100,1748,80,20,462,7,19,19,,,,,,,,,,,,,,,,,,,,,,,,,stratified_labeled_val,7,True,14,15,"{brickface:264,cement:264,foliage:264,grass:264,path:264,sky:264,window:264}","{brickface:15,cement:15,foliage:14,grass:14,path:14,sky:14,window:14}","{brickface:3,cement:3,foliage:3,grass:3,path:2,sky:3,window:3}","{brickface:66,cement:66,foliage:66,grass:66,path:66,sky:66,window:66}","{brickface:249,cement:249,foliage:250,grass:250,path:250,sky:250,window:250}",2.4512,success,,0.8722943722943723,0.8722943722943723,0.8698240745882853,0.5682765915934644,0.9818804932441296,
2026-07-07T10:27:34.198013+00:00,segment,36,lightgbm,0,250,1598,200,50,462,7,19,19,,,,,,,,,,,,,,,,,,,,,,,,,stratified_labeled_val,7,True,35,36,"{brickface:264,cement:264,foliage:264,grass:264,path:264,sky:264,window:264}","{brickface:36,cement:36,foliage:36,grass:36,path:36,sky:35,window:35}","{brickface:8,cement:7,foliage:7,grass:7,path:7,sky:7,window:7}","{brickface:66,cement:66,foliage:66,grass:66,path:66,sky:66,window:66}","{brickface:228,cement:228,foliage:228,grass:228,path:228,sky:229,window:229}",4.6143,success,,0.9372294372294372,0.9372294372294372,0.937686614647579,0.2742775487151629,0.9934409025318116,
2026-07-07T10:27:38.822574+00:00,segment,36,lightgbm,0,500,1348,400,100,462,7,19,19,,,,,,,,,,,,,,,,,,,,,,,,,stratified_labeled_val,7,True,71,72,"{brickface:264,cement:264,foliage:264,grass:264,path:264,sky:264,window:264}","{brickface:72,cement:72,foliage:72,grass:71,path:71,sky:71,window:71}","{brickface:14,cement:15,foliage:15,grass:14,path:14,sky:14,window:14}","{brickface:66,cement:66,foliage:66,grass:66,path:66,sky:66,window:66}","{brickface:192,cement:192,foliage:192,grass:193,path:193,sky:193,window:193}",5.7553,success,,0.9567099567099568,0.9567099567099568,0.9563708448857756,0.213560077367704,0.9955179500634046,
2026-07-07T10:27:44.588825+00:00,segment,36,lightgbm,1,50,1798,40,10,462,7,19,19,,,,,,,,,,,,,,,,,,,,,,,,,stratified_labeled_val,7,True,7,8,"{brickface:264,cement:264,foliage:264,grass:264,path:264,sky:264,window:264}","{brickface:8,cement:7,foliage:7,grass:7,path:7,sky:7,window:7}","{brickface:2,cement:2,foliage:1,grass:2,path:1,sky:1,window:1}","{brickface:66,cement:66,foliage:66,grass:66,path:66,sky:66,window:66}","{brickface:256,cement:257,foliage:257,grass:257,path:257,sky:257,window:257}",1.117,success,,0.1688311688311688,0.1688311688311688,0.0960137528579929,1.943380707330423,0.5558725785998513,
2026-07-07T10:27:45.714761+00:00,segment,36,lightgbm,1,100,1748,80,20,462,7,19,19,,,,,,,,,,,,,,,,,,,,,,,,,stratified_labeled_val,7,True,14,15,"{brickface:264,cement:264,foliage:264,grass:264,path:264,sky:264,window:264}","{brickface:15,cement:15,foliage:14,grass:14,path:14,sky:14,window:14}","{brickface:3,cement:3,foliage:3,grass:3,path:3,sky:2,window:3}","{brickface:66,cement:66,foliage:66,grass:66,path:66,sky:66,window:66}","{brickface:249,cement:249,foliage:250,grass:250,path:250,sky:250,window:250}",3.0035,success,,0.8614718614718615,0.8614718614718615,0.8556362799410995,0.7138001241611381,0.9799510254055708,
2026-07-07T10:27:48.728598+00:00,segment,36,lightgbm,1,250,1598,200,50,462,7,19,19,,,,,,,,,,,,,,,,,,,,,,,,,stratified_labeled_val,7,True,35,36,"{brickface:264,cement:264,foliage:264,grass:264,path:264,sky:264,window:264}","{brickface:36,cement:36,foliage:36,grass:36,path:36,sky:35,window:35}","{brickface:7,cement:7,foliage:8,grass:7,path:7,sky:7,window:7}","{brickface:66,cement:66,foliage:66,grass:66,path:66,sky:66,window:66}","{brickface:228,cement:228,foliage:228,grass:228,path:228,sky:229,window:229}",6.5688,success,,0.9134199134199136,0.9134199134199136,0.9142357383073084,0.405229000466373,0.993364379728016,
2026-07-07T10:27:55.307754+00:00,segment,36,lightgbm,1,500,1348,400,100,462,7,19,19,,,,,,,,,,,,,,,,,,,,,,,,,stratified_labeled_val,7,True,71,72,"{brickface:264,cement:264,foliage:264,grass:264,path:264,sky:264,window:264}","{brickface:72,cement:72,foliage:72,grass:71,path:71,sky:71,window:71}","{brickface:15,cement:14,foliage:15,grass:14,path:14,sky:14,window:14}","{brickface:66,cement:66,foliage:66,grass:66,path:66,sky:66,window:66}","{brickface:192,cement:192,foliage:192,grass:193,path:193,sky:193,window:193}",7.5441,success,,0.9502164502164502,0.9502164502164504,0.950638324251804,0.2406185002396752,0.997480213389304,
2026-07-07T10:28:02.860083+00:00,segment,36,lightgbm,2,50,1798,40,10,462,7,19,19,,,,,,,,,,,,,,,,,,,,,,,,,stratified_labeled_val,7,True,7,8,"{brickface:264,cement:264,foliage:264,grass:264,path:264,sky:264,window:264}","{brickface:8,cement:7,foliage:7,grass:7,path:7,sky:7,window:7}","{brickface:2,cement:1,foliage:2,grass:2,path:1,sky:1,window:1}","{brickface:66,cement:66,foliage:66,grass:66,path:66,sky:66,window:66}","{brickface:256,cement:257,foliage:257,grass:257,path:257,sky:257,window:257}",0.6547,success,,0.29004329004329,0.29004329004329,0.195516320563313,1.7539328040140731,0.7667639599457782,
2026-07-07T10:28:03.522020+00:00,segment,36,lightgbm,2,100,1748,80,20,462,7,19,19,,,,,,,,,,,,,,,,,,,,,,,,,stratified_labeled_val,7,True,14,15,"{brickface:264,cement:264,foliage:264,grass:264,path:264,sky:264,window:264}","{brickface:15,cement:15,foliage:14,grass:14,path:14,sky:14,window:14}","{brickface:3,cement:3,foliage:2,grass:3,path:3,sky:3,window:3}","{brickface:66,cement:66,foliage:66,grass:66,path:66,sky:66,window:66}","{brickface:249,cement:249,foliage:250,grass:250,path:250,sky:250,window:250}",2.5989,success,,0.9285714285714286,0.9285714285714286,0.9277336988394844,0.3264447974468582,0.991106957016048,
2026-07-07T10:28:06.130669+00:00,segment,36,lightgbm,2,250,1598,200,50,462,7,19,19,,,,,,,,,,,,,,,,,,,,,,,,,stratified_labeled_val,7,True,35,36,"{brickface:264,cement:264,foliage:264,grass:264,path:264,sky:264,window:264}","{brickface:36,cement:36,foliage:36,grass:36,path:36,sky:35,window:35}","{brickface:7,cement:7,foliage:8,grass:7,path:7,sky:7,window:7}","{brickface:66,cement:66,foliage:66,grass:66,path:66,sky:66,window:66}","{brickface:228,cement:228,foliage:228,grass:228,path:228,sky:229,window:229}",4.8746,success,,0.9545454545454546,0.9545454545454544,0.953906283404365,0.2429647813264799,0.9957748480475752,
2026-07-07T10:28:11.016932+00:00,segment,36,lightgbm,2,500,1348,400,100,462,7,19,19,,,,,,,,,,,,,,,,,,,,,,,,,stratified_labeled_val,7,True,71,72,"{brickface:264,cement:264,foliage:264,grass:264,path:264,sky:264,window:264}","{brickface:72,cement:72,foliage:72,grass:71,path:71,sky:71,window:71}","{brickface:14,cement:15,foliage:15,grass:14,path:14,sky:14,window:14}","{brickface:66,cement:66,foliage:66,grass:66,path:66,sky:66,window:66}","{brickface:192,cement:192,foliage:192,grass:193,path:193,sky:193,window:193}",8.5156,success,,0.9632034632034632,0.9632034632034632,0.963168926579361,0.1797950917919335,0.9982782369146004,
2026-07-07T10:28:19.542443+00:00,segment,36,catboost,0,50,1798,40,10,462,7,19,19,,,,,,,,,,,,,,,,,,,,,,,,,stratified_labeled_val,7,True,7,8,"{brickface:264,cement:264,foliage:264,grass:264,path:264,sky:264,window:264}","{brickface:8,cement:7,foliage:7,grass:7,path:7,sky:7,window:7}","{brickface:2,cement:2,foliage:1,grass:1,path:1,sky:1,window:2}","{brickface:66,cement:66,foliage:66,grass:66,path:66,sky:66,window:66}","{brickface:256,cement:257,foliage:257,grass:257,path:257,sky:257,window:257}",4.9276,success,,0.8333333333333334,0.8333333333333333,0.8333100077521768,0.511704936274941,0.9861329747693384,
2026-07-07T10:28:24.480570+00:00,segment,36,catboost,0,100,1748,80,20,462,7,19,19,,,,,,,,,,,,,,,,,,,,,,,,,stratified_labeled_val,7,True,14,15,"{brickface:264,cement:264,foliage:264,grass:264,path:264,sky:264,window:264}","{brickface:15,cement:15,foliage:14,grass:14,path:14,sky:14,window:14}","{brickface:3,cement:3,foliage:3,grass:3,path:2,sky:3,window:3}","{brickface:66,cement:66,foliage:66,grass:66,path:66,sky:66,window:66}","{brickface:249,cement:249,foliage:250,grass:250,path:250,sky:250,window:250}",6.9008,success,,0.8809523809523809,0.8809523809523808,0.8800999471676486,0.3459762847738133,0.9905658314749224,
2026-07-07T10:28:31.389238+00:00,segment,36,catboost,0,250,1598,200,50,462,7,19,19,,,,,,,,,,,,,,,,,,,,,,,,,stratified_labeled_val,7,True,35,36,"{brickface:264,cement:264,foliage:264,grass:264,path:264,sky:264,window:264}","{brickface:36,cement:36,foliage:36,grass:36,path:36,sky:35,window:35}","{brickface:8,cement:7,foliage:7,grass:7,path:7,sky:7,window:7}","{brickface:66,cement:66,foliage:66,grass:66,path:66,sky:66,window:66}","{brickface:228,cement:228,foliage:228,grass:228,path:228,sky:229,window:229}",11.1519,success,,0.9502164502164502,0.9502164502164502,0.9506126988305844,0.1785996209886521,0.995971620971621,
2026-07-07T10:28:42.549463+00:00,segment,36,catboost,0,500,1348,400,100,462,7,19,19,,,,,,,,,,,,,,,,,,,,,,,,,stratified_labeled_val,7,True,71,72,"{brickface:264,cement:264,foliage:264,grass:264,path:264,sky:264,window:264}","{brickface:72,cement:72,foliage:72,grass:71,path:71,sky:71,window:71}","{brickface:14,cement:15,foliage:15,grass:14,path:14,sky:14,window:14}","{brickface:66,cement:66,foliage:66,grass:66,path:66,sky:66,window:66}","{brickface:192,cement:192,foliage:192,grass:193,path:193,sky:193,window:193}",13.6476,success,,0.9588744588744588,0.9588744588744588,0.9587849674484172,0.1518597473872901,0.9960809392627574,
2026-07-07T10:28:56.203997+00:00,segment,36,catboost,1,50,1798,40,10,462,7,19,19,,,,,,,,,,,,,,,,,,,,,,,,,stratified_labeled_val,7,True,7,8,"{brickface:264,cement:264,foliage:264,grass:264,path:264,sky:264,window:264}","{brickface:8,cement:7,foliage:7,grass:7,path:7,sky:7,window:7}","{brickface:2,cement:2,foliage:1,grass:2,path:1,sky:1,window:1}","{brickface:66,cement:66,foliage:66,grass:66,path:66,sky:66,window:66}","{brickface:256,cement:257,foliage:257,grass:257,path:257,sky:257,window:257}",3.4586,success,,0.8354978354978355,0.8354978354978355,0.8348406302816708,0.5348165274943115,0.9753705890069526,
2026-07-07T10:28:59.668285+00:00,segment,36,catboost,1,100,1748,80,20,462,7,19,19,,,,,,,,,,,,,,,,,,,,,,,,,stratified_labeled_val,7,True,14,15,"{brickface:264,cement:264,foliage:264,grass:264,path:264,sky:264,window:264}","{brickface:15,cement:15,foliage:14,grass:14,path:14,sky:14,window:14}","{brickface:3,cement:3,foliage:3,grass:3,path:3,sky:2,window:3}","{brickface:66,cement:66,foliage:66,grass:66,path:66,sky:66,window:66}","{brickface:249,cement:249,foliage:250,grass:250,path:250,sky:250,window:250}",6.3197,success,,0.8701298701298701,0.8701298701298702,0.8657774576048199,0.369125134256994,0.9886308977218068,
2026-07-07T10:29:05.993683+00:00,segment,36,catboost,1,250,1598,200,50,462,7,19,19,,,,,,,,,,,,,,,,,,,,,,,,,stratified_labeled_val,7,True,35,36,"{brickface:264,cement:264,foliage:264,grass:264,path:264,sky:264,window:264}","{brickface:36,cement:36,foliage:36,grass:36,path:36,sky:35,window:35}","{brickface:7,cement:7,foliage:8,grass:7,path:7,sky:7,window:7}","{brickface:66,cement:66,foliage:66,grass:66,path:66,sky:66,window:66}","{brickface:228,cement:228,foliage:228,grass:228,path:228,sky:229,window:229}",10.035,success,,0.9285714285714286,0.9285714285714286,0.9293764341968042,0.2429703456918688,0.9929708338799248,
2026-07-07T10:29:16.033816+00:00,segment,36,catboost,1,500,1348,400,100,462,7,19,19,,,,,,,,,,,,,,,,,,,,,,,,,stratified_labeled_val,7,True,71,72,"{brickface:264,cement:264,foliage:264,grass:264,path:264,sky:264,window:264}","{brickface:72,cement:72,foliage:72,grass:71,path:71,sky:71,window:71}","{brickface:15,cement:14,foliage:15,grass:14,path:14,sky:14,window:14}","{brickface:66,cement:66,foliage:66,grass:66,path:66,sky:66,window:66}","{brickface:192,cement:192,foliage:192,grass:193,path:193,sky:193,window:193}",14.194,success,,0.9523809523809524,0.9523809523809526,0.95283614753377,0.1683840790981687,0.9972998382089292,
2026-07-07T10:29:30.234713+00:00,segment,36,catboost,2,50,1798,40,10,462,7,19,19,,,,,,,,,,,,,,,,,,,,,,,,,stratified_labeled_val,7,True,7,8,"{brickface:264,cement:264,foliage:264,grass:264,path:264,sky:264,window:264}","{brickface:8,cement:7,foliage:7,grass:7,path:7,sky:7,window:7}","{brickface:2,cement:1,foliage:2,grass:2,path:1,sky:1,window:1}","{brickface:66,cement:66,foliage:66,grass:66,path:66,sky:66,window:66}","{brickface:256,cement:257,foliage:257,grass:257,path:257,sky:257,window:257}",3.4482,success,,0.8701298701298701,0.8701298701298701,0.8678532765633008,0.4986960923714026,0.9802680484498666,
2026-07-07T10:29:33.689231+00:00,segment,36,catboost,2,100,1748,80,20,462,7,19,19,,,,,,,,,,,,,,,,,,,,,,,,,stratified_labeled_val,7,True,14,15,"{brickface:264,cement:264,foliage:264,grass:264,path:264,sky:264,window:264}","{brickface:15,cement:15,foliage:14,grass:14,path:14,sky:14,window:14}","{brickface:3,cement:3,foliage:2,grass:3,path:3,sky:3,window:3}","{brickface:66,cement:66,foliage:66,grass:66,path:66,sky:66,window:66}","{brickface:249,cement:249,foliage:250,grass:250,path:250,sky:250,window:250}",5.9127,success,,0.9134199134199136,0.9134199134199134,0.9075505865271952,0.3172334840728468,0.9911616161616162,
2026-07-07T10:29:39.608392+00:00,segment,36,catboost,2,250,1598,200,50,462,7,19,19,,,,,,,,,,,,,,,,,,,,,,,,,stratified_labeled_val,7,True,35,36,"{brickface:264,cement:264,foliage:264,grass:264,path:264,sky:264,window:264}","{brickface:36,cement:36,foliage:36,grass:36,path:36,sky:35,window:35}","{brickface:7,cement:7,foliage:8,grass:7,path:7,sky:7,window:7}","{brickface:66,cement:66,foliage:66,grass:66,path:66,sky:66,window:66}","{brickface:228,cement:228,foliage:228,grass:228,path:228,sky:229,window:229}",10.2206,success,,0.9545454545454546,0.9545454545454544,0.9540417831031284,0.1696885407111795,0.9970101447374172,
2026-07-07T10:29:49.835338+00:00,segment,36,catboost,2,500,1348,400,100,462,7,19,19,,,,,,,,,,,,,,,,,,,,,,,,,stratified_labeled_val,7,True,71,72,"{brickface:264,cement:264,foliage:264,grass:264,path:264,sky:264,window:264}","{brickface:72,cement:72,foliage:72,grass:71,path:71,sky:71,window:71}","{brickface:14,cement:15,foliage:15,grass:14,path:14,sky:14,window:14}","{brickface:66,cement:66,foliage:66,grass:66,path:66,sky:66,window:66}","{brickface:192,cement:192,foliage:192,grass:193,path:193,sky:193,window:193}",12.949,success,,0.9675324675324676,0.9675324675324676,0.9674711398679696,0.112361560809407,0.9986171236171236,
2026-07-07T10:30:02.790733+00:00,segment,36,mlp,0,50,1798,40,10,462,7,19,19,,,,,,,,,,,,,,,,,,,,,,,,,stratified_labeled_val,7,True,7,8,"{brickface:264,cement:264,foliage:264,grass:264,path:264,sky:264,window:264}","{brickface:8,cement:7,foliage:7,grass:7,path:7,sky:7,window:7}","{brickface:2,cement:2,foliage:1,grass:1,path:1,sky:1,window:2}","{brickface:66,cement:66,foliage:66,grass:66,path:66,sky:66,window:66}","{brickface:256,cement:257,foliage:257,grass:257,path:257,sky:257,window:257}",0.1807,success,,0.4545454545454545,0.4545454545454546,0.4463397274952826,1.6594576835632324,0.7971107175652631,
2026-07-07T10:30:02.978451+00:00,segment,36,mlp,0,100,1748,80,20,462,7,19,19,,,,,,,,,,,,,,,,,,,,,,,,,stratified_labeled_val,7,True,14,15,"{brickface:264,cement:264,foliage:264,grass:264,path:264,sky:264,window:264}","{brickface:15,cement:15,foliage:14,grass:14,path:14,sky:14,window:14}","{brickface:3,cement:3,foliage:3,grass:3,path:2,sky:3,window:3}","{brickface:66,cement:66,foliage:66,grass:66,path:66,sky:66,window:66}","{brickface:249,cement:249,foliage:250,grass:250,path:250,sky:250,window:250}",0.1316,success,,0.2099567099567099,0.2099567099567099,0.1797856946877834,1.973116874694824,0.5275318116227208,
2026-07-07T10:30:03.117497+00:00,segment,36,mlp,0,250,1598,200,50,462,7,19,19,,,,,,,,,,,,,,,,,,,,,,,,,stratified_labeled_val,7,True,35,36,"{brickface:264,cement:264,foliage:264,grass:264,path:264,sky:264,window:264}","{brickface:36,cement:36,foliage:36,grass:36,path:36,sky:35,window:35}","{brickface:8,cement:7,foliage:7,grass:7,path:7,sky:7,window:7}","{brickface:66,cement:66,foliage:66,grass:66,path:66,sky:66,window:66}","{brickface:228,cement:228,foliage:228,grass:228,path:228,sky:229,window:229}",0.2948,success,,0.7337662337662337,0.7337662337662338,0.6982098473470304,0.9757996797561646,0.9556659670296036,
2026-07-07T10:30:03.420150+00:00,segment,36,mlp,0,500,1348,400,100,462,7,19,19,,,,,,,,,,,,,,,,,,,,,,,,,stratified_labeled_val,7,True,71,72,"{brickface:264,cement:264,foliage:264,grass:264,path:264,sky:264,window:264}","{brickface:72,cement:72,foliage:72,grass:71,path:71,sky:71,window:71}","{brickface:14,cement:15,foliage:15,grass:14,path:14,sky:14,window:14}","{brickface:66,cement:66,foliage:66,grass:66,path:66,sky:66,window:66}","{brickface:192,cement:192,foliage:192,grass:193,path:193,sky:193,window:193}",0.4052,success,,0.8376623376623377,0.8376623376623377,0.830512666868132,0.5740448236465454,0.9755017709563164,
2026-07-07T10:30:03.831551+00:00,segment,36,mlp,1,50,1798,40,10,462,7,19,19,,,,,,,,,,,,,,,,,,,,,,,,,stratified_labeled_val,7,True,7,8,"{brickface:264,cement:264,foliage:264,grass:264,path:264,sky:264,window:264}","{brickface:8,cement:7,foliage:7,grass:7,path:7,sky:7,window:7}","{brickface:2,cement:2,foliage:1,grass:2,path:1,sky:1,window:1}","{brickface:66,cement:66,foliage:66,grass:66,path:66,sky:66,window:66}","{brickface:256,cement:257,foliage:257,grass:257,path:257,sky:257,window:257}",0.0954,success,,0.1753246753246753,0.1753246753246753,0.0840884195392462,1.8874623775482176,0.6789267130176221,
2026-07-07T10:30:03.931772+00:00,segment,36,mlp,1,100,1748,80,20,462,7,19,19,,,,,,,,,,,,,,,,,,,,,,,,,stratified_labeled_val,7,True,14,15,"{brickface:264,cement:264,foliage:264,grass:264,path:264,sky:264,window:264}","{brickface:15,cement:15,foliage:14,grass:14,path:14,sky:14,window:14}","{brickface:3,cement:3,foliage:3,grass:3,path:3,sky:2,window:3}","{brickface:66,cement:66,foliage:66,grass:66,path:66,sky:66,window:66}","{brickface:249,cement:249,foliage:250,grass:250,path:250,sky:250,window:250}",0.1118,success,,0.2467532467532467,0.2467532467532467,0.1603838011299045,1.818710803985596,0.7406751497660589,
2026-07-07T10:30:04.050729+00:00,segment,36,mlp,1,250,1598,200,50,462,7,19,19,,,,,,,,,,,,,,,,,,,,,,,,,stratified_labeled_val,7,True,35,36,"{brickface:264,cement:264,foliage:264,grass:264,path:264,sky:264,window:264}","{brickface:36,cement:36,foliage:36,grass:36,path:36,sky:35,window:35}","{brickface:7,cement:7,foliage:8,grass:7,path:7,sky:7,window:7}","{brickface:66,cement:66,foliage:66,grass:66,path:66,sky:66,window:66}","{brickface:228,cement:228,foliage:228,grass:228,path:228,sky:229,window:229}",0.3234,success,,0.8333333333333334,0.8333333333333334,0.8264931929691354,0.7363925576210022,0.9627005990642354,
2026-07-07T10:30:04.382063+00:00,segment,36,mlp,1,500,1348,400,100,462,7,19,19,,,,,,,,,,,,,,,,,,,,,,,,,stratified_labeled_val,7,True,71,72,"{brickface:264,cement:264,foliage:264,grass:264,path:264,sky:264,window:264}","{brickface:72,cement:72,foliage:72,grass:71,path:71,sky:71,window:71}","{brickface:15,cement:14,foliage:15,grass:14,path:14,sky:14,window:14}","{brickface:66,cement:66,foliage:66,grass:66,path:66,sky:66,window:66}","{brickface:192,cement:192,foliage:192,grass:193,path:193,sky:193,window:193}",0.3761,success,,0.8614718614718615,0.8614718614718614,0.8618907769885558,0.5822076201438904,0.9741407582316672,
2026-07-07T10:30:04.764007+00:00,segment,36,mlp,2,50,1798,40,10,462,7,19,19,,,,,,,,,,,,,,,,,,,,,,,,,stratified_labeled_val,7,True,7,8,"{brickface:264,cement:264,foliage:264,grass:264,path:264,sky:264,window:264}","{brickface:8,cement:7,foliage:7,grass:7,path:7,sky:7,window:7}","{brickface:2,cement:1,foliage:2,grass:2,path:1,sky:1,window:1}","{brickface:66,cement:66,foliage:66,grass:66,path:66,sky:66,window:66}","{brickface:256,cement:257,foliage:257,grass:257,path:257,sky:257,window:257}",0.1414,success,,0.6926406926406926,0.6926406926406926,0.6681505479052366,1.3834102153778076,0.9233077528532074,
2026-07-07T10:30:04.910877+00:00,segment,36,mlp,2,100,1748,80,20,462,7,19,19,,,,,,,,,,,,,,,,,,,,,,,,,stratified_labeled_val,7,True,14,15,"{brickface:264,cement:264,foliage:264,grass:264,path:264,sky:264,window:264}","{brickface:15,cement:15,foliage:14,grass:14,path:14,sky:14,window:14}","{brickface:3,cement:3,foliage:2,grass:3,path:3,sky:3,window:3}","{brickface:66,cement:66,foliage:66,grass:66,path:66,sky:66,window:66}","{brickface:249,cement:249,foliage:250,grass:250,path:250,sky:250,window:250}",0.1456,success,,0.2229437229437229,0.2229437229437229,0.1414203745731343,1.842673420906067,0.7280980803708078,
2026-07-07T10:30:05.064371+00:00,segment,36,mlp,2,250,1598,200,50,462,7,19,19,,,,,,,,,,,,,,,,,,,,,,,,,stratified_labeled_val,7,True,35,36,"{brickface:264,cement:264,foliage:264,grass:264,path:264,sky:264,window:264}","{brickface:36,cement:36,foliage:36,grass:36,path:36,sky:35,window:35}","{brickface:7,cement:7,foliage:8,grass:7,path:7,sky:7,window:7}","{brickface:66,cement:66,foliage:66,grass:66,path:66,sky:66,window:66}","{brickface:228,cement:228,foliage:228,grass:228,path:228,sky:229,window:229}",0.206,success,,0.7142857142857143,0.7142857142857143,0.6932398933260201,1.3602498769760132,0.9433676592767504,
2026-07-07T10:30:05.276432+00:00,segment,36,mlp,2,500,1348,400,100,462,7,19,19,,,,,,,,,,,,,,,,,,,,,,,,,stratified_labeled_val,7,True,71,72,"{brickface:264,cement:264,foliage:264,grass:264,path:264,sky:264,window:264}","{brickface:72,cement:72,foliage:72,grass:71,path:71,sky:71,window:71}","{brickface:14,cement:15,foliage:15,grass:14,path:14,sky:14,window:14}","{brickface:66,cement:66,foliage:66,grass:66,path:66,sky:66,window:66}","{brickface:192,cement:192,foliage:192,grass:193,path:193,sky:193,window:193}",0.253,success,,0.7727272727272727,0.7727272727272726,0.7375361916783633,1.1409871578216553,0.9602846648301192,
2026-07-07T10:30:05.536925+00:00,segment,36,label_spreading,0,50,1798,40,10,462,7,19,19,,,,,,,,,,,50.0,3.0,1838.0,1798.0,,,,,,,,,,,stratified_labeled_val,7,True,7,8,"{brickface:264,cement:264,foliage:264,grass:264,path:264,sky:264,window:264}","{brickface:8,cement:7,foliage:7,grass:7,path:7,sky:7,window:7}","{brickface:2,cement:2,foliage:1,grass:1,path:1,sky:1,window:2}","{brickface:66,cement:66,foliage:66,grass:66,path:66,sky:66,window:66}","{brickface:256,cement:257,foliage:257,grass:257,path:257,sky:257,window:257}",6.9699,success,,0.8051948051948052,0.8051948051948052,0.8033527015294196,0.534536150370205,0.971112641567187,
2026-07-07T10:30:12.515356+00:00,segment,36,label_spreading,0,100,1748,80,20,462,7,19,19,,,,,,,,,,,50.0,3.0,1828.0,1748.0,,,,,,,,,,,stratified_labeled_val,7,True,14,15,"{brickface:264,cement:264,foliage:264,grass:264,path:264,sky:264,window:264}","{brickface:15,cement:15,foliage:14,grass:14,path:14,sky:14,window:14}","{brickface:3,cement:3,foliage:3,grass:3,path:2,sky:3,window:3}","{brickface:66,cement:66,foliage:66,grass:66,path:66,sky:66,window:66}","{brickface:249,cement:249,foliage:250,grass:250,path:250,sky:250,window:250}",4.1704,success,,0.8441558441558441,0.8441558441558442,0.8392415499858821,0.4863277605134026,0.977185272639818,
2026-07-07T10:30:16.692848+00:00,segment,36,label_spreading,0,250,1598,200,50,462,7,19,19,,,,,,,,,,,15.0,1.0,1798.0,1598.0,,,,,,,,,,,stratified_labeled_val,7,True,35,36,"{brickface:264,cement:264,foliage:264,grass:264,path:264,sky:264,window:264}","{brickface:36,cement:36,foliage:36,grass:36,path:36,sky:35,window:35}","{brickface:8,cement:7,foliage:7,grass:7,path:7,sky:7,window:7}","{brickface:66,cement:66,foliage:66,grass:66,path:66,sky:66,window:66}","{brickface:228,cement:228,foliage:228,grass:228,path:228,sky:229,window:229}",2.1716,success,,0.8939393939393939,0.8939393939393938,0.8921221700054807,0.7377414767337033,0.9817657090384364,
2026-07-07T10:30:18.874287+00:00,segment,36,label_spreading,0,500,1348,400,100,462,7,19,19,,,,,,,,,,,7.0,0.0,1748.0,1348.0,,,,,,,,,,,stratified_labeled_val,7,True,71,72,"{brickface:264,cement:264,foliage:264,grass:264,path:264,sky:264,window:264}","{brickface:72,cement:72,foliage:72,grass:71,path:71,sky:71,window:71}","{brickface:14,cement:15,foliage:15,grass:14,path:14,sky:14,window:14}","{brickface:66,cement:66,foliage:66,grass:66,path:66,sky:66,window:66}","{brickface:192,cement:192,foliage:192,grass:193,path:193,sky:193,window:193}",1.0831,success,,0.9134199134199136,0.9134199134199134,0.912012643491135,0.3675453900952437,0.9910659626568716,
2026-07-07T10:30:19.981986+00:00,segment,36,label_spreading,1,50,1798,40,10,462,7,19,19,,,,,,,,,,,30.0,2.0,1838.0,1798.0,,,,,,,,,,,stratified_labeled_val,7,True,7,8,"{brickface:264,cement:264,foliage:264,grass:264,path:264,sky:264,window:264}","{brickface:8,cement:7,foliage:7,grass:7,path:7,sky:7,window:7}","{brickface:2,cement:2,foliage:1,grass:2,path:1,sky:1,window:1}","{brickface:66,cement:66,foliage:66,grass:66,path:66,sky:66,window:66}","{brickface:256,cement:257,foliage:257,grass:257,path:257,sky:257,window:257}",3.057,success,,0.7229437229437229,0.7229437229437229,0.7196174879335496,2.0322220982739005,0.9160216887489616,
2026-07-07T10:30:23.046330+00:00,segment,36,label_spreading,1,100,1748,80,20,462,7,19,19,,,,,,,,,,,30.0,2.0,1828.0,1748.0,,,,,,,,,,,stratified_labeled_val,7,True,14,15,"{brickface:264,cement:264,foliage:264,grass:264,path:264,sky:264,window:264}","{brickface:15,cement:15,foliage:14,grass:14,path:14,sky:14,window:14}","{brickface:3,cement:3,foliage:3,grass:3,path:3,sky:2,window:3}","{brickface:66,cement:66,foliage:66,grass:66,path:66,sky:66,window:66}","{brickface:249,cement:249,foliage:250,grass:250,path:250,sky:250,window:250}",3.1025,success,,0.79004329004329,0.79004329004329,0.7861256719951875,0.8167153481870592,0.9615008308190126,
2026-07-07T10:30:26.158234+00:00,segment,36,label_spreading,1,250,1598,200,50,462,7,19,19,,,,,,,,,,,15.0,1.0,1798.0,1598.0,,,,,,,,,,,stratified_labeled_val,7,True,35,36,"{brickface:264,cement:264,foliage:264,grass:264,path:264,sky:264,window:264}","{brickface:36,cement:36,foliage:36,grass:36,path:36,sky:35,window:35}","{brickface:7,cement:7,foliage:8,grass:7,path:7,sky:7,window:7}","{brickface:66,cement:66,foliage:66,grass:66,path:66,sky:66,window:66}","{brickface:228,cement:228,foliage:228,grass:228,path:228,sky:229,window:229}",2.1118,success,,0.8787878787878788,0.8787878787878788,0.8775859273438184,0.4731091488090391,0.9842089728453366,
2026-07-07T10:30:28.277773+00:00,segment,36,label_spreading,1,500,1348,400,100,462,7,19,19,,,,,,,,,,,7.0,0.0,1748.0,1348.0,,,,,,,,,,,stratified_labeled_val,7,True,71,72,"{brickface:264,cement:264,foliage:264,grass:264,path:264,sky:264,window:264}","{brickface:72,cement:72,foliage:72,grass:71,path:71,sky:71,window:71}","{brickface:15,cement:14,foliage:15,grass:14,path:14,sky:14,window:14}","{brickface:66,cement:66,foliage:66,grass:66,path:66,sky:66,window:66}","{brickface:192,cement:192,foliage:192,grass:193,path:193,sky:193,window:193}",0.9828,success,,0.9069264069264068,0.9069264069264068,0.9058028085833952,0.5902716732880368,0.9865511172329354,
2026-07-07T10:30:29.269812+00:00,segment,36,label_spreading,2,50,1798,40,10,462,7,19,19,,,,,,,,,,,30.0,2.0,1838.0,1798.0,,,,,,,,,,,stratified_labeled_val,7,True,7,8,"{brickface:264,cement:264,foliage:264,grass:264,path:264,sky:264,window:264}","{brickface:8,cement:7,foliage:7,grass:7,path:7,sky:7,window:7}","{brickface:2,cement:1,foliage:2,grass:2,path:1,sky:1,window:1}","{brickface:66,cement:66,foliage:66,grass:66,path:66,sky:66,window:66}","{brickface:256,cement:257,foliage:257,grass:257,path:257,sky:257,window:257}",2.9223,success,,0.7489177489177489,0.7489177489177489,0.7369032041311768,0.8175315932425631,0.95799444663081,
2026-07-07T10:30:32.199376+00:00,segment,36,label_spreading,2,100,1748,80,20,462,7,19,19,,,,,,,,,,,30.0,2.0,1828.0,1748.0,,,,,,,,,,,stratified_labeled_val,7,True,14,15,"{brickface:264,cement:264,foliage:264,grass:264,path:264,sky:264,window:264}","{brickface:15,cement:15,foliage:14,grass:14,path:14,sky:14,window:14}","{brickface:3,cement:3,foliage:2,grass:3,path:3,sky:3,window:3}","{brickface:66,cement:66,foliage:66,grass:66,path:66,sky:66,window:66}","{brickface:249,cement:249,foliage:250,grass:250,path:250,sky:250,window:250}",2.9498,success,,0.8311688311688312,0.8311688311688311,0.8205829823730187,0.6400503475855679,0.9732662119025756,
2026-07-07T10:30:35.156002+00:00,segment,36,label_spreading,2,250,1598,200,50,462,7,19,19,,,,,,,,,,,15.0,1.0,1798.0,1598.0,,,,,,,,,,,stratified_labeled_val,7,True,35,36,"{brickface:264,cement:264,foliage:264,grass:264,path:264,sky:264,window:264}","{brickface:36,cement:36,foliage:36,grass:36,path:36,sky:35,window:35}","{brickface:7,cement:7,foliage:8,grass:7,path:7,sky:7,window:7}","{brickface:66,cement:66,foliage:66,grass:66,path:66,sky:66,window:66}","{brickface:228,cement:228,foliage:228,grass:228,path:228,sky:229,window:229}",2.1689,success,,0.8939393939393939,0.8939393939393938,0.8921554574540218,0.8139106819821645,0.981418623464078,
2026-07-07T10:30:37.333642+00:00,segment,36,label_spreading,2,500,1348,400,100,462,7,19,19,,,,,,,,,,,15.0,1.0,1748.0,1348.0,,,,,,,,,,,stratified_labeled_val,7,True,71,72,"{brickface:264,cement:264,foliage:264,grass:264,path:264,sky:264,window:264}","{brickface:72,cement:72,foliage:72,grass:71,path:71,sky:71,window:71}","{brickface:14,cement:15,foliage:15,grass:14,path:14,sky:14,window:14}","{brickface:66,cement:66,foliage:66,grass:66,path:66,sky:66,window:66}","{brickface:192,cement:192,foliage:192,grass:193,path:193,sky:193,window:193}",1.7829,success,,0.8917748917748918,0.8917748917748918,0.8891048756045826,0.4333031611331431,0.98828107919017,
2026-07-07T10:30:39.128927+00:00,segment,36,label_propagation,0,50,1798,40,10,462,7,19,19,,,,,,,,,,,50.0,3.0,1838.0,1798.0,,,,,,,,,,,stratified_labeled_val,7,True,7,8,"{brickface:264,cement:264,foliage:264,grass:264,path:264,sky:264,window:264}","{brickface:8,cement:7,foliage:7,grass:7,path:7,sky:7,window:7}","{brickface:2,cement:2,foliage:1,grass:1,path:1,sky:1,window:2}","{brickface:66,cement:66,foliage:66,grass:66,path:66,sky:66,window:66}","{brickface:256,cement:257,foliage:257,grass:257,path:257,sky:257,window:257}",6.2053,success,,0.670995670995671,0.670995670995671,0.5784992784992785,0.8064936423522439,0.963832043377498,
2026-07-07T10:30:45.355100+00:00,segment,36,label_propagation,0,100,1748,80,20,462,7,19,19,,,,,,,,,,,50.0,3.0,1828.0,1748.0,,,,,,,,,,,stratified_labeled_val,7,True,14,15,"{brickface:264,cement:264,foliage:264,grass:264,path:264,sky:264,window:264}","{brickface:15,cement:15,foliage:14,grass:14,path:14,sky:14,window:14}","{brickface:3,cement:3,foliage:3,grass:3,path:2,sky:3,window:3}","{brickface:66,cement:66,foliage:66,grass:66,path:66,sky:66,window:66}","{brickface:249,cement:249,foliage:250,grass:250,path:250,sky:250,window:250}",4.872,success,,0.7380952380952381,0.738095238095238,0.7076967416502965,0.6273613087474411,0.9741134286588832,
2026-07-07T10:30:50.236352+00:00,segment,36,label_propagation,0,250,1598,200,50,462,7,19,19,,,,,,,,,,,15.0,1.0,1798.0,1598.0,,,,,,,,,,,stratified_labeled_val,7,True,35,36,"{brickface:264,cement:264,foliage:264,grass:264,path:264,sky:264,window:264}","{brickface:36,cement:36,foliage:36,grass:36,path:36,sky:35,window:35}","{brickface:8,cement:7,foliage:7,grass:7,path:7,sky:7,window:7}","{brickface:66,cement:66,foliage:66,grass:66,path:66,sky:66,window:66}","{brickface:228,cement:228,foliage:228,grass:228,path:228,sky:229,window:229}",2.3743,success,,0.8787878787878788,0.8787878787878788,0.8754449219536397,0.4878057023853454,0.9838236258690805,
2026-07-07T10:30:52.645363+00:00,segment,36,label_propagation,0,500,1348,400,100,462,7,19,19,,,,,,,,,,,7.0,0.0,1748.0,1348.0,,,,,,,,,,,stratified_labeled_val,7,True,71,72,"{brickface:264,cement:264,foliage:264,grass:264,path:264,sky:264,window:264}","{brickface:72,cement:72,foliage:72,grass:71,path:71,sky:71,window:71}","{brickface:14,cement:15,foliage:15,grass:14,path:14,sky:14,window:14}","{brickface:66,cement:66,foliage:66,grass:66,path:66,sky:66,window:66}","{brickface:192,cement:192,foliage:192,grass:193,path:193,sky:193,window:193}",1.1546,success,,0.9069264069264068,0.9069264069264068,0.9047919985773936,0.3998086639208555,0.9901422230967684,
2026-07-07T10:30:53.811618+00:00,segment,36,label_propagation,1,50,1798,40,10,462,7,19,19,,,,,,,,,,,30.0,2.0,1838.0,1798.0,,,,,,,,,,,stratified_labeled_val,7,True,7,8,"{brickface:264,cement:264,foliage:264,grass:264,path:264,sky:264,window:264}","{brickface:8,cement:7,foliage:7,grass:7,path:7,sky:7,window:7}","{brickface:2,cement:2,foliage:1,grass:2,path:1,sky:1,window:1}","{brickface:66,cement:66,foliage:66,grass:66,path:66,sky:66,window:66}","{brickface:256,cement:257,foliage:257,grass:257,path:257,sky:257,window:257}",4.4072,success,,0.6082251082251082,0.6082251082251082,0.5772911042439064,1.1208807457991958,0.8982520005247279,
2026-07-07T10:30:58.228726+00:00,segment,36,label_propagation,1,100,1748,80,20,462,7,19,19,,,,,,,,,,,30.0,2.0,1828.0,1748.0,,,,,,,,,,,stratified_labeled_val,7,True,14,15,"{brickface:264,cement:264,foliage:264,grass:264,path:264,sky:264,window:264}","{brickface:15,cement:15,foliage:14,grass:14,path:14,sky:14,window:14}","{brickface:3,cement:3,foliage:3,grass:3,path:3,sky:2,window:3}","{brickface:66,cement:66,foliage:66,grass:66,path:66,sky:66,window:66}","{brickface:249,cement:249,foliage:250,grass:250,path:250,sky:250,window:250}",4.1082,success,,0.7424242424242424,0.7424242424242424,0.7292520761738696,0.8877380655101684,0.9492271196816652,
2026-07-07T10:31:02.346122+00:00,segment,36,label_propagation,1,250,1598,200,50,462,7,19,19,,,,,,,,,,,15.0,1.0,1798.0,1598.0,,,,,,,,,,,stratified_labeled_val,7,True,35,36,"{brickface:264,cement:264,foliage:264,grass:264,path:264,sky:264,window:264}","{brickface:36,cement:36,foliage:36,grass:36,path:36,sky:35,window:35}","{brickface:7,cement:7,foliage:8,grass:7,path:7,sky:7,window:7}","{brickface:66,cement:66,foliage:66,grass:66,path:66,sky:66,window:66}","{brickface:228,cement:228,foliage:228,grass:228,path:228,sky:229,window:229}",2.6165,success,,0.8398268398268398,0.8398268398268398,0.835139781837495,0.5454295648079488,0.9792787179150816,
2026-07-07T10:31:04.972246+00:00,segment,36,label_propagation,1,500,1348,400,100,462,7,19,19,,,,,,,,,,,7.0,0.0,1748.0,1348.0,,,,,,,,,,,stratified_labeled_val,7,True,71,72,"{brickface:264,cement:264,foliage:264,grass:264,path:264,sky:264,window:264}","{brickface:72,cement:72,foliage:72,grass:71,path:71,sky:71,window:71}","{brickface:15,cement:14,foliage:15,grass:14,path:14,sky:14,window:14}","{brickface:66,cement:66,foliage:66,grass:66,path:66,sky:66,window:66}","{brickface:192,cement:192,foliage:192,grass:193,path:193,sky:193,window:193}",1.2679,success,,0.9025974025974026,0.9025974025974026,0.9016480846364,0.5525243415577693,0.9865073899164808,
2026-07-07T10:31:06.250368+00:00,segment,36,label_propagation,2,50,1798,40,10,462,7,19,19,,,,,,,,,,,30.0,2.0,1838.0,1798.0,,,,,,,,,,,stratified_labeled_val,7,True,7,8,"{brickface:264,cement:264,foliage:264,grass:264,path:264,sky:264,window:264}","{brickface:8,cement:7,foliage:7,grass:7,path:7,sky:7,window:7}","{brickface:2,cement:1,foliage:2,grass:2,path:1,sky:1,window:1}","{brickface:66,cement:66,foliage:66,grass:66,path:66,sky:66,window:66}","{brickface:256,cement:257,foliage:257,grass:257,path:257,sky:257,window:257}",4.5012,success,,0.6774891774891775,0.6774891774891775,0.648876722981428,0.8189286372037046,0.9468877082513448,
2026-07-07T10:31:10.760062+00:00,segment,36,label_propagation,2,100,1748,80,20,462,7,19,19,,,,,,,,,,,15.0,1.0,1828.0,1748.0,,,,,,,,,,,stratified_labeled_val,7,True,14,15,"{brickface:264,cement:264,foliage:264,grass:264,path:264,sky:264,window:264}","{brickface:15,cement:15,foliage:14,grass:14,path:14,sky:14,window:14}","{brickface:3,cement:3,foliage:2,grass:3,path:3,sky:3,window:3}","{brickface:66,cement:66,foliage:66,grass:66,path:66,sky:66,window:66}","{brickface:249,cement:249,foliage:250,grass:250,path:250,sky:250,window:250}",2.9509,success,,0.8138528138528138,0.8138528138528137,0.8019593399166361,0.8871513933166028,0.9654417552144824,
2026-07-07T10:31:13.722691+00:00,segment,36,label_propagation,2,250,1598,200,50,462,7,19,19,,,,,,,,,,,15.0,1.0,1798.0,1598.0,,,,,,,,,,,stratified_labeled_val,7,True,35,36,"{brickface:264,cement:264,foliage:264,grass:264,path:264,sky:264,window:264}","{brickface:36,cement:36,foliage:36,grass:36,path:36,sky:35,window:35}","{brickface:7,cement:7,foliage:8,grass:7,path:7,sky:7,window:7}","{brickface:66,cement:66,foliage:66,grass:66,path:66,sky:66,window:66}","{brickface:228,cement:228,foliage:228,grass:228,path:228,sky:229,window:229}",3.4127,success,,0.854978354978355,0.854978354978355,0.8507807886177288,0.8152984275268008,0.9782620578075124,
2026-07-07T10:31:17.145910+00:00,segment,36,label_propagation,2,500,1348,400,100,462,7,19,19,,,,,,,,,,,15.0,1.0,1748.0,1348.0,,,,,,,,,,,stratified_labeled_val,7,True,71,72,"{brickface:264,cement:264,foliage:264,grass:264,path:264,sky:264,window:264}","{brickface:72,cement:72,foliage:72,grass:71,path:71,sky:71,window:71}","{brickface:14,cement:15,foliage:15,grass:14,path:14,sky:14,window:14}","{brickface:66,cement:66,foliage:66,grass:66,path:66,sky:66,window:66}","{brickface:192,cement:192,foliage:192,grass:193,path:193,sky:193,window:193}",2.1703,success,,0.8874458874458875,0.8874458874458874,0.8842375432777306,0.413943491441752,0.9874119987756352,
2026-07-07T10:31:19.325731+00:00,segment,36,self_training_lr,0,50,1798,40,10,462,7,19,19,601.0,5.0,5.0,"{0: 49, 1: 15, 2: 17, 3: 260, 4: 32, 5: 263, 6: 5}",0.3342602892102336,0.9750788218764814,0.9500069618225098,0.9999996423721312,,max_iter,,,,,,,,,,,,,,,stratified_labeled_val,7,True,7,8,"{brickface:264,cement:264,foliage:264,grass:264,path:264,sky:264,window:264}","{brickface:8,cement:7,foliage:7,grass:7,path:7,sky:7,window:7}","{brickface:2,cement:2,foliage:1,grass:1,path:1,sky:1,window:2}","{brickface:66,cement:66,foliage:66,grass:66,path:66,sky:66,window:66}","{brickface:256,cement:257,foliage:257,grass:257,path:257,sky:257,window:257}",0.2734,success,,0.7597402597402597,0.7597402597402597,0.7469182933215979,0.6948955655097961,0.9496807905898816,
2026-07-07T10:31:19.604360+00:00,segment,36,self_training_lr,0,100,1748,80,20,462,7,19,19,602.0,16.0,5.0,"{0: 38, 1: 30, 2: 21, 3: 257, 4: 64, 5: 261, 6: 11}",0.3443935926773455,0.9724107004479317,0.9500948786735536,0.9999998807907104,,max_iter,,,,,,,,,,,,,,,stratified_labeled_val,7,True,14,15,"{brickface:264,cement:264,foliage:264,grass:264,path:264,sky:264,window:264}","{brickface:15,cement:15,foliage:14,grass:14,path:14,sky:14,window:14}","{brickface:3,cement:3,foliage:3,grass:3,path:2,sky:3,window:3}","{brickface:66,cement:66,foliage:66,grass:66,path:66,sky:66,window:66}","{brickface:249,cement:249,foliage:250,grass:250,path:250,sky:250,window:250}",0.3626,success,,0.8636363636363636,0.8636363636363636,0.8594082966519941,0.4953211545944214,0.9739439853076216,
2026-07-07T10:31:19.974272+00:00,segment,36,self_training_lr,0,250,1598,200,50,462,7,19,19,774.0,43.0,5.0,"{0: 111, 1: 38, 2: 72, 3: 253, 4: 215, 5: 257, 6: 28}",0.4843554443053817,0.9765927421184164,0.9501188397407532,0.9983848333358764,,max_iter,,,,,,,,,,,,,,,stratified_labeled_val,7,True,35,36,"{brickface:264,cement:264,foliage:264,grass:264,path:264,sky:264,window:264}","{brickface:36,cement:36,foliage:36,grass:36,path:36,sky:35,window:35}","{brickface:8,cement:7,foliage:7,grass:7,path:7,sky:7,window:7}","{brickface:66,cement:66,foliage:66,grass:66,path:66,sky:66,window:66}","{brickface:228,cement:228,foliage:228,grass:228,path:228,sky:229,window:229}",0.4715,success,,0.9025974025974026,0.9025974025974026,0.8995290895031504,0.3487697541713714,0.9850616555162012,
2026-07-07T10:31:20.451657+00:00,segment,36,self_training_lr,0,500,1348,400,100,462,7,19,19,674.0,39.0,4.0,"{0: 161, 1: 102, 2: 81, 3: 246, 4: 175, 5: 250, 6: 59}",0.5,0.9824609237361024,0.950039803981781,0.9999995231628418,,max_total_pseudo_fraction,,,,,,,,,,,,,,,stratified_labeled_val,7,True,71,72,"{brickface:264,cement:264,foliage:264,grass:264,path:264,sky:264,window:264}","{brickface:72,cement:72,foliage:72,grass:71,path:71,sky:71,window:71}","{brickface:14,cement:15,foliage:15,grass:14,path:14,sky:14,window:14}","{brickface:66,cement:66,foliage:66,grass:66,path:66,sky:66,window:66}","{brickface:192,cement:192,foliage:192,grass:193,path:193,sky:193,window:193}",0.4861,success,,0.9112554112554112,0.9112554112554112,0.9097865336209232,0.3056187927722931,0.9875595784686694,
2026-07-07T10:31:20.944003+00:00,segment,36,self_training_lr,1,50,1798,40,10,462,7,19,19,627.0,26.0,5.0,"{0: 45, 1: 20, 2: 7, 3: 261, 4: 65, 5: 263, 6: 6}",0.3487208008898776,0.9725072176642776,0.9501022100448608,0.9999006986618042,,max_iter,,,,,,,,,,,,,,,stratified_labeled_val,7,True,7,8,"{brickface:264,cement:264,foliage:264,grass:264,path:264,sky:264,window:264}","{brickface:8,cement:7,foliage:7,grass:7,path:7,sky:7,window:7}","{brickface:2,cement:2,foliage:1,grass:2,path:1,sky:1,window:1}","{brickface:66,cement:66,foliage:66,grass:66,path:66,sky:66,window:66}","{brickface:256,cement:257,foliage:257,grass:257,path:257,sky:257,window:257}",0.3367,success,,0.7922077922077922,0.7922077922077922,0.7831357035711081,0.6846867799758911,0.955277887096069,
2026-07-07T10:31:21.286155+00:00,segment,36,self_training_lr,1,100,1748,80,20,462,7,19,19,612.0,17.0,5.0,"{0: 60, 1: 43, 2: 17, 3: 260, 4: 39, 5: 262, 6: 11}",0.3501144164759725,0.977398472771146,0.9500418305397034,0.999508500099182,,max_iter,,,,,,,,,,,,,,,stratified_labeled_val,7,True,14,15,"{brickface:264,cement:264,foliage:264,grass:264,path:264,sky:264,window:264}","{brickface:15,cement:15,foliage:14,grass:14,path:14,sky:14,window:14}","{brickface:3,cement:3,foliage:3,grass:3,path:3,sky:2,window:3}","{brickface:66,cement:66,foliage:66,grass:66,path:66,sky:66,window:66}","{brickface:249,cement:249,foliage:250,grass:250,path:250,sky:250,window:250}",0.332,success,,0.8246753246753247,0.8246753246753248,0.8174583307829001,0.588890552520752,0.962809917355372,
2026-07-07T10:31:21.623278+00:00,segment,36,self_training_lr,1,250,1598,200,50,462,7,19,19,799.0,36.0,5.0,"{0: 135, 1: 38, 2: 98, 3: 256, 4: 170, 5: 257, 6: 45}",0.5,0.9766087043419648,0.950031280517578,0.9993081092834472,,max_total_pseudo_fraction,,,,,,,,,,,,,,,stratified_labeled_val,7,True,35,36,"{brickface:264,cement:264,foliage:264,grass:264,path:264,sky:264,window:264}","{brickface:36,cement:36,foliage:36,grass:36,path:36,sky:35,window:35}","{brickface:7,cement:7,foliage:8,grass:7,path:7,sky:7,window:7}","{brickface:66,cement:66,foliage:66,grass:66,path:66,sky:66,window:66}","{brickface:228,cement:228,foliage:228,grass:228,path:228,sky:229,window:229}",0.3045,success,,0.8961038961038961,0.8961038961038961,0.8969131749698455,0.3955023884773254,0.9794973544973544,
2026-07-07T10:31:21.934836+00:00,segment,36,self_training_lr,1,500,1348,400,100,462,7,19,19,674.0,40.0,4.0,"{0: 159, 1: 78, 2: 93, 3: 247, 4: 179, 5: 250, 6: 68}",0.5,0.9821794510595168,0.9500804543495178,0.9987014532089232,,max_total_pseudo_fraction,,,,,,,,,,,,,,,stratified_labeled_val,7,True,71,72,"{brickface:264,cement:264,foliage:264,grass:264,path:264,sky:264,window:264}","{brickface:72,cement:72,foliage:72,grass:71,path:71,sky:71,window:71}","{brickface:15,cement:14,foliage:15,grass:14,path:14,sky:14,window:14}","{brickface:66,cement:66,foliage:66,grass:66,path:66,sky:66,window:66}","{brickface:192,cement:192,foliage:192,grass:193,path:193,sky:193,window:193}",0.3165,success,,0.9134199134199136,0.9134199134199134,0.9149234446123274,0.3218339383602142,0.9853458830731556,
2026-07-07T10:31:22.257152+00:00,segment,36,self_training_lr,2,50,1798,40,10,462,7,19,19,582.0,4.0,5.0,"{0: 52, 1: 16, 2: 5, 3: 260, 4: 8, 5: 263, 6: 18}",0.3236929922135706,0.9734216500393712,0.950038492679596,0.99755197763443,,max_iter,,,,,,,,,,,,,,,stratified_labeled_val,7,True,7,8,"{brickface:264,cement:264,foliage:264,grass:264,path:264,sky:264,window:264}","{brickface:8,cement:7,foliage:7,grass:7,path:7,sky:7,window:7}","{brickface:2,cement:1,foliage:2,grass:2,path:1,sky:1,window:1}","{brickface:66,cement:66,foliage:66,grass:66,path:66,sky:66,window:66}","{brickface:256,cement:257,foliage:257,grass:257,path:257,sky:257,window:257}",0.1944,success,,0.7662337662337663,0.7662337662337662,0.7533828397692666,0.6849799752235413,0.9453463203463204,
2026-07-07T10:31:22.456534+00:00,segment,36,self_training_lr,2,100,1748,80,20,462,7,19,19,716.0,37.0,5.0,"{0: 56, 1: 47, 2: 12, 3: 259, 4: 150, 5: 261, 6: 11}",0.4096109839816934,0.9728795332449108,0.9502428770065308,0.9989848732948304,,max_iter,,,,,,,,,,,,,,,stratified_labeled_val,7,True,14,15,"{brickface:264,cement:264,foliage:264,grass:264,path:264,sky:264,window:264}","{brickface:15,cement:15,foliage:14,grass:14,path:14,sky:14,window:14}","{brickface:3,cement:3,foliage:2,grass:3,path:3,sky:3,window:3}","{brickface:66,cement:66,foliage:66,grass:66,path:66,sky:66,window:66}","{brickface:249,cement:249,foliage:250,grass:250,path:250,sky:250,window:250}",0.3489,success,,0.8354978354978355,0.8354978354978356,0.8266514721119511,0.4773315489292145,0.9738018715291442,
2026-07-07T10:31:22.812601+00:00,segment,36,self_training_lr,2,250,1598,200,50,462,7,19,19,756.0,30.0,5.0,"{0: 96, 1: 48, 2: 65, 3: 253, 4: 195, 5: 257, 6: 42}",0.4730913642052565,0.9781479103855356,0.950388729572296,0.9989571571350098,,max_iter,,,,,,,,,,,,,,,stratified_labeled_val,7,True,35,36,"{brickface:264,cement:264,foliage:264,grass:264,path:264,sky:264,window:264}","{brickface:36,cement:36,foliage:36,grass:36,path:36,sky:35,window:35}","{brickface:7,cement:7,foliage:8,grass:7,path:7,sky:7,window:7}","{brickface:66,cement:66,foliage:66,grass:66,path:66,sky:66,window:66}","{brickface:228,cement:228,foliage:228,grass:228,path:228,sky:229,window:229}",0.4272,success,,0.9025974025974026,0.9025974025974026,0.9012027227684168,0.2963491082191467,0.9885762385762386,
2026-07-07T10:31:23.245132+00:00,segment,36,self_training_lr,2,500,1348,400,100,462,7,19,19,642.0,23.0,5.0,"{0: 143, 1: 81, 2: 78, 3: 246, 4: 187, 5: 250, 6: 57}",0.4762611275964392,0.9817529990108586,0.950047492980957,1.0,,max_iter,,,,,,,,,,,,,,,stratified_labeled_val,7,True,71,72,"{brickface:264,cement:264,foliage:264,grass:264,path:264,sky:264,window:264}","{brickface:72,cement:72,foliage:72,grass:71,path:71,sky:71,window:71}","{brickface:14,cement:15,foliage:15,grass:14,path:14,sky:14,window:14}","{brickface:66,cement:66,foliage:66,grass:66,path:66,sky:66,window:66}","{brickface:192,cement:192,foliage:192,grass:193,path:193,sky:193,window:193}",0.5991,success,,0.9264069264069263,0.9264069264069263,0.9262787128276776,0.2542280256748199,0.9905330359875814,
2026-07-07T10:31:23.854072+00:00,segment,36,self_training_xgboost,0,50,1798,40,10,462,7,19,19,220.0,148.0,3.0,"{0: 53, 1: 5, 2: 96, 3: 38, 4: 57, 5: 6, 6: 5}",0.1223581757508342,0.965596720034426,0.95024836063385,0.997060000896454,,max_iter,,,,,,,,,,,,,,,stratified_labeled_val,7,True,7,8,"{brickface:264,cement:264,foliage:264,grass:264,path:264,sky:264,window:264}","{brickface:8,cement:7,foliage:7,grass:7,path:7,sky:7,window:7}","{brickface:2,cement:2,foliage:1,grass:1,path:1,sky:1,window:2}","{brickface:66,cement:66,foliage:66,grass:66,path:66,sky:66,window:66}","{brickface:256,cement:257,foliage:257,grass:257,path:257,sky:257,window:257}",12.9248,success,,0.7077922077922078,0.7077922077922078,0.6987099664657804,0.820013701915741,0.940618304254668,
2026-07-07T10:31:36.789010+00:00,segment,36,self_training_xgboost,0,100,1748,80,20,462,7,19,19,854.0,224.0,3.0,"{0: 179, 1: 22, 2: 140, 3: 232, 4: 129, 5: 181, 6: 51}",0.488558352402746,0.9828376606002066,0.95941823720932,0.9971822500228882,,max_iter,,,,,,,,,,,,,,,stratified_labeled_val,7,True,14,15,"{brickface:264,cement:264,foliage:264,grass:264,path:264,sky:264,window:264}","{brickface:15,cement:15,foliage:14,grass:14,path:14,sky:14,window:14}","{brickface:3,cement:3,foliage:3,grass:3,path:2,sky:3,window:3}","{brickface:66,cement:66,foliage:66,grass:66,path:66,sky:66,window:66}","{brickface:249,cement:249,foliage:250,grass:250,path:250,sky:250,window:250}",16.9854,success,,0.854978354978355,0.8549783549783551,0.8520839606612342,0.5598705410957336,0.9722878131969042,
2026-07-07T10:31:53.784366+00:00,segment,36,self_training_xgboost,0,250,1598,200,50,462,7,19,19,781.0,205.0,3.0,"{0: 191, 1: 65, 2: 148, 3: 244, 4: 176, 5: 103, 6: 54}",0.4887359198998748,0.9926173666375242,0.9876197576522828,0.9985815286636353,,max_iter,,,,,,,,,,,,,,,stratified_labeled_val,7,True,35,36,"{brickface:264,cement:264,foliage:264,grass:264,path:264,sky:264,window:264}","{brickface:36,cement:36,foliage:36,grass:36,path:36,sky:35,window:35}","{brickface:8,cement:7,foliage:7,grass:7,path:7,sky:7,window:7}","{brickface:66,cement:66,foliage:66,grass:66,path:66,sky:66,window:66}","{brickface:228,cement:228,foliage:228,grass:228,path:228,sky:229,window:229}",19.0545,success,,0.9090909090909092,0.9090909090909092,0.911509238878234,0.2821768820285797,0.991850321395776,
2026-07-07T10:32:12.848418+00:00,segment,36,self_training_xgboost,0,500,1348,400,100,462,7,19,19,659.0,173.0,3.0,"{0: 216, 1: 102, 2: 141, 3: 133, 4: 172, 5: 193, 6: 102}",0.4888724035608308,0.9962554897813406,0.994580328464508,0.9995379447937012,,max_iter,,,,,,,,,,,,,,,stratified_labeled_val,7,True,71,72,"{brickface:264,cement:264,foliage:264,grass:264,path:264,sky:264,window:264}","{brickface:72,cement:72,foliage:72,grass:71,path:71,sky:71,window:71}","{brickface:14,cement:15,foliage:15,grass:14,path:14,sky:14,window:14}","{brickface:66,cement:66,foliage:66,grass:66,path:66,sky:66,window:66}","{brickface:192,cement:192,foliage:192,grass:193,path:193,sky:193,window:193}",21.2395,success,,0.9567099567099568,0.9567099567099568,0.95659314715955,0.1328674703836441,0.9973818269272814,
2026-07-07T10:32:34.103739+00:00,segment,36,self_training_xgboost,1,50,1798,40,10,462,7,19,19,472.0,127.0,3.0,"{0: 118, 1: 5, 2: 203, 3: 41, 4: 11, 5: 10, 6: 124}",0.2625139043381535,0.9753133188617432,0.9500744342803956,0.9982662796974182,,max_iter,,,,,,,,,,,,,,,stratified_labeled_val,7,True,7,8,"{brickface:264,cement:264,foliage:264,grass:264,path:264,sky:264,window:264}","{brickface:8,cement:7,foliage:7,grass:7,path:7,sky:7,window:7}","{brickface:2,cement:2,foliage:1,grass:2,path:1,sky:1,window:1}","{brickface:66,cement:66,foliage:66,grass:66,path:66,sky:66,window:66}","{brickface:256,cement:257,foliage:257,grass:257,path:257,sky:257,window:257}",12.392,success,,0.7727272727272727,0.7727272727272727,0.7741139937677636,0.8624608516693115,0.9339225589225588,
2026-07-07T10:32:46.511645+00:00,segment,36,self_training_xgboost,1,100,1748,80,20,462,7,19,19,854.0,224.0,3.0,"{0: 168, 1: 29, 2: 109, 3: 207, 4: 112, 5: 250, 6: 59}",0.488558352402746,0.9859029012764924,0.9674860239028932,0.9984627962112428,,max_iter,,,,,,,,,,,,,,,stratified_labeled_val,7,True,14,15,"{brickface:264,cement:264,foliage:264,grass:264,path:264,sky:264,window:264}","{brickface:15,cement:15,foliage:14,grass:14,path:14,sky:14,window:14}","{brickface:3,cement:3,foliage:3,grass:3,path:3,sky:2,window:3}","{brickface:66,cement:66,foliage:66,grass:66,path:66,sky:66,window:66}","{brickface:249,cement:249,foliage:250,grass:250,path:250,sky:250,window:250}",18.6402,success,,0.854978354978355,0.8549783549783551,0.8546685363816825,0.5368586778640747,0.972287813196904,
2026-07-07T10:33:05.167083+00:00,segment,36,self_training_xgboost,1,250,1598,200,50,462,7,19,19,781.0,205.0,3.0,"{0: 179, 1: 67, 2: 149, 3: 233, 4: 141, 5: 142, 6: 70}",0.4887359198998748,0.9933018646991209,0.9887661337852478,0.9987748265266418,,max_iter,,,,,,,,,,,,,,,stratified_labeled_val,7,True,35,36,"{brickface:264,cement:264,foliage:264,grass:264,path:264,sky:264,window:264}","{brickface:36,cement:36,foliage:36,grass:36,path:36,sky:35,window:35}","{brickface:7,cement:7,foliage:8,grass:7,path:7,sky:7,window:7}","{brickface:66,cement:66,foliage:66,grass:66,path:66,sky:66,window:66}","{brickface:228,cement:228,foliage:228,grass:228,path:228,sky:229,window:229}",18.2784,success,,0.9025974025974026,0.9025974025974024,0.9024736806777476,0.3146490454673767,0.9900411036774672,
2026-07-07T10:33:23.455470+00:00,segment,36,self_training_xgboost,1,500,1348,400,100,462,7,19,19,659.0,173.0,3.0,"{0: 166, 1: 106, 2: 154, 3: 207, 4: 152, 5: 192, 6: 82}",0.4888724035608308,0.996109763208398,0.9941451549530028,0.999479591846466,,max_iter,,,,,,,,,,,,,,,stratified_labeled_val,7,True,71,72,"{brickface:264,cement:264,foliage:264,grass:264,path:264,sky:264,window:264}","{brickface:72,cement:72,foliage:72,grass:71,path:71,sky:71,window:71}","{brickface:15,cement:14,foliage:15,grass:14,path:14,sky:14,window:14}","{brickface:66,cement:66,foliage:66,grass:66,path:66,sky:66,window:66}","{brickface:192,cement:192,foliage:192,grass:193,path:193,sky:193,window:193}",21.4459,success,,0.945887445887446,0.945887445887446,0.9459832846237498,0.1876570284366607,0.9961192006646552,
2026-07-07T10:33:44.918542+00:00,segment,36,self_training_xgboost,2,50,1798,40,10,462,7,19,19,467.0,128.0,3.0,"{0: 201, 1: 7, 2: 63, 3: 8, 4: 204, 5: 16, 6: 8}",0.2597330367074527,0.972824845630556,0.9500812292099,0.9969182014465332,,max_iter,,,,,,,,,,,,,,,stratified_labeled_val,7,True,7,8,"{brickface:264,cement:264,foliage:264,grass:264,path:264,sky:264,window:264}","{brickface:8,cement:7,foliage:7,grass:7,path:7,sky:7,window:7}","{brickface:2,cement:1,foliage:2,grass:2,path:1,sky:1,window:1}","{brickface:66,cement:66,foliage:66,grass:66,path:66,sky:66,window:66}","{brickface:256,cement:257,foliage:257,grass:257,path:257,sky:257,window:257}",10.8417,success,,0.7987012987012987,0.7987012987012988,0.7887289930920167,0.6398258209228516,0.9640561458743278,
2026-07-07T10:33:55.775796+00:00,segment,36,self_training_xgboost,2,100,1748,80,20,462,7,19,19,854.0,224.0,3.0,"{0: 197, 1: 45, 2: 113, 3: 220, 4: 103, 5: 238, 6: 18}",0.488558352402746,0.9832455922764414,0.9626264572143556,0.9977362155914308,,max_iter,,,,,,,,,,,,,,,stratified_labeled_val,7,True,14,15,"{brickface:264,cement:264,foliage:264,grass:264,path:264,sky:264,window:264}","{brickface:15,cement:15,foliage:14,grass:14,path:14,sky:14,window:14}","{brickface:3,cement:3,foliage:2,grass:3,path:3,sky:3,window:3}","{brickface:66,cement:66,foliage:66,grass:66,path:66,sky:66,window:66}","{brickface:249,cement:249,foliage:250,grass:250,path:250,sky:250,window:250}",15.1087,success,,0.8896103896103896,0.8896103896103895,0.8863390760672436,0.4266732633113861,0.9836569154750974,
2026-07-07T10:34:10.893783+00:00,segment,36,self_training_xgboost,2,250,1598,200,50,462,7,19,19,781.0,205.0,3.0,"{0: 193, 1: 51, 2: 94, 3: 179, 4: 198, 5: 190, 6: 76}",0.4887359198998748,0.9929350964849036,0.9874323606491088,0.9991232752799988,,max_iter,,,,,,,,,,,,,,,stratified_labeled_val,7,True,35,36,"{brickface:264,cement:264,foliage:264,grass:264,path:264,sky:264,window:264}","{brickface:36,cement:36,foliage:36,grass:36,path:36,sky:35,window:35}","{brickface:7,cement:7,foliage:8,grass:7,path:7,sky:7,window:7}","{brickface:66,cement:66,foliage:66,grass:66,path:66,sky:66,window:66}","{brickface:228,cement:228,foliage:228,grass:228,path:228,sky:229,window:229}",14.3975,success,,0.9069264069264068,0.906926406926407,0.9080335793049422,0.2495817095041275,0.9934190388735844,
2026-07-07T10:34:25.300970+00:00,segment,36,self_training_xgboost,2,500,1348,400,100,462,7,19,19,659.0,173.0,3.0,"{0: 184, 1: 138, 2: 116, 3: 84, 4: 186, 5: 237, 6: 114}",0.4888724035608308,0.9959175068438504,0.994090735912323,0.9990054965019226,,max_iter,,,,,,,,,,,,,,,stratified_labeled_val,7,True,71,72,"{brickface:264,cement:264,foliage:264,grass:264,path:264,sky:264,window:264}","{brickface:72,cement:72,foliage:72,grass:71,path:71,sky:71,window:71}","{brickface:14,cement:15,foliage:15,grass:14,path:14,sky:14,window:14}","{brickface:66,cement:66,foliage:66,grass:66,path:66,sky:66,window:66}","{brickface:192,cement:192,foliage:192,grass:193,path:193,sky:193,window:193}",18.8082,success,,0.9653679653679652,0.9653679653679654,0.965186584422293,0.1196494475007057,0.9980104071013162,
2026-07-07T10:34:44.127988+00:00,segment,36,self_training_lightgbm,0,50,1798,40,10,462,7,19,19,0.0,0.0,0.0,"{0: 6, 1: 5, 2: 6, 3: 6, 4: 6, 5: 6, 6: 5}",0.0,,,,,no_candidates,,,,,,,,,,,,,,,stratified_labeled_val,7,True,7,8,"{brickface:264,cement:264,foliage:264,grass:264,path:264,sky:264,window:264}","{brickface:8,cement:7,foliage:7,grass:7,path:7,sky:7,window:7}","{brickface:2,cement:2,foliage:1,grass:1,path:1,sky:1,window:2}","{brickface:66,cement:66,foliage:66,grass:66,path:66,sky:66,window:66}","{brickface:256,cement:257,foliage:257,grass:257,path:257,sky:257,window:257}",0.7873,success,,0.3939393939393939,0.3939393939393939,0.31674820195075,1.7816050795888854,0.7499016135379772,
2026-07-07T10:34:44.922171+00:00,segment,36,self_training_lightgbm,0,100,1748,80,20,462,7,19,19,854.0,224.0,3.0,"{0: 157, 1: 18, 2: 120, 3: 219, 4: 145, 5: 246, 6: 29}",0.488558352402746,0.9999900776879376,0.9999765079160348,0.9999999270554124,,max_iter,,,,,,,,,,,,,,,stratified_labeled_val,7,True,14,15,"{brickface:264,cement:264,foliage:264,grass:264,path:264,sky:264,window:264}","{brickface:15,cement:15,foliage:14,grass:14,path:14,sky:14,window:14}","{brickface:3,cement:3,foliage:3,grass:3,path:2,sky:3,window:3}","{brickface:66,cement:66,foliage:66,grass:66,path:66,sky:66,window:66}","{brickface:249,cement:249,foliage:250,grass:250,path:250,sky:250,window:250}",22.2746,success,,0.8787878787878788,0.8787878787878788,0.8777682068365805,0.5940107051628091,0.9825910621365168,
2026-07-07T10:35:07.204862+00:00,segment,36,self_training_lightgbm,0,250,1598,200,50,462,7,19,19,781.0,205.0,3.0,"{0: 179, 1: 65, 2: 137, 3: 97, 4: 181, 5: 241, 6: 81}",0.4887359198998748,0.999994007115075,0.9999861061717668,0.9999998955604192,,max_iter,,,,,,,,,,,,,,,stratified_labeled_val,7,True,35,36,"{brickface:264,cement:264,foliage:264,grass:264,path:264,sky:264,window:264}","{brickface:36,cement:36,foliage:36,grass:36,path:36,sky:35,window:35}","{brickface:8,cement:7,foliage:7,grass:7,path:7,sky:7,window:7}","{brickface:66,cement:66,foliage:66,grass:66,path:66,sky:66,window:66}","{brickface:228,cement:228,foliage:228,grass:228,path:228,sky:229,window:229}",29.1207,success,,0.945887445887446,0.945887445887446,0.9462835298288816,0.2899286744245562,0.9909757750666842,
2026-07-07T10:35:36.334599+00:00,segment,36,self_training_lightgbm,0,500,1348,400,100,462,7,19,19,659.0,173.0,3.0,"{0: 206, 1: 87, 2: 137, 3: 137, 4: 163, 5: 218, 6: 111}",0.4888724035608308,0.9999971532763466,0.999993147277948,0.9999999673061803,,max_iter,,,,,,,,,,,,,,,stratified_labeled_val,7,True,71,72,"{brickface:264,cement:264,foliage:264,grass:264,path:264,sky:264,window:264}","{brickface:72,cement:72,foliage:72,grass:71,path:71,sky:71,window:71}","{brickface:14,cement:15,foliage:15,grass:14,path:14,sky:14,window:14}","{brickface:66,cement:66,foliage:66,grass:66,path:66,sky:66,window:66}","{brickface:192,cement:192,foliage:192,grass:193,path:193,sky:193,window:193}",29.7027,success,,0.9567099567099568,0.9567099567099568,0.9563182803737794,0.2091473475726613,0.996687655778565,
2026-07-07T10:36:06.047137+00:00,segment,36,self_training_lightgbm,1,50,1798,40,10,462,7,19,19,0.0,0.0,0.0,"{0: 6, 1: 5, 2: 6, 3: 5, 4: 6, 5: 6, 6: 6}",0.0,,,,,no_candidates,,,,,,,,,,,,,,,stratified_labeled_val,7,True,7,8,"{brickface:264,cement:264,foliage:264,grass:264,path:264,sky:264,window:264}","{brickface:8,cement:7,foliage:7,grass:7,path:7,sky:7,window:7}","{brickface:2,cement:2,foliage:1,grass:2,path:1,sky:1,window:1}","{brickface:66,cement:66,foliage:66,grass:66,path:66,sky:66,window:66}","{brickface:256,cement:257,foliage:257,grass:257,path:257,sky:257,window:257}",2.5559,success,,0.1688311688311688,0.1688311688311688,0.0960137528579929,1.943380707330423,0.5558725785998513,
2026-07-07T10:36:08.611652+00:00,segment,36,self_training_lightgbm,1,100,1748,80,20,462,7,19,19,854.0,224.0,3.0,"{0: 195, 1: 19, 2: 98, 3: 161, 4: 174, 5: 221, 6: 66}",0.488558352402746,0.9999912144890868,0.9999757570974596,0.9999999234889664,,max_iter,,,,,,,,,,,,,,,stratified_labeled_val,7,True,14,15,"{brickface:264,cement:264,foliage:264,grass:264,path:264,sky:264,window:264}","{brickface:15,cement:15,foliage:14,grass:14,path:14,sky:14,window:14}","{brickface:3,cement:3,foliage:3,grass:3,path:3,sky:2,window:3}","{brickface:66,cement:66,foliage:66,grass:66,path:66,sky:66,window:66}","{brickface:249,cement:249,foliage:250,grass:250,path:250,sky:250,window:250}",24.0143,success,,0.8441558441558441,0.8441558441558442,0.8411916622467192,0.8692460891414876,0.9735996326905418,
2026-07-07T10:36:32.634183+00:00,segment,36,self_training_lightgbm,1,250,1598,200,50,462,7,19,19,781.0,205.0,3.0,"{0: 198, 1: 60, 2: 136, 3: 70, 4: 171, 5: 245, 6: 101}",0.4887359198998748,0.9999951968124728,0.9999846798905554,0.9999999503409444,,max_iter,,,,,,,,,,,,,,,stratified_labeled_val,7,True,35,36,"{brickface:264,cement:264,foliage:264,grass:264,path:264,sky:264,window:264}","{brickface:36,cement:36,foliage:36,grass:36,path:36,sky:35,window:35}","{brickface:7,cement:7,foliage:8,grass:7,path:7,sky:7,window:7}","{brickface:66,cement:66,foliage:66,grass:66,path:66,sky:66,window:66}","{brickface:228,cement:228,foliage:228,grass:228,path:228,sky:229,window:229}",25.2143,success,,0.91991341991342,0.91991341991342,0.9193577849960392,0.4556771475520004,0.9923859810223448,
2026-07-07T10:36:57.857245+00:00,segment,36,self_training_lightgbm,1,500,1348,400,100,462,7,19,19,659.0,173.0,3.0,"{0: 190, 1: 100, 2: 128, 3: 149, 4: 168, 5: 226, 6: 98}",0.4888724035608308,0.999996813585174,0.9999934560374846,0.9999999618095288,,max_iter,,,,,,,,,,,,,,,stratified_labeled_val,7,True,71,72,"{brickface:264,cement:264,foliage:264,grass:264,path:264,sky:264,window:264}","{brickface:72,cement:72,foliage:72,grass:71,path:71,sky:71,window:71}","{brickface:15,cement:14,foliage:15,grass:14,path:14,sky:14,window:14}","{brickface:66,cement:66,foliage:66,grass:66,path:66,sky:66,window:66}","{brickface:192,cement:192,foliage:192,grass:193,path:193,sky:193,window:193}",33.4394,success,,0.9523809523809524,0.9523809523809524,0.9524982184339496,0.2315457730299401,0.9975075429620884,
2026-07-07T10:37:31.305681+00:00,segment,36,self_training_lightgbm,2,50,1798,40,10,462,7,19,19,0.0,0.0,0.0,"{0: 6, 1: 6, 2: 5, 3: 5, 4: 6, 5: 6, 6: 6}",0.0,,,,,no_candidates,,,,,,,,,,,,,,,stratified_labeled_val,7,True,7,8,"{brickface:264,cement:264,foliage:264,grass:264,path:264,sky:264,window:264}","{brickface:8,cement:7,foliage:7,grass:7,path:7,sky:7,window:7}","{brickface:2,cement:1,foliage:2,grass:2,path:1,sky:1,window:1}","{brickface:66,cement:66,foliage:66,grass:66,path:66,sky:66,window:66}","{brickface:256,cement:257,foliage:257,grass:257,path:257,sky:257,window:257}",1.4097,success,,0.29004329004329,0.29004329004329,0.195516320563313,1.7539328040140731,0.7667639599457782,
2026-07-07T10:37:32.725603+00:00,segment,36,self_training_lightgbm,2,100,1748,80,20,462,7,19,19,854.0,224.0,3.0,"{0: 180, 1: 52, 2: 83, 3: 224, 4: 137, 5: 234, 6: 24}",0.488558352402746,0.99998843611228,0.999965150534269,0.999999708737463,,max_iter,,,,,,,,,,,,,,,stratified_labeled_val,7,True,14,15,"{brickface:264,cement:264,foliage:264,grass:264,path:264,sky:264,window:264}","{brickface:15,cement:15,foliage:14,grass:14,path:14,sky:14,window:14}","{brickface:3,cement:3,foliage:2,grass:3,path:3,sky:3,window:3}","{brickface:66,cement:66,foliage:66,grass:66,path:66,sky:66,window:66}","{brickface:249,cement:249,foliage:250,grass:250,path:250,sky:250,window:250}",27.9212,success,,0.8961038961038961,0.8961038961038961,0.8938792630301146,0.5027310998805886,0.987138703047794,
2026-07-07T10:38:00.656056+00:00,segment,36,self_training_lightgbm,2,250,1598,200,50,462,7,19,19,781.0,205.0,3.0,"{0: 185, 1: 91, 2: 95, 3: 72, 4: 205, 5: 229, 6: 104}",0.4887359198998748,0.9999946689155312,0.9999857026073778,0.9999998892426962,,max_iter,,,,,,,,,,,,,,,stratified_labeled_val,7,True,35,36,"{brickface:264,cement:264,foliage:264,grass:264,path:264,sky:264,window:264}","{brickface:36,cement:36,foliage:36,grass:36,path:36,sky:35,window:35}","{brickface:7,cement:7,foliage:8,grass:7,path:7,sky:7,window:7}","{brickface:66,cement:66,foliage:66,grass:66,path:66,sky:66,window:66}","{brickface:228,cement:228,foliage:228,grass:228,path:228,sky:229,window:229}",33.2196,success,,0.9502164502164502,0.9502164502164504,0.9497216790449872,0.2715311527246053,0.9957311207311208,
2026-07-07T10:38:33.884180+00:00,segment,36,self_training_lightgbm,2,500,1348,400,100,462,7,19,19,659.0,173.0,3.0,"{0: 174, 1: 130, 2: 106, 3: 127, 4: 178, 5: 233, 6: 111}",0.4888724035608308,0.9999969227638013,0.9999929966972352,0.999999921300984,,max_iter,,,,,,,,,,,,,,,stratified_labeled_val,7,True,71,72,"{brickface:264,cement:264,foliage:264,grass:264,path:264,sky:264,window:264}","{brickface:72,cement:72,foliage:72,grass:71,path:71,sky:71,window:71}","{brickface:14,cement:15,foliage:15,grass:14,path:14,sky:14,window:14}","{brickface:66,cement:66,foliage:66,grass:66,path:66,sky:66,window:66}","{brickface:192,cement:192,foliage:192,grass:193,path:193,sky:193,window:193}",39.979,success,,0.9696969696969696,0.9696969696969696,0.9696262692745298,0.1595330767011666,0.9984367484367486,
2026-07-07T10:39:13.873092+00:00,segment,36,self_training_catboost,0,50,1798,40,10,462,7,19,19,0.0,0.0,0.0,"{0: 6, 1: 5, 2: 6, 3: 6, 4: 6, 5: 6, 6: 5}",0.0,,,,,no_candidates,,,,,,,,,,,,,,,stratified_labeled_val,7,True,7,8,"{brickface:264,cement:264,foliage:264,grass:264,path:264,sky:264,window:264}","{brickface:8,cement:7,foliage:7,grass:7,path:7,sky:7,window:7}","{brickface:2,cement:2,foliage:1,grass:1,path:1,sky:1,window:2}","{brickface:66,cement:66,foliage:66,grass:66,path:66,sky:66,window:66}","{brickface:256,cement:257,foliage:257,grass:257,path:257,sky:257,window:257}",2.2655,success,,0.854978354978355,0.854978354978355,0.8514542882093962,0.8015617231402264,0.9854442695351786,
2026-07-07T10:39:20.187330+00:00,segment,36,self_training_catboost,0,250,1598,200,50,462,7,19,19,0.0,0.0,0.0,"{0: 28, 1: 29, 2: 29, 3: 29, 4: 29, 5: 28, 6: 28}",0.0,,,,,no_candidates,,,,,,,,,,,,,,,stratified_labeled_val,7,True,35,36,"{brickface:264,cement:264,foliage:264,grass:264,path:264,sky:264,window:264}","{brickface:36,cement:36,foliage:36,grass:36,path:36,sky:35,window:35}","{brickface:8,cement:7,foliage:7,grass:7,path:7,sky:7,window:7}","{brickface:66,cement:66,foliage:66,grass:66,path:66,sky:66,window:66}","{brickface:228,cement:228,foliage:228,grass:228,path:228,sky:229,window:229}",7.4929,success,,0.948051948051948,0.948051948051948,0.9483534138655588,0.2906081598146577,0.9954195636013816,
2026-07-07T10:39:27.686475+00:00,segment,36,self_training_catboost,0,500,1348,400,100,462,7,19,19,425.0,57.0,3.0,"{0: 58, 1: 57, 2: 57, 3: 221, 4: 171, 5: 204, 6: 57}",0.3152818991097922,0.9759069846924726,0.9700009499775264,0.985822435914348,,max_iter,,,,,,,,,,,,,,,stratified_labeled_val,7,True,71,72,"{brickface:264,cement:264,foliage:264,grass:264,path:264,sky:264,window:264}","{brickface:72,cement:72,foliage:72,grass:71,path:71,sky:71,window:71}","{brickface:14,cement:15,foliage:15,grass:14,path:14,sky:14,window:14}","{brickface:66,cement:66,foliage:66,grass:66,path:66,sky:66,window:66}","{brickface:192,cement:192,foliage:192,grass:193,path:193,sky:193,window:193}",17.339,success,,0.9588744588744588,0.958874458874459,0.9584534617425974,0.2099802638385369,0.9953867681140408,
2026-07-07T10:39:45.032282+00:00,segment,36,self_training_catboost,1,50,1798,40,10,462,7,19,19,0.0,0.0,0.0,"{0: 6, 1: 5, 2: 6, 3: 5, 4: 6, 5: 6, 6: 6}",0.0,,,,,no_candidates,,,,,,,,,,,,,,,stratified_labeled_val,7,True,7,8,"{brickface:264,cement:264,foliage:264,grass:264,path:264,sky:264,window:264}","{brickface:8,cement:7,foliage:7,grass:7,path:7,sky:7,window:7}","{brickface:2,cement:2,foliage:1,grass:2,path:1,sky:1,window:1}","{brickface:66,cement:66,foliage:66,grass:66,path:66,sky:66,window:66}","{brickface:256,cement:257,foliage:257,grass:257,path:257,sky:257,window:257}",2.0225,success,,0.8268398268398268,0.8268398268398267,0.8291198465975812,0.7791229829213218,0.973626962263326,
2026-07-07T10:39:47.061256+00:00,segment,36,self_training_catboost,1,100,1748,80,20,462,7,19,19,0.0,0.0,0.0,"{0: 12, 1: 12, 2: 11, 3: 11, 4: 11, 5: 12, 6: 11}",0.0,,,,,no_candidates,,,,,,,,,,,,,,,stratified_labeled_val,7,True,14,15,"{brickface:264,cement:264,foliage:264,grass:264,path:264,sky:264,window:264}","{brickface:15,cement:15,foliage:14,grass:14,path:14,sky:14,window:14}","{brickface:3,cement:3,foliage:3,grass:3,path:3,sky:2,window:3}","{brickface:66,cement:66,foliage:66,grass:66,path:66,sky:66,window:66}","{brickface:249,cement:249,foliage:250,grass:250,path:250,sky:250,window:250}",4.0776,success,,0.8636363636363636,0.8636363636363636,0.8594952207108278,0.5519747557726975,0.9850397918579736,
2026-07-07T10:39:51.149251+00:00,segment,36,self_training_catboost,1,250,1598,200,50,462,7,19,19,0.0,0.0,0.0,"{0: 29, 1: 29, 2: 28, 3: 29, 4: 29, 5: 28, 6: 28}",0.0,,,,,no_candidates,,,,,,,,,,,,,,,stratified_labeled_val,7,True,35,36,"{brickface:264,cement:264,foliage:264,grass:264,path:264,sky:264,window:264}","{brickface:36,cement:36,foliage:36,grass:36,path:36,sky:35,window:35}","{brickface:7,cement:7,foliage:8,grass:7,path:7,sky:7,window:7}","{brickface:66,cement:66,foliage:66,grass:66,path:66,sky:66,window:66}","{brickface:228,cement:228,foliage:228,grass:228,path:228,sky:229,window:229}",7.4319,success,,0.91991341991342,0.91991341991342,0.9197689369295848,0.3422471819695971,0.9919651056014692,
2026-07-07T10:39:58.587068+00:00,segment,36,self_training_catboost,1,500,1348,400,100,462,7,19,19,300.0,47.0,3.0,"{0: 57, 1: 58, 2: 57, 3: 209, 4: 62, 5: 200, 6: 57}",0.2225519287833827,0.9757842893101452,0.9700632252456692,0.98478604728896,,max_iter,,,,,,,,,,,,,,,stratified_labeled_val,7,True,71,72,"{brickface:264,cement:264,foliage:264,grass:264,path:264,sky:264,window:264}","{brickface:72,cement:72,foliage:72,grass:71,path:71,sky:71,window:71}","{brickface:15,cement:14,foliage:15,grass:14,path:14,sky:14,window:14}","{brickface:66,cement:66,foliage:66,grass:66,path:66,sky:66,window:66}","{brickface:192,cement:192,foliage:192,grass:193,path:193,sky:193,window:193}",15.7221,success,,0.9372294372294372,0.9372294372294372,0.93716910466181,0.2655690425722083,0.9952665179937908,
2026-07-07T10:40:14.314042+00:00,segment,36,self_training_catboost,2,50,1798,40,10,462,7,19,19,0.0,0.0,0.0,"{0: 6, 1: 6, 2: 5, 3: 5, 4: 6, 5: 6, 6: 6}",0.0,,,,,no_candidates,,,,,,,,,,,,,,,stratified_labeled_val,7,True,7,8,"{brickface:264,cement:264,foliage:264,grass:264,path:264,sky:264,window:264}","{brickface:8,cement:7,foliage:7,grass:7,path:7,sky:7,window:7}","{brickface:2,cement:1,foliage:2,grass:2,path:1,sky:1,window:1}","{brickface:66,cement:66,foliage:66,grass:66,path:66,sky:66,window:66}","{brickface:256,cement:257,foliage:257,grass:257,path:257,sky:257,window:257}",2.2062,success,,0.8376623376623377,0.8376623376623377,0.8300941718832382,0.8307283381557844,0.9763052603961696,
2026-07-07T10:40:16.535203+00:00,segment,36,self_training_catboost,2,100,1748,80,20,462,7,19,19,0.0,0.0,0.0,"{0: 12, 1: 12, 2: 12, 3: 11, 4: 11, 5: 11, 6: 11}",0.0,,,,,no_candidates,,,,,,,,,,,,,,,stratified_labeled_val,7,True,14,15,"{brickface:264,cement:264,foliage:264,grass:264,path:264,sky:264,window:264}","{brickface:15,cement:15,foliage:14,grass:14,path:14,sky:14,window:14}","{brickface:3,cement:3,foliage:2,grass:3,path:3,sky:3,window:3}","{brickface:66,cement:66,foliage:66,grass:66,path:66,sky:66,window:66}","{brickface:249,cement:249,foliage:250,grass:250,path:250,sky:250,window:250}",3.4509,success,,0.91991341991342,0.91991341991342,0.9160216554955516,0.5086192379723722,0.9891938869211596,
2026-07-07T10:40:19.992314+00:00,segment,36,self_training_catboost,2,250,1598,200,50,462,7,19,19,52.0,32.0,3.0,"{0: 29, 1: 29, 2: 28, 3: 42, 4: 29, 5: 67, 6: 28}",0.032540675844806,0.972565617670096,0.9701241822015542,0.9784161506621036,,max_iter,,,,,,,,,,,,,,,stratified_labeled_val,7,True,35,36,"{brickface:264,cement:264,foliage:264,grass:264,path:264,sky:264,window:264}","{brickface:36,cement:36,foliage:36,grass:36,path:36,sky:35,window:35}","{brickface:7,cement:7,foliage:8,grass:7,path:7,sky:7,window:7}","{brickface:66,cement:66,foliage:66,grass:66,path:66,sky:66,window:66}","{brickface:228,cement:228,foliage:228,grass:228,path:228,sky:229,window:229}",13.5993,success,,0.9437229437229436,0.9437229437229436,0.9430781631165032,0.2687905080949708,0.9964143600507236,
2026-07-07T10:40:33.599498+00:00,segment,36,self_training_catboost,2,500,1348,400,100,462,7,19,19,273.0,58.0,3.0,"{0: 58, 1: 57, 2: 57, 3: 194, 4: 78, 5: 172, 6: 57}",0.2025222551928783,0.974819763865164,0.9700125180642364,0.9841581090430344,,max_iter,,,,,,,,,,,,,,,stratified_labeled_val,7,True,71,72,"{brickface:264,cement:264,foliage:264,grass:264,path:264,sky:264,window:264}","{brickface:72,cement:72,foliage:72,grass:71,path:71,sky:71,window:71}","{brickface:14,cement:15,foliage:15,grass:14,path:14,sky:14,window:14}","{brickface:66,cement:66,foliage:66,grass:66,path:66,sky:66,window:66}","{brickface:192,cement:192,foliage:192,grass:193,path:193,sky:193,window:193}",15.9886,success,,0.971861471861472,0.971861471861472,0.971834023339278,0.1800928915503647,0.9983875552057372,
2026-07-07T10:40:49.593291+00:00,segment,36,rpl_lr,0,50,1798,40,10,462,7,19,19,,,,,,,,,,,,,,,,,,,,,,,,,stratified_labeled_val,7,True,7,8,"{brickface:264,cement:264,foliage:264,grass:264,path:264,sky:264,window:264}","{brickface:8,cement:7,foliage:7,grass:7,path:7,sky:7,window:7}","{brickface:2,cement:2,foliage:1,grass:1,path:1,sky:1,window:2}","{brickface:66,cement:66,foliage:66,grass:66,path:66,sky:66,window:66}","{brickface:256,cement:257,foliage:257,grass:257,path:257,sky:257,window:257}",0.2348,success,,0.7445887445887446,0.7445887445887446,0.7299940517724662,0.788123607635498,0.9395961782325418,
2026-07-07T10:40:49.834608+00:00,segment,36,rpl_lr,0,100,1748,80,20,462,7,19,19,,,,,,,,,,,,,,,,,,,,,,,,,stratified_labeled_val,7,True,14,15,"{brickface:264,cement:264,foliage:264,grass:264,path:264,sky:264,window:264}","{brickface:15,cement:15,foliage:14,grass:14,path:14,sky:14,window:14}","{brickface:3,cement:3,foliage:3,grass:3,path:2,sky:3,window:3}","{brickface:66,cement:66,foliage:66,grass:66,path:66,sky:66,window:66}","{brickface:249,cement:249,foliage:250,grass:250,path:250,sky:250,window:250}",0.2956,success,,0.8138528138528138,0.8138528138528137,0.7999462948028435,0.5683954358100891,0.972910927456382,
2026-07-07T10:40:50.136086+00:00,segment,36,rpl_lr,0,250,1598,200,50,462,7,19,19,,,,,,,,,,,,,,,,,,,,,,,,,stratified_labeled_val,7,True,35,36,"{brickface:264,cement:264,foliage:264,grass:264,path:264,sky:264,window:264}","{brickface:36,cement:36,foliage:36,grass:36,path:36,sky:35,window:35}","{brickface:8,cement:7,foliage:7,grass:7,path:7,sky:7,window:7}","{brickface:66,cement:66,foliage:66,grass:66,path:66,sky:66,window:66}","{brickface:228,cement:228,foliage:228,grass:228,path:228,sky:229,window:229}",0.3968,success,,0.8939393939393939,0.8939393939393939,0.8896734443930665,0.3559804856777191,0.9844932004022914,
2026-07-07T10:40:50.539158+00:00,segment,36,rpl_lr,0,500,1348,400,100,462,7,19,19,,,,,,,,,,,,,,,,,,,,,,,,,stratified_labeled_val,7,True,71,72,"{brickface:264,cement:264,foliage:264,grass:264,path:264,sky:264,window:264}","{brickface:72,cement:72,foliage:72,grass:71,path:71,sky:71,window:71}","{brickface:14,cement:15,foliage:15,grass:14,path:14,sky:14,window:14}","{brickface:66,cement:66,foliage:66,grass:66,path:66,sky:66,window:66}","{brickface:192,cement:192,foliage:192,grass:193,path:193,sky:193,window:193}",0.3725,success,,0.9090909090909092,0.9090909090909092,0.9077428459306428,0.303178995847702,0.987417464690192,
2026-07-07T10:40:50.919054+00:00,segment,36,rpl_lr,1,50,1798,40,10,462,7,19,19,,,,,,,,,,,,,,,,,,,,,,,,,stratified_labeled_val,7,True,7,8,"{brickface:264,cement:264,foliage:264,grass:264,path:264,sky:264,window:264}","{brickface:8,cement:7,foliage:7,grass:7,path:7,sky:7,window:7}","{brickface:2,cement:2,foliage:1,grass:2,path:1,sky:1,window:1}","{brickface:66,cement:66,foliage:66,grass:66,path:66,sky:66,window:66}","{brickface:256,cement:257,foliage:257,grass:257,path:257,sky:257,window:257}",0.2621,success,,0.7619047619047619,0.7619047619047619,0.7460325838063523,0.8603549599647522,0.953135248589794,
2026-07-07T10:40:51.188084+00:00,segment,36,rpl_lr,1,100,1748,80,20,462,7,19,19,,,,,,,,,,,,,,,,,,,,,,,,,stratified_labeled_val,7,True,14,15,"{brickface:264,cement:264,foliage:264,grass:264,path:264,sky:264,window:264}","{brickface:15,cement:15,foliage:14,grass:14,path:14,sky:14,window:14}","{brickface:3,cement:3,foliage:3,grass:3,path:3,sky:2,window:3}","{brickface:66,cement:66,foliage:66,grass:66,path:66,sky:66,window:66}","{brickface:249,cement:249,foliage:250,grass:250,path:250,sky:250,window:250}",0.3197,success,,0.79004329004329,0.79004329004329,0.7678561381046116,0.7781733870506287,0.960448642266824,
2026-07-07T10:40:51.513140+00:00,segment,36,rpl_lr,1,250,1598,200,50,462,7,19,19,,,,,,,,,,,,,,,,,,,,,,,,,stratified_labeled_val,7,True,35,36,"{brickface:264,cement:264,foliage:264,grass:264,path:264,sky:264,window:264}","{brickface:36,cement:36,foliage:36,grass:36,path:36,sky:35,window:35}","{brickface:7,cement:7,foliage:8,grass:7,path:7,sky:7,window:7}","{brickface:66,cement:66,foliage:66,grass:66,path:66,sky:66,window:66}","{brickface:228,cement:228,foliage:228,grass:228,path:228,sky:229,window:229}",0.289,success,,0.9025974025974026,0.9025974025974026,0.9039625417460526,0.421312004327774,0.977682670864489,
2026-07-07T10:40:51.807317+00:00,segment,36,rpl_lr,1,500,1348,400,100,462,7,19,19,,,,,,,,,,,,,,,,,,,,,,,,,stratified_labeled_val,7,True,71,72,"{brickface:264,cement:264,foliage:264,grass:264,path:264,sky:264,window:264}","{brickface:72,cement:72,foliage:72,grass:71,path:71,sky:71,window:71}","{brickface:15,cement:14,foliage:15,grass:14,path:14,sky:14,window:14}","{brickface:66,cement:66,foliage:66,grass:66,path:66,sky:66,window:66}","{brickface:192,cement:192,foliage:192,grass:193,path:193,sky:193,window:193}",0.3215,success,,0.9090909090909092,0.9090909090909092,0.9105229924221506,0.3297717273235321,0.9846134505225416,
2026-07-07T10:40:52.132101+00:00,segment,36,rpl_lr,2,50,1798,40,10,462,7,19,19,,,,,,,,,,,,,,,,,,,,,,,,,stratified_labeled_val,7,True,7,8,"{brickface:264,cement:264,foliage:264,grass:264,path:264,sky:264,window:264}","{brickface:8,cement:7,foliage:7,grass:7,path:7,sky:7,window:7}","{brickface:2,cement:1,foliage:2,grass:2,path:1,sky:1,window:1}","{brickface:66,cement:66,foliage:66,grass:66,path:66,sky:66,window:66}","{brickface:256,cement:257,foliage:257,grass:257,path:257,sky:257,window:257}",0.3132,success,,0.7186147186147186,0.7186147186147185,0.6967235395783872,0.8334000706672668,0.9440782281691372,
2026-07-07T10:40:52.455364+00:00,segment,36,rpl_lr,2,100,1748,80,20,462,7,19,19,,,,,,,,,,,,,,,,,,,,,,,,,stratified_labeled_val,7,True,14,15,"{brickface:264,cement:264,foliage:264,grass:264,path:264,sky:264,window:264}","{brickface:15,cement:15,foliage:14,grass:14,path:14,sky:14,window:14}","{brickface:3,cement:3,foliage:2,grass:3,path:3,sky:3,window:3}","{brickface:66,cement:66,foliage:66,grass:66,path:66,sky:66,window:66}","{brickface:249,cement:249,foliage:250,grass:250,path:250,sky:250,window:250}",0.2302,success,,0.8311688311688312,0.8311688311688312,0.8201389268120585,0.4784017503261566,0.9749333158424068,
2026-07-07T10:40:52.690186+00:00,segment,36,rpl_lr,2,250,1598,200,50,462,7,19,19,,,,,,,,,,,,,,,,,,,,,,,,,stratified_labeled_val,7,True,35,36,"{brickface:264,cement:264,foliage:264,grass:264,path:264,sky:264,window:264}","{brickface:36,cement:36,foliage:36,grass:36,path:36,sky:35,window:35}","{brickface:7,cement:7,foliage:8,grass:7,path:7,sky:7,window:7}","{brickface:66,cement:66,foliage:66,grass:66,path:66,sky:66,window:66}","{brickface:228,cement:228,foliage:228,grass:228,path:228,sky:229,window:229}",0.2861,success,,0.8961038961038961,0.8961038961038961,0.894346059347405,0.3069024384021759,0.9874994534085444,
2026-07-07T10:40:52.979994+00:00,segment,36,rpl_lr,2,500,1348,400,100,462,7,19,19,,,,,,,,,,,,,,,,,,,,,,,,,stratified_labeled_val,7,True,71,72,"{brickface:264,cement:264,foliage:264,grass:264,path:264,sky:264,window:264}","{brickface:72,cement:72,foliage:72,grass:71,path:71,sky:71,window:71}","{brickface:14,cement:15,foliage:15,grass:14,path:14,sky:14,window:14}","{brickface:66,cement:66,foliage:66,grass:66,path:66,sky:66,window:66}","{brickface:192,cement:192,foliage:192,grass:193,path:193,sky:193,window:193}",0.2697,success,,0.9242424242424242,0.9242424242424244,0.9241049793304112,0.2466063201427459,0.990456513183786,
2026-07-07T10:40:53.253432+00:00,segment,36,rpl_lite_xgboost,0,50,1798,40,10,462,7,19,19,878.0,230.0,3.0,"{0: 139, 2: 76, 5: 334, 4: 91, 3: 237, 1: 1}",0.4883203559510567,0.9663853697597572,,,0.3074758356962903,max_iter,,,,,,,,,,,,,,,stratified_labeled_val,7,True,7,8,"{brickface:264,cement:264,foliage:264,grass:264,path:264,sky:264,window:264}","{brickface:8,cement:7,foliage:7,grass:7,path:7,sky:7,window:7}","{brickface:2,cement:2,foliage:1,grass:1,path:1,sky:1,window:2}","{brickface:66,cement:66,foliage:66,grass:66,path:66,sky:66,window:66}","{brickface:256,cement:257,foliage:257,grass:257,path:257,sky:257,window:257}",15.9581,success,,0.6818181818181818,0.6818181818181817,0.6767216210495335,1.226481556892395,0.9119714460623553,
2026-07-07T10:41:09.221054+00:00,segment,36,rpl_lite_xgboost,0,100,1748,80,20,462,7,19,19,854.0,224.0,3.0,"{0: 179, 2: 130, 6: 40, 5: 168, 4: 109, 3: 218, 1: 10}",0.488558352402746,0.983015553314736,,,0.303491760528536,max_iter,,,,,,,,,,,,,,,stratified_labeled_val,7,True,14,15,"{brickface:264,cement:264,foliage:264,grass:264,path:264,sky:264,window:264}","{brickface:15,cement:15,foliage:14,grass:14,path:14,sky:14,window:14}","{brickface:3,cement:3,foliage:3,grass:3,path:2,sky:3,window:3}","{brickface:66,cement:66,foliage:66,grass:66,path:66,sky:66,window:66}","{brickface:249,cement:249,foliage:250,grass:250,path:250,sky:250,window:250}",16.5572,success,,0.8528138528138528,0.8528138528138528,0.8528623286393328,0.5557241439819336,0.9724135292317112,
2026-07-07T10:41:25.787713+00:00,segment,36,rpl_lite_xgboost,0,250,1598,200,50,462,7,19,19,781.0,205.0,3.0,"{0: 154, 2: 121, 6: 24, 4: 153, 3: 215, 5: 81, 1: 33}",0.4887359198998748,0.9925933382575246,,,0.2934849720061654,max_iter,,,,,,,,,,,,,,,stratified_labeled_val,7,True,35,36,"{brickface:264,cement:264,foliage:264,grass:264,path:264,sky:264,window:264}","{brickface:36,cement:36,foliage:36,grass:36,path:36,sky:35,window:35}","{brickface:8,cement:7,foliage:7,grass:7,path:7,sky:7,window:7}","{brickface:66,cement:66,foliage:66,grass:66,path:66,sky:66,window:66}","{brickface:228,cement:228,foliage:228,grass:228,path:228,sky:229,window:229}",20.5926,success,,0.9264069264069263,0.9264069264069262,0.9273054884047248,0.2445873916149139,0.992713935895754,
2026-07-07T10:41:46.390458+00:00,segment,36,rpl_lite_xgboost,0,500,1348,400,100,462,7,19,19,659.0,173.0,3.0,"{6: 53, 0: 153, 2: 87, 4: 114, 1: 45, 3: 74, 5: 133}",0.4888724035608308,0.9961218469421492,,,0.342906459724062,max_iter,,,,,,,,,,,,,,,stratified_labeled_val,7,True,71,72,"{brickface:264,cement:264,foliage:264,grass:264,path:264,sky:264,window:264}","{brickface:72,cement:72,foliage:72,grass:71,path:71,sky:71,window:71}","{brickface:14,cement:15,foliage:15,grass:14,path:14,sky:14,window:14}","{brickface:66,cement:66,foliage:66,grass:66,path:66,sky:66,window:66}","{brickface:192,cement:192,foliage:192,grass:193,path:193,sky:193,window:193}",25.1869,success,,0.9502164502164502,0.9502164502164502,0.9498328701675152,0.1326524466276168,0.9975676680222136,
2026-07-07T10:42:11.587447+00:00,segment,36,rpl_lite_xgboost,1,50,1798,40,10,462,7,19,19,878.0,230.0,3.0,"{6: 102, 2: 191, 0: 110, 5: 232, 4: 12, 3: 227, 1: 4}",0.4883203559510567,0.9712865094660628,,,0.3077878028023517,max_iter,,,,,,,,,,,,,,,stratified_labeled_val,7,True,7,8,"{brickface:264,cement:264,foliage:264,grass:264,path:264,sky:264,window:264}","{brickface:8,cement:7,foliage:7,grass:7,path:7,sky:7,window:7}","{brickface:2,cement:2,foliage:1,grass:2,path:1,sky:1,window:1}","{brickface:66,cement:66,foliage:66,grass:66,path:66,sky:66,window:66}","{brickface:256,cement:257,foliage:257,grass:257,path:257,sky:257,window:257}",15.6278,success,,0.7056277056277056,0.7056277056277056,0.6853575265801517,0.9780330061912536,0.9385795181249728,
2026-07-07T10:42:27.229927+00:00,segment,36,rpl_lite_xgboost,1,100,1748,80,20,462,7,19,19,854.0,224.0,3.0,"{6: 53, 4: 123, 0: 150, 2: 96, 5: 208, 3: 207, 1: 17}",0.488558352402746,0.9858047542024831,,,0.3040043693918498,max_iter,,,,,,,,,,,,,,,stratified_labeled_val,7,True,14,15,"{brickface:264,cement:264,foliage:264,grass:264,path:264,sky:264,window:264}","{brickface:15,cement:15,foliage:14,grass:14,path:14,sky:14,window:14}","{brickface:3,cement:3,foliage:3,grass:3,path:3,sky:2,window:3}","{brickface:66,cement:66,foliage:66,grass:66,path:66,sky:66,window:66}","{brickface:249,cement:249,foliage:250,grass:250,path:250,sky:250,window:250}",17.3678,success,,0.8636363636363636,0.8636363636363635,0.8642753254657798,0.5420252680778503,0.9715717783899602,
2026-07-07T10:42:44.607020+00:00,segment,36,rpl_lite_xgboost,1,250,1598,200,50,462,7,19,19,781.0,205.0,3.0,"{0: 145, 2: 124, 4: 114, 5: 116, 3: 204, 6: 37, 1: 41}",0.4887359198998748,0.9932938693580188,,,0.3096767477521143,max_iter,,,,,,,,,,,,,,,stratified_labeled_val,7,True,35,36,"{brickface:264,cement:264,foliage:264,grass:264,path:264,sky:264,window:264}","{brickface:36,cement:36,foliage:36,grass:36,path:36,sky:35,window:35}","{brickface:7,cement:7,foliage:8,grass:7,path:7,sky:7,window:7}","{brickface:66,cement:66,foliage:66,grass:66,path:66,sky:66,window:66}","{brickface:228,cement:228,foliage:228,grass:228,path:228,sky:229,window:229}",22.0665,success,,0.9090909090909092,0.9090909090909092,0.9091506045168908,0.3091384172439575,0.9901558878831608,
2026-07-07T10:43:06.683813+00:00,segment,36,rpl_lite_xgboost,1,500,1348,400,100,462,7,19,19,659.0,173.0,3.0,"{2: 98, 0: 107, 4: 94, 5: 142, 3: 150, 6: 24, 1: 44}",0.4888724035608308,0.9961141982823836,,,0.3138420785503204,max_iter,,,,,,,,,,,,,,,stratified_labeled_val,7,True,71,72,"{brickface:264,cement:264,foliage:264,grass:264,path:264,sky:264,window:264}","{brickface:72,cement:72,foliage:72,grass:71,path:71,sky:71,window:71}","{brickface:15,cement:14,foliage:15,grass:14,path:14,sky:14,window:14}","{brickface:66,cement:66,foliage:66,grass:66,path:66,sky:66,window:66}","{brickface:192,cement:192,foliage:192,grass:193,path:193,sky:193,window:193}",24.7909,success,,0.945887445887446,0.945887445887446,0.9462906010782548,0.1837071180343628,0.996616598889326,
2026-07-07T10:43:31.484990+00:00,segment,36,rpl_lite_xgboost,2,50,1798,40,10,462,7,19,19,878.0,230.0,3.0,"{0: 189, 2: 40, 5: 233, 4: 199, 6: 2, 3: 213, 1: 2}",0.4883203559510567,0.9684640229562964,,,0.3362568263700305,max_iter,,,,,,,,,,,,,,,stratified_labeled_val,7,True,7,8,"{brickface:264,cement:264,foliage:264,grass:264,path:264,sky:264,window:264}","{brickface:8,cement:7,foliage:7,grass:7,path:7,sky:7,window:7}","{brickface:2,cement:1,foliage:2,grass:2,path:1,sky:1,window:1}","{brickface:66,cement:66,foliage:66,grass:66,path:66,sky:66,window:66}","{brickface:256,cement:257,foliage:257,grass:257,path:257,sky:257,window:257}",19.471,success,,0.803030303030303,0.803030303030303,0.785478745825088,0.7696587443351746,0.9568138090865362,
2026-07-07T10:43:50.965013+00:00,segment,36,rpl_lite_xgboost,2,100,1748,80,20,462,7,19,19,854.0,224.0,3.0,"{0: 186, 2: 103, 6: 8, 5: 227, 4: 88, 3: 209, 1: 33}",0.488558352402746,0.983239188755424,,,0.3334132317049847,max_iter,,,,,,,,,,,,,,,stratified_labeled_val,7,True,14,15,"{brickface:264,cement:264,foliage:264,grass:264,path:264,sky:264,window:264}","{brickface:15,cement:15,foliage:14,grass:14,path:14,sky:14,window:14}","{brickface:3,cement:3,foliage:2,grass:3,path:3,sky:3,window:3}","{brickface:66,cement:66,foliage:66,grass:66,path:66,sky:66,window:66}","{brickface:249,cement:249,foliage:250,grass:250,path:250,sky:250,window:250}",21.1388,success,,0.8852813852813853,0.8852813852813853,0.8833164839146883,0.4201972484588623,0.984722768813678,
2026-07-07T10:44:12.119282+00:00,segment,36,rpl_lite_xgboost,2,250,1598,200,50,462,7,19,19,781.0,205.0,3.0,"{0: 163, 2: 66, 6: 48, 4: 169, 5: 145, 3: 157, 1: 33}",0.4887359198998748,0.99297887193714,,,0.3441984726249801,max_iter,,,,,,,,,,,,,,,stratified_labeled_val,7,True,35,36,"{brickface:264,cement:264,foliage:264,grass:264,path:264,sky:264,window:264}","{brickface:36,cement:36,foliage:36,grass:36,path:36,sky:35,window:35}","{brickface:7,cement:7,foliage:8,grass:7,path:7,sky:7,window:7}","{brickface:66,cement:66,foliage:66,grass:66,path:66,sky:66,window:66}","{brickface:228,cement:228,foliage:228,grass:228,path:228,sky:229,window:229}",21.2336,success,,0.9112554112554112,0.9112554112554112,0.912382381663898,0.2511838674545288,0.9934518343609252,
2026-07-07T10:44:33.362322+00:00,segment,36,rpl_lite_xgboost,2,500,1348,400,100,462,7,19,19,659.0,173.0,3.0,"{0: 127, 6: 58, 2: 65, 4: 129, 5: 180, 1: 80, 3: 20}",0.4888724035608308,0.9959651647822448,,,0.3528777930813367,max_iter,,,,,,,,,,,,,,,stratified_labeled_val,7,True,71,72,"{brickface:264,cement:264,foliage:264,grass:264,path:264,sky:264,window:264}","{brickface:72,cement:72,foliage:72,grass:71,path:71,sky:71,window:71}","{brickface:14,cement:15,foliage:15,grass:14,path:14,sky:14,window:14}","{brickface:66,cement:66,foliage:66,grass:66,path:66,sky:66,window:66}","{brickface:192,cement:192,foliage:192,grass:193,path:193,sky:193,window:193}",22.6795,success,,0.9588744588744588,0.9588744588744588,0.9588737077458882,0.1266495436429977,0.9978737592373956,
2026-07-07T10:44:56.051369+00:00,segment,36,sslae,0,50,1798,40,10,462,7,19,19,,,,,,,,,,,,,,,sslae,style_baseline,supervised_autoencoder,18.0,28.0,,,0.8849027752876282,0.4006731212139129,internal_stratified_val,stratified_labeled_val,7,True,7,8,"{brickface:264,cement:264,foliage:264,grass:264,path:264,sky:264,window:264}","{brickface:8,cement:7,foliage:7,grass:7,path:7,sky:7,window:7}","{brickface:2,cement:2,foliage:1,grass:1,path:1,sky:1,window:2}","{brickface:66,cement:66,foliage:66,grass:66,path:66,sky:66,window:66}","{brickface:256,cement:257,foliage:257,grass:257,path:257,sky:257,window:257}",11.8825,success,,0.7380952380952381,0.738095238095238,0.6963481599064202,0.7947366750855108,0.9424275219729764,
2026-07-07T10:45:07.940810+00:00,segment,36,sslae,0,100,1748,80,20,462,7,19,19,,,,,,,,,,,,,,,sslae,style_baseline,supervised_autoencoder,78.0,88.0,,,0.2511398196220398,0.0713407397270202,internal_stratified_val,stratified_labeled_val,7,True,14,15,"{brickface:264,cement:264,foliage:264,grass:264,path:264,sky:264,window:264}","{brickface:15,cement:15,foliage:14,grass:14,path:14,sky:14,window:14}","{brickface:3,cement:3,foliage:3,grass:3,path:2,sky:3,window:3}","{brickface:66,cement:66,foliage:66,grass:66,path:66,sky:66,window:66}","{brickface:249,cement:249,foliage:250,grass:250,path:250,sky:250,window:250}",13.8756,success,,0.8506493506493507,0.8506493506493508,0.847947867408429,0.6418232121035669,0.9682266386811842,
2026-07-07T10:45:21.823467+00:00,segment,36,sslae,0,250,1598,200,50,462,7,19,19,,,,,,,,,,,,,,,sslae,style_baseline,supervised_autoencoder,70.0,80.0,,,0.1659405380487442,0.124121680855751,internal_stratified_val,stratified_labeled_val,7,True,35,36,"{brickface:264,cement:264,foliage:264,grass:264,path:264,sky:264,window:264}","{brickface:36,cement:36,foliage:36,grass:36,path:36,sky:35,window:35}","{brickface:8,cement:7,foliage:7,grass:7,path:7,sky:7,window:7}","{brickface:66,cement:66,foliage:66,grass:66,path:66,sky:66,window:66}","{brickface:228,cement:228,foliage:228,grass:228,path:228,sky:229,window:229}",14.1224,success,,0.9242424242424242,0.9242424242424242,0.9234244864911696,0.3403079864546409,0.9845369277187458,
2026-07-07T10:45:35.952253+00:00,segment,36,sslae,0,500,1348,400,100,462,7,19,19,,,,,,,,,,,,,,,sslae,style_baseline,supervised_autoencoder,30.0,40.0,,,0.2814870476722717,0.2386016771197319,internal_stratified_val,stratified_labeled_val,7,True,71,72,"{brickface:264,cement:264,foliage:264,grass:264,path:264,sky:264,window:264}","{brickface:72,cement:72,foliage:72,grass:71,path:71,sky:71,window:71}","{brickface:14,cement:15,foliage:15,grass:14,path:14,sky:14,window:14}","{brickface:66,cement:66,foliage:66,grass:66,path:66,sky:66,window:66}","{brickface:192,cement:192,foliage:192,grass:193,path:193,sky:193,window:193}",9.4636,success,,0.8939393939393939,0.8939393939393939,0.8917624755638798,0.3080683171855086,0.988319340592068,
2026-07-07T10:45:45.460869+00:00,segment,36,sslae,1,50,1798,40,10,462,7,19,19,,,,,,,,,,,,,,,sslae,style_baseline,supervised_autoencoder,3.0,13.0,,,1.736695408821106,0.875609815120697,internal_stratified_val,stratified_labeled_val,7,True,7,8,"{brickface:264,cement:264,foliage:264,grass:264,path:264,sky:264,window:264}","{brickface:8,cement:7,foliage:7,grass:7,path:7,sky:7,window:7}","{brickface:2,cement:2,foliage:1,grass:2,path:1,sky:1,window:1}","{brickface:66,cement:66,foliage:66,grass:66,path:66,sky:66,window:66}","{brickface:256,cement:257,foliage:257,grass:257,path:257,sky:257,window:257}",3.1701,success,,0.3917748917748918,0.3917748917748917,0.2617575531924809,1.604141365063158,0.8929008701735973,
2026-07-07T10:45:48.639153+00:00,segment,36,sslae,1,100,1748,80,20,462,7,19,19,,,,,,,,,,,,,,,sslae,style_baseline,supervised_autoencoder,93.0,100.0,,,0.2199105322360992,0.1201425939798355,internal_stratified_val,stratified_labeled_val,7,True,14,15,"{brickface:264,cement:264,foliage:264,grass:264,path:264,sky:264,window:264}","{brickface:15,cement:15,foliage:14,grass:14,path:14,sky:14,window:14}","{brickface:3,cement:3,foliage:3,grass:3,path:3,sky:2,window:3}","{brickface:66,cement:66,foliage:66,grass:66,path:66,sky:66,window:66}","{brickface:249,cement:249,foliage:250,grass:250,path:250,sky:250,window:250}",25.3593,success,,0.803030303030303,0.803030303030303,0.7945063188089089,0.7861865470868293,0.9605415628142902,
2026-07-07T10:46:14.009168+00:00,segment,36,sslae,1,250,1598,200,50,462,7,19,19,,,,,,,,,,,,,,,sslae,style_baseline,supervised_autoencoder,71.0,81.0,,,0.284573495388031,0.1392462402582168,internal_stratified_val,stratified_labeled_val,7,True,35,36,"{brickface:264,cement:264,foliage:264,grass:264,path:264,sky:264,window:264}","{brickface:36,cement:36,foliage:36,grass:36,path:36,sky:35,window:35}","{brickface:7,cement:7,foliage:8,grass:7,path:7,sky:7,window:7}","{brickface:66,cement:66,foliage:66,grass:66,path:66,sky:66,window:66}","{brickface:228,cement:228,foliage:228,grass:228,path:228,sky:229,window:229}",14.1366,success,,0.9069264069264068,0.9069264069264068,0.9066105316681272,0.3397197309128517,0.984717302899121,
2026-07-07T10:46:28.152860+00:00,segment,36,sslae,1,500,1348,400,100,462,7,19,19,,,,,,,,,,,,,,,sslae,style_baseline,supervised_autoencoder,51.0,61.0,,,0.1849536001682281,0.188260369002819,internal_stratified_val,stratified_labeled_val,7,True,71,72,"{brickface:264,cement:264,foliage:264,grass:264,path:264,sky:264,window:264}","{brickface:72,cement:72,foliage:72,grass:71,path:71,sky:71,window:71}","{brickface:15,cement:14,foliage:15,grass:14,path:14,sky:14,window:14}","{brickface:66,cement:66,foliage:66,grass:66,path:66,sky:66,window:66}","{brickface:192,cement:192,foliage:192,grass:193,path:193,sky:193,window:193}",12.6135,success,,0.9090909090909092,0.9090909090909092,0.9109986608131536,0.2871783561332405,0.988685556867375,
2026-07-07T10:46:40.808002+00:00,segment,36,sslae,2,50,1798,40,10,462,7,19,19,,,,,,,,,,,,,,,sslae,style_baseline,supervised_autoencoder,26.0,36.0,,,0.6372339725494385,0.2181735038757324,internal_stratified_val,stratified_labeled_val,7,True,7,8,"{brickface:264,cement:264,foliage:264,grass:264,path:264,sky:264,window:264}","{brickface:8,cement:7,foliage:7,grass:7,path:7,sky:7,window:7}","{brickface:2,cement:1,foliage:2,grass:2,path:1,sky:1,window:1}","{brickface:66,cement:66,foliage:66,grass:66,path:66,sky:66,window:66}","{brickface:256,cement:257,foliage:257,grass:257,path:257,sky:257,window:257}",8.2996,success,,0.7445887445887446,0.7445887445887445,0.7403128035613727,0.7115224612632408,0.9450128995583542,
2026-07-07T10:46:49.114252+00:00,segment,36,sslae,2,100,1748,80,20,462,7,19,19,,,,,,,,,,,,,,,sslae,style_baseline,supervised_autoencoder,39.0,49.0,,,0.5344929099082947,0.1550843268632888,internal_stratified_val,stratified_labeled_val,7,True,14,15,"{brickface:264,cement:264,foliage:264,grass:264,path:264,sky:264,window:264}","{brickface:15,cement:15,foliage:14,grass:14,path:14,sky:14,window:14}","{brickface:3,cement:3,foliage:2,grass:3,path:3,sky:3,window:3}","{brickface:66,cement:66,foliage:66,grass:66,path:66,sky:66,window:66}","{brickface:249,cement:249,foliage:250,grass:250,path:250,sky:250,window:250}",10.5466,success,,0.854978354978355,0.854978354978355,0.8489862413724927,0.4693892885171157,0.9727797455070184,
2026-07-07T10:46:59.667799+00:00,segment,36,sslae,2,250,1598,200,50,462,7,19,19,,,,,,,,,,,,,,,sslae,style_baseline,supervised_autoencoder,59.0,69.0,,,0.2389539927244186,0.1684188991785049,internal_stratified_val,stratified_labeled_val,7,True,35,36,"{brickface:264,cement:264,foliage:264,grass:264,path:264,sky:264,window:264}","{brickface:36,cement:36,foliage:36,grass:36,path:36,sky:35,window:35}","{brickface:7,cement:7,foliage:8,grass:7,path:7,sky:7,window:7}","{brickface:66,cement:66,foliage:66,grass:66,path:66,sky:66,window:66}","{brickface:228,cement:228,foliage:228,grass:228,path:228,sky:229,window:229}",13.928,success,,0.9155844155844156,0.9155844155844156,0.9119130100360195,0.270819904527742,0.9897076828895012,
2026-07-07T10:47:13.637709+00:00,segment,36,sslae,2,500,1348,400,100,462,7,19,19,,,,,,,,,,,,,,,sslae,style_baseline,supervised_autoencoder,97.0,100.0,,,0.0988772436976432,0.1255969256162643,internal_stratified_val,stratified_labeled_val,7,True,71,72,"{brickface:264,cement:264,foliage:264,grass:264,path:264,sky:264,window:264}","{brickface:72,cement:72,foliage:72,grass:71,path:71,sky:71,window:71}","{brickface:14,cement:15,foliage:15,grass:14,path:14,sky:14,window:14}","{brickface:66,cement:66,foliage:66,grass:66,path:66,sky:66,window:66}","{brickface:192,cement:192,foliage:192,grass:193,path:193,sky:193,window:193}",16.7431,success,,0.9588744588744588,0.9588744588744588,0.9589386253118908,0.1646550488749098,0.9964908828545193,
2026-07-07T10:47:30.389414+00:00,segment,36,scarf,0,50,1798,40,10,462,7,19,19,,,,,,,,,,,,,,,scarf,paper_faithful_core,SCARF,57.0,67.0,50.0,67.0,0.8312256932258606,0.1290293931961059,internal_stratified_val,stratified_labeled_val,7,True,7,8,"{brickface:264,cement:264,foliage:264,grass:264,path:264,sky:264,window:264}","{brickface:8,cement:7,foliage:7,grass:7,path:7,sky:7,window:7}","{brickface:2,cement:2,foliage:1,grass:1,path:1,sky:1,window:2}","{brickface:66,cement:66,foliage:66,grass:66,path:66,sky:66,window:66}","{brickface:256,cement:257,foliage:257,grass:257,path:257,sky:257,window:257}",21.9006,success,,0.8138528138528138,0.8138528138528139,0.8037300829292577,0.6070759029480146,0.9592188114915388,
2026-07-07T10:47:52.296774+00:00,segment,36,scarf,0,100,1748,80,20,462,7,19,19,,,,,,,,,,,,,,,scarf,paper_faithful_core,SCARF,70.0,80.0,50.0,80.0,0.5306333303451538,0.0911201983690261,internal_stratified_val,stratified_labeled_val,7,True,14,15,"{brickface:264,cement:264,foliage:264,grass:264,path:264,sky:264,window:264}","{brickface:15,cement:15,foliage:14,grass:14,path:14,sky:14,window:14}","{brickface:3,cement:3,foliage:3,grass:3,path:2,sky:3,window:3}","{brickface:66,cement:66,foliage:66,grass:66,path:66,sky:66,window:66}","{brickface:249,cement:249,foliage:250,grass:250,path:250,sky:250,window:250}",24.126,success,,0.8874458874458875,0.8874458874458874,0.8851641631004737,0.5743907435832832,0.9674887402160128,
2026-07-07T10:48:16.428825+00:00,segment,36,scarf,0,250,1598,200,50,462,7,19,19,,,,,,,,,,,,,,,scarf,paper_faithful_core,SCARF,75.0,85.0,50.0,85.0,0.2443699836730957,0.1430151164531707,internal_stratified_val,stratified_labeled_val,7,True,35,36,"{brickface:264,cement:264,foliage:264,grass:264,path:264,sky:264,window:264}","{brickface:36,cement:36,foliage:36,grass:36,path:36,sky:35,window:35}","{brickface:8,cement:7,foliage:7,grass:7,path:7,sky:7,window:7}","{brickface:66,cement:66,foliage:66,grass:66,path:66,sky:66,window:66}","{brickface:228,cement:228,foliage:228,grass:228,path:228,sky:229,window:229}",24.5062,success,,0.9004329004329005,0.9004329004329004,0.8988022640891834,0.3935545388927016,0.9830993921903012,
2026-07-07T10:48:40.941692+00:00,segment,36,scarf,0,500,1348,400,100,462,7,19,19,,,,,,,,,,,,,,,scarf,paper_faithful_core,SCARF,93.0,100.0,50.0,100.0,0.1200911030173301,0.0740506574511528,internal_stratified_val,stratified_labeled_val,7,True,71,72,"{brickface:264,cement:264,foliage:264,grass:264,path:264,sky:264,window:264}","{brickface:72,cement:72,foliage:72,grass:71,path:71,sky:71,window:71}","{brickface:14,cement:15,foliage:15,grass:14,path:14,sky:14,window:14}","{brickface:66,cement:66,foliage:66,grass:66,path:66,sky:66,window:66}","{brickface:192,cement:192,foliage:192,grass:193,path:193,sky:193,window:193}",17.841,success,,0.9285714285714286,0.9285714285714286,0.9275427327389412,0.2457848646522388,0.9918612532248896,
2026-07-07T10:48:58.789165+00:00,segment,36,scarf,1,50,1798,40,10,462,7,19,19,,,,,,,,,,,,,,,scarf,paper_faithful_core,SCARF,8.0,18.0,50.0,18.0,1.8847085237503047,1.0374281406402588,internal_stratified_val,stratified_labeled_val,7,True,7,8,"{brickface:264,cement:264,foliage:264,grass:264,path:264,sky:264,window:264}","{brickface:8,cement:7,foliage:7,grass:7,path:7,sky:7,window:7}","{brickface:2,cement:2,foliage:1,grass:2,path:1,sky:1,window:1}","{brickface:66,cement:66,foliage:66,grass:66,path:66,sky:66,window:66}","{brickface:256,cement:257,foliage:257,grass:257,path:257,sky:257,window:257}",19.74,success,,0.564935064935065,0.5649350649350648,0.5137513825706593,1.5796280742083808,0.9033025055752328,
2026-07-07T10:49:18.535447+00:00,segment,36,scarf,1,100,1748,80,20,462,7,19,19,,,,,,,,,,,,,,,scarf,paper_faithful_core,SCARF,88.0,98.0,50.0,98.0,0.2399808764457702,0.0674658492207527,internal_stratified_val,stratified_labeled_val,7,True,14,15,"{brickface:264,cement:264,foliage:264,grass:264,path:264,sky:264,window:264}","{brickface:15,cement:15,foliage:14,grass:14,path:14,sky:14,window:14}","{brickface:3,cement:3,foliage:3,grass:3,path:3,sky:2,window:3}","{brickface:66,cement:66,foliage:66,grass:66,path:66,sky:66,window:66}","{brickface:249,cement:249,foliage:250,grass:250,path:250,sky:250,window:250}",18.3947,success,,0.8398268398268398,0.8398268398268398,0.8344779621475961,0.5951149548120607,0.969035594035594,
2026-07-07T10:49:36.936023+00:00,segment,36,scarf,1,250,1598,200,50,462,7,19,19,,,,,,,,,,,,,,,scarf,paper_faithful_core,SCARF,95.0,100.0,50.0,100.0,0.2377090156078338,0.1014250144362449,internal_stratified_val,stratified_labeled_val,7,True,35,36,"{brickface:264,cement:264,foliage:264,grass:264,path:264,sky:264,window:264}","{brickface:36,cement:36,foliage:36,grass:36,path:36,sky:35,window:35}","{brickface:7,cement:7,foliage:8,grass:7,path:7,sky:7,window:7}","{brickface:66,cement:66,foliage:66,grass:66,path:66,sky:66,window:66}","{brickface:228,cement:228,foliage:228,grass:228,path:228,sky:229,window:229}",15.4379,success,,0.8961038961038961,0.8961038961038962,0.8975203162373623,0.3504554884852308,0.9837334382788928,
2026-07-07T10:49:52.380186+00:00,segment,36,scarf,1,500,1348,400,100,462,7,19,19,,,,,,,,,,,,,,,scarf,paper_faithful_core,SCARF,54.0,64.0,50.0,64.0,0.1632655411958694,0.1394256949424743,internal_stratified_val,stratified_labeled_val,7,True,71,72,"{brickface:264,cement:264,foliage:264,grass:264,path:264,sky:264,window:264}","{brickface:72,cement:72,foliage:72,grass:71,path:71,sky:71,window:71}","{brickface:15,cement:14,foliage:15,grass:14,path:14,sky:14,window:14}","{brickface:66,cement:66,foliage:66,grass:66,path:66,sky:66,window:66}","{brickface:192,cement:192,foliage:192,grass:193,path:193,sky:193,window:193}",18.8933,success,,0.9047619047619048,0.9047619047619048,0.9067410127339876,0.2713562928015821,0.989833398924308,
2026-07-07T10:50:11.280736+00:00,segment,36,scarf,2,50,1798,40,10,462,7,19,19,,,,,,,,,,,,,,,scarf,paper_faithful_core,SCARF,40.0,50.0,50.0,50.0,0.7850435972213745,0.2760040163993835,internal_stratified_val,stratified_labeled_val,7,True,7,8,"{brickface:264,cement:264,foliage:264,grass:264,path:264,sky:264,window:264}","{brickface:8,cement:7,foliage:7,grass:7,path:7,sky:7,window:7}","{brickface:2,cement:1,foliage:2,grass:2,path:1,sky:1,window:1}","{brickface:66,cement:66,foliage:66,grass:66,path:66,sky:66,window:66}","{brickface:256,cement:257,foliage:257,grass:257,path:257,sky:257,window:257}",21.6331,success,,0.7402597402597403,0.7402597402597403,0.7339876337367984,0.6718347117868118,0.9566443657352748,
2026-07-07T10:50:32.920609+00:00,segment,36,scarf,2,100,1748,80,20,462,7,19,19,,,,,,,,,,,,,,,scarf,paper_faithful_core,SCARF,62.0,72.0,50.0,72.0,0.6305522918701172,0.1735977828502655,internal_stratified_val,stratified_labeled_val,7,True,14,15,"{brickface:264,cement:264,foliage:264,grass:264,path:264,sky:264,window:264}","{brickface:15,cement:15,foliage:14,grass:14,path:14,sky:14,window:14}","{brickface:3,cement:3,foliage:2,grass:3,path:3,sky:3,window:3}","{brickface:66,cement:66,foliage:66,grass:66,path:66,sky:66,window:66}","{brickface:249,cement:249,foliage:250,grass:250,path:250,sky:250,window:250}",21.6671,success,,0.8528138528138528,0.8528138528138528,0.8440435334976575,0.4229281488239168,0.9781582054309328,
2026-07-07T10:50:54.594268+00:00,segment,36,scarf,2,250,1598,200,50,462,7,19,19,,,,,,,,,,,,,,,scarf,paper_faithful_core,SCARF,92.0,100.0,50.0,100.0,0.2675696015357971,0.1352275311946869,internal_stratified_val,stratified_labeled_val,7,True,35,36,"{brickface:264,cement:264,foliage:264,grass:264,path:264,sky:264,window:264}","{brickface:36,cement:36,foliage:36,grass:36,path:36,sky:35,window:35}","{brickface:7,cement:7,foliage:8,grass:7,path:7,sky:7,window:7}","{brickface:66,cement:66,foliage:66,grass:66,path:66,sky:66,window:66}","{brickface:228,cement:228,foliage:228,grass:228,path:228,sky:229,window:229}",23.5422,success,,0.9025974025974026,0.9025974025974028,0.8991657514638364,0.2686085992504921,0.9895601031964668,
2026-07-07T10:51:18.143350+00:00,segment,36,scarf,2,500,1348,400,100,462,7,19,19,,,,,,,,,,,,,,,scarf,paper_faithful_core,SCARF,87.0,97.0,50.0,97.0,0.1378036439418792,0.117425262928009,internal_stratified_val,stratified_labeled_val,7,True,71,72,"{brickface:264,cement:264,foliage:264,grass:264,path:264,sky:264,window:264}","{brickface:72,cement:72,foliage:72,grass:71,path:71,sky:71,window:71}","{brickface:14,cement:15,foliage:15,grass:14,path:14,sky:14,window:14}","{brickface:66,cement:66,foliage:66,grass:66,path:66,sky:66,window:66}","{brickface:192,cement:192,foliage:192,grass:193,path:193,sky:193,window:193}",24.4851,success,,0.9372294372294372,0.9372294372294372,0.9363671585707344,0.1719722266198323,0.9960536096899733,
2026-07-07T10:51:42.638268+00:00,segment,36,vime,0,50,1798,40,10,462,7,19,19,,,,,,,,,,,,,,,vime,paper_faithful_core,VIME,37.0,47.0,50.0,47.0,0.9334975481033324,0.3420312702655792,internal_stratified_val,stratified_labeled_val,7,True,7,8,"{brickface:264,cement:264,foliage:264,grass:264,path:264,sky:264,window:264}","{brickface:8,cement:7,foliage:7,grass:7,path:7,sky:7,window:7}","{brickface:2,cement:2,foliage:1,grass:1,path:1,sky:1,window:2}","{brickface:66,cement:66,foliage:66,grass:66,path:66,sky:66,window:66}","{brickface:256,cement:257,foliage:257,grass:257,path:257,sky:257,window:257}",17.8635,success,,0.7294372294372294,0.7294372294372293,0.6797408276281516,0.7724664031383429,0.9431380908653636,
2026-07-07T10:52:00.543019+00:00,segment,36,vime,0,100,1748,80,20,462,7,19,19,,,,,,,,,,,,,,,vime,paper_faithful_core,VIME,87.0,97.0,50.0,97.0,0.4774232804775238,0.0879186019301414,internal_stratified_val,stratified_labeled_val,7,True,14,15,"{brickface:264,cement:264,foliage:264,grass:264,path:264,sky:264,window:264}","{brickface:15,cement:15,foliage:14,grass:14,path:14,sky:14,window:14}","{brickface:3,cement:3,foliage:3,grass:3,path:2,sky:3,window:3}","{brickface:66,cement:66,foliage:66,grass:66,path:66,sky:66,window:66}","{brickface:249,cement:249,foliage:250,grass:250,path:250,sky:250,window:250}",19.1908,success,,0.8614718614718615,0.8614718614718616,0.8596000631408619,0.6302245929363084,0.9673739560103196,
2026-07-07T10:52:19.740302+00:00,segment,36,vime,0,250,1598,200,50,462,7,19,19,,,,,,,,,,,,,,,vime,paper_faithful_core,VIME,74.0,84.0,50.0,84.0,0.2602874040603637,0.1685099005699157,internal_stratified_val,stratified_labeled_val,7,True,35,36,"{brickface:264,cement:264,foliage:264,grass:264,path:264,sky:264,window:264}","{brickface:36,cement:36,foliage:36,grass:36,path:36,sky:35,window:35}","{brickface:8,cement:7,foliage:7,grass:7,path:7,sky:7,window:7}","{brickface:66,cement:66,foliage:66,grass:66,path:66,sky:66,window:66}","{brickface:228,cement:228,foliage:228,grass:228,path:228,sky:229,window:229}",21.5029,success,,0.9004329004329005,0.9004329004329007,0.8983728183154601,0.4067156257905402,0.9819406183042548,
2026-07-07T10:52:41.250279+00:00,segment,36,vime,0,500,1348,400,100,462,7,19,19,,,,,,,,,,,,,,,vime,paper_faithful_core,VIME,58.0,68.0,50.0,68.0,0.2488744556903839,0.1413914710283279,internal_stratified_val,stratified_labeled_val,7,True,71,72,"{brickface:264,cement:264,foliage:264,grass:264,path:264,sky:264,window:264}","{brickface:72,cement:72,foliage:72,grass:71,path:71,sky:71,window:71}","{brickface:14,cement:15,foliage:15,grass:14,path:14,sky:14,window:14}","{brickface:66,cement:66,foliage:66,grass:66,path:66,sky:66,window:66}","{brickface:192,cement:192,foliage:192,grass:193,path:193,sky:193,window:193}",22.2558,success,,0.9112554112554112,0.9112554112554112,0.910315045508344,0.2801264294728491,0.9888932616205344,
2026-07-07T10:53:03.513518+00:00,segment,36,vime,1,50,1798,40,10,462,7,19,19,,,,,,,,,,,,,,,vime,paper_faithful_core,VIME,5.0,15.0,50.0,15.0,1.7715351581573486,0.99642413854599,internal_stratified_val,stratified_labeled_val,7,True,7,8,"{brickface:264,cement:264,foliage:264,grass:264,path:264,sky:264,window:264}","{brickface:8,cement:7,foliage:7,grass:7,path:7,sky:7,window:7}","{brickface:2,cement:2,foliage:1,grass:2,path:1,sky:1,window:1}","{brickface:66,cement:66,foliage:66,grass:66,path:66,sky:66,window:66}","{brickface:256,cement:257,foliage:257,grass:257,path:257,sky:257,window:257}",25.4508,success,,0.525974025974026,0.525974025974026,0.4618458146178011,1.5663332370203995,0.8751803751803752,
2026-07-07T10:53:28.983127+00:00,segment,36,vime,1,100,1748,80,20,462,7,19,19,,,,,,,,,,,,,,,vime,paper_faithful_core,VIME,96.0,100.0,50.0,100.0,0.260063886642456,0.123802900314331,internal_stratified_val,stratified_labeled_val,7,True,14,15,"{brickface:264,cement:264,foliage:264,grass:264,path:264,sky:264,window:264}","{brickface:15,cement:15,foliage:14,grass:14,path:14,sky:14,window:14}","{brickface:3,cement:3,foliage:3,grass:3,path:3,sky:2,window:3}","{brickface:66,cement:66,foliage:66,grass:66,path:66,sky:66,window:66}","{brickface:249,cement:249,foliage:250,grass:250,path:250,sky:250,window:250}",17.6471,success,,0.803030303030303,0.803030303030303,0.7926852524619349,0.7386199812574198,0.9596670164851984,
2026-07-07T10:53:46.637769+00:00,segment,36,vime,1,250,1598,200,50,462,7,19,19,,,,,,,,,,,,,,,vime,paper_faithful_core,VIME,96.0,100.0,50.0,100.0,0.3411978185176849,0.1187829747796058,internal_stratified_val,stratified_labeled_val,7,True,35,36,"{brickface:264,cement:264,foliage:264,grass:264,path:264,sky:264,window:264}","{brickface:36,cement:36,foliage:36,grass:36,path:36,sky:35,window:35}","{brickface:7,cement:7,foliage:8,grass:7,path:7,sky:7,window:7}","{brickface:66,cement:66,foliage:66,grass:66,path:66,sky:66,window:66}","{brickface:228,cement:228,foliage:228,grass:228,path:228,sky:229,window:229}",22.8438,success,,0.9069264069264068,0.9069264069264068,0.9082577190949884,0.3314568771533829,0.985870610870611,
2026-07-07T10:54:09.493637+00:00,segment,36,vime,1,500,1348,400,100,462,7,19,19,,,,,,,,,,,,,,,vime,paper_faithful_core,VIME,59.0,69.0,50.0,69.0,0.196629986166954,0.1675682663917541,internal_stratified_val,stratified_labeled_val,7,True,71,72,"{brickface:264,cement:264,foliage:264,grass:264,path:264,sky:264,window:264}","{brickface:72,cement:72,foliage:72,grass:71,path:71,sky:71,window:71}","{brickface:15,cement:14,foliage:15,grass:14,path:14,sky:14,window:14}","{brickface:66,cement:66,foliage:66,grass:66,path:66,sky:66,window:66}","{brickface:192,cement:192,foliage:192,grass:193,path:193,sky:193,window:193}",16.6928,success,,0.8961038961038961,0.8961038961038961,0.8980668531700718,0.2713298242625517,0.9892704097249552,
2026-07-07T10:54:26.200656+00:00,segment,36,vime,2,50,1798,40,10,462,7,19,19,,,,,,,,,,,,,,,vime,paper_faithful_core,VIME,33.0,43.0,50.0,43.0,0.7107479572296143,0.3480567038059234,internal_stratified_val,stratified_labeled_val,7,True,7,8,"{brickface:264,cement:264,foliage:264,grass:264,path:264,sky:264,window:264}","{brickface:8,cement:7,foliage:7,grass:7,path:7,sky:7,window:7}","{brickface:2,cement:1,foliage:2,grass:2,path:1,sky:1,window:1}","{brickface:66,cement:66,foliage:66,grass:66,path:66,sky:66,window:66}","{brickface:256,cement:257,foliage:257,grass:257,path:257,sky:257,window:257}",16.4065,success,,0.7380952380952381,0.738095238095238,0.7291102950996199,0.7303880901700708,0.94799728890638,
2026-07-07T10:54:42.618762+00:00,segment,36,vime,2,100,1748,80,20,462,7,19,19,,,,,,,,,,,,,,,vime,paper_faithful_core,VIME,79.0,89.0,50.0,89.0,0.5586603879928589,0.1325547844171524,internal_stratified_val,stratified_labeled_val,7,True,14,15,"{brickface:264,cement:264,foliage:264,grass:264,path:264,sky:264,window:264}","{brickface:15,cement:15,foliage:14,grass:14,path:14,sky:14,window:14}","{brickface:3,cement:3,foliage:2,grass:3,path:3,sky:3,window:3}","{brickface:66,cement:66,foliage:66,grass:66,path:66,sky:66,window:66}","{brickface:249,cement:249,foliage:250,grass:250,path:250,sky:250,window:250}",16.0061,success,,0.8571428571428571,0.8571428571428571,0.8504233313458647,0.4496883687682066,0.9752831343740436,
2026-07-07T10:54:58.632393+00:00,segment,36,vime,2,250,1598,200,50,462,7,19,19,,,,,,,,,,,,,,,vime,paper_faithful_core,VIME,90.0,100.0,50.0,100.0,0.2785027325153351,0.1139354929327964,internal_stratified_val,stratified_labeled_val,7,True,35,36,"{brickface:264,cement:264,foliage:264,grass:264,path:264,sky:264,window:264}","{brickface:36,cement:36,foliage:36,grass:36,path:36,sky:35,window:35}","{brickface:7,cement:7,foliage:8,grass:7,path:7,sky:7,window:7}","{brickface:66,cement:66,foliage:66,grass:66,path:66,sky:66,window:66}","{brickface:228,cement:228,foliage:228,grass:228,path:228,sky:229,window:229}",16.8623,success,,0.9090909090909092,0.9090909090909092,0.9057685685857316,0.2614140374584302,0.9902214788578424,
2026-07-07T10:55:15.502760+00:00,segment,36,vime,2,500,1348,400,100,462,7,19,19,,,,,,,,,,,,,,,vime,paper_faithful_core,VIME,98.0,100.0,50.0,100.0,0.1346334666013717,0.109247975051403,internal_stratified_val,stratified_labeled_val,7,True,71,72,"{brickface:264,cement:264,foliage:264,grass:264,path:264,sky:264,window:264}","{brickface:72,cement:72,foliage:72,grass:71,path:71,sky:71,window:71}","{brickface:14,cement:15,foliage:15,grass:14,path:14,sky:14,window:14}","{brickface:66,cement:66,foliage:66,grass:66,path:66,sky:66,window:66}","{brickface:192,cement:192,foliage:192,grass:193,path:193,sky:193,window:193}",16.9247,success,,0.945887445887446,0.945887445887446,0.9459054447415134,0.1822156374480552,0.9956983252437795,
2026-07-14T09:52:08.973284+00:00,segment,36,self_training_catboost,0,100,1748,80,20,462,7,19,19,0.0,0.0,0.0,"{0: 12, 1: 12, 2: 11, 3: 11, 4: 12, 5: 11, 6: 11}",0.0,,,,,no_candidates,,,,,,,,,,,,,,,stratified_labeled_val,7,True,14,15,"{brickface:264,cement:264,foliage:264,grass:264,path:264,sky:264,window:264}","{brickface:15,cement:15,foliage:14,grass:14,path:14,sky:14,window:14}","{brickface:3,cement:3,foliage:3,grass:3,path:2,sky:3,window:3}","{brickface:66,cement:66,foliage:66,grass:66,path:66,sky:66,window:66}","{brickface:249,cement:249,foliage:250,grass:250,path:250,sky:250,window:250}",6.6925,success,,0.8831168831168831,0.8831168831168832,0.8813619436866187,0.5235171963145616,0.9911014911014911,
