timestamp_utc,dataset,dataset_id,method,seed,n_labeled,n_unlabeled,train_labeled_size,val_size,test_size,n_classes,n_features_before_preprocessing,n_features_after_preprocessing,n_pseudo_added_total,n_pseudo_added_last_iter,self_training_iterations,pseudo_label_class_distribution,pseudo_label_fraction,mean_selected_confidence,min_selected_confidence,max_selected_confidence,mean_selected_density,stopped_reason,graph_n_neighbors_used,graph_retry_count,graph_n_rows,graph_n_unlabeled_used,validation_strategy,labeled_classes_present,all_classes_present_in_labeled,min_labeled_per_class,max_labeled_per_class,runtime_seconds,status,error_message,metric_accuracy,metric_balanced_accuracy,metric_macro_f1,metric_log_loss,metric_roc_auc,metric_average_precision,best_epoch,best_val_loss,epochs_trained,final_train_loss,finetune_epochs_trained,neural_method,neural_validation_strategy,pretrain_epochs_trained,method_fidelity,reference_family,labeled_class_counts,test_class_counts,train_pool_class_counts,unlabeled_class_counts,val_class_counts
2026-06-29T11:17:09.650323+00:00,phoneme,1489,logistic_regression,0,50,4273,40,10,1081,2,5,5,,,,,,,,,,,,,,,stratified_labeled_val,2,True,15,35,0.1274,success,,0.7215541165587419,0.5649185756519729,0.5544660743211509,0.5325736999511719,0.756990437181033,0.5155103461173063,,,,,,,,,,,,,,,
2026-06-29T11:17:09.784757+00:00,phoneme,1489,logistic_regression,0,100,4223,80,20,1081,2,5,5,,,,,,,,,,,,,,,stratified_labeled_val,2,True,30,70,0.083,success,,0.7428307123034228,0.6593348968569871,0.6680796826126142,0.4985902607440948,0.7890935967099938,0.5436624605737574,,,,,,,,,,,,,,,
2026-06-29T11:17:09.873691+00:00,phoneme,1489,logistic_regression,0,250,4073,200,50,1081,2,5,5,,,,,,,,,,,,,,,stratified_labeled_val,2,True,74,176,0.0779,success,,0.7335800185013877,0.6361793317587989,0.6454284542845428,0.4848199784755707,0.8027152460072341,0.580999261768317,,,,,,,,,,,,,,,
2026-06-29T11:17:09.955800+00:00,phoneme,1489,logistic_regression,0,500,3823,400,100,1081,2,5,5,,,,,,,,,,,,,,,stratified_labeled_val,2,True,147,353,0.0856,success,,0.7400555041628122,0.652757362049317,0.6617967157335934,0.4846219718456268,0.7966538391662674,0.5576269903891635,,,,,,,,,,,,,,,
2026-06-29T11:17:10.046163+00:00,phoneme,1489,logistic_regression,1,50,4273,40,10,1081,2,5,5,,,,,,,,,,,,,,,stratified_labeled_val,2,True,15,35,0.0719,success,,0.755781683626272,0.7109476935273424,0.7085943945693818,0.5269907712936401,0.7657109353064561,0.4897712284973896,,,,,,,,,,,,,,,
2026-06-29T11:17:10.123557+00:00,phoneme,1489,logistic_regression,1,100,4223,80,20,1081,2,5,5,,,,,,,,,,,,,,,stratified_labeled_val,2,True,30,70,0.0806,success,,0.7752081406105458,0.7329966802649182,0.7310551572256856,0.5387507081031799,0.7791178753695476,0.5267474395073285,,,,,,,,,,,,,,,
2026-06-29T11:17:10.209662+00:00,phoneme,1489,logistic_regression,1,250,4073,200,50,1081,2,5,5,,,,,,,,,,,,,,,stratified_labeled_val,2,True,74,176,0.0852,success,,0.7382053654024052,0.648679951112359,0.6577985089235278,0.4812148213386535,0.7981444167341074,0.5868583189900209,,,,,,,,,,,,,,,
2026-06-29T11:17:10.298590+00:00,phoneme,1489,logistic_regression,1,500,3823,400,100,1081,2,5,5,,,,,,,,,,,,,,,stratified_labeled_val,2,True,147,353,0.0928,success,,0.7419056429232193,0.6559119361818091,0.6649782224014342,0.4796502292156219,0.8028804069565791,0.5841970820539464,,,,,,,,,,,,,,,
2026-06-29T11:17:10.396134+00:00,phoneme,1489,logistic_regression,2,50,4273,40,10,1081,2,5,5,,,,,,,,,,,,,,,stratified_labeled_val,2,True,15,35,0.0657,success,,0.7317298797409806,0.7160800700282426,0.6980563260903067,0.5526778101921082,0.7813805803755761,0.5115932096260478,,,,,,,,,,,,,,,
2026-06-29T11:17:10.465403+00:00,phoneme,1489,logistic_regression,2,100,4223,80,20,1081,2,5,5,,,,,,,,,,,,,,,stratified_labeled_val,2,True,30,70,0.1167,success,,0.7400555041628122,0.6638314037029085,0.6707358448639362,0.4965892732143402,0.8002254446958561,0.5999475938771114,,,,,,,,,,,,,,,
2026-06-29T11:17:10.589164+00:00,phoneme,1489,logistic_regression,2,250,4073,200,50,1081,2,5,5,,,,,,,,,,,,,,,stratified_labeled_val,2,True,74,176,0.0804,success,,0.7493061979648473,0.6832956215832329,0.68837552668558,0.470234215259552,0.8171255388375972,0.5990215645319882,,,,,,,,,,,,,,,
2026-06-29T11:17:10.675332+00:00,phoneme,1489,logistic_regression,2,500,3823,400,100,1081,2,5,5,,,,,,,,,,,,,,,stratified_labeled_val,2,True,147,353,0.069,success,,0.7419056429232193,0.6540662625728773,0.6634228978090052,0.4650449752807617,0.8208912084826665,0.5922171977662385,,,,,,,,,,,,,,,
2026-06-29T11:17:10.748025+00:00,phoneme,1489,random_forest,0,50,4273,40,10,1081,2,5,5,,,,,,,,,,,,,,,stratified_labeled_val,2,True,15,35,1.3845,success,,0.7483811285846439,0.6051228797463127,0.6092784929890397,0.5061276784279808,0.7865872793036813,0.5909214029560469,,,,,,,,,,,,,,,
2026-06-29T11:17:12.136716+00:00,phoneme,1489,random_forest,0,100,4223,80,20,1081,2,5,5,,,,,,,,,,,,,,,stratified_labeled_val,2,True,30,70,1.2798,success,,0.7567067530064755,0.6534634251077676,0.6665916124575915,0.4698327016587243,0.818461278015426,0.5775974185412389,,,,,,,,,,,,,,,
2026-06-29T11:17:13.421908+00:00,phoneme,1489,random_forest,0,250,4073,200,50,1081,2,5,5,,,,,,,,,,,,,,,stratified_labeled_val,2,True,74,176,1.5322,success,,0.7955596669750231,0.7261693395213635,0.7381978575929427,0.4003337490472626,0.8739347118767239,0.6870838004049444,,,,,,,,,,,,,,,
2026-06-29T11:17:14.958939+00:00,phoneme,1489,random_forest,0,500,3823,400,100,1081,2,5,5,,,,,,,,,,,,,,,stratified_labeled_val,2,True,147,353,2.1097,success,,0.8390379278445883,0.7883049531768709,0.7984712900820283,0.3644454868644062,0.9004884635076882,0.756293110045112,,,,,,,,,,,,,,,
2026-06-29T11:17:17.081243+00:00,phoneme,1489,random_forest,1,50,4273,40,10,1081,2,5,5,,,,,,,,,,,,,,,stratified_labeled_val,2,True,15,35,2.3836,success,,0.7493061979648473,0.7054437048904157,0.7021829675060819,0.5958701960755367,0.77504665796819,0.5011878897296527,,,,,,,,,,,,,,,
2026-06-29T11:17:19.481880+00:00,phoneme,1489,random_forest,1,100,4223,80,20,1081,2,5,5,,,,,,,,,,,,,,,stratified_labeled_val,2,True,30,70,5.2946,success,,0.7604070305272895,0.6994545559647877,0.7039693289221455,0.5194030570360548,0.82210720597222,0.5666775744187537,,,,,,,,,,,,,,,
2026-06-29T11:17:24.787732+00:00,phoneme,1489,random_forest,1,250,4073,200,50,1081,2,5,5,,,,,,,,,,,,,,,stratified_labeled_val,2,True,74,176,2.5248,success,,0.8094357076780758,0.7350632566435992,0.7511977225395292,0.4384583724612332,0.8726526500074323,0.7025431833646796,,,,,,,,,,,,,,,
2026-06-29T11:17:27.323923+00:00,phoneme,1489,random_forest,1,500,3823,400,100,1081,2,5,5,,,,,,,,,,,,,,,stratified_labeled_val,2,True,147,353,2.1933,success,,0.8334875115633672,0.7899152724329859,0.7952806605560185,0.3900700672595734,0.9002448511074042,0.7701815284847341,,,,,,,,,,,,,,,
2026-06-29T11:17:29.530847+00:00,phoneme,1489,random_forest,2,50,4273,40,10,1081,2,5,5,,,,,,,,,,,,,,,stratified_labeled_val,2,True,15,35,2.2837,success,,0.7493061979648473,0.7063665416948817,0.7027016055783726,0.4570598247270948,0.8188824384362561,0.5663536966054947,,,,,,,,,,,,,,,
2026-06-29T11:17:31.826586+00:00,phoneme,1489,random_forest,2,100,4223,80,20,1081,2,5,5,,,,,,,,,,,,,,,stratified_labeled_val,2,True,30,70,2.2449,success,,0.7779833487511564,0.7155804581564735,0.7226047609679324,0.4458550564161789,0.8521603052174345,0.6662896428369796,,,,,,,,,,,,,,,
2026-06-29T11:17:34.081957+00:00,phoneme,1489,random_forest,2,250,4073,200,50,1081,2,5,5,,,,,,,,,,,,,,,stratified_labeled_val,2,True,74,176,2.2615,success,,0.7974098057354302,0.7579318545923002,0.7567409270682093,0.4682212238846611,0.8811646324343073,0.7383905291605405,,,,,,,,,,,,,,,
2026-06-29T11:17:36.352436+00:00,phoneme,1489,random_forest,2,500,3823,400,100,1081,2,5,5,,,,,,,,,,,,,,,stratified_labeled_val,2,True,147,353,2.2386,success,,0.8307123034227567,0.7879519216476456,0.7924784818492234,0.4047890987263338,0.9057839364460668,0.7693180577035343,,,,,,,,,,,,,,,
2026-06-29T11:17:38.601958+00:00,phoneme,1489,xgboost,0,50,4273,40,10,1081,2,5,5,,,,,,,,,,,,,,,stratified_labeled_val,2,True,15,35,1.8558,success,,0.7178538390379279,0.5752204898673758,0.5727333634847427,0.6989253759384155,0.7174364543247395,0.4894596274630001,,,,,,,,,,,,,,,
2026-06-29T11:17:40.473716+00:00,phoneme,1489,xgboost,0,100,4223,80,20,1081,2,5,5,,,,,,,,,,,,,,,stratified_labeled_val,2,True,30,70,1.698,success,,0.7400555041628122,0.6490660148314533,0.6586099663174031,0.6025485396385193,0.7993831238541959,0.5520599712647642,,,,,,,,,,,,,,,
2026-06-29T11:17:42.187234+00:00,phoneme,1489,xgboost,0,250,4073,200,50,1081,2,5,5,,,,,,,,,,,,,,,stratified_labeled_val,2,True,74,176,0.9112,success,,0.793709528214616,0.7433171750871224,0.7471185871714581,0.5339430570602417,0.8572018431961947,0.6652710939969073,,,,,,,,,,,,,,,
2026-06-29T11:17:43.105830+00:00,phoneme,1489,xgboost,0,500,3823,400,100,1081,2,5,5,,,,,,,,,,,,,,,stratified_labeled_val,2,True,147,353,1.3114,success,,0.8279370952821462,0.7859885708623053,0.7896887159533074,0.4273487329483032,0.8899986787124052,0.7472636467802053,,,,,,,,,,,,,,,
2026-06-29T11:17:44.431645+00:00,phoneme,1489,xgboost,1,50,4273,40,10,1081,2,5,5,,,,,,,,,,,,,,,stratified_labeled_val,2,True,15,35,2.1076,success,,0.7446808510638298,0.6975572695591854,0.6953486852316263,0.620797872543335,0.7815560638842551,0.5156570162605432,,,,,,,,,,,,,,,
2026-06-29T11:17:46.553233+00:00,phoneme,1489,xgboost,1,100,4223,80,20,1081,2,5,5,,,,,,,,,,,,,,,stratified_labeled_val,2,True,30,70,1.6553,success,,0.7585568917668826,0.7036826762680232,0.7057343733866501,0.673229455947876,0.8120860653707037,0.5458235649329903,,,,,,,,,,,,,,,
2026-06-29T11:17:48.220508+00:00,phoneme,1489,xgboost,1,250,4073,200,50,1081,2,5,5,,,,,,,,,,,,,,,stratified_labeled_val,2,True,74,176,1.1153,success,,0.8011100832562442,0.7365558987233058,0.7475278554179698,0.4870092868804931,0.8681189819479083,0.6953111528673974,,,,,,,,,,,,,,,
2026-06-29T11:17:49.343267+00:00,phoneme,1489,xgboost,1,500,3823,400,100,1081,2,5,5,,,,,,,,,,,,,,,stratified_labeled_val,2,True,147,353,1.7938,success,,0.8353376503237743,0.7930698465654781,0.7979515633137884,0.4306551516056061,0.897645630667085,0.7701586913295899,,,,,,,,,,,,,,,
2026-06-29T11:17:51.162733+00:00,phoneme,1489,xgboost,2,50,4273,40,10,1081,2,5,5,,,,,,,,,,,,,,,stratified_labeled_val,2,True,15,35,0.6276,success,,0.7465309898242368,0.7136315589542008,0.7051434692236018,0.6212489008903503,0.8223260442301022,0.606971559230674,,,,,,,,,,,,,,,
2026-06-29T11:17:51.798259+00:00,phoneme,1489,xgboost,2,100,4223,80,20,1081,2,5,5,,,,,,,,,,,,,,,stratified_labeled_val,2,True,30,70,0.616,success,,0.786308973172988,0.7316217153616199,0.7364975450081833,0.5093028545379639,0.8382991725436438,0.6818048318456955,,,,,,,,,,,,,,,
2026-06-29T11:17:52.446077+00:00,phoneme,1489,xgboost,2,250,4073,200,50,1081,2,5,5,,,,,,,,,,,,,,,stratified_labeled_val,2,True,74,176,1.3005,success,,0.8103607770582794,0.7689398318661536,0.7701805638953101,0.5082789659500122,0.8692709795695905,0.7209928149713579,,,,,,,,,,,,,,,
2026-06-29T11:17:53.753173+00:00,phoneme,1489,xgboost,2,500,3823,400,100,1081,2,5,5,,,,,,,,,,,,,,,stratified_labeled_val,2,True,147,353,2.3011,success,,0.8344125809435707,0.7878012122813682,0.7949972719134217,0.4337817728519439,0.9016672997836392,0.7499272185154656,,,,,,,,,,,,,,,
2026-06-29T11:17:56.064379+00:00,phoneme,1489,lightgbm,0,50,4273,40,10,1081,2,5,5,,,,,,,,,,,,,,,stratified_labeled_val,2,True,15,35,1.0459,success,,0.7067530064754857,0.5,0.4140921409214092,0.6051424941170336,0.5,0.2932469935245143,,,,,,,,,,,,,,,
2026-06-29T11:17:57.117598+00:00,phoneme,1489,lightgbm,0,100,4223,80,20,1081,2,5,5,,,,,,,,,,,,,,,stratified_labeled_val,2,True,30,70,0.7736,success,,0.7659574468085106,0.6978442367086726,0.7054340462334983,0.6489962353223561,0.8015632483855517,0.5737991162100589,,,,,,,,,,,,,,,
2026-06-29T11:17:57.897572+00:00,phoneme,1489,lightgbm,0,250,4073,200,50,1081,2,5,5,,,,,,,,,,,,,,,stratified_labeled_val,2,True,74,176,1.815,success,,0.7927844588344126,0.7500454192610699,0.7500454192610699,0.8270080807540554,0.8499388904487424,0.6616143027808177,,,,,,,,,,,,,,,
2026-06-29T11:17:59.719384+00:00,phoneme,1489,lightgbm,0,500,3823,400,100,1081,2,5,5,,,,,,,,,,,,,,,stratified_labeled_val,2,True,147,353,4.3717,success,,0.8344125809435707,0.7905697226947661,0.7962175249621658,0.6693191303831689,0.8859563644771831,0.7481501094751634,,,,,,,,,,,,,,,
2026-06-29T11:18:04.097881+00:00,phoneme,1489,lightgbm,1,50,4273,40,10,1081,2,5,5,,,,,,,,,,,,,,,stratified_labeled_val,2,True,15,35,0.2256,success,,0.7067530064754857,0.5,0.4140921409214092,0.5761794105518369,0.6447202173518093,0.3791812228714903,,,,,,,,,,,,,,,
2026-06-29T11:18:04.329386+00:00,phoneme,1489,lightgbm,1,100,4223,80,20,1081,2,5,5,,,,,,,,,,,,,,,stratified_labeled_val,2,True,30,70,0.6708,success,,0.7613320999074931,0.7268712735560804,0.7200763597822422,0.7173270987544416,0.8039766627578575,0.5472675288715231,,,,,,,,,,,,,,,
2026-06-29T11:18:05.006578+00:00,phoneme,1489,lightgbm,1,250,4073,200,50,1081,2,5,5,,,,,,,,,,,,,,,stratified_labeled_val,2,True,74,176,3.5135,success,,0.7974098057354302,0.7403979553074471,0.747656319117934,0.7430448948005086,0.8576188745932913,0.6646898351826592,,,,,,,,,,,,,,,
2026-06-29T11:18:08.532205+00:00,phoneme,1489,lightgbm,1,500,3823,400,100,1081,2,5,5,,,,,,,,,,,,,,,stratified_labeled_val,2,True,147,353,4.0598,success,,0.8381128584643849,0.7941103605463524,0.8003769280365025,0.6888447628990183,0.8974928567889409,0.7575685766560208,,,,,,,,,,,,,,,
2026-06-29T11:18:12.625868+00:00,phoneme,1489,lightgbm,2,50,4273,40,10,1081,2,5,5,,,,,,,,,,,,,,,stratified_labeled_val,2,True,15,35,0.2835,success,,0.7067530064754857,0.5,0.4140921409214092,0.6051424941170336,0.5,0.2932469935245143,,,,,,,,,,,,,,,
2026-06-29T11:18:12.917693+00:00,phoneme,1489,lightgbm,2,100,4223,80,20,1081,2,5,5,,,,,,,,,,,,,,,stratified_labeled_val,2,True,30,70,0.6107,success,,0.7844588344125809,0.7358498356648554,0.737802992843201,0.5666645483754739,0.8147245115364923,0.6485338314911423,,,,,,,,,,,,,,,
2026-06-29T11:18:13.532837+00:00,phoneme,1489,lightgbm,2,250,4073,200,50,1081,2,5,5,,,,,,,,,,,,,,,stratified_labeled_val,2,True,74,176,1.477,success,,0.8038852913968547,0.7634358432292269,0.7634358432292269,0.7647849077595217,0.8676193700761392,0.7283966267933096,,,,,,,,,,,,,,,
2026-06-29T11:18:15.016697+00:00,phoneme,1489,lightgbm,2,500,3823,400,100,1081,2,5,5,,,,,,,,,,,,,,,stratified_labeled_val,2,True,147,353,3.9172,success,,0.8362627197039778,0.7900329496093943,0.797287805188132,0.6643697957479381,0.8993963367301434,0.7416603907741481,,,,,,,,,,,,,,,
2026-06-29T11:18:18.944513+00:00,phoneme,1489,catboost,0,50,4273,40,10,1081,2,5,5,,,,,,,,,,,,,,,stratified_labeled_val,2,True,15,35,3.8138,success,,0.7696577243293247,0.6515516871190976,0.6671011834604934,0.6975903983388685,0.793627264769518,0.607332611866867,,,,,,,,,,,,,,,
2026-06-29T11:18:22.765377+00:00,phoneme,1489,catboost,0,100,4223,80,20,1081,2,5,5,,,,,,,,,,,,,,,stratified_labeled_val,2,True,30,70,1.5976,success,,0.755781683626272,0.6611145060861809,0.6733660519713589,0.7324582456642603,0.825495069945662,0.5882385878974816,,,,,,,,,,,,,,,
2026-06-29T11:18:24.368976+00:00,phoneme,1489,catboost,0,250,4073,200,50,1081,2,5,5,,,,,,,,,,,,,,,stratified_labeled_val,2,True,74,176,2.3284,success,,0.7927844588344126,0.7408170512164104,0.7452381553586007,0.5343746150470556,0.869733430227757,0.6717264378115148,,,,,,,,,,,,,,,
2026-06-29T11:18:26.703159+00:00,phoneme,1489,catboost,0,500,3823,400,100,1081,2,5,5,,,,,,,,,,,,,,,stratified_labeled_val,2,True,147,353,3.0028,success,,0.8251618871415356,0.7701826680099757,0.7804113639368154,0.4042372229105427,0.8949782813351611,0.7635521643965519,,,,,,,,,,,,,,,
2026-06-29T11:18:29.712701+00:00,phoneme,1489,catboost,1,50,4273,40,10,1081,2,5,5,,,,,,,,,,,,,,,stratified_labeled_val,2,True,15,35,1.5385,success,,0.7409805735430157,0.6820197532495417,0.6840105232388191,0.8032868949836679,0.7736902736716932,0.4901695965655829,,,,,,,,,,,,,,,
2026-06-29T11:18:31.259316+00:00,phoneme,1489,catboost,1,100,4223,80,20,1081,2,5,5,,,,,,,,,,,,,,,stratified_labeled_val,2,True,30,70,2.2287,success,,0.7622571692876966,0.7081461509240755,0.7102441914190386,0.8932677885892628,0.8230795910614894,0.5435447021252191,,,,,,,,,,,,,,,
2026-06-29T11:18:33.538869+00:00,phoneme,1489,catboost,1,250,4073,200,50,1081,2,5,5,,,,,,,,,,,,,,,stratified_labeled_val,2,True,74,176,4.3586,success,,0.8149861239592969,0.753755347085735,0.7653957671406497,0.4677801683848805,0.8791723784828315,0.6978053869873138,,,,,,,,,,,,,,,
2026-06-29T11:18:37.909647+00:00,phoneme,1489,catboost,1,500,3823,400,100,1081,2,5,5,,,,,,,,,,,,,,,stratified_labeled_val,2,True,147,353,3.2797,success,,0.8371877890841813,0.7953015838935042,0.800221770467566,0.4206711982921,0.8982113069185922,0.7649412694595895,,,,,,,,,,,,,,,
2026-06-29T11:18:41.202205+00:00,phoneme,1489,catboost,2,50,4273,40,10,1081,2,5,5,,,,,,,,,,,,,,,stratified_labeled_val,2,True,15,35,3.3155,success,,0.7400555041628122,0.6952078550547509,0.6917311851200099,0.6641556587458769,0.8153645102152048,0.5685941680945976,,,,,,,,,,,,,,,
2026-06-29T11:18:44.531728+00:00,phoneme,1489,catboost,2,100,4223,80,20,1081,2,5,5,,,,,,,,,,,,,,,stratified_labeled_val,2,True,30,70,4.3208,success,,0.7659574468085106,0.7199923200158554,0.718974678302543,0.58758550495887,0.8450852230498621,0.6578522159650071,,,,,,,,,,,,,,,
2026-06-29T11:18:48.865774+00:00,phoneme,1489,catboost,2,250,4073,200,50,1081,2,5,5,,,,,,,,,,,,,,,stratified_labeled_val,2,True,74,176,4.0657,success,,0.8075855689176689,0.771590665103143,0.7695851778980161,0.4896933406190403,0.885601268436091,0.7466725363757941,,,,,,,,,,,,,,,
2026-06-29T11:18:52.943529+00:00,phoneme,1489,catboost,2,500,3823,400,100,1081,2,5,5,,,,,,,,,,,,,,,stratified_labeled_val,2,True,147,353,3.9544,success,,0.8344125809435707,0.7896468858903001,0.7958141149630511,0.3876741953980498,0.9088476720564188,0.7795626182913828,,,,,,,,,,,,,,,
2026-06-29T11:18:56.911505+00:00,phoneme,1489,mlp,0,50,4273,40,10,1081,2,5,5,,,,,,,,,,,,,,,stratified_labeled_val,2,True,15,35,0.3563,success,,0.7067530064754857,0.5,0.4140921409214092,0.6253673434257507,0.7114803375889804,0.4781134256532181,,,,,,,,,,,,,,,
2026-06-29T11:18:57.285981+00:00,phoneme,1489,mlp,0,100,4223,80,20,1081,2,5,5,,,,,,,,,,,,,,,stratified_labeled_val,2,True,30,70,0.5211,success,,0.7132284921369103,0.5590285232959519,0.5484617706345869,0.5224124789237976,0.798937189290964,0.561507673054279,,,,,,,,,,,,,,,
2026-06-29T11:18:57.819088+00:00,phoneme,1489,mlp,0,250,4073,200,50,1081,2,5,5,,,,,,,,,,,,,,,stratified_labeled_val,2,True,74,176,0.3817,success,,0.7224791859389454,0.5572674946735594,0.5398694665153234,0.5253142714500427,0.8022280212066659,0.5870010079356894,,,,,,,,,,,,,,,
2026-06-29T11:18:58.211570+00:00,phoneme,1489,mlp,0,500,3823,400,100,1081,2,5,5,,,,,,,,,,,,,,,stratified_labeled_val,2,True,147,353,0.5468,success,,0.7687326549491211,0.7044217715163427,0.7110466260082628,0.4652813374996185,0.8163637339587428,0.5863552115899504,,,,,,,,,,,,,,,
2026-06-29T11:18:58.767372+00:00,phoneme,1489,mlp,1,50,4273,40,10,1081,2,5,5,,,,,,,,,,,,,,,stratified_labeled_val,2,True,15,35,0.1938,success,,0.7039777983348752,0.5146477116950469,0.461968220787139,0.6436046957969666,0.5549738219895288,0.348131180606822,,,,,,,,,,,,,,,
2026-06-29T11:18:58.971484+00:00,phoneme,1489,mlp,1,100,4223,80,20,1081,2,5,5,,,,,,,,,,,,,,,stratified_labeled_val,2,True,30,70,0.3107,success,,0.7030527289546716,0.5130704246288007,0.4590660732519077,0.6416028738021851,0.5612458090409104,0.3575524514868684,,,,,,,,,,,,,,,
2026-06-29T11:18:59.292910+00:00,phoneme,1489,mlp,1,250,4073,200,50,1081,2,5,5,,,,,,,,,,,,,,,stratified_labeled_val,2,True,74,176,0.3219,success,,0.7493061979648473,0.6159285348572183,0.6240289533294404,0.5232842564582825,0.7954068739987118,0.5984606709962267,,,,,,,,,,,,,,,
2026-06-29T11:18:59.624719+00:00,phoneme,1489,mlp,1,500,3823,400,100,1081,2,5,5,,,,,,,,,,,,,,,stratified_labeled_val,2,True,147,353,0.3548,success,,0.7446808510638298,0.5969680578723967,0.5979853183714388,0.5678489208221436,0.7486704543577716,0.5599692823441828,,,,,,,,,,,,,,,
2026-06-29T11:18:59.990643+00:00,phoneme,1489,mlp,2,50,4273,40,10,1081,2,5,5,,,,,,,,,,,,,,,stratified_labeled_val,2,True,15,35,0.2505,success,,0.6919518963922294,0.552281698515203,0.5466432078910148,0.6614837646484375,0.6130733149454144,0.3702783564611365,,,,,,,,,,,,,,,
2026-06-29T11:19:00.250331+00:00,phoneme,1489,mlp,2,100,4223,80,20,1081,2,5,5,,,,,,,,,,,,,,,stratified_labeled_val,2,True,30,70,0.278,success,,0.4801110083256244,0.3885700365005697,0.3912556413277862,0.6948748230934143,0.3719259418303136,0.2233320968981907,,,,,,,,,,,,,,,
2026-06-29T11:19:00.539123+00:00,phoneme,1489,mlp,2,250,4073,200,50,1081,2,5,5,,,,,,,,,,,,,,,stratified_labeled_val,2,True,74,176,0.3563,success,,0.730804810360777,0.5576205262027846,0.5344909486694182,0.5730918049812317,0.7895725634630947,0.6097554111469476,,,,,,,,,,,,,,,
2026-06-29T11:19:00.905609+00:00,phoneme,1489,mlp,2,500,3823,400,100,1081,2,5,5,,,,,,,,,,,,,,,stratified_labeled_val,2,True,147,353,0.4714,success,,0.7631822386679001,0.6949580491188663,0.7022551213634016,0.4533120989799499,0.8306604786364312,0.6282271956129122,,,,,,,,,,,,,,,
2026-06-29T11:19:01.390151+00:00,phoneme,1489,label_spreading,0,50,4273,40,10,1081,2,5,5,,,,,,,,,,,30.0,2.0,4313.0,4273.0,stratified_labeled_val,2,True,15,35,2.9319,success,,0.7206290471785384,0.6196343336581498,0.6272754258574234,1.0694937164879854,0.7321997786843278,0.4988781288373849,,,,,,,,,,,,,,,
2026-06-29T11:19:04.332573+00:00,phoneme,1489,label_spreading,0,100,4223,80,20,1081,2,5,5,,,,,,,,,,,15.0,1.0,4303.0,4223.0,stratified_labeled_val,2,True,30,70,1.4127,success,,0.7261794634597595,0.6558603233851388,0.6599733059024561,1.2120790406453843,0.7824252233801839,0.5336475332282942,,,,,,,,,,,,,,,
2026-06-29T11:19:05.756037+00:00,phoneme,1489,label_spreading,0,250,4073,200,50,1081,2,5,5,,,,,,,,,,,15.0,1.0,4273.0,4073.0,stratified_labeled_val,2,True,74,176,1.5403,success,,0.782608695652174,0.7225440566832377,0.7292202511082853,0.7404221464751042,0.8478702495581945,0.6347861768196392,,,,,,,,,,,,,,,
2026-06-29T11:19:07.312791+00:00,phoneme,1489,label_spreading,0,500,3823,400,100,1081,2,5,5,,,,,,,,,,,15.0,1.0,4223.0,3823.0,stratified_labeled_val,2,True,147,353,1.612,success,,0.7964847363552267,0.737897831436735,0.7457210308872713,0.509016085050379,0.8674707252217284,0.7115438501413902,,,,,,,,,,,,,,,
2026-06-29T11:19:08.930845+00:00,phoneme,1489,label_spreading,1,50,4273,40,10,1081,2,5,5,,,,,,,,,,,30.0,2.0,4313.0,4273.0,stratified_labeled_val,2,True,15,35,2.5008,success,,0.7058279370952821,0.7115980147653889,0.68074542698783,1.2613477984814592,0.7554399887690555,0.4373034451465993,,,,,,,,,,,,,,,
2026-06-29T11:19:11.441067+00:00,phoneme,1489,label_spreading,1,100,4223,80,20,1081,2,5,5,,,,,,,,,,,15.0,1.0,4303.0,4223.0,stratified_labeled_val,2,True,30,70,1.7712,success,,0.7659574468085106,0.7209151568203214,0.719483138299891,1.6238281235832133,0.814183609427387,0.5399081945667615,,,,,,,,,,,,,,,
2026-06-29T11:19:13.218255+00:00,phoneme,1489,label_spreading,1,250,4073,200,50,1081,2,5,5,,,,,,,,,,,30.0,2.0,4273.0,4073.0,stratified_labeled_val,2,True,74,176,2.4001,success,,0.7696577243293247,0.6986163641468611,0.707602027902672,0.5047216867777846,0.8438155482517713,0.6723437605495916,,,,,,,,,,,,,,,
2026-06-29T11:19:15.629781+00:00,phoneme,1489,label_spreading,1,500,3823,400,100,1081,2,5,5,,,,,,,,,,,15.0,1.0,4223.0,3823.0,stratified_labeled_val,2,True,147,353,1.6112,success,,0.8149861239592969,0.7685207359571903,0.7729792846222342,0.4879831927089157,0.8748162584438535,0.7243065752684335,,,,,,,,,,,,,,,
2026-06-29T11:19:17.252389+00:00,phoneme,1489,label_spreading,2,50,4273,40,10,1081,2,5,5,,,,,,,,,,,30.0,2.0,4313.0,4273.0,stratified_labeled_val,2,True,15,35,2.0757,success,,0.7474560592044404,0.6459960856855005,0.6575004787354422,0.97516405172808,0.7937965547425966,0.5544887971157484,,,,,,,,,,,,,,,
2026-06-29T11:19:19.333159+00:00,phoneme,1489,label_spreading,2,100,4223,80,20,1081,2,5,5,,,,,,,,,,,15.0,1.0,4303.0,4223.0,stratified_labeled_val,2,True,30,70,1.4903,success,,0.7604070305272895,0.6985317191603218,0.7033759409250067,0.862543153391143,0.8388978809850198,0.6088682514843166,,,,,,,,,,,,,,,
2026-06-29T11:19:20.835603+00:00,phoneme,1489,label_spreading,2,250,4073,200,50,1081,2,5,5,,,,,,,,,,,15.0,1.0,4273.0,4073.0,stratified_labeled_val,2,True,74,176,1.8065,success,,0.782608695652174,0.7271582407055676,0.731934731934732,0.6260923000928402,0.8598072571721143,0.6618624827618184,,,,,,,,,,,,,,,
2026-06-29T11:19:22.653744+00:00,phoneme,1489,label_spreading,2,500,3823,400,100,1081,2,5,5,,,,,,,,,,,15.0,1.0,4223.0,3823.0,stratified_labeled_val,2,True,147,353,1.4149,success,,0.8260869565217391,0.7717599550762217,0.781801862159005,0.4222874250978453,0.8971625348902506,0.7451465898540682,,,,,,,,,,,,,,,
2026-06-29T11:19:24.081145+00:00,phoneme,1489,label_propagation,0,50,4273,40,10,1081,2,5,5,,,,,,,,,,,15.0,1.0,4313.0,4273.0,stratified_labeled_val,2,True,15,35,3.7072,success,,0.7437557816836263,0.6018506284374122,0.6054645759136503,0.6564298097370243,0.7379308636266043,0.5348427862213693,,,,,,,,,,,,,,,
2026-06-29T11:19:27.797397+00:00,phoneme,1489,label_propagation,0,100,4223,80,20,1081,2,5,5,,,,,,,,,,,15.0,1.0,4303.0,4223.0,stratified_labeled_val,2,True,30,70,3.6622,success,,0.7317298797409806,0.5951884486432029,0.5983122168235029,0.6063522169615828,0.7762358168034751,0.5420097225206013,,,,,,,,,,,,,,,
2026-06-29T11:19:31.464968+00:00,phoneme,1489,label_propagation,0,250,4073,200,50,1081,2,5,5,,,,,,,,,,,15.0,1.0,4273.0,4073.0,stratified_labeled_val,2,True,74,176,3.5557,success,,0.7705827937095282,0.6965023039952434,0.706538111251226,0.5182568508310299,0.8327580226931145,0.6148117271962534,,,,,,,,,,,,,,,
2026-06-29T11:19:35.029886+00:00,phoneme,1489,label_propagation,0,500,3823,400,100,1081,2,5,5,,,,,,,,,,,15.0,1.0,4223.0,3823.0,stratified_labeled_val,2,True,147,353,2.7077,success,,0.793709528214616,0.7211690917799396,0.7340484567257675,0.4305599892510285,0.8631847985862222,0.6943441195863734,,,,,,,,,,,,,,,
2026-06-29T11:19:37.749039+00:00,phoneme,1489,label_propagation,1,50,4273,40,10,1081,2,5,5,,,,,,,,,,,15.0,1.0,4313.0,4273.0,stratified_labeled_val,2,True,15,35,2.4638,success,,0.6901017576318224,0.6884754818570697,0.6619405778661093,0.804178222983654,0.7316299734090871,0.410321679860002,,,,,,,,,,,,,,,
2026-06-29T11:19:40.218525+00:00,phoneme,1489,label_propagation,1,100,4223,80,20,1081,2,5,5,,,,,,,,,,,15.0,1.0,4303.0,4223.0,stratified_labeled_val,2,True,30,70,2.163,success,,0.7437557816836263,0.6987484929063372,0.6955892324693163,0.5010834026206524,0.8193882438436255,0.5659719539753181,,,,,,,,,,,,,,,
2026-06-29T11:19:42.385105+00:00,phoneme,1489,label_propagation,1,250,4073,200,50,1081,2,5,5,,,,,,,,,,,15.0,1.0,4273.0,4073.0,stratified_labeled_val,2,True,74,176,1.6023,success,,0.7659574468085106,0.6692362957702281,0.6834047764849969,0.4786043591593839,0.8401448461525757,0.6345541628850772,,,,,,,,,,,,,,,
2026-06-29T11:19:43.994101+00:00,phoneme,1489,label_propagation,1,500,3823,400,100,1081,2,5,5,,,,,,,,,,,15.0,1.0,4223.0,3823.0,stratified_labeled_val,2,True,147,353,1.4022,success,,0.8001850138760407,0.7423613060927874,0.750344284871139,0.4182825345266431,0.8697582043701587,0.7292917755715189,,,,,,,,,,,,,,,
2026-06-29T11:19:45.401498+00:00,phoneme,1489,label_propagation,2,50,4273,40,10,1081,2,5,5,,,,,,,,,,,15.0,1.0,4313.0,4273.0,stratified_labeled_val,2,True,15,35,2.2653,success,,0.7224791859389454,0.5904896196343337,0.5934459933808043,0.5975255861407099,0.8102589723685732,0.5592065136035872,,,,,,,,,,,,,,,
2026-06-29T11:19:47.671590+00:00,phoneme,1489,label_propagation,2,100,4223,80,20,1081,2,5,5,,,,,,,,,,,15.0,1.0,4303.0,4223.0,stratified_labeled_val,2,True,30,70,2.1168,success,,0.7659574468085106,0.67108196937916,0.6850091620338218,0.5330862545126955,0.8453370934976134,0.655786394432977,,,,,,,,,,,,,,,
2026-06-29T11:19:49.795452+00:00,phoneme,1489,label_propagation,2,250,4073,200,50,1081,2,5,5,,,,,,,,,,,15.0,1.0,4273.0,4073.0,stratified_labeled_val,2,True,74,176,2.1317,success,,0.7715078630897317,0.6639346292962491,0.6800307258318683,0.4712764838565628,0.859976547145193,0.6394717499457158,,,,,,,,,,,,,,,
2026-06-29T11:19:51.931440+00:00,phoneme,1489,label_propagation,2,500,3823,400,100,1081,2,5,5,,,,,,,,,,,15.0,1.0,4223.0,3823.0,stratified_labeled_val,2,True,147,353,1.4961,success,,0.8029602220166513,0.7304821048111385,0.7448168856428813,0.4163624355637185,0.8800312154194263,0.6938883696633157,,,,,,,,,,,,,,,
2026-06-29T11:19:53.433532+00:00,phoneme,1489,self_training_lr,0,50,4273,40,10,1081,2,5,5,2116.0,506.0,5.0,"{0: 2136, 1: 20}",0.4952024338871987,0.9838168831482276,0.9501460790634156,0.9957894682884216,,max_iter,,,,,stratified_labeled_val,2,True,15,35,0.2002,success,,0.7187789084181314,0.5611095512577007,0.5492076730608841,0.9141955971717834,0.770157893867574,0.517856183146066,,,,,,,,,,,,,,,
2026-06-29T11:19:53.639674+00:00,phoneme,1489,self_training_lr,0,100,4223,80,20,1081,2,5,5,2111.0,159.0,5.0,"{0: 2112, 1: 79}",0.4998816007577552,0.9740326806359356,0.9500470161437988,0.9969437718391418,,max_iter,,,,,stratified_labeled_val,2,True,30,70,0.1882,success,,0.7326549491211841,0.633679207888087,0.6428782906205668,0.7436176538467407,0.7960014534163542,0.5499290190983781,,,,,,,,,,,,,,,
2026-06-29T11:19:53.832394+00:00,phoneme,1489,self_training_lr,0,250,4073,200,50,1081,2,5,5,1767.0,128.0,5.0,"{0: 1899, 1: 68}",0.4338325558556347,0.970067973283974,0.9500084519386292,0.9919138550758362,,max_iter,,,,,stratified_labeled_val,2,True,74,176,0.1326,success,,0.7317298797409806,0.6256420631905792,0.6347598542255031,0.5812085270881653,0.7992881563083225,0.5692267053061957,,,,,,,,,,,,,,,
2026-06-29T11:19:53.969513+00:00,phoneme,1489,self_training_lr,0,500,3823,400,100,1081,2,5,5,1485.0,47.0,5.0,"{0: 1767, 1: 118}",0.388438399162961,0.9650666644276192,0.9500049948692322,0.9878822565078736,,max_iter,,,,,stratified_labeled_val,2,True,147,353,0.1369,success,,0.7243293246993524,0.6296348291409979,0.6375258799171842,0.5309350490570068,0.7869341172973063,0.5426038928546016,,,,,,,,,,,,,,,
2026-06-29T11:19:54.111015+00:00,phoneme,1489,self_training_lr,1,50,4273,40,10,1081,2,5,5,2136.0,106.0,5.0,"{0: 2134, 1: 42}",0.4998829861923707,0.9855143560396598,0.9519546031951904,0.9970828294754028,,max_iter,,,,,stratified_labeled_val,2,True,15,35,0.1226,success,,0.7030527289546716,0.6062769418798619,0.6118491921005387,0.7638890147209167,0.760888235585578,0.4909603274113836,,,,,,,,,,,,,,,
2026-06-29T11:19:54.239554+00:00,phoneme,1489,self_training_lr,1,100,4223,80,20,1081,2,5,5,2111.0,332.0,4.0,"{0: 1857, 1: 334}",0.4998816007577552,0.9823425355707508,0.9500224590301514,0.9948469400405884,,max_total_pseudo_fraction,,,,,stratified_labeled_val,2,True,30,70,0.1496,success,,0.7733580018501388,0.7316877797413579,0.7293260361893374,0.8612346649169922,0.7831684476522371,0.5305927377352733,,,,,,,,,,,,,,,
2026-06-29T11:19:54.396190+00:00,phoneme,1489,self_training_lr,1,250,4073,200,50,1081,2,5,5,1913.0,113.0,5.0,"{0: 2049, 1: 64}",0.4696783697520255,0.9728983316942466,0.9500067830085754,0.990675687789917,,max_iter,,,,,stratified_labeled_val,2,True,74,176,0.1773,success,,0.7141535615171137,0.6113618346078253,0.6181639854732013,0.6083618402481079,0.7822848365732407,0.5529021161203038,,,,,,,,,,,,,,,
2026-06-29T11:19:54.578946+00:00,phoneme,1489,self_training_lr,1,500,3823,400,100,1081,2,5,5,1431.0,132.0,5.0,"{0: 1712, 1: 119}",0.374313366466126,0.9615776276855016,0.9500346779823304,0.9781062602996826,,max_iter,,,,,stratified_labeled_val,2,True,147,353,0.1301,success,,0.7252543940795559,0.6330577898161759,0.6408698132519002,0.5211670398712158,0.7885815977670241,0.5543438771985711,,,,,,,,,,,,,,,
2026-06-29T11:19:54.713993+00:00,phoneme,1489,self_training_lr,2,50,4273,40,10,1081,2,5,5,2136.0,254.0,4.0,"{0: 1648, 1: 528}",0.4998829861923707,0.985715457451031,0.9501006603240968,0.9981406331062316,,max_total_pseudo_fraction,,,,,stratified_labeled_val,2,True,15,35,0.1889,success,,0.7428307123034228,0.7350075148231952,0.7129064924146892,0.9438706636428832,0.7909227542239914,0.5211141479599869,,,,,,,,,,,,,,,
2026-06-29T11:19:54.909889+00:00,phoneme,1489,self_training_lr,2,100,4223,80,20,1081,2,5,5,2111.0,324.0,4.0,"{0: 1810, 1: 381}",0.4998816007577552,0.979814487969576,0.95035719871521,0.9955135583877563,,max_total_pseudo_fraction,,,,,stratified_labeled_val,2,True,30,70,0.1458,success,,0.7437557816836263,0.6821374304259501,0.685268629027596,0.753884494304657,0.8052628536508827,0.5978296633421497,,,,,,,,,,,,,,,
2026-06-29T11:19:55.061795+00:00,phoneme,1489,self_training_lr,2,250,4073,200,50,1081,2,5,5,1822.0,147.0,5.0,"{0: 1832, 1: 190}",0.447336115885097,0.969554290355364,0.9500643014907836,0.9859105348587036,,max_iter,,,,,stratified_labeled_val,2,True,74,176,0.1423,success,,0.7465309898242368,0.6841007812112905,0.6877566940754797,0.5792331099510193,0.8097015541645334,0.5863090036412919,,,,,,,,,,,,,,,
2026-06-29T11:19:55.208554+00:00,phoneme,1489,self_training_lr,2,500,3823,400,100,1081,2,5,5,1560.0,80.0,5.0,"{0: 1835, 1: 125}",0.4080565001307873,0.9648990787756748,0.950001060962677,0.9857752919197084,,max_iter,,,,,stratified_labeled_val,2,True,147,353,0.2913,success,,0.7372802960222017,0.645256990437181,0.6545548654244306,0.5156462788581848,0.8128396122020908,0.568870270431301,,,,,,,,,,,,,,,
2026-06-29T11:19:55.524375+00:00,phoneme,1489,self_training_xgboost,0,50,4273,40,10,1081,2,5,5,1631.0,589.0,3.0,"{0: 1528, 1: 143}",0.3816990404867774,0.9941809342581388,0.9505071640014648,0.9998363256454468,,max_iter,,,,,stratified_labeled_val,2,True,15,35,8.5346,success,,0.7409805735430157,0.6349550762217782,0.645507355007964,1.070950627326965,0.741876145804086,0.5273529978982499,,,,,,,,,,,,,,,
2026-06-29T11:20:04.068938+00:00,phoneme,1489,self_training_xgboost,0,100,4223,80,20,1081,2,5,5,1948.0,569.0,3.0,"{0: 1556, 1: 472}",0.4612834477859341,0.9949816970242612,0.9501196146011353,0.999845564365387,,max_iter,,,,,stratified_labeled_val,2,True,30,70,5.3281,success,,0.7650323774283071,0.7156465225362115,0.71604409696368,0.8420788645744324,0.819437792128429,0.5907771194176744,,,,,,,,,,,,,,,
2026-06-29T11:20:09.427946+00:00,phoneme,1489,self_training_xgboost,0,250,4073,200,50,1081,2,5,5,1989.0,522.0,3.0,"{0: 1641, 1: 548}",0.4883378345200098,0.9965423173854074,0.9678768515586852,0.999868392944336,,max_iter,,,,,stratified_labeled_val,2,True,74,176,11.7895,success,,0.790009250693802,0.7619246205427188,0.753915350017299,0.7719103097915649,0.8481551521958148,0.6470559577836558,,,,,,,,,,,,,,,
2026-06-29T11:20:21.239381+00:00,phoneme,1489,self_training_xgboost,0,500,3823,400,100,1081,2,5,5,1867.0,490.0,3.0,"{0: 1761, 1: 506}",0.4883599267590897,0.9959541591783226,0.9687668085098268,0.999881386756897,,max_iter,,,,,stratified_labeled_val,2,True,147,353,7.1969,success,,0.8233117483811286,0.7882533403802006,0.7874555421159637,0.537536084651947,0.8853948172494096,0.7364058933853442,,,,,,,,,,,,,,,
2026-06-29T11:20:28.447815+00:00,phoneme,1489,self_training_xgboost,1,50,4273,40,10,1081,2,5,5,1926.0,587.0,3.0,"{0: 1372, 1: 594}",0.4507371869880646,0.9956611216934794,0.9507728219032288,0.9998273253440856,,max_iter,,,,,stratified_labeled_val,2,True,15,35,7.4071,success,,0.7520814061054579,0.728632302178473,0.7156357725620146,1.124064326286316,0.7797785191669282,0.5137549885935052,,,,,,,,,,,,,,,
2026-06-29T11:20:35.866760+00:00,phoneme,1489,self_training_xgboost,1,100,4223,80,20,1081,2,5,5,2062.0,541.0,3.0,"{0: 1430, 1: 712}",0.4882784750177599,0.9962821754289992,0.9731892347335817,0.999761700630188,,max_iter,,,,,stratified_labeled_val,2,True,30,70,6.0714,success,,0.7724329324699353,0.7485672287644309,0.7369548702609026,1.126977801322937,0.8038404049746477,0.5365046243877405,,,,,,,,,,,,,,,
2026-06-29T11:20:41.945540+00:00,phoneme,1489,self_training_xgboost,1,250,4073,200,50,1081,2,5,5,1950.0,531.0,3.0,"{0: 1641, 1: 509}",0.4787625828627547,0.9947705486493232,0.95041424036026,0.999882161617279,,max_iter,,,,,stratified_labeled_val,2,True,74,176,8.1327,success,,0.8029602220166513,0.7747782714255042,0.7679277859137781,0.6438838243484497,0.8704787190116768,0.703947589964714,,,,,,,,,,,,,,,
2026-06-29T11:20:50.086264+00:00,phoneme,1489,self_training_xgboost,1,500,3823,400,100,1081,2,5,5,1867.0,490.0,3.0,"{0: 1769, 1: 498}",0.4883599267590897,0.9964937656782628,0.9669790267944336,0.9999207854270936,,max_iter,,,,,stratified_labeled_val,2,True,147,353,7.7673,success,,0.8408880666049954,0.8099162633986821,0.8087733155612602,0.5159822106361389,0.900824978941979,0.7788850491532908,,,,,,,,,,,,,,,
2026-06-29T11:20:57.861722+00:00,phoneme,1489,self_training_xgboost,2,50,4273,40,10,1081,2,5,5,2086.0,547.0,3.0,"{0: 1204, 1: 922}",0.4881816054294406,0.9950098247050324,0.9668629169464112,0.9998127222061156,,max_iter,,,,,stratified_labeled_val,2,True,15,35,2.0086,success,,0.7363552266419982,0.7230436685550068,0.7038774621610788,1.171667218208313,0.833329892480222,0.6290543266811283,,,,,,,,,,,,,,,
2026-06-29T11:20:59.877870+00:00,phoneme,1489,self_training_xgboost,2,100,4223,80,20,1081,2,5,5,1996.0,557.0,3.0,"{0: 1556, 1: 520}",0.4726497750414397,0.9953554645628632,0.9504326581954956,0.9998801350593568,,max_iter,,,,,stratified_labeled_val,2,True,30,70,6.0908,success,,0.7733580018501388,0.7482988422217451,0.7374030921282897,0.7968224883079529,0.8504240507374435,0.6719581747335935,,,,,,,,,,,,,,,
2026-06-29T11:21:05.984097+00:00,phoneme,1489,self_training_xgboost,2,250,4073,200,50,1081,2,5,5,1989.0,522.0,3.0,"{0: 1641, 1: 548}",0.4883378345200098,0.9963846126053428,0.9656530618667604,0.9998934268951416,,max_iter,,,,,stratified_labeled_val,2,True,74,176,7.5082,success,,0.8038852913968547,0.78096974251408,0.7711209651645894,0.6871671676635742,0.8737303252019093,0.7144873188086305,,,,,,,,,,,,,,,
2026-06-29T11:21:13.499633+00:00,phoneme,1489,self_training_xgboost,2,500,3823,400,100,1081,2,5,5,1867.0,490.0,3.0,"{0: 1761, 1: 506}",0.4883599267590897,0.9965543461854788,0.9723486304283142,0.999915361404419,,max_iter,,,,,stratified_labeled_val,2,True,147,353,7.9243,success,,0.8353376503237743,0.7986068673922737,0.8002620018435629,0.500699520111084,0.9056724528052588,0.7557534843654053,,,,,,,,,,,,,,,
2026-06-29T11:21:21.431745+00:00,phoneme,1489,self_training_lightgbm,0,50,4273,40,10,1081,2,5,5,0.0,0.0,0.0,"{0: 28, 1: 12}",0.0,,,,,no_candidates,,,,,stratified_labeled_val,2,True,15,35,0.2918,success,,0.7067530064754857,0.5,0.4140921409214092,0.6051424941170336,0.5,0.2932469935245143,,,,,,,,,,,,,,,
2026-06-29T11:21:21.731542+00:00,phoneme,1489,self_training_lightgbm,0,100,4223,80,20,1081,2,5,5,2015.0,552.0,3.0,"{0: 1547, 1: 548}",0.477148946246744,0.9966139250106084,0.9502845908295814,0.999999996495946,,max_iter,,,,,stratified_labeled_val,2,True,30,70,5.8282,success,,0.7770582793709528,0.7370740912018763,0.7342178421860733,1.658255130847138,0.8414620047236032,0.615274293177774,,,,,,,,,,,,,,,
2026-06-29T11:21:27.567005+00:00,phoneme,1489,self_training_lightgbm,0,250,4073,200,50,1081,2,5,5,1989.0,522.0,3.0,"{0: 1641, 1: 548}",0.4883378345200098,0.9998489247224462,0.9970146903846144,0.9999999995071382,,max_iter,,,,,stratified_labeled_val,2,True,74,176,22.1493,success,,0.8029602220166513,0.7683184137942425,0.7650970970358242,1.4108067571917762,0.867066080895833,0.6722101204542068,,,,,,,,,,,,,,,
2026-06-29T11:21:49.727088+00:00,phoneme,1489,self_training_lightgbm,0,500,3823,400,100,1081,2,5,5,1867.0,490.0,3.0,"{0: 1731, 1: 536}",0.4883599267590897,0.9999136383048232,0.9980124797797998,0.999999999311683,,max_iter,,,,,stratified_labeled_val,2,True,147,353,16.8153,success,,0.8316373728029602,0.7941433927362214,0.7957735075029688,1.0495740840729506,0.893479445719854,0.7587001593654432,,,,,,,,,,,,,,,
2026-06-29T11:22:06.555012+00:00,phoneme,1489,self_training_lightgbm,1,50,4273,40,10,1081,2,5,5,0.0,0.0,0.0,"{0: 28, 1: 12}",0.0,,,,,no_candidates,,,,,stratified_labeled_val,2,True,15,35,0.468,success,,0.7067530064754857,0.5,0.4140921409214092,0.5761794105518369,0.6447202173518093,0.3791812228714903,,,,,,,,,,,,,,,
2026-06-29T11:22:07.030182+00:00,phoneme,1489,self_training_lightgbm,1,100,4223,80,20,1081,2,5,5,2062.0,541.0,3.0,"{0: 1461, 1: 681}",0.4882784750177599,0.9976266131399228,0.971994847138204,0.9999999769922374,,max_iter,,,,,stratified_labeled_val,2,True,30,70,9.5851,success,,0.7659574468085106,0.7301435248649809,0.7243461494656613,2.30193740023815,0.8107379391216741,0.5387599758954992,,,,,,,,,,,,,,,
2026-06-29T11:22:16.622427+00:00,phoneme,1489,self_training_lightgbm,1,250,4073,200,50,1081,2,5,5,1989.0,522.0,3.0,"{0: 1641, 1: 548}",0.4883378345200098,0.99932136238074,0.9879293634760588,0.9999999948973992,,max_iter,,,,,stratified_labeled_val,2,True,74,176,14.7788,success,,0.8103607770582794,0.7883194047599386,0.7784971128309849,1.37153705192666,0.8735692932762977,0.7009529293577784,,,,,,,,,,,,,,,
2026-06-29T11:22:31.416731+00:00,phoneme,1489,self_training_lightgbm,1,500,3823,400,100,1081,2,5,5,1867.0,490.0,3.0,"{0: 1764, 1: 503}",0.4883599267590897,0.9999071585047588,0.99795644306526,0.9999999991053216,,max_iter,,,,,stratified_labeled_val,2,True,147,353,14.3105,success,,0.849213691026827,0.8222661733859646,0.8195966692501513,1.0217814539232462,0.9007382694435728,0.7749275026087509,,,,,,,,,,,,,,,
2026-06-29T11:22:45.735375+00:00,phoneme,1489,self_training_lightgbm,2,50,4273,40,10,1081,2,5,5,0.0,0.0,0.0,"{0: 28, 1: 12}",0.0,,,,,no_candidates,,,,,stratified_labeled_val,2,True,15,35,0.1628,success,,0.7067530064754857,0.5,0.4140921409214092,0.6051424941170336,0.5,0.2932469935245143,,,,,,,,,,,,,,,
2026-06-29T11:22:45.904543+00:00,phoneme,1489,self_training_lightgbm,2,100,4223,80,20,1081,2,5,5,2036.0,547.0,3.0,"{0: 1529, 1: 587}",0.4821217144210277,0.9963393931211232,0.950127039133534,0.9999999830834154,,max_iter,,,,,stratified_labeled_val,2,True,30,70,6.0848,success,,0.7668825161887142,0.7547917320428759,0.7361371561410306,1.8007969278132374,0.8483822485011642,0.6739020032925753,,,,,,,,,,,,,,,
2026-06-29T11:22:52.005160+00:00,phoneme,1489,self_training_lightgbm,2,250,4073,200,50,1081,2,5,5,1989.0,522.0,3.0,"{0: 1614, 1: 575}",0.4883378345200098,0.9997245285750468,0.9956294236101848,0.9999999990488696,,max_iter,,,,,stratified_labeled_val,2,True,74,176,8.7562,success,,0.8196114708603145,0.7948639073777396,0.7875395223154307,1.2592589203485054,0.8846474639536228,0.7482885800891947,,,,,,,,,,,,,,,
2026-06-29T11:23:00.769061+00:00,phoneme,1489,self_training_lightgbm,2,500,3823,400,100,1081,2,5,5,1867.0,490.0,3.0,"{0: 1756, 1: 511}",0.4883599267590897,0.9999039469453832,0.9978871729356444,0.9999999999688476,,max_iter,,,,,stratified_labeled_val,2,True,147,353,9.939,success,,0.8297872340425532,0.7836061241680017,0.7899019773533885,1.017799053018773,0.9072538688952384,0.7689405223416618,,,,,,,,,,,,,,,
2026-06-29T11:23:10.715981+00:00,phoneme,1489,self_training_catboost,0,50,4273,40,10,1081,2,5,5,0.0,0.0,0.0,"{0: 28, 1: 12}",0.0,,,,,no_candidates,,,,,stratified_labeled_val,2,True,15,35,0.4703,success,,0.7382053654024052,0.5988467636711976,0.6022516144718041,0.4899920431601623,0.8078249128775992,0.6048392223626845,,,,,,,,,,,,,,,
2026-06-29T11:23:11.193345+00:00,phoneme,1489,self_training_catboost,0,100,4223,80,20,1081,2,5,5,0.0,0.0,0.0,"{0: 56, 1: 24}",0.0,,,,,min_added_fraction,,,,,stratified_labeled_val,2,True,30,70,0.6933,success,,0.7493061979648473,0.643613638991197,0.6555402044763747,0.4566050370197372,0.8356049845574512,0.5918052754718709,,,,,,,,,,,,,,,
2026-06-29T11:23:11.902641+00:00,phoneme,1489,self_training_catboost,0,250,4073,200,50,1081,2,5,5,750.0,250.0,3.0,"{0: 891, 1: 59}",0.1841394549472133,0.9848340570039013,0.974302525346391,0.9936579066854496,,max_iter,,,,,stratified_labeled_val,2,True,74,176,3.0661,success,,0.7844588344125809,0.7155474259666045,0.7257961093492975,0.4213471282112843,0.8594851933208912,0.645258756321203,,,,,,,,,,,,,,,
2026-06-29T11:23:15.018317+00:00,phoneme,1489,self_training_catboost,0,500,3823,400,100,1081,2,5,5,750.0,250.0,3.0,"{0: 1032, 1: 118}",0.1961810096782631,0.9807408207268966,0.9745227426765932,0.9921338799567566,,max_iter,,,,,stratified_labeled_val,2,True,147,353,4.282,success,,0.8075855689176689,0.7411370505557666,0.7538706739526411,0.3884141561491449,0.8790691528894907,0.7303413443830136,,,,,,,,,,,,,,,
2026-06-29T11:23:19.313939+00:00,phoneme,1489,self_training_catboost,1,50,4273,40,10,1081,2,5,5,0.0,0.0,0.0,"{0: 28, 1: 12}",0.0,,,,,no_candidates,,,,,stratified_labeled_val,2,True,15,35,2.0251,success,,0.7391304347826086,0.670559647876856,0.6753961155123946,0.513547756631984,0.7790456174542092,0.5085409751364836,,,,,,,,,,,,,,,
2026-06-29T11:23:21.379555+00:00,phoneme,1489,self_training_catboost,1,100,4223,80,20,1081,2,5,5,0.0,0.0,0.0,"{0: 56, 1: 24}",0.0,,,,,no_candidates,,,,,stratified_labeled_val,2,True,30,70,3.3239,success,,0.7493061979648473,0.6731444167341074,0.6810761615178524,0.4972851669972766,0.8284308058202718,0.5811439778345966,,,,,,,,,,,,,,,
2026-06-29T11:23:24.739336+00:00,phoneme,1489,self_training_catboost,1,250,4073,200,50,1081,2,5,5,635.0,250.0,3.0,"{0: 776, 1: 59}",0.1559047385219739,0.9835263032189592,0.9700058392810724,0.993675541218866,,max_iter,,,,,stratified_labeled_val,2,True,74,176,8.1031,success,,0.7946345975948196,0.7209007052372537,0.7343380536146018,0.4089709820563358,0.8690562703354419,0.6868204498925153,,,,,,,,,,,,,,,
2026-06-29T11:23:32.853106+00:00,phoneme,1489,self_training_catboost,1,500,3823,400,100,1081,2,5,5,750.0,250.0,3.0,"{0: 1032, 1: 118}",0.1961810096782631,0.9851589274467818,0.9769378556949844,0.9946269263285902,,max_iter,,,,,stratified_labeled_val,2,True,147,353,5.8673,success,,0.818686401480111,0.766524352981981,0.7743887895050685,0.3723999321512474,0.8921375130064247,0.7497096883456442,,,,,,,,,,,,,,,
2026-06-29T11:23:38.739273+00:00,phoneme,1489,self_training_catboost,2,50,4273,40,10,1081,2,5,5,0.0,0.0,0.0,"{0: 28, 1: 12}",0.0,,,,,no_candidates,,,,,stratified_labeled_val,2,True,15,35,0.9432,success,,0.7354301572617946,0.6882442565279865,0.6854232804232805,0.4741318309000996,0.8148855434621038,0.5757451243741565,,,,,,,,,,,,,,,
2026-06-29T11:23:39.699452+00:00,phoneme,1489,self_training_catboost,2,100,4223,80,20,1081,2,5,5,0.0,0.0,0.0,"{0: 56, 1: 24}",0.0,,,,,no_candidates,,,,,stratified_labeled_val,2,True,30,70,3.6659,success,,0.7641073080481036,0.6697730688555997,0.6833171538695724,0.4335487710443997,0.8522532082514409,0.6690560647023848,,,,,,,,,,,,,,,
2026-06-29T11:23:43.412036+00:00,phoneme,1489,self_training_catboost,2,250,4073,200,50,1081,2,5,5,750.0,250.0,3.0,"{0: 891, 1: 59}",0.1841394549472133,0.9859421108279728,0.976778871850208,0.993880534419056,,max_iter,,,,,stratified_labeled_val,2,True,74,176,6.0167,success,,0.8085106382978723,0.7611710737113317,0.7652625450425643,0.3829728898079165,0.8829008869142979,0.733366195243503,,,,,,,,,,,,,,,
2026-06-29T11:23:49.442390+00:00,phoneme,1489,self_training_catboost,2,500,3823,400,100,1081,2,5,5,750.0,250.0,3.0,"{0: 1032, 1: 118}",0.1961810096782631,0.9867279918423644,0.9815068609671886,0.9929388488598224,,max_iter,,,,,stratified_labeled_val,2,True,147,353,6.8488,success,,0.8288621646623496,0.7792603266883578,0.7872674259661708,0.3571245924015033,0.9006598179926338,0.7714734257638666,,,,,,,,,,,,,,,
2026-06-29T11:23:56.313572+00:00,phoneme,1489,rpl_lr,0,50,4273,40,10,1081,2,5,5,,,,,,,,,,,,,,,stratified_labeled_val,2,True,15,35,0.429,success,,0.7058279370952821,0.5085739177828794,0.4424147461849891,1.8068393468856807,0.7249616000792773,0.4964536924138139,,,,,,,,,,,,,,,
2026-06-29T11:23:56.757031+00:00,phoneme,1489,rpl_lr,0,100,4223,80,20,1081,2,5,5,,,,,,,,,,,,,,,stratified_labeled_val,2,True,30,70,0.6211,success,,0.7548566142460684,0.6743026078913902,0.6839589283960914,1.2010596990585327,0.7915008175466992,0.5518381916004673,,,,,,,,,,,,,,,
2026-06-29T11:23:57.425297+00:00,phoneme,1489,rpl_lr,0,250,4073,200,50,1081,2,5,5,,,,,,,,,,,,,,,stratified_labeled_val,2,True,74,176,2.3718,success,,0.7400555041628122,0.6370691363733959,0.6474638627276894,0.8102508783340454,0.8030249227872562,0.591431136478525,,,,,,,,,,,,,,,
2026-06-29T11:23:59.931720+00:00,phoneme,1489,rpl_lr,0,500,3823,400,100,1081,2,5,5,,,,,,,,,,,,,,,stratified_labeled_val,2,True,147,353,1.2662,success,,0.723404255319149,0.6169835004211603,0.6248814767102461,0.5748620629310608,0.7939906188580773,0.5576074079651097,,,,,,,,,,,,,,,
2026-06-29T11:24:01.233064+00:00,phoneme,1489,rpl_lr,1,50,4273,40,10,1081,2,5,5,,,,,,,,,,,,,,,stratified_labeled_val,2,True,15,35,0.9446,success,,0.7548566142460684,0.7010648752209028,0.7023570178036147,1.5066238641738892,0.7633491337308207,0.4954668406474969,,,,,,,,,,,,,,,
2026-06-29T11:24:02.188698+00:00,phoneme,1489,rpl_lr,1,100,4223,80,20,1081,2,5,5,,,,,,,,,,,,,,,stratified_labeled_val,2,True,30,70,0.3591,success,,0.7724329324699353,0.7338018398929758,0.7298927396091497,1.461627721786499,0.7703147967694518,0.5230090676487806,,,,,,,,,,,,,,,
2026-06-29T11:24:02.568031+00:00,phoneme,1489,rpl_lr,1,250,4073,200,50,1081,2,5,5,,,,,,,,,,,,,,,stratified_labeled_val,2,True,74,176,1.1082,success,,0.7354301572617946,0.6181086593885742,0.6269139056224899,0.7172634601593018,0.795283003286703,0.5915062942226478,,,,,,,,,,,,,,,
2026-06-29T11:24:03.714707+00:00,phoneme,1489,rpl_lr,1,500,3823,400,100,1081,2,5,5,,,,,,,,,,,,,,,stratified_labeled_val,2,True,147,353,1.117,success,,0.7261794634597595,0.6207925248154327,0.6291216942991729,0.5629090070724487,0.7909846895799957,0.5613815171731225,,,,,,,,,,,,,,,
2026-06-29T11:24:04.868442+00:00,phoneme,1489,rpl_lr,2,50,4273,40,10,1081,2,5,5,,,,,,,,,,,,,,,stratified_labeled_val,2,True,15,35,1.3431,success,,0.7345050878815911,0.7171205840091168,0.7001300013048458,1.639054536819458,0.780356582489636,0.5038411238931675,,,,,,,,,,,,,,,
2026-06-29T11:24:06.252424+00:00,phoneme,1489,rpl_lr,2,100,4223,80,20,1081,2,5,5,,,,,,,,,,,,,,,stratified_labeled_val,2,True,30,70,1.3741,success,,0.7483811285846439,0.6715671296678614,0.6795501111643925,1.205350637435913,0.8093216839810395,0.6118248646607161,,,,,,,,,,,,,,,
2026-06-29T11:24:07.668971+00:00,phoneme,1489,rpl_lr,2,250,4073,200,50,1081,2,5,5,,,,,,,,,,,,,,,stratified_labeled_val,2,True,74,176,1.2421,success,,0.7548566142460684,0.6918365071762432,0.6965043411008757,0.7581986784934998,0.8171048937189291,0.6101029595194992,,,,,,,,,,,,,,,
2026-06-29T11:24:08.942693+00:00,phoneme,1489,rpl_lr,2,500,3823,400,100,1081,2,5,5,,,,,,,,,,,,,,,stratified_labeled_val,2,True,147,353,2.4776,success,,0.7391304347826086,0.6410288701339455,0.6510955555148608,0.5979200005531311,0.8208375311741292,0.596056100794999,,,,,,,,,,,,,,,
2026-06-29T11:24:11.451235+00:00,phoneme,1489,rpl_lite_xgboost,0,50,4273,40,10,1081,2,5,5,1809.0,617.0,3.0,"{0: 1500, 1: 309}",0.4233559560028083,0.9905628685532122,,,0.2698694997238245,max_iter,,,,,stratified_labeled_val,2,True,15,35,11.4358,success,,0.7474560592044404,0.6801410474507408,0.6854345895853697,1.074411392211914,0.7610079772738534,0.5492796653158916,,,,,,,,,,,,,,,
2026-06-29T11:24:22.911845+00:00,phoneme,1489,rpl_lite_xgboost,0,100,4223,80,20,1081,2,5,5,2013.0,553.0,3.0,"{0: 1500, 1: 513}",0.4766753492777646,0.9920082583808804,,,0.2495112629511656,max_iter,,,,,stratified_labeled_val,2,True,30,70,8.7994,success,,0.7668825161887142,0.729875138322295,0.7247340425531915,0.872585654258728,0.8213226914628305,0.5868428931701175,,,,,,,,,,,,,,,
2026-06-29T11:24:31.723550+00:00,phoneme,1489,rpl_lite_xgboost,0,250,4073,200,50,1081,2,5,5,1989.0,522.0,3.0,"{0: 1500, 1: 489}",0.4883378345200098,0.9965629636671988,,,0.2464455896587036,max_iter,,,,,stratified_labeled_val,2,True,74,176,7.2715,success,,0.7853839037927844,0.7577295324293525,0.7491176823656516,0.75687575340271,0.8528395296216162,0.6526391391636259,,,,,,,,,,,,,,,
2026-06-29T11:24:39.008942+00:00,phoneme,1489,rpl_lite_xgboost,0,500,3823,400,100,1081,2,5,5,1867.0,490.0,3.0,"{0: 1474, 1: 393}",0.4883599267590897,0.9958800811402352,,,0.2606988804117306,max_iter,,,,,stratified_labeled_val,2,True,147,353,10.3794,success,,0.8149861239592969,0.774057756783986,0.7755752829702953,0.5428240299224854,0.8846887541909589,0.735415553149272,,,,,,,,,,,,,,,
2026-06-29T11:24:49.402704+00:00,phoneme,1489,rpl_lite_xgboost,1,50,4273,40,10,1081,2,5,5,2086.0,547.0,3.0,"{0: 1429, 1: 657}",0.4881816054294406,0.9888695440150632,,,0.1770772950190602,max_iter,,,,,stratified_labeled_val,2,True,15,35,5.4689,success,,0.7465309898242368,0.7219370901943944,0.7092694092611642,1.11331307888031,0.788868564916511,0.5243953373017017,,,,,,,,,,,,,,,
2026-06-29T11:24:54.886611+00:00,phoneme,1489,rpl_lite_xgboost,1,100,4223,80,20,1081,2,5,5,2062.0,541.0,3.0,"{0: 1361, 1: 701}",0.4882784750177599,0.9962874106650904,,,0.1820146024220335,max_iter,,,,,stratified_labeled_val,2,True,30,70,10.2699,success,,0.7705827937095282,0.7380299601962113,0.7309261132790544,1.1126863956451416,0.8101640048226997,0.554827403283398,,,,,,,,,,,,,,,
2026-06-29T11:25:05.164058+00:00,phoneme,1489,rpl_lite_xgboost,1,250,4073,200,50,1081,2,5,5,1989.0,522.0,3.0,"{0: 1500, 1: 489}",0.4883378345200098,0.9932709947310842,,,0.1907742063708132,max_iter,,,,,stratified_labeled_val,2,True,74,176,8.0627,success,,0.8057354301572618,0.7767416222108445,0.7706117021276595,0.6523871421813965,0.8704353642624737,0.7055030522684359,,,,,,,,,,,,,,,
2026-06-29T11:25:13.237670+00:00,phoneme,1489,rpl_lite_xgboost,1,500,3823,400,100,1081,2,5,5,1867.0,490.0,3.0,"{0: 1486, 1: 381}",0.4883599267590897,0.9964564868838122,,,0.2625410733013699,max_iter,,,,,stratified_labeled_val,2,True,147,353,9.2345,success,,0.8408880666049954,0.8080705897897501,0.8080705897897501,0.5076923370361328,0.9011553008406692,0.779155301096053,,,,,,,,,,,,,,,
2026-06-29T11:25:22.485010+00:00,phoneme,1489,rpl_lite_xgboost,2,50,4273,40,10,1081,2,5,5,2086.0,547.0,3.0,"{0: 1200, 1: 886}",0.4881816054294406,0.9949795071139204,,,0.2613490243455173,max_iter,,,,,stratified_labeled_val,2,True,15,35,5.7177,success,,0.7456059204440333,0.7332795183906717,0.71387280177023,1.1693252325057983,0.8360344030257486,0.6319970454106105,,,,,,,,,,,,,,,
2026-06-29T11:25:28.215936+00:00,phoneme,1489,rpl_lite_xgboost,2,100,4223,80,20,1081,2,5,5,2062.0,541.0,3.0,"{0: 1499, 1: 563}",0.4882784750177599,0.9920638388042652,,,0.2949433548219058,max_iter,,,,,stratified_labeled_val,2,True,30,70,8.5597,success,,0.7779833487511564,0.7607994615753051,0.7457308180834549,0.8206626772880554,0.8541071399078402,0.6842433180741145,,,,,,,,,,,,,,,
2026-06-29T11:25:36.788552+00:00,phoneme,1489,rpl_lite_xgboost,2,250,4073,200,50,1081,2,5,5,1989.0,522.0,3.0,"{0: 1500, 1: 489}",0.4883378345200098,0.9963996410070202,,,0.2911714881407551,max_iter,,,,,stratified_labeled_val,2,True,74,176,7.3159,success,,0.8057354301572618,0.785969990255504,0.7743780263816997,0.681353747844696,0.875410837861496,0.7224795422470381,,,,,,,,,,,,,,,
2026-06-29T11:25:44.119050+00:00,phoneme,1489,rpl_lite_xgboost,2,500,3823,400,100,1081,2,5,5,1867.0,490.0,3.0,"{0: 1481, 1: 386}",0.4883599267590897,0.9965376054851142,,,0.2918337694001043,max_iter,,,,,stratified_labeled_val,2,True,147,353,8.8809,success,,0.8399629972247918,0.8055704659190381,0.8064169860909405,0.4950944185256958,0.9080012221910252,0.7617774492053689,,,,,,,,,,,,,,,
2026-06-29T11:25:53.130250+00:00,spambase,44,logistic_regression,0,50,3630,40,10,921,2,57,57,,,,,,,,,,,,,,,stratified_labeled_val,2,True,20,30,0.2925,success,,0.8849077090119435,0.8828756775970852,0.8802840045126796,0.3428041338920593,0.9405294390631632,0.8899128468838724,,,,,,,,,,,,,,,
2026-06-29T11:25:53.437506+00:00,spambase,44,logistic_regression,0,100,3580,80,20,921,2,57,57,,,,,,,,,,,,,,,stratified_labeled_val,2,True,40,60,0.3094,success,,0.9077090119435396,0.9089131787079,0.9043738708641104,0.3683435022830963,0.947194328426,0.8712324112516531,,,,,,,,,,,,,,,
2026-06-29T11:25:53.762004+00:00,spambase,44,logistic_regression,0,250,3430,200,50,921,2,57,57,,,,,,,,,,,,,,,stratified_labeled_val,2,True,99,151,0.3018,success,,0.9250814332247556,0.9193992713054298,0.921216178521618,0.2944577038288116,0.9594552563760776,0.910275011915794,,,,,,,,,,,,,,,
2026-06-29T11:25:54.076311+00:00,spambase,44,logistic_regression,0,500,3180,400,100,921,2,57,57,,,,,,,,,,,,,,,stratified_labeled_val,2,True,197,303,0.3062,success,,0.9163952225841476,0.9141562250066648,0.9127601651869794,0.30573371052742,0.9592108770994402,0.9033491404687826,,,,,,,,,,,,,,,
2026-06-29T11:25:54.395418+00:00,spambase,44,logistic_regression,1,50,3630,40,10,921,2,57,57,,,,,,,,,,,,,,,stratified_labeled_val,2,True,20,30,0.2867,success,,0.8675352877307275,0.8497659883290382,0.8576240002432869,0.3675488829612732,0.9160075831630085,0.8823608993600219,,,,,,,,,,,,,,,
2026-06-29T11:25:54.692047+00:00,spambase,44,logistic_regression,1,100,3580,80,20,921,2,57,57,,,,,,,,,,,,,,,stratified_labeled_val,2,True,40,60,0.2892,success,,0.9033659066232356,0.8937764744216357,0.8977413499504108,0.3015748262405395,0.9462266852296176,0.9186932797339606,,,,,,,,,,,,,,,
2026-06-29T11:25:54.992941+00:00,spambase,44,logistic_regression,1,250,3430,200,50,921,2,57,57,,,,,,,,,,,,,,,stratified_labeled_val,2,True,99,151,0.2976,success,,0.9044516829533116,0.8965979442519032,0.8992641940936661,0.3030946552753448,0.9484557204498554,0.9118672082118952,,,,,,,,,,,,,,,
2026-06-29T11:25:55.301370+00:00,spambase,44,logistic_regression,1,500,3180,400,100,921,2,57,57,,,,,,,,,,,,,,,stratified_labeled_val,2,True,197,303,0.2532,success,,0.9120521172638436,0.9033516988062442,0.9070328807581828,0.2952513396739959,0.953227287538138,0.9214185674083512,,,,,,,,,,,,,,,
2026-06-29T11:25:55.562408+00:00,spambase,44,logistic_regression,2,50,3630,40,10,921,2,57,57,,,,,,,,,,,,,,,stratified_labeled_val,2,True,20,30,0.2168,success,,0.7698154180238871,0.7359074617139134,0.7442872858714442,0.5367651581764221,0.8503263327310248,0.7560107474869454,,,,,,,,,,,,,,,
2026-06-29T11:25:55.790415+00:00,spambase,44,logistic_regression,2,100,3580,80,20,921,2,57,57,,,,,,,,,,,,,,,stratified_labeled_val,2,True,40,60,0.241,success,,0.8306188925081434,0.807266210492017,0.8160735316708485,0.5121012926101685,0.9054449677616834,0.8125819657582002,,,,,,,,,,,,,,,
2026-06-29T11:25:56.043518+00:00,spambase,44,logistic_regression,2,250,3430,200,50,921,2,57,57,,,,,,,,,,,,,,,stratified_labeled_val,2,True,99,151,0.4123,success,,0.8664495114006515,0.8628291714801979,0.8608974870607882,0.4254532158374786,0.926646721368129,0.8493473226676963,,,,,,,,,,,,,,,
2026-06-29T11:25:56.476846+00:00,spambase,44,logistic_regression,2,500,3180,400,100,921,2,57,57,,,,,,,,,,,,,,,stratified_labeled_val,2,True,197,303,0.4134,success,,0.8914223669923995,0.8858452560798602,0.8862165073780133,0.292420357465744,0.9512451000720796,0.9157388452343058,,,,,,,,,,,,,,,
2026-06-29T11:25:56.900057+00:00,spambase,44,random_forest,0,50,3630,40,10,921,2,57,57,,,,,,,,,,,,,,,stratified_labeled_val,2,True,20,30,3.1372,success,,0.8827361563517915,0.8637548505583696,0.8733278997503948,0.3867249793095098,0.943550855574316,0.9322214570299708,,,,,,,,,,,,,,,
2026-06-29T11:26:00.079632+00:00,spambase,44,random_forest,0,100,3580,80,20,921,2,57,57,,,,,,,,,,,,,,,stratified_labeled_val,2,True,40,60,5.7599,success,,0.9250814332247556,0.9126603276163392,0.920005488301484,0.3015742787940277,0.9593614542294896,0.9516275883387296,,,,,,,,,,,,,,,
2026-06-29T11:26:05.853025+00:00,spambase,44,random_forest,0,250,3430,200,50,921,2,57,57,,,,,,,,,,,,,,,stratified_labeled_val,2,True,99,151,2.9878,success,,0.9315960912052116,0.9218874966675552,0.9273765671994862,0.2515497008170229,0.9715285800329788,0.9612921392019658,,,,,,,,,,,,,,,
2026-06-29T11:26:08.862936+00:00,spambase,44,random_forest,0,500,3180,400,100,921,2,57,57,,,,,,,,,,,,,,,stratified_labeled_val,2,True,197,303,2.2247,success,,0.9391965255157436,0.9353801949109868,0.936218836565097,0.2218766954373099,0.979346248407832,0.9680046850925158,,,,,,,,,,,,,,,
2026-06-29T11:26:11.105775+00:00,spambase,44,random_forest,1,50,3630,40,10,921,2,57,57,,,,,,,,,,,,,,,stratified_labeled_val,2,True,20,30,2.0068,success,,0.8990228013029316,0.8834533013418644,0.8916663820874455,0.3323252590210749,0.9425906178105592,0.9293180958473912,,,,,,,,,,,,,,,
2026-06-29T11:26:13.126292+00:00,spambase,44,random_forest,1,100,3580,80,20,921,2,57,57,,,,,,,,,,,,,,,stratified_labeled_val,2,True,40,60,1.9703,success,,0.9022801302931596,0.895287182677212,0.8971863619675124,0.3131400270048335,0.9455651332484178,0.9387602190576102,,,,,,,,,,,,,,,
2026-06-29T11:26:15.109928+00:00,spambase,44,random_forest,1,250,3430,200,50,921,2,57,57,,,,,,,,,,,,,,,stratified_labeled_val,2,True,99,151,2.0946,success,,0.9109663409337676,0.9019742883379248,0.9058347963132904,0.3018810380797484,0.9603290974258716,0.9523629866301826,,,,,,,,,,,,,,,
2026-06-29T11:26:17.215414+00:00,spambase,44,random_forest,1,500,3180,400,100,921,2,57,57,,,,,,,,,,,,,,,stratified_labeled_val,2,True,197,303,1.929,success,,0.9391965255157436,0.9324920761870908,0.9358283979495348,0.2720163801151418,0.9689514894793488,0.9601887265030936,,,,,,,,,,,,,,,
2026-06-29T11:26:19.157563+00:00,spambase,44,random_forest,2,50,3630,40,10,921,2,57,57,,,,,,,,,,,,,,,stratified_labeled_val,2,True,20,30,2.7798,success,,0.8251900108577633,0.7873826238928878,0.801529077774967,0.3934707380629962,0.9233167451642524,0.9009163926340684,,,,,,,,,,,,,,,
2026-06-29T11:26:21.945984+00:00,spambase,44,random_forest,2,100,3580,80,20,921,2,57,57,,,,,,,,,,,,,,,stratified_labeled_val,2,True,40,60,2.3564,success,,0.8794788273615635,0.8495142036197755,0.8655960558751028,0.344309494376481,0.9617287241920672,0.9568870834090925,,,,,,,,,,,,,,,
2026-06-29T11:26:24.313476+00:00,spambase,44,random_forest,2,250,3430,200,50,921,2,57,57,,,,,,,,,,,,,,,stratified_labeled_val,2,True,99,151,2.8599,success,,0.9207383279044516,0.908594745105009,0.915466447724938,0.253384397211075,0.9711780562220445,0.96712402650795,,,,,,,,,,,,,,,
2026-06-29T11:26:27.184749+00:00,spambase,44,random_forest,2,500,3180,400,100,921,2,57,57,,,,,,,,,,,,,,,stratified_labeled_val,2,True,197,303,2.4117,success,,0.9261672095548316,0.9145190912053084,0.921301834631817,0.2349630521247417,0.9712496420707564,0.9694031772125902,,,,,,,,,,,,,,,
2026-06-29T11:26:29.619303+00:00,spambase,44,xgboost,0,50,3630,40,10,921,2,57,57,,,,,,,,,,,,,,,stratified_labeled_val,2,True,20,30,1.3267,success,,0.8621064060803475,0.8553941171243225,0.8555650912234125,0.3465329110622406,0.921761604312924,0.8980456727714806,,,,,,,,,,,,,,,
2026-06-29T11:26:30.958807+00:00,spambase,44,xgboost,0,100,3580,80,20,921,2,57,57,,,,,,,,,,,,,,,stratified_labeled_val,2,True,40,60,2.0394,success,,0.8555917480998915,0.8524245386415474,0.8498567735624956,0.3610012233257293,0.9262122693207736,0.9017515555790976,,,,,,,,,,,,,,,
2026-06-29T11:26:33.011236+00:00,spambase,44,xgboost,0,250,3430,200,50,921,2,57,57,,,,,,,,,,,,,,,stratified_labeled_val,2,True,99,151,1.4641,success,,0.9098805646036916,0.89722740602506,0.9038865090571214,0.2644012570381164,0.9567325256474816,0.9470420568888972,,,,,,,,,,,,,,,
2026-06-29T11:26:34.488861+00:00,spambase,44,xgboost,0,500,3180,400,100,921,2,57,57,,,,,,,,,,,,,,,stratified_labeled_val,2,True,197,303,2.5073,success,,0.9337676438653636,0.9352320862584792,0.9312573033226677,0.1894601136445999,0.9771764566485972,0.963046961722241,,,,,,,,,,,,,,,
2026-06-29T11:26:37.008472+00:00,spambase,44,xgboost,1,50,3630,40,10,921,2,57,57,,,,,,,,,,,,,,,stratified_labeled_val,2,True,20,30,0.9637,success,,0.8653637350705755,0.8498992861162948,0.8561575510862118,0.358646810054779,0.9150152551912084,0.8940331265496592,,,,,,,,,,,,,,,
2026-06-29T11:26:37.985290+00:00,spambase,44,xgboost,1,100,3580,80,20,921,2,57,57,,,,,,,,,,,,,,,stratified_labeled_val,2,True,40,60,1.8395,success,,0.8512486427795874,0.844989484285672,0.8444902924287969,0.4339320063591003,0.9161507548604324,0.9077207091885928,,,,,,,,,,,,,,,
2026-06-29T11:26:39.837947+00:00,spambase,44,xgboost,1,250,3430,200,50,921,2,57,57,,,,,,,,,,,,,,,stratified_labeled_val,2,True,99,151,1.4171,success,,0.8935939196525515,0.8842678989306556,0.8875810839087674,0.335371196269989,0.9441951282127234,0.932750378579808,,,,,,,,,,,,,,,
2026-06-29T11:26:41.269089+00:00,spambase,44,xgboost,1,500,3180,400,100,921,2,57,57,,,,,,,,,,,,,,,stratified_labeled_val,2,True,197,303,2.8747,success,,0.9229098805646035,0.9176071566100892,0.9190141150331232,0.253015398979187,0.9608326668443968,0.9431783550423768,,,,,,,,,,,,,,,
2026-06-29T11:26:44.156053+00:00,spambase,44,xgboost,2,50,3630,40,10,921,2,57,57,,,,,,,,,,,,,,,stratified_labeled_val,2,True,20,30,1.4932,success,,0.8251900108577633,0.7998978050297698,0.809281207997582,0.4296405017375946,0.8929766876980954,0.8546808984893199,,,,,,,,,,,,,,,
2026-06-29T11:26:45.660283+00:00,spambase,44,xgboost,2,100,3580,80,20,921,2,57,57,,,,,,,,,,,,,,,stratified_labeled_val,2,True,40,60,0.9709,success,,0.8534201954397395,0.8241580023104951,0.8375336634012678,0.3697223365306854,0.9389940460321692,0.9252880166262664,,,,,,,,,,,,,,,
2026-06-29T11:26:46.642812+00:00,spambase,44,xgboost,2,250,3430,200,50,921,2,57,57,,,,,,,,,,,,,,,stratified_labeled_val,2,True,99,151,2.2815,success,,0.9131378935939196,0.9013596374300188,0.907519906817018,0.2299036681652069,0.9662114794079604,0.9577423830183148,,,,,,,,,,,,,,,
2026-06-29T11:26:48.938250+00:00,spambase,44,xgboost,2,500,3180,400,100,921,2,57,57,,,,,,,,,,,,,,,stratified_labeled_val,2,True,197,303,2.8899,success,,0.9174809989142236,0.9068692793032967,0.9123419560382312,0.2208926528692245,0.968166513621059,0.9617245709330736,,,,,,,,,,,,,,,
2026-06-29T11:26:51.841825+00:00,spambase,44,lightgbm,0,50,3630,40,10,921,2,57,57,,,,,,,,,,,,,,,stratified_labeled_val,2,True,20,30,0.3833,success,,0.7752442996742671,0.7413504546935632,0.7501274612471935,0.4978795844651654,0.8317559761841287,0.7186364140101472,,,,,,,,,,,,,,,
2026-06-29T11:26:52.237596+00:00,spambase,44,lightgbm,0,100,3580,80,20,921,2,57,57,,,,,,,,,,,,,,,stratified_labeled_val,2,True,40,60,0.7635,success,,0.8295331161780674,0.8241802186083711,0.8224463859231199,0.5601435703833367,0.900031596512535,0.8740144750850133,,,,,,,,,,,,,,,
2026-06-29T11:26:53.013202+00:00,spambase,44,lightgbm,0,250,3430,200,50,921,2,57,57,,,,,,,,,,,,,,,stratified_labeled_val,2,True,99,151,2.2554,success,,0.9066232356134636,0.8964646464646464,0.9010271405008248,0.4164245335024745,0.960642594073679,0.9498585299774462,,,,,,,,,,,,,,,
2026-06-29T11:26:55.281021+00:00,spambase,44,lightgbm,0,500,3180,400,100,921,2,57,57,,,,,,,,,,,,,,,stratified_labeled_val,2,True,197,303,4.2948,success,,0.9402823018458196,0.9430151959477472,0.9381242693826596,0.2899125341918622,0.9825429268244518,0.9671005319692766,,,,,,,,,,,,,,,
2026-06-29T11:26:59.588191+00:00,spambase,44,lightgbm,1,50,3630,40,10,921,2,57,57,,,,,,,,,,,,,,,stratified_labeled_val,2,True,20,30,0.9287,success,,0.6058631921824105,0.5288811872389585,0.4906695185992623,0.6580302086125479,0.5956090721486615,0.4578250130171785,,,,,,,,,,,,,,,
2026-06-29T11:27:00.536008+00:00,spambase,44,lightgbm,1,100,3580,80,20,921,2,57,57,,,,,,,,,,,,,,,stratified_labeled_val,2,True,40,60,0.7073,success,,0.8284473398479913,0.8218401018987529,0.8209053315610693,0.7472487063730616,0.9032776444799906,0.8807525463147978,,,,,,,,,,,,,,,
2026-06-29T11:27:01.254679+00:00,spambase,44,lightgbm,1,250,3430,200,50,921,2,57,57,,,,,,,,,,,,,,,stratified_labeled_val,2,True,99,151,2.5126,success,,0.8935939196525515,0.8876373707752008,0.8883829639889196,0.6476557507940729,0.947078309981536,0.9321111987440198,,,,,,,,,,,,,,,
2026-06-29T11:27:03.783564+00:00,spambase,44,lightgbm,1,500,3180,400,100,921,2,57,57,,,,,,,,,,,,,,,stratified_labeled_val,2,True,197,303,4.4091,success,,0.9272529858849076,0.9221540922420688,0.9235767001016798,0.4459026076421563,0.9661621098571244,0.9464599259684704,,,,,,,,,,,,,,,
2026-06-29T11:27:08.206069+00:00,spambase,44,lightgbm,2,50,3630,40,10,921,2,57,57,,,,,,,,,,,,,,,stratified_labeled_val,2,True,20,30,0.4343,success,,0.7709011943539631,0.7599084688527504,0.7600333405365357,0.4937078147408937,0.8301983668552584,0.7245635498928724,,,,,,,,,,,,,,,
2026-06-29T11:27:08.666579+00:00,spambase,44,lightgbm,2,100,3580,80,20,921,2,57,57,,,,,,,,,,,,,,,stratified_labeled_val,2,True,40,60,1.4943,success,,0.8360477741585234,0.811265144109719,0.8211270956995955,0.618863699252964,0.9132725100467036,0.890620795051551,,,,,,,,,,,,,,,
2026-06-29T11:27:10.173194+00:00,spambase,44,lightgbm,2,250,3430,200,50,921,2,57,57,,,,,,,,,,,,,,,stratified_labeled_val,2,True,99,151,1.922,success,,0.8979370249728555,0.8830385971148434,0.8906993303639064,0.4446879085664633,0.9601192768348196,0.9494767064437972,,,,,,,,,,,,,,,
2026-06-29T11:27:12.128550+00:00,spambase,44,lightgbm,2,500,3180,400,100,921,2,57,57,,,,,,,,,,,,,,,stratified_labeled_val,2,True,197,303,3.9905,success,,0.9239956568946796,0.9127269765099676,0.9190799184648908,0.3435144798966549,0.9730343513334716,0.967643719590517,,,,,,,,,,,,,,,
2026-06-29T11:27:16.131691+00:00,spambase,44,catboost,0,50,3630,40,10,921,2,57,57,,,,,,,,,,,,,,,stratified_labeled_val,2,True,20,30,3.8717,success,,0.8490770901194354,0.8412719571077343,0.8417637265044738,0.4109858478124776,0.9194585147664328,0.8989813587124722,,,,,,,,,,,,,,,
2026-06-29T11:27:20.016115+00:00,spambase,44,catboost,0,100,3580,80,20,921,2,57,57,,,,,,,,,,,,,,,stratified_labeled_val,2,True,40,60,4.2592,success,,0.8794788273615635,0.8682869753250986,0.8723256781109929,0.3989695319292362,0.925521095609072,0.9170129694767984,,,,,,,,,,,,,,,
2026-06-29T11:27:24.304070+00:00,spambase,44,catboost,0,250,3430,200,50,921,2,57,57,,,,,,,,,,,,,,,stratified_labeled_val,2,True,99,151,4.1829,success,,0.9239956568946796,0.9141710358719156,0.9193520140105078,0.237902962753154,0.9677913050347068,0.9575075513991008,,,,,,,,,,,,,,,
2026-06-29T11:27:28.495992+00:00,spambase,44,catboost,0,500,3180,400,100,921,2,57,57,,,,,,,,,,,,,,,stratified_labeled_val,2,True,197,303,5.5959,success,,0.9478827361563518,0.9478435380194912,0.9456914851796524,0.16736374332239,0.9816789596848248,0.9700125633355556,,,,,,,,,,,,,,,
2026-06-29T11:27:34.101937+00:00,spambase,44,catboost,1,50,3630,40,10,921,2,57,57,,,,,,,,,,,,,,,stratified_labeled_val,2,True,20,30,3.162,success,,0.8968512486427795,0.8792544210432773,0.8887874855256586,0.3668167586988337,0.9331783129437088,0.9181269976237414,,,,,,,,,,,,,,,
2026-06-29T11:27:37.274176+00:00,spambase,44,catboost,1,100,3580,80,20,921,2,57,57,,,,,,,,,,,,,,,stratified_labeled_val,2,True,40,60,3.668,success,,0.8479913137893594,0.8427826653633106,0.8414552572816967,0.5680140900371492,0.9108928976964168,0.8928525631397533,,,,,,,,,,,,,,,
2026-06-29T11:27:40.951050+00:00,spambase,44,catboost,1,250,3430,200,50,921,2,57,57,,,,,,,,,,,,,,,stratified_labeled_val,2,True,99,151,4.3681,success,,0.9196525515743756,0.9115495127225332,0.915112247033151,0.2787896885826376,0.9587319924563328,0.943921498918904,,,,,,,,,,,,,,,
2026-06-29T11:27:45.352770+00:00,spambase,44,catboost,1,500,3180,400,100,921,2,57,57,,,,,,,,,,,,,,,stratified_labeled_val,2,True,197,303,5.7665,success,,0.9402823018458196,0.9353135460173584,0.9372013017201302,0.2005347378348598,0.9721605102836774,0.9523376877244102,,,,,,,,,,,,,,,
2026-06-29T11:27:51.128425+00:00,spambase,44,catboost,2,50,3630,40,10,921,2,57,57,,,,,,,,,,,,,,,stratified_labeled_val,2,True,20,30,2.3196,success,,0.761129207383279,0.7321084747770965,0.7388513687683662,0.6141904066301404,0.8600151070825559,0.8154231574054256,,,,,,,,,,,,,,,
2026-06-29T11:27:53.459878+00:00,spambase,44,catboost,2,100,3580,80,20,921,2,57,57,,,,,,,,,,,,,,,stratified_labeled_val,2,True,40,60,3.2095,success,,0.8773072747014115,0.8554237388548239,0.8665041040434993,0.444820924138204,0.9433311610730966,0.9346943363084276,,,,,,,,,,,,,,,
2026-06-29T11:27:56.677433+00:00,spambase,44,catboost,2,250,3430,200,50,921,2,57,57,,,,,,,,,,,,,,,stratified_labeled_val,2,True,99,151,6.1239,success,,0.9142236699239956,0.9017743416570396,0.908518484524248,0.2356424645540344,0.970084520671031,0.9644082078348614,,,,,,,,,,,,,,,
2026-06-29T11:28:02.812674+00:00,spambase,44,catboost,2,500,3180,400,100,921,2,57,57,,,,,,,,,,,,,,,stratified_labeled_val,2,True,197,303,7.9028,success,,0.9348534201954396,0.924575668710566,0.9307185412529336,0.1807325992206191,0.9780502976983916,0.9735170698062628,,,,,,,,,,,,,,,
2026-06-29T11:28:10.724773+00:00,spambase,44,mlp,0,50,3630,40,10,921,2,57,57,,,,,,,,,,,,,,,stratified_labeled_val,2,True,20,30,0.2364,success,,0.6634093376764386,0.6543514322106697,0.651966472928694,0.6430006623268127,0.7004848089892078,0.6148004346503019,,,,,,,,,,,,,,,
2026-06-29T11:28:10.969577+00:00,spambase,44,mlp,0,100,3580,80,20,921,2,57,57,,,,,,,,,,,,,,,stratified_labeled_val,2,True,40,60,0.368,success,,0.8523344191096635,0.825187357445422,0.8374143302180685,0.4342552721500397,0.932171174106658,0.8699643539315273,,,,,,,,,,,,,,,
2026-06-29T11:28:11.346827+00:00,spambase,44,mlp,0,250,3430,200,50,921,2,57,57,,,,,,,,,,,,,,,stratified_labeled_val,2,True,99,151,0.4142,success,,0.8621064060803475,0.8313264610918569,0.846222514379622,0.4152718186378479,0.9452590420332354,0.9250462726717686,,,,,,,,,,,,,,,
2026-06-29T11:28:11.771053+00:00,spambase,44,mlp,0,500,3180,400,100,921,2,57,57,,,,,,,,,,,,,,,stratified_labeled_val,2,True,197,303,0.5935,success,,0.9022801302931596,0.8914363577120176,0.8963097322992244,0.3154235482215881,0.9594675987637864,0.9159057197197272,,,,,,,,,,,,,,,
2026-06-29T11:28:12.374014+00:00,spambase,44,mlp,1,50,3630,40,10,921,2,57,57,,,,,,,,,,,,,,,stratified_labeled_val,2,True,20,30,0.2909,success,,0.7871878393051032,0.738691904381054,0.750052615837921,0.5291220545768738,0.861681329423265,0.8338129449220574,,,,,,,,,,,,,,,
2026-06-29T11:28:12.673992+00:00,spambase,44,mlp,1,100,3580,80,20,921,2,57,57,,,,,,,,,,,,,,,stratified_labeled_val,2,True,40,60,0.2946,success,,0.7785016286644951,0.7344115643235878,0.7447283754700985,0.5757042765617371,0.8246245445658935,0.7665268960988898,,,,,,,,,,,,,,,
2026-06-29T11:28:12.977596+00:00,spambase,44,mlp,1,250,3430,200,50,921,2,57,57,,,,,,,,,,,,,,,stratified_labeled_val,2,True,99,151,0.3793,success,,0.8631921824104235,0.8327038715601764,0.8475518118379015,0.4262401461601257,0.939137217729593,0.9158406752918786,,,,,,,,,,,,,,,
2026-06-29T11:28:13.365106+00:00,spambase,44,mlp,1,500,3180,400,100,921,2,57,57,,,,,,,,,,,,,,,stratified_labeled_val,2,True,197,303,0.5797,success,,0.9163952225841476,0.9040478094730294,0.9108344722578114,0.3227075934410095,0.9547972392547172,0.9350518255024142,,,,,,,,,,,,,,,
2026-06-29T11:28:13.954432+00:00,spambase,44,mlp,2,50,3630,40,10,921,2,57,57,,,,,,,,,,,,,,,stratified_labeled_val,2,True,20,30,0.2193,success,,0.7795874049945711,0.7511922746526852,0.7588635194063,0.4803632497787475,0.8545178075969865,0.7808390158234326,,,,,,,,,,,,,,,
2026-06-29T11:28:14.180325+00:00,spambase,44,mlp,2,100,3580,80,20,921,2,57,57,,,,,,,,,,,,,,,stratified_labeled_val,2,True,40,60,0.4025,success,,0.7850162866449512,0.770594508131165,0.7728679042238364,0.5486456751823425,0.8499609980548398,0.7199819819787829,,,,,,,,,,,,,,,
2026-06-29T11:28:14.590945+00:00,spambase,44,mlp,2,250,3430,200,50,921,2,57,57,,,,,,,,,,,,,,,stratified_labeled_val,2,True,99,151,0.4128,success,,0.757871878393051,0.7255694777688912,0.7328236529177838,0.5777803063392639,0.8290776780512852,0.7226574248284111,,,,,,,,,,,,,,,
2026-06-29T11:28:15.014046+00:00,spambase,44,mlp,2,500,3180,400,100,921,2,57,57,,,,,,,,,,,,,,,stratified_labeled_val,2,True,197,303,0.599,success,,0.8718783930510315,0.856238336443615,0.8629561068124729,0.3582779467105865,0.935720844811754,0.8860756094913239,,,,,,,,,,,,,,,
2026-06-29T11:28:15.624192+00:00,spambase,44,label_spreading,0,50,3630,40,10,921,2,57,57,,,,,,,,,,,,,,,stratified_labeled_val,2,True,20,30,7.9728,failed_graph_ssl_nan,"GraphSSLNanError: Graph SSL failed after retries. tried_neighbors=[7, 15, 30, 50, 5, 3], n_graph_rows=3670, n_labeled=40, n_unlabeled_used=3630, n_classes=2, min_labeled_per_class=16, last_error=invalid outputs for n_neighbors=3",,,,,,,,,,,,,,,,,,,,,
2026-06-29T11:28:23.607185+00:00,spambase,44,label_spreading,0,100,3580,80,20,921,2,57,57,,,,,,,,,,,,,,,stratified_labeled_val,2,True,40,60,5.0141,failed_graph_ssl_nan,"GraphSSLNanError: Graph SSL failed after retries. tried_neighbors=[7, 15, 30, 50, 5, 3], n_graph_rows=3660, n_labeled=80, n_unlabeled_used=3580, n_classes=2, min_labeled_per_class=32, last_error=invalid outputs for n_neighbors=3",,,,,,,,,,,,,,,,,,,,,
2026-06-29T11:28:28.632652+00:00,spambase,44,label_spreading,0,250,3430,200,50,921,2,57,57,,,,,,,,,,,30.0,2.0,3630.0,3430.0,stratified_labeled_val,2,True,99,151,3.311,success,,0.8501628664495114,0.8402426019728073,0.8421911317718577,0.4185836839186963,0.924504082861854,0.8876092722437491,,,,,,,,,,,,,,,
2026-06-29T11:28:31.956896+00:00,spambase,44,label_spreading,0,500,3180,400,100,921,2,57,57,,,,,,,,,,,30.0,2.0,3580.0,3180.0,stratified_labeled_val,2,True,197,303,3.2215,success,,0.8555917480998915,0.8403907106253148,0.8459868157180379,0.385262541933306,0.9407516020419248,0.9007608458420252,,,,,,,,,,,,,,,
2026-06-29T11:28:35.192107+00:00,spambase,44,label_spreading,1,50,3630,40,10,921,2,57,57,,,,,,,,,,,,,,,stratified_labeled_val,2,True,20,30,6.372,failed_graph_ssl_nan,"GraphSSLNanError: Graph SSL failed after retries. tried_neighbors=[7, 15, 30, 50, 5, 3], n_graph_rows=3670, n_labeled=40, n_unlabeled_used=3630, n_classes=2, min_labeled_per_class=16, last_error=invalid outputs for n_neighbors=3",,,,,,,,,,,,,,,,,,,,,
2026-06-29T11:28:41.576876+00:00,spambase,44,label_spreading,1,100,3580,80,20,921,2,57,57,,,,,,,,,,,30.0,2.0,3660.0,3580.0,stratified_labeled_val,2,True,40,60,3.1485,success,,0.8306188925081434,0.8289271009212358,0.8247169627171579,0.4240672603030541,0.8921670270643878,0.843326063871861,,,,,,,,,,,,,,,
2026-06-29T11:28:44.738955+00:00,spambase,44,label_spreading,1,250,3430,200,50,921,2,57,57,,,,,,,,,,,30.0,2.0,3630.0,3430.0,stratified_labeled_val,2,True,99,151,3.4321,success,,0.8577633007600435,0.8373692941141622,0.8462529484400506,0.3442239804242666,0.935483870967742,0.9112466629386918,,,,,,,,,,,,,,,
2026-06-29T11:28:48.185319+00:00,spambase,44,label_spreading,1,500,3180,400,100,921,2,57,57,,,,,,,,,,,30.0,2.0,3580.0,3180.0,stratified_labeled_val,2,True,197,303,5.4231,success,,0.8545059717698155,0.8274608252614117,0.8398052959501557,0.3468382954107452,0.9423166168034204,0.9253830550314254,,,,,,,,,,,,,,,
2026-06-29T11:28:53.621915+00:00,spambase,44,label_spreading,2,50,3630,40,10,921,2,57,57,,,,,,,,,,,,,,,stratified_labeled_val,2,True,20,30,6.6269,failed_graph_ssl_nan,"GraphSSLNanError: Graph SSL failed after retries. tried_neighbors=[7, 15, 30, 50, 5, 3], n_graph_rows=3670, n_labeled=40, n_unlabeled_used=3630, n_classes=2, min_labeled_per_class=16, last_error=invalid outputs for n_neighbors=3",,,,,,,,,,,,,,,,,,,,,
2026-06-29T11:29:00.259033+00:00,spambase,44,label_spreading,2,100,3580,80,20,921,2,57,57,,,,,,,,,,,30.0,2.0,3660.0,3580.0,stratified_labeled_val,2,True,40,60,3.1853,success,,0.7242128121606949,0.6640969815456619,0.6635785780027612,0.8099624005968344,0.867938919991706,0.8167803290972017,,,,,,,,,,,,,,,
2026-06-29T11:29:03.455551+00:00,spambase,44,label_spreading,2,250,3430,200,50,921,2,57,57,,,,,,,,,,,30.0,2.0,3630.0,3430.0,stratified_labeled_val,2,True,99,151,3.1968,success,,0.8110749185667753,0.7752525252525253,0.7874592833876222,0.4976653238856932,0.8776054780453606,0.846448301888738,,,,,,,,,,,,,,,
2026-06-29T11:29:06.666802+00:00,spambase,44,label_spreading,2,500,3180,400,100,921,2,57,57,,,,,,,,,,,15.0,1.0,3580.0,3180.0,stratified_labeled_val,2,True,197,303,2.7469,success,,0.8490770901194354,0.8345330134186439,0.8394071490845685,0.4122353324569326,0.9115124855594064,0.8627354641303898,,,,,,,,,,,,,,,
2026-06-29T11:29:09.427778+00:00,spambase,44,label_propagation,0,50,3630,40,10,921,2,57,57,,,,,,,,,,,,,,,stratified_labeled_val,2,True,20,30,8.9369,failed_graph_ssl_nan,"GraphSSLNanError: Graph SSL failed after retries. tried_neighbors=[7, 15, 30, 50, 5, 3], n_graph_rows=3670, n_labeled=40, n_unlabeled_used=3630, n_classes=2, min_labeled_per_class=16, last_error=invalid outputs for n_neighbors=3",,,,,,,,,,,,,,,,,,,,,
2026-06-29T11:29:18.374756+00:00,spambase,44,label_propagation,0,100,3580,80,20,921,2,57,57,,,,,,,,,,,,,,,stratified_labeled_val,2,True,40,60,7.9926,failed_graph_ssl_nan,"GraphSSLNanError: Graph SSL failed after retries. tried_neighbors=[7, 15, 30, 50, 5, 3], n_graph_rows=3660, n_labeled=80, n_unlabeled_used=3580, n_classes=2, min_labeled_per_class=32, last_error=invalid outputs for n_neighbors=3",,,,,,,,,,,,,,,,,,,,,
2026-06-29T11:29:26.383663+00:00,spambase,44,label_propagation,0,250,3430,200,50,921,2,57,57,,,,,,,,,,,30.0,2.0,3630.0,3430.0,stratified_labeled_val,2,True,99,151,4.1887,success,,0.6373507057546145,0.5404262567019166,0.4608106402669882,0.7442285774008806,0.9093229459798376,0.858445754189822,,,,,,,,,,,,,,,
2026-06-29T11:29:30.591038+00:00,spambase,44,label_propagation,0,500,3180,400,100,921,2,57,57,,,,,,,,,,,30.0,2.0,3580.0,3180.0,stratified_labeled_val,2,True,197,303,4.291,success,,0.6677524429967426,0.5799564560561628,0.5327942229649081,0.595302857323756,0.9233833940578812,0.8730896127984238,,,,,,,,,,,,,,,
2026-06-29T11:29:34.898277+00:00,spambase,44,label_propagation,1,50,3630,40,10,921,2,57,57,,,,,,,,,,,,,,,stratified_labeled_val,2,True,20,30,9.306,failed_graph_ssl_nan,"GraphSSLNanError: Graph SSL failed after retries. tried_neighbors=[7, 15, 30, 50, 5, 3], n_graph_rows=3670, n_labeled=40, n_unlabeled_used=3630, n_classes=2, min_labeled_per_class=16, last_error=invalid outputs for n_neighbors=3",,,,,,,,,,,,,,,,,,,,,
2026-06-29T11:29:44.214267+00:00,spambase,44,label_propagation,1,100,3580,80,20,921,2,57,57,,,,,,,,,,,30.0,2.0,3660.0,3580.0,stratified_labeled_val,2,True,40,60,7.9906,success,,0.6340933767643865,0.5358126721763086,0.4508710813722871,0.7058168517174985,0.8697631248950896,0.7953584215504454,,,,,,,,,,,,,,,
2026-06-29T11:29:52.221456+00:00,spambase,44,label_propagation,1,250,3430,200,50,921,2,57,57,,,,,,,,,,,30.0,2.0,3630.0,3430.0,stratified_labeled_val,2,True,99,151,6.3753,success,,0.6471226927252985,0.5523415977961432,0.4819941817904925,0.6149365045648766,0.9112829171480196,0.8911149765623962,,,,,,,,,,,,,,,
2026-06-29T11:29:58.608103+00:00,spambase,44,label_propagation,1,500,3180,400,100,921,2,57,57,,,,,,,,,,,30.0,2.0,3580.0,3180.0,stratified_labeled_val,2,True,197,303,4.5535,success,,0.6786102062975027,0.5927678544980598,0.5524428684003152,0.537992199000572,0.9316922894635506,0.9141924579945993,,,,,,,,,,,,,,,
2026-06-29T11:30:03.198543+00:00,spambase,44,label_propagation,2,50,3630,40,10,921,2,57,57,,,,,,,,,,,,,,,stratified_labeled_val,2,True,20,30,12.1715,failed_graph_ssl_nan,"GraphSSLNanError: Graph SSL failed after retries. tried_neighbors=[7, 15, 30, 50, 5, 3], n_graph_rows=3670, n_labeled=40, n_unlabeled_used=3630, n_classes=2, min_labeled_per_class=16, last_error=invalid outputs for n_neighbors=3",,,,,,,,,,,,,,,,,,,,,
2026-06-29T11:30:15.381812+00:00,spambase,44,label_propagation,2,100,3580,80,20,921,2,57,57,,,,,,,,,,,30.0,2.0,3660.0,3580.0,stratified_labeled_val,2,True,40,60,8.3349,success,,0.6058631921824105,0.5,0.3772819472616633,1.5109525608858398,0.8651347295042311,0.8222426552497685,,,,,,,,,,,,,,,
2026-06-29T11:30:23.736587+00:00,spambase,44,label_propagation,2,250,3430,200,50,921,2,57,57,,,,,,,,,,,30.0,2.0,3630.0,3430.0,stratified_labeled_val,2,True,99,151,7.4165,success,,0.6384364820846905,0.5413223140495868,0.4614290455644588,0.9040340853426624,0.8488773364139932,0.8340643944611196,,,,,,,,,,,,,,,
2026-06-29T11:30:31.177058+00:00,spambase,44,label_propagation,2,500,3180,400,100,921,2,57,57,,,,,,,,,,,15.0,1.0,3580.0,3180.0,stratified_labeled_val,2,True,197,303,5.9087,success,,0.760043431053203,0.7076261145176101,0.7150423150423151,0.4566621535804728,0.895961077046121,0.8506124653909963,,,,,,,,,,,,,,,
2026-06-29T11:30:37.099349+00:00,spambase,44,self_training_lr,0,50,3630,40,10,921,2,57,57,1815.0,43.0,4.0,"{0: 922, 1: 933}",0.5,0.9905332951177908,0.9710956811904908,1.0,,max_total_pseudo_fraction,,,,,stratified_labeled_val,2,True,20,30,0.3237,success,,0.8990228013029316,0.8998193074439409,0.8953737645924972,0.3490332961082458,0.9547108425407546,0.9156465651009996,,,,,,,,,,,,,,,
2026-06-29T11:30:37.437959+00:00,spambase,44,self_training_lr,0,100,3580,80,20,921,2,57,57,1790.0,42.0,4.0,"{0: 958, 1: 912}",0.5,0.9943139282684752,0.9777265191078186,1.0,,max_total_pseudo_fraction,,,,,stratified_labeled_val,2,True,40,60,0.3962,success,,0.9120521172638436,0.9139414674605292,0.9089499976200386,0.3949728310108185,0.9518128499066916,0.8862820019335702,,,,,,,,,,,,,,,
2026-06-29T11:30:37.844586+00:00,spambase,44,self_training_lr,0,250,3430,200,50,921,2,57,57,1715.0,41.0,4.0,"{0: 1100, 1: 815}",0.5,0.9962213898886744,0.9823293089866638,1.0,,max_total_pseudo_fraction,,,,,stratified_labeled_val,2,True,99,151,0.3285,success,,0.9250814332247556,0.919880624426079,0.9212954075674016,0.3069112300872803,0.9605981614779268,0.913381552536732,,,,,,,,,,,,,,,
2026-06-29T11:30:38.184045+00:00,spambase,44,self_training_lr,0,500,3180,400,100,921,2,57,57,1590.0,38.0,4.0,"{0: 1147, 1: 843}",0.5,0.9958781500282528,0.9787943959236144,1.0,,max_total_pseudo_fraction,,,,,stratified_labeled_val,2,True,197,303,0.3192,success,,0.9185667752442996,0.9164296928226549,0.9150261349223824,0.3160195648670196,0.9597341943383,0.9076380390898195,,,,,,,,,,,,,,,
2026-06-29T11:30:38.512795+00:00,spambase,44,self_training_lr,1,50,3630,40,10,921,2,57,57,1815.0,43.0,4.0,"{0: 1154, 1: 701}",0.5,0.9908049434012948,0.9805259704589844,1.0,,max_total_pseudo_fraction,,,,,stratified_labeled_val,2,True,20,30,0.2846,success,,0.8805646036916395,0.8643695014662757,0.8719410456062291,0.4029432237148285,0.939245830741432,0.9103771776478212,,,,,,,,,,,,,,,
2026-06-29T11:30:38.807249+00:00,spambase,44,self_training_lr,1,100,3580,80,20,921,2,57,57,1790.0,42.0,4.0,"{0: 1113, 1: 757}",0.5,0.9926745788345124,0.9761351943016052,1.0,,max_total_pseudo_fraction,,,,,stratified_labeled_val,2,True,40,60,0.3002,success,,0.9098805646036916,0.9010782309902544,0.904737396332459,0.3139189779758453,0.953358116847853,0.9269752893538789,,,,,,,,,,,,,,,
2026-06-29T11:30:39.117512+00:00,spambase,44,self_training_lr,1,250,3430,200,50,921,2,57,57,1715.0,41.0,4.0,"{0: 1115, 1: 800}",0.5,0.9957672412471938,0.982566237449646,1.0,,max_total_pseudo_fraction,,,,,stratified_labeled_val,2,True,99,151,0.3137,success,,0.9109663409337676,0.903899700820522,0.9062295130818284,0.3170785009860992,0.9518646879350692,0.9194152828142188,,,,,,,,,,,,,,,
2026-06-29T11:30:39.439984+00:00,spambase,44,self_training_lr,1,500,3180,400,100,921,2,57,57,1590.0,38.0,4.0,"{0: 1207, 1: 783}",0.5,0.9958194638573148,0.9787951707839966,1.0,,max_total_pseudo_fraction,,,,,stratified_labeled_val,2,True,197,303,0.3326,success,,0.9131378935939196,0.9052104623952132,0.9083262827850496,0.3077114224433899,0.9532124766728872,0.9246876943124502,,,,,,,,,,,,,,,
2026-06-29T11:30:39.780469+00:00,spambase,44,self_training_lr,2,50,3630,40,10,921,2,57,57,1815.0,43.0,4.0,"{0: 1420, 1: 435}",0.5,0.9921018768604792,0.9726217985153198,1.0,,max_total_pseudo_fraction,,,,,stratified_labeled_val,2,True,20,30,0.2832,success,,0.7795874049945711,0.7396397997571018,0.7497540545858279,0.8030532598495483,0.8724833871461437,0.7849307734054098,,,,,,,,,,,,,,,
2026-06-29T11:30:40.071712+00:00,spambase,44,self_training_lr,2,100,3580,80,20,921,2,57,57,1790.0,42.0,4.0,"{0: 1326, 1: 544}",0.5,0.9967307539958528,0.9919187426567078,1.0,,max_total_pseudo_fraction,,,,,stratified_labeled_val,2,True,40,60,0.4278,success,,0.8338762214983714,0.8104357356556771,0.819490649350982,0.6557961702346802,0.9048253798986936,0.8097736672303744,,,,,,,,,,,,,,,
2026-06-29T11:30:40.509744+00:00,spambase,44,self_training_lr,2,250,3430,200,50,921,2,57,57,1715.0,41.0,4.0,"{0: 1026, 1: 889}",0.5,0.9953035911387674,0.9766331315040588,1.0,,max_total_pseudo_fraction,,,,,stratified_labeled_val,2,True,99,151,0.3085,success,,0.8707926167209555,0.8702642258360733,0.8661234192097544,0.480659931898117,0.9266195681151692,0.8513586875679751,,,,,,,,,,,,,,,
2026-06-29T11:30:40.828070+00:00,spambase,44,self_training_lr,2,500,3180,400,100,921,2,57,57,1590.0,38.0,4.0,"{0: 1164, 1: 826}",0.5,0.9947923123086774,0.9729161262512208,1.0,,max_total_pseudo_fraction,,,,,stratified_labeled_val,2,True,197,303,0.3704,success,,0.8914223669923995,0.8863266092005095,0.8863266092005095,0.30115807056427,0.952363320398511,0.9192742365622838,,,,,,,,,,,,,,,
2026-06-29T11:30:41.206710+00:00,spambase,44,self_training_xgboost,0,50,3630,40,10,921,2,57,57,1772.0,465.0,3.0,"{0: 1043, 1: 769}",0.4881542699724518,0.9946716956911992,0.9843616485595704,0.999704658985138,,max_iter,,,,,stratified_labeled_val,2,True,20,30,4.5125,success,,0.8251900108577633,0.8162638111318463,0.8167191364548223,0.7427996397018433,0.8913129338349278,0.8572613629370114,,,,,,,,,,,,,,,
2026-06-29T11:30:45.733372+00:00,spambase,44,self_training_xgboost,0,100,3580,80,20,921,2,57,57,1748.0,459.0,3.0,"{0: 987, 1: 841}",0.488268156424581,0.99700940760104,0.9922924041748048,0.9997577667236328,,max_iter,,,,,stratified_labeled_val,2,True,40,60,6.9925,success,,0.8327904451682954,0.8326446280991735,0.8273836762114324,0.5800800919532776,0.9192091985347116,0.8896082019018713,,,,,,,,,,,,,,,
2026-06-29T11:30:52.739674+00:00,spambase,44,self_training_xgboost,0,250,3430,200,50,921,2,57,57,1674.0,439.0,3.0,"{0: 1305, 1: 569}",0.4880466472303207,0.9987556660901687,0.9975433945655824,0.9998179078102112,,max_iter,,,,,stratified_labeled_val,2,True,99,151,6.2745,success,,0.8925081433224755,0.8790396634971416,0.8853586071886147,0.3812881410121918,0.9424844732762622,0.9287970700778622,,,,,,,,,,,,,,,
2026-06-29T11:30:59.027175+00:00,spambase,44,self_training_xgboost,0,500,3180,400,100,921,2,57,57,1552.0,407.0,3.0,"{0: 1188, 1: 764}",0.4880503144654088,0.9986316138475212,0.996967315673828,0.99989116191864,,max_iter,,,,,stratified_labeled_val,2,True,197,303,8.2505,success,,0.9283387622149836,0.9278636807962322,0.9253932484977024,0.220949187874794,0.9749548268609852,0.9617251840301752,,,,,,,,,,,,,,,
2026-06-29T11:31:07.288406+00:00,spambase,44,self_training_xgboost,1,50,3630,40,10,921,2,57,57,1772.0,465.0,3.0,"{0: 1124, 1: 688}",0.4881542699724518,0.9951214542103676,0.9812721610069276,0.9993770718574524,,max_iter,,,,,stratified_labeled_val,2,True,20,30,3.2291,success,,0.8371335504885994,0.8198628513877781,0.825791661202296,0.5861355662345886,0.903509681368919,0.8788365431257109,,,,,,,,,,,,,,,
2026-06-29T11:31:10.540311+00:00,spambase,44,self_training_xgboost,1,100,3580,80,20,921,2,57,57,1748.0,459.0,3.0,"{0: 1149, 1: 679}",0.488268156424581,0.9990332387813988,0.9975020289421082,0.9998250007629396,,max_iter,,,,,stratified_labeled_val,2,True,40,60,5.7037,success,,0.8262757871878393,0.8234174590479575,0.819921985746268,0.618197500705719,0.910865744443457,0.8998430260036097,,,,,,,,,,,,,,,
2026-06-29T11:31:16.257708+00:00,spambase,44,self_training_xgboost,1,250,3430,200,50,921,2,57,57,1674.0,439.0,3.0,"{0: 1139, 1: 735}",0.4880466472303207,0.9994044407507852,0.9981445670127868,0.9998815655708312,,max_iter,,,,,stratified_labeled_val,2,True,99,151,6.9745,success,,0.8838219326818675,0.8766847359222726,0.8779508494161155,0.4471280872821808,0.936263909870948,0.9264922287585068,,,,,,,,,,,,,,,
2026-06-29T11:31:23.253102+00:00,spambase,44,self_training_xgboost,1,500,3180,400,100,921,2,57,57,1552.0,407.0,3.0,"{0: 1245, 1: 707}",0.4880503144654088,0.999073659905146,0.9975847601890564,0.9999260306358336,,max_iter,,,,,stratified_labeled_val,2,True,197,303,7.1172,success,,0.9109663409337676,0.9058251133031192,0.9066061535417492,0.3169496655464172,0.9532420984033888,0.9394208381826908,,,,,,,,,,,,,,,
2026-06-29T11:31:30.383838+00:00,spambase,44,self_training_xgboost,2,50,3630,40,10,921,2,57,57,1772.0,465.0,3.0,"{0: 1356, 1: 456}",0.4881542699724518,0.993490110132549,0.9633665680885316,0.9991409778594972,,max_iter,,,,,stratified_labeled_val,2,True,20,30,2.7553,success,,0.8447339847991314,0.8222844278562753,0.8315122486653694,0.5497325658798218,0.9081528876250284,0.8819776790382142,,,,,,,,,,,,,,,
2026-06-29T11:31:33.150715+00:00,spambase,44,self_training_xgboost,2,100,3580,80,20,921,2,57,57,1748.0,459.0,3.0,"{0: 1439, 1: 389}",0.488268156424581,0.997794381302336,0.992026388645172,0.999674379825592,,max_iter,,,,,stratified_labeled_val,2,True,40,60,5.108,success,,0.8414766558089034,0.8099691934002784,0.8233536867328064,0.5443340539932251,0.930371653978692,0.913828402370184,,,,,,,,,,,,,,,
2026-06-29T11:31:38.272436+00:00,spambase,44,self_training_xgboost,2,250,3430,200,50,921,2,57,57,1674.0,439.0,3.0,"{0: 1058, 1: 816}",0.4880466472303207,0.9971757367733988,0.9945439696311952,0.9997982382774352,,max_iter,,,,,stratified_labeled_val,2,True,99,151,7.6706,success,,0.9001085776330076,0.8843493586895346,0.8927660220714793,0.2920452058315277,0.9601982681161568,0.951048883565084,,,,,,,,,,,,,,,
2026-06-29T11:31:45.963750+00:00,spambase,44,self_training_xgboost,2,500,3180,400,100,921,2,57,57,1552.0,407.0,3.0,"{0: 1165, 1: 787}",0.4880503144654088,0.9977462106989216,0.99449223279953,0.9998373985290528,,max_iter,,,,,stratified_labeled_val,2,True,197,303,8.4369,success,,0.9163952225841476,0.9040478094730294,0.9108344722578114,0.2539975643157959,0.9671001313230052,0.959395927572018,,,,,,,,,,,,,,,
2026-06-29T11:31:54.419133+00:00,spambase,44,self_training_lightgbm,0,50,3630,40,10,921,2,57,57,0.0,0.0,0.0,"{0: 24, 1: 16}",0.0,,,,,no_candidates,,,,,stratified_labeled_val,2,True,20,30,0.4894,success,,0.7752442996742671,0.7413504546935632,0.7501274612471935,0.4978795844651654,0.8317559761841287,0.7186364140101472,,,,,,,,,,,,,,,
2026-06-29T11:31:54.919927+00:00,spambase,44,self_training_lightgbm,0,100,3580,80,20,921,2,57,57,1748.0,459.0,3.0,"{0: 1228, 1: 600}",0.488268156424581,0.9998937249339496,0.9992501385738376,0.9999999491182456,,max_iter,,,,,stratified_labeled_val,2,True,40,60,11.8343,success,,0.8425624321389794,0.8344515536597648,0.8349333837636598,1.0287617230402049,0.9242473611975076,0.9082412009234464,,,,,,,,,,,,,,,
2026-06-29T11:32:06.769386+00:00,spambase,44,self_training_lightgbm,0,250,3430,200,50,921,2,57,57,1674.0,439.0,3.0,"{0: 1288, 1: 586}",0.4880466472303207,0.9999994942222312,0.9999978244849232,0.9999999986836156,,max_iter,,,,,stratified_labeled_val,2,True,99,151,14.2254,success,,0.9142236699239956,0.9046624603809356,0.9091326898267428,0.5020825318770151,0.9632493063578108,0.953496383677107,,,,,,,,,,,,,,,
2026-06-29T11:32:21.005008+00:00,spambase,44,self_training_lightgbm,0,500,3180,400,100,921,2,57,57,1552.0,407.0,3.0,"{0: 1222, 1: 730}",0.4880503144654088,0.9999994755453292,0.9999963680231028,0.99999999987749,,max_iter,,,,,stratified_labeled_val,2,True,197,303,16.7341,success,,0.9435396308360476,0.9447406617494594,0.94132320509679,0.3159636183034159,0.9816444009992396,0.9697633259562816,,,,,,,,,,,,,,,
2026-06-29T11:32:37.753701+00:00,spambase,44,self_training_lightgbm,1,50,3630,40,10,921,2,57,57,0.0,0.0,0.0,"{0: 24, 1: 16}",0.0,,,,,no_candidates,,,,,stratified_labeled_val,2,True,20,30,1.7307,success,,0.6058631921824105,0.5288811872389585,0.4906695185992623,0.6580302086125479,0.5956090721486615,0.4578250130171785,,,,,,,,,,,,,,,
2026-06-29T11:32:39.496913+00:00,spambase,44,self_training_lightgbm,1,100,3580,80,20,921,2,57,57,1748.0,459.0,3.0,"{0: 1168, 1: 660}",0.488268156424581,0.999963477855774,0.999517359159914,0.9999999862506014,,max_iter,,,,,stratified_labeled_val,2,True,40,60,10.7869,success,,0.8338762214983714,0.830652566722948,0.8275797935798058,1.2437870335698704,0.921028466483012,0.9107775693963196,,,,,,,,,,,,,,,
2026-06-29T11:32:50.290446+00:00,spambase,44,self_training_lightgbm,1,250,3430,200,50,921,2,57,57,1674.0,439.0,3.0,"{0: 1109, 1: 765}",0.4880466472303207,0.9999997366755382,0.9999975565900816,0.9999999997469778,,max_iter,,,,,stratified_labeled_val,2,True,99,151,13.8343,success,,0.8968512486427795,0.8888814834562635,0.8913074535048828,0.7116490095117108,0.9472239501565014,0.936475732962883,,,,,,,,,,,,,,,
2026-06-29T11:33:04.136430+00:00,spambase,44,self_training_lightgbm,1,500,3180,400,100,921,2,57,57,1552.0,407.0,3.0,"{0: 1272, 1: 680}",0.4880503144654088,0.9999996262445032,0.9999976012530872,0.999999999936042,,max_iter,,,,,stratified_labeled_val,2,True,197,303,15.6004,success,,0.9294245385450596,0.9244275600580586,0.925857992635958,0.4617526743626234,0.966912527029829,0.954358604103536,,,,,,,,,,,,,,,
2026-06-29T11:33:19.750587+00:00,spambase,44,self_training_lightgbm,2,50,3630,40,10,921,2,57,57,0.0,0.0,0.0,"{0: 24, 1: 16}",0.0,,,,,no_candidates,,,,,stratified_labeled_val,2,True,20,30,0.6394,success,,0.7709011943539631,0.7599084688527504,0.7600333405365357,0.4937078147408937,0.8301983668552584,0.7245635498928724,,,,,,,,,,,,,,,
2026-06-29T11:33:20.405091+00:00,spambase,44,self_training_lightgbm,2,100,3580,80,20,921,2,57,57,1748.0,459.0,3.0,"{0: 1460, 1: 368}",0.488268156424581,0.9999706595259438,0.999591730542363,0.9999999795442736,,max_iter,,,,,stratified_labeled_val,2,True,40,60,14.8134,success,,0.8469055374592834,0.8130054207766818,0.8279086409446001,0.998466829174928,0.9408182509355528,0.9273107355977066,,,,,,,,,,,,,,,
2026-06-29T11:33:35.231924+00:00,spambase,44,self_training_lightgbm,2,250,3430,200,50,921,2,57,57,1674.0,439.0,3.0,"{0: 1157, 1: 717}",0.4880466472303207,0.99999823092775,0.9999910228501918,0.9999999966042986,,max_iter,,,,,stratified_labeled_val,2,True,99,151,13.2979,success,,0.9087947882736156,0.8929618768328447,0.9019706231183288,0.5374705020369138,0.9694303741224564,0.9604197079906932,,,,,,,,,,,,,,,
2026-06-29T11:33:48.548836+00:00,spambase,44,self_training_lightgbm,2,500,3180,400,100,921,2,57,57,1552.0,407.0,3.0,"{0: 1216, 1: 736}",0.4880503144654088,0.999999100104812,0.999993720813206,0.999999999751859,,max_iter,,,,,stratified_labeled_val,2,True,197,303,18.9671,success,,0.9261672095548316,0.9169258568085548,0.9217423901634428,0.3927110754685754,0.9750831876931584,0.9697251535300596,,,,,,,,,,,,,,,
2026-06-29T11:34:07.533479+00:00,spambase,44,self_training_catboost,0,50,3630,40,10,921,2,57,57,1301.0,500.0,3.0,"{0: 774, 1: 567}",0.3584022038567493,0.99488221438074,0.9701761918930116,0.9996046872374552,,max_iter,,,,,stratified_labeled_val,2,True,20,30,8.2965,success,,0.8555917480998915,0.8519431855208981,0.8497234139393486,0.4330082439315068,0.9202731123552238,0.9051140858290808,,,,,,,,,,,,,,,
2026-06-29T11:34:15.842875+00:00,spambase,44,self_training_catboost,0,100,3580,80,20,921,2,57,57,1432.0,432.0,3.0,"{0: 798, 1: 714}",0.4,0.9938121591515698,0.9787626731705096,0.9996412892668348,,max_total_pseudo_fraction,,,,,stratified_labeled_val,2,True,40,60,6.9228,success,,0.8849077090119435,0.8790248526318908,0.879389497820694,0.3560763301545483,0.937577139923181,0.928780064923899,,,,,,,,,,,,,,,
2026-06-29T11:34:22.796513+00:00,spambase,44,self_training_catboost,0,250,3430,200,50,921,2,57,57,1372.0,372.0,3.0,"{0: 871, 1: 701}",0.4,0.994977854355254,0.9855607616691588,0.9989819959997736,,max_total_pseudo_fraction,,,,,stratified_labeled_val,2,True,99,151,8.1722,success,,0.8914223669923995,0.8791063123907699,0.8845309020882228,0.283593038962126,0.9530199354246276,0.9399128327163812,,,,,,,,,,,,,,,
2026-06-29T11:34:30.978864+00:00,spambase,44,self_training_catboost,0,500,3180,400,100,921,2,57,57,1272.0,272.0,3.0,"{0: 956, 1: 716}",0.4,0.9931288902188828,0.9851116040516454,0.9986390756476686,,max_total_pseudo_fraction,,,,,stratified_labeled_val,2,True,197,303,9.2926,success,,0.9348534201954396,0.9317959655203056,0.9317959655203056,0.1914158322137394,0.9742735270594508,0.9633905081800336,,,,,,,,,,,,,,,
2026-06-29T11:34:40.281961+00:00,spambase,44,self_training_catboost,1,50,3630,40,10,921,2,57,57,1375.0,500.0,3.0,"{0: 774, 1: 641}",0.3787878787878788,0.9953806156168616,0.9700595659826216,0.9995562748054844,,max_iter,,,,,stratified_labeled_val,2,True,20,30,8.3657,success,,0.8327904451682954,0.8312005687372257,0.826964181143861,0.4806516721067588,0.906689080442746,0.8835079812165599,,,,,,,,,,,,,,,
2026-06-29T11:34:48.659078+00:00,spambase,44,self_training_catboost,1,100,3580,80,20,921,2,57,57,1432.0,432.0,3.0,"{0: 776, 1: 736}",0.4,0.9971380790059258,0.9879052310072466,0.999681906037744,,max_total_pseudo_fraction,,,,,stratified_labeled_val,2,True,40,60,6.3747,success,,0.8458197611292074,0.8443600225125152,0.8403150183150183,0.5772442992375781,0.911258232372602,0.9023822697230108,,,,,,,,,,,,,,,
2026-06-29T11:34:55.045294+00:00,spambase,44,self_training_catboost,1,250,3430,200,50,921,2,57,57,1372.0,372.0,3.0,"{0: 871, 1: 701}",0.4,0.9959428343639806,0.9903868675877756,0.999171109690644,,max_total_pseudo_fraction,,,,,stratified_labeled_val,2,True,99,151,8.8189,success,,0.8805646036916395,0.8730338576379633,0.8744659443491708,0.3177670118579754,0.9445036879054476,0.9264971031762204,,,,,,,,,,,,,,,
2026-06-29T11:35:03.874620+00:00,spambase,44,self_training_catboost,1,500,3180,400,100,921,2,57,57,1272.0,272.0,3.0,"{0: 988, 1: 684}",0.4,0.9930495482217416,0.9826772702932672,0.9986329983984188,,max_total_pseudo_fraction,,,,,stratified_labeled_val,2,True,197,303,9.9505,success,,0.9174809989142236,0.908794691785894,0.9127249331684156,0.2152578039775817,0.966781697720114,0.9493518221475942,,,,,,,,,,,,,,,
2026-06-29T11:35:13.836220+00:00,spambase,44,self_training_catboost,2,50,3630,40,10,921,2,57,57,1360.0,500.0,3.0,"{0: 774, 1: 626}",0.3746556473829201,0.9945890598245516,0.9701192444758908,0.9998321960755168,,max_iter,,,,,stratified_labeled_val,2,True,20,30,6.9231,success,,0.8327904451682954,0.8244616250481354,0.8247734213621404,0.5987021555251861,0.9076517866840448,0.8860304053746714,,,,,,,,,,,,,,,
2026-06-29T11:35:20.770049+00:00,spambase,44,self_training_catboost,2,100,3580,80,20,921,2,57,57,1432.0,432.0,3.0,"{0: 798, 1: 714}",0.4,0.9943825606421446,0.9740965494419842,0.999445491597412,,max_total_pseudo_fraction,,,,,stratified_labeled_val,2,True,40,60,6.1484,success,,0.8740499457111836,0.8642880417073966,0.8670731100383218,0.4209154640809486,0.9318774252791848,0.9211760775418888,,,,,,,,,,,,,,,
2026-06-29T11:35:26.928110+00:00,spambase,44,self_training_catboost,2,250,3430,200,50,921,2,57,57,1372.0,372.0,3.0,"{0: 871, 1: 701}",0.4,0.99236693672957,0.9828747575103292,0.9985911421732938,,max_total_pseudo_fraction,,,,,stratified_labeled_val,2,True,99,151,7.131,success,,0.9207383279044516,0.9119642169495542,0.9161249274874156,0.2003685498795353,0.971550796330855,0.9668450988634312,,,,,,,,,,,,,,,
2026-06-29T11:35:34.070052+00:00,spambase,44,self_training_catboost,2,500,3180,400,100,921,2,57,57,1272.0,272.0,3.0,"{0: 962, 1: 710}",0.4,0.9884536158064184,0.971367498698222,0.9985308675974452,,max_total_pseudo_fraction,,,,,stratified_labeled_val,2,True,197,303,9.0462,success,,0.9261672095548316,0.9169258568085548,0.9217423901634428,0.1920565643396719,0.9743969509365404,0.9699731490829928,,,,,,,,,,,,,,,
2026-06-29T11:35:43.126198+00:00,spambase,44,rpl_lr,0,50,3630,40,10,921,2,57,57,,,,,,,,,,,,,,,stratified_labeled_val,2,True,20,30,0.2161,success,,0.9022801302931596,0.8948058295565626,0.8970811728946898,0.4439344108104706,0.9579198633450832,0.9219574822609444,,,,,,,,,,,,,,,
2026-06-29T11:35:43.348132+00:00,spambase,44,rpl_lr,0,100,3580,80,20,921,2,57,57,,,,,,,,,,,,,,,stratified_labeled_val,2,True,40,60,0.3108,success,,0.9098805646036916,0.9078171746793448,0.9060487067455708,0.5270897746086121,0.9505687372256288,0.8986693244261929,,,,,,,,,,,,,,,
2026-06-29T11:35:43.666683+00:00,spambase,44,rpl_lr,0,250,3430,200,50,921,2,57,57,,,,,,,,,,,,,,,stratified_labeled_val,2,True,99,151,0.4364,success,,0.9239956568946796,0.9165778014751622,0.9197854974369184,0.3875374794006347,0.9626618087028642,0.9202964356109204,,,,,,,,,,,,,,,
2026-06-29T11:35:44.114507+00:00,spambase,44,rpl_lr,0,500,3180,400,100,921,2,57,57,,,,,,,,,,,,,,,stratified_labeled_val,2,True,197,303,0.6015,success,,0.9174809989142236,0.914570929233686,0.9137725436089484,0.3782851696014404,0.9602476376669926,0.9178016028774756,,,,,,,,,,,,,,,
2026-06-29T11:35:44.743697+00:00,spambase,44,rpl_lr,1,50,3630,40,10,921,2,57,57,,,,,,,,,,,,,,,stratified_labeled_val,2,True,20,30,0.8123,success,,0.8740499457111836,0.8522542136911638,0.8630518381787418,0.6954942345619202,0.9333708541919684,0.905252007564116,,,,,,,,,,,,,,,
2026-06-29T11:35:45.568639+00:00,spambase,44,rpl_lr,1,100,3580,80,20,921,2,57,57,,,,,,,,,,,,,,,stratified_labeled_val,2,True,40,60,0.535,success,,0.9066232356134636,0.892613821499452,0.9001205524226497,0.4506185948848724,0.9517067053723944,0.9329515672705712,,,,,,,,,,,,,,,
2026-06-29T11:35:46.111880+00:00,spambase,44,rpl_lr,1,250,3430,200,50,921,2,57,57,,,,,,,,,,,,,,,stratified_labeled_val,2,True,99,151,0.8597,success,,0.9098805646036916,0.9025222903522024,0.9050370383253186,0.4190684556961059,0.952600294242523,0.9231856383897796,,,,,,,,,,,,,,,
2026-06-29T11:35:47.002167+00:00,spambase,44,rpl_lr,1,500,3180,400,100,921,2,57,57,,,,,,,,,,,,,,,stratified_labeled_val,2,True,197,303,1.3861,success,,0.9066232356134636,0.8964646464646464,0.9010271405008248,0.3724311292171478,0.9547009686305876,0.9303767349442208,,,,,,,,,,,,,,,
2026-06-29T11:35:48.406019+00:00,spambase,44,rpl_lr,2,50,3630,40,10,921,2,57,57,,,,,,,,,,,,,,,stratified_labeled_val,2,True,20,30,0.4051,success,,0.7698154180238871,0.7253176930596286,0.7347177235277493,1.552498698234558,0.8593362757585632,0.7804302723948343,,,,,,,,,,,,,,,
2026-06-29T11:35:48.818589+00:00,spambase,44,rpl_lr,2,100,3580,80,20,921,2,57,57,,,,,,,,,,,,,,,stratified_labeled_val,2,True,40,60,0.3368,success,,0.8284473398479913,0.801623270831482,0.8119222656492338,1.0230311155319214,0.9058942306742892,0.8163975421689039,,,,,,,,,,,,,,,
2026-06-29T11:35:49.163576+00:00,spambase,44,rpl_lr,2,250,3430,200,50,921,2,57,57,,,,,,,,,,,,,,,stratified_labeled_val,2,True,99,151,0.3856,success,,0.8697068403908795,0.8626292247993128,0.8633260783537793,0.6322686672210693,0.9289794326451216,0.8639233313152306,,,,,,,,,,,,,,,
2026-06-29T11:35:49.557818+00:00,spambase,44,rpl_lr,2,500,3180,400,100,921,2,57,57,,,,,,,,,,,,,,,stratified_labeled_val,2,True,197,303,1.3829,success,,0.8946796959826275,0.8890147812435203,0.8895761256901724,0.3647801578044891,0.9521312835095828,0.9237121418157366,,,,,,,,,,,,,,,
2026-06-29T11:35:50.984779+00:00,spambase,44,rpl_lite_xgboost,0,50,3630,40,10,921,2,57,57,1772.0,465.0,3.0,"{0: 1020, 1: 752}",0.4881542699724518,0.9946700452278214,,,0.0335481558322207,max_iter,,,,,stratified_labeled_val,2,True,20,30,6.1106,success,,0.8208469055374593,0.812198228620516,0.8123483468650634,0.7401432991027832,0.8913623033857638,0.8573501432919051,,,,,,,,,,,,,,,
2026-06-29T11:35:57.113674+00:00,spambase,44,rpl_lite_xgboost,0,100,3580,80,20,921,2,57,57,1748.0,459.0,3.0,"{1: 810, 0: 938}",0.488268156424581,0.9969988258329628,,,0.0266194928183924,max_iter,,,,,stratified_labeled_val,2,True,40,60,6.6894,success,,0.8295331161780674,0.828512396694215,0.8238093787506777,0.5778059959411621,0.91844890745184,0.8886342612292332,,,,,,,,,,,,,,,
2026-06-29T11:36:03.819595+00:00,spambase,44,rpl_lite_xgboost,0,250,3430,200,50,921,2,57,57,1674.0,439.0,3.0,"{0: 1187, 1: 487}",0.4880466472303207,0.9987615336938857,,,0.0627242213789701,max_iter,,,,,stratified_labeled_val,2,True,99,151,7.3771,success,,0.8957654723127035,0.8841346011433988,0.8892740497325025,0.3724643588066101,0.9444790031300296,0.9295636372787236,,,,,,,,,,,,,,,
2026-06-29T11:36:11.210659+00:00,spambase,44,rpl_lite_xgboost,0,500,3180,400,100,921,2,57,57,1552.0,407.0,3.0,"{0: 944, 1: 608}",0.4880503144654088,0.9986328684254404,,,0.0203531959112629,max_iter,,,,,stratified_labeled_val,2,True,197,303,7.4062,success,,0.9283387622149836,0.9288263870375308,0.9255256064690028,0.2214252352714538,0.9751720528846628,0.9620881735899448,,,,,,,,,,,,,,,
2026-06-29T11:36:18.635882+00:00,spambase,44,rpl_lite_xgboost,1,50,3630,40,10,921,2,57,57,1772.0,465.0,3.0,"{0: 1105, 1: 667}",0.4881542699724518,0.995126256319793,,,0.0569990612565782,max_iter,,,,,stratified_labeled_val,2,True,20,30,3.4994,success,,0.8414766558089034,0.8258538463817057,0.831030409650666,0.5718045830726624,0.9061929164568462,0.885334096938025,,,,,,,,,,,,,,,
2026-06-29T11:36:22.160909+00:00,spambase,44,rpl_lite_xgboost,1,100,3580,80,20,921,2,57,57,1748.0,459.0,3.0,"{0: 1108, 1: 640}",0.488268156424581,0.9990193251886956,,,0.0419571346970153,max_iter,,,,,stratified_labeled_val,2,True,40,60,6.7943,success,,0.8262757871878393,0.8238988121686068,0.8200732600732601,0.6223180294036865,0.9093772524857568,0.8987669912572805,,,,,,,,,,,,,,,
2026-06-29T11:36:28.968781+00:00,spambase,44,rpl_lite_xgboost,1,250,3430,200,50,921,2,57,57,1674.0,439.0,3.0,"{0: 1008, 1: 666}",0.4880466472303207,0.9994068531722292,,,0.033743486869814,max_iter,,,,,stratified_labeled_val,2,True,99,151,7.0472,success,,0.8838219326818675,0.8771660890429218,0.8780722581507248,0.4519813358783722,0.9353999427313212,0.9268124221694172,,,,,,,,,,,,,,,
2026-06-29T11:36:36.030220+00:00,spambase,44,rpl_lite_xgboost,1,500,3180,400,100,921,2,57,57,1552.0,407.0,3.0,"{0: 1005, 1: 547}",0.4880503144654088,0.9990643180676342,,,0.072559862428359,max_iter,,,,,stratified_labeled_val,2,True,197,303,8.3319,success,,0.9098805646036916,0.9049290559554488,0.9055135920854052,0.3120457828044891,0.9544837426069096,0.9401629452094932,,,,,,,,,,,,,,,
2026-06-29T11:36:44.372304+00:00,spambase,44,rpl_lite_xgboost,2,50,3630,40,10,921,2,57,57,1772.0,465.0,3.0,"{0: 1328, 1: 444}",0.4881542699724518,0.9932732751958796,,,0.0394627713241443,max_iter,,,,,stratified_labeled_val,2,True,20,30,2.5285,success,,0.8469055374592834,0.8240765425516159,0.8336482454803169,0.5616655945777893,0.907614759520918,0.8826528057726816,,,,,,,,,,,,,,,
2026-06-29T11:36:46.916759+00:00,spambase,44,rpl_lite_xgboost,2,100,3580,80,20,921,2,57,57,1748.0,459.0,3.0,"{0: 1366, 1: 382}",0.488268156424581,0.9977023139493688,,,0.0513715647380906,max_iter,,,,,stratified_labeled_val,2,True,40,60,6.1265,success,,0.8458197611292074,0.8164415415148553,0.8292377838594438,0.5338209867477417,0.9320847773926952,0.915815611504515,,,,,,,,,,,,,,,
2026-06-29T11:36:53.066065+00:00,spambase,44,rpl_lite_xgboost,2,250,3430,200,50,921,2,57,57,1674.0,439.0,3.0,"{0: 955, 1: 719}",0.4880466472303207,0.997197655259922,,,0.0167264336659826,max_iter,,,,,stratified_labeled_val,2,True,99,151,7.5848,success,,0.9022801302931596,0.8875855327468232,0.8953504226888465,0.2878625988960266,0.9607438016528926,0.9522508043725644,,,,,,,,,,,,,,,
2026-06-29T11:37:00.665281+00:00,spambase,44,rpl_lite_xgboost,2,500,3180,400,100,921,2,57,57,1552.0,407.0,3.0,"{0: 914, 1: 638}",0.4880503144654088,0.9977746958431508,,,0.0476804542503375,max_iter,,,,,stratified_labeled_val,2,True,197,303,7.8579,success,,0.9131378935939196,0.9003969311887201,0.9073067632850242,0.2564862668514251,0.966216416363044,0.9585640129230132,,,,,,,,,,,,,,,
2026-06-30T08:51:06.354955+00:00,phoneme,1489,sslae,0,50,4273,40,10,1081,2,5,5,,,,,,,,,,,,,,,stratified_labeled_val,2,True,15,35,7.2453,success,,0.7261794634597595,0.5644994797430095,0.5511855201588922,0.5519386208942004,0.7058813814061804,0.5073059749245744,3.0,0.5780885219573975,13.0,0.4211103916168213,,sslae,internal_stratified_val,,,,,,,,
2026-06-30T08:51:13.610685+00:00,phoneme,1489,sslae,0,100,4223,80,20,1081,2,5,5,,,,,,,,,,,,,,,stratified_labeled_val,2,True,30,70,8.7288,success,,0.7696577243293247,0.6635485655771549,0.6792112837197661,0.5193720090451378,0.8232323649396337,0.6088169485481044,29.0,0.4327190518379211,39.0,0.1700123101472854,,sslae,internal_stratified_val,,,,,,,,
2026-06-30T08:51:22.347233+00:00,phoneme,1489,sslae,0,250,4073,200,50,1081,2,5,5,,,,,,,,,,,,,,,stratified_labeled_val,2,True,74,176,14.6826,success,,0.7705827937095282,0.7555638594810643,0.7388156253896995,0.4983001554657199,0.8455992865046987,0.6296797561684131,41.0,0.4258096814155578,51.0,0.2753288149833679,,sslae,internal_stratified_val,,,,,,,,
2026-06-30T08:51:37.042298+00:00,phoneme,1489,sslae,0,500,3823,400,100,1081,2,5,5,,,,,,,,,,,,,,,stratified_labeled_val,2,True,147,353,12.1519,success,,0.7974098057354302,0.781925611508415,0.7670948516470381,0.411103399308604,0.8689571737658349,0.6951117811175984,44.0,0.3952971994876861,54.0,0.3955736309289932,,sslae,internal_stratified_val,,,,,,,,
2026-06-30T08:51:49.201261+00:00,phoneme,1489,sslae,1,50,4273,40,10,1081,2,5,5,,,,,,,,,,,,,,,stratified_labeled_val,2,True,15,35,3.1097,success,,0.7474560592044404,0.6487645960988984,0.6601087005345192,0.5334828394708829,0.7630601020694667,0.5422980592777749,3.0,0.4872229695320129,13.0,0.2805953025817871,,sslae,internal_stratified_val,,,,,,,,
2026-06-30T08:51:52.318236+00:00,phoneme,1489,sslae,1,100,4223,80,20,1081,2,5,5,,,,,,,,,,,,,,,stratified_labeled_val,2,True,30,70,3.6288,success,,0.7844588344125809,0.7487695509273787,0.7443892033201506,0.4973657294703423,0.7903983682098205,0.5345284982703329,6.0,0.4489161372184753,16.0,0.3349592387676239,,sslae,internal_stratified_val,,,,,,,,
2026-06-30T08:51:55.955035+00:00,phoneme,1489,sslae,1,250,4073,200,50,1081,2,5,5,,,,,,,,,,,,,,,stratified_labeled_val,2,True,74,176,9.1479,success,,0.7770582793709528,0.6881637405651808,0.7029274962056465,0.4300654349796285,0.8527342395164088,0.677903789281535,34.0,0.455161988735199,44.0,0.3695726990699768,,sslae,internal_stratified_val,,,,,,,,
2026-06-30T08:52:05.110662+00:00,phoneme,1489,sslae,1,500,3823,400,100,1081,2,5,5,,,,,,,,,,,,,,,stratified_labeled_val,2,True,147,353,2.8635,success,,0.7382053654024052,0.5757758435595488,0.5651024896330445,0.5111550924029391,0.8013113779378005,0.6230919552662574,2.0,0.5632970333099365,12.0,0.4669951945543289,,sslae,internal_stratified_val,,,,,,,,
2026-06-30T08:52:07.982467+00:00,phoneme,1489,sslae,2,50,4273,40,10,1081,2,5,5,,,,,,,,,,,,,,,stratified_labeled_val,2,True,15,35,8.0801,success,,0.6993524514338575,0.7051711893239963,0.674265062430405,0.7209258475717683,0.7782714255041537,0.5424837167720113,24.0,0.1235264465212822,34.0,0.2052254527807235,,sslae,internal_stratified_val,,,,,,,,
2026-06-30T08:52:16.069904+00:00,phoneme,1489,sslae,2,100,4223,80,20,1081,2,5,5,,,,,,,,,,,,,,,stratified_labeled_val,2,True,30,70,4.2982,success,,0.7613320999074931,0.6788837597238508,0.6898376334519574,0.4810344105184998,0.806848398764596,0.6121764016289551,5.0,0.4219426214694977,15.0,0.3660972118377685,,sslae,internal_stratified_val,,,,,,,,
2026-06-30T08:52:20.381688+00:00,phoneme,1489,sslae,2,250,4073,200,50,1081,2,5,5,,,,,,,,,,,,,,,stratified_labeled_val,2,True,74,176,7.4945,success,,0.7909343200740055,0.762579070804499,0.7547955709720415,0.4352489958356551,0.8585809371232266,0.6524468178184155,20.0,0.4528822004795074,30.0,0.3065231442451477,,sslae,internal_stratified_val,,,,,,,,
2026-06-30T08:52:27.883129+00:00,phoneme,1489,sslae,2,500,3823,400,100,1081,2,5,5,,,,,,,,,,,,,,,stratified_labeled_val,2,True,147,353,9.4832,success,,0.8038852913968547,0.7698957008604885,0.7664065430467897,0.4104141089158686,0.8667522750920772,0.69675820863139,29.0,0.3745308518409729,39.0,0.3303106725215912,,sslae,internal_stratified_val,,,,,,,,
2026-06-30T08:59:40.383295+00:00,phoneme,1489,scarf,0,50,4273,40,10,1081,2,5,5,,,,,,,,,,,,,,,stratified_labeled_val,2,True,15,35,18.3004,success,,0.7502312673450509,0.6534964572976365,0.6651084980999064,0.7329974050640954,0.7667142880737279,0.5657000571602021,45.0,0.4014362096786499,55.0,0.1431845873594284,55.0,scarf,internal_stratified_val,50.0,,,,,,,
2026-06-30T08:59:58.692633+00:00,phoneme,1489,scarf,0,100,4223,80,20,1081,2,5,5,,,,,,,,,,,,,,,stratified_labeled_val,2,True,30,70,19.7032,success,,0.7715078630897317,0.7082307959106149,0.7148083231062221,0.4977271591133403,0.7858234099129602,0.5720715667448059,14.0,0.4689986109733581,24.0,0.3555301427841186,24.0,scarf,internal_stratified_val,50.0,,,,,,,
2026-06-30T09:00:18.404304+00:00,phoneme,1489,scarf,0,250,4073,200,50,1081,2,5,5,,,,,,,,,,,,,,,stratified_labeled_val,2,True,74,176,18.4891,success,,0.7890841813135985,0.7197425140799709,0.7307984691202685,0.4856871559534793,0.8475812178968405,0.6350284240371696,40.0,0.4190274178981781,50.0,0.2376800030469894,50.0,scarf,internal_stratified_val,50.0,,,,,,,
2026-06-30T09:00:36.901913+00:00,phoneme,1489,scarf,0,500,3823,400,100,1081,2,5,5,,,,,,,,,,,,,,,stratified_labeled_val,2,True,147,353,18.1223,success,,0.7816836262719704,0.7200439328125259,0.7272280149518001,0.4119621017794607,0.8672725320825143,0.6930233127384976,28.0,0.3990844786167145,38.0,0.3149291574954986,38.0,scarf,internal_stratified_val,50.0,,,,,,,
2026-06-30T09:00:55.032750+00:00,phoneme,1489,scarf,1,50,4273,40,10,1081,2,5,5,,,,,,,,,,,,,,,stratified_labeled_val,2,True,15,35,18.742,success,,0.7335800185013877,0.6361793317587989,0.6454284542845428,0.5442596215374849,0.7527623168777974,0.514599562730612,10.0,0.5235588550567627,20.0,0.2557646036148071,20.0,scarf,internal_stratified_val,50.0,,,,,,,
2026-06-30T09:01:13.781750+00:00,phoneme,1489,scarf,1,100,4223,80,20,1081,2,5,5,,,,,,,,,,,,,,,stratified_labeled_val,2,True,30,70,23.8854,success,,0.7835337650323775,0.7499607742745305,0.7443958966565349,0.5602270546898994,0.7860050869572399,0.5264785643537779,18.0,0.4016860425472259,28.0,0.2631688416004181,28.0,scarf,internal_stratified_val,50.0,,,,,,,
2026-06-30T09:01:37.681473+00:00,phoneme,1489,scarf,1,250,4073,200,50,1081,2,5,5,,,,,,,,,,,,,,,stratified_labeled_val,2,True,74,176,23.8221,success,,0.7705827937095282,0.6595888318166052,0.6755702280912366,0.4577799428089133,0.8328117000016516,0.6532957635411856,22.0,0.457359254360199,32.0,0.370444118976593,32.0,scarf,internal_stratified_val,50.0,,,,,,,
2026-06-30T09:02:01.515616+00:00,phoneme,1489,scarf,1,500,3823,400,100,1081,2,5,5,,,,,,,,,,,,,,,stratified_labeled_val,2,True,147,353,27.2759,success,,0.7548566142460684,0.6244694204502288,0.6346859892292527,0.4908407951086484,0.8143632219597999,0.6416642469534038,6.0,0.5423967242240906,16.0,0.3981941938400268,16.0,scarf,internal_stratified_val,50.0,,,,,,,
2026-06-30T09:02:28.808292+00:00,phoneme,1489,scarf,2,50,4273,40,10,1081,2,5,5,,,,,,,,,,,,,,,stratified_labeled_val,2,True,15,35,78.5583,success,,0.7326549491211841,0.7075061522453632,0.6945064573255222,0.7326918107783977,0.7885774687432905,0.5556626052284005,36.0,0.1873440593481063,46.0,0.1594562232494354,46.0,scarf,internal_stratified_val,50.0,,,,,,,
2026-06-30T09:03:47.382358+00:00,phoneme,1489,scarf,2,100,4223,80,20,1081,2,5,5,,,,,,,,,,,,,,,stratified_labeled_val,2,True,30,70,89.7943,success,,0.7650323774283071,0.6971897864468926,0.70458125322775,0.4855718797008364,0.7995358977323401,0.6259586818669444,13.0,0.4359084367752075,23.0,0.3475701808929443,23.0,scarf,internal_stratified_val,50.0,,,,,,,
2026-06-30T09:05:17.296291+00:00,phoneme,1489,scarf,2,250,4073,200,50,1081,2,5,5,,,,,,,,,,,,,,,stratified_labeled_val,2,True,74,176,82.571,success,,0.7853839037927844,0.7420413067534313,0.7415943355012076,0.4559920445957982,0.8275513237650091,0.6324170384307631,15.0,0.5211289525032043,25.0,0.3412286341190338,25.0,scarf,internal_stratified_val,50.0,,,,,,,
2026-06-30T09:06:39.886681+00:00,phoneme,1489,scarf,2,500,3823,400,100,1081,2,5,5,,,,,,,,,,,,,,,stratified_labeled_val,2,True,147,353,40.0492,success,,0.8094357076780758,0.7664397079954415,0.7684059671192758,0.4054377742667193,0.8714387170297455,0.7146587239043495,24.0,0.3787163496017456,34.0,0.2773760929703712,34.0,scarf,internal_stratified_val,50.0,,,,,,,
2026-06-30T09:07:20.152536+00:00,spambase,44,sslae,0,50,3630,40,10,921,2,57,57,,,,,,,,,,,,,,,stratified_labeled_val,2,True,20,30,11.5187,success,,0.8925081433224755,0.8877040196688291,0.8875173481535397,0.4081456273450341,0.9482014672630508,0.893686609442105,36.0,0.0485475361347198,46.0,0.1352198272943496,,sslae,internal_stratified_val,,,,,,,,
2026-06-30T09:07:31.678774+00:00,spambase,44,sslae,0,100,3580,80,20,921,2,57,57,,,,,,,,,,,,,,,stratified_labeled_val,2,True,40,60,9.8539,success,,0.9196525515743756,0.9173257501703248,0.916120218579235,0.3763547652174954,0.9534025494436053,0.8805401268595524,18.0,0.1255510449409485,28.0,0.258410632610321,,sslae,internal_stratified_val,,,,,,,,
2026-06-30T09:07:41.545869+00:00,spambase,44,sslae,0,250,3430,200,50,921,2,57,57,,,,,,,,,,,,,,,stratified_labeled_val,2,True,99,151,13.6295,success,,0.9218241042345277,0.9253754554341064,0.9192317811102342,0.3182947803042291,0.9657325947648528,0.9276890532408352,26.0,0.1647683531045913,36.0,0.3072182834148407,,sslae,internal_stratified_val,,,,,,,,
2026-06-30T09:07:55.188243+00:00,spambase,44,sslae,0,500,3180,400,100,921,2,57,57,,,,,,,,,,,,,,,stratified_labeled_val,2,True,197,303,7.3765,success,,0.9229098805646035,0.9195325690926864,0.9193306234232456,0.2744051917163052,0.9673938801504784,0.9279183715353078,12.0,0.2611212134361267,22.0,0.4191907048225403,,sslae,internal_stratified_val,,,,,,,,
2026-06-30T09:08:02.581500+00:00,spambase,44,sslae,1,50,3630,40,10,921,2,57,57,,,,,,,,,,,,,,,stratified_labeled_val,2,True,20,30,17.7301,success,,0.8653637350705755,0.848455226754347,0.8556426332288402,0.3530277392019452,0.9203718514568954,0.8999910297576661,13.0,0.190268725156784,23.0,0.2778838872909546,,sslae,internal_stratified_val,,,,,,,,
2026-06-30T09:08:20.458162+00:00,spambase,44,sslae,1,100,3580,80,20,921,2,57,57,,,,,,,,,,,,,,,stratified_labeled_val,2,True,40,60,11.1438,success,,0.8447339847991314,0.8112133060813413,0.825749346740317,0.455597816619538,0.9343187495680164,0.9124295023820692,3.0,0.5504041910171509,13.0,0.4030408263206482,,sslae,internal_stratified_val,,,,,,,,
2026-06-30T09:08:31.711917+00:00,spambase,44,sslae,1,250,3430,200,50,921,2,57,57,,,,,,,,,,,,,,,stratified_labeled_val,2,True,99,151,23.1028,success,,0.9326818675352876,0.9242276133771736,0.9287251358044416,0.2414060254535492,0.9619607610809956,0.945872602391546,20.0,0.3137783706188202,30.0,0.3384778797626495,,sslae,internal_stratified_val,,,,,,,,
2026-06-30T09:08:54.833475+00:00,spambase,44,sslae,1,500,3180,400,100,921,2,57,57,,,,,,,,,,,,,,,stratified_labeled_val,2,True,197,303,24.4421,success,,0.9120521172638436,0.8980568144791019,0.9058715908875836,0.2512003796507199,0.964843942849808,0.941397247799732,13.0,0.1795018017292022,23.0,0.4393422156572342,,sslae,internal_stratified_val,,,,,,,,
2026-06-30T09:09:19.290360+00:00,spambase,44,sslae,2,50,3630,40,10,921,2,57,57,,,,,,,,,,,,,,,stratified_labeled_val,2,True,20,30,14.4185,success,,0.8143322475570033,0.7947880565182618,0.8008059283543353,0.4750303696666071,0.8835026708927002,0.8262072727482165,15.0,0.1649708598852157,25.0,0.2257699221372604,,sslae,internal_stratified_val,,,,,,,,
2026-06-30T09:09:33.749582+00:00,spambase,44,sslae,2,100,3580,80,20,921,2,57,57,,,,,,,,,,,,,,,stratified_labeled_val,2,True,40,60,11.1623,success,,0.8621064060803475,0.8457670547113363,0.85241595114473,0.3625813686539273,0.9287251794583172,0.8670588686341811,6.0,0.3172408938407898,16.0,0.505385160446167,,sslae,internal_stratified_val,,,,,,,,
2026-06-30T09:09:44.920069+00:00,spambase,44,sslae,2,250,3430,200,50,921,2,57,57,,,,,,,,,,,,,,,stratified_labeled_val,2,True,99,151,23.4839,success,,0.8892508143322475,0.883090435143221,0.8838271666007123,0.3724412242586484,0.9428991775032832,0.8763923626575592,19.0,0.2802203297615051,29.0,0.3675937950611114,,sslae,internal_stratified_val,,,,,,,,
2026-06-30T09:10:08.418988+00:00,spambase,44,sslae,2,500,3180,400,100,921,2,57,57,,,,,,,,,,,,,,,stratified_labeled_val,2,True,197,303,24.9959,success,,0.8881650380021715,0.8889333214846411,0.8842203673439997,0.3688769171601199,0.952007859632493,0.904887381671266,25.0,0.2498795241117477,35.0,0.3949345350265503,,sslae,internal_stratified_val,,,,,,,,
2026-06-30T09:22:45.280121+00:00,spambase,44,scarf,0,50,3630,40,10,921,2,57,57,,,,,,,,,,,,,,,stratified_labeled_val,2,True,20,30,71.4619,success,,0.8881650380021715,0.8884519683639918,0.8841236317529808,0.5073739652812741,0.9583715947352311,0.9271620484826834,66.0,0.016746325418353,76.0,0.0006605593953281,76.0,scarf,internal_stratified_val,50.0,,,,,,,
2026-06-30T09:23:56.845991+00:00,spambase,44,scarf,0,100,3580,80,20,921,2,57,57,,,,,,,,,,,,,,,stratified_labeled_val,2,True,40,60,70.6933,success,,0.9153094462540716,0.9156669332622412,0.9120615194782302,0.4120031406503334,0.948828460558666,0.8772675962175568,26.0,0.1191575899720192,36.0,0.0255153980106115,36.0,scarf,internal_stratified_val,50.0,,,,,,,
2026-06-30T09:25:07.550614+00:00,spambase,44,scarf,0,250,3430,200,50,921,2,57,57,,,,,,,,,,,,,,,stratified_labeled_val,2,True,99,151,57.0532,success,,0.9326818675352876,0.92663437898042,0.9291003635496752,0.2283958806200121,0.9703264314701264,0.942223120480331,18.0,0.2218338549137115,28.0,0.0833517611026763,28.0,scarf,internal_stratified_val,50.0,,,,,,,
2026-06-30T09:26:04.615126+00:00,spambase,44,scarf,0,500,3180,400,100,921,2,57,57,,,,,,,,,,,,,,,stratified_labeled_val,2,True,197,303,54.0595,success,,0.9163952225841476,0.9136748718860156,0.9126789559940948,0.262281609777214,0.9637454703437108,0.926731866943026,9.0,0.2737308442592621,19.0,0.1421837694942951,19.0,scarf,internal_stratified_val,50.0,,,,,,,
2026-06-30T09:26:58.686630+00:00,spambase,44,scarf,1,50,3630,40,10,921,2,57,57,,,,,,,,,,,,,,,stratified_labeled_val,2,True,20,30,27.7719,success,,0.8935939196525515,0.8837865458100063,0.8874610980329569,0.5658000241078615,0.9436520631535296,0.9285441332048842,92.0,0.01062046084553,100.0,0.0001646544696995,100.0,scarf,internal_stratified_val,50.0,,,,,,,
2026-06-30T09:27:26.472361+00:00,spambase,44,scarf,1,100,3580,80,20,921,2,57,57,,,,,,,,,,,,,,,stratified_labeled_val,2,True,40,60,23.5153,success,,0.9033659066232356,0.8831867057673509,0.894997828707434,0.3689261486486808,0.9551823217512369,0.948762138049512,10.0,0.4910162687301636,20.0,0.1088637337088584,20.0,scarf,internal_stratified_val,50.0,,,,,,,
2026-06-30T09:27:49.997111+00:00,spambase,44,scarf,1,250,3430,200,50,921,2,57,57,,,,,,,,,,,,,,,stratified_labeled_val,2,True,99,151,23.3973,success,,0.9185667752442996,0.9145042803400576,0.9147037940295744,0.3474150013583216,0.959591022640876,0.9365168387606854,48.0,0.1813300102949142,58.0,0.0072171352803707,58.0,scarf,internal_stratified_val,50.0,,,,,,,
2026-06-30T09:28:13.405543+00:00,spambase,44,scarf,1,500,3180,400,100,921,2,57,57,,,,,,,,,,,,,,,stratified_labeled_val,2,True,197,303,20.0919,success,,0.9196525515743756,0.9105868064812346,0.9149300007988496,0.258826245954451,0.9626297184948212,0.9385674884019998,25.0,0.1475296020507812,35.0,0.0459555992856621,35.0,scarf,internal_stratified_val,50.0,,,,,,,
2026-06-30T09:28:33.506341+00:00,spambase,44,scarf,2,50,3630,40,10,921,2,57,57,,,,,,,,,,,,,,,stratified_labeled_val,2,True,20,30,22.8843,success,,0.8327904451682954,0.8095396783080067,0.818431563316094,0.4915649077976164,0.89881216860689,0.8713082183537147,25.0,0.182519644498825,35.0,0.0039560785517096,35.0,scarf,internal_stratified_val,50.0,,,,,,,
2026-06-30T09:28:56.400650+00:00,spambase,44,scarf,2,100,3580,80,20,921,2,57,57,,,,,,,,,,,,,,,stratified_labeled_val,2,True,40,60,61.918,success,,0.8479913137893594,0.8312301904677272,0.8374055504554763,0.9430943977323224,0.9206828796271612,0.8673485526895951,49.0,0.004614426754415,59.0,0.0005296889576129,59.0,scarf,internal_stratified_val,50.0,,,,,,,
2026-06-30T09:29:58.372216+00:00,spambase,44,scarf,2,250,3430,200,50,921,2,57,57,,,,,,,,,,,,,,,stratified_labeled_val,2,True,99,151,46.4788,success,,0.8881650380021715,0.8744927278651619,0.880726631721488,0.3163762553988004,0.940771349862259,0.9072911198862418,15.0,0.3561424612998962,25.0,0.1383982598781585,25.0,scarf,internal_stratified_val,50.0,,,,,,,
2026-06-30T09:30:44.861938+00:00,spambase,44,scarf,2,500,3180,400,100,921,2,57,57,,,,,,,,,,,,,,,stratified_labeled_val,2,True,197,303,34.0008,success,,0.8957654723127035,0.8952057229183329,0.8917680239732064,0.2892264162687299,0.9574780058651028,0.9295859742258016,19.0,0.2693958878517151,29.0,0.1025925055146217,29.0,scarf,internal_stratified_val,50.0,,,,,,,
2026-06-30T11:14:36.319569+00:00,phoneme,1489,vime,0,50,4273,40,10,1081,2,5,5,,,,,,,,,,,,,,,stratified_labeled_val,2,True,15,35,21.3197,success,,0.7261794634597595,0.5377372124134969,0.4931249920794839,0.5959542561409683,0.6614654731035394,0.5059619575454808,8.0,0.5657371282577515,18.0,0.4284347593784332,18.0,vime,internal_stratified_val,50.0,paper_faithful_core,VIME,,,,,
2026-06-30T11:14:57.649753+00:00,phoneme,1489,vime,0,100,4223,80,20,1081,2,5,5,,,,,,,,,,,,,,,stratified_labeled_val,2,True,30,70,18.3369,success,,0.7807585568917669,0.6880130311989033,0.7041813451939298,0.5700851361778686,0.8161015409516573,0.6016538038999033,54.0,0.4630659520626068,64.0,0.1339520514011383,64.0,vime,internal_stratified_val,50.0,paper_faithful_core,VIME,,,,,
2026-06-30T11:15:16.000130+00:00,phoneme,1489,vime,0,250,4073,200,50,1081,2,5,5,,,,,,,,,,,,,,,stratified_labeled_val,2,True,74,176,29.1255,success,,0.755781683626272,0.6481947908236576,0.6612733228884774,0.5056125499857586,0.7754223991279502,0.5726827674701969,10.0,0.5525745153427124,20.0,0.4147924482822418,20.0,vime,internal_stratified_val,50.0,paper_faithful_core,VIME,,,,,
2026-06-30T11:15:45.134445+00:00,phoneme,1489,vime,0,500,3823,400,100,1081,2,5,5,,,,,,,,,,,,,,,stratified_labeled_val,2,True,147,353,34.8277,success,,0.8103607770582794,0.7855508943465408,0.7773943877730398,0.3992017682934264,0.877690058962459,0.7313024498317008,53.0,0.3852711319923401,63.0,0.3101063370704651,63.0,vime,internal_stratified_val,50.0,paper_faithful_core,VIME,,,,,
2026-06-30T11:16:19.970756+00:00,phoneme,1489,vime,1,50,4273,40,10,1081,2,5,5,,,,,,,,,,,,,,,stratified_labeled_val,2,True,15,35,29.7034,success,,0.7493061979648473,0.6666845591028457,0.676069949633168,0.5267034948239281,0.764835582274927,0.5205911606672031,7.0,0.4783307015895843,17.0,0.2707695960998535,17.0,vime,internal_stratified_val,50.0,paper_faithful_core,VIME,,,,,
2026-06-30T11:16:49.680394+00:00,phoneme,1489,vime,1,100,4223,80,20,1081,2,5,5,,,,,,,,,,,,,,,stratified_labeled_val,2,True,30,70,23.5464,success,,0.7733580018501388,0.7390704741770856,0.7330624767552847,0.5407775821986796,0.7748567228764431,0.518880092610273,14.0,0.4668611288070678,24.0,0.2836292684078216,24.0,vime,internal_stratified_val,50.0,paper_faithful_core,VIME,,,,,
2026-06-30T11:17:13.232738+00:00,phoneme,1489,vime,1,250,4073,200,50,1081,2,5,5,,,,,,,,,,,,,,,stratified_labeled_val,2,True,74,176,20.1812,success,,0.7705827937095282,0.6586659950121393,0.6746473266730745,0.4546542196195272,0.8356070490693182,0.6514864442975699,24.0,0.4573922753334045,34.0,0.3589345812797546,34.0,vime,internal_stratified_val,50.0,paper_faithful_core,VIME,,,,,
2026-06-30T11:17:33.420226+00:00,phoneme,1489,vime,1,500,3823,400,100,1081,2,5,5,,,,,,,,,,,,,,,stratified_labeled_val,2,True,147,353,24.4618,success,,0.8020351526364478,0.7279819809404264,0.7427335409252669,0.3818937547825355,0.8922944159083025,0.7303341912795449,48.0,0.4726712703704834,58.0,0.285889595746994,58.0,vime,internal_stratified_val,50.0,paper_faithful_core,VIME,,,,,
2026-06-30T11:17:57.888314+00:00,phoneme,1489,vime,2,50,4273,40,10,1081,2,5,5,,,,,,,,,,,,,,,stratified_labeled_val,2,True,15,35,19.8752,success,,0.7363552266419982,0.7184294845326771,0.7017965671542109,0.6593166540298723,0.7906626257287727,0.5522335879771961,34.0,0.1405220925807953,44.0,0.1970731019973755,44.0,vime,internal_stratified_val,50.0,paper_faithful_core,VIME,,,,,
2026-06-30T11:18:17.769829+00:00,phoneme,1489,vime,2,100,4223,80,20,1081,2,5,5,,,,,,,,,,,,,,,stratified_labeled_val,2,True,30,70,20.7267,success,,0.7622571692876966,0.7099918245330075,0.7113424663227509,0.4906530573205851,0.8048169190876509,0.6247661719612352,14.0,0.4005055725574493,24.0,0.3704734146595001,24.0,vime,internal_stratified_val,50.0,paper_faithful_core,VIME,,,,,
2026-06-30T11:18:38.502136+00:00,phoneme,1489,vime,2,250,4073,200,50,1081,2,5,5,,,,,,,,,,,,,,,stratified_labeled_val,2,True,74,176,24.9665,success,,0.7955596669750231,0.7796938741803888,0.7649678639908466,0.451564478058998,0.8354501461674403,0.6394549901689544,15.0,0.5147191882133484,25.0,0.3633436560630798,25.0,vime,internal_stratified_val,50.0,paper_faithful_core,VIME,,,,,
2026-06-30T11:19:03.474506+00:00,phoneme,1489,vime,2,500,3823,400,100,1081,2,5,5,,,,,,,,,,,,,,,stratified_labeled_val,2,True,147,353,26.4543,success,,0.7974098057354302,0.7653145490280278,0.7601635117543069,0.4225474675218355,0.8574537136439461,0.6778251314003395,23.0,0.373746782541275,33.0,0.3522841334342956,33.0,vime,internal_stratified_val,50.0,paper_faithful_core,VIME,,,,,
2026-06-30T11:19:30.006754+00:00,spambase,44,vime,0,50,3630,40,10,921,2,57,57,,,,,,,,,,,,,,,stratified_labeled_val,2,True,20,30,27.7879,success,,0.9098805646036916,0.9058917621967476,0.9056963625933716,0.4663500644099423,0.9616991024615658,0.9346670848193314,75.0,0.0182642750442028,85.0,0.0013386579230427,85.0,vime,internal_stratified_val,50.0,paper_faithful_core,VIME,,,,,
2026-06-30T11:19:57.802514+00:00,spambase,44,vime,0,100,3580,80,20,921,2,57,57,,,,,,,,,,,,,,,stratified_labeled_val,2,True,40,60,28.7,success,,0.9142236699239956,0.9128454634319736,0.9106577355918885,0.3931258495577116,0.9566313180682682,0.9084246862395016,32.0,0.0543807856738567,42.0,0.0357335209846496,42.0,vime,internal_stratified_val,50.0,paper_faithful_core,VIME,,,,,
2026-06-30T11:20:26.509659+00:00,spambase,44,vime,0,250,3430,200,50,921,2,57,57,,,,,,,,,,,,,,,stratified_labeled_val,2,True,99,151,22.868,success,,0.9261672095548316,0.9178885630498534,0.9219117823085824,0.2327185443584339,0.9690156698954352,0.9423600691175148,13.0,0.2018194198608398,23.0,0.1106300950050354,23.0,vime,internal_stratified_val,50.0,paper_faithful_core,VIME,,,,,
2026-06-30T11:20:49.385696+00:00,spambase,44,vime,0,500,3180,400,100,921,2,57,57,,,,,,,,,,,,,,,stratified_labeled_val,2,True,197,303,24.696,success,,0.9174809989142236,0.910238751147842,0.9130008948990752,0.2455747597765966,0.965456125280172,0.9364180004283336,9.0,0.248379036784172,19.0,0.1103490628302097,19.0,vime,internal_stratified_val,50.0,paper_faithful_core,VIME,,,,,
2026-06-30T11:21:14.088017+00:00,spambase,44,vime,1,50,3630,40,10,921,2,57,57,,,,,,,,,,,,,,,stratified_labeled_val,2,True,20,30,25.7971,success,,0.8805646036916395,0.8682203264314701,0.8731265153184924,0.4323935137821696,0.943703901181907,0.926029827327302,39.0,0.0528929270803928,49.0,0.0018557291477918,49.0,vime,internal_stratified_val,50.0,paper_faithful_core,VIME,,,,,
2026-06-30T11:21:39.894411+00:00,spambase,44,vime,1,100,3580,80,20,921,2,57,57,,,,,,,,,,,,,,,stratified_labeled_val,2,True,40,60,26.3934,success,,0.8469055374592834,0.8231138363103172,0.8332003930408647,0.4644691783578681,0.9072198031142312,0.8854106893880718,3.0,0.5529701709747314,13.0,0.176223337650299,13.0,vime,internal_stratified_val,50.0,paper_faithful_core,VIME,,,,,
2026-06-30T11:22:06.296205+00:00,spambase,44,vime,1,250,3430,200,50,921,2,57,57,,,,,,,,,,,,,,,stratified_labeled_val,2,True,99,151,32.9992,success,,0.9229098805646035,0.9176071566100892,0.9190141150331232,0.319479690711876,0.9596650769671298,0.9402675704342184,50.0,0.2492212355136871,60.0,0.0125620383769273,60.0,vime,internal_stratified_val,50.0,paper_faithful_core,VIME,,,,,
2026-06-30T11:22:39.302625+00:00,spambase,44,vime,1,500,3180,400,100,921,2,57,57,,,,,,,,,,,,,,,stratified_labeled_val,2,True,197,303,30.9428,success,,0.9218241042345277,0.9099721555733286,0.91667253078663,0.2517978517346578,0.9647896363438884,0.9436656870394728,26.0,0.1666579991579055,36.0,0.0838628709316253,36.0,vime,internal_stratified_val,50.0,paper_faithful_core,VIME,,,,,
2026-06-30T11:23:10.252519+00:00,spambase,44,vime,2,50,3630,40,10,921,2,57,57,,,,,,,,,,,,,,,stratified_labeled_val,2,True,20,30,41.9579,success,,0.8338762214983714,0.8109170887763263,0.8197298884321785,0.4014651308173385,0.9085922766274672,0.8539221549365019,21.0,0.253086119890213,31.0,0.0373735278844833,31.0,vime,internal_stratified_val,50.0,paper_faithful_core,VIME,,,,,
2026-06-30T11:23:52.221563+00:00,spambase,44,vime,2,100,3580,80,20,921,2,57,57,,,,,,,,,,,,,,,stratified_labeled_val,2,True,40,60,31.4853,success,,0.8631921824104235,0.842812287093812,0.8520259311020209,0.3939241527616433,0.9340768387689208,0.8794479614853016,24.0,0.0611620396375656,34.0,0.0157407596707344,34.0,vime,internal_stratified_val,50.0,paper_faithful_core,VIME,,,,,
2026-06-30T11:24:23.717504+00:00,spambase,44,vime,2,250,3430,200,50,921,2,57,57,,,,,,,,,,,,,,,stratified_labeled_val,2,True,99,151,22.2467,success,,0.8707926167209555,0.8688201664741254,0.8657791189102537,0.3617919060646734,0.933780621463906,0.8660598234446967,15.0,0.3170575797557831,25.0,0.1483155786991119,25.0,vime,internal_stratified_val,50.0,paper_faithful_core,VIME,,,,,
2026-06-30T11:24:45.971223+00:00,spambase,44,vime,2,500,3180,400,100,921,2,57,57,,,,,,,,,,,,,,,stratified_labeled_val,2,True,197,303,22.0603,success,,0.8827361563517915,0.8834903285049913,0.8786502049580325,0.3313272355894154,0.9503391688142422,0.9139219130434072,27.0,0.2891153693199157,37.0,0.1292826123535633,37.0,vime,internal_stratified_val,50.0,paper_faithful_core,VIME,,,,,
2026-07-07T09:56:39.929462+00:00,steel-plates-fault,40982,logistic_regression,0,50,1502,40,10,389,7,27,27,,,,,,,,,,,,,,,stratified_labeled_val,7,True,4,13,0.0842,success,,0.6066838046272494,0.626238948904989,0.6142009797431484,1.2474256753921509,0.8600941946347744,,,,,,,,,,,,"{Bumps:9,Dirtiness:4,K_Scratch:9,Other_Faults:13,Pastry:5,Stains:4,Z_Scratch:6}","{Bumps:81,Dirtiness:11,K_Scratch:78,Other_Faults:135,Pastry:32,Stains:14,Z_Scratch:38}","{Bumps:321,Dirtiness:44,K_Scratch:313,Other_Faults:538,Pastry:126,Stains:58,Z_Scratch:152}","{Bumps:312,Dirtiness:40,K_Scratch:304,Other_Faults:525,Pastry:121,Stains:54,Z_Scratch:146}","{Bumps:2,Dirtiness:1,K_Scratch:2,Other_Faults:2,Pastry:1,Stains:1,Z_Scratch:1}"
2026-07-07T09:56:40.020793+00:00,steel-plates-fault,40982,logistic_regression,0,100,1452,80,20,389,7,27,27,,,,,,,,,,,,,,,stratified_labeled_val,7,True,7,28,0.0946,success,,0.6529562982005142,0.6789138353987978,0.6670493312827002,1.0513999462127686,0.8731403594701639,,,,,,,,,,,,"{Bumps:19,Dirtiness:7,K_Scratch:18,Other_Faults:28,Pastry:10,Stains:7,Z_Scratch:11}","{Bumps:81,Dirtiness:11,K_Scratch:78,Other_Faults:135,Pastry:32,Stains:14,Z_Scratch:38}","{Bumps:321,Dirtiness:44,K_Scratch:313,Other_Faults:538,Pastry:126,Stains:58,Z_Scratch:152}","{Bumps:302,Dirtiness:37,K_Scratch:295,Other_Faults:510,Pastry:116,Stains:51,Z_Scratch:141}","{Bumps:4,Dirtiness:1,K_Scratch:4,Other_Faults:6,Pastry:2,Stains:1,Z_Scratch:2}"
2026-07-07T09:56:40.122386+00:00,steel-plates-fault,40982,logistic_regression,0,250,1302,200,50,389,7,27,27,,,,,,,,,,,,,,,stratified_labeled_val,7,True,11,80,0.0848,success,,0.6555269922879178,0.6927150213334424,0.6766599888508645,0.8132641911506653,0.9244718286760484,,,,,,,,,,,,"{Bumps:50,Dirtiness:11,K_Scratch:48,Other_Faults:80,Pastry:22,Stains:13,Z_Scratch:26}","{Bumps:81,Dirtiness:11,K_Scratch:78,Other_Faults:135,Pastry:32,Stains:14,Z_Scratch:38}","{Bumps:321,Dirtiness:44,K_Scratch:313,Other_Faults:538,Pastry:126,Stains:58,Z_Scratch:152}","{Bumps:271,Dirtiness:33,K_Scratch:265,Other_Faults:458,Pastry:104,Stains:45,Z_Scratch:126}","{Bumps:10,Dirtiness:2,K_Scratch:10,Other_Faults:16,Pastry:4,Stains:3,Z_Scratch:5}"
2026-07-07T09:56:40.210932+00:00,steel-plates-fault,40982,logistic_regression,0,500,1052,400,100,389,7,27,27,,,,,,,,,,,,,,,stratified_labeled_val,7,True,18,166,0.1038,success,,0.6863753213367609,0.6842148835569889,0.7014973782128718,0.7800362706184387,0.9266952303266472,,,,,,,,,,,,"{Bumps:101,Dirtiness:18,K_Scratch:99,Other_Faults:166,Pastry:43,Stains:22,Z_Scratch:51}","{Bumps:81,Dirtiness:11,K_Scratch:78,Other_Faults:135,Pastry:32,Stains:14,Z_Scratch:38}","{Bumps:321,Dirtiness:44,K_Scratch:313,Other_Faults:538,Pastry:126,Stains:58,Z_Scratch:152}","{Bumps:220,Dirtiness:26,K_Scratch:214,Other_Faults:372,Pastry:83,Stains:36,Z_Scratch:101}","{Bumps:20,Dirtiness:4,K_Scratch:20,Other_Faults:33,Pastry:9,Stains:4,Z_Scratch:10}"
2026-07-07T09:56:40.319152+00:00,steel-plates-fault,40982,logistic_regression,1,50,1502,40,10,389,7,27,27,,,,,,,,,,,,,,,stratified_labeled_val,7,True,4,13,0.0795,success,,0.5347043701799485,0.5992044018359808,0.5140703072119117,1.5386098623275757,0.8618535066716645,,,,,,,,,,,,"{Bumps:9,Dirtiness:4,K_Scratch:9,Other_Faults:13,Pastry:5,Stains:4,Z_Scratch:6}","{Bumps:81,Dirtiness:11,K_Scratch:78,Other_Faults:135,Pastry:32,Stains:14,Z_Scratch:38}","{Bumps:321,Dirtiness:44,K_Scratch:313,Other_Faults:538,Pastry:126,Stains:58,Z_Scratch:152}","{Bumps:312,Dirtiness:40,K_Scratch:304,Other_Faults:525,Pastry:121,Stains:54,Z_Scratch:146}","{Bumps:2,Dirtiness:1,K_Scratch:2,Other_Faults:2,Pastry:1,Stains:1,Z_Scratch:1}"
2026-07-07T09:56:40.403165+00:00,steel-plates-fault,40982,logistic_regression,1,100,1452,80,20,389,7,27,27,,,,,,,,,,,,,,,stratified_labeled_val,7,True,7,28,0.0766,success,,0.5886889460154242,0.612248753868428,0.5680805443874053,1.3268944025039673,0.8807246961076268,,,,,,,,,,,,"{Bumps:19,Dirtiness:7,K_Scratch:18,Other_Faults:28,Pastry:10,Stains:7,Z_Scratch:11}","{Bumps:81,Dirtiness:11,K_Scratch:78,Other_Faults:135,Pastry:32,Stains:14,Z_Scratch:38}","{Bumps:321,Dirtiness:44,K_Scratch:313,Other_Faults:538,Pastry:126,Stains:58,Z_Scratch:152}","{Bumps:302,Dirtiness:37,K_Scratch:295,Other_Faults:510,Pastry:116,Stains:51,Z_Scratch:141}","{Bumps:4,Dirtiness:1,K_Scratch:4,Other_Faults:6,Pastry:2,Stains:1,Z_Scratch:2}"
2026-07-07T09:56:40.483693+00:00,steel-plates-fault,40982,logistic_regression,1,250,1302,200,50,389,7,27,27,,,,,,,,,,,,,,,stratified_labeled_val,7,True,11,80,0.0875,success,,0.6658097686375322,0.7059843908528121,0.6825451917856612,0.9836477041244508,0.9048861209225788,,,,,,,,,,,,"{Bumps:50,Dirtiness:11,K_Scratch:48,Other_Faults:80,Pastry:22,Stains:13,Z_Scratch:26}","{Bumps:81,Dirtiness:11,K_Scratch:78,Other_Faults:135,Pastry:32,Stains:14,Z_Scratch:38}","{Bumps:321,Dirtiness:44,K_Scratch:313,Other_Faults:538,Pastry:126,Stains:58,Z_Scratch:152}","{Bumps:271,Dirtiness:33,K_Scratch:265,Other_Faults:458,Pastry:104,Stains:45,Z_Scratch:126}","{Bumps:10,Dirtiness:2,K_Scratch:10,Other_Faults:16,Pastry:4,Stains:3,Z_Scratch:5}"
2026-07-07T09:56:40.574731+00:00,steel-plates-fault,40982,logistic_regression,1,500,1052,400,100,389,7,27,27,,,,,,,,,,,,,,,stratified_labeled_val,7,True,18,166,0.0945,success,,0.6580976863753213,0.6505627291811502,0.6542689498961411,0.838164746761322,0.9172863477167268,,,,,,,,,,,,"{Bumps:101,Dirtiness:18,K_Scratch:99,Other_Faults:166,Pastry:43,Stains:22,Z_Scratch:51}","{Bumps:81,Dirtiness:11,K_Scratch:78,Other_Faults:135,Pastry:32,Stains:14,Z_Scratch:38}","{Bumps:321,Dirtiness:44,K_Scratch:313,Other_Faults:538,Pastry:126,Stains:58,Z_Scratch:152}","{Bumps:220,Dirtiness:26,K_Scratch:214,Other_Faults:372,Pastry:83,Stains:36,Z_Scratch:101}","{Bumps:20,Dirtiness:4,K_Scratch:20,Other_Faults:33,Pastry:9,Stains:4,Z_Scratch:10}"
2026-07-07T09:56:40.673228+00:00,steel-plates-fault,40982,logistic_regression,2,50,1502,40,10,389,7,27,27,,,,,,,,,,,,,,,stratified_labeled_val,7,True,4,13,0.0756,success,,0.622107969151671,0.6631451267102896,0.6312629185454978,1.206152081489563,0.8831876743337024,,,,,,,,,,,,"{Bumps:9,Dirtiness:4,K_Scratch:9,Other_Faults:13,Pastry:5,Stains:4,Z_Scratch:6}","{Bumps:81,Dirtiness:11,K_Scratch:78,Other_Faults:135,Pastry:32,Stains:14,Z_Scratch:38}","{Bumps:321,Dirtiness:44,K_Scratch:313,Other_Faults:538,Pastry:126,Stains:58,Z_Scratch:152}","{Bumps:312,Dirtiness:40,K_Scratch:304,Other_Faults:525,Pastry:121,Stains:54,Z_Scratch:146}","{Bumps:2,Dirtiness:1,K_Scratch:2,Other_Faults:2,Pastry:1,Stains:1,Z_Scratch:1}"
2026-07-07T09:56:40.753492+00:00,steel-plates-fault,40982,logistic_regression,2,100,1452,80,20,389,7,27,27,,,,,,,,,,,,,,,stratified_labeled_val,7,True,7,28,0.0894,success,,0.6298200514138818,0.6887404500029813,0.6386360024178362,1.221831202507019,0.8957257237054469,,,,,,,,,,,,"{Bumps:19,Dirtiness:7,K_Scratch:18,Other_Faults:28,Pastry:10,Stains:7,Z_Scratch:11}","{Bumps:81,Dirtiness:11,K_Scratch:78,Other_Faults:135,Pastry:32,Stains:14,Z_Scratch:38}","{Bumps:321,Dirtiness:44,K_Scratch:313,Other_Faults:538,Pastry:126,Stains:58,Z_Scratch:152}","{Bumps:302,Dirtiness:37,K_Scratch:295,Other_Faults:510,Pastry:116,Stains:51,Z_Scratch:141}","{Bumps:4,Dirtiness:1,K_Scratch:4,Other_Faults:6,Pastry:2,Stains:1,Z_Scratch:2}"
2026-07-07T09:56:40.845885+00:00,steel-plates-fault,40982,logistic_regression,2,250,1302,200,50,389,7,27,27,,,,,,,,,,,,,,,stratified_labeled_val,7,True,11,80,0.0655,success,,0.6683804627249358,0.707801569659339,0.672133169756462,0.9179364442825316,0.9135682784615046,,,,,,,,,,,,"{Bumps:50,Dirtiness:11,K_Scratch:48,Other_Faults:80,Pastry:22,Stains:13,Z_Scratch:26}","{Bumps:81,Dirtiness:11,K_Scratch:78,Other_Faults:135,Pastry:32,Stains:14,Z_Scratch:38}","{Bumps:321,Dirtiness:44,K_Scratch:313,Other_Faults:538,Pastry:126,Stains:58,Z_Scratch:152}","{Bumps:271,Dirtiness:33,K_Scratch:265,Other_Faults:458,Pastry:104,Stains:45,Z_Scratch:126}","{Bumps:10,Dirtiness:2,K_Scratch:10,Other_Faults:16,Pastry:4,Stains:3,Z_Scratch:5}"
2026-07-07T09:56:40.915063+00:00,steel-plates-fault,40982,logistic_regression,2,500,1052,400,100,389,7,27,27,,,,,,,,,,,,,,,stratified_labeled_val,7,True,18,166,0.0925,success,,0.6632390745501285,0.6788434582450872,0.6732702451065568,0.8114944100379944,0.925050042904674,,,,,,,,,,,,"{Bumps:101,Dirtiness:18,K_Scratch:99,Other_Faults:166,Pastry:43,Stains:22,Z_Scratch:51}","{Bumps:81,Dirtiness:11,K_Scratch:78,Other_Faults:135,Pastry:32,Stains:14,Z_Scratch:38}","{Bumps:321,Dirtiness:44,K_Scratch:313,Other_Faults:538,Pastry:126,Stains:58,Z_Scratch:152}","{Bumps:220,Dirtiness:26,K_Scratch:214,Other_Faults:372,Pastry:83,Stains:36,Z_Scratch:101}","{Bumps:20,Dirtiness:4,K_Scratch:20,Other_Faults:33,Pastry:9,Stains:4,Z_Scratch:10}"
2026-07-07T09:56:41.010861+00:00,steel-plates-fault,40982,random_forest,0,50,1502,40,10,389,7,27,27,,,,,,,,,,,,,,,stratified_labeled_val,7,True,4,13,1.0018,success,,0.5861182519280206,0.613291890046276,0.6133599913508734,1.1276190246544475,0.858496069478699,,,,,,,,,,,,"{Bumps:9,Dirtiness:4,K_Scratch:9,Other_Faults:13,Pastry:5,Stains:4,Z_Scratch:6}","{Bumps:81,Dirtiness:11,K_Scratch:78,Other_Faults:135,Pastry:32,Stains:14,Z_Scratch:38}","{Bumps:321,Dirtiness:44,K_Scratch:313,Other_Faults:538,Pastry:126,Stains:58,Z_Scratch:152}","{Bumps:312,Dirtiness:40,K_Scratch:304,Other_Faults:525,Pastry:121,Stains:54,Z_Scratch:146}","{Bumps:2,Dirtiness:1,K_Scratch:2,Other_Faults:2,Pastry:1,Stains:1,Z_Scratch:1}"
2026-07-07T09:56:42.015861+00:00,steel-plates-fault,40982,random_forest,0,100,1452,80,20,389,7,27,27,,,,,,,,,,,,,,,stratified_labeled_val,7,True,7,28,1.0351,success,,0.6606683804627249,0.6720958877287198,0.6734569018541144,0.993648148348918,0.8882798416447052,,,,,,,,,,,,"{Bumps:19,Dirtiness:7,K_Scratch:18,Other_Faults:28,Pastry:10,Stains:7,Z_Scratch:11}","{Bumps:81,Dirtiness:11,K_Scratch:78,Other_Faults:135,Pastry:32,Stains:14,Z_Scratch:38}","{Bumps:321,Dirtiness:44,K_Scratch:313,Other_Faults:538,Pastry:126,Stains:58,Z_Scratch:152}","{Bumps:302,Dirtiness:37,K_Scratch:295,Other_Faults:510,Pastry:116,Stains:51,Z_Scratch:141}","{Bumps:4,Dirtiness:1,K_Scratch:4,Other_Faults:6,Pastry:2,Stains:1,Z_Scratch:2}"
2026-07-07T09:56:43.054664+00:00,steel-plates-fault,40982,random_forest,0,250,1302,200,50,389,7,27,27,,,,,,,,,,,,,,,stratified_labeled_val,7,True,11,80,1.2658,success,,0.7043701799485861,0.6719724041622539,0.703664887581492,0.8149749933060045,0.9371070611439596,,,,,,,,,,,,"{Bumps:50,Dirtiness:11,K_Scratch:48,Other_Faults:80,Pastry:22,Stains:13,Z_Scratch:26}","{Bumps:81,Dirtiness:11,K_Scratch:78,Other_Faults:135,Pastry:32,Stains:14,Z_Scratch:38}","{Bumps:321,Dirtiness:44,K_Scratch:313,Other_Faults:538,Pastry:126,Stains:58,Z_Scratch:152}","{Bumps:271,Dirtiness:33,K_Scratch:265,Other_Faults:458,Pastry:104,Stains:45,Z_Scratch:126}","{Bumps:10,Dirtiness:2,K_Scratch:10,Other_Faults:16,Pastry:4,Stains:3,Z_Scratch:5}"
2026-07-07T09:56:44.326196+00:00,steel-plates-fault,40982,random_forest,0,500,1052,400,100,389,7,27,27,,,,,,,,,,,,,,,stratified_labeled_val,7,True,18,166,1.5009,success,,0.7429305912596401,0.7205216578650163,0.7569229198487442,0.7061646934107346,0.9537259783397048,,,,,,,,,,,,"{Bumps:101,Dirtiness:18,K_Scratch:99,Other_Faults:166,Pastry:43,Stains:22,Z_Scratch:51}","{Bumps:81,Dirtiness:11,K_Scratch:78,Other_Faults:135,Pastry:32,Stains:14,Z_Scratch:38}","{Bumps:321,Dirtiness:44,K_Scratch:313,Other_Faults:538,Pastry:126,Stains:58,Z_Scratch:152}","{Bumps:220,Dirtiness:26,K_Scratch:214,Other_Faults:372,Pastry:83,Stains:36,Z_Scratch:101}","{Bumps:20,Dirtiness:4,K_Scratch:20,Other_Faults:33,Pastry:9,Stains:4,Z_Scratch:10}"
2026-07-07T09:56:45.837124+00:00,steel-plates-fault,40982,random_forest,1,50,1502,40,10,389,7,27,27,,,,,,,,,,,,,,,stratified_labeled_val,7,True,4,13,1.4669,success,,0.5141388174807198,0.5182319426836971,0.5128387954523296,1.3705573213038833,0.8403395378956606,,,,,,,,,,,,"{Bumps:9,Dirtiness:4,K_Scratch:9,Other_Faults:13,Pastry:5,Stains:4,Z_Scratch:6}","{Bumps:81,Dirtiness:11,K_Scratch:78,Other_Faults:135,Pastry:32,Stains:14,Z_Scratch:38}","{Bumps:321,Dirtiness:44,K_Scratch:313,Other_Faults:538,Pastry:126,Stains:58,Z_Scratch:152}","{Bumps:312,Dirtiness:40,K_Scratch:304,Other_Faults:525,Pastry:121,Stains:54,Z_Scratch:146}","{Bumps:2,Dirtiness:1,K_Scratch:2,Other_Faults:2,Pastry:1,Stains:1,Z_Scratch:1}"
2026-07-07T09:56:47.312546+00:00,steel-plates-fault,40982,random_forest,1,100,1452,80,20,389,7,27,27,,,,,,,,,,,,,,,stratified_labeled_val,7,True,7,28,1.362,success,,0.5244215938303342,0.5279751031944014,0.5480920653470392,1.3232076456242092,0.8553738353627083,,,,,,,,,,,,"{Bumps:19,Dirtiness:7,K_Scratch:18,Other_Faults:28,Pastry:10,Stains:7,Z_Scratch:11}","{Bumps:81,Dirtiness:11,K_Scratch:78,Other_Faults:135,Pastry:32,Stains:14,Z_Scratch:38}","{Bumps:321,Dirtiness:44,K_Scratch:313,Other_Faults:538,Pastry:126,Stains:58,Z_Scratch:152}","{Bumps:302,Dirtiness:37,K_Scratch:295,Other_Faults:510,Pastry:116,Stains:51,Z_Scratch:141}","{Bumps:4,Dirtiness:1,K_Scratch:4,Other_Faults:6,Pastry:2,Stains:1,Z_Scratch:2}"
2026-07-07T09:56:48.682964+00:00,steel-plates-fault,40982,random_forest,1,250,1302,200,50,389,7,27,27,,,,,,,,,,,,,,,stratified_labeled_val,7,True,11,80,1.3934,success,,0.6195372750642674,0.6402286147900184,0.6483423667600411,0.986578821415699,0.9111917690054836,,,,,,,,,,,,"{Bumps:50,Dirtiness:11,K_Scratch:48,Other_Faults:80,Pastry:22,Stains:13,Z_Scratch:26}","{Bumps:81,Dirtiness:11,K_Scratch:78,Other_Faults:135,Pastry:32,Stains:14,Z_Scratch:38}","{Bumps:321,Dirtiness:44,K_Scratch:313,Other_Faults:538,Pastry:126,Stains:58,Z_Scratch:152}","{Bumps:271,Dirtiness:33,K_Scratch:265,Other_Faults:458,Pastry:104,Stains:45,Z_Scratch:126}","{Bumps:10,Dirtiness:2,K_Scratch:10,Other_Faults:16,Pastry:4,Stains:3,Z_Scratch:5}"
2026-07-07T09:56:50.083663+00:00,steel-plates-fault,40982,random_forest,1,500,1052,400,100,389,7,27,27,,,,,,,,,,,,,,,stratified_labeled_val,7,True,18,166,1.3136,success,,0.699228791773779,0.6942401125515161,0.7244304484154108,0.870693342542854,0.930269938254886,,,,,,,,,,,,"{Bumps:101,Dirtiness:18,K_Scratch:99,Other_Faults:166,Pastry:43,Stains:22,Z_Scratch:51}","{Bumps:81,Dirtiness:11,K_Scratch:78,Other_Faults:135,Pastry:32,Stains:14,Z_Scratch:38}","{Bumps:321,Dirtiness:44,K_Scratch:313,Other_Faults:538,Pastry:126,Stains:58,Z_Scratch:152}","{Bumps:220,Dirtiness:26,K_Scratch:214,Other_Faults:372,Pastry:83,Stains:36,Z_Scratch:101}","{Bumps:20,Dirtiness:4,K_Scratch:20,Other_Faults:33,Pastry:9,Stains:4,Z_Scratch:10}"
2026-07-07T09:56:51.406342+00:00,steel-plates-fault,40982,random_forest,2,50,1502,40,10,389,7,27,27,,,,,,,,,,,,,,,stratified_labeled_val,7,True,4,13,1.3514,success,,0.5681233933161953,0.5438872362901185,0.5391779422391667,1.1532149185437173,0.8568306179430145,,,,,,,,,,,,"{Bumps:9,Dirtiness:4,K_Scratch:9,Other_Faults:13,Pastry:5,Stains:4,Z_Scratch:6}","{Bumps:81,Dirtiness:11,K_Scratch:78,Other_Faults:135,Pastry:32,Stains:14,Z_Scratch:38}","{Bumps:321,Dirtiness:44,K_Scratch:313,Other_Faults:538,Pastry:126,Stains:58,Z_Scratch:152}","{Bumps:312,Dirtiness:40,K_Scratch:304,Other_Faults:525,Pastry:121,Stains:54,Z_Scratch:146}","{Bumps:2,Dirtiness:1,K_Scratch:2,Other_Faults:2,Pastry:1,Stains:1,Z_Scratch:1}"
2026-07-07T09:56:52.764397+00:00,steel-plates-fault,40982,random_forest,2,100,1452,80,20,389,7,27,27,,,,,,,,,,,,,,,stratified_labeled_val,7,True,7,28,1.3366,success,,0.5989717223650386,0.611195058422502,0.5990274377071785,1.0391065408482143,0.8934475707727136,,,,,,,,,,,,"{Bumps:19,Dirtiness:7,K_Scratch:18,Other_Faults:28,Pastry:10,Stains:7,Z_Scratch:11}","{Bumps:81,Dirtiness:11,K_Scratch:78,Other_Faults:135,Pastry:32,Stains:14,Z_Scratch:38}","{Bumps:321,Dirtiness:44,K_Scratch:313,Other_Faults:538,Pastry:126,Stains:58,Z_Scratch:152}","{Bumps:302,Dirtiness:37,K_Scratch:295,Other_Faults:510,Pastry:116,Stains:51,Z_Scratch:141}","{Bumps:4,Dirtiness:1,K_Scratch:4,Other_Faults:6,Pastry:2,Stains:1,Z_Scratch:2}"
2026-07-07T09:56:54.108799+00:00,steel-plates-fault,40982,random_forest,2,250,1302,200,50,389,7,27,27,,,,,,,,,,,,,,,stratified_labeled_val,7,True,11,80,1.4646,success,,0.6812339331619537,0.6506105527722069,0.6806413569413107,0.9527436651310452,0.9139024234082322,,,,,,,,,,,,"{Bumps:50,Dirtiness:11,K_Scratch:48,Other_Faults:80,Pastry:22,Stains:13,Z_Scratch:26}","{Bumps:81,Dirtiness:11,K_Scratch:78,Other_Faults:135,Pastry:32,Stains:14,Z_Scratch:38}","{Bumps:321,Dirtiness:44,K_Scratch:313,Other_Faults:538,Pastry:126,Stains:58,Z_Scratch:152}","{Bumps:271,Dirtiness:33,K_Scratch:265,Other_Faults:458,Pastry:104,Stains:45,Z_Scratch:126}","{Bumps:10,Dirtiness:2,K_Scratch:10,Other_Faults:16,Pastry:4,Stains:3,Z_Scratch:5}"
2026-07-07T09:56:55.581335+00:00,steel-plates-fault,40982,random_forest,2,500,1052,400,100,389,7,27,27,,,,,,,,,,,,,,,stratified_labeled_val,7,True,18,166,1.4616,success,,0.7172236503856041,0.7241356509683577,0.7395883415880551,0.8515685115778125,0.930621393762405,,,,,,,,,,,,"{Bumps:101,Dirtiness:18,K_Scratch:99,Other_Faults:166,Pastry:43,Stains:22,Z_Scratch:51}","{Bumps:81,Dirtiness:11,K_Scratch:78,Other_Faults:135,Pastry:32,Stains:14,Z_Scratch:38}","{Bumps:321,Dirtiness:44,K_Scratch:313,Other_Faults:538,Pastry:126,Stains:58,Z_Scratch:152}","{Bumps:220,Dirtiness:26,K_Scratch:214,Other_Faults:372,Pastry:83,Stains:36,Z_Scratch:101}","{Bumps:20,Dirtiness:4,K_Scratch:20,Other_Faults:33,Pastry:9,Stains:4,Z_Scratch:10}"
2026-07-07T09:56:57.055195+00:00,steel-plates-fault,40982,xgboost,0,50,1502,40,10,389,7,27,27,,,,,,,,,,,,,,,stratified_labeled_val,7,True,4,13,3.9554,success,,0.5861182519280206,0.6017701445959591,0.5984517179382098,1.2451772689819336,0.8442173373675235,,,,,,,,,,,,"{Bumps:9,Dirtiness:4,K_Scratch:9,Other_Faults:13,Pastry:5,Stains:4,Z_Scratch:6}","{Bumps:81,Dirtiness:11,K_Scratch:78,Other_Faults:135,Pastry:32,Stains:14,Z_Scratch:38}","{Bumps:321,Dirtiness:44,K_Scratch:313,Other_Faults:538,Pastry:126,Stains:58,Z_Scratch:152}","{Bumps:312,Dirtiness:40,K_Scratch:304,Other_Faults:525,Pastry:121,Stains:54,Z_Scratch:146}","{Bumps:2,Dirtiness:1,K_Scratch:2,Other_Faults:2,Pastry:1,Stains:1,Z_Scratch:1}"
2026-07-07T09:57:01.023077+00:00,steel-plates-fault,40982,xgboost,0,100,1452,80,20,389,7,27,27,,,,,,,,,,,,,,,stratified_labeled_val,7,True,7,28,4.5429,success,,0.596401028277635,0.636282708055891,0.6249025515902905,1.0889769792556765,0.8700290460430534,,,,,,,,,,,,"{Bumps:19,Dirtiness:7,K_Scratch:18,Other_Faults:28,Pastry:10,Stains:7,Z_Scratch:11}","{Bumps:81,Dirtiness:11,K_Scratch:78,Other_Faults:135,Pastry:32,Stains:14,Z_Scratch:38}","{Bumps:321,Dirtiness:44,K_Scratch:313,Other_Faults:538,Pastry:126,Stains:58,Z_Scratch:152}","{Bumps:302,Dirtiness:37,K_Scratch:295,Other_Faults:510,Pastry:116,Stains:51,Z_Scratch:141}","{Bumps:4,Dirtiness:1,K_Scratch:4,Other_Faults:6,Pastry:2,Stains:1,Z_Scratch:2}"
2026-07-07T09:57:05.580249+00:00,steel-plates-fault,40982,xgboost,0,250,1302,200,50,389,7,27,27,,,,,,,,,,,,,,,stratified_labeled_val,7,True,11,80,6.5589,success,,0.7172236503856041,0.7142150896536862,0.7263142732747044,0.7722985148429871,0.937026988468859,,,,,,,,,,,,"{Bumps:50,Dirtiness:11,K_Scratch:48,Other_Faults:80,Pastry:22,Stains:13,Z_Scratch:26}","{Bumps:81,Dirtiness:11,K_Scratch:78,Other_Faults:135,Pastry:32,Stains:14,Z_Scratch:38}","{Bumps:321,Dirtiness:44,K_Scratch:313,Other_Faults:538,Pastry:126,Stains:58,Z_Scratch:152}","{Bumps:271,Dirtiness:33,K_Scratch:265,Other_Faults:458,Pastry:104,Stains:45,Z_Scratch:126}","{Bumps:10,Dirtiness:2,K_Scratch:10,Other_Faults:16,Pastry:4,Stains:3,Z_Scratch:5}"
2026-07-07T09:57:12.150673+00:00,steel-plates-fault,40982,xgboost,0,500,1052,400,100,389,7,27,27,,,,,,,,,,,,,,,stratified_labeled_val,7,True,18,166,9.9045,success,,0.7583547557840618,0.7537154377693225,0.7761932513225779,0.6249556541442871,0.9556218229522572,,,,,,,,,,,,"{Bumps:101,Dirtiness:18,K_Scratch:99,Other_Faults:166,Pastry:43,Stains:22,Z_Scratch:51}","{Bumps:81,Dirtiness:11,K_Scratch:78,Other_Faults:135,Pastry:32,Stains:14,Z_Scratch:38}","{Bumps:321,Dirtiness:44,K_Scratch:313,Other_Faults:538,Pastry:126,Stains:58,Z_Scratch:152}","{Bumps:220,Dirtiness:26,K_Scratch:214,Other_Faults:372,Pastry:83,Stains:36,Z_Scratch:101}","{Bumps:20,Dirtiness:4,K_Scratch:20,Other_Faults:33,Pastry:9,Stains:4,Z_Scratch:10}"
2026-07-07T09:57:22.069495+00:00,steel-plates-fault,40982,xgboost,1,50,1502,40,10,389,7,27,27,,,,,,,,,,,,,,,stratified_labeled_val,7,True,4,13,2.8314,success,,0.5604113110539846,0.6055631624710572,0.5774817346282914,1.4033148288726809,0.8413951326457145,,,,,,,,,,,,"{Bumps:9,Dirtiness:4,K_Scratch:9,Other_Faults:13,Pastry:5,Stains:4,Z_Scratch:6}","{Bumps:81,Dirtiness:11,K_Scratch:78,Other_Faults:135,Pastry:32,Stains:14,Z_Scratch:38}","{Bumps:321,Dirtiness:44,K_Scratch:313,Other_Faults:538,Pastry:126,Stains:58,Z_Scratch:152}","{Bumps:312,Dirtiness:40,K_Scratch:304,Other_Faults:525,Pastry:121,Stains:54,Z_Scratch:146}","{Bumps:2,Dirtiness:1,K_Scratch:2,Other_Faults:2,Pastry:1,Stains:1,Z_Scratch:1}"
2026-07-07T09:57:24.913123+00:00,steel-plates-fault,40982,xgboost,1,100,1452,80,20,389,7,27,27,,,,,,,,,,,,,,,stratified_labeled_val,7,True,7,28,4.5305,success,,0.596401028277635,0.6147863032261529,0.6108355671574062,1.337005376815796,0.872435380537617,,,,,,,,,,,,"{Bumps:19,Dirtiness:7,K_Scratch:18,Other_Faults:28,Pastry:10,Stains:7,Z_Scratch:11}","{Bumps:81,Dirtiness:11,K_Scratch:78,Other_Faults:135,Pastry:32,Stains:14,Z_Scratch:38}","{Bumps:321,Dirtiness:44,K_Scratch:313,Other_Faults:538,Pastry:126,Stains:58,Z_Scratch:152}","{Bumps:302,Dirtiness:37,K_Scratch:295,Other_Faults:510,Pastry:116,Stains:51,Z_Scratch:141}","{Bumps:4,Dirtiness:1,K_Scratch:4,Other_Faults:6,Pastry:2,Stains:1,Z_Scratch:2}"
2026-07-07T09:57:29.455069+00:00,steel-plates-fault,40982,xgboost,1,250,1302,200,50,389,7,27,27,,,,,,,,,,,,,,,stratified_labeled_val,7,True,11,80,7.173,success,,0.6580976863753213,0.698427482199412,0.7037847057025898,0.9646305441856384,0.9169546551164928,,,,,,,,,,,,"{Bumps:50,Dirtiness:11,K_Scratch:48,Other_Faults:80,Pastry:22,Stains:13,Z_Scratch:26}","{Bumps:81,Dirtiness:11,K_Scratch:78,Other_Faults:135,Pastry:32,Stains:14,Z_Scratch:38}","{Bumps:321,Dirtiness:44,K_Scratch:313,Other_Faults:538,Pastry:126,Stains:58,Z_Scratch:152}","{Bumps:271,Dirtiness:33,K_Scratch:265,Other_Faults:458,Pastry:104,Stains:45,Z_Scratch:126}","{Bumps:10,Dirtiness:2,K_Scratch:10,Other_Faults:16,Pastry:4,Stains:3,Z_Scratch:5}"
2026-07-07T09:57:36.637557+00:00,steel-plates-fault,40982,xgboost,1,500,1052,400,100,389,7,27,27,,,,,,,,,,,,,,,stratified_labeled_val,7,True,18,166,7.7572,success,,0.712082262210797,0.7315174632060597,0.7505194329913019,0.8398197293281555,0.9322092843523468,,,,,,,,,,,,"{Bumps:101,Dirtiness:18,K_Scratch:99,Other_Faults:166,Pastry:43,Stains:22,Z_Scratch:51}","{Bumps:81,Dirtiness:11,K_Scratch:78,Other_Faults:135,Pastry:32,Stains:14,Z_Scratch:38}","{Bumps:321,Dirtiness:44,K_Scratch:313,Other_Faults:538,Pastry:126,Stains:58,Z_Scratch:152}","{Bumps:220,Dirtiness:26,K_Scratch:214,Other_Faults:372,Pastry:83,Stains:36,Z_Scratch:101}","{Bumps:20,Dirtiness:4,K_Scratch:20,Other_Faults:33,Pastry:9,Stains:4,Z_Scratch:10}"
2026-07-07T09:57:44.409253+00:00,steel-plates-fault,40982,xgboost,2,50,1502,40,10,389,7,27,27,,,,,,,,,,,,,,,stratified_labeled_val,7,True,4,13,2.9709,success,,0.5424164524421594,0.5396639631602038,0.4968926105983667,1.2425570487976074,0.8640603314574749,,,,,,,,,,,,"{Bumps:9,Dirtiness:4,K_Scratch:9,Other_Faults:13,Pastry:5,Stains:4,Z_Scratch:6}","{Bumps:81,Dirtiness:11,K_Scratch:78,Other_Faults:135,Pastry:32,Stains:14,Z_Scratch:38}","{Bumps:321,Dirtiness:44,K_Scratch:313,Other_Faults:538,Pastry:126,Stains:58,Z_Scratch:152}","{Bumps:312,Dirtiness:40,K_Scratch:304,Other_Faults:525,Pastry:121,Stains:54,Z_Scratch:146}","{Bumps:2,Dirtiness:1,K_Scratch:2,Other_Faults:2,Pastry:1,Stains:1,Z_Scratch:1}"
2026-07-07T09:57:47.392394+00:00,steel-plates-fault,40982,xgboost,2,100,1452,80,20,389,7,27,27,,,,,,,,,,,,,,,stratified_labeled_val,7,True,7,28,4.9547,success,,0.5989717223650386,0.6420995056646686,0.5892148175113482,1.252208590507507,0.8785366198852497,,,,,,,,,,,,"{Bumps:19,Dirtiness:7,K_Scratch:18,Other_Faults:28,Pastry:10,Stains:7,Z_Scratch:11}","{Bumps:81,Dirtiness:11,K_Scratch:78,Other_Faults:135,Pastry:32,Stains:14,Z_Scratch:38}","{Bumps:321,Dirtiness:44,K_Scratch:313,Other_Faults:538,Pastry:126,Stains:58,Z_Scratch:152}","{Bumps:302,Dirtiness:37,K_Scratch:295,Other_Faults:510,Pastry:116,Stains:51,Z_Scratch:141}","{Bumps:4,Dirtiness:1,K_Scratch:4,Other_Faults:6,Pastry:2,Stains:1,Z_Scratch:2}"
2026-07-07T09:57:52.359819+00:00,steel-plates-fault,40982,xgboost,2,250,1302,200,50,389,7,27,27,,,,,,,,,,,,,,,stratified_labeled_val,7,True,11,80,6.4292,success,,0.6863753213367609,0.7204084773946929,0.7156942817381564,0.9389301538467408,0.9193619940824176,,,,,,,,,,,,"{Bumps:50,Dirtiness:11,K_Scratch:48,Other_Faults:80,Pastry:22,Stains:13,Z_Scratch:26}","{Bumps:81,Dirtiness:11,K_Scratch:78,Other_Faults:135,Pastry:32,Stains:14,Z_Scratch:38}","{Bumps:321,Dirtiness:44,K_Scratch:313,Other_Faults:538,Pastry:126,Stains:58,Z_Scratch:152}","{Bumps:271,Dirtiness:33,K_Scratch:265,Other_Faults:458,Pastry:104,Stains:45,Z_Scratch:126}","{Bumps:10,Dirtiness:2,K_Scratch:10,Other_Faults:16,Pastry:4,Stains:3,Z_Scratch:5}"
2026-07-07T09:57:58.804633+00:00,steel-plates-fault,40982,xgboost,2,500,1052,400,100,389,7,27,27,,,,,,,,,,,,,,,stratified_labeled_val,7,True,18,166,9.7912,success,,0.7095115681233933,0.7373021587620585,0.7393691927233047,0.8202270865440369,0.9320690540965312,,,,,,,,,,,,"{Bumps:101,Dirtiness:18,K_Scratch:99,Other_Faults:166,Pastry:43,Stains:22,Z_Scratch:51}","{Bumps:81,Dirtiness:11,K_Scratch:78,Other_Faults:135,Pastry:32,Stains:14,Z_Scratch:38}","{Bumps:321,Dirtiness:44,K_Scratch:313,Other_Faults:538,Pastry:126,Stains:58,Z_Scratch:152}","{Bumps:220,Dirtiness:26,K_Scratch:214,Other_Faults:372,Pastry:83,Stains:36,Z_Scratch:101}","{Bumps:20,Dirtiness:4,K_Scratch:20,Other_Faults:33,Pastry:9,Stains:4,Z_Scratch:10}"
2026-07-07T09:58:08.603870+00:00,steel-plates-fault,40982,lightgbm,0,50,1502,40,10,389,7,27,27,,,,,,,,,,,,,,,stratified_labeled_val,7,True,4,13,1.296,success,,0.4087403598971722,0.2165556340994937,0.2061320548758656,1.5301240365983877,0.7682313783441364,,,,,,,,,,,,"{Bumps:9,Dirtiness:4,K_Scratch:9,Other_Faults:13,Pastry:5,Stains:4,Z_Scratch:6}","{Bumps:81,Dirtiness:11,K_Scratch:78,Other_Faults:135,Pastry:32,Stains:14,Z_Scratch:38}","{Bumps:321,Dirtiness:44,K_Scratch:313,Other_Faults:538,Pastry:126,Stains:58,Z_Scratch:152}","{Bumps:312,Dirtiness:40,K_Scratch:304,Other_Faults:525,Pastry:121,Stains:54,Z_Scratch:146}","{Bumps:2,Dirtiness:1,K_Scratch:2,Other_Faults:2,Pastry:1,Stains:1,Z_Scratch:1}"
2026-07-07T09:58:09.916166+00:00,steel-plates-fault,40982,lightgbm,0,100,1452,80,20,389,7,27,27,,,,,,,,,,,,,,,stratified_labeled_val,7,True,7,28,2.815,success,,0.5912596401028277,0.6447226031185931,0.6413138089903642,1.7841688846937322,0.8676855907462941,,,,,,,,,,,,"{Bumps:19,Dirtiness:7,K_Scratch:18,Other_Faults:28,Pastry:10,Stains:7,Z_Scratch:11}","{Bumps:81,Dirtiness:11,K_Scratch:78,Other_Faults:135,Pastry:32,Stains:14,Z_Scratch:38}","{Bumps:321,Dirtiness:44,K_Scratch:313,Other_Faults:538,Pastry:126,Stains:58,Z_Scratch:152}","{Bumps:302,Dirtiness:37,K_Scratch:295,Other_Faults:510,Pastry:116,Stains:51,Z_Scratch:141}","{Bumps:4,Dirtiness:1,K_Scratch:4,Other_Faults:6,Pastry:2,Stains:1,Z_Scratch:2}"
2026-07-07T09:58:12.742403+00:00,steel-plates-fault,40982,lightgbm,0,250,1302,200,50,389,7,27,27,,,,,,,,,,,,,,,stratified_labeled_val,7,True,11,80,8.0236,success,,0.7069408740359897,0.7048278649782409,0.7224088371880725,1.4065528987657097,0.9310936556934988,,,,,,,,,,,,"{Bumps:50,Dirtiness:11,K_Scratch:48,Other_Faults:80,Pastry:22,Stains:13,Z_Scratch:26}","{Bumps:81,Dirtiness:11,K_Scratch:78,Other_Faults:135,Pastry:32,Stains:14,Z_Scratch:38}","{Bumps:321,Dirtiness:44,K_Scratch:313,Other_Faults:538,Pastry:126,Stains:58,Z_Scratch:152}","{Bumps:271,Dirtiness:33,K_Scratch:265,Other_Faults:458,Pastry:104,Stains:45,Z_Scratch:126}","{Bumps:10,Dirtiness:2,K_Scratch:10,Other_Faults:16,Pastry:4,Stains:3,Z_Scratch:5}"
2026-07-07T09:58:20.778048+00:00,steel-plates-fault,40982,lightgbm,0,500,1052,400,100,389,7,27,27,,,,,,,,,,,,,,,stratified_labeled_val,7,True,18,166,13.687,success,,0.7557840616966581,0.7576099229138075,0.7709278210820745,1.125983048630385,0.948661247141218,,,,,,,,,,,,"{Bumps:101,Dirtiness:18,K_Scratch:99,Other_Faults:166,Pastry:43,Stains:22,Z_Scratch:51}","{Bumps:81,Dirtiness:11,K_Scratch:78,Other_Faults:135,Pastry:32,Stains:14,Z_Scratch:38}","{Bumps:321,Dirtiness:44,K_Scratch:313,Other_Faults:538,Pastry:126,Stains:58,Z_Scratch:152}","{Bumps:220,Dirtiness:26,K_Scratch:214,Other_Faults:372,Pastry:83,Stains:36,Z_Scratch:101}","{Bumps:20,Dirtiness:4,K_Scratch:20,Other_Faults:33,Pastry:9,Stains:4,Z_Scratch:10}"
2026-07-07T09:58:34.475339+00:00,steel-plates-fault,40982,lightgbm,1,50,1502,40,10,389,7,27,27,,,,,,,,,,,,,,,stratified_labeled_val,7,True,4,13,0.9628,success,,0.4395886889460154,0.2368606701940035,0.1931414297037721,1.5666315378910798,0.728813030051408,,,,,,,,,,,,"{Bumps:9,Dirtiness:4,K_Scratch:9,Other_Faults:13,Pastry:5,Stains:4,Z_Scratch:6}","{Bumps:81,Dirtiness:11,K_Scratch:78,Other_Faults:135,Pastry:32,Stains:14,Z_Scratch:38}","{Bumps:321,Dirtiness:44,K_Scratch:313,Other_Faults:538,Pastry:126,Stains:58,Z_Scratch:152}","{Bumps:312,Dirtiness:40,K_Scratch:304,Other_Faults:525,Pastry:121,Stains:54,Z_Scratch:146}","{Bumps:2,Dirtiness:1,K_Scratch:2,Other_Faults:2,Pastry:1,Stains:1,Z_Scratch:1}"
2026-07-07T09:58:35.447094+00:00,steel-plates-fault,40982,lightgbm,1,100,1452,80,20,389,7,27,27,,,,,,,,,,,,,,,stratified_labeled_val,7,True,7,28,2.9403,success,,0.5886889460154242,0.6079876345227222,0.6051922021593545,2.721110479701088,0.8551395197910286,,,,,,,,,,,,"{Bumps:19,Dirtiness:7,K_Scratch:18,Other_Faults:28,Pastry:10,Stains:7,Z_Scratch:11}","{Bumps:81,Dirtiness:11,K_Scratch:78,Other_Faults:135,Pastry:32,Stains:14,Z_Scratch:38}","{Bumps:321,Dirtiness:44,K_Scratch:313,Other_Faults:538,Pastry:126,Stains:58,Z_Scratch:152}","{Bumps:302,Dirtiness:37,K_Scratch:295,Other_Faults:510,Pastry:116,Stains:51,Z_Scratch:141}","{Bumps:4,Dirtiness:1,K_Scratch:4,Other_Faults:6,Pastry:2,Stains:1,Z_Scratch:2}"
2026-07-07T09:58:38.399514+00:00,steel-plates-fault,40982,lightgbm,1,250,1302,200,50,389,7,27,27,,,,,,,,,,,,,,,stratified_labeled_val,7,True,11,80,6.9464,success,,0.6529562982005142,0.6659565145937326,0.6859073136538151,1.7838262592173553,0.9156076058407084,,,,,,,,,,,,"{Bumps:50,Dirtiness:11,K_Scratch:48,Other_Faults:80,Pastry:22,Stains:13,Z_Scratch:26}","{Bumps:81,Dirtiness:11,K_Scratch:78,Other_Faults:135,Pastry:32,Stains:14,Z_Scratch:38}","{Bumps:321,Dirtiness:44,K_Scratch:313,Other_Faults:538,Pastry:126,Stains:58,Z_Scratch:152}","{Bumps:271,Dirtiness:33,K_Scratch:265,Other_Faults:458,Pastry:104,Stains:45,Z_Scratch:126}","{Bumps:10,Dirtiness:2,K_Scratch:10,Other_Faults:16,Pastry:4,Stains:3,Z_Scratch:5}"
2026-07-07T09:58:45.355856+00:00,steel-plates-fault,40982,lightgbm,1,500,1052,400,100,389,7,27,27,,,,,,,,,,,,,,,stratified_labeled_val,7,True,18,166,9.799,success,,0.712082262210797,0.7196564846784145,0.7343071141657714,1.5240252909819028,0.9325567849746096,,,,,,,,,,,,"{Bumps:101,Dirtiness:18,K_Scratch:99,Other_Faults:166,Pastry:43,Stains:22,Z_Scratch:51}","{Bumps:81,Dirtiness:11,K_Scratch:78,Other_Faults:135,Pastry:32,Stains:14,Z_Scratch:38}","{Bumps:321,Dirtiness:44,K_Scratch:313,Other_Faults:538,Pastry:126,Stains:58,Z_Scratch:152}","{Bumps:220,Dirtiness:26,K_Scratch:214,Other_Faults:372,Pastry:83,Stains:36,Z_Scratch:101}","{Bumps:20,Dirtiness:4,K_Scratch:20,Other_Faults:33,Pastry:9,Stains:4,Z_Scratch:10}"
2026-07-07T09:58:55.164080+00:00,steel-plates-fault,40982,lightgbm,2,50,1502,40,10,389,7,27,27,,,,,,,,,,,,,,,stratified_labeled_val,7,True,4,13,0.8534,success,,0.4138817480719794,0.209035409035409,0.1574463118580766,1.6325324399801715,0.6864565051147942,,,,,,,,,,,,"{Bumps:9,Dirtiness:4,K_Scratch:9,Other_Faults:13,Pastry:5,Stains:4,Z_Scratch:6}","{Bumps:81,Dirtiness:11,K_Scratch:78,Other_Faults:135,Pastry:32,Stains:14,Z_Scratch:38}","{Bumps:321,Dirtiness:44,K_Scratch:313,Other_Faults:538,Pastry:126,Stains:58,Z_Scratch:152}","{Bumps:312,Dirtiness:40,K_Scratch:304,Other_Faults:525,Pastry:121,Stains:54,Z_Scratch:146}","{Bumps:2,Dirtiness:1,K_Scratch:2,Other_Faults:2,Pastry:1,Stains:1,Z_Scratch:1}"
2026-07-07T09:58:56.025651+00:00,steel-plates-fault,40982,lightgbm,2,100,1452,80,20,389,7,27,27,,,,,,,,,,,,,,,stratified_labeled_val,7,True,7,28,3.1949,success,,0.583547557840617,0.5970747407934125,0.5617496631331814,2.860821542817793,0.8703702705211276,,,,,,,,,,,,"{Bumps:19,Dirtiness:7,K_Scratch:18,Other_Faults:28,Pastry:10,Stains:7,Z_Scratch:11}","{Bumps:81,Dirtiness:11,K_Scratch:78,Other_Faults:135,Pastry:32,Stains:14,Z_Scratch:38}","{Bumps:321,Dirtiness:44,K_Scratch:313,Other_Faults:538,Pastry:126,Stains:58,Z_Scratch:152}","{Bumps:302,Dirtiness:37,K_Scratch:295,Other_Faults:510,Pastry:116,Stains:51,Z_Scratch:141}","{Bumps:4,Dirtiness:1,K_Scratch:4,Other_Faults:6,Pastry:2,Stains:1,Z_Scratch:2}"
2026-07-07T09:58:59.230769+00:00,steel-plates-fault,40982,lightgbm,2,250,1302,200,50,389,7,27,27,,,,,,,,,,,,,,,stratified_labeled_val,7,True,11,80,7.7097,success,,0.6940874035989717,0.7293529320628318,0.7171830042542549,1.7868377675242764,0.9131433601861062,,,,,,,,,,,,"{Bumps:50,Dirtiness:11,K_Scratch:48,Other_Faults:80,Pastry:22,Stains:13,Z_Scratch:26}","{Bumps:81,Dirtiness:11,K_Scratch:78,Other_Faults:135,Pastry:32,Stains:14,Z_Scratch:38}","{Bumps:321,Dirtiness:44,K_Scratch:313,Other_Faults:538,Pastry:126,Stains:58,Z_Scratch:152}","{Bumps:271,Dirtiness:33,K_Scratch:265,Other_Faults:458,Pastry:104,Stains:45,Z_Scratch:126}","{Bumps:10,Dirtiness:2,K_Scratch:10,Other_Faults:16,Pastry:4,Stains:3,Z_Scratch:5}"
2026-07-07T09:59:06.950782+00:00,steel-plates-fault,40982,lightgbm,2,500,1052,400,100,389,7,27,27,,,,,,,,,,,,,,,stratified_labeled_val,7,True,18,166,10.3082,success,,0.7069408740359897,0.7329585450982694,0.738810040891835,1.535453165941675,0.9326033045380298,,,,,,,,,,,,"{Bumps:101,Dirtiness:18,K_Scratch:99,Other_Faults:166,Pastry:43,Stains:22,Z_Scratch:51}","{Bumps:81,Dirtiness:11,K_Scratch:78,Other_Faults:135,Pastry:32,Stains:14,Z_Scratch:38}","{Bumps:321,Dirtiness:44,K_Scratch:313,Other_Faults:538,Pastry:126,Stains:58,Z_Scratch:152}","{Bumps:220,Dirtiness:26,K_Scratch:214,Other_Faults:372,Pastry:83,Stains:36,Z_Scratch:101}","{Bumps:20,Dirtiness:4,K_Scratch:20,Other_Faults:33,Pastry:9,Stains:4,Z_Scratch:10}"
2026-07-07T09:59:17.268437+00:00,steel-plates-fault,40982,catboost,0,50,1502,40,10,389,7,27,27,,,,,,,,,,,,,,,stratified_labeled_val,7,True,4,13,7.8378,success,,0.6298200514138818,0.6688879671335811,0.6632193669821198,1.201826500639927,0.8675252565989594,,,,,,,,,,,,"{Bumps:9,Dirtiness:4,K_Scratch:9,Other_Faults:13,Pastry:5,Stains:4,Z_Scratch:6}","{Bumps:81,Dirtiness:11,K_Scratch:78,Other_Faults:135,Pastry:32,Stains:14,Z_Scratch:38}","{Bumps:321,Dirtiness:44,K_Scratch:313,Other_Faults:538,Pastry:126,Stains:58,Z_Scratch:152}","{Bumps:312,Dirtiness:40,K_Scratch:304,Other_Faults:525,Pastry:121,Stains:54,Z_Scratch:146}","{Bumps:2,Dirtiness:1,K_Scratch:2,Other_Faults:2,Pastry:1,Stains:1,Z_Scratch:1}"
2026-07-07T09:59:25.114172+00:00,steel-plates-fault,40982,catboost,0,100,1452,80,20,389,7,27,27,,,,,,,,,,,,,,,stratified_labeled_val,7,True,7,28,5.8526,success,,0.6709511568123393,0.6898352593058107,0.6823728921867822,0.9594309515941564,0.8906517022405718,,,,,,,,,,,,"{Bumps:19,Dirtiness:7,K_Scratch:18,Other_Faults:28,Pastry:10,Stains:7,Z_Scratch:11}","{Bumps:81,Dirtiness:11,K_Scratch:78,Other_Faults:135,Pastry:32,Stains:14,Z_Scratch:38}","{Bumps:321,Dirtiness:44,K_Scratch:313,Other_Faults:538,Pastry:126,Stains:58,Z_Scratch:152}","{Bumps:302,Dirtiness:37,K_Scratch:295,Other_Faults:510,Pastry:116,Stains:51,Z_Scratch:141}","{Bumps:4,Dirtiness:1,K_Scratch:4,Other_Faults:6,Pastry:2,Stains:1,Z_Scratch:2}"
2026-07-07T09:59:30.972497+00:00,steel-plates-fault,40982,catboost,0,250,1302,200,50,389,7,27,27,,,,,,,,,,,,,,,stratified_labeled_val,7,True,11,80,11.2862,success,,0.6940874035989717,0.6805779595879846,0.7111451866721188,0.7466158353956184,0.9402992605418732,,,,,,,,,,,,"{Bumps:50,Dirtiness:11,K_Scratch:48,Other_Faults:80,Pastry:22,Stains:13,Z_Scratch:26}","{Bumps:81,Dirtiness:11,K_Scratch:78,Other_Faults:135,Pastry:32,Stains:14,Z_Scratch:38}","{Bumps:321,Dirtiness:44,K_Scratch:313,Other_Faults:538,Pastry:126,Stains:58,Z_Scratch:152}","{Bumps:271,Dirtiness:33,K_Scratch:265,Other_Faults:458,Pastry:104,Stains:45,Z_Scratch:126}","{Bumps:10,Dirtiness:2,K_Scratch:10,Other_Faults:16,Pastry:4,Stains:3,Z_Scratch:5}"
2026-07-07T09:59:42.263646+00:00,steel-plates-fault,40982,catboost,0,500,1052,400,100,389,7,27,27,,,,,,,,,,,,,,,stratified_labeled_val,7,True,18,166,13.8231,success,,0.7634961439588689,0.7544737437907864,0.7835549020428951,0.6233179142368107,0.956628873246438,,,,,,,,,,,,"{Bumps:101,Dirtiness:18,K_Scratch:99,Other_Faults:166,Pastry:43,Stains:22,Z_Scratch:51}","{Bumps:81,Dirtiness:11,K_Scratch:78,Other_Faults:135,Pastry:32,Stains:14,Z_Scratch:38}","{Bumps:321,Dirtiness:44,K_Scratch:313,Other_Faults:538,Pastry:126,Stains:58,Z_Scratch:152}","{Bumps:220,Dirtiness:26,K_Scratch:214,Other_Faults:372,Pastry:83,Stains:36,Z_Scratch:101}","{Bumps:20,Dirtiness:4,K_Scratch:20,Other_Faults:33,Pastry:9,Stains:4,Z_Scratch:10}"
2026-07-07T09:59:56.091334+00:00,steel-plates-fault,40982,catboost,1,50,1502,40,10,389,7,27,27,,,,,,,,,,,,,,,stratified_labeled_val,7,True,4,13,3.6145,success,,0.5501285347043702,0.6125909624813133,0.585596236818984,1.277282453049677,0.8574422049633218,,,,,,,,,,,,"{Bumps:9,Dirtiness:4,K_Scratch:9,Other_Faults:13,Pastry:5,Stains:4,Z_Scratch:6}","{Bumps:81,Dirtiness:11,K_Scratch:78,Other_Faults:135,Pastry:32,Stains:14,Z_Scratch:38}","{Bumps:321,Dirtiness:44,K_Scratch:313,Other_Faults:538,Pastry:126,Stains:58,Z_Scratch:152}","{Bumps:312,Dirtiness:40,K_Scratch:304,Other_Faults:525,Pastry:121,Stains:54,Z_Scratch:146}","{Bumps:2,Dirtiness:1,K_Scratch:2,Other_Faults:2,Pastry:1,Stains:1,Z_Scratch:1}"
2026-07-07T09:59:59.711631+00:00,steel-plates-fault,40982,catboost,1,100,1452,80,20,389,7,27,27,,,,,,,,,,,,,,,stratified_labeled_val,7,True,7,28,6.7238,success,,0.5861182519280206,0.6026816964943531,0.6118010112977176,1.1951564857840606,0.8758102369024695,,,,,,,,,,,,"{Bumps:19,Dirtiness:7,K_Scratch:18,Other_Faults:28,Pastry:10,Stains:7,Z_Scratch:11}","{Bumps:81,Dirtiness:11,K_Scratch:78,Other_Faults:135,Pastry:32,Stains:14,Z_Scratch:38}","{Bumps:321,Dirtiness:44,K_Scratch:313,Other_Faults:538,Pastry:126,Stains:58,Z_Scratch:152}","{Bumps:302,Dirtiness:37,K_Scratch:295,Other_Faults:510,Pastry:116,Stains:51,Z_Scratch:141}","{Bumps:4,Dirtiness:1,K_Scratch:4,Other_Faults:6,Pastry:2,Stains:1,Z_Scratch:2}"
2026-07-07T10:00:06.441146+00:00,steel-plates-fault,40982,catboost,1,250,1302,200,50,389,7,27,27,,,,,,,,,,,,,,,stratified_labeled_val,7,True,11,80,10.2913,success,,0.6812339331619537,0.701250269733979,0.7225335508623739,0.8586690361654653,0.922334713030464,,,,,,,,,,,,"{Bumps:50,Dirtiness:11,K_Scratch:48,Other_Faults:80,Pastry:22,Stains:13,Z_Scratch:26}","{Bumps:81,Dirtiness:11,K_Scratch:78,Other_Faults:135,Pastry:32,Stains:14,Z_Scratch:38}","{Bumps:321,Dirtiness:44,K_Scratch:313,Other_Faults:538,Pastry:126,Stains:58,Z_Scratch:152}","{Bumps:271,Dirtiness:33,K_Scratch:265,Other_Faults:458,Pastry:104,Stains:45,Z_Scratch:126}","{Bumps:10,Dirtiness:2,K_Scratch:10,Other_Faults:16,Pastry:4,Stains:3,Z_Scratch:5}"
2026-07-07T10:00:16.738074+00:00,steel-plates-fault,40982,catboost,1,500,1052,400,100,389,7,27,27,,,,,,,,,,,,,,,stratified_labeled_val,7,True,18,166,14.3628,success,,0.7172236503856041,0.7173894210078421,0.746289715714662,0.7479800175793192,0.9345106557803178,,,,,,,,,,,,"{Bumps:101,Dirtiness:18,K_Scratch:99,Other_Faults:166,Pastry:43,Stains:22,Z_Scratch:51}","{Bumps:81,Dirtiness:11,K_Scratch:78,Other_Faults:135,Pastry:32,Stains:14,Z_Scratch:38}","{Bumps:321,Dirtiness:44,K_Scratch:313,Other_Faults:538,Pastry:126,Stains:58,Z_Scratch:152}","{Bumps:220,Dirtiness:26,K_Scratch:214,Other_Faults:372,Pastry:83,Stains:36,Z_Scratch:101}","{Bumps:20,Dirtiness:4,K_Scratch:20,Other_Faults:33,Pastry:9,Stains:4,Z_Scratch:10}"
2026-07-07T10:00:31.105611+00:00,steel-plates-fault,40982,catboost,2,50,1502,40,10,389,7,27,27,,,,,,,,,,,,,,,stratified_labeled_val,7,True,4,13,3.5205,success,,0.5989717223650386,0.5667095864777568,0.576506438812815,1.160158430390252,0.8669408616679413,,,,,,,,,,,,"{Bumps:9,Dirtiness:4,K_Scratch:9,Other_Faults:13,Pastry:5,Stains:4,Z_Scratch:6}","{Bumps:81,Dirtiness:11,K_Scratch:78,Other_Faults:135,Pastry:32,Stains:14,Z_Scratch:38}","{Bumps:321,Dirtiness:44,K_Scratch:313,Other_Faults:538,Pastry:126,Stains:58,Z_Scratch:152}","{Bumps:312,Dirtiness:40,K_Scratch:304,Other_Faults:525,Pastry:121,Stains:54,Z_Scratch:146}","{Bumps:2,Dirtiness:1,K_Scratch:2,Other_Faults:2,Pastry:1,Stains:1,Z_Scratch:1}"
2026-07-07T10:00:34.632083+00:00,steel-plates-fault,40982,catboost,2,100,1452,80,20,389,7,27,27,,,,,,,,,,,,,,,stratified_labeled_val,7,True,7,28,6.85,success,,0.6503856041131105,0.6599781142231017,0.6571668649816397,1.0621544984285374,0.8971282876070196,,,,,,,,,,,,"{Bumps:19,Dirtiness:7,K_Scratch:18,Other_Faults:28,Pastry:10,Stains:7,Z_Scratch:11}","{Bumps:81,Dirtiness:11,K_Scratch:78,Other_Faults:135,Pastry:32,Stains:14,Z_Scratch:38}","{Bumps:321,Dirtiness:44,K_Scratch:313,Other_Faults:538,Pastry:126,Stains:58,Z_Scratch:152}","{Bumps:302,Dirtiness:37,K_Scratch:295,Other_Faults:510,Pastry:116,Stains:51,Z_Scratch:141}","{Bumps:4,Dirtiness:1,K_Scratch:4,Other_Faults:6,Pastry:2,Stains:1,Z_Scratch:2}"
2026-07-07T10:00:41.490112+00:00,steel-plates-fault,40982,catboost,2,250,1302,200,50,389,7,27,27,,,,,,,,,,,,,,,stratified_labeled_val,7,True,11,80,10.7061,success,,0.7197943444730077,0.7202434499270339,0.7453044106094957,0.8053240775964483,0.9274561044469676,,,,,,,,,,,,"{Bumps:50,Dirtiness:11,K_Scratch:48,Other_Faults:80,Pastry:22,Stains:13,Z_Scratch:26}","{Bumps:81,Dirtiness:11,K_Scratch:78,Other_Faults:135,Pastry:32,Stains:14,Z_Scratch:38}","{Bumps:321,Dirtiness:44,K_Scratch:313,Other_Faults:538,Pastry:126,Stains:58,Z_Scratch:152}","{Bumps:271,Dirtiness:33,K_Scratch:265,Other_Faults:458,Pastry:104,Stains:45,Z_Scratch:126}","{Bumps:10,Dirtiness:2,K_Scratch:10,Other_Faults:16,Pastry:4,Stains:3,Z_Scratch:5}"
2026-07-07T10:00:52.201164+00:00,steel-plates-fault,40982,catboost,2,500,1052,400,100,389,7,27,27,,,,,,,,,,,,,,,stratified_labeled_val,7,True,18,166,15.3048,success,,0.7249357326478149,0.7444102512868177,0.7596384567813139,0.6833729594397849,0.9459036700541298,,,,,,,,,,,,"{Bumps:101,Dirtiness:18,K_Scratch:99,Other_Faults:166,Pastry:43,Stains:22,Z_Scratch:51}","{Bumps:81,Dirtiness:11,K_Scratch:78,Other_Faults:135,Pastry:32,Stains:14,Z_Scratch:38}","{Bumps:321,Dirtiness:44,K_Scratch:313,Other_Faults:538,Pastry:126,Stains:58,Z_Scratch:152}","{Bumps:220,Dirtiness:26,K_Scratch:214,Other_Faults:372,Pastry:83,Stains:36,Z_Scratch:101}","{Bumps:20,Dirtiness:4,K_Scratch:20,Other_Faults:33,Pastry:9,Stains:4,Z_Scratch:10}"
2026-07-07T10:01:07.510501+00:00,steel-plates-fault,40982,mlp,0,50,1502,40,10,389,7,27,27,,,,,,,,,,,,,,,stratified_labeled_val,7,True,4,13,0.1895,success,,0.5244215938303342,0.3206034010545288,0.3093570767751212,1.4590082168579102,0.824780622333526,,,,,,,,,,,,"{Bumps:9,Dirtiness:4,K_Scratch:9,Other_Faults:13,Pastry:5,Stains:4,Z_Scratch:6}","{Bumps:81,Dirtiness:11,K_Scratch:78,Other_Faults:135,Pastry:32,Stains:14,Z_Scratch:38}","{Bumps:321,Dirtiness:44,K_Scratch:313,Other_Faults:538,Pastry:126,Stains:58,Z_Scratch:152}","{Bumps:312,Dirtiness:40,K_Scratch:304,Other_Faults:525,Pastry:121,Stains:54,Z_Scratch:146}","{Bumps:2,Dirtiness:1,K_Scratch:2,Other_Faults:2,Pastry:1,Stains:1,Z_Scratch:1}"
2026-07-07T10:01:07.707481+00:00,steel-plates-fault,40982,mlp,0,100,1452,80,20,389,7,27,27,,,,,,,,,,,,,,,stratified_labeled_val,7,True,7,28,0.1253,success,,0.4344473007712082,0.2622312872312872,0.2511279516205624,1.635120511054993,0.7576662387436534,,,,,,,,,,,,"{Bumps:19,Dirtiness:7,K_Scratch:18,Other_Faults:28,Pastry:10,Stains:7,Z_Scratch:11}","{Bumps:81,Dirtiness:11,K_Scratch:78,Other_Faults:135,Pastry:32,Stains:14,Z_Scratch:38}","{Bumps:321,Dirtiness:44,K_Scratch:313,Other_Faults:538,Pastry:126,Stains:58,Z_Scratch:152}","{Bumps:302,Dirtiness:37,K_Scratch:295,Other_Faults:510,Pastry:116,Stains:51,Z_Scratch:141}","{Bumps:4,Dirtiness:1,K_Scratch:4,Other_Faults:6,Pastry:2,Stains:1,Z_Scratch:2}"
2026-07-07T10:01:07.839718+00:00,steel-plates-fault,40982,mlp,0,250,1302,200,50,389,7,27,27,,,,,,,,,,,,,,,stratified_labeled_val,7,True,11,80,0.2359,success,,0.6349614395886889,0.5595884726523824,0.5834858481761712,1.0092012882232666,0.8981737036692963,,,,,,,,,,,,"{Bumps:50,Dirtiness:11,K_Scratch:48,Other_Faults:80,Pastry:22,Stains:13,Z_Scratch:26}","{Bumps:81,Dirtiness:11,K_Scratch:78,Other_Faults:135,Pastry:32,Stains:14,Z_Scratch:38}","{Bumps:321,Dirtiness:44,K_Scratch:313,Other_Faults:538,Pastry:126,Stains:58,Z_Scratch:152}","{Bumps:271,Dirtiness:33,K_Scratch:265,Other_Faults:458,Pastry:104,Stains:45,Z_Scratch:126}","{Bumps:10,Dirtiness:2,K_Scratch:10,Other_Faults:16,Pastry:4,Stains:3,Z_Scratch:5}"
2026-07-07T10:01:08.079811+00:00,steel-plates-fault,40982,mlp,0,500,1052,400,100,389,7,27,27,,,,,,,,,,,,,,,stratified_labeled_val,7,True,18,166,0.2939,success,,0.6580976863753213,0.6336140693753476,0.6478610675039247,0.8970974087715149,0.8994174567194867,,,,,,,,,,,,"{Bumps:101,Dirtiness:18,K_Scratch:99,Other_Faults:166,Pastry:43,Stains:22,Z_Scratch:51}","{Bumps:81,Dirtiness:11,K_Scratch:78,Other_Faults:135,Pastry:32,Stains:14,Z_Scratch:38}","{Bumps:321,Dirtiness:44,K_Scratch:313,Other_Faults:538,Pastry:126,Stains:58,Z_Scratch:152}","{Bumps:220,Dirtiness:26,K_Scratch:214,Other_Faults:372,Pastry:83,Stains:36,Z_Scratch:101}","{Bumps:20,Dirtiness:4,K_Scratch:20,Other_Faults:33,Pastry:9,Stains:4,Z_Scratch:10}"
2026-07-07T10:01:08.377862+00:00,steel-plates-fault,40982,mlp,1,50,1502,40,10,389,7,27,27,,,,,,,,,,,,,,,stratified_labeled_val,7,True,4,13,0.1313,success,,0.5398457583547558,0.4588763627767386,0.4715446786358133,1.412501573562622,0.8481569741067677,,,,,,,,,,,,"{Bumps:9,Dirtiness:4,K_Scratch:9,Other_Faults:13,Pastry:5,Stains:4,Z_Scratch:6}","{Bumps:81,Dirtiness:11,K_Scratch:78,Other_Faults:135,Pastry:32,Stains:14,Z_Scratch:38}","{Bumps:321,Dirtiness:44,K_Scratch:313,Other_Faults:538,Pastry:126,Stains:58,Z_Scratch:152}","{Bumps:312,Dirtiness:40,K_Scratch:304,Other_Faults:525,Pastry:121,Stains:54,Z_Scratch:146}","{Bumps:2,Dirtiness:1,K_Scratch:2,Other_Faults:2,Pastry:1,Stains:1,Z_Scratch:1}"
2026-07-07T10:01:08.514849+00:00,steel-plates-fault,40982,mlp,1,100,1452,80,20,389,7,27,27,,,,,,,,,,,,,,,stratified_labeled_val,7,True,7,28,0.1317,success,,0.4138817480719794,0.3247374011628398,0.3416232130869935,1.6426063776016235,0.7840469414622225,,,,,,,,,,,,"{Bumps:19,Dirtiness:7,K_Scratch:18,Other_Faults:28,Pastry:10,Stains:7,Z_Scratch:11}","{Bumps:81,Dirtiness:11,K_Scratch:78,Other_Faults:135,Pastry:32,Stains:14,Z_Scratch:38}","{Bumps:321,Dirtiness:44,K_Scratch:313,Other_Faults:538,Pastry:126,Stains:58,Z_Scratch:152}","{Bumps:302,Dirtiness:37,K_Scratch:295,Other_Faults:510,Pastry:116,Stains:51,Z_Scratch:141}","{Bumps:4,Dirtiness:1,K_Scratch:4,Other_Faults:6,Pastry:2,Stains:1,Z_Scratch:2}"
2026-07-07T10:01:08.651423+00:00,steel-plates-fault,40982,mlp,1,250,1302,200,50,389,7,27,27,,,,,,,,,,,,,,,stratified_labeled_val,7,True,11,80,0.1657,success,,0.4344473007712082,0.2863037668958721,0.290005451145336,1.647782325744629,0.7277868860936347,,,,,,,,,,,,"{Bumps:50,Dirtiness:11,K_Scratch:48,Other_Faults:80,Pastry:22,Stains:13,Z_Scratch:26}","{Bumps:81,Dirtiness:11,K_Scratch:78,Other_Faults:135,Pastry:32,Stains:14,Z_Scratch:38}","{Bumps:321,Dirtiness:44,K_Scratch:313,Other_Faults:538,Pastry:126,Stains:58,Z_Scratch:152}","{Bumps:271,Dirtiness:33,K_Scratch:265,Other_Faults:458,Pastry:104,Stains:45,Z_Scratch:126}","{Bumps:10,Dirtiness:2,K_Scratch:10,Other_Faults:16,Pastry:4,Stains:3,Z_Scratch:5}"
2026-07-07T10:01:08.822778+00:00,steel-plates-fault,40982,mlp,1,500,1052,400,100,389,7,27,27,,,,,,,,,,,,,,,stratified_labeled_val,7,True,18,166,0.2931,success,,0.6452442159383034,0.5752985521625872,0.5823580733955867,0.9814730882644652,0.8994947176224245,,,,,,,,,,,,"{Bumps:101,Dirtiness:18,K_Scratch:99,Other_Faults:166,Pastry:43,Stains:22,Z_Scratch:51}","{Bumps:81,Dirtiness:11,K_Scratch:78,Other_Faults:135,Pastry:32,Stains:14,Z_Scratch:38}","{Bumps:321,Dirtiness:44,K_Scratch:313,Other_Faults:538,Pastry:126,Stains:58,Z_Scratch:152}","{Bumps:220,Dirtiness:26,K_Scratch:214,Other_Faults:372,Pastry:83,Stains:36,Z_Scratch:101}","{Bumps:20,Dirtiness:4,K_Scratch:20,Other_Faults:33,Pastry:9,Stains:4,Z_Scratch:10}"
2026-07-07T10:01:09.121703+00:00,steel-plates-fault,40982,mlp,2,50,1502,40,10,389,7,27,27,,,,,,,,,,,,,,,stratified_labeled_val,7,True,4,13,0.1175,success,,0.3856041131105398,0.3225505395931461,0.2851758155652149,1.7554876804351809,0.6756945563178162,,,,,,,,,,,,"{Bumps:9,Dirtiness:4,K_Scratch:9,Other_Faults:13,Pastry:5,Stains:4,Z_Scratch:6}","{Bumps:81,Dirtiness:11,K_Scratch:78,Other_Faults:135,Pastry:32,Stains:14,Z_Scratch:38}","{Bumps:321,Dirtiness:44,K_Scratch:313,Other_Faults:538,Pastry:126,Stains:58,Z_Scratch:152}","{Bumps:312,Dirtiness:40,K_Scratch:304,Other_Faults:525,Pastry:121,Stains:54,Z_Scratch:146}","{Bumps:2,Dirtiness:1,K_Scratch:2,Other_Faults:2,Pastry:1,Stains:1,Z_Scratch:1}"
2026-07-07T10:01:09.245426+00:00,steel-plates-fault,40982,mlp,2,100,1452,80,20,389,7,27,27,,,,,,,,,,,,,,,stratified_labeled_val,7,True,7,28,0.1352,success,,0.467866323907455,0.3206664019633944,0.3260249828148044,1.6232709884643557,0.7674423871171138,,,,,,,,,,,,"{Bumps:19,Dirtiness:7,K_Scratch:18,Other_Faults:28,Pastry:10,Stains:7,Z_Scratch:11}","{Bumps:81,Dirtiness:11,K_Scratch:78,Other_Faults:135,Pastry:32,Stains:14,Z_Scratch:38}","{Bumps:321,Dirtiness:44,K_Scratch:313,Other_Faults:538,Pastry:126,Stains:58,Z_Scratch:152}","{Bumps:302,Dirtiness:37,K_Scratch:295,Other_Faults:510,Pastry:116,Stains:51,Z_Scratch:141}","{Bumps:4,Dirtiness:1,K_Scratch:4,Other_Faults:6,Pastry:2,Stains:1,Z_Scratch:2}"
2026-07-07T10:01:09.385990+00:00,steel-plates-fault,40982,mlp,2,250,1302,200,50,389,7,27,27,,,,,,,,,,,,,,,stratified_labeled_val,7,True,11,80,0.1469,success,,0.5012853470437018,0.2864468864468864,0.2719474065722745,1.5687594413757324,0.7531720802401435,,,,,,,,,,,,"{Bumps:50,Dirtiness:11,K_Scratch:48,Other_Faults:80,Pastry:22,Stains:13,Z_Scratch:26}","{Bumps:81,Dirtiness:11,K_Scratch:78,Other_Faults:135,Pastry:32,Stains:14,Z_Scratch:38}","{Bumps:321,Dirtiness:44,K_Scratch:313,Other_Faults:538,Pastry:126,Stains:58,Z_Scratch:152}","{Bumps:271,Dirtiness:33,K_Scratch:265,Other_Faults:458,Pastry:104,Stains:45,Z_Scratch:126}","{Bumps:10,Dirtiness:2,K_Scratch:10,Other_Faults:16,Pastry:4,Stains:3,Z_Scratch:5}"
2026-07-07T10:01:09.540828+00:00,steel-plates-fault,40982,mlp,2,500,1052,400,100,389,7,27,27,,,,,,,,,,,,,,,stratified_labeled_val,7,True,18,166,0.3158,success,,0.6760925449871465,0.6219393539255694,0.6362553969530483,0.8241901397705078,0.9243863199048048,,,,,,,,,,,,"{Bumps:101,Dirtiness:18,K_Scratch:99,Other_Faults:166,Pastry:43,Stains:22,Z_Scratch:51}","{Bumps:81,Dirtiness:11,K_Scratch:78,Other_Faults:135,Pastry:32,Stains:14,Z_Scratch:38}","{Bumps:321,Dirtiness:44,K_Scratch:313,Other_Faults:538,Pastry:126,Stains:58,Z_Scratch:152}","{Bumps:220,Dirtiness:26,K_Scratch:214,Other_Faults:372,Pastry:83,Stains:36,Z_Scratch:101}","{Bumps:20,Dirtiness:4,K_Scratch:20,Other_Faults:33,Pastry:9,Stains:4,Z_Scratch:10}"
2026-07-07T10:01:09.860769+00:00,steel-plates-fault,40982,label_spreading,0,50,1502,40,10,389,7,27,27,,,,,,,,,,,30.0,2.0,1542.0,1502.0,stratified_labeled_val,7,True,4,13,3.8012,success,,0.5295629820051414,0.6045909215865356,0.5017896223676644,1.3920905028901558,0.8485296332659209,,,,,,,,,,,,"{Bumps:9,Dirtiness:4,K_Scratch:9,Other_Faults:13,Pastry:5,Stains:4,Z_Scratch:6}","{Bumps:81,Dirtiness:11,K_Scratch:78,Other_Faults:135,Pastry:32,Stains:14,Z_Scratch:38}","{Bumps:321,Dirtiness:44,K_Scratch:313,Other_Faults:538,Pastry:126,Stains:58,Z_Scratch:152}","{Bumps:312,Dirtiness:40,K_Scratch:304,Other_Faults:525,Pastry:121,Stains:54,Z_Scratch:146}","{Bumps:2,Dirtiness:1,K_Scratch:2,Other_Faults:2,Pastry:1,Stains:1,Z_Scratch:1}"
2026-07-07T10:01:13.666987+00:00,steel-plates-fault,40982,label_spreading,0,100,1452,80,20,389,7,27,27,,,,,,,,,,,15.0,1.0,1532.0,1452.0,stratified_labeled_val,7,True,7,28,1.357,success,,0.5244215938303342,0.6212172545035953,0.5538399374701515,2.999267114329907,0.835713678085695,,,,,,,,,,,,"{Bumps:19,Dirtiness:7,K_Scratch:18,Other_Faults:28,Pastry:10,Stains:7,Z_Scratch:11}","{Bumps:81,Dirtiness:11,K_Scratch:78,Other_Faults:135,Pastry:32,Stains:14,Z_Scratch:38}","{Bumps:321,Dirtiness:44,K_Scratch:313,Other_Faults:538,Pastry:126,Stains:58,Z_Scratch:152}","{Bumps:302,Dirtiness:37,K_Scratch:295,Other_Faults:510,Pastry:116,Stains:51,Z_Scratch:141}","{Bumps:4,Dirtiness:1,K_Scratch:4,Other_Faults:6,Pastry:2,Stains:1,Z_Scratch:2}"
2026-07-07T10:01:15.042255+00:00,steel-plates-fault,40982,label_spreading,0,250,1302,200,50,389,7,27,27,,,,,,,,,,,15.0,1.0,1502.0,1302.0,stratified_labeled_val,7,True,11,80,1.6552,success,,0.6478149100257069,0.6834222278927793,0.641079519162061,0.8991977035450778,0.9189583781144504,,,,,,,,,,,,"{Bumps:50,Dirtiness:11,K_Scratch:48,Other_Faults:80,Pastry:22,Stains:13,Z_Scratch:26}","{Bumps:81,Dirtiness:11,K_Scratch:78,Other_Faults:135,Pastry:32,Stains:14,Z_Scratch:38}","{Bumps:321,Dirtiness:44,K_Scratch:313,Other_Faults:538,Pastry:126,Stains:58,Z_Scratch:152}","{Bumps:271,Dirtiness:33,K_Scratch:265,Other_Faults:458,Pastry:104,Stains:45,Z_Scratch:126}","{Bumps:10,Dirtiness:2,K_Scratch:10,Other_Faults:16,Pastry:4,Stains:3,Z_Scratch:5}"
2026-07-07T10:01:16.705667+00:00,steel-plates-fault,40982,label_spreading,0,500,1052,400,100,389,7,27,27,,,,,,,,,,,15.0,1.0,1452.0,1052.0,stratified_labeled_val,7,True,18,166,1.499,success,,0.6889460154241646,0.7056291174712228,0.7094155844155845,0.7916199049383826,0.929925203030604,,,,,,,,,,,,"{Bumps:101,Dirtiness:18,K_Scratch:99,Other_Faults:166,Pastry:43,Stains:22,Z_Scratch:51}","{Bumps:81,Dirtiness:11,K_Scratch:78,Other_Faults:135,Pastry:32,Stains:14,Z_Scratch:38}","{Bumps:321,Dirtiness:44,K_Scratch:313,Other_Faults:538,Pastry:126,Stains:58,Z_Scratch:152}","{Bumps:220,Dirtiness:26,K_Scratch:214,Other_Faults:372,Pastry:83,Stains:36,Z_Scratch:101}","{Bumps:20,Dirtiness:4,K_Scratch:20,Other_Faults:33,Pastry:9,Stains:4,Z_Scratch:10}"
2026-07-07T10:01:18.213985+00:00,steel-plates-fault,40982,label_spreading,1,50,1502,40,10,389,7,27,27,,,,,,,,,,,15.0,1.0,1542.0,1502.0,stratified_labeled_val,7,True,4,13,1.8174,success,,0.5526992287917738,0.6257765301624951,0.5598888116150429,2.122831104037434,0.8731386964715728,,,,,,,,,,,,"{Bumps:9,Dirtiness:4,K_Scratch:9,Other_Faults:13,Pastry:5,Stains:4,Z_Scratch:6}","{Bumps:81,Dirtiness:11,K_Scratch:78,Other_Faults:135,Pastry:32,Stains:14,Z_Scratch:38}","{Bumps:321,Dirtiness:44,K_Scratch:313,Other_Faults:538,Pastry:126,Stains:58,Z_Scratch:152}","{Bumps:312,Dirtiness:40,K_Scratch:304,Other_Faults:525,Pastry:121,Stains:54,Z_Scratch:146}","{Bumps:2,Dirtiness:1,K_Scratch:2,Other_Faults:2,Pastry:1,Stains:1,Z_Scratch:1}"
2026-07-07T10:01:20.037303+00:00,steel-plates-fault,40982,label_spreading,1,100,1452,80,20,389,7,27,27,,,,,,,,,,,15.0,1.0,1532.0,1452.0,stratified_labeled_val,7,True,7,28,1.6393,success,,0.5655526992287918,0.6082768149654115,0.5791131405988416,1.8459404587077115,0.8741592446459228,,,,,,,,,,,,"{Bumps:19,Dirtiness:7,K_Scratch:18,Other_Faults:28,Pastry:10,Stains:7,Z_Scratch:11}","{Bumps:81,Dirtiness:11,K_Scratch:78,Other_Faults:135,Pastry:32,Stains:14,Z_Scratch:38}","{Bumps:321,Dirtiness:44,K_Scratch:313,Other_Faults:538,Pastry:126,Stains:58,Z_Scratch:152}","{Bumps:302,Dirtiness:37,K_Scratch:295,Other_Faults:510,Pastry:116,Stains:51,Z_Scratch:141}","{Bumps:4,Dirtiness:1,K_Scratch:4,Other_Faults:6,Pastry:2,Stains:1,Z_Scratch:2}"
2026-07-07T10:01:21.686569+00:00,steel-plates-fault,40982,label_spreading,1,250,1302,200,50,389,7,27,27,,,,,,,,,,,15.0,1.0,1502.0,1302.0,stratified_labeled_val,7,True,11,80,1.8219,success,,0.6169665809768637,0.6566095778815078,0.6480670878834918,1.1196827311702495,0.9012098598147368,,,,,,,,,,,,"{Bumps:50,Dirtiness:11,K_Scratch:48,Other_Faults:80,Pastry:22,Stains:13,Z_Scratch:26}","{Bumps:81,Dirtiness:11,K_Scratch:78,Other_Faults:135,Pastry:32,Stains:14,Z_Scratch:38}","{Bumps:321,Dirtiness:44,K_Scratch:313,Other_Faults:538,Pastry:126,Stains:58,Z_Scratch:152}","{Bumps:271,Dirtiness:33,K_Scratch:265,Other_Faults:458,Pastry:104,Stains:45,Z_Scratch:126}","{Bumps:10,Dirtiness:2,K_Scratch:10,Other_Faults:16,Pastry:4,Stains:3,Z_Scratch:5}"
2026-07-07T10:01:23.521561+00:00,steel-plates-fault,40982,label_spreading,1,500,1052,400,100,389,7,27,27,,,,,,,,,,,7.0,0.0,1452.0,1052.0,stratified_labeled_val,7,True,18,166,0.9349,success,,0.6606683804627249,0.6868225707041496,0.6645997251777003,1.1367752912952809,0.9301130430997856,,,,,,,,,,,,"{Bumps:101,Dirtiness:18,K_Scratch:99,Other_Faults:166,Pastry:43,Stains:22,Z_Scratch:51}","{Bumps:81,Dirtiness:11,K_Scratch:78,Other_Faults:135,Pastry:32,Stains:14,Z_Scratch:38}","{Bumps:321,Dirtiness:44,K_Scratch:313,Other_Faults:538,Pastry:126,Stains:58,Z_Scratch:152}","{Bumps:220,Dirtiness:26,K_Scratch:214,Other_Faults:372,Pastry:83,Stains:36,Z_Scratch:101}","{Bumps:20,Dirtiness:4,K_Scratch:20,Other_Faults:33,Pastry:9,Stains:4,Z_Scratch:10}"
2026-07-07T10:01:24.465395+00:00,steel-plates-fault,40982,label_spreading,2,50,1502,40,10,389,7,27,27,,,,,,,,,,,15.0,1.0,1542.0,1502.0,stratified_labeled_val,7,True,4,13,1.8342,success,,0.5758354755784062,0.6455229230761812,0.5704011825001597,2.497353664023104,0.867895947917982,,,,,,,,,,,,"{Bumps:9,Dirtiness:4,K_Scratch:9,Other_Faults:13,Pastry:5,Stains:4,Z_Scratch:6}","{Bumps:81,Dirtiness:11,K_Scratch:78,Other_Faults:135,Pastry:32,Stains:14,Z_Scratch:38}","{Bumps:321,Dirtiness:44,K_Scratch:313,Other_Faults:538,Pastry:126,Stains:58,Z_Scratch:152}","{Bumps:312,Dirtiness:40,K_Scratch:304,Other_Faults:525,Pastry:121,Stains:54,Z_Scratch:146}","{Bumps:2,Dirtiness:1,K_Scratch:2,Other_Faults:2,Pastry:1,Stains:1,Z_Scratch:1}"
2026-07-07T10:01:26.321830+00:00,steel-plates-fault,40982,label_spreading,2,100,1452,80,20,389,7,27,27,,,,,,,,,,,15.0,1.0,1532.0,1452.0,stratified_labeled_val,7,True,7,28,1.6405,success,,0.5989717223650386,0.6632966767521905,0.5995019318943923,1.4414066118284312,0.9030898802471212,,,,,,,,,,,,"{Bumps:19,Dirtiness:7,K_Scratch:18,Other_Faults:28,Pastry:10,Stains:7,Z_Scratch:11}","{Bumps:81,Dirtiness:11,K_Scratch:78,Other_Faults:135,Pastry:32,Stains:14,Z_Scratch:38}","{Bumps:321,Dirtiness:44,K_Scratch:313,Other_Faults:538,Pastry:126,Stains:58,Z_Scratch:152}","{Bumps:302,Dirtiness:37,K_Scratch:295,Other_Faults:510,Pastry:116,Stains:51,Z_Scratch:141}","{Bumps:4,Dirtiness:1,K_Scratch:4,Other_Faults:6,Pastry:2,Stains:1,Z_Scratch:2}"
2026-07-07T10:01:27.972897+00:00,steel-plates-fault,40982,label_spreading,2,250,1302,200,50,389,7,27,27,,,,,,,,,,,15.0,1.0,1502.0,1302.0,stratified_labeled_val,7,True,11,80,1.4354,success,,0.6529562982005142,0.6659211425815436,0.649349272467188,1.181989324240642,0.9051832615098896,,,,,,,,,,,,"{Bumps:50,Dirtiness:11,K_Scratch:48,Other_Faults:80,Pastry:22,Stains:13,Z_Scratch:26}","{Bumps:81,Dirtiness:11,K_Scratch:78,Other_Faults:135,Pastry:32,Stains:14,Z_Scratch:38}","{Bumps:321,Dirtiness:44,K_Scratch:313,Other_Faults:538,Pastry:126,Stains:58,Z_Scratch:152}","{Bumps:271,Dirtiness:33,K_Scratch:265,Other_Faults:458,Pastry:104,Stains:45,Z_Scratch:126}","{Bumps:10,Dirtiness:2,K_Scratch:10,Other_Faults:16,Pastry:4,Stains:3,Z_Scratch:5}"
2026-07-07T10:01:29.416917+00:00,steel-plates-fault,40982,label_spreading,2,500,1052,400,100,389,7,27,27,,,,,,,,,,,7.0,0.0,1452.0,1052.0,stratified_labeled_val,7,True,18,166,0.833,success,,0.6915167095115681,0.727315386275286,0.7061026998885201,1.3670276212223842,0.9148695643882352,,,,,,,,,,,,"{Bumps:101,Dirtiness:18,K_Scratch:99,Other_Faults:166,Pastry:43,Stains:22,Z_Scratch:51}","{Bumps:81,Dirtiness:11,K_Scratch:78,Other_Faults:135,Pastry:32,Stains:14,Z_Scratch:38}","{Bumps:321,Dirtiness:44,K_Scratch:313,Other_Faults:538,Pastry:126,Stains:58,Z_Scratch:152}","{Bumps:220,Dirtiness:26,K_Scratch:214,Other_Faults:372,Pastry:83,Stains:36,Z_Scratch:101}","{Bumps:20,Dirtiness:4,K_Scratch:20,Other_Faults:33,Pastry:9,Stains:4,Z_Scratch:10}"
2026-07-07T10:01:30.260465+00:00,steel-plates-fault,40982,label_propagation,0,50,1502,40,10,389,7,27,27,,,,,,,,,,,15.0,1.0,1542.0,1502.0,stratified_labeled_val,7,True,4,13,2.4428,success,,0.3624678663239074,0.4820216588387014,0.3326135135989564,1.4442013643625875,0.8382747144620541,,,,,,,,,,,,"{Bumps:9,Dirtiness:4,K_Scratch:9,Other_Faults:13,Pastry:5,Stains:4,Z_Scratch:6}","{Bumps:81,Dirtiness:11,K_Scratch:78,Other_Faults:135,Pastry:32,Stains:14,Z_Scratch:38}","{Bumps:321,Dirtiness:44,K_Scratch:313,Other_Faults:538,Pastry:126,Stains:58,Z_Scratch:152}","{Bumps:312,Dirtiness:40,K_Scratch:304,Other_Faults:525,Pastry:121,Stains:54,Z_Scratch:146}","{Bumps:2,Dirtiness:1,K_Scratch:2,Other_Faults:2,Pastry:1,Stains:1,Z_Scratch:1}"
2026-07-07T10:01:32.712330+00:00,steel-plates-fault,40982,label_propagation,0,100,1452,80,20,389,7,27,27,,,,,,,,,,,15.0,1.0,1532.0,1452.0,stratified_labeled_val,7,True,7,28,2.1605,success,,0.4241645244215938,0.5383028370497042,0.4136954715526099,1.6477252265521103,0.829333431523571,,,,,,,,,,,,"{Bumps:19,Dirtiness:7,K_Scratch:18,Other_Faults:28,Pastry:10,Stains:7,Z_Scratch:11}","{Bumps:81,Dirtiness:11,K_Scratch:78,Other_Faults:135,Pastry:32,Stains:14,Z_Scratch:38}","{Bumps:321,Dirtiness:44,K_Scratch:313,Other_Faults:538,Pastry:126,Stains:58,Z_Scratch:152}","{Bumps:302,Dirtiness:37,K_Scratch:295,Other_Faults:510,Pastry:116,Stains:51,Z_Scratch:141}","{Bumps:4,Dirtiness:1,K_Scratch:4,Other_Faults:6,Pastry:2,Stains:1,Z_Scratch:2}"
2026-07-07T10:01:34.887973+00:00,steel-plates-fault,40982,label_propagation,0,250,1302,200,50,389,7,27,27,,,,,,,,,,,15.0,1.0,1502.0,1302.0,stratified_labeled_val,7,True,11,80,1.4925,success,,0.6272493573264781,0.6333097226267652,0.5680429309431054,0.926783852739268,0.9083508268810954,,,,,,,,,,,,"{Bumps:50,Dirtiness:11,K_Scratch:48,Other_Faults:80,Pastry:22,Stains:13,Z_Scratch:26}","{Bumps:81,Dirtiness:11,K_Scratch:78,Other_Faults:135,Pastry:32,Stains:14,Z_Scratch:38}","{Bumps:321,Dirtiness:44,K_Scratch:313,Other_Faults:538,Pastry:126,Stains:58,Z_Scratch:152}","{Bumps:271,Dirtiness:33,K_Scratch:265,Other_Faults:458,Pastry:104,Stains:45,Z_Scratch:126}","{Bumps:10,Dirtiness:2,K_Scratch:10,Other_Faults:16,Pastry:4,Stains:3,Z_Scratch:5}"
2026-07-07T10:01:36.390783+00:00,steel-plates-fault,40982,label_propagation,0,500,1052,400,100,389,7,27,27,,,,,,,,,,,15.0,1.0,1452.0,1052.0,stratified_labeled_val,7,True,18,166,1.894,success,,0.6606683804627249,0.653999177746045,0.6482066482476403,0.8216551988625818,0.9249893070565834,,,,,,,,,,,,"{Bumps:101,Dirtiness:18,K_Scratch:99,Other_Faults:166,Pastry:43,Stains:22,Z_Scratch:51}","{Bumps:81,Dirtiness:11,K_Scratch:78,Other_Faults:135,Pastry:32,Stains:14,Z_Scratch:38}","{Bumps:321,Dirtiness:44,K_Scratch:313,Other_Faults:538,Pastry:126,Stains:58,Z_Scratch:152}","{Bumps:220,Dirtiness:26,K_Scratch:214,Other_Faults:372,Pastry:83,Stains:36,Z_Scratch:101}","{Bumps:20,Dirtiness:4,K_Scratch:20,Other_Faults:33,Pastry:9,Stains:4,Z_Scratch:10}"
2026-07-07T10:01:38.293298+00:00,steel-plates-fault,40982,label_propagation,1,50,1502,40,10,389,7,27,27,,,,,,,,,,,15.0,1.0,1542.0,1502.0,stratified_labeled_val,7,True,4,13,2.4462,success,,0.5012853470437018,0.6161439072623284,0.5101181179160427,1.4689891159698496,0.8737706104965642,,,,,,,,,,,,"{Bumps:9,Dirtiness:4,K_Scratch:9,Other_Faults:13,Pastry:5,Stains:4,Z_Scratch:6}","{Bumps:81,Dirtiness:11,K_Scratch:78,Other_Faults:135,Pastry:32,Stains:14,Z_Scratch:38}","{Bumps:321,Dirtiness:44,K_Scratch:313,Other_Faults:538,Pastry:126,Stains:58,Z_Scratch:152}","{Bumps:312,Dirtiness:40,K_Scratch:304,Other_Faults:525,Pastry:121,Stains:54,Z_Scratch:146}","{Bumps:2,Dirtiness:1,K_Scratch:2,Other_Faults:2,Pastry:1,Stains:1,Z_Scratch:1}"
2026-07-07T10:01:40.748104+00:00,steel-plates-fault,40982,label_propagation,1,100,1452,80,20,389,7,27,27,,,,,,,,,,,15.0,1.0,1532.0,1452.0,stratified_labeled_val,7,True,7,28,2.0054,success,,0.5681233933161953,0.5989341108858653,0.5791521446456207,1.3380708453355152,0.8847531045789581,,,,,,,,,,,,"{Bumps:19,Dirtiness:7,K_Scratch:18,Other_Faults:28,Pastry:10,Stains:7,Z_Scratch:11}","{Bumps:81,Dirtiness:11,K_Scratch:78,Other_Faults:135,Pastry:32,Stains:14,Z_Scratch:38}","{Bumps:321,Dirtiness:44,K_Scratch:313,Other_Faults:538,Pastry:126,Stains:58,Z_Scratch:152}","{Bumps:302,Dirtiness:37,K_Scratch:295,Other_Faults:510,Pastry:116,Stains:51,Z_Scratch:141}","{Bumps:4,Dirtiness:1,K_Scratch:4,Other_Faults:6,Pastry:2,Stains:1,Z_Scratch:2}"
2026-07-07T10:01:42.775806+00:00,steel-plates-fault,40982,label_propagation,1,250,1302,200,50,389,7,27,27,,,,,,,,,,,15.0,1.0,1502.0,1302.0,stratified_labeled_val,7,True,11,80,1.5835,success,,0.6118251928020566,0.5869250551268096,0.5845561913905207,1.0468563650121632,0.8957339767944409,,,,,,,,,,,,"{Bumps:50,Dirtiness:11,K_Scratch:48,Other_Faults:80,Pastry:22,Stains:13,Z_Scratch:26}","{Bumps:81,Dirtiness:11,K_Scratch:78,Other_Faults:135,Pastry:32,Stains:14,Z_Scratch:38}","{Bumps:321,Dirtiness:44,K_Scratch:313,Other_Faults:538,Pastry:126,Stains:58,Z_Scratch:152}","{Bumps:271,Dirtiness:33,K_Scratch:265,Other_Faults:458,Pastry:104,Stains:45,Z_Scratch:126}","{Bumps:10,Dirtiness:2,K_Scratch:10,Other_Faults:16,Pastry:4,Stains:3,Z_Scratch:5}"
2026-07-07T10:01:44.367737+00:00,steel-plates-fault,40982,label_propagation,1,500,1052,400,100,389,7,27,27,,,,,,,,,,,7.0,0.0,1452.0,1052.0,stratified_labeled_val,7,True,18,166,0.8135,success,,0.6812339331619537,0.6876605850290061,0.6730737486789768,0.9468843066607092,0.93211696029882,,,,,,,,,,,,"{Bumps:101,Dirtiness:18,K_Scratch:99,Other_Faults:166,Pastry:43,Stains:22,Z_Scratch:51}","{Bumps:81,Dirtiness:11,K_Scratch:78,Other_Faults:135,Pastry:32,Stains:14,Z_Scratch:38}","{Bumps:321,Dirtiness:44,K_Scratch:313,Other_Faults:538,Pastry:126,Stains:58,Z_Scratch:152}","{Bumps:220,Dirtiness:26,K_Scratch:214,Other_Faults:372,Pastry:83,Stains:36,Z_Scratch:101}","{Bumps:20,Dirtiness:4,K_Scratch:20,Other_Faults:33,Pastry:9,Stains:4,Z_Scratch:10}"
2026-07-07T10:01:45.205653+00:00,steel-plates-fault,40982,label_propagation,2,50,1502,40,10,389,7,27,27,,,,,,,,,,,15.0,1.0,1542.0,1502.0,stratified_labeled_val,7,True,4,13,2.6343,success,,0.467866323907455,0.5612356825389406,0.4332276147602476,1.6193537307113108,0.8651208454973471,,,,,,,,,,,,"{Bumps:9,Dirtiness:4,K_Scratch:9,Other_Faults:13,Pastry:5,Stains:4,Z_Scratch:6}","{Bumps:81,Dirtiness:11,K_Scratch:78,Other_Faults:135,Pastry:32,Stains:14,Z_Scratch:38}","{Bumps:321,Dirtiness:44,K_Scratch:313,Other_Faults:538,Pastry:126,Stains:58,Z_Scratch:152}","{Bumps:312,Dirtiness:40,K_Scratch:304,Other_Faults:525,Pastry:121,Stains:54,Z_Scratch:146}","{Bumps:2,Dirtiness:1,K_Scratch:2,Other_Faults:2,Pastry:1,Stains:1,Z_Scratch:1}"
2026-07-07T10:01:47.849999+00:00,steel-plates-fault,40982,label_propagation,2,100,1452,80,20,389,7,27,27,,,,,,,,,,,15.0,1.0,1532.0,1452.0,stratified_labeled_val,7,True,7,28,3.0445,success,,0.6041131105398457,0.6919458395962156,0.582944875457464,1.2678264528318426,0.8924722981683281,,,,,,,,,,,,"{Bumps:19,Dirtiness:7,K_Scratch:18,Other_Faults:28,Pastry:10,Stains:7,Z_Scratch:11}","{Bumps:81,Dirtiness:11,K_Scratch:78,Other_Faults:135,Pastry:32,Stains:14,Z_Scratch:38}","{Bumps:321,Dirtiness:44,K_Scratch:313,Other_Faults:538,Pastry:126,Stains:58,Z_Scratch:152}","{Bumps:302,Dirtiness:37,K_Scratch:295,Other_Faults:510,Pastry:116,Stains:51,Z_Scratch:141}","{Bumps:4,Dirtiness:1,K_Scratch:4,Other_Faults:6,Pastry:2,Stains:1,Z_Scratch:2}"
2026-07-07T10:01:50.902276+00:00,steel-plates-fault,40982,label_propagation,2,250,1302,200,50,389,7,27,27,,,,,,,,,,,15.0,1.0,1502.0,1302.0,stratified_labeled_val,7,True,11,80,2.4635,success,,0.6606683804627249,0.6587458495509875,0.6362800642955898,1.0322734276534449,0.9048148357560694,,,,,,,,,,,,"{Bumps:50,Dirtiness:11,K_Scratch:48,Other_Faults:80,Pastry:22,Stains:13,Z_Scratch:26}","{Bumps:81,Dirtiness:11,K_Scratch:78,Other_Faults:135,Pastry:32,Stains:14,Z_Scratch:38}","{Bumps:321,Dirtiness:44,K_Scratch:313,Other_Faults:538,Pastry:126,Stains:58,Z_Scratch:152}","{Bumps:271,Dirtiness:33,K_Scratch:265,Other_Faults:458,Pastry:104,Stains:45,Z_Scratch:126}","{Bumps:10,Dirtiness:2,K_Scratch:10,Other_Faults:16,Pastry:4,Stains:3,Z_Scratch:5}"
2026-07-07T10:01:53.375689+00:00,steel-plates-fault,40982,label_propagation,2,500,1052,400,100,389,7,27,27,,,,,,,,,,,7.0,0.0,1452.0,1052.0,stratified_labeled_val,7,True,18,166,0.9325,success,,0.6838046272493573,0.7173286137885135,0.6973854167749506,1.1920867472718912,0.9170132627826596,,,,,,,,,,,,"{Bumps:101,Dirtiness:18,K_Scratch:99,Other_Faults:166,Pastry:43,Stains:22,Z_Scratch:51}","{Bumps:81,Dirtiness:11,K_Scratch:78,Other_Faults:135,Pastry:32,Stains:14,Z_Scratch:38}","{Bumps:321,Dirtiness:44,K_Scratch:313,Other_Faults:538,Pastry:126,Stains:58,Z_Scratch:152}","{Bumps:220,Dirtiness:26,K_Scratch:214,Other_Faults:372,Pastry:83,Stains:36,Z_Scratch:101}","{Bumps:20,Dirtiness:4,K_Scratch:20,Other_Faults:33,Pastry:9,Stains:4,Z_Scratch:10}"
2026-07-07T10:01:54.318988+00:00,steel-plates-fault,40982,self_training_lr,0,50,1502,40,10,389,7,27,27,555.0,75.0,5.0,"{0: 95, 1: 16, 2: 279, 3: 193, 4: 4, 5: 3, 6: 5}",0.3695073235685752,0.9701894698916256,0.9500187039375304,0.9995692372322084,,max_iter,,,,,stratified_labeled_val,7,True,4,13,0.3023,success,,0.570694087403599,0.5520240863285976,0.5634812964195741,1.7557815313339231,0.8464019359352621,,,,,,,,,,,,"{Bumps:9,Dirtiness:4,K_Scratch:9,Other_Faults:13,Pastry:5,Stains:4,Z_Scratch:6}","{Bumps:81,Dirtiness:11,K_Scratch:78,Other_Faults:135,Pastry:32,Stains:14,Z_Scratch:38}","{Bumps:321,Dirtiness:44,K_Scratch:313,Other_Faults:538,Pastry:126,Stains:58,Z_Scratch:152}","{Bumps:312,Dirtiness:40,K_Scratch:304,Other_Faults:525,Pastry:121,Stains:54,Z_Scratch:146}","{Bumps:2,Dirtiness:1,K_Scratch:2,Other_Faults:2,Pastry:1,Stains:1,Z_Scratch:1}"
2026-07-07T10:01:54.630498+00:00,steel-plates-fault,40982,self_training_lr,0,100,1452,80,20,389,7,27,27,202.0,13.0,5.0,"{0: 36, 1: 6, 2: 110, 3: 101, 4: 8, 5: 12, 6: 9}",0.1391184573002754,0.974961092861572,0.9500093460083008,0.9999895095825196,,max_iter,,,,,stratified_labeled_val,7,True,7,28,0.2844,success,,0.6452442159383034,0.6696997835312372,0.6624721994239234,1.1920852661132812,0.8650403516507758,,,,,,,,,,,,"{Bumps:19,Dirtiness:7,K_Scratch:18,Other_Faults:28,Pastry:10,Stains:7,Z_Scratch:11}","{Bumps:81,Dirtiness:11,K_Scratch:78,Other_Faults:135,Pastry:32,Stains:14,Z_Scratch:38}","{Bumps:321,Dirtiness:44,K_Scratch:313,Other_Faults:538,Pastry:126,Stains:58,Z_Scratch:152}","{Bumps:302,Dirtiness:37,K_Scratch:295,Other_Faults:510,Pastry:116,Stains:51,Z_Scratch:141}","{Bumps:4,Dirtiness:1,K_Scratch:4,Other_Faults:6,Pastry:2,Stains:1,Z_Scratch:2}"
2026-07-07T10:01:54.919039+00:00,steel-plates-fault,40982,self_training_lr,0,250,1302,200,50,389,7,27,27,276.0,5.0,5.0,"{0: 40, 1: 9, 2: 254, 3: 71, 4: 21, 5: 27, 6: 54}",0.2119815668202765,0.9712661424840706,0.9500196576118468,0.9999998807907104,,max_iter,,,,,stratified_labeled_val,7,True,11,80,0.4794,success,,0.6529562982005142,0.6932034218218429,0.6772278881750479,0.8141016364097595,0.9242449902834414,,,,,,,,,,,,"{Bumps:50,Dirtiness:11,K_Scratch:48,Other_Faults:80,Pastry:22,Stains:13,Z_Scratch:26}","{Bumps:81,Dirtiness:11,K_Scratch:78,Other_Faults:135,Pastry:32,Stains:14,Z_Scratch:38}","{Bumps:321,Dirtiness:44,K_Scratch:313,Other_Faults:538,Pastry:126,Stains:58,Z_Scratch:152}","{Bumps:271,Dirtiness:33,K_Scratch:265,Other_Faults:458,Pastry:104,Stains:45,Z_Scratch:126}","{Bumps:10,Dirtiness:2,K_Scratch:10,Other_Faults:16,Pastry:4,Stains:3,Z_Scratch:5}"
2026-07-07T10:01:55.407324+00:00,steel-plates-fault,40982,self_training_lr,0,500,1052,400,100,389,7,27,27,196.0,7.0,2.0,"{0: 81, 1: 14, 2: 252, 3: 140, 4: 38, 5: 24, 6: 47}",0.1863117870722433,0.984938522990869,0.9501768946647644,1.0,,no_candidates,,,,,stratified_labeled_val,7,True,18,166,0.4944,success,,0.6863753213367609,0.6849203509291228,0.702043180532552,0.7807339429855347,0.9264031277885858,,,,,,,,,,,,"{Bumps:101,Dirtiness:18,K_Scratch:99,Other_Faults:166,Pastry:43,Stains:22,Z_Scratch:51}","{Bumps:81,Dirtiness:11,K_Scratch:78,Other_Faults:135,Pastry:32,Stains:14,Z_Scratch:38}","{Bumps:321,Dirtiness:44,K_Scratch:313,Other_Faults:538,Pastry:126,Stains:58,Z_Scratch:152}","{Bumps:220,Dirtiness:26,K_Scratch:214,Other_Faults:372,Pastry:83,Stains:36,Z_Scratch:101}","{Bumps:20,Dirtiness:4,K_Scratch:20,Other_Faults:33,Pastry:9,Stains:4,Z_Scratch:10}"
2026-07-07T10:01:55.906335+00:00,steel-plates-fault,40982,self_training_lr,1,50,1502,40,10,389,7,27,27,556.0,63.0,5.0,"{0: 156, 1: 27, 2: 267, 3: 110, 4: 4, 5: 3, 6: 29}",0.37017310252996,0.9773833063437783,0.950045883655548,1.0,,max_iter,,,,,stratified_labeled_val,7,True,4,13,0.3015,success,,0.5526992287917738,0.6076276144258601,0.5353222924937793,2.018324613571167,0.8513345717743217,,,,,,,,,,,,"{Bumps:9,Dirtiness:4,K_Scratch:9,Other_Faults:13,Pastry:5,Stains:4,Z_Scratch:6}","{Bumps:81,Dirtiness:11,K_Scratch:78,Other_Faults:135,Pastry:32,Stains:14,Z_Scratch:38}","{Bumps:321,Dirtiness:44,K_Scratch:313,Other_Faults:538,Pastry:126,Stains:58,Z_Scratch:152}","{Bumps:312,Dirtiness:40,K_Scratch:304,Other_Faults:525,Pastry:121,Stains:54,Z_Scratch:146}","{Bumps:2,Dirtiness:1,K_Scratch:2,Other_Faults:2,Pastry:1,Stains:1,Z_Scratch:1}"
2026-07-07T10:01:56.214343+00:00,steel-plates-fault,40982,self_training_lr,1,100,1452,80,20,389,7,27,27,381.0,10.0,5.0,"{0: 20, 1: 10, 2: 266, 3: 131, 4: 8, 5: 10, 6: 16}",0.262396694214876,0.9819188476234596,0.9500272870063782,1.0,,max_iter,,,,,stratified_labeled_val,7,True,7,28,0.3898,success,,0.5758354755784062,0.5956954658865686,0.5534956059404802,1.480276584625244,0.8741149665505764,,,,,,,,,,,,"{Bumps:19,Dirtiness:7,K_Scratch:18,Other_Faults:28,Pastry:10,Stains:7,Z_Scratch:11}","{Bumps:81,Dirtiness:11,K_Scratch:78,Other_Faults:135,Pastry:32,Stains:14,Z_Scratch:38}","{Bumps:321,Dirtiness:44,K_Scratch:313,Other_Faults:538,Pastry:126,Stains:58,Z_Scratch:152}","{Bumps:302,Dirtiness:37,K_Scratch:295,Other_Faults:510,Pastry:116,Stains:51,Z_Scratch:141}","{Bumps:4,Dirtiness:1,K_Scratch:4,Other_Faults:6,Pastry:2,Stains:1,Z_Scratch:2}"
2026-07-07T10:01:56.609534+00:00,steel-plates-fault,40982,self_training_lr,1,250,1302,200,50,389,7,27,27,251.0,2.0,4.0,"{0: 42, 1: 14, 2: 265, 3: 65, 4: 20, 5: 11, 6: 34}",0.1927803379416282,0.9915778587063944,0.9500792622566224,1.0,,min_added_fraction,,,,,stratified_labeled_val,7,True,11,80,0.5087,success,,0.6632390745501285,0.7042207224224768,0.6780934537953899,0.9966621994972228,0.9049931823021364,,,,,,,,,,,,"{Bumps:50,Dirtiness:11,K_Scratch:48,Other_Faults:80,Pastry:22,Stains:13,Z_Scratch:26}","{Bumps:81,Dirtiness:11,K_Scratch:78,Other_Faults:135,Pastry:32,Stains:14,Z_Scratch:38}","{Bumps:321,Dirtiness:44,K_Scratch:313,Other_Faults:538,Pastry:126,Stains:58,Z_Scratch:152}","{Bumps:271,Dirtiness:33,K_Scratch:265,Other_Faults:458,Pastry:104,Stains:45,Z_Scratch:126}","{Bumps:10,Dirtiness:2,K_Scratch:10,Other_Faults:16,Pastry:4,Stains:3,Z_Scratch:5}"
2026-07-07T10:01:57.125478+00:00,steel-plates-fault,40982,self_training_lr,1,500,1052,400,100,389,7,27,27,204.0,2.0,3.0,"{0: 82, 1: 17, 2: 246, 3: 139, 4: 34, 5: 33, 6: 53}",0.1939163498098859,0.983444501956304,0.9501697421073914,0.9999593496322632,,no_candidates,,,,,stratified_labeled_val,7,True,18,166,0.5385,success,,0.6580976863753213,0.6624915411099622,0.6633944607800399,0.8446109294891357,0.917168562900362,,,,,,,,,,,,"{Bumps:101,Dirtiness:18,K_Scratch:99,Other_Faults:166,Pastry:43,Stains:22,Z_Scratch:51}","{Bumps:81,Dirtiness:11,K_Scratch:78,Other_Faults:135,Pastry:32,Stains:14,Z_Scratch:38}","{Bumps:321,Dirtiness:44,K_Scratch:313,Other_Faults:538,Pastry:126,Stains:58,Z_Scratch:152}","{Bumps:220,Dirtiness:26,K_Scratch:214,Other_Faults:372,Pastry:83,Stains:36,Z_Scratch:101}","{Bumps:20,Dirtiness:4,K_Scratch:20,Other_Faults:33,Pastry:9,Stains:4,Z_Scratch:10}"
2026-07-07T10:01:57.671497+00:00,steel-plates-fault,40982,self_training_lr,2,50,1502,40,10,389,7,27,27,649.0,43.0,5.0,"{0: 248, 1: 3, 2: 255, 3: 163, 4: 5, 5: 6, 6: 9}",0.4320905459387483,0.9726702769291236,0.9500112533569336,1.0,,max_iter,,,,,stratified_labeled_val,7,True,4,13,0.2308,success,,0.5989717223650386,0.55953237273726,0.5672633782427235,1.7567901611328125,0.8737455279591637,,,,,,,,,,,,"{Bumps:9,Dirtiness:4,K_Scratch:9,Other_Faults:13,Pastry:5,Stains:4,Z_Scratch:6}","{Bumps:81,Dirtiness:11,K_Scratch:78,Other_Faults:135,Pastry:32,Stains:14,Z_Scratch:38}","{Bumps:321,Dirtiness:44,K_Scratch:313,Other_Faults:538,Pastry:126,Stains:58,Z_Scratch:152}","{Bumps:312,Dirtiness:40,K_Scratch:304,Other_Faults:525,Pastry:121,Stains:54,Z_Scratch:146}","{Bumps:2,Dirtiness:1,K_Scratch:2,Other_Faults:2,Pastry:1,Stains:1,Z_Scratch:1}"
2026-07-07T10:01:57.908464+00:00,steel-plates-fault,40982,self_training_lr,2,100,1452,80,20,389,7,27,27,519.0,30.0,5.0,"{0: 181, 1: 6, 2: 259, 3: 98, 4: 25, 5: 12, 6: 18}",0.3574380165289256,0.975747832902824,0.9501116275787354,1.0,,max_iter,,,,,stratified_labeled_val,7,True,7,28,0.259,success,,0.6272493573264781,0.6189312468604448,0.6024863119917379,1.518441081047058,0.8936660864397611,,,,,,,,,,,,"{Bumps:19,Dirtiness:7,K_Scratch:18,Other_Faults:28,Pastry:10,Stains:7,Z_Scratch:11}","{Bumps:81,Dirtiness:11,K_Scratch:78,Other_Faults:135,Pastry:32,Stains:14,Z_Scratch:38}","{Bumps:321,Dirtiness:44,K_Scratch:313,Other_Faults:538,Pastry:126,Stains:58,Z_Scratch:152}","{Bumps:302,Dirtiness:37,K_Scratch:295,Other_Faults:510,Pastry:116,Stains:51,Z_Scratch:141}","{Bumps:4,Dirtiness:1,K_Scratch:4,Other_Faults:6,Pastry:2,Stains:1,Z_Scratch:2}"
2026-07-07T10:01:58.171432+00:00,steel-plates-fault,40982,self_training_lr,2,250,1302,200,50,389,7,27,27,259.0,5.0,5.0,"{0: 42, 1: 9, 2: 249, 3: 80, 4: 25, 5: 23, 6: 31}",0.1989247311827957,0.9852543539982505,0.950183093547821,1.0,,max_iter,,,,,stratified_labeled_val,7,True,11,80,0.3022,success,,0.6658097686375322,0.7102178668124784,0.6721129969147511,0.9344832301139832,0.91413237612922,,,,,,,,,,,,"{Bumps:50,Dirtiness:11,K_Scratch:48,Other_Faults:80,Pastry:22,Stains:13,Z_Scratch:26}","{Bumps:81,Dirtiness:11,K_Scratch:78,Other_Faults:135,Pastry:32,Stains:14,Z_Scratch:38}","{Bumps:321,Dirtiness:44,K_Scratch:313,Other_Faults:538,Pastry:126,Stains:58,Z_Scratch:152}","{Bumps:271,Dirtiness:33,K_Scratch:265,Other_Faults:458,Pastry:104,Stains:45,Z_Scratch:126}","{Bumps:10,Dirtiness:2,K_Scratch:10,Other_Faults:16,Pastry:4,Stains:3,Z_Scratch:5}"
2026-07-07T10:01:58.478915+00:00,steel-plates-fault,40982,self_training_lr,2,500,1052,400,100,389,7,27,27,189.0,2.0,3.0,"{0: 81, 1: 14, 2: 242, 3: 142, 4: 37, 5: 28, 6: 45}",0.1796577946768061,0.9905005075313428,0.950088381767273,1.0,,no_candidates,,,,,stratified_labeled_val,7,True,18,166,0.3627,success,,0.6606683804627249,0.6777852571868862,0.6717015773478133,0.817501425743103,0.9249894149380624,,,,,,,,,,,,"{Bumps:101,Dirtiness:18,K_Scratch:99,Other_Faults:166,Pastry:43,Stains:22,Z_Scratch:51}","{Bumps:81,Dirtiness:11,K_Scratch:78,Other_Faults:135,Pastry:32,Stains:14,Z_Scratch:38}","{Bumps:321,Dirtiness:44,K_Scratch:313,Other_Faults:538,Pastry:126,Stains:58,Z_Scratch:152}","{Bumps:220,Dirtiness:26,K_Scratch:214,Other_Faults:372,Pastry:83,Stains:36,Z_Scratch:101}","{Bumps:20,Dirtiness:4,K_Scratch:20,Other_Faults:33,Pastry:9,Stains:4,Z_Scratch:10}"
2026-07-07T10:01:58.847570+00:00,steel-plates-fault,40982,self_training_xgboost,0,50,1502,40,10,389,7,27,27,506.0,250.0,3.0,"{0: 124, 1: 3, 2: 222, 3: 184, 4: 4, 5: 3, 6: 6}",0.336884154460719,0.9746510507796592,0.950054943561554,0.9971883893013,,max_iter,,,,,stratified_labeled_val,7,True,4,13,14.5416,success,,0.583547557840617,0.5488993700303224,0.5838109632259476,1.832257866859436,0.8164693870050803,,,,,,,,,,,,"{Bumps:9,Dirtiness:4,K_Scratch:9,Other_Faults:13,Pastry:5,Stains:4,Z_Scratch:6}","{Bumps:81,Dirtiness:11,K_Scratch:78,Other_Faults:135,Pastry:32,Stains:14,Z_Scratch:38}","{Bumps:321,Dirtiness:44,K_Scratch:313,Other_Faults:538,Pastry:126,Stains:58,Z_Scratch:152}","{Bumps:312,Dirtiness:40,K_Scratch:304,Other_Faults:525,Pastry:121,Stains:54,Z_Scratch:146}","{Bumps:2,Dirtiness:1,K_Scratch:2,Other_Faults:2,Pastry:1,Stains:1,Z_Scratch:1}"
2026-07-07T10:02:13.403840+00:00,steel-plates-fault,40982,self_training_xgboost,0,100,1452,80,20,389,7,27,27,504.0,161.0,3.0,"{0: 129, 1: 6, 2: 160, 3: 178, 4: 11, 5: 50, 6: 50}",0.3471074380165289,0.9745253132922308,0.9501228332519532,0.9974902868270874,,max_iter,,,,,stratified_labeled_val,7,True,7,28,16.913,success,,0.5912596401028277,0.6281946906476981,0.6373852316434695,1.588188409805298,0.8506581204543753,,,,,,,,,,,,"{Bumps:19,Dirtiness:7,K_Scratch:18,Other_Faults:28,Pastry:10,Stains:7,Z_Scratch:11}","{Bumps:81,Dirtiness:11,K_Scratch:78,Other_Faults:135,Pastry:32,Stains:14,Z_Scratch:38}","{Bumps:321,Dirtiness:44,K_Scratch:313,Other_Faults:538,Pastry:126,Stains:58,Z_Scratch:152}","{Bumps:302,Dirtiness:37,K_Scratch:295,Other_Faults:510,Pastry:116,Stains:51,Z_Scratch:141}","{Bumps:4,Dirtiness:1,K_Scratch:4,Other_Faults:6,Pastry:2,Stains:1,Z_Scratch:2}"
2026-07-07T10:02:30.332423+00:00,steel-plates-fault,40982,self_training_xgboost,0,250,1302,200,50,389,7,27,27,559.0,124.0,3.0,"{0: 97, 1: 14, 2: 254, 3: 200, 4: 24, 5: 53, 6: 117}",0.4293394777265745,0.9800480704401388,0.9500197768211364,0.9987303614616394,,max_iter,,,,,stratified_labeled_val,7,True,11,80,21.8685,success,,0.7172236503856041,0.7069147916735636,0.7265931147113335,0.8839142918586731,0.9315108181749228,,,,,,,,,,,,"{Bumps:50,Dirtiness:11,K_Scratch:48,Other_Faults:80,Pastry:22,Stains:13,Z_Scratch:26}","{Bumps:81,Dirtiness:11,K_Scratch:78,Other_Faults:135,Pastry:32,Stains:14,Z_Scratch:38}","{Bumps:321,Dirtiness:44,K_Scratch:313,Other_Faults:538,Pastry:126,Stains:58,Z_Scratch:152}","{Bumps:271,Dirtiness:33,K_Scratch:265,Other_Faults:458,Pastry:104,Stains:45,Z_Scratch:126}","{Bumps:10,Dirtiness:2,K_Scratch:10,Other_Faults:16,Pastry:4,Stains:3,Z_Scratch:5}"
2026-07-07T10:02:52.216305+00:00,steel-plates-fault,40982,self_training_xgboost,0,500,1052,400,100,389,7,27,27,515.0,135.0,3.0,"{0: 151, 1: 20, 2: 266, 3: 281, 4: 55, 5: 50, 6: 92}",0.4895437262357414,0.9848097563947288,0.9503284096717834,0.9991563558578492,,max_iter,,,,,stratified_labeled_val,7,True,18,166,30.1744,success,,0.7609254498714653,0.7519373547412395,0.7750144447384198,0.7183310985565186,0.953847230951264,,,,,,,,,,,,"{Bumps:101,Dirtiness:18,K_Scratch:99,Other_Faults:166,Pastry:43,Stains:22,Z_Scratch:51}","{Bumps:81,Dirtiness:11,K_Scratch:78,Other_Faults:135,Pastry:32,Stains:14,Z_Scratch:38}","{Bumps:321,Dirtiness:44,K_Scratch:313,Other_Faults:538,Pastry:126,Stains:58,Z_Scratch:152}","{Bumps:220,Dirtiness:26,K_Scratch:214,Other_Faults:372,Pastry:83,Stains:36,Z_Scratch:101}","{Bumps:20,Dirtiness:4,K_Scratch:20,Other_Faults:33,Pastry:9,Stains:4,Z_Scratch:10}"
2026-07-07T10:03:22.398636+00:00,steel-plates-fault,40982,self_training_xgboost,1,50,1502,40,10,389,7,27,27,565.0,221.0,3.0,"{0: 62, 1: 3, 2: 296, 3: 230, 4: 4, 5: 3, 6: 7}",0.3761651131824234,0.9749383526565756,0.9500064253807068,0.996684730052948,,max_iter,,,,,stratified_labeled_val,7,True,4,13,14.397,success,,0.5424164524421594,0.5393116073567202,0.5442954083321511,2.133541822433472,0.8011436535131612,,,,,,,,,,,,"{Bumps:9,Dirtiness:4,K_Scratch:9,Other_Faults:13,Pastry:5,Stains:4,Z_Scratch:6}","{Bumps:81,Dirtiness:11,K_Scratch:78,Other_Faults:135,Pastry:32,Stains:14,Z_Scratch:38}","{Bumps:321,Dirtiness:44,K_Scratch:313,Other_Faults:538,Pastry:126,Stains:58,Z_Scratch:152}","{Bumps:312,Dirtiness:40,K_Scratch:304,Other_Faults:525,Pastry:121,Stains:54,Z_Scratch:146}","{Bumps:2,Dirtiness:1,K_Scratch:2,Other_Faults:2,Pastry:1,Stains:1,Z_Scratch:1}"
2026-07-07T10:03:36.805051+00:00,steel-plates-fault,40982,self_training_xgboost,1,100,1452,80,20,389,7,27,27,700.0,176.0,3.0,"{0: 196, 1: 6, 2: 282, 3: 197, 4: 13, 5: 16, 6: 70}",0.4820936639118457,0.9823478433064052,0.950228214263916,0.999052107334137,,max_iter,,,,,stratified_labeled_val,7,True,7,28,15.8001,success,,0.5629820051413882,0.5911627666170273,0.5903068370654557,1.9696775674819944,0.8553899499779983,,,,,,,,,,,,"{Bumps:19,Dirtiness:7,K_Scratch:18,Other_Faults:28,Pastry:10,Stains:7,Z_Scratch:11}","{Bumps:81,Dirtiness:11,K_Scratch:78,Other_Faults:135,Pastry:32,Stains:14,Z_Scratch:38}","{Bumps:321,Dirtiness:44,K_Scratch:313,Other_Faults:538,Pastry:126,Stains:58,Z_Scratch:152}","{Bumps:302,Dirtiness:37,K_Scratch:295,Other_Faults:510,Pastry:116,Stains:51,Z_Scratch:141}","{Bumps:4,Dirtiness:1,K_Scratch:4,Other_Faults:6,Pastry:2,Stains:1,Z_Scratch:2}"
2026-07-07T10:03:52.614678+00:00,steel-plates-fault,40982,self_training_xgboost,1,250,1302,200,50,389,7,27,27,637.0,167.0,3.0,"{0: 153, 1: 18, 2: 272, 3: 211, 4: 31, 5: 37, 6: 115}",0.489247311827957,0.9845347864848666,0.956903338432312,0.998336136341095,,max_iter,,,,,stratified_labeled_val,7,True,11,80,22.2009,success,,0.6503856041131105,0.6973687009871222,0.6941520815541516,1.3329851627349854,0.9016831544753628,,,,,,,,,,,,"{Bumps:50,Dirtiness:11,K_Scratch:48,Other_Faults:80,Pastry:22,Stains:13,Z_Scratch:26}","{Bumps:81,Dirtiness:11,K_Scratch:78,Other_Faults:135,Pastry:32,Stains:14,Z_Scratch:38}","{Bumps:321,Dirtiness:44,K_Scratch:313,Other_Faults:538,Pastry:126,Stains:58,Z_Scratch:152}","{Bumps:271,Dirtiness:33,K_Scratch:265,Other_Faults:458,Pastry:104,Stains:45,Z_Scratch:126}","{Bumps:10,Dirtiness:2,K_Scratch:10,Other_Faults:16,Pastry:4,Stains:3,Z_Scratch:5}"
2026-07-07T10:04:14.825997+00:00,steel-plates-fault,40982,self_training_xgboost,1,500,1052,400,100,389,7,27,27,494.0,114.0,3.0,"{0: 147, 1: 19, 2: 262, 3: 260, 4: 47, 5: 49, 6: 110}",0.4695817490494297,0.9866058001151452,0.9500745534896852,0.9992855191230774,,max_iter,,,,,stratified_labeled_val,7,True,18,166,29.2774,success,,0.7017994858611826,0.7177317119203084,0.7367181701103876,0.9195742011070251,0.9318021106461516,,,,,,,,,,,,"{Bumps:101,Dirtiness:18,K_Scratch:99,Other_Faults:166,Pastry:43,Stains:22,Z_Scratch:51}","{Bumps:81,Dirtiness:11,K_Scratch:78,Other_Faults:135,Pastry:32,Stains:14,Z_Scratch:38}","{Bumps:321,Dirtiness:44,K_Scratch:313,Other_Faults:538,Pastry:126,Stains:58,Z_Scratch:152}","{Bumps:220,Dirtiness:26,K_Scratch:214,Other_Faults:372,Pastry:83,Stains:36,Z_Scratch:101}","{Bumps:20,Dirtiness:4,K_Scratch:20,Other_Faults:33,Pastry:9,Stains:4,Z_Scratch:10}"
2026-07-07T10:04:44.127367+00:00,steel-plates-fault,40982,self_training_xgboost,2,50,1502,40,10,389,7,27,27,398.0,99.0,3.0,"{0: 85, 1: 3, 2: 287, 3: 51, 4: 4, 5: 3, 6: 5}",0.2649800266311584,0.9711484289049503,0.950018584728241,0.9957520961761476,,max_iter,,,,,stratified_labeled_val,7,True,4,13,13.6797,success,,0.5295629820051414,0.5428628568822804,0.5021529421110469,1.505988836288452,0.8453493656595769,,,,,,,,,,,,"{Bumps:9,Dirtiness:4,K_Scratch:9,Other_Faults:13,Pastry:5,Stains:4,Z_Scratch:6}","{Bumps:81,Dirtiness:11,K_Scratch:78,Other_Faults:135,Pastry:32,Stains:14,Z_Scratch:38}","{Bumps:321,Dirtiness:44,K_Scratch:313,Other_Faults:538,Pastry:126,Stains:58,Z_Scratch:152}","{Bumps:312,Dirtiness:40,K_Scratch:304,Other_Faults:525,Pastry:121,Stains:54,Z_Scratch:146}","{Bumps:2,Dirtiness:1,K_Scratch:2,Other_Faults:2,Pastry:1,Stains:1,Z_Scratch:1}"
2026-07-07T10:04:57.816203+00:00,steel-plates-fault,40982,self_training_xgboost,2,100,1452,80,20,389,7,27,27,688.0,164.0,3.0,"{0: 168, 1: 15, 2: 313, 3: 180, 4: 24, 5: 53, 6: 15}",0.4738292011019284,0.9744928146517554,0.9501516819000244,0.9988676309585572,,max_iter,,,,,stratified_labeled_val,7,True,7,28,17.444,success,,0.5912596401028277,0.5588492844758509,0.5527335361133493,1.8682667016983032,0.8507564957907178,,,,,,,,,,,,"{Bumps:19,Dirtiness:7,K_Scratch:18,Other_Faults:28,Pastry:10,Stains:7,Z_Scratch:11}","{Bumps:81,Dirtiness:11,K_Scratch:78,Other_Faults:135,Pastry:32,Stains:14,Z_Scratch:38}","{Bumps:321,Dirtiness:44,K_Scratch:313,Other_Faults:538,Pastry:126,Stains:58,Z_Scratch:152}","{Bumps:302,Dirtiness:37,K_Scratch:295,Other_Faults:510,Pastry:116,Stains:51,Z_Scratch:141}","{Bumps:4,Dirtiness:1,K_Scratch:4,Other_Faults:6,Pastry:2,Stains:1,Z_Scratch:2}"
2026-07-07T10:05:15.270376+00:00,steel-plates-fault,40982,self_training_xgboost,2,250,1302,200,50,389,7,27,27,637.0,167.0,3.0,"{0: 164, 1: 16, 2: 255, 3: 210, 4: 39, 5: 55, 6: 98}",0.489247311827957,0.9827621624084244,0.9537149667739868,0.9987310767173768,,max_iter,,,,,stratified_labeled_val,7,True,11,80,23.4096,success,,0.6812339331619537,0.7028605120397101,0.6852044929263956,1.2138627767562866,0.9111951860579888,,,,,,,,,,,,"{Bumps:50,Dirtiness:11,K_Scratch:48,Other_Faults:80,Pastry:22,Stains:13,Z_Scratch:26}","{Bumps:81,Dirtiness:11,K_Scratch:78,Other_Faults:135,Pastry:32,Stains:14,Z_Scratch:38}","{Bumps:321,Dirtiness:44,K_Scratch:313,Other_Faults:538,Pastry:126,Stains:58,Z_Scratch:152}","{Bumps:271,Dirtiness:33,K_Scratch:265,Other_Faults:458,Pastry:104,Stains:45,Z_Scratch:126}","{Bumps:10,Dirtiness:2,K_Scratch:10,Other_Faults:16,Pastry:4,Stains:3,Z_Scratch:5}"
2026-07-07T10:05:38.689168+00:00,steel-plates-fault,40982,self_training_xgboost,2,500,1052,400,100,389,7,27,27,515.0,135.0,3.0,"{0: 147, 1: 19, 2: 266, 3: 276, 4: 51, 5: 49, 6: 107}",0.4895437262357414,0.9860989424788836,0.9540356993675232,0.9992902278900146,,max_iter,,,,,stratified_labeled_val,7,True,18,166,32.7122,success,,0.7043701799485861,0.7290790547056211,0.7248092467697368,0.912189245223999,0.932511263423696,,,,,,,,,,,,"{Bumps:101,Dirtiness:18,K_Scratch:99,Other_Faults:166,Pastry:43,Stains:22,Z_Scratch:51}","{Bumps:81,Dirtiness:11,K_Scratch:78,Other_Faults:135,Pastry:32,Stains:14,Z_Scratch:38}","{Bumps:321,Dirtiness:44,K_Scratch:313,Other_Faults:538,Pastry:126,Stains:58,Z_Scratch:152}","{Bumps:220,Dirtiness:26,K_Scratch:214,Other_Faults:372,Pastry:83,Stains:36,Z_Scratch:101}","{Bumps:20,Dirtiness:4,K_Scratch:20,Other_Faults:33,Pastry:9,Stains:4,Z_Scratch:10}"
2026-07-07T10:06:11.420047+00:00,steel-plates-fault,40982,self_training_lightgbm,0,50,1502,40,10,389,7,27,27,0.0,0.0,0.0,"{0: 7, 1: 3, 2: 7, 3: 11, 4: 4, 5: 3, 6: 5}",0.0,,,,,no_candidates,,,,,stratified_labeled_val,7,True,4,13,1.5398,success,,0.4087403598971722,0.2165556340994937,0.2061320548758656,1.5301240365983877,0.7682313783441364,,,,,,,,,,,,"{Bumps:9,Dirtiness:4,K_Scratch:9,Other_Faults:13,Pastry:5,Stains:4,Z_Scratch:6}","{Bumps:81,Dirtiness:11,K_Scratch:78,Other_Faults:135,Pastry:32,Stains:14,Z_Scratch:38}","{Bumps:321,Dirtiness:44,K_Scratch:313,Other_Faults:538,Pastry:126,Stains:58,Z_Scratch:152}","{Bumps:312,Dirtiness:40,K_Scratch:304,Other_Faults:525,Pastry:121,Stains:54,Z_Scratch:146}","{Bumps:2,Dirtiness:1,K_Scratch:2,Other_Faults:2,Pastry:1,Stains:1,Z_Scratch:1}"
2026-07-07T10:06:12.967452+00:00,steel-plates-fault,40982,self_training_lightgbm,0,100,1452,80,20,389,7,27,27,710.0,186.0,3.0,"{0: 259, 1: 18, 2: 161, 3: 167, 4: 25, 5: 52, 6: 108}",0.4889807162534435,0.9996963789022764,0.9978972341023298,0.999999121650582,,max_iter,,,,,stratified_labeled_val,7,True,7,28,24.8335,success,,0.622107969151671,0.6579100086305599,0.6465154045364818,3.436650224785719,0.8425094082594574,,,,,,,,,,,,"{Bumps:19,Dirtiness:7,K_Scratch:18,Other_Faults:28,Pastry:10,Stains:7,Z_Scratch:11}","{Bumps:81,Dirtiness:11,K_Scratch:78,Other_Faults:135,Pastry:32,Stains:14,Z_Scratch:38}","{Bumps:321,Dirtiness:44,K_Scratch:313,Other_Faults:538,Pastry:126,Stains:58,Z_Scratch:152}","{Bumps:302,Dirtiness:37,K_Scratch:295,Other_Faults:510,Pastry:116,Stains:51,Z_Scratch:141}","{Bumps:4,Dirtiness:1,K_Scratch:4,Other_Faults:6,Pastry:2,Stains:1,Z_Scratch:2}"
2026-07-07T10:06:37.809110+00:00,steel-plates-fault,40982,self_training_lightgbm,0,250,1302,200,50,389,7,27,27,637.0,167.0,3.0,"{0: 97, 1: 22, 2: 265, 3: 253, 4: 37, 5: 52, 6: 111}",0.489247311827957,0.9998426921836696,0.9988437016938864,0.9999999868577512,,max_iter,,,,,stratified_labeled_val,7,True,11,80,31.3451,success,,0.7300771208226221,0.7248123668079808,0.7404974067211632,1.7162661193515816,0.926101906238364,,,,,,,,,,,,"{Bumps:50,Dirtiness:11,K_Scratch:48,Other_Faults:80,Pastry:22,Stains:13,Z_Scratch:26}","{Bumps:81,Dirtiness:11,K_Scratch:78,Other_Faults:135,Pastry:32,Stains:14,Z_Scratch:38}","{Bumps:321,Dirtiness:44,K_Scratch:313,Other_Faults:538,Pastry:126,Stains:58,Z_Scratch:152}","{Bumps:271,Dirtiness:33,K_Scratch:265,Other_Faults:458,Pastry:104,Stains:45,Z_Scratch:126}","{Bumps:10,Dirtiness:2,K_Scratch:10,Other_Faults:16,Pastry:4,Stains:3,Z_Scratch:5}"
2026-07-07T10:07:09.161222+00:00,steel-plates-fault,40982,self_training_lightgbm,0,500,1052,400,100,389,7,27,27,515.0,135.0,3.0,"{0: 158, 1: 25, 2: 264, 3: 279, 4: 53, 5: 48, 6: 88}",0.4895437262357414,0.9998971520062634,0.9993026995746592,0.999999987663008,,max_iter,,,,,stratified_labeled_val,7,True,18,166,37.4425,success,,0.7712082262210797,0.7693459492331672,0.7911119994897895,1.317017263993202,0.9486715913263942,,,,,,,,,,,,"{Bumps:101,Dirtiness:18,K_Scratch:99,Other_Faults:166,Pastry:43,Stains:22,Z_Scratch:51}","{Bumps:81,Dirtiness:11,K_Scratch:78,Other_Faults:135,Pastry:32,Stains:14,Z_Scratch:38}","{Bumps:321,Dirtiness:44,K_Scratch:313,Other_Faults:538,Pastry:126,Stains:58,Z_Scratch:152}","{Bumps:220,Dirtiness:26,K_Scratch:214,Other_Faults:372,Pastry:83,Stains:36,Z_Scratch:101}","{Bumps:20,Dirtiness:4,K_Scratch:20,Other_Faults:33,Pastry:9,Stains:4,Z_Scratch:10}"
2026-07-07T10:07:46.611235+00:00,steel-plates-fault,40982,self_training_lightgbm,1,50,1502,40,10,389,7,27,27,0.0,0.0,0.0,"{0: 7, 1: 3, 2: 7, 3: 11, 4: 4, 5: 3, 6: 5}",0.0,,,,,no_candidates,,,,,stratified_labeled_val,7,True,4,13,1.8679,success,,0.4395886889460154,0.2368606701940035,0.1931414297037721,1.5666315378910798,0.728813030051408,,,,,,,,,,,,"{Bumps:9,Dirtiness:4,K_Scratch:9,Other_Faults:13,Pastry:5,Stains:4,Z_Scratch:6}","{Bumps:81,Dirtiness:11,K_Scratch:78,Other_Faults:135,Pastry:32,Stains:14,Z_Scratch:38}","{Bumps:321,Dirtiness:44,K_Scratch:313,Other_Faults:538,Pastry:126,Stains:58,Z_Scratch:152}","{Bumps:312,Dirtiness:40,K_Scratch:304,Other_Faults:525,Pastry:121,Stains:54,Z_Scratch:146}","{Bumps:2,Dirtiness:1,K_Scratch:2,Other_Faults:2,Pastry:1,Stains:1,Z_Scratch:1}"
2026-07-07T10:07:48.487758+00:00,steel-plates-fault,40982,self_training_lightgbm,1,100,1452,80,20,389,7,27,27,710.0,186.0,3.0,"{0: 220, 1: 14, 2: 281, 3: 175, 4: 18, 5: 24, 6: 58}",0.4889807162534435,0.9999335421553784,0.9993590465485106,0.9999998308526958,,max_iter,,,,,stratified_labeled_val,7,True,7,28,28.3005,success,,0.5758354755784062,0.5839940975435962,0.5835911627601016,3.7227759698188354,0.8392688351359868,,,,,,,,,,,,"{Bumps:19,Dirtiness:7,K_Scratch:18,Other_Faults:28,Pastry:10,Stains:7,Z_Scratch:11}","{Bumps:81,Dirtiness:11,K_Scratch:78,Other_Faults:135,Pastry:32,Stains:14,Z_Scratch:38}","{Bumps:321,Dirtiness:44,K_Scratch:313,Other_Faults:538,Pastry:126,Stains:58,Z_Scratch:152}","{Bumps:302,Dirtiness:37,K_Scratch:295,Other_Faults:510,Pastry:116,Stains:51,Z_Scratch:141}","{Bumps:4,Dirtiness:1,K_Scratch:4,Other_Faults:6,Pastry:2,Stains:1,Z_Scratch:2}"
2026-07-07T10:08:16.795611+00:00,steel-plates-fault,40982,self_training_lightgbm,1,250,1302,200,50,389,7,27,27,637.0,167.0,3.0,"{0: 130, 1: 21, 2: 267, 3: 245, 4: 30, 5: 40, 6: 104}",0.489247311827957,0.9999108137054652,0.9993144761522093,0.99999987490055,,max_iter,,,,,stratified_labeled_val,7,True,11,80,35.2976,success,,0.6478149100257069,0.649344584103356,0.6517572393579868,2.3571667404604058,0.9050550739466366,,,,,,,,,,,,"{Bumps:50,Dirtiness:11,K_Scratch:48,Other_Faults:80,Pastry:22,Stains:13,Z_Scratch:26}","{Bumps:81,Dirtiness:11,K_Scratch:78,Other_Faults:135,Pastry:32,Stains:14,Z_Scratch:38}","{Bumps:321,Dirtiness:44,K_Scratch:313,Other_Faults:538,Pastry:126,Stains:58,Z_Scratch:152}","{Bumps:271,Dirtiness:33,K_Scratch:265,Other_Faults:458,Pastry:104,Stains:45,Z_Scratch:126}","{Bumps:10,Dirtiness:2,K_Scratch:10,Other_Faults:16,Pastry:4,Stains:3,Z_Scratch:5}"
2026-07-07T10:08:52.100334+00:00,steel-plates-fault,40982,self_training_lightgbm,1,500,1052,400,100,389,7,27,27,515.0,135.0,3.0,"{0: 153, 1: 25, 2: 267, 3: 265, 4: 46, 5: 49, 6: 110}",0.4895437262357414,0.9998917263023308,0.999066189054353,0.9999999903938764,,max_iter,,,,,stratified_labeled_val,7,True,18,166,40.7103,success,,0.7197943444730077,0.7284219881807602,0.7431210597028368,1.66018157006172,0.933644320265273,,,,,,,,,,,,"{Bumps:101,Dirtiness:18,K_Scratch:99,Other_Faults:166,Pastry:43,Stains:22,Z_Scratch:51}","{Bumps:81,Dirtiness:11,K_Scratch:78,Other_Faults:135,Pastry:32,Stains:14,Z_Scratch:38}","{Bumps:321,Dirtiness:44,K_Scratch:313,Other_Faults:538,Pastry:126,Stains:58,Z_Scratch:152}","{Bumps:220,Dirtiness:26,K_Scratch:214,Other_Faults:372,Pastry:83,Stains:36,Z_Scratch:101}","{Bumps:20,Dirtiness:4,K_Scratch:20,Other_Faults:33,Pastry:9,Stains:4,Z_Scratch:10}"
2026-07-07T10:09:32.817110+00:00,steel-plates-fault,40982,self_training_lightgbm,2,50,1502,40,10,389,7,27,27,0.0,0.0,0.0,"{0: 7, 1: 3, 2: 7, 3: 11, 4: 4, 5: 3, 6: 5}",0.0,,,,,no_candidates,,,,,stratified_labeled_val,7,True,4,13,1.7353,success,,0.4138817480719794,0.209035409035409,0.1574463118580766,1.6325324399801715,0.6864565051147942,,,,,,,,,,,,"{Bumps:9,Dirtiness:4,K_Scratch:9,Other_Faults:13,Pastry:5,Stains:4,Z_Scratch:6}","{Bumps:81,Dirtiness:11,K_Scratch:78,Other_Faults:135,Pastry:32,Stains:14,Z_Scratch:38}","{Bumps:321,Dirtiness:44,K_Scratch:313,Other_Faults:538,Pastry:126,Stains:58,Z_Scratch:152}","{Bumps:312,Dirtiness:40,K_Scratch:304,Other_Faults:525,Pastry:121,Stains:54,Z_Scratch:146}","{Bumps:2,Dirtiness:1,K_Scratch:2,Other_Faults:2,Pastry:1,Stains:1,Z_Scratch:1}"
2026-07-07T10:09:34.560873+00:00,steel-plates-fault,40982,self_training_lightgbm,2,100,1452,80,20,389,7,27,27,710.0,186.0,3.0,"{0: 140, 1: 18, 2: 289, 3: 200, 4: 49, 5: 64, 6: 30}",0.4889807162534435,0.9998615675284008,0.998837984256988,0.9999994801476526,,max_iter,,,,,stratified_labeled_val,7,True,7,28,20.0033,success,,0.5861182519280206,0.5735242821552345,0.5451681319057229,3.4625841321394053,0.8456508253217294,,,,,,,,,,,,"{Bumps:19,Dirtiness:7,K_Scratch:18,Other_Faults:28,Pastry:10,Stains:7,Z_Scratch:11}","{Bumps:81,Dirtiness:11,K_Scratch:78,Other_Faults:135,Pastry:32,Stains:14,Z_Scratch:38}","{Bumps:321,Dirtiness:44,K_Scratch:313,Other_Faults:538,Pastry:126,Stains:58,Z_Scratch:152}","{Bumps:302,Dirtiness:37,K_Scratch:295,Other_Faults:510,Pastry:116,Stains:51,Z_Scratch:141}","{Bumps:4,Dirtiness:1,K_Scratch:4,Other_Faults:6,Pastry:2,Stains:1,Z_Scratch:2}"
2026-07-07T10:09:54.572965+00:00,steel-plates-fault,40982,self_training_lightgbm,2,250,1302,200,50,389,7,27,27,637.0,167.0,3.0,"{0: 148, 1: 17, 2: 253, 3: 237, 4: 34, 5: 51, 6: 97}",0.489247311827957,0.999877287979892,0.9989821574300431,0.9999999529503556,,max_iter,,,,,stratified_labeled_val,7,True,11,80,25.409,success,,0.7043701799485861,0.7378852136214292,0.7289812510685241,2.1257712200195797,0.9124441376629752,,,,,,,,,,,,"{Bumps:50,Dirtiness:11,K_Scratch:48,Other_Faults:80,Pastry:22,Stains:13,Z_Scratch:26}","{Bumps:81,Dirtiness:11,K_Scratch:78,Other_Faults:135,Pastry:32,Stains:14,Z_Scratch:38}","{Bumps:321,Dirtiness:44,K_Scratch:313,Other_Faults:538,Pastry:126,Stains:58,Z_Scratch:152}","{Bumps:271,Dirtiness:33,K_Scratch:265,Other_Faults:458,Pastry:104,Stains:45,Z_Scratch:126}","{Bumps:10,Dirtiness:2,K_Scratch:10,Other_Faults:16,Pastry:4,Stains:3,Z_Scratch:5}"
2026-07-07T10:10:19.990793+00:00,steel-plates-fault,40982,self_training_lightgbm,2,500,1052,400,100,389,7,27,27,515.0,135.0,3.0,"{0: 137, 1: 24, 2: 272, 3: 275, 4: 51, 5: 50, 6: 106}",0.4895437262357414,0.9999340968175552,0.9994222409770808,0.9999999976469388,,max_iter,,,,,stratified_labeled_val,7,True,18,166,37.9746,success,,0.7043701799485861,0.7358912240177905,0.7422850434996927,1.577078691424929,0.9345330934882344,,,,,,,,,,,,"{Bumps:101,Dirtiness:18,K_Scratch:99,Other_Faults:166,Pastry:43,Stains:22,Z_Scratch:51}","{Bumps:81,Dirtiness:11,K_Scratch:78,Other_Faults:135,Pastry:32,Stains:14,Z_Scratch:38}","{Bumps:321,Dirtiness:44,K_Scratch:313,Other_Faults:538,Pastry:126,Stains:58,Z_Scratch:152}","{Bumps:220,Dirtiness:26,K_Scratch:214,Other_Faults:372,Pastry:83,Stains:36,Z_Scratch:101}","{Bumps:20,Dirtiness:4,K_Scratch:20,Other_Faults:33,Pastry:9,Stains:4,Z_Scratch:10}"
2026-07-07T10:10:57.971900+00:00,steel-plates-fault,40982,self_training_catboost,0,50,1502,40,10,389,7,27,27,0.0,0.0,0.0,"{0: 7, 1: 3, 2: 7, 3: 11, 4: 4, 5: 3, 6: 5}",0.0,,,,,no_candidates,,,,,stratified_labeled_val,7,True,4,13,2.2789,success,,0.6323907455012854,0.6697276691794236,0.6648858488496941,1.3756419245836855,0.867812753552818,,,,,,,,,,,,"{Bumps:9,Dirtiness:4,K_Scratch:9,Other_Faults:13,Pastry:5,Stains:4,Z_Scratch:6}","{Bumps:81,Dirtiness:11,K_Scratch:78,Other_Faults:135,Pastry:32,Stains:14,Z_Scratch:38}","{Bumps:321,Dirtiness:44,K_Scratch:313,Other_Faults:538,Pastry:126,Stains:58,Z_Scratch:152}","{Bumps:312,Dirtiness:40,K_Scratch:304,Other_Faults:525,Pastry:121,Stains:54,Z_Scratch:146}","{Bumps:2,Dirtiness:1,K_Scratch:2,Other_Faults:2,Pastry:1,Stains:1,Z_Scratch:1}"
2026-07-07T10:11:00.256840+00:00,steel-plates-fault,40982,self_training_catboost,0,100,1452,80,20,389,7,27,27,0.0,0.0,0.0,"{0: 15, 1: 6, 2: 14, 3: 22, 4: 8, 5: 6, 6: 9}",0.0,,,,,no_candidates,,,,,stratified_labeled_val,7,True,7,28,3.4734,success,,0.6889460154241646,0.7003358698064213,0.6902050397839108,1.1516128501325504,0.8968348159650829,,,,,,,,,,,,"{Bumps:19,Dirtiness:7,K_Scratch:18,Other_Faults:28,Pastry:10,Stains:7,Z_Scratch:11}","{Bumps:81,Dirtiness:11,K_Scratch:78,Other_Faults:135,Pastry:32,Stains:14,Z_Scratch:38}","{Bumps:321,Dirtiness:44,K_Scratch:313,Other_Faults:538,Pastry:126,Stains:58,Z_Scratch:152}","{Bumps:302,Dirtiness:37,K_Scratch:295,Other_Faults:510,Pastry:116,Stains:51,Z_Scratch:141}","{Bumps:4,Dirtiness:1,K_Scratch:4,Other_Faults:6,Pastry:2,Stains:1,Z_Scratch:2}"
2026-07-07T10:11:03.738556+00:00,steel-plates-fault,40982,self_training_catboost,0,250,1302,200,50,389,7,27,27,0.0,0.0,0.0,"{0: 40, 1: 9, 2: 38, 3: 64, 4: 18, 5: 10, 6: 21}",0.0,,,,,no_candidates,,,,,stratified_labeled_val,7,True,11,80,8.9471,success,,0.7043701799485861,0.6784477230279237,0.7052431297498384,0.8994052369359298,0.9368721523625388,,,,,,,,,,,,"{Bumps:50,Dirtiness:11,K_Scratch:48,Other_Faults:80,Pastry:22,Stains:13,Z_Scratch:26}","{Bumps:81,Dirtiness:11,K_Scratch:78,Other_Faults:135,Pastry:32,Stains:14,Z_Scratch:38}","{Bumps:321,Dirtiness:44,K_Scratch:313,Other_Faults:538,Pastry:126,Stains:58,Z_Scratch:152}","{Bumps:271,Dirtiness:33,K_Scratch:265,Other_Faults:458,Pastry:104,Stains:45,Z_Scratch:126}","{Bumps:10,Dirtiness:2,K_Scratch:10,Other_Faults:16,Pastry:4,Stains:3,Z_Scratch:5}"
2026-07-07T10:11:12.692806+00:00,steel-plates-fault,40982,self_training_catboost,0,500,1052,400,100,389,7,27,27,155.0,12.0,3.0,"{0: 81, 1: 14, 2: 234, 3: 133, 4: 34, 5: 18, 6: 41}",0.1473384030418251,0.9764467136204236,0.9701126765577224,0.9882171552178882,,max_iter,,,,,stratified_labeled_val,7,True,18,166,18.9801,success,,0.7377892030848329,0.70793066292753,0.7477549135111243,0.7635941372086686,0.9501554638870114,,,,,,,,,,,,"{Bumps:101,Dirtiness:18,K_Scratch:99,Other_Faults:166,Pastry:43,Stains:22,Z_Scratch:51}","{Bumps:81,Dirtiness:11,K_Scratch:78,Other_Faults:135,Pastry:32,Stains:14,Z_Scratch:38}","{Bumps:321,Dirtiness:44,K_Scratch:313,Other_Faults:538,Pastry:126,Stains:58,Z_Scratch:152}","{Bumps:220,Dirtiness:26,K_Scratch:214,Other_Faults:372,Pastry:83,Stains:36,Z_Scratch:101}","{Bumps:20,Dirtiness:4,K_Scratch:20,Other_Faults:33,Pastry:9,Stains:4,Z_Scratch:10}"
2026-07-07T10:11:31.678911+00:00,steel-plates-fault,40982,self_training_catboost,1,50,1502,40,10,389,7,27,27,0.0,0.0,0.0,"{0: 7, 1: 3, 2: 7, 3: 11, 4: 4, 5: 3, 6: 5}",0.0,,,,,no_candidates,,,,,stratified_labeled_val,7,True,4,13,2.3686,success,,0.5347043701799485,0.5591768530365021,0.5508405821021427,1.3724173621423867,0.8509874412549492,,,,,,,,,,,,"{Bumps:9,Dirtiness:4,K_Scratch:9,Other_Faults:13,Pastry:5,Stains:4,Z_Scratch:6}","{Bumps:81,Dirtiness:11,K_Scratch:78,Other_Faults:135,Pastry:32,Stains:14,Z_Scratch:38}","{Bumps:321,Dirtiness:44,K_Scratch:313,Other_Faults:538,Pastry:126,Stains:58,Z_Scratch:152}","{Bumps:312,Dirtiness:40,K_Scratch:304,Other_Faults:525,Pastry:121,Stains:54,Z_Scratch:146}","{Bumps:2,Dirtiness:1,K_Scratch:2,Other_Faults:2,Pastry:1,Stains:1,Z_Scratch:1}"
2026-07-07T10:11:34.053930+00:00,steel-plates-fault,40982,self_training_catboost,1,100,1452,80,20,389,7,27,27,0.0,0.0,0.0,"{0: 15, 1: 6, 2: 14, 3: 22, 4: 8, 5: 6, 6: 9}",0.0,,,,,no_candidates,,,,,stratified_labeled_val,7,True,7,28,4.0592,success,,0.5578406169665809,0.536985461280574,0.5453426643787573,1.2574745092778632,0.8682979395301774,,,,,,,,,,,,"{Bumps:19,Dirtiness:7,K_Scratch:18,Other_Faults:28,Pastry:10,Stains:7,Z_Scratch:11}","{Bumps:81,Dirtiness:11,K_Scratch:78,Other_Faults:135,Pastry:32,Stains:14,Z_Scratch:38}","{Bumps:321,Dirtiness:44,K_Scratch:313,Other_Faults:538,Pastry:126,Stains:58,Z_Scratch:152}","{Bumps:302,Dirtiness:37,K_Scratch:295,Other_Faults:510,Pastry:116,Stains:51,Z_Scratch:141}","{Bumps:4,Dirtiness:1,K_Scratch:4,Other_Faults:6,Pastry:2,Stains:1,Z_Scratch:2}"
2026-07-07T10:11:38.118972+00:00,steel-plates-fault,40982,self_training_catboost,1,250,1302,200,50,389,7,27,27,0.0,0.0,0.0,"{0: 40, 1: 9, 2: 38, 3: 64, 4: 18, 5: 10, 6: 21}",0.0,,,,,no_candidates,,,,,stratified_labeled_val,7,True,11,80,7.0555,success,,0.6478149100257069,0.6054433273261594,0.6406072553709128,0.9938381888333546,0.9119596875970152,,,,,,,,,,,,"{Bumps:50,Dirtiness:11,K_Scratch:48,Other_Faults:80,Pastry:22,Stains:13,Z_Scratch:26}","{Bumps:81,Dirtiness:11,K_Scratch:78,Other_Faults:135,Pastry:32,Stains:14,Z_Scratch:38}","{Bumps:321,Dirtiness:44,K_Scratch:313,Other_Faults:538,Pastry:126,Stains:58,Z_Scratch:152}","{Bumps:271,Dirtiness:33,K_Scratch:265,Other_Faults:458,Pastry:104,Stains:45,Z_Scratch:126}","{Bumps:10,Dirtiness:2,K_Scratch:10,Other_Faults:16,Pastry:4,Stains:3,Z_Scratch:5}"
2026-07-07T10:11:45.182240+00:00,steel-plates-fault,40982,self_training_catboost,1,500,1052,400,100,389,7,27,27,161.0,3.0,3.0,"{0: 81, 1: 14, 2: 240, 3: 133, 4: 34, 5: 18, 6: 41}",0.153041825095057,0.9766449961215456,0.9700683753123456,0.9864462596631772,,max_iter,,,,,stratified_labeled_val,7,True,18,166,18.8766,success,,0.6966580976863753,0.685977736525982,0.7208997068875801,0.8546389692727667,0.9270489566238388,,,,,,,,,,,,"{Bumps:101,Dirtiness:18,K_Scratch:99,Other_Faults:166,Pastry:43,Stains:22,Z_Scratch:51}","{Bumps:81,Dirtiness:11,K_Scratch:78,Other_Faults:135,Pastry:32,Stains:14,Z_Scratch:38}","{Bumps:321,Dirtiness:44,K_Scratch:313,Other_Faults:538,Pastry:126,Stains:58,Z_Scratch:152}","{Bumps:220,Dirtiness:26,K_Scratch:214,Other_Faults:372,Pastry:83,Stains:36,Z_Scratch:101}","{Bumps:20,Dirtiness:4,K_Scratch:20,Other_Faults:33,Pastry:9,Stains:4,Z_Scratch:10}"
2026-07-07T10:12:04.063099+00:00,steel-plates-fault,40982,self_training_catboost,2,50,1502,40,10,389,7,27,27,0.0,0.0,0.0,"{0: 7, 1: 3, 2: 7, 3: 11, 4: 4, 5: 3, 6: 5}",0.0,,,,,no_candidates,,,,,stratified_labeled_val,7,True,4,13,2.2771,success,,0.5938303341902313,0.5732815719971108,0.5884199863877158,1.3057030767985889,0.8648368195655436,,,,,,,,,,,,"{Bumps:9,Dirtiness:4,K_Scratch:9,Other_Faults:13,Pastry:5,Stains:4,Z_Scratch:6}","{Bumps:81,Dirtiness:11,K_Scratch:78,Other_Faults:135,Pastry:32,Stains:14,Z_Scratch:38}","{Bumps:321,Dirtiness:44,K_Scratch:313,Other_Faults:538,Pastry:126,Stains:58,Z_Scratch:152}","{Bumps:312,Dirtiness:40,K_Scratch:304,Other_Faults:525,Pastry:121,Stains:54,Z_Scratch:146}","{Bumps:2,Dirtiness:1,K_Scratch:2,Other_Faults:2,Pastry:1,Stains:1,Z_Scratch:1}"
2026-07-07T10:12:06.347178+00:00,steel-plates-fault,40982,self_training_catboost,2,100,1452,80,20,389,7,27,27,0.0,0.0,0.0,"{0: 15, 1: 6, 2: 14, 3: 22, 4: 8, 5: 6, 6: 9}",0.0,,,,,no_candidates,,,,,stratified_labeled_val,7,True,7,28,4.1318,success,,0.6272493573264781,0.6123173928781698,0.6187771326599991,1.1829422214475118,0.8927914487162776,,,,,,,,,,,,"{Bumps:19,Dirtiness:7,K_Scratch:18,Other_Faults:28,Pastry:10,Stains:7,Z_Scratch:11}","{Bumps:81,Dirtiness:11,K_Scratch:78,Other_Faults:135,Pastry:32,Stains:14,Z_Scratch:38}","{Bumps:321,Dirtiness:44,K_Scratch:313,Other_Faults:538,Pastry:126,Stains:58,Z_Scratch:152}","{Bumps:302,Dirtiness:37,K_Scratch:295,Other_Faults:510,Pastry:116,Stains:51,Z_Scratch:141}","{Bumps:4,Dirtiness:1,K_Scratch:4,Other_Faults:6,Pastry:2,Stains:1,Z_Scratch:2}"
2026-07-07T10:12:10.485800+00:00,steel-plates-fault,40982,self_training_catboost,2,250,1302,200,50,389,7,27,27,0.0,0.0,0.0,"{0: 40, 1: 9, 2: 38, 3: 64, 4: 18, 5: 10, 6: 21}",0.0,,,,,no_candidates,,,,,stratified_labeled_val,7,True,11,80,6.9086,success,,0.699228791773779,0.6676014809473455,0.7095078737090846,0.9158218424817546,0.9188131980848504,,,,,,,,,,,,"{Bumps:50,Dirtiness:11,K_Scratch:48,Other_Faults:80,Pastry:22,Stains:13,Z_Scratch:26}","{Bumps:81,Dirtiness:11,K_Scratch:78,Other_Faults:135,Pastry:32,Stains:14,Z_Scratch:38}","{Bumps:321,Dirtiness:44,K_Scratch:313,Other_Faults:538,Pastry:126,Stains:58,Z_Scratch:152}","{Bumps:271,Dirtiness:33,K_Scratch:265,Other_Faults:458,Pastry:104,Stains:45,Z_Scratch:126}","{Bumps:10,Dirtiness:2,K_Scratch:10,Other_Faults:16,Pastry:4,Stains:3,Z_Scratch:5}"
2026-07-07T10:12:17.402217+00:00,steel-plates-fault,40982,self_training_catboost,2,500,1052,400,100,389,7,27,27,149.0,31.0,3.0,"{0: 81, 1: 14, 2: 228, 3: 133, 4: 34, 5: 18, 6: 41}",0.1416349809885931,0.9760338714320178,0.9700650773567604,0.988088978816048,,max_iter,,,,,stratified_labeled_val,7,True,18,166,17.3526,success,,0.7300771208226221,0.7343120892149715,0.7577958417349124,0.7785880232722193,0.9380071169559124,,,,,,,,,,,,"{Bumps:101,Dirtiness:18,K_Scratch:99,Other_Faults:166,Pastry:43,Stains:22,Z_Scratch:51}","{Bumps:81,Dirtiness:11,K_Scratch:78,Other_Faults:135,Pastry:32,Stains:14,Z_Scratch:38}","{Bumps:321,Dirtiness:44,K_Scratch:313,Other_Faults:538,Pastry:126,Stains:58,Z_Scratch:152}","{Bumps:220,Dirtiness:26,K_Scratch:214,Other_Faults:372,Pastry:83,Stains:36,Z_Scratch:101}","{Bumps:20,Dirtiness:4,K_Scratch:20,Other_Faults:33,Pastry:9,Stains:4,Z_Scratch:10}"
2026-07-07T10:12:34.761776+00:00,steel-plates-fault,40982,rpl_lr,0,50,1502,40,10,389,7,27,27,,,,,,,,,,,,,,,stratified_labeled_val,7,True,4,13,0.299,success,,0.570694087403599,0.5571814075416832,0.5475546374184291,2.294391870498657,0.8458271933736153,,,,,,,,,,,,"{Bumps:9,Dirtiness:4,K_Scratch:9,Other_Faults:13,Pastry:5,Stains:4,Z_Scratch:6}","{Bumps:81,Dirtiness:11,K_Scratch:78,Other_Faults:135,Pastry:32,Stains:14,Z_Scratch:38}","{Bumps:321,Dirtiness:44,K_Scratch:313,Other_Faults:538,Pastry:126,Stains:58,Z_Scratch:152}","{Bumps:312,Dirtiness:40,K_Scratch:304,Other_Faults:525,Pastry:121,Stains:54,Z_Scratch:146}","{Bumps:2,Dirtiness:1,K_Scratch:2,Other_Faults:2,Pastry:1,Stains:1,Z_Scratch:1}"
2026-07-07T10:12:35.064472+00:00,steel-plates-fault,40982,rpl_lr,0,100,1452,80,20,389,7,27,27,,,,,,,,,,,,,,,stratified_labeled_val,7,True,7,28,0.3352,success,,0.6041131105398457,0.6249345138756166,0.6015028576202829,1.574103593826294,0.8593255359393617,,,,,,,,,,,,"{Bumps:19,Dirtiness:7,K_Scratch:18,Other_Faults:28,Pastry:10,Stains:7,Z_Scratch:11}","{Bumps:81,Dirtiness:11,K_Scratch:78,Other_Faults:135,Pastry:32,Stains:14,Z_Scratch:38}","{Bumps:321,Dirtiness:44,K_Scratch:313,Other_Faults:538,Pastry:126,Stains:58,Z_Scratch:152}","{Bumps:302,Dirtiness:37,K_Scratch:295,Other_Faults:510,Pastry:116,Stains:51,Z_Scratch:141}","{Bumps:4,Dirtiness:1,K_Scratch:4,Other_Faults:6,Pastry:2,Stains:1,Z_Scratch:2}"
2026-07-07T10:12:35.403651+00:00,steel-plates-fault,40982,rpl_lr,0,250,1302,200,50,389,7,27,27,,,,,,,,,,,,,,,stratified_labeled_val,7,True,11,80,0.455,success,,0.6606683804627249,0.7017125864713584,0.6809847113730108,0.8392120003700256,0.9239424925959464,,,,,,,,,,,,"{Bumps:50,Dirtiness:11,K_Scratch:48,Other_Faults:80,Pastry:22,Stains:13,Z_Scratch:26}","{Bumps:81,Dirtiness:11,K_Scratch:78,Other_Faults:135,Pastry:32,Stains:14,Z_Scratch:38}","{Bumps:321,Dirtiness:44,K_Scratch:313,Other_Faults:538,Pastry:126,Stains:58,Z_Scratch:152}","{Bumps:271,Dirtiness:33,K_Scratch:265,Other_Faults:458,Pastry:104,Stains:45,Z_Scratch:126}","{Bumps:10,Dirtiness:2,K_Scratch:10,Other_Faults:16,Pastry:4,Stains:3,Z_Scratch:5}"
2026-07-07T10:12:35.865810+00:00,steel-plates-fault,40982,rpl_lr,0,500,1052,400,100,389,7,27,27,,,,,,,,,,,,,,,stratified_labeled_val,7,True,18,166,0.3989,success,,0.6863753213367609,0.6849203509291228,0.7010084403515592,0.780719518661499,0.9263191051851124,,,,,,,,,,,,"{Bumps:101,Dirtiness:18,K_Scratch:99,Other_Faults:166,Pastry:43,Stains:22,Z_Scratch:51}","{Bumps:81,Dirtiness:11,K_Scratch:78,Other_Faults:135,Pastry:32,Stains:14,Z_Scratch:38}","{Bumps:321,Dirtiness:44,K_Scratch:313,Other_Faults:538,Pastry:126,Stains:58,Z_Scratch:152}","{Bumps:220,Dirtiness:26,K_Scratch:214,Other_Faults:372,Pastry:83,Stains:36,Z_Scratch:101}","{Bumps:20,Dirtiness:4,K_Scratch:20,Other_Faults:33,Pastry:9,Stains:4,Z_Scratch:10}"
2026-07-07T10:12:36.268007+00:00,steel-plates-fault,40982,rpl_lr,1,50,1502,40,10,389,7,27,27,,,,,,,,,,,,,,,stratified_labeled_val,7,True,4,13,0.19,success,,0.5501285347043702,0.587760598725511,0.5072494139162672,2.5852291584014893,0.8493577774223506,,,,,,,,,,,,"{Bumps:9,Dirtiness:4,K_Scratch:9,Other_Faults:13,Pastry:5,Stains:4,Z_Scratch:6}","{Bumps:81,Dirtiness:11,K_Scratch:78,Other_Faults:135,Pastry:32,Stains:14,Z_Scratch:38}","{Bumps:321,Dirtiness:44,K_Scratch:313,Other_Faults:538,Pastry:126,Stains:58,Z_Scratch:152}","{Bumps:312,Dirtiness:40,K_Scratch:304,Other_Faults:525,Pastry:121,Stains:54,Z_Scratch:146}","{Bumps:2,Dirtiness:1,K_Scratch:2,Other_Faults:2,Pastry:1,Stains:1,Z_Scratch:1}"
2026-07-07T10:12:36.461670+00:00,steel-plates-fault,40982,rpl_lr,1,100,1452,80,20,389,7,27,27,,,,,,,,,,,,,,,stratified_labeled_val,7,True,7,28,0.2218,success,,0.570694087403599,0.5897771778254234,0.5296387794652494,2.052700996398926,0.8676671557189951,,,,,,,,,,,,"{Bumps:19,Dirtiness:7,K_Scratch:18,Other_Faults:28,Pastry:10,Stains:7,Z_Scratch:11}","{Bumps:81,Dirtiness:11,K_Scratch:78,Other_Faults:135,Pastry:32,Stains:14,Z_Scratch:38}","{Bumps:321,Dirtiness:44,K_Scratch:313,Other_Faults:538,Pastry:126,Stains:58,Z_Scratch:152}","{Bumps:302,Dirtiness:37,K_Scratch:295,Other_Faults:510,Pastry:116,Stains:51,Z_Scratch:141}","{Bumps:4,Dirtiness:1,K_Scratch:4,Other_Faults:6,Pastry:2,Stains:1,Z_Scratch:2}"
2026-07-07T10:12:36.689525+00:00,steel-plates-fault,40982,rpl_lr,1,250,1302,200,50,389,7,27,27,,,,,,,,,,,,,,,stratified_labeled_val,7,True,11,80,0.3454,success,,0.6401028277634961,0.6739212014431313,0.6381485879416003,1.033738136291504,0.9040359572340746,,,,,,,,,,,,"{Bumps:50,Dirtiness:11,K_Scratch:48,Other_Faults:80,Pastry:22,Stains:13,Z_Scratch:26}","{Bumps:81,Dirtiness:11,K_Scratch:78,Other_Faults:135,Pastry:32,Stains:14,Z_Scratch:38}","{Bumps:321,Dirtiness:44,K_Scratch:313,Other_Faults:538,Pastry:126,Stains:58,Z_Scratch:152}","{Bumps:271,Dirtiness:33,K_Scratch:265,Other_Faults:458,Pastry:104,Stains:45,Z_Scratch:126}","{Bumps:10,Dirtiness:2,K_Scratch:10,Other_Faults:16,Pastry:4,Stains:3,Z_Scratch:5}"
2026-07-07T10:12:37.041551+00:00,steel-plates-fault,40982,rpl_lr,1,500,1052,400,100,389,7,27,27,,,,,,,,,,,,,,,stratified_labeled_val,7,True,18,166,0.2991,success,,0.6606683804627249,0.6628442747960293,0.6604717901938003,0.8512054085731506,0.9175425211210044,,,,,,,,,,,,"{Bumps:101,Dirtiness:18,K_Scratch:99,Other_Faults:166,Pastry:43,Stains:22,Z_Scratch:51}","{Bumps:81,Dirtiness:11,K_Scratch:78,Other_Faults:135,Pastry:32,Stains:14,Z_Scratch:38}","{Bumps:321,Dirtiness:44,K_Scratch:313,Other_Faults:538,Pastry:126,Stains:58,Z_Scratch:152}","{Bumps:220,Dirtiness:26,K_Scratch:214,Other_Faults:372,Pastry:83,Stains:36,Z_Scratch:101}","{Bumps:20,Dirtiness:4,K_Scratch:20,Other_Faults:33,Pastry:9,Stains:4,Z_Scratch:10}"
2026-07-07T10:12:37.344828+00:00,steel-plates-fault,40982,rpl_lr,2,50,1502,40,10,389,7,27,27,,,,,,,,,,,,,,,stratified_labeled_val,7,True,4,13,0.2186,success,,0.5938303341902313,0.5397327905316628,0.5473558477914026,2.08947229385376,0.8709352290798772,,,,,,,,,,,,"{Bumps:9,Dirtiness:4,K_Scratch:9,Other_Faults:13,Pastry:5,Stains:4,Z_Scratch:6}","{Bumps:81,Dirtiness:11,K_Scratch:78,Other_Faults:135,Pastry:32,Stains:14,Z_Scratch:38}","{Bumps:321,Dirtiness:44,K_Scratch:313,Other_Faults:538,Pastry:126,Stains:58,Z_Scratch:152}","{Bumps:312,Dirtiness:40,K_Scratch:304,Other_Faults:525,Pastry:121,Stains:54,Z_Scratch:146}","{Bumps:2,Dirtiness:1,K_Scratch:2,Other_Faults:2,Pastry:1,Stains:1,Z_Scratch:1}"
2026-07-07T10:12:37.567982+00:00,steel-plates-fault,40982,rpl_lr,2,100,1452,80,20,389,7,27,27,,,,,,,,,,,,,,,stratified_labeled_val,7,True,7,28,0.3577,success,,0.6272493573264781,0.6204539090817286,0.5942499582623555,1.8810006380081177,0.8895979945070381,,,,,,,,,,,,"{Bumps:19,Dirtiness:7,K_Scratch:18,Other_Faults:28,Pastry:10,Stains:7,Z_Scratch:11}","{Bumps:81,Dirtiness:11,K_Scratch:78,Other_Faults:135,Pastry:32,Stains:14,Z_Scratch:38}","{Bumps:321,Dirtiness:44,K_Scratch:313,Other_Faults:538,Pastry:126,Stains:58,Z_Scratch:152}","{Bumps:302,Dirtiness:37,K_Scratch:295,Other_Faults:510,Pastry:116,Stains:51,Z_Scratch:141}","{Bumps:4,Dirtiness:1,K_Scratch:4,Other_Faults:6,Pastry:2,Stains:1,Z_Scratch:2}"
2026-07-07T10:12:37.930846+00:00,steel-plates-fault,40982,rpl_lr,2,250,1302,200,50,389,7,27,27,,,,,,,,,,,,,,,stratified_labeled_val,7,True,11,80,0.6056,success,,0.6452442159383034,0.6512679797924159,0.6238451530427985,1.04162335395813,0.9126964288409612,,,,,,,,,,,,"{Bumps:50,Dirtiness:11,K_Scratch:48,Other_Faults:80,Pastry:22,Stains:13,Z_Scratch:26}","{Bumps:81,Dirtiness:11,K_Scratch:78,Other_Faults:135,Pastry:32,Stains:14,Z_Scratch:38}","{Bumps:321,Dirtiness:44,K_Scratch:313,Other_Faults:538,Pastry:126,Stains:58,Z_Scratch:152}","{Bumps:271,Dirtiness:33,K_Scratch:265,Other_Faults:458,Pastry:104,Stains:45,Z_Scratch:126}","{Bumps:10,Dirtiness:2,K_Scratch:10,Other_Faults:16,Pastry:4,Stains:3,Z_Scratch:5}"
2026-07-07T10:12:38.551123+00:00,steel-plates-fault,40982,rpl_lr,2,500,1052,400,100,389,7,27,27,,,,,,,,,,,,,,,stratified_labeled_val,7,True,18,166,1.2707,success,,0.6760925449871465,0.6863865324548282,0.679347236887358,0.8268289566040039,0.9253307963208554,,,,,,,,,,,,"{Bumps:101,Dirtiness:18,K_Scratch:99,Other_Faults:166,Pastry:43,Stains:22,Z_Scratch:51}","{Bumps:81,Dirtiness:11,K_Scratch:78,Other_Faults:135,Pastry:32,Stains:14,Z_Scratch:38}","{Bumps:321,Dirtiness:44,K_Scratch:313,Other_Faults:538,Pastry:126,Stains:58,Z_Scratch:152}","{Bumps:220,Dirtiness:26,K_Scratch:214,Other_Faults:372,Pastry:83,Stains:36,Z_Scratch:101}","{Bumps:20,Dirtiness:4,K_Scratch:20,Other_Faults:33,Pastry:9,Stains:4,Z_Scratch:10}"
2026-07-07T10:12:39.834932+00:00,steel-plates-fault,40982,rpl_lite_xgboost,0,50,1502,40,10,389,7,27,27,662.0,210.0,3.0,"{2: 228, 0: 152, 3: 279, 6: 3}",0.440745672436751,0.9693696698753496,,,0.2733068085408849,max_iter,,,,,stratified_labeled_val,7,True,4,13,19.007,success,,0.570694087403599,0.5110239952658499,0.5587002123707282,2.183799982070923,0.8005642395172777,,,,,,,,,,,,"{Bumps:9,Dirtiness:4,K_Scratch:9,Other_Faults:13,Pastry:5,Stains:4,Z_Scratch:6}","{Bumps:81,Dirtiness:11,K_Scratch:78,Other_Faults:135,Pastry:32,Stains:14,Z_Scratch:38}","{Bumps:321,Dirtiness:44,K_Scratch:313,Other_Faults:538,Pastry:126,Stains:58,Z_Scratch:152}","{Bumps:312,Dirtiness:40,K_Scratch:304,Other_Faults:525,Pastry:121,Stains:54,Z_Scratch:146}","{Bumps:2,Dirtiness:1,K_Scratch:2,Other_Faults:2,Pastry:1,Stains:1,Z_Scratch:1}"
2026-07-07T10:12:58.851064+00:00,steel-plates-fault,40982,rpl_lite_xgboost,0,100,1452,80,20,389,7,27,27,710.0,186.0,3.0,"{2: 195, 3: 173, 5: 42, 6: 97, 0: 187, 4: 16}",0.4889807162534435,0.967317757472186,,,0.174934954923424,max_iter,,,,,stratified_labeled_val,7,True,7,28,20.2546,success,,0.5938303341902313,0.632170620500821,0.6362361779887037,1.6821894645690918,0.8514306086145799,,,,,,,,,,,,"{Bumps:19,Dirtiness:7,K_Scratch:18,Other_Faults:28,Pastry:10,Stains:7,Z_Scratch:11}","{Bumps:81,Dirtiness:11,K_Scratch:78,Other_Faults:135,Pastry:32,Stains:14,Z_Scratch:38}","{Bumps:321,Dirtiness:44,K_Scratch:313,Other_Faults:538,Pastry:126,Stains:58,Z_Scratch:152}","{Bumps:302,Dirtiness:37,K_Scratch:295,Other_Faults:510,Pastry:116,Stains:51,Z_Scratch:141}","{Bumps:4,Dirtiness:1,K_Scratch:4,Other_Faults:6,Pastry:2,Stains:1,Z_Scratch:2}"
2026-07-07T10:13:19.120937+00:00,steel-plates-fault,40982,rpl_lite_xgboost,0,250,1302,200,50,389,7,27,27,637.0,167.0,3.0,"{2: 216, 6: 104, 5: 43, 3: 177, 0: 74, 4: 12, 1: 11}",0.489247311827957,0.9755548105883636,,,0.2723081501887817,max_iter,,,,,stratified_labeled_val,7,True,11,80,26.3579,success,,0.7172236503856041,0.698961864970637,0.7149412432675316,0.9123557209968568,0.9329698198717978,,,,,,,,,,,,"{Bumps:50,Dirtiness:11,K_Scratch:48,Other_Faults:80,Pastry:22,Stains:13,Z_Scratch:26}","{Bumps:81,Dirtiness:11,K_Scratch:78,Other_Faults:135,Pastry:32,Stains:14,Z_Scratch:38}","{Bumps:321,Dirtiness:44,K_Scratch:313,Other_Faults:538,Pastry:126,Stains:58,Z_Scratch:152}","{Bumps:271,Dirtiness:33,K_Scratch:265,Other_Faults:458,Pastry:104,Stains:45,Z_Scratch:126}","{Bumps:10,Dirtiness:2,K_Scratch:10,Other_Faults:16,Pastry:4,Stains:3,Z_Scratch:5}"
2026-07-07T10:13:45.493899+00:00,steel-plates-fault,40982,rpl_lite_xgboost,0,500,1052,400,100,389,7,27,27,515.0,135.0,3.0,"{2: 186, 6: 51, 5: 33, 3: 148, 0: 69, 1: 7, 4: 21}",0.4895437262357414,0.984670430595435,,,0.3594076962250996,max_iter,,,,,stratified_labeled_val,7,True,18,166,32.7795,success,,0.7712082262210797,0.7622768609140789,0.7845789919075934,0.7129844427108765,0.953901573548362,,,,,,,,,,,,"{Bumps:101,Dirtiness:18,K_Scratch:99,Other_Faults:166,Pastry:43,Stains:22,Z_Scratch:51}","{Bumps:81,Dirtiness:11,K_Scratch:78,Other_Faults:135,Pastry:32,Stains:14,Z_Scratch:38}","{Bumps:321,Dirtiness:44,K_Scratch:313,Other_Faults:538,Pastry:126,Stains:58,Z_Scratch:152}","{Bumps:220,Dirtiness:26,K_Scratch:214,Other_Faults:372,Pastry:83,Stains:36,Z_Scratch:101}","{Bumps:20,Dirtiness:4,K_Scratch:20,Other_Faults:33,Pastry:9,Stains:4,Z_Scratch:10}"
2026-07-07T10:14:18.283371+00:00,steel-plates-fault,40982,rpl_lite_xgboost,1,50,1502,40,10,389,7,27,27,734.0,192.0,3.0,"{2: 291, 0: 111, 3: 269, 6: 62, 4: 1}",0.488681757656458,0.9597030111489568,,,0.3208973324275865,max_iter,,,,,stratified_labeled_val,7,True,4,13,15.2109,success,,0.532133676092545,0.5555164418103015,0.5442781026067026,2.2397725582122803,0.810867720020988,,,,,,,,,,,,"{Bumps:9,Dirtiness:4,K_Scratch:9,Other_Faults:13,Pastry:5,Stains:4,Z_Scratch:6}","{Bumps:81,Dirtiness:11,K_Scratch:78,Other_Faults:135,Pastry:32,Stains:14,Z_Scratch:38}","{Bumps:321,Dirtiness:44,K_Scratch:313,Other_Faults:538,Pastry:126,Stains:58,Z_Scratch:152}","{Bumps:312,Dirtiness:40,K_Scratch:304,Other_Faults:525,Pastry:121,Stains:54,Z_Scratch:146}","{Bumps:2,Dirtiness:1,K_Scratch:2,Other_Faults:2,Pastry:1,Stains:1,Z_Scratch:1}"
2026-07-07T10:14:33.503820+00:00,steel-plates-fault,40982,rpl_lite_xgboost,1,100,1452,80,20,389,7,27,27,710.0,186.0,3.0,"{2: 272, 0: 172, 6: 64, 3: 181, 4: 7, 5: 14}",0.4889807162534435,0.98128504837063,,,0.3312081040936965,max_iter,,,,,stratified_labeled_val,7,True,7,28,16.0997,success,,0.5501285347043702,0.5698313973689914,0.5690454260612413,1.994991660118103,0.8538875730060964,,,,,,,,,,,,"{Bumps:19,Dirtiness:7,K_Scratch:18,Other_Faults:28,Pastry:10,Stains:7,Z_Scratch:11}","{Bumps:81,Dirtiness:11,K_Scratch:78,Other_Faults:135,Pastry:32,Stains:14,Z_Scratch:38}","{Bumps:321,Dirtiness:44,K_Scratch:313,Other_Faults:538,Pastry:126,Stains:58,Z_Scratch:152}","{Bumps:302,Dirtiness:37,K_Scratch:295,Other_Faults:510,Pastry:116,Stains:51,Z_Scratch:141}","{Bumps:4,Dirtiness:1,K_Scratch:4,Other_Faults:6,Pastry:2,Stains:1,Z_Scratch:2}"
2026-07-07T10:14:49.613523+00:00,steel-plates-fault,40982,rpl_lite_xgboost,1,250,1302,200,50,389,7,27,27,637.0,167.0,3.0,"{2: 229, 6: 96, 0: 115, 3: 146, 4: 14, 1: 9, 5: 28}",0.489247311827957,0.9838961819464596,,,0.3697559876467746,max_iter,,,,,stratified_labeled_val,7,True,11,80,24.7476,success,,0.6478149100257069,0.6912894001709791,0.6919302507410819,1.3314824104309082,0.9021318581842132,,,,,,,,,,,,"{Bumps:50,Dirtiness:11,K_Scratch:48,Other_Faults:80,Pastry:22,Stains:13,Z_Scratch:26}","{Bumps:81,Dirtiness:11,K_Scratch:78,Other_Faults:135,Pastry:32,Stains:14,Z_Scratch:38}","{Bumps:321,Dirtiness:44,K_Scratch:313,Other_Faults:538,Pastry:126,Stains:58,Z_Scratch:152}","{Bumps:271,Dirtiness:33,K_Scratch:265,Other_Faults:458,Pastry:104,Stains:45,Z_Scratch:126}","{Bumps:10,Dirtiness:2,K_Scratch:10,Other_Faults:16,Pastry:4,Stains:3,Z_Scratch:5}"
2026-07-07T10:15:14.374294+00:00,steel-plates-fault,40982,rpl_lite_xgboost,1,500,1052,400,100,389,7,27,27,515.0,135.0,3.0,"{2: 182, 6: 72, 5: 31, 0: 70, 3: 137, 4: 15, 1: 8}",0.4895437262357414,0.9849464217435966,,,0.3569535848783307,max_iter,,,,,stratified_labeled_val,7,True,18,166,33.7717,success,,0.7069408740359897,0.718558431497028,0.7405753691359234,0.93952476978302,0.9312748724888564,,,,,,,,,,,,"{Bumps:101,Dirtiness:18,K_Scratch:99,Other_Faults:166,Pastry:43,Stains:22,Z_Scratch:51}","{Bumps:81,Dirtiness:11,K_Scratch:78,Other_Faults:135,Pastry:32,Stains:14,Z_Scratch:38}","{Bumps:321,Dirtiness:44,K_Scratch:313,Other_Faults:538,Pastry:126,Stains:58,Z_Scratch:152}","{Bumps:220,Dirtiness:26,K_Scratch:214,Other_Faults:372,Pastry:83,Stains:36,Z_Scratch:101}","{Bumps:20,Dirtiness:4,K_Scratch:20,Other_Faults:33,Pastry:9,Stains:4,Z_Scratch:10}"
2026-07-07T10:15:48.157038+00:00,steel-plates-fault,40982,rpl_lite_xgboost,2,50,1502,40,10,389,7,27,27,667.0,181.0,3.0,"{2: 308, 6: 33, 0: 137, 3: 189}",0.4440745672436751,0.9569180279836126,,,0.3514255970880479,max_iter,,,,,stratified_labeled_val,7,True,4,13,19.4178,success,,0.5629820051413882,0.4766112038198504,0.5168969182945842,1.952316641807556,0.8204422701011429,,,,,,,,,,,,"{Bumps:9,Dirtiness:4,K_Scratch:9,Other_Faults:13,Pastry:5,Stains:4,Z_Scratch:6}","{Bumps:81,Dirtiness:11,K_Scratch:78,Other_Faults:135,Pastry:32,Stains:14,Z_Scratch:38}","{Bumps:321,Dirtiness:44,K_Scratch:313,Other_Faults:538,Pastry:126,Stains:58,Z_Scratch:152}","{Bumps:312,Dirtiness:40,K_Scratch:304,Other_Faults:525,Pastry:121,Stains:54,Z_Scratch:146}","{Bumps:2,Dirtiness:1,K_Scratch:2,Other_Faults:2,Pastry:1,Stains:1,Z_Scratch:1}"
2026-07-07T10:16:07.585339+00:00,steel-plates-fault,40982,rpl_lite_xgboost,2,100,1452,80,20,389,7,27,27,710.0,186.0,3.0,"{2: 307, 1: 9, 0: 154, 5: 45, 6: 9, 4: 25, 3: 161}",0.4889807162534435,0.9736199243807456,,,0.3409656414712962,max_iter,,,,,stratified_labeled_val,7,True,7,28,21.0588,success,,0.5475578406169666,0.5428555965523384,0.5189976951720019,1.9727689027786253,0.8491975294360176,,,,,,,,,,,,"{Bumps:19,Dirtiness:7,K_Scratch:18,Other_Faults:28,Pastry:10,Stains:7,Z_Scratch:11}","{Bumps:81,Dirtiness:11,K_Scratch:78,Other_Faults:135,Pastry:32,Stains:14,Z_Scratch:38}","{Bumps:321,Dirtiness:44,K_Scratch:313,Other_Faults:538,Pastry:126,Stains:58,Z_Scratch:152}","{Bumps:302,Dirtiness:37,K_Scratch:295,Other_Faults:510,Pastry:116,Stains:51,Z_Scratch:141}","{Bumps:4,Dirtiness:1,K_Scratch:4,Other_Faults:6,Pastry:2,Stains:1,Z_Scratch:2}"
2026-07-07T10:16:28.653466+00:00,steel-plates-fault,40982,rpl_lite_xgboost,2,250,1302,200,50,389,7,27,27,637.0,167.0,3.0,"{2: 218, 0: 126, 5: 45, 6: 75, 3: 144, 4: 20, 1: 9}",0.489247311827957,0.9824875756934448,,,0.3721767012993032,max_iter,,,,,stratified_labeled_val,7,True,11,80,23.2984,success,,0.6863753213367609,0.6956820464182619,0.6799569241434681,1.1798617839813232,0.913907530243766,,,,,,,,,,,,"{Bumps:50,Dirtiness:11,K_Scratch:48,Other_Faults:80,Pastry:22,Stains:13,Z_Scratch:26}","{Bumps:81,Dirtiness:11,K_Scratch:78,Other_Faults:135,Pastry:32,Stains:14,Z_Scratch:38}","{Bumps:321,Dirtiness:44,K_Scratch:313,Other_Faults:538,Pastry:126,Stains:58,Z_Scratch:152}","{Bumps:271,Dirtiness:33,K_Scratch:265,Other_Faults:458,Pastry:104,Stains:45,Z_Scratch:126}","{Bumps:10,Dirtiness:2,K_Scratch:10,Other_Faults:16,Pastry:4,Stains:3,Z_Scratch:5}"
2026-07-07T10:16:51.962360+00:00,steel-plates-fault,40982,rpl_lite_xgboost,2,500,1052,400,100,389,7,27,27,515.0,135.0,3.0,"{2: 186, 6: 66, 5: 31, 0: 63, 4: 18, 3: 144, 1: 7}",0.4895437262357414,0.9861658571993264,,,0.3936806837289073,max_iter,,,,,stratified_labeled_val,7,True,18,166,31.0215,success,,0.6966580976863753,0.7278317680416678,0.7235166583669492,0.9064909815788268,0.9322693989757604,,,,,,,,,,,,"{Bumps:101,Dirtiness:18,K_Scratch:99,Other_Faults:166,Pastry:43,Stains:22,Z_Scratch:51}","{Bumps:81,Dirtiness:11,K_Scratch:78,Other_Faults:135,Pastry:32,Stains:14,Z_Scratch:38}","{Bumps:321,Dirtiness:44,K_Scratch:313,Other_Faults:538,Pastry:126,Stains:58,Z_Scratch:152}","{Bumps:220,Dirtiness:26,K_Scratch:214,Other_Faults:372,Pastry:83,Stains:36,Z_Scratch:101}","{Bumps:20,Dirtiness:4,K_Scratch:20,Other_Faults:33,Pastry:9,Stains:4,Z_Scratch:10}"
2026-07-07T10:17:22.993394+00:00,steel-plates-fault,40982,sslae,0,50,1502,40,10,389,7,27,27,,,,,,,,,,,,,,,stratified_labeled_val,7,True,4,13,10.4415,success,,0.609254498714653,0.61574241860896,0.6155620353733472,1.2340091852608468,0.8564359808986296,,19.0,1.4790395498275757,29.0,0.298915147781372,,sslae,internal_stratified_val,,style_baseline,supervised_autoencoder,"{Bumps:9,Dirtiness:4,K_Scratch:9,Other_Faults:13,Pastry:5,Stains:4,Z_Scratch:6}","{Bumps:81,Dirtiness:11,K_Scratch:78,Other_Faults:135,Pastry:32,Stains:14,Z_Scratch:38}","{Bumps:321,Dirtiness:44,K_Scratch:313,Other_Faults:538,Pastry:126,Stains:58,Z_Scratch:152}","{Bumps:312,Dirtiness:40,K_Scratch:304,Other_Faults:525,Pastry:121,Stains:54,Z_Scratch:146}","{Bumps:2,Dirtiness:1,K_Scratch:2,Other_Faults:2,Pastry:1,Stains:1,Z_Scratch:1}"
2026-07-07T10:17:33.442034+00:00,steel-plates-fault,40982,sslae,0,100,1452,80,20,389,7,27,27,,,,,,,,,,,,,,,stratified_labeled_val,7,True,7,28,3.5223,success,,0.6066838046272494,0.611629434452116,0.5812294795637581,1.1068327088544812,0.8616968414716408,,15.0,1.3250821828842163,25.0,0.4848969578742981,,sslae,internal_stratified_val,,style_baseline,supervised_autoencoder,"{Bumps:19,Dirtiness:7,K_Scratch:18,Other_Faults:28,Pastry:10,Stains:7,Z_Scratch:11}","{Bumps:81,Dirtiness:11,K_Scratch:78,Other_Faults:135,Pastry:32,Stains:14,Z_Scratch:38}","{Bumps:321,Dirtiness:44,K_Scratch:313,Other_Faults:538,Pastry:126,Stains:58,Z_Scratch:152}","{Bumps:302,Dirtiness:37,K_Scratch:295,Other_Faults:510,Pastry:116,Stains:51,Z_Scratch:141}","{Bumps:4,Dirtiness:1,K_Scratch:4,Other_Faults:6,Pastry:2,Stains:1,Z_Scratch:2}"
2026-07-07T10:17:36.971869+00:00,steel-plates-fault,40982,sslae,0,250,1302,200,50,389,7,27,27,,,,,,,,,,,,,,,stratified_labeled_val,7,True,11,80,9.1311,success,,0.6606683804627249,0.7043844000610918,0.6816672434319494,0.8130205029651669,0.9281668013045208,,45.0,0.6458251476287842,55.0,0.4202477633953094,,sslae,internal_stratified_val,,style_baseline,supervised_autoencoder,"{Bumps:50,Dirtiness:11,K_Scratch:48,Other_Faults:80,Pastry:22,Stains:13,Z_Scratch:26}","{Bumps:81,Dirtiness:11,K_Scratch:78,Other_Faults:135,Pastry:32,Stains:14,Z_Scratch:38}","{Bumps:321,Dirtiness:44,K_Scratch:313,Other_Faults:538,Pastry:126,Stains:58,Z_Scratch:152}","{Bumps:271,Dirtiness:33,K_Scratch:265,Other_Faults:458,Pastry:104,Stains:45,Z_Scratch:126}","{Bumps:10,Dirtiness:2,K_Scratch:10,Other_Faults:16,Pastry:4,Stains:3,Z_Scratch:5}"
2026-07-07T10:17:46.110505+00:00,steel-plates-fault,40982,sslae,0,500,1052,400,100,389,7,27,27,,,,,,,,,,,,,,,stratified_labeled_val,7,True,18,166,9.9108,success,,0.7043701799485861,0.7224961644917786,0.7132153104539298,0.7455342792761398,0.931515647531681,,44.0,0.763751208782196,54.0,0.5585888624191284,,sslae,internal_stratified_val,,style_baseline,supervised_autoencoder,"{Bumps:101,Dirtiness:18,K_Scratch:99,Other_Faults:166,Pastry:43,Stains:22,Z_Scratch:51}","{Bumps:81,Dirtiness:11,K_Scratch:78,Other_Faults:135,Pastry:32,Stains:14,Z_Scratch:38}","{Bumps:321,Dirtiness:44,K_Scratch:313,Other_Faults:538,Pastry:126,Stains:58,Z_Scratch:152}","{Bumps:220,Dirtiness:26,K_Scratch:214,Other_Faults:372,Pastry:83,Stains:36,Z_Scratch:101}","{Bumps:20,Dirtiness:4,K_Scratch:20,Other_Faults:33,Pastry:9,Stains:4,Z_Scratch:10}"
2026-07-07T10:17:56.033497+00:00,steel-plates-fault,40982,sslae,1,50,1502,40,10,389,7,27,27,,,,,,,,,,,,,,,stratified_labeled_val,7,True,4,13,3.4306,success,,0.4601542416452442,0.2580246913580247,0.2211096575764155,1.4039754986405055,0.8113964731739312,,8.0,1.6845872402191162,18.0,0.5788523554801941,,sslae,internal_stratified_val,,style_baseline,supervised_autoencoder,"{Bumps:9,Dirtiness:4,K_Scratch:9,Other_Faults:13,Pastry:5,Stains:4,Z_Scratch:6}","{Bumps:81,Dirtiness:11,K_Scratch:78,Other_Faults:135,Pastry:32,Stains:14,Z_Scratch:38}","{Bumps:321,Dirtiness:44,K_Scratch:313,Other_Faults:538,Pastry:126,Stains:58,Z_Scratch:152}","{Bumps:312,Dirtiness:40,K_Scratch:304,Other_Faults:525,Pastry:121,Stains:54,Z_Scratch:146}","{Bumps:2,Dirtiness:1,K_Scratch:2,Other_Faults:2,Pastry:1,Stains:1,Z_Scratch:1}"
2026-07-07T10:17:59.471322+00:00,steel-plates-fault,40982,sslae,1,100,1452,80,20,389,7,27,27,,,,,,,,,,,,,,,stratified_labeled_val,7,True,7,28,5.8167,success,,0.5758354755784062,0.6046239781985395,0.5465128615014421,1.2589607823468896,0.8620858265080277,,15.0,1.043917894363403,25.0,0.6226437091827393,,sslae,internal_stratified_val,,style_baseline,supervised_autoencoder,"{Bumps:19,Dirtiness:7,K_Scratch:18,Other_Faults:28,Pastry:10,Stains:7,Z_Scratch:11}","{Bumps:81,Dirtiness:11,K_Scratch:78,Other_Faults:135,Pastry:32,Stains:14,Z_Scratch:38}","{Bumps:321,Dirtiness:44,K_Scratch:313,Other_Faults:538,Pastry:126,Stains:58,Z_Scratch:152}","{Bumps:302,Dirtiness:37,K_Scratch:295,Other_Faults:510,Pastry:116,Stains:51,Z_Scratch:141}","{Bumps:4,Dirtiness:1,K_Scratch:4,Other_Faults:6,Pastry:2,Stains:1,Z_Scratch:2}"
2026-07-07T10:18:05.297714+00:00,steel-plates-fault,40982,sslae,1,250,1302,200,50,389,7,27,27,,,,,,,,,,,,,,,stratified_labeled_val,7,True,11,80,7.3562,success,,0.5989717223650386,0.5665552672288261,0.5865740395961622,1.1790300417284163,0.8568494057051028,,17.0,1.40082049369812,27.0,0.8102810978889465,,sslae,internal_stratified_val,,style_baseline,supervised_autoencoder,"{Bumps:50,Dirtiness:11,K_Scratch:48,Other_Faults:80,Pastry:22,Stains:13,Z_Scratch:26}","{Bumps:81,Dirtiness:11,K_Scratch:78,Other_Faults:135,Pastry:32,Stains:14,Z_Scratch:38}","{Bumps:321,Dirtiness:44,K_Scratch:313,Other_Faults:538,Pastry:126,Stains:58,Z_Scratch:152}","{Bumps:271,Dirtiness:33,K_Scratch:265,Other_Faults:458,Pastry:104,Stains:45,Z_Scratch:126}","{Bumps:10,Dirtiness:2,K_Scratch:10,Other_Faults:16,Pastry:4,Stains:3,Z_Scratch:5}"
2026-07-07T10:18:12.662800+00:00,steel-plates-fault,40982,sslae,1,500,1052,400,100,389,7,27,27,,,,,,,,,,,,,,,stratified_labeled_val,7,True,18,166,16.5946,success,,0.6760925449871465,0.6487664909814033,0.6527108905659055,0.8902309145111174,0.9146420167107524,,27.0,0.8337753415107727,37.0,0.6771774888038635,,sslae,internal_stratified_val,,style_baseline,supervised_autoencoder,"{Bumps:101,Dirtiness:18,K_Scratch:99,Other_Faults:166,Pastry:43,Stains:22,Z_Scratch:51}","{Bumps:81,Dirtiness:11,K_Scratch:78,Other_Faults:135,Pastry:32,Stains:14,Z_Scratch:38}","{Bumps:321,Dirtiness:44,K_Scratch:313,Other_Faults:538,Pastry:126,Stains:58,Z_Scratch:152}","{Bumps:220,Dirtiness:26,K_Scratch:214,Other_Faults:372,Pastry:83,Stains:36,Z_Scratch:101}","{Bumps:20,Dirtiness:4,K_Scratch:20,Other_Faults:33,Pastry:9,Stains:4,Z_Scratch:10}"
2026-07-07T10:18:29.298678+00:00,steel-plates-fault,40982,sslae,2,50,1502,40,10,389,7,27,27,,,,,,,,,,,,,,,stratified_labeled_val,7,True,4,13,9.5312,success,,0.5475578406169666,0.5098726890393557,0.5119997514380731,1.2239194353584486,0.8597763053945313,,16.0,1.3858311176300049,26.0,0.3379343152046203,,sslae,internal_stratified_val,,style_baseline,supervised_autoencoder,"{Bumps:9,Dirtiness:4,K_Scratch:9,Other_Faults:13,Pastry:5,Stains:4,Z_Scratch:6}","{Bumps:81,Dirtiness:11,K_Scratch:78,Other_Faults:135,Pastry:32,Stains:14,Z_Scratch:38}","{Bumps:321,Dirtiness:44,K_Scratch:313,Other_Faults:538,Pastry:126,Stains:58,Z_Scratch:152}","{Bumps:312,Dirtiness:40,K_Scratch:304,Other_Faults:525,Pastry:121,Stains:54,Z_Scratch:146}","{Bumps:2,Dirtiness:1,K_Scratch:2,Other_Faults:2,Pastry:1,Stains:1,Z_Scratch:1}"
2026-07-07T10:18:38.837721+00:00,steel-plates-fault,40982,sslae,2,100,1452,80,20,389,7,27,27,,,,,,,,,,,,,,,stratified_labeled_val,7,True,7,28,7.7414,success,,0.6066838046272494,0.5998175348739258,0.5874450029095348,1.176539186870223,0.8878486860004696,,22.0,0.8651590943336487,32.0,0.3737742900848388,,sslae,internal_stratified_val,,style_baseline,supervised_autoencoder,"{Bumps:19,Dirtiness:7,K_Scratch:18,Other_Faults:28,Pastry:10,Stains:7,Z_Scratch:11}","{Bumps:81,Dirtiness:11,K_Scratch:78,Other_Faults:135,Pastry:32,Stains:14,Z_Scratch:38}","{Bumps:321,Dirtiness:44,K_Scratch:313,Other_Faults:538,Pastry:126,Stains:58,Z_Scratch:152}","{Bumps:302,Dirtiness:37,K_Scratch:295,Other_Faults:510,Pastry:116,Stains:51,Z_Scratch:141}","{Bumps:4,Dirtiness:1,K_Scratch:4,Other_Faults:6,Pastry:2,Stains:1,Z_Scratch:2}"
2026-07-07T10:18:46.587453+00:00,steel-plates-fault,40982,sslae,2,250,1302,200,50,389,7,27,27,,,,,,,,,,,,,,,stratified_labeled_val,7,True,11,80,10.5448,success,,0.6838046272493573,0.7192824429353253,0.6908467423557331,0.9761493058462576,0.9022007496426592,,40.0,0.8257074356079102,50.0,0.4198507964611053,,sslae,internal_stratified_val,,style_baseline,supervised_autoencoder,"{Bumps:50,Dirtiness:11,K_Scratch:48,Other_Faults:80,Pastry:22,Stains:13,Z_Scratch:26}","{Bumps:81,Dirtiness:11,K_Scratch:78,Other_Faults:135,Pastry:32,Stains:14,Z_Scratch:38}","{Bumps:321,Dirtiness:44,K_Scratch:313,Other_Faults:538,Pastry:126,Stains:58,Z_Scratch:152}","{Bumps:271,Dirtiness:33,K_Scratch:265,Other_Faults:458,Pastry:104,Stains:45,Z_Scratch:126}","{Bumps:10,Dirtiness:2,K_Scratch:10,Other_Faults:16,Pastry:4,Stains:3,Z_Scratch:5}"
2026-07-07T10:18:57.149642+00:00,steel-plates-fault,40982,sslae,2,500,1052,400,100,389,7,27,27,,,,,,,,,,,,,,,stratified_labeled_val,7,True,18,166,16.5058,success,,0.7172236503856041,0.7389391345218413,0.7278174770105562,0.7999455440680275,0.9278099325015822,,33.0,0.733134388923645,43.0,0.5657088756561279,,sslae,internal_stratified_val,,style_baseline,supervised_autoencoder,"{Bumps:101,Dirtiness:18,K_Scratch:99,Other_Faults:166,Pastry:43,Stains:22,Z_Scratch:51}","{Bumps:81,Dirtiness:11,K_Scratch:78,Other_Faults:135,Pastry:32,Stains:14,Z_Scratch:38}","{Bumps:321,Dirtiness:44,K_Scratch:313,Other_Faults:538,Pastry:126,Stains:58,Z_Scratch:152}","{Bumps:220,Dirtiness:26,K_Scratch:214,Other_Faults:372,Pastry:83,Stains:36,Z_Scratch:101}","{Bumps:20,Dirtiness:4,K_Scratch:20,Other_Faults:33,Pastry:9,Stains:4,Z_Scratch:10}"
2026-07-07T10:19:13.662449+00:00,steel-plates-fault,40982,scarf,0,50,1502,40,10,389,7,27,27,,,,,,,,,,,,,,,stratified_labeled_val,7,True,4,13,22.4842,success,,0.5809768637532133,0.563210715419362,0.5684001551247209,1.3022041406792202,0.8450670245395683,,39.0,1.4194581508636477,49.0,0.2144264429807663,49.0,scarf,internal_stratified_val,50.0,paper_faithful_core,SCARF,"{Bumps:9,Dirtiness:4,K_Scratch:9,Other_Faults:13,Pastry:5,Stains:4,Z_Scratch:6}","{Bumps:81,Dirtiness:11,K_Scratch:78,Other_Faults:135,Pastry:32,Stains:14,Z_Scratch:38}","{Bumps:321,Dirtiness:44,K_Scratch:313,Other_Faults:538,Pastry:126,Stains:58,Z_Scratch:152}","{Bumps:312,Dirtiness:40,K_Scratch:304,Other_Faults:525,Pastry:121,Stains:54,Z_Scratch:146}","{Bumps:2,Dirtiness:1,K_Scratch:2,Other_Faults:2,Pastry:1,Stains:1,Z_Scratch:1}"
2026-07-07T10:19:36.151928+00:00,steel-plates-fault,40982,scarf,0,100,1452,80,20,389,7,27,27,,,,,,,,,,,,,,,stratified_labeled_val,7,True,7,28,20.5895,success,,0.6066838046272494,0.6202338336266908,0.5925532307426821,1.114691649695574,0.8609295041042186,,33.0,1.4165151119232178,43.0,0.3888084292411804,43.0,scarf,internal_stratified_val,50.0,paper_faithful_core,SCARF,"{Bumps:19,Dirtiness:7,K_Scratch:18,Other_Faults:28,Pastry:10,Stains:7,Z_Scratch:11}","{Bumps:81,Dirtiness:11,K_Scratch:78,Other_Faults:135,Pastry:32,Stains:14,Z_Scratch:38}","{Bumps:321,Dirtiness:44,K_Scratch:313,Other_Faults:538,Pastry:126,Stains:58,Z_Scratch:152}","{Bumps:302,Dirtiness:37,K_Scratch:295,Other_Faults:510,Pastry:116,Stains:51,Z_Scratch:141}","{Bumps:4,Dirtiness:1,K_Scratch:4,Other_Faults:6,Pastry:2,Stains:1,Z_Scratch:2}"
2026-07-07T10:19:56.747347+00:00,steel-plates-fault,40982,scarf,0,250,1302,200,50,389,7,27,27,,,,,,,,,,,,,,,stratified_labeled_val,7,True,11,80,19.6145,success,,0.6658097686375322,0.7248214585933884,0.7015570235294282,0.7917917627521907,0.9280315001511414,,67.0,0.6360286474227905,77.0,0.387259840965271,77.0,scarf,internal_stratified_val,50.0,paper_faithful_core,SCARF,"{Bumps:50,Dirtiness:11,K_Scratch:48,Other_Faults:80,Pastry:22,Stains:13,Z_Scratch:26}","{Bumps:81,Dirtiness:11,K_Scratch:78,Other_Faults:135,Pastry:32,Stains:14,Z_Scratch:38}","{Bumps:321,Dirtiness:44,K_Scratch:313,Other_Faults:538,Pastry:126,Stains:58,Z_Scratch:152}","{Bumps:271,Dirtiness:33,K_Scratch:265,Other_Faults:458,Pastry:104,Stains:45,Z_Scratch:126}","{Bumps:10,Dirtiness:2,K_Scratch:10,Other_Faults:16,Pastry:4,Stains:3,Z_Scratch:5}"
2026-07-07T10:20:16.384621+00:00,steel-plates-fault,40982,scarf,0,500,1052,400,100,389,7,27,27,,,,,,,,,,,,,,,stratified_labeled_val,7,True,18,166,18.7838,success,,0.6735218508997429,0.688601873157011,0.7010284465330955,0.7707565698603281,0.9292072853084076,,54.0,0.7331667542457581,64.0,0.4660078734159469,64.0,scarf,internal_stratified_val,50.0,paper_faithful_core,SCARF,"{Bumps:101,Dirtiness:18,K_Scratch:99,Other_Faults:166,Pastry:43,Stains:22,Z_Scratch:51}","{Bumps:81,Dirtiness:11,K_Scratch:78,Other_Faults:135,Pastry:32,Stains:14,Z_Scratch:38}","{Bumps:321,Dirtiness:44,K_Scratch:313,Other_Faults:538,Pastry:126,Stains:58,Z_Scratch:152}","{Bumps:220,Dirtiness:26,K_Scratch:214,Other_Faults:372,Pastry:83,Stains:36,Z_Scratch:101}","{Bumps:20,Dirtiness:4,K_Scratch:20,Other_Faults:33,Pastry:9,Stains:4,Z_Scratch:10}"
2026-07-07T10:20:35.178055+00:00,steel-plates-fault,40982,scarf,1,50,1502,40,10,389,7,27,27,,,,,,,,,,,,,,,stratified_labeled_val,7,True,4,13,16.5618,success,,0.4395886889460154,0.2429535376903797,0.2139868112905213,1.394311462851708,0.7994224901581342,,17.0,1.6683282852172852,27.0,0.7047795057296753,27.0,scarf,internal_stratified_val,50.0,paper_faithful_core,SCARF,"{Bumps:9,Dirtiness:4,K_Scratch:9,Other_Faults:13,Pastry:5,Stains:4,Z_Scratch:6}","{Bumps:81,Dirtiness:11,K_Scratch:78,Other_Faults:135,Pastry:32,Stains:14,Z_Scratch:38}","{Bumps:321,Dirtiness:44,K_Scratch:313,Other_Faults:538,Pastry:126,Stains:58,Z_Scratch:152}","{Bumps:312,Dirtiness:40,K_Scratch:304,Other_Faults:525,Pastry:121,Stains:54,Z_Scratch:146}","{Bumps:2,Dirtiness:1,K_Scratch:2,Other_Faults:2,Pastry:1,Stains:1,Z_Scratch:1}"
2026-07-07T10:20:51.745775+00:00,steel-plates-fault,40982,scarf,1,100,1452,80,20,389,7,27,27,,,,,,,,,,,,,,,stratified_labeled_val,7,True,7,28,15.4447,success,,0.5629820051413882,0.5785579331788605,0.5539962575904195,1.251033748198727,0.8576587476789054,,29.0,1.149243712425232,39.0,0.4581935703754425,39.0,scarf,internal_stratified_val,50.0,paper_faithful_core,SCARF,"{Bumps:19,Dirtiness:7,K_Scratch:18,Other_Faults:28,Pastry:10,Stains:7,Z_Scratch:11}","{Bumps:81,Dirtiness:11,K_Scratch:78,Other_Faults:135,Pastry:32,Stains:14,Z_Scratch:38}","{Bumps:321,Dirtiness:44,K_Scratch:313,Other_Faults:538,Pastry:126,Stains:58,Z_Scratch:152}","{Bumps:302,Dirtiness:37,K_Scratch:295,Other_Faults:510,Pastry:116,Stains:51,Z_Scratch:141}","{Bumps:4,Dirtiness:1,K_Scratch:4,Other_Faults:6,Pastry:2,Stains:1,Z_Scratch:2}"
2026-07-07T10:21:07.197269+00:00,steel-plates-fault,40982,scarf,1,250,1302,200,50,389,7,27,27,,,,,,,,,,,,,,,stratified_labeled_val,7,True,11,80,13.4768,success,,0.5244215938303342,0.3422226327928082,0.3380599829908518,1.237664635149101,0.8414380947365542,,26.0,1.388696551322937,36.0,0.7914762496948242,36.0,scarf,internal_stratified_val,50.0,paper_faithful_core,SCARF,"{Bumps:50,Dirtiness:11,K_Scratch:48,Other_Faults:80,Pastry:22,Stains:13,Z_Scratch:26}","{Bumps:81,Dirtiness:11,K_Scratch:78,Other_Faults:135,Pastry:32,Stains:14,Z_Scratch:38}","{Bumps:321,Dirtiness:44,K_Scratch:313,Other_Faults:538,Pastry:126,Stains:58,Z_Scratch:152}","{Bumps:271,Dirtiness:33,K_Scratch:265,Other_Faults:458,Pastry:104,Stains:45,Z_Scratch:126}","{Bumps:10,Dirtiness:2,K_Scratch:10,Other_Faults:16,Pastry:4,Stains:3,Z_Scratch:5}"
2026-07-07T10:21:20.679933+00:00,steel-plates-fault,40982,scarf,1,500,1052,400,100,389,7,27,27,,,,,,,,,,,,,,,stratified_labeled_val,7,True,18,166,13.6294,success,,0.6709511568123393,0.662515847885522,0.6688708586936144,0.8627034085404921,0.9178588150405876,,48.0,0.8043771982192993,58.0,0.4386240839958191,58.0,scarf,internal_stratified_val,50.0,paper_faithful_core,SCARF,"{Bumps:101,Dirtiness:18,K_Scratch:99,Other_Faults:166,Pastry:43,Stains:22,Z_Scratch:51}","{Bumps:81,Dirtiness:11,K_Scratch:78,Other_Faults:135,Pastry:32,Stains:14,Z_Scratch:38}","{Bumps:321,Dirtiness:44,K_Scratch:313,Other_Faults:538,Pastry:126,Stains:58,Z_Scratch:152}","{Bumps:220,Dirtiness:26,K_Scratch:214,Other_Faults:372,Pastry:83,Stains:36,Z_Scratch:101}","{Bumps:20,Dirtiness:4,K_Scratch:20,Other_Faults:33,Pastry:9,Stains:4,Z_Scratch:10}"
2026-07-07T10:21:34.314766+00:00,steel-plates-fault,40982,scarf,2,50,1502,40,10,389,7,27,27,,,,,,,,,,,,,,,stratified_labeled_val,7,True,4,13,17.0419,success,,0.5398457583547558,0.5139014975324498,0.4957169292808117,1.2407604352692772,0.8585878051353202,,30.0,0.9479389190673828,40.0,0.2578380107879638,40.0,scarf,internal_stratified_val,50.0,paper_faithful_core,SCARF,"{Bumps:9,Dirtiness:4,K_Scratch:9,Other_Faults:13,Pastry:5,Stains:4,Z_Scratch:6}","{Bumps:81,Dirtiness:11,K_Scratch:78,Other_Faults:135,Pastry:32,Stains:14,Z_Scratch:38}","{Bumps:321,Dirtiness:44,K_Scratch:313,Other_Faults:538,Pastry:126,Stains:58,Z_Scratch:152}","{Bumps:312,Dirtiness:40,K_Scratch:304,Other_Faults:525,Pastry:121,Stains:54,Z_Scratch:146}","{Bumps:2,Dirtiness:1,K_Scratch:2,Other_Faults:2,Pastry:1,Stains:1,Z_Scratch:1}"
2026-07-07T10:21:51.362208+00:00,steel-plates-fault,40982,scarf,2,100,1452,80,20,389,7,27,27,,,,,,,,,,,,,,,stratified_labeled_val,7,True,7,28,20.5425,success,,0.6272493573264781,0.6137372785712385,0.6102128418129646,1.0667215502464358,0.8919510073436772,,34.0,0.8342851400375366,44.0,0.4265497624874115,44.0,scarf,internal_stratified_val,50.0,paper_faithful_core,SCARF,"{Bumps:19,Dirtiness:7,K_Scratch:18,Other_Faults:28,Pastry:10,Stains:7,Z_Scratch:11}","{Bumps:81,Dirtiness:11,K_Scratch:78,Other_Faults:135,Pastry:32,Stains:14,Z_Scratch:38}","{Bumps:321,Dirtiness:44,K_Scratch:313,Other_Faults:538,Pastry:126,Stains:58,Z_Scratch:152}","{Bumps:302,Dirtiness:37,K_Scratch:295,Other_Faults:510,Pastry:116,Stains:51,Z_Scratch:141}","{Bumps:4,Dirtiness:1,K_Scratch:4,Other_Faults:6,Pastry:2,Stains:1,Z_Scratch:2}"
2026-07-07T10:22:11.911613+00:00,steel-plates-fault,40982,scarf,2,250,1302,200,50,389,7,27,27,,,,,,,,,,,,,,,stratified_labeled_val,7,True,11,80,18.0277,success,,0.6735218508997429,0.6718139797870375,0.671841665403563,0.9503734703316684,0.9058044529173764,,46.0,0.7889693975448608,56.0,0.4286696016788482,56.0,scarf,internal_stratified_val,50.0,paper_faithful_core,SCARF,"{Bumps:50,Dirtiness:11,K_Scratch:48,Other_Faults:80,Pastry:22,Stains:13,Z_Scratch:26}","{Bumps:81,Dirtiness:11,K_Scratch:78,Other_Faults:135,Pastry:32,Stains:14,Z_Scratch:38}","{Bumps:321,Dirtiness:44,K_Scratch:313,Other_Faults:538,Pastry:126,Stains:58,Z_Scratch:152}","{Bumps:271,Dirtiness:33,K_Scratch:265,Other_Faults:458,Pastry:104,Stains:45,Z_Scratch:126}","{Bumps:10,Dirtiness:2,K_Scratch:10,Other_Faults:16,Pastry:4,Stains:3,Z_Scratch:5}"
2026-07-07T10:22:29.945149+00:00,steel-plates-fault,40982,scarf,2,500,1052,400,100,389,7,27,27,,,,,,,,,,,,,,,stratified_labeled_val,7,True,18,166,16.3922,success,,0.7017994858611826,0.7136076028306605,0.7309879070785087,0.873143474757466,0.9320782839098418,,91.0,0.5910326242446899,100.0,0.2447950765490532,100.0,scarf,internal_stratified_val,50.0,paper_faithful_core,SCARF,"{Bumps:101,Dirtiness:18,K_Scratch:99,Other_Faults:166,Pastry:43,Stains:22,Z_Scratch:51}","{Bumps:81,Dirtiness:11,K_Scratch:78,Other_Faults:135,Pastry:32,Stains:14,Z_Scratch:38}","{Bumps:321,Dirtiness:44,K_Scratch:313,Other_Faults:538,Pastry:126,Stains:58,Z_Scratch:152}","{Bumps:220,Dirtiness:26,K_Scratch:214,Other_Faults:372,Pastry:83,Stains:36,Z_Scratch:101}","{Bumps:20,Dirtiness:4,K_Scratch:20,Other_Faults:33,Pastry:9,Stains:4,Z_Scratch:10}"
2026-07-07T10:22:46.342932+00:00,steel-plates-fault,40982,vime,0,50,1502,40,10,389,7,27,27,,,,,,,,,,,,,,,stratified_labeled_val,7,True,4,13,15.4675,success,,0.5758354755784062,0.5270822738711209,0.5454295934343915,1.2041977571625524,0.8430725902548201,,23.0,1.6355161666870115,33.0,0.5135828256607056,33.0,vime,internal_stratified_val,50.0,paper_faithful_core,VIME,"{Bumps:9,Dirtiness:4,K_Scratch:9,Other_Faults:13,Pastry:5,Stains:4,Z_Scratch:6}","{Bumps:81,Dirtiness:11,K_Scratch:78,Other_Faults:135,Pastry:32,Stains:14,Z_Scratch:38}","{Bumps:321,Dirtiness:44,K_Scratch:313,Other_Faults:538,Pastry:126,Stains:58,Z_Scratch:152}","{Bumps:312,Dirtiness:40,K_Scratch:304,Other_Faults:525,Pastry:121,Stains:54,Z_Scratch:146}","{Bumps:2,Dirtiness:1,K_Scratch:2,Other_Faults:2,Pastry:1,Stains:1,Z_Scratch:1}"
2026-07-07T10:23:01.817288+00:00,steel-plates-fault,40982,vime,0,100,1452,80,20,389,7,27,27,,,,,,,,,,,,,,,stratified_labeled_val,7,True,7,28,15.6233,success,,0.6015424164524421,0.6082510592535656,0.5596007805963792,1.0976022773278082,0.8642115746944606,,28.0,1.334393858909607,38.0,0.4719938933849334,38.0,vime,internal_stratified_val,50.0,paper_faithful_core,VIME,"{Bumps:19,Dirtiness:7,K_Scratch:18,Other_Faults:28,Pastry:10,Stains:7,Z_Scratch:11}","{Bumps:81,Dirtiness:11,K_Scratch:78,Other_Faults:135,Pastry:32,Stains:14,Z_Scratch:38}","{Bumps:321,Dirtiness:44,K_Scratch:313,Other_Faults:538,Pastry:126,Stains:58,Z_Scratch:152}","{Bumps:302,Dirtiness:37,K_Scratch:295,Other_Faults:510,Pastry:116,Stains:51,Z_Scratch:141}","{Bumps:4,Dirtiness:1,K_Scratch:4,Other_Faults:6,Pastry:2,Stains:1,Z_Scratch:2}"
2026-07-07T10:23:17.450474+00:00,steel-plates-fault,40982,vime,0,250,1302,200,50,389,7,27,27,,,,,,,,,,,,,,,stratified_labeled_val,7,True,11,80,12.8802,success,,0.6632390745501285,0.7380653905873205,0.6876300884083132,0.7942324387698003,0.930134595152784,,70.0,0.6706249713897705,80.0,0.3609026968479156,80.0,vime,internal_stratified_val,50.0,paper_faithful_core,VIME,"{Bumps:50,Dirtiness:11,K_Scratch:48,Other_Faults:80,Pastry:22,Stains:13,Z_Scratch:26}","{Bumps:81,Dirtiness:11,K_Scratch:78,Other_Faults:135,Pastry:32,Stains:14,Z_Scratch:38}","{Bumps:321,Dirtiness:44,K_Scratch:313,Other_Faults:538,Pastry:126,Stains:58,Z_Scratch:152}","{Bumps:271,Dirtiness:33,K_Scratch:265,Other_Faults:458,Pastry:104,Stains:45,Z_Scratch:126}","{Bumps:10,Dirtiness:2,K_Scratch:10,Other_Faults:16,Pastry:4,Stains:3,Z_Scratch:5}"
2026-07-07T10:23:30.337203+00:00,steel-plates-fault,40982,vime,0,500,1052,400,100,389,7,27,27,,,,,,,,,,,,,,,stratified_labeled_val,7,True,18,166,14.4829,success,,0.7069408740359897,0.7153162667417055,0.7237503567340526,0.7374619296893035,0.9348134636369994,,63.0,0.7160977721214294,73.0,0.3689655214548111,73.0,vime,internal_stratified_val,50.0,paper_faithful_core,VIME,"{Bumps:101,Dirtiness:18,K_Scratch:99,Other_Faults:166,Pastry:43,Stains:22,Z_Scratch:51}","{Bumps:81,Dirtiness:11,K_Scratch:78,Other_Faults:135,Pastry:32,Stains:14,Z_Scratch:38}","{Bumps:321,Dirtiness:44,K_Scratch:313,Other_Faults:538,Pastry:126,Stains:58,Z_Scratch:152}","{Bumps:220,Dirtiness:26,K_Scratch:214,Other_Faults:372,Pastry:83,Stains:36,Z_Scratch:101}","{Bumps:20,Dirtiness:4,K_Scratch:20,Other_Faults:33,Pastry:9,Stains:4,Z_Scratch:10}"
2026-07-07T10:23:44.826643+00:00,steel-plates-fault,40982,vime,1,50,1502,40,10,389,7,27,27,,,,,,,,,,,,,,,stratified_labeled_val,7,True,4,13,10.422,success,,0.4730077120822622,0.2645909645909646,0.2375328024510626,1.474335597025168,0.7802086320479782,,10.0,1.9969587326049805,20.0,0.7862951159477234,20.0,vime,internal_stratified_val,50.0,paper_faithful_core,VIME,"{Bumps:9,Dirtiness:4,K_Scratch:9,Other_Faults:13,Pastry:5,Stains:4,Z_Scratch:6}","{Bumps:81,Dirtiness:11,K_Scratch:78,Other_Faults:135,Pastry:32,Stains:14,Z_Scratch:38}","{Bumps:321,Dirtiness:44,K_Scratch:313,Other_Faults:538,Pastry:126,Stains:58,Z_Scratch:152}","{Bumps:312,Dirtiness:40,K_Scratch:304,Other_Faults:525,Pastry:121,Stains:54,Z_Scratch:146}","{Bumps:2,Dirtiness:1,K_Scratch:2,Other_Faults:2,Pastry:1,Stains:1,Z_Scratch:1}"
2026-07-07T10:23:55.254439+00:00,steel-plates-fault,40982,vime,1,100,1452,80,20,389,7,27,27,,,,,,,,,,,,,,,stratified_labeled_val,7,True,7,28,11.2294,success,,0.5655526992287918,0.572654397607405,0.5384550120574965,1.2663153894726795,0.8544301693028845,,23.0,1.137434720993042,33.0,0.6404066681861877,33.0,vime,internal_stratified_val,50.0,paper_faithful_core,VIME,"{Bumps:19,Dirtiness:7,K_Scratch:18,Other_Faults:28,Pastry:10,Stains:7,Z_Scratch:11}","{Bumps:81,Dirtiness:11,K_Scratch:78,Other_Faults:135,Pastry:32,Stains:14,Z_Scratch:38}","{Bumps:321,Dirtiness:44,K_Scratch:313,Other_Faults:538,Pastry:126,Stains:58,Z_Scratch:152}","{Bumps:302,Dirtiness:37,K_Scratch:295,Other_Faults:510,Pastry:116,Stains:51,Z_Scratch:141}","{Bumps:4,Dirtiness:1,K_Scratch:4,Other_Faults:6,Pastry:2,Stains:1,Z_Scratch:2}"
2026-07-07T10:24:06.489965+00:00,steel-plates-fault,40982,vime,1,250,1302,200,50,389,7,27,27,,,,,,,,,,,,,,,stratified_labeled_val,7,True,11,80,11.5153,success,,0.5424164524421594,0.4017425922031185,0.4164678828597257,1.2355067138053792,0.8354638226304855,,20.0,1.4681991338729858,30.0,0.7980031371116638,30.0,vime,internal_stratified_val,50.0,paper_faithful_core,VIME,"{Bumps:50,Dirtiness:11,K_Scratch:48,Other_Faults:80,Pastry:22,Stains:13,Z_Scratch:26}","{Bumps:81,Dirtiness:11,K_Scratch:78,Other_Faults:135,Pastry:32,Stains:14,Z_Scratch:38}","{Bumps:321,Dirtiness:44,K_Scratch:313,Other_Faults:538,Pastry:126,Stains:58,Z_Scratch:152}","{Bumps:271,Dirtiness:33,K_Scratch:265,Other_Faults:458,Pastry:104,Stains:45,Z_Scratch:126}","{Bumps:10,Dirtiness:2,K_Scratch:10,Other_Faults:16,Pastry:4,Stains:3,Z_Scratch:5}"
2026-07-07T10:24:18.013022+00:00,steel-plates-fault,40982,vime,1,500,1052,400,100,389,7,27,27,,,,,,,,,,,,,,,stratified_labeled_val,7,True,18,166,15.9142,success,,0.6735218508997429,0.6663808576089278,0.6716710243423788,0.8956817271563271,0.9122877651807162,,45.0,0.7858848571777344,55.0,0.522535890340805,55.0,vime,internal_stratified_val,50.0,paper_faithful_core,VIME,"{Bumps:101,Dirtiness:18,K_Scratch:99,Other_Faults:166,Pastry:43,Stains:22,Z_Scratch:51}","{Bumps:81,Dirtiness:11,K_Scratch:78,Other_Faults:135,Pastry:32,Stains:14,Z_Scratch:38}","{Bumps:321,Dirtiness:44,K_Scratch:313,Other_Faults:538,Pastry:126,Stains:58,Z_Scratch:152}","{Bumps:220,Dirtiness:26,K_Scratch:214,Other_Faults:372,Pastry:83,Stains:36,Z_Scratch:101}","{Bumps:20,Dirtiness:4,K_Scratch:20,Other_Faults:33,Pastry:9,Stains:4,Z_Scratch:10}"
2026-07-07T10:24:33.933479+00:00,steel-plates-fault,40982,vime,2,50,1502,40,10,389,7,27,27,,,,,,,,,,,,,,,stratified_labeled_val,7,True,4,13,11.4567,success,,0.5218508997429306,0.5399479749573736,0.4947407669029299,1.2029147968167186,0.85783597744142,,23.0,1.2210516929626465,33.0,0.3517880141735077,33.0,vime,internal_stratified_val,50.0,paper_faithful_core,VIME,"{Bumps:9,Dirtiness:4,K_Scratch:9,Other_Faults:13,Pastry:5,Stains:4,Z_Scratch:6}","{Bumps:81,Dirtiness:11,K_Scratch:78,Other_Faults:135,Pastry:32,Stains:14,Z_Scratch:38}","{Bumps:321,Dirtiness:44,K_Scratch:313,Other_Faults:538,Pastry:126,Stains:58,Z_Scratch:152}","{Bumps:312,Dirtiness:40,K_Scratch:304,Other_Faults:525,Pastry:121,Stains:54,Z_Scratch:146}","{Bumps:2,Dirtiness:1,K_Scratch:2,Other_Faults:2,Pastry:1,Stains:1,Z_Scratch:1}"
2026-07-07T10:24:45.396455+00:00,steel-plates-fault,40982,vime,2,100,1452,80,20,389,7,27,27,,,,,,,,,,,,,,,stratified_labeled_val,7,True,7,28,16.0092,success,,0.596401028277635,0.6232681542675278,0.5991260512746523,1.154561799515256,0.883430374568753,,35.0,1.099268078804016,45.0,0.4358365833759308,45.0,vime,internal_stratified_val,50.0,paper_faithful_core,VIME,"{Bumps:19,Dirtiness:7,K_Scratch:18,Other_Faults:28,Pastry:10,Stains:7,Z_Scratch:11}","{Bumps:81,Dirtiness:11,K_Scratch:78,Other_Faults:135,Pastry:32,Stains:14,Z_Scratch:38}","{Bumps:321,Dirtiness:44,K_Scratch:313,Other_Faults:538,Pastry:126,Stains:58,Z_Scratch:152}","{Bumps:302,Dirtiness:37,K_Scratch:295,Other_Faults:510,Pastry:116,Stains:51,Z_Scratch:141}","{Bumps:4,Dirtiness:1,K_Scratch:4,Other_Faults:6,Pastry:2,Stains:1,Z_Scratch:2}"
2026-07-07T10:25:01.412218+00:00,steel-plates-fault,40982,vime,2,250,1302,200,50,389,7,27,27,,,,,,,,,,,,,,,stratified_labeled_val,7,True,11,80,16.5901,success,,0.6889460154241646,0.723177236413452,0.7050176704710971,0.976399628231054,0.9091388318649466,,69.0,0.8644725680351257,79.0,0.2798677682876587,79.0,vime,internal_stratified_val,50.0,paper_faithful_core,VIME,"{Bumps:50,Dirtiness:11,K_Scratch:48,Other_Faults:80,Pastry:22,Stains:13,Z_Scratch:26}","{Bumps:81,Dirtiness:11,K_Scratch:78,Other_Faults:135,Pastry:32,Stains:14,Z_Scratch:38}","{Bumps:321,Dirtiness:44,K_Scratch:313,Other_Faults:538,Pastry:126,Stains:58,Z_Scratch:152}","{Bumps:271,Dirtiness:33,K_Scratch:265,Other_Faults:458,Pastry:104,Stains:45,Z_Scratch:126}","{Bumps:10,Dirtiness:2,K_Scratch:10,Other_Faults:16,Pastry:4,Stains:3,Z_Scratch:5}"
2026-07-07T10:25:18.010205+00:00,steel-plates-fault,40982,vime,2,500,1052,400,100,389,7,27,27,,,,,,,,,,,,,,,stratified_labeled_val,7,True,18,166,17.184,success,,0.7017994858611826,0.7371650233179057,0.7386448891551964,0.8397203808529582,0.9330683586802738,,91.0,0.6250529885292053,100.0,0.3403808921575546,100.0,vime,internal_stratified_val,50.0,paper_faithful_core,VIME,"{Bumps:101,Dirtiness:18,K_Scratch:99,Other_Faults:166,Pastry:43,Stains:22,Z_Scratch:51}","{Bumps:81,Dirtiness:11,K_Scratch:78,Other_Faults:135,Pastry:32,Stains:14,Z_Scratch:38}","{Bumps:321,Dirtiness:44,K_Scratch:313,Other_Faults:538,Pastry:126,Stains:58,Z_Scratch:152}","{Bumps:220,Dirtiness:26,K_Scratch:214,Other_Faults:372,Pastry:83,Stains:36,Z_Scratch:101}","{Bumps:20,Dirtiness:4,K_Scratch:20,Other_Faults:33,Pastry:9,Stains:4,Z_Scratch:10}"
2026-07-07T10:26:09.696235+00:00,segment,36,logistic_regression,0,50,1798,40,10,462,7,19,19,,,,,,,,,,,,,,,stratified_labeled_val,7,True,7,8,0.0852,success,,0.8138528138528138,0.8138528138528139,0.807900684550592,0.6112551093101501,0.962214132668678,,,,,,,,,,,,"{brickface:8,cement:7,foliage:7,grass:7,path:7,sky:7,window:7}","{brickface:66,cement:66,foliage:66,grass:66,path:66,sky:66,window:66}","{brickface:264,cement:264,foliage:264,grass:264,path:264,sky:264,window:264}","{brickface:256,cement:257,foliage:257,grass:257,path:257,sky:257,window:257}","{brickface:2,cement:2,foliage:1,grass:1,path:1,sky:1,window:2}"
2026-07-07T10:26:09.787267+00:00,segment,36,logistic_regression,0,100,1748,80,20,462,7,19,19,,,,,,,,,,,,,,,stratified_labeled_val,7,True,14,15,0.0666,success,,0.8896103896103896,0.8896103896103896,0.8874993029541806,0.4831139147281647,0.9766058856967946,,,,,,,,,,,,"{brickface:15,cement:15,foliage:14,grass:14,path:14,sky:14,window:14}","{brickface:66,cement:66,foliage:66,grass:66,path:66,sky:66,window:66}","{brickface:264,cement:264,foliage:264,grass:264,path:264,sky:264,window:264}","{brickface:249,cement:249,foliage:250,grass:250,path:250,sky:250,window:250}","{brickface:3,cement:3,foliage:3,grass:3,path:2,sky:3,window:3}"
2026-07-07T10:26:09.858097+00:00,segment,36,logistic_regression,0,250,1598,200,50,462,7,19,19,,,,,,,,,,,,,,,stratified_labeled_val,7,True,35,36,0.0735,success,,0.9307359307359307,0.9307359307359307,0.9294031601563374,0.3437466323375702,0.9860291223927588,,,,,,,,,,,,"{brickface:36,cement:36,foliage:36,grass:36,path:36,sky:35,window:35}","{brickface:66,cement:66,foliage:66,grass:66,path:66,sky:66,window:66}","{brickface:264,cement:264,foliage:264,grass:264,path:264,sky:264,window:264}","{brickface:228,cement:228,foliage:228,grass:228,path:228,sky:229,window:229}","{brickface:8,cement:7,foliage:7,grass:7,path:7,sky:7,window:7}"
2026-07-07T10:26:09.935431+00:00,segment,36,logistic_regression,0,500,1348,400,100,462,7,19,19,,,,,,,,,,,,,,,stratified_labeled_val,7,True,71,72,0.0849,success,,0.9242424242424242,0.9242424242424242,0.9234743431849504,0.2979410290718078,0.9879695220604312,,,,,,,,,,,,"{brickface:72,cement:72,foliage:72,grass:71,path:71,sky:71,window:71}","{brickface:66,cement:66,foliage:66,grass:66,path:66,sky:66,window:66}","{brickface:264,cement:264,foliage:264,grass:264,path:264,sky:264,window:264}","{brickface:192,cement:192,foliage:192,grass:193,path:193,sky:193,window:193}","{brickface:14,cement:15,foliage:15,grass:14,path:14,sky:14,window:14}"
2026-07-07T10:26:10.024509+00:00,segment,36,logistic_regression,1,50,1798,40,10,462,7,19,19,,,,,,,,,,,,,,,stratified_labeled_val,7,True,7,8,0.0658,success,,0.841991341991342,0.841991341991342,0.8431576600181728,0.5696598887443542,0.96494708994709,,,,,,,,,,,,"{brickface:8,cement:7,foliage:7,grass:7,path:7,sky:7,window:7}","{brickface:66,cement:66,foliage:66,grass:66,path:66,sky:66,window:66}","{brickface:264,cement:264,foliage:264,grass:264,path:264,sky:264,window:264}","{brickface:256,cement:257,foliage:257,grass:257,path:257,sky:257,window:257}","{brickface:2,cement:2,foliage:1,grass:2,path:1,sky:1,window:1}"
2026-07-07T10:26:10.094150+00:00,segment,36,logistic_regression,1,100,1748,80,20,462,7,19,19,,,,,,,,,,,,,,,stratified_labeled_val,7,True,14,15,0.0666,success,,0.8614718614718615,0.8614718614718616,0.8584133470856825,0.5070669651031494,0.9679533429533428,,,,,,,,,,,,"{brickface:15,cement:15,foliage:14,grass:14,path:14,sky:14,window:14}","{brickface:66,cement:66,foliage:66,grass:66,path:66,sky:66,window:66}","{brickface:264,cement:264,foliage:264,grass:264,path:264,sky:264,window:264}","{brickface:249,cement:249,foliage:250,grass:250,path:250,sky:250,window:250}","{brickface:3,cement:3,foliage:3,grass:3,path:3,sky:2,window:3}"
2026-07-07T10:26:10.164230+00:00,segment,36,logistic_regression,1,250,1598,200,50,462,7,19,19,,,,,,,,,,,,,,,stratified_labeled_val,7,True,35,36,0.0663,success,,0.9047619047619048,0.9047619047619048,0.906345235328985,0.3890603184700012,0.976840920022738,,,,,,,,,,,,"{brickface:36,cement:36,foliage:36,grass:36,path:36,sky:35,window:35}","{brickface:66,cement:66,foliage:66,grass:66,path:66,sky:66,window:66}","{brickface:264,cement:264,foliage:264,grass:264,path:264,sky:264,window:264}","{brickface:228,cement:228,foliage:228,grass:228,path:228,sky:229,window:229}","{brickface:7,cement:7,foliage:8,grass:7,path:7,sky:7,window:7}"
2026-07-07T10:26:10.234321+00:00,segment,36,logistic_regression,1,500,1348,400,100,462,7,19,19,,,,,,,,,,,,,,,stratified_labeled_val,7,True,71,72,0.0692,success,,0.9155844155844156,0.9155844155844156,0.917217189376948,0.3239223659038543,0.9841652455288818,,,,,,,,,,,,"{brickface:72,cement:72,foliage:72,grass:71,path:71,sky:71,window:71}","{brickface:66,cement:66,foliage:66,grass:66,path:66,sky:66,window:66}","{brickface:264,cement:264,foliage:264,grass:264,path:264,sky:264,window:264}","{brickface:192,cement:192,foliage:192,grass:193,path:193,sky:193,window:193}","{brickface:15,cement:14,foliage:15,grass:14,path:14,sky:14,window:14}"
2026-07-07T10:26:10.307125+00:00,segment,36,logistic_regression,2,50,1798,40,10,462,7,19,19,,,,,,,,,,,,,,,stratified_labeled_val,7,True,7,8,0.0598,success,,0.7987012987012987,0.7987012987012986,0.7916801415037996,0.6043897867202759,0.9596232891687436,,,,,,,,,,,,"{brickface:8,cement:7,foliage:7,grass:7,path:7,sky:7,window:7}","{brickface:66,cement:66,foliage:66,grass:66,path:66,sky:66,window:66}","{brickface:264,cement:264,foliage:264,grass:264,path:264,sky:264,window:264}","{brickface:256,cement:257,foliage:257,grass:257,path:257,sky:257,window:257}","{brickface:2,cement:1,foliage:2,grass:2,path:1,sky:1,window:1}"
2026-07-07T10:26:10.370345+00:00,segment,36,logistic_regression,2,100,1748,80,20,462,7,19,19,,,,,,,,,,,,,,,stratified_labeled_val,7,True,14,15,0.0663,success,,0.8722943722943723,0.8722943722943722,0.8668348884911523,0.4299385249614715,0.9816891862346409,,,,,,,,,,,,"{brickface:15,cement:15,foliage:14,grass:14,path:14,sky:14,window:14}","{brickface:66,cement:66,foliage:66,grass:66,path:66,sky:66,window:66}","{brickface:264,cement:264,foliage:264,grass:264,path:264,sky:264,window:264}","{brickface:249,cement:249,foliage:250,grass:250,path:250,sky:250,window:250}","{brickface:3,cement:3,foliage:2,grass:3,path:3,sky:3,window:3}"
2026-07-07T10:26:10.440417+00:00,segment,36,logistic_regression,2,250,1598,200,50,462,7,19,19,,,,,,,,,,,,,,,stratified_labeled_val,7,True,35,36,0.0764,success,,0.9177489177489178,0.9177489177489176,0.9173451579075688,0.3024028539657593,0.9890681708863528,,,,,,,,,,,,"{brickface:36,cement:36,foliage:36,grass:36,path:36,sky:35,window:35}","{brickface:66,cement:66,foliage:66,grass:66,path:66,sky:66,window:66}","{brickface:264,cement:264,foliage:264,grass:264,path:264,sky:264,window:264}","{brickface:228,cement:228,foliage:228,grass:228,path:228,sky:229,window:229}","{brickface:7,cement:7,foliage:8,grass:7,path:7,sky:7,window:7}"
2026-07-07T10:26:10.521885+00:00,segment,36,logistic_regression,2,500,1348,400,100,462,7,19,19,,,,,,,,,,,,,,,stratified_labeled_val,7,True,71,72,0.0734,success,,0.9307359307359307,0.9307359307359307,0.931254156991178,0.2629377245903015,0.9907571384844112,,,,,,,,,,,,"{brickface:72,cement:72,foliage:72,grass:71,path:71,sky:71,window:71}","{brickface:66,cement:66,foliage:66,grass:66,path:66,sky:66,window:66}","{brickface:264,cement:264,foliage:264,grass:264,path:264,sky:264,window:264}","{brickface:192,cement:192,foliage:192,grass:193,path:193,sky:193,window:193}","{brickface:14,cement:15,foliage:15,grass:14,path:14,sky:14,window:14}"
2026-07-07T10:26:10.598654+00:00,segment,36,random_forest,0,50,1798,40,10,462,7,19,19,,,,,,,,,,,,,,,stratified_labeled_val,7,True,7,8,0.7936,success,,0.8398268398268398,0.8398268398268398,0.8389856361898352,0.5421373115438396,0.9801887926887928,,,,,,,,,,,,"{brickface:8,cement:7,foliage:7,grass:7,path:7,sky:7,window:7}","{brickface:66,cement:66,foliage:66,grass:66,path:66,sky:66,window:66}","{brickface:264,cement:264,foliage:264,grass:264,path:264,sky:264,window:264}","{brickface:256,cement:257,foliage:257,grass:257,path:257,sky:257,window:257}","{brickface:2,cement:2,foliage:1,grass:1,path:1,sky:1,window:2}"
2026-07-07T10:26:11.396600+00:00,segment,36,random_forest,0,100,1748,80,20,462,7,19,19,,,,,,,,,,,,,,,stratified_labeled_val,7,True,14,15,1.0149,success,,0.9090909090909092,0.9090909090909092,0.9082475225584202,0.3765150271054373,0.9902761380034109,,,,,,,,,,,,"{brickface:15,cement:15,foliage:14,grass:14,path:14,sky:14,window:14}","{brickface:66,cement:66,foliage:66,grass:66,path:66,sky:66,window:66}","{brickface:264,cement:264,foliage:264,grass:264,path:264,sky:264,window:264}","{brickface:249,cement:249,foliage:250,grass:250,path:250,sky:250,window:250}","{brickface:3,cement:3,foliage:3,grass:3,path:2,sky:3,window:3}"
2026-07-07T10:26:12.414184+00:00,segment,36,random_forest,0,250,1598,200,50,462,7,19,19,,,,,,,,,,,,,,,stratified_labeled_val,7,True,35,36,1.124,success,,0.9545454545454546,0.9545454545454544,0.954334709385234,0.2403862083738981,0.9941951987406532,,,,,,,,,,,,"{brickface:36,cement:36,foliage:36,grass:36,path:36,sky:35,window:35}","{brickface:66,cement:66,foliage:66,grass:66,path:66,sky:66,window:66}","{brickface:264,cement:264,foliage:264,grass:264,path:264,sky:264,window:264}","{brickface:228,cement:228,foliage:228,grass:228,path:228,sky:229,window:229}","{brickface:8,cement:7,foliage:7,grass:7,path:7,sky:7,window:7}"
2026-07-07T10:26:13.546936+00:00,segment,36,random_forest,0,500,1348,400,100,462,7,19,19,,,,,,,,,,,,,,,stratified_labeled_val,7,True,71,72,2.6043,success,,0.9523809523809524,0.9523809523809524,0.9521868077023888,0.1693812006086996,0.9968024399842582,,,,,,,,,,,,"{brickface:72,cement:72,foliage:72,grass:71,path:71,sky:71,window:71}","{brickface:66,cement:66,foliage:66,grass:66,path:66,sky:66,window:66}","{brickface:264,cement:264,foliage:264,grass:264,path:264,sky:264,window:264}","{brickface:192,cement:192,foliage:192,grass:193,path:193,sky:193,window:193}","{brickface:14,cement:15,foliage:15,grass:14,path:14,sky:14,window:14}"
2026-07-07T10:26:16.157621+00:00,segment,36,random_forest,1,50,1798,40,10,462,7,19,19,,,,,,,,,,,,,,,stratified_labeled_val,7,True,7,8,1.2415,success,,0.8225108225108225,0.8225108225108225,0.8272869602571461,0.8158129524219544,0.962225064497792,,,,,,,,,,,,"{brickface:8,cement:7,foliage:7,grass:7,path:7,sky:7,window:7}","{brickface:66,cement:66,foliage:66,grass:66,path:66,sky:66,window:66}","{brickface:264,cement:264,foliage:264,grass:264,path:264,sky:264,window:264}","{brickface:256,cement:257,foliage:257,grass:257,path:257,sky:257,window:257}","{brickface:2,cement:2,foliage:1,grass:2,path:1,sky:1,window:1}"
2026-07-07T10:26:17.405885+00:00,segment,36,random_forest,1,100,1748,80,20,462,7,19,19,,,,,,,,,,,,,,,stratified_labeled_val,7,True,14,15,1.5425,success,,0.8571428571428571,0.8571428571428571,0.8544180860827765,0.4265762401856766,0.9790655472473654,,,,,,,,,,,,"{brickface:15,cement:15,foliage:14,grass:14,path:14,sky:14,window:14}","{brickface:66,cement:66,foliage:66,grass:66,path:66,sky:66,window:66}","{brickface:264,cement:264,foliage:264,grass:264,path:264,sky:264,window:264}","{brickface:249,cement:249,foliage:250,grass:250,path:250,sky:250,window:250}","{brickface:3,cement:3,foliage:3,grass:3,path:3,sky:2,window:3}"
2026-07-07T10:26:18.956069+00:00,segment,36,random_forest,1,250,1598,200,50,462,7,19,19,,,,,,,,,,,,,,,stratified_labeled_val,7,True,35,36,1.621,success,,0.9155844155844156,0.9155844155844156,0.9163379637149416,0.278637794976928,0.9888823297914204,,,,,,,,,,,,"{brickface:36,cement:36,foliage:36,grass:36,path:36,sky:35,window:35}","{brickface:66,cement:66,foliage:66,grass:66,path:66,sky:66,window:66}","{brickface:264,cement:264,foliage:264,grass:264,path:264,sky:264,window:264}","{brickface:228,cement:228,foliage:228,grass:228,path:228,sky:229,window:229}","{brickface:7,cement:7,foliage:8,grass:7,path:7,sky:7,window:7}"
2026-07-07T10:26:20.585393+00:00,segment,36,random_forest,1,500,1348,400,100,462,7,19,19,,,,,,,,,,,,,,,stratified_labeled_val,7,True,71,72,1.4342,success,,0.945887445887446,0.945887445887446,0.9462151325955864,0.2134836216034728,0.9945696138877956,,,,,,,,,,,,"{brickface:72,cement:72,foliage:72,grass:71,path:71,sky:71,window:71}","{brickface:66,cement:66,foliage:66,grass:66,path:66,sky:66,window:66}","{brickface:264,cement:264,foliage:264,grass:264,path:264,sky:264,window:264}","{brickface:192,cement:192,foliage:192,grass:193,path:193,sky:193,window:193}","{brickface:15,cement:14,foliage:15,grass:14,path:14,sky:14,window:14}"
2026-07-07T10:26:22.034825+00:00,segment,36,random_forest,2,50,1798,40,10,462,7,19,19,,,,,,,,,,,,,,,stratified_labeled_val,7,True,7,8,1.5681,success,,0.8225108225108225,0.8225108225108225,0.8149283692760053,0.5501700705467786,0.9750289693471512,,,,,,,,,,,,"{brickface:8,cement:7,foliage:7,grass:7,path:7,sky:7,window:7}","{brickface:66,cement:66,foliage:66,grass:66,path:66,sky:66,window:66}","{brickface:264,cement:264,foliage:264,grass:264,path:264,sky:264,window:264}","{brickface:256,cement:257,foliage:257,grass:257,path:257,sky:257,window:257}","{brickface:2,cement:1,foliage:2,grass:2,path:1,sky:1,window:1}"
2026-07-07T10:26:23.611755+00:00,segment,36,random_forest,2,100,1748,80,20,462,7,19,19,,,,,,,,,,,,,,,stratified_labeled_val,7,True,14,15,1.2796,success,,0.9112554112554112,0.9112554112554112,0.9039014989302556,0.3540390299063081,0.9886035681490228,,,,,,,,,,,,"{brickface:15,cement:15,foliage:14,grass:14,path:14,sky:14,window:14}","{brickface:66,cement:66,foliage:66,grass:66,path:66,sky:66,window:66}","{brickface:264,cement:264,foliage:264,grass:264,path:264,sky:264,window:264}","{brickface:249,cement:249,foliage:250,grass:250,path:250,sky:250,window:250}","{brickface:3,cement:3,foliage:2,grass:3,path:3,sky:3,window:3}"
2026-07-07T10:26:24.895269+00:00,segment,36,random_forest,2,250,1598,200,50,462,7,19,19,,,,,,,,,,,,,,,stratified_labeled_val,7,True,35,36,1.5457,success,,0.945887445887446,0.945887445887446,0.9453451090026024,0.2204762847490118,0.9945696138877956,,,,,,,,,,,,"{brickface:36,cement:36,foliage:36,grass:36,path:36,sky:35,window:35}","{brickface:66,cement:66,foliage:66,grass:66,path:66,sky:66,window:66}","{brickface:264,cement:264,foliage:264,grass:264,path:264,sky:264,window:264}","{brickface:228,cement:228,foliage:228,grass:228,path:228,sky:229,window:229}","{brickface:7,cement:7,foliage:8,grass:7,path:7,sky:7,window:7}"
2026-07-07T10:26:26.447447+00:00,segment,36,random_forest,2,500,1348,400,100,462,7,19,19,,,,,,,,,,,,,,,stratified_labeled_val,7,True,71,72,1.5355,success,,0.9675324675324676,0.9675324675324676,0.9676291025045474,0.1560118442209428,0.997789037561765,,,,,,,,,,,,"{brickface:72,cement:72,foliage:72,grass:71,path:71,sky:71,window:71}","{brickface:66,cement:66,foliage:66,grass:66,path:66,sky:66,window:66}","{brickface:264,cement:264,foliage:264,grass:264,path:264,sky:264,window:264}","{brickface:192,cement:192,foliage:192,grass:193,path:193,sky:193,window:193}","{brickface:14,cement:15,foliage:15,grass:14,path:14,sky:14,window:14}"
2026-07-07T10:26:27.992201+00:00,segment,36,xgboost,0,50,1798,40,10,462,7,19,19,,,,,,,,,,,,,,,stratified_labeled_val,7,True,7,8,3.6,success,,0.7489177489177489,0.7489177489177489,0.7504363004689909,0.821074903011322,0.9417442826533736,,,,,,,,,,,,"{brickface:8,cement:7,foliage:7,grass:7,path:7,sky:7,window:7}","{brickface:66,cement:66,foliage:66,grass:66,path:66,sky:66,window:66}","{brickface:264,cement:264,foliage:264,grass:264,path:264,sky:264,window:264}","{brickface:256,cement:257,foliage:257,grass:257,path:257,sky:257,window:257}","{brickface:2,cement:2,foliage:1,grass:1,path:1,sky:1,window:2}"
2026-07-07T10:26:31.604840+00:00,segment,36,xgboost,0,100,1748,80,20,462,7,19,19,,,,,,,,,,,,,,,stratified_labeled_val,7,True,14,15,4.2542,success,,0.8441558441558441,0.844155844155844,0.8490731774684132,0.5169941186904907,0.9752011456556912,,,,,,,,,,,,"{brickface:15,cement:15,foliage:14,grass:14,path:14,sky:14,window:14}","{brickface:66,cement:66,foliage:66,grass:66,path:66,sky:66,window:66}","{brickface:264,cement:264,foliage:264,grass:264,path:264,sky:264,window:264}","{brickface:249,cement:249,foliage:250,grass:250,path:250,sky:250,window:250}","{brickface:3,cement:3,foliage:3,grass:3,path:2,sky:3,window:3}"
2026-07-07T10:26:35.873390+00:00,segment,36,xgboost,0,250,1598,200,50,462,7,19,19,,,,,,,,,,,,,,,stratified_labeled_val,7,True,35,36,5.6985,success,,0.9047619047619048,0.9047619047619048,0.907813273486753,0.2604701220989227,0.992500765228038,,,,,,,,,,,,"{brickface:36,cement:36,foliage:36,grass:36,path:36,sky:35,window:35}","{brickface:66,cement:66,foliage:66,grass:66,path:66,sky:66,window:66}","{brickface:264,cement:264,foliage:264,grass:264,path:264,sky:264,window:264}","{brickface:228,cement:228,foliage:228,grass:228,path:228,sky:229,window:229}","{brickface:8,cement:7,foliage:7,grass:7,path:7,sky:7,window:7}"
2026-07-07T10:26:41.584635+00:00,segment,36,xgboost,0,500,1348,400,100,462,7,19,19,,,,,,,,,,,,,,,stratified_labeled_val,7,True,71,72,8.5022,success,,0.9588744588744588,0.958874458874459,0.9587018956766856,0.1315296441316604,0.9975676680222136,,,,,,,,,,,,"{brickface:72,cement:72,foliage:72,grass:71,path:71,sky:71,window:71}","{brickface:66,cement:66,foliage:66,grass:66,path:66,sky:66,window:66}","{brickface:264,cement:264,foliage:264,grass:264,path:264,sky:264,window:264}","{brickface:192,cement:192,foliage:192,grass:193,path:193,sky:193,window:193}","{brickface:14,cement:15,foliage:15,grass:14,path:14,sky:14,window:14}"
2026-07-07T10:26:50.099793+00:00,segment,36,xgboost,1,50,1798,40,10,462,7,19,19,,,,,,,,,,,,,,,stratified_labeled_val,7,True,7,8,3.6311,success,,0.7813852813852814,0.7813852813852814,0.7852287723854406,0.6480300426483154,0.9619189732826096,,,,,,,,,,,,"{brickface:8,cement:7,foliage:7,grass:7,path:7,sky:7,window:7}","{brickface:66,cement:66,foliage:66,grass:66,path:66,sky:66,window:66}","{brickface:264,cement:264,foliage:264,grass:264,path:264,sky:264,window:264}","{brickface:256,cement:257,foliage:257,grass:257,path:257,sky:257,window:257}","{brickface:2,cement:2,foliage:1,grass:2,path:1,sky:1,window:1}"
2026-07-07T10:26:53.741186+00:00,segment,36,xgboost,1,100,1748,80,20,462,7,19,19,,,,,,,,,,,,,,,stratified_labeled_val,7,True,14,15,4.7855,success,,0.8593073593073594,0.8593073593073592,0.8584178962131717,0.476955384016037,0.9765840220385676,,,,,,,,,,,,"{brickface:15,cement:15,foliage:14,grass:14,path:14,sky:14,window:14}","{brickface:66,cement:66,foliage:66,grass:66,path:66,sky:66,window:66}","{brickface:264,cement:264,foliage:264,grass:264,path:264,sky:264,window:264}","{brickface:249,cement:249,foliage:250,grass:250,path:250,sky:250,window:250}","{brickface:3,cement:3,foliage:3,grass:3,path:3,sky:2,window:3}"
2026-07-07T10:26:58.538274+00:00,segment,36,xgboost,1,250,1598,200,50,462,7,19,19,,,,,,,,,,,,,,,stratified_labeled_val,7,True,35,36,5.3127,success,,0.9242424242424242,0.9242424242424244,0.9252028622818432,0.255373477935791,0.9923695832786742,,,,,,,,,,,,"{brickface:36,cement:36,foliage:36,grass:36,path:36,sky:35,window:35}","{brickface:66,cement:66,foliage:66,grass:66,path:66,sky:66,window:66}","{brickface:264,cement:264,foliage:264,grass:264,path:264,sky:264,window:264}","{brickface:228,cement:228,foliage:228,grass:228,path:228,sky:229,window:229}","{brickface:7,cement:7,foliage:8,grass:7,path:7,sky:7,window:7}"
2026-07-07T10:27:03.865430+00:00,segment,36,xgboost,1,500,1348,400,100,462,7,19,19,,,,,,,,,,,,,,,stratified_labeled_val,7,True,71,72,6.6133,success,,0.9545454545454546,0.9545454545454544,0.9548519506897142,0.1749191731214523,0.9965182124273032,,,,,,,,,,,,"{brickface:72,cement:72,foliage:72,grass:71,path:71,sky:71,window:71}","{brickface:66,cement:66,foliage:66,grass:66,path:66,sky:66,window:66}","{brickface:264,cement:264,foliage:264,grass:264,path:264,sky:264,window:264}","{brickface:192,cement:192,foliage:192,grass:193,path:193,sky:193,window:193}","{brickface:15,cement:14,foliage:15,grass:14,path:14,sky:14,window:14}"
2026-07-07T10:27:10.492474+00:00,segment,36,xgboost,2,50,1798,40,10,462,7,19,19,,,,,,,,,,,,,,,stratified_labeled_val,7,True,7,8,4.4335,success,,0.816017316017316,0.816017316017316,0.817588170939378,0.6113786101341248,0.966155057064148,,,,,,,,,,,,"{brickface:8,cement:7,foliage:7,grass:7,path:7,sky:7,window:7}","{brickface:66,cement:66,foliage:66,grass:66,path:66,sky:66,window:66}","{brickface:264,cement:264,foliage:264,grass:264,path:264,sky:264,window:264}","{brickface:256,cement:257,foliage:257,grass:257,path:257,sky:257,window:257}","{brickface:2,cement:1,foliage:2,grass:2,path:1,sky:1,window:1}"
2026-07-07T10:27:14.938406+00:00,segment,36,xgboost,2,100,1748,80,20,462,7,19,19,,,,,,,,,,,,,,,stratified_labeled_val,7,True,14,15,4.4317,success,,0.8722943722943723,0.8722943722943722,0.8709273264426941,0.4002240896224975,0.9870239188421008,,,,,,,,,,,,"{brickface:15,cement:15,foliage:14,grass:14,path:14,sky:14,window:14}","{brickface:66,cement:66,foliage:66,grass:66,path:66,sky:66,window:66}","{brickface:264,cement:264,foliage:264,grass:264,path:264,sky:264,window:264}","{brickface:249,cement:249,foliage:250,grass:250,path:250,sky:250,window:250}","{brickface:3,cement:3,foliage:2,grass:3,path:3,sky:3,window:3}"
2026-07-07T10:27:19.385438+00:00,segment,36,xgboost,2,250,1598,200,50,462,7,19,19,,,,,,,,,,,,,,,stratified_labeled_val,7,True,35,36,4.912,success,,0.935064935064935,0.935064935064935,0.9348659781758852,0.2149070650339126,0.9943974375792556,,,,,,,,,,,,"{brickface:36,cement:36,foliage:36,grass:36,path:36,sky:35,window:35}","{brickface:66,cement:66,foliage:66,grass:66,path:66,sky:66,window:66}","{brickface:264,cement:264,foliage:264,grass:264,path:264,sky:264,window:264}","{brickface:228,cement:228,foliage:228,grass:228,path:228,sky:229,window:229}","{brickface:7,cement:7,foliage:8,grass:7,path:7,sky:7,window:7}"
2026-07-07T10:27:24.309870+00:00,segment,36,xgboost,2,500,1348,400,100,462,7,19,19,,,,,,,,,,,,,,,stratified_labeled_val,7,True,71,72,6.2973,success,,0.9653679653679652,0.9653679653679652,0.9652839842244652,0.1146973967552185,0.9981798504525776,,,,,,,,,,,,"{brickface:72,cement:72,foliage:72,grass:71,path:71,sky:71,window:71}","{brickface:66,cement:66,foliage:66,grass:66,path:66,sky:66,window:66}","{brickface:264,cement:264,foliage:264,grass:264,path:264,sky:264,window:264}","{brickface:192,cement:192,foliage:192,grass:193,path:193,sky:193,window:193}","{brickface:14,cement:15,foliage:15,grass:14,path:14,sky:14,window:14}"
2026-07-07T10:27:30.621533+00:00,segment,36,lightgbm,0,50,1798,40,10,462,7,19,19,,,,,,,,,,,,,,,stratified_labeled_val,7,True,7,8,1.1082,success,,0.3939393939393939,0.3939393939393939,0.31674820195075,1.7816050795888854,0.7499016135379772,,,,,,,,,,,,"{brickface:8,cement:7,foliage:7,grass:7,path:7,sky:7,window:7}","{brickface:66,cement:66,foliage:66,grass:66,path:66,sky:66,window:66}","{brickface:264,cement:264,foliage:264,grass:264,path:264,sky:264,window:264}","{brickface:256,cement:257,foliage:257,grass:257,path:257,sky:257,window:257}","{brickface:2,cement:2,foliage:1,grass:1,path:1,sky:1,window:2}"
2026-07-07T10:27:31.737003+00:00,segment,36,lightgbm,0,100,1748,80,20,462,7,19,19,,,,,,,,,,,,,,,stratified_labeled_val,7,True,14,15,2.4512,success,,0.8722943722943723,0.8722943722943723,0.8698240745882853,0.5682765915934644,0.9818804932441296,,,,,,,,,,,,"{brickface:15,cement:15,foliage:14,grass:14,path:14,sky:14,window:14}","{brickface:66,cement:66,foliage:66,grass:66,path:66,sky:66,window:66}","{brickface:264,cement:264,foliage:264,grass:264,path:264,sky:264,window:264}","{brickface:249,cement:249,foliage:250,grass:250,path:250,sky:250,window:250}","{brickface:3,cement:3,foliage:3,grass:3,path:2,sky:3,window:3}"
2026-07-07T10:27:34.198013+00:00,segment,36,lightgbm,0,250,1598,200,50,462,7,19,19,,,,,,,,,,,,,,,stratified_labeled_val,7,True,35,36,4.6143,success,,0.9372294372294372,0.9372294372294372,0.937686614647579,0.2742775487151629,0.9934409025318116,,,,,,,,,,,,"{brickface:36,cement:36,foliage:36,grass:36,path:36,sky:35,window:35}","{brickface:66,cement:66,foliage:66,grass:66,path:66,sky:66,window:66}","{brickface:264,cement:264,foliage:264,grass:264,path:264,sky:264,window:264}","{brickface:228,cement:228,foliage:228,grass:228,path:228,sky:229,window:229}","{brickface:8,cement:7,foliage:7,grass:7,path:7,sky:7,window:7}"
2026-07-07T10:27:38.822574+00:00,segment,36,lightgbm,0,500,1348,400,100,462,7,19,19,,,,,,,,,,,,,,,stratified_labeled_val,7,True,71,72,5.7553,success,,0.9567099567099568,0.9567099567099568,0.9563708448857756,0.213560077367704,0.9955179500634046,,,,,,,,,,,,"{brickface:72,cement:72,foliage:72,grass:71,path:71,sky:71,window:71}","{brickface:66,cement:66,foliage:66,grass:66,path:66,sky:66,window:66}","{brickface:264,cement:264,foliage:264,grass:264,path:264,sky:264,window:264}","{brickface:192,cement:192,foliage:192,grass:193,path:193,sky:193,window:193}","{brickface:14,cement:15,foliage:15,grass:14,path:14,sky:14,window:14}"
2026-07-07T10:27:44.588825+00:00,segment,36,lightgbm,1,50,1798,40,10,462,7,19,19,,,,,,,,,,,,,,,stratified_labeled_val,7,True,7,8,1.117,success,,0.1688311688311688,0.1688311688311688,0.0960137528579929,1.943380707330423,0.5558725785998513,,,,,,,,,,,,"{brickface:8,cement:7,foliage:7,grass:7,path:7,sky:7,window:7}","{brickface:66,cement:66,foliage:66,grass:66,path:66,sky:66,window:66}","{brickface:264,cement:264,foliage:264,grass:264,path:264,sky:264,window:264}","{brickface:256,cement:257,foliage:257,grass:257,path:257,sky:257,window:257}","{brickface:2,cement:2,foliage:1,grass:2,path:1,sky:1,window:1}"
2026-07-07T10:27:45.714761+00:00,segment,36,lightgbm,1,100,1748,80,20,462,7,19,19,,,,,,,,,,,,,,,stratified_labeled_val,7,True,14,15,3.0035,success,,0.8614718614718615,0.8614718614718615,0.8556362799410995,0.7138001241611381,0.9799510254055708,,,,,,,,,,,,"{brickface:15,cement:15,foliage:14,grass:14,path:14,sky:14,window:14}","{brickface:66,cement:66,foliage:66,grass:66,path:66,sky:66,window:66}","{brickface:264,cement:264,foliage:264,grass:264,path:264,sky:264,window:264}","{brickface:249,cement:249,foliage:250,grass:250,path:250,sky:250,window:250}","{brickface:3,cement:3,foliage:3,grass:3,path:3,sky:2,window:3}"
2026-07-07T10:27:48.728598+00:00,segment,36,lightgbm,1,250,1598,200,50,462,7,19,19,,,,,,,,,,,,,,,stratified_labeled_val,7,True,35,36,6.5688,success,,0.9134199134199136,0.9134199134199136,0.9142357383073084,0.405229000466373,0.993364379728016,,,,,,,,,,,,"{brickface:36,cement:36,foliage:36,grass:36,path:36,sky:35,window:35}","{brickface:66,cement:66,foliage:66,grass:66,path:66,sky:66,window:66}","{brickface:264,cement:264,foliage:264,grass:264,path:264,sky:264,window:264}","{brickface:228,cement:228,foliage:228,grass:228,path:228,sky:229,window:229}","{brickface:7,cement:7,foliage:8,grass:7,path:7,sky:7,window:7}"
2026-07-07T10:27:55.307754+00:00,segment,36,lightgbm,1,500,1348,400,100,462,7,19,19,,,,,,,,,,,,,,,stratified_labeled_val,7,True,71,72,7.5441,success,,0.9502164502164502,0.9502164502164504,0.950638324251804,0.2406185002396752,0.997480213389304,,,,,,,,,,,,"{brickface:72,cement:72,foliage:72,grass:71,path:71,sky:71,window:71}","{brickface:66,cement:66,foliage:66,grass:66,path:66,sky:66,window:66}","{brickface:264,cement:264,foliage:264,grass:264,path:264,sky:264,window:264}","{brickface:192,cement:192,foliage:192,grass:193,path:193,sky:193,window:193}","{brickface:15,cement:14,foliage:15,grass:14,path:14,sky:14,window:14}"
2026-07-07T10:28:02.860083+00:00,segment,36,lightgbm,2,50,1798,40,10,462,7,19,19,,,,,,,,,,,,,,,stratified_labeled_val,7,True,7,8,0.6547,success,,0.29004329004329,0.29004329004329,0.195516320563313,1.7539328040140731,0.7667639599457782,,,,,,,,,,,,"{brickface:8,cement:7,foliage:7,grass:7,path:7,sky:7,window:7}","{brickface:66,cement:66,foliage:66,grass:66,path:66,sky:66,window:66}","{brickface:264,cement:264,foliage:264,grass:264,path:264,sky:264,window:264}","{brickface:256,cement:257,foliage:257,grass:257,path:257,sky:257,window:257}","{brickface:2,cement:1,foliage:2,grass:2,path:1,sky:1,window:1}"
2026-07-07T10:28:03.522020+00:00,segment,36,lightgbm,2,100,1748,80,20,462,7,19,19,,,,,,,,,,,,,,,stratified_labeled_val,7,True,14,15,2.5989,success,,0.9285714285714286,0.9285714285714286,0.9277336988394844,0.3264447974468582,0.991106957016048,,,,,,,,,,,,"{brickface:15,cement:15,foliage:14,grass:14,path:14,sky:14,window:14}","{brickface:66,cement:66,foliage:66,grass:66,path:66,sky:66,window:66}","{brickface:264,cement:264,foliage:264,grass:264,path:264,sky:264,window:264}","{brickface:249,cement:249,foliage:250,grass:250,path:250,sky:250,window:250}","{brickface:3,cement:3,foliage:2,grass:3,path:3,sky:3,window:3}"
2026-07-07T10:28:06.130669+00:00,segment,36,lightgbm,2,250,1598,200,50,462,7,19,19,,,,,,,,,,,,,,,stratified_labeled_val,7,True,35,36,4.8746,success,,0.9545454545454546,0.9545454545454544,0.953906283404365,0.2429647813264799,0.9957748480475752,,,,,,,,,,,,"{brickface:36,cement:36,foliage:36,grass:36,path:36,sky:35,window:35}","{brickface:66,cement:66,foliage:66,grass:66,path:66,sky:66,window:66}","{brickface:264,cement:264,foliage:264,grass:264,path:264,sky:264,window:264}","{brickface:228,cement:228,foliage:228,grass:228,path:228,sky:229,window:229}","{brickface:7,cement:7,foliage:8,grass:7,path:7,sky:7,window:7}"
2026-07-07T10:28:11.016932+00:00,segment,36,lightgbm,2,500,1348,400,100,462,7,19,19,,,,,,,,,,,,,,,stratified_labeled_val,7,True,71,72,8.5156,success,,0.9632034632034632,0.9632034632034632,0.963168926579361,0.1797950917919335,0.9982782369146004,,,,,,,,,,,,"{brickface:72,cement:72,foliage:72,grass:71,path:71,sky:71,window:71}","{brickface:66,cement:66,foliage:66,grass:66,path:66,sky:66,window:66}","{brickface:264,cement:264,foliage:264,grass:264,path:264,sky:264,window:264}","{brickface:192,cement:192,foliage:192,grass:193,path:193,sky:193,window:193}","{brickface:14,cement:15,foliage:15,grass:14,path:14,sky:14,window:14}"
2026-07-07T10:28:19.542443+00:00,segment,36,catboost,0,50,1798,40,10,462,7,19,19,,,,,,,,,,,,,,,stratified_labeled_val,7,True,7,8,4.9276,success,,0.8333333333333334,0.8333333333333333,0.8333100077521768,0.511704936274941,0.9861329747693384,,,,,,,,,,,,"{brickface:8,cement:7,foliage:7,grass:7,path:7,sky:7,window:7}","{brickface:66,cement:66,foliage:66,grass:66,path:66,sky:66,window:66}","{brickface:264,cement:264,foliage:264,grass:264,path:264,sky:264,window:264}","{brickface:256,cement:257,foliage:257,grass:257,path:257,sky:257,window:257}","{brickface:2,cement:2,foliage:1,grass:1,path:1,sky:1,window:2}"
2026-07-07T10:28:24.480570+00:00,segment,36,catboost,0,100,1748,80,20,462,7,19,19,,,,,,,,,,,,,,,stratified_labeled_val,7,True,14,15,6.9008,success,,0.8809523809523809,0.8809523809523808,0.8800999471676486,0.3459762847738133,0.9905658314749224,,,,,,,,,,,,"{brickface:15,cement:15,foliage:14,grass:14,path:14,sky:14,window:14}","{brickface:66,cement:66,foliage:66,grass:66,path:66,sky:66,window:66}","{brickface:264,cement:264,foliage:264,grass:264,path:264,sky:264,window:264}","{brickface:249,cement:249,foliage:250,grass:250,path:250,sky:250,window:250}","{brickface:3,cement:3,foliage:3,grass:3,path:2,sky:3,window:3}"
2026-07-07T10:28:31.389238+00:00,segment,36,catboost,0,250,1598,200,50,462,7,19,19,,,,,,,,,,,,,,,stratified_labeled_val,7,True,35,36,11.1519,success,,0.9502164502164502,0.9502164502164502,0.9506126988305844,0.1785996209886521,0.995971620971621,,,,,,,,,,,,"{brickface:36,cement:36,foliage:36,grass:36,path:36,sky:35,window:35}","{brickface:66,cement:66,foliage:66,grass:66,path:66,sky:66,window:66}","{brickface:264,cement:264,foliage:264,grass:264,path:264,sky:264,window:264}","{brickface:228,cement:228,foliage:228,grass:228,path:228,sky:229,window:229}","{brickface:8,cement:7,foliage:7,grass:7,path:7,sky:7,window:7}"
2026-07-07T10:28:42.549463+00:00,segment,36,catboost,0,500,1348,400,100,462,7,19,19,,,,,,,,,,,,,,,stratified_labeled_val,7,True,71,72,13.6476,success,,0.9588744588744588,0.9588744588744588,0.9587849674484172,0.1518597473872901,0.9960809392627574,,,,,,,,,,,,"{brickface:72,cement:72,foliage:72,grass:71,path:71,sky:71,window:71}","{brickface:66,cement:66,foliage:66,grass:66,path:66,sky:66,window:66}","{brickface:264,cement:264,foliage:264,grass:264,path:264,sky:264,window:264}","{brickface:192,cement:192,foliage:192,grass:193,path:193,sky:193,window:193}","{brickface:14,cement:15,foliage:15,grass:14,path:14,sky:14,window:14}"
2026-07-07T10:28:56.203997+00:00,segment,36,catboost,1,50,1798,40,10,462,7,19,19,,,,,,,,,,,,,,,stratified_labeled_val,7,True,7,8,3.4586,success,,0.8354978354978355,0.8354978354978355,0.8348406302816708,0.5348165274943115,0.9753705890069526,,,,,,,,,,,,"{brickface:8,cement:7,foliage:7,grass:7,path:7,sky:7,window:7}","{brickface:66,cement:66,foliage:66,grass:66,path:66,sky:66,window:66}","{brickface:264,cement:264,foliage:264,grass:264,path:264,sky:264,window:264}","{brickface:256,cement:257,foliage:257,grass:257,path:257,sky:257,window:257}","{brickface:2,cement:2,foliage:1,grass:2,path:1,sky:1,window:1}"
2026-07-07T10:28:59.668285+00:00,segment,36,catboost,1,100,1748,80,20,462,7,19,19,,,,,,,,,,,,,,,stratified_labeled_val,7,True,14,15,6.3197,success,,0.8701298701298701,0.8701298701298702,0.8657774576048199,0.369125134256994,0.9886308977218068,,,,,,,,,,,,"{brickface:15,cement:15,foliage:14,grass:14,path:14,sky:14,window:14}","{brickface:66,cement:66,foliage:66,grass:66,path:66,sky:66,window:66}","{brickface:264,cement:264,foliage:264,grass:264,path:264,sky:264,window:264}","{brickface:249,cement:249,foliage:250,grass:250,path:250,sky:250,window:250}","{brickface:3,cement:3,foliage:3,grass:3,path:3,sky:2,window:3}"
2026-07-07T10:29:05.993683+00:00,segment,36,catboost,1,250,1598,200,50,462,7,19,19,,,,,,,,,,,,,,,stratified_labeled_val,7,True,35,36,10.035,success,,0.9285714285714286,0.9285714285714286,0.9293764341968042,0.2429703456918688,0.9929708338799248,,,,,,,,,,,,"{brickface:36,cement:36,foliage:36,grass:36,path:36,sky:35,window:35}","{brickface:66,cement:66,foliage:66,grass:66,path:66,sky:66,window:66}","{brickface:264,cement:264,foliage:264,grass:264,path:264,sky:264,window:264}","{brickface:228,cement:228,foliage:228,grass:228,path:228,sky:229,window:229}","{brickface:7,cement:7,foliage:8,grass:7,path:7,sky:7,window:7}"
2026-07-07T10:29:16.033816+00:00,segment,36,catboost,1,500,1348,400,100,462,7,19,19,,,,,,,,,,,,,,,stratified_labeled_val,7,True,71,72,14.194,success,,0.9523809523809524,0.9523809523809526,0.95283614753377,0.1683840790981687,0.9972998382089292,,,,,,,,,,,,"{brickface:72,cement:72,foliage:72,grass:71,path:71,sky:71,window:71}","{brickface:66,cement:66,foliage:66,grass:66,path:66,sky:66,window:66}","{brickface:264,cement:264,foliage:264,grass:264,path:264,sky:264,window:264}","{brickface:192,cement:192,foliage:192,grass:193,path:193,sky:193,window:193}","{brickface:15,cement:14,foliage:15,grass:14,path:14,sky:14,window:14}"
2026-07-07T10:29:30.234713+00:00,segment,36,catboost,2,50,1798,40,10,462,7,19,19,,,,,,,,,,,,,,,stratified_labeled_val,7,True,7,8,3.4482,success,,0.8701298701298701,0.8701298701298701,0.8678532765633008,0.4986960923714026,0.9802680484498666,,,,,,,,,,,,"{brickface:8,cement:7,foliage:7,grass:7,path:7,sky:7,window:7}","{brickface:66,cement:66,foliage:66,grass:66,path:66,sky:66,window:66}","{brickface:264,cement:264,foliage:264,grass:264,path:264,sky:264,window:264}","{brickface:256,cement:257,foliage:257,grass:257,path:257,sky:257,window:257}","{brickface:2,cement:1,foliage:2,grass:2,path:1,sky:1,window:1}"
2026-07-07T10:29:33.689231+00:00,segment,36,catboost,2,100,1748,80,20,462,7,19,19,,,,,,,,,,,,,,,stratified_labeled_val,7,True,14,15,5.9127,success,,0.9134199134199136,0.9134199134199134,0.9075505865271952,0.3172334840728468,0.9911616161616162,,,,,,,,,,,,"{brickface:15,cement:15,foliage:14,grass:14,path:14,sky:14,window:14}","{brickface:66,cement:66,foliage:66,grass:66,path:66,sky:66,window:66}","{brickface:264,cement:264,foliage:264,grass:264,path:264,sky:264,window:264}","{brickface:249,cement:249,foliage:250,grass:250,path:250,sky:250,window:250}","{brickface:3,cement:3,foliage:2,grass:3,path:3,sky:3,window:3}"
2026-07-07T10:29:39.608392+00:00,segment,36,catboost,2,250,1598,200,50,462,7,19,19,,,,,,,,,,,,,,,stratified_labeled_val,7,True,35,36,10.2206,success,,0.9545454545454546,0.9545454545454544,0.9540417831031284,0.1696885407111795,0.9970101447374172,,,,,,,,,,,,"{brickface:36,cement:36,foliage:36,grass:36,path:36,sky:35,window:35}","{brickface:66,cement:66,foliage:66,grass:66,path:66,sky:66,window:66}","{brickface:264,cement:264,foliage:264,grass:264,path:264,sky:264,window:264}","{brickface:228,cement:228,foliage:228,grass:228,path:228,sky:229,window:229}","{brickface:7,cement:7,foliage:8,grass:7,path:7,sky:7,window:7}"
2026-07-07T10:29:49.835338+00:00,segment,36,catboost,2,500,1348,400,100,462,7,19,19,,,,,,,,,,,,,,,stratified_labeled_val,7,True,71,72,12.949,success,,0.9675324675324676,0.9675324675324676,0.9674711398679696,0.112361560809407,0.9986171236171236,,,,,,,,,,,,"{brickface:72,cement:72,foliage:72,grass:71,path:71,sky:71,window:71}","{brickface:66,cement:66,foliage:66,grass:66,path:66,sky:66,window:66}","{brickface:264,cement:264,foliage:264,grass:264,path:264,sky:264,window:264}","{brickface:192,cement:192,foliage:192,grass:193,path:193,sky:193,window:193}","{brickface:14,cement:15,foliage:15,grass:14,path:14,sky:14,window:14}"
2026-07-07T10:30:02.790733+00:00,segment,36,mlp,0,50,1798,40,10,462,7,19,19,,,,,,,,,,,,,,,stratified_labeled_val,7,True,7,8,0.1807,success,,0.4545454545454545,0.4545454545454546,0.4463397274952826,1.6594576835632324,0.7971107175652631,,,,,,,,,,,,"{brickface:8,cement:7,foliage:7,grass:7,path:7,sky:7,window:7}","{brickface:66,cement:66,foliage:66,grass:66,path:66,sky:66,window:66}","{brickface:264,cement:264,foliage:264,grass:264,path:264,sky:264,window:264}","{brickface:256,cement:257,foliage:257,grass:257,path:257,sky:257,window:257}","{brickface:2,cement:2,foliage:1,grass:1,path:1,sky:1,window:2}"
2026-07-07T10:30:02.978451+00:00,segment,36,mlp,0,100,1748,80,20,462,7,19,19,,,,,,,,,,,,,,,stratified_labeled_val,7,True,14,15,0.1316,success,,0.2099567099567099,0.2099567099567099,0.1797856946877834,1.973116874694824,0.5275318116227208,,,,,,,,,,,,"{brickface:15,cement:15,foliage:14,grass:14,path:14,sky:14,window:14}","{brickface:66,cement:66,foliage:66,grass:66,path:66,sky:66,window:66}","{brickface:264,cement:264,foliage:264,grass:264,path:264,sky:264,window:264}","{brickface:249,cement:249,foliage:250,grass:250,path:250,sky:250,window:250}","{brickface:3,cement:3,foliage:3,grass:3,path:2,sky:3,window:3}"
2026-07-07T10:30:03.117497+00:00,segment,36,mlp,0,250,1598,200,50,462,7,19,19,,,,,,,,,,,,,,,stratified_labeled_val,7,True,35,36,0.2948,success,,0.7337662337662337,0.7337662337662338,0.6982098473470304,0.9757996797561646,0.9556659670296036,,,,,,,,,,,,"{brickface:36,cement:36,foliage:36,grass:36,path:36,sky:35,window:35}","{brickface:66,cement:66,foliage:66,grass:66,path:66,sky:66,window:66}","{brickface:264,cement:264,foliage:264,grass:264,path:264,sky:264,window:264}","{brickface:228,cement:228,foliage:228,grass:228,path:228,sky:229,window:229}","{brickface:8,cement:7,foliage:7,grass:7,path:7,sky:7,window:7}"
2026-07-07T10:30:03.420150+00:00,segment,36,mlp,0,500,1348,400,100,462,7,19,19,,,,,,,,,,,,,,,stratified_labeled_val,7,True,71,72,0.4052,success,,0.8376623376623377,0.8376623376623377,0.830512666868132,0.5740448236465454,0.9755017709563164,,,,,,,,,,,,"{brickface:72,cement:72,foliage:72,grass:71,path:71,sky:71,window:71}","{brickface:66,cement:66,foliage:66,grass:66,path:66,sky:66,window:66}","{brickface:264,cement:264,foliage:264,grass:264,path:264,sky:264,window:264}","{brickface:192,cement:192,foliage:192,grass:193,path:193,sky:193,window:193}","{brickface:14,cement:15,foliage:15,grass:14,path:14,sky:14,window:14}"
2026-07-07T10:30:03.831551+00:00,segment,36,mlp,1,50,1798,40,10,462,7,19,19,,,,,,,,,,,,,,,stratified_labeled_val,7,True,7,8,0.0954,success,,0.1753246753246753,0.1753246753246753,0.0840884195392462,1.8874623775482176,0.6789267130176221,,,,,,,,,,,,"{brickface:8,cement:7,foliage:7,grass:7,path:7,sky:7,window:7}","{brickface:66,cement:66,foliage:66,grass:66,path:66,sky:66,window:66}","{brickface:264,cement:264,foliage:264,grass:264,path:264,sky:264,window:264}","{brickface:256,cement:257,foliage:257,grass:257,path:257,sky:257,window:257}","{brickface:2,cement:2,foliage:1,grass:2,path:1,sky:1,window:1}"
2026-07-07T10:30:03.931772+00:00,segment,36,mlp,1,100,1748,80,20,462,7,19,19,,,,,,,,,,,,,,,stratified_labeled_val,7,True,14,15,0.1118,success,,0.2467532467532467,0.2467532467532467,0.1603838011299045,1.818710803985596,0.7406751497660589,,,,,,,,,,,,"{brickface:15,cement:15,foliage:14,grass:14,path:14,sky:14,window:14}","{brickface:66,cement:66,foliage:66,grass:66,path:66,sky:66,window:66}","{brickface:264,cement:264,foliage:264,grass:264,path:264,sky:264,window:264}","{brickface:249,cement:249,foliage:250,grass:250,path:250,sky:250,window:250}","{brickface:3,cement:3,foliage:3,grass:3,path:3,sky:2,window:3}"
2026-07-07T10:30:04.050729+00:00,segment,36,mlp,1,250,1598,200,50,462,7,19,19,,,,,,,,,,,,,,,stratified_labeled_val,7,True,35,36,0.3234,success,,0.8333333333333334,0.8333333333333334,0.8264931929691354,0.7363925576210022,0.9627005990642354,,,,,,,,,,,,"{brickface:36,cement:36,foliage:36,grass:36,path:36,sky:35,window:35}","{brickface:66,cement:66,foliage:66,grass:66,path:66,sky:66,window:66}","{brickface:264,cement:264,foliage:264,grass:264,path:264,sky:264,window:264}","{brickface:228,cement:228,foliage:228,grass:228,path:228,sky:229,window:229}","{brickface:7,cement:7,foliage:8,grass:7,path:7,sky:7,window:7}"
2026-07-07T10:30:04.382063+00:00,segment,36,mlp,1,500,1348,400,100,462,7,19,19,,,,,,,,,,,,,,,stratified_labeled_val,7,True,71,72,0.3761,success,,0.8614718614718615,0.8614718614718614,0.8618907769885558,0.5822076201438904,0.9741407582316672,,,,,,,,,,,,"{brickface:72,cement:72,foliage:72,grass:71,path:71,sky:71,window:71}","{brickface:66,cement:66,foliage:66,grass:66,path:66,sky:66,window:66}","{brickface:264,cement:264,foliage:264,grass:264,path:264,sky:264,window:264}","{brickface:192,cement:192,foliage:192,grass:193,path:193,sky:193,window:193}","{brickface:15,cement:14,foliage:15,grass:14,path:14,sky:14,window:14}"
2026-07-07T10:30:04.764007+00:00,segment,36,mlp,2,50,1798,40,10,462,7,19,19,,,,,,,,,,,,,,,stratified_labeled_val,7,True,7,8,0.1414,success,,0.6926406926406926,0.6926406926406926,0.6681505479052366,1.3834102153778076,0.9233077528532074,,,,,,,,,,,,"{brickface:8,cement:7,foliage:7,grass:7,path:7,sky:7,window:7}","{brickface:66,cement:66,foliage:66,grass:66,path:66,sky:66,window:66}","{brickface:264,cement:264,foliage:264,grass:264,path:264,sky:264,window:264}","{brickface:256,cement:257,foliage:257,grass:257,path:257,sky:257,window:257}","{brickface:2,cement:1,foliage:2,grass:2,path:1,sky:1,window:1}"
2026-07-07T10:30:04.910877+00:00,segment,36,mlp,2,100,1748,80,20,462,7,19,19,,,,,,,,,,,,,,,stratified_labeled_val,7,True,14,15,0.1456,success,,0.2229437229437229,0.2229437229437229,0.1414203745731343,1.842673420906067,0.7280980803708078,,,,,,,,,,,,"{brickface:15,cement:15,foliage:14,grass:14,path:14,sky:14,window:14}","{brickface:66,cement:66,foliage:66,grass:66,path:66,sky:66,window:66}","{brickface:264,cement:264,foliage:264,grass:264,path:264,sky:264,window:264}","{brickface:249,cement:249,foliage:250,grass:250,path:250,sky:250,window:250}","{brickface:3,cement:3,foliage:2,grass:3,path:3,sky:3,window:3}"
2026-07-07T10:30:05.064371+00:00,segment,36,mlp,2,250,1598,200,50,462,7,19,19,,,,,,,,,,,,,,,stratified_labeled_val,7,True,35,36,0.206,success,,0.7142857142857143,0.7142857142857143,0.6932398933260201,1.3602498769760132,0.9433676592767504,,,,,,,,,,,,"{brickface:36,cement:36,foliage:36,grass:36,path:36,sky:35,window:35}","{brickface:66,cement:66,foliage:66,grass:66,path:66,sky:66,window:66}","{brickface:264,cement:264,foliage:264,grass:264,path:264,sky:264,window:264}","{brickface:228,cement:228,foliage:228,grass:228,path:228,sky:229,window:229}","{brickface:7,cement:7,foliage:8,grass:7,path:7,sky:7,window:7}"
2026-07-07T10:30:05.276432+00:00,segment,36,mlp,2,500,1348,400,100,462,7,19,19,,,,,,,,,,,,,,,stratified_labeled_val,7,True,71,72,0.253,success,,0.7727272727272727,0.7727272727272726,0.7375361916783633,1.1409871578216553,0.9602846648301192,,,,,,,,,,,,"{brickface:72,cement:72,foliage:72,grass:71,path:71,sky:71,window:71}","{brickface:66,cement:66,foliage:66,grass:66,path:66,sky:66,window:66}","{brickface:264,cement:264,foliage:264,grass:264,path:264,sky:264,window:264}","{brickface:192,cement:192,foliage:192,grass:193,path:193,sky:193,window:193}","{brickface:14,cement:15,foliage:15,grass:14,path:14,sky:14,window:14}"
2026-07-07T10:30:05.536925+00:00,segment,36,label_spreading,0,50,1798,40,10,462,7,19,19,,,,,,,,,,,50.0,3.0,1838.0,1798.0,stratified_labeled_val,7,True,7,8,6.9699,success,,0.8051948051948052,0.8051948051948052,0.8033527015294196,0.534536150370205,0.971112641567187,,,,,,,,,,,,"{brickface:8,cement:7,foliage:7,grass:7,path:7,sky:7,window:7}","{brickface:66,cement:66,foliage:66,grass:66,path:66,sky:66,window:66}","{brickface:264,cement:264,foliage:264,grass:264,path:264,sky:264,window:264}","{brickface:256,cement:257,foliage:257,grass:257,path:257,sky:257,window:257}","{brickface:2,cement:2,foliage:1,grass:1,path:1,sky:1,window:2}"
2026-07-07T10:30:12.515356+00:00,segment,36,label_spreading,0,100,1748,80,20,462,7,19,19,,,,,,,,,,,50.0,3.0,1828.0,1748.0,stratified_labeled_val,7,True,14,15,4.1704,success,,0.8441558441558441,0.8441558441558442,0.8392415499858821,0.4863277605134026,0.977185272639818,,,,,,,,,,,,"{brickface:15,cement:15,foliage:14,grass:14,path:14,sky:14,window:14}","{brickface:66,cement:66,foliage:66,grass:66,path:66,sky:66,window:66}","{brickface:264,cement:264,foliage:264,grass:264,path:264,sky:264,window:264}","{brickface:249,cement:249,foliage:250,grass:250,path:250,sky:250,window:250}","{brickface:3,cement:3,foliage:3,grass:3,path:2,sky:3,window:3}"
2026-07-07T10:30:16.692848+00:00,segment,36,label_spreading,0,250,1598,200,50,462,7,19,19,,,,,,,,,,,15.0,1.0,1798.0,1598.0,stratified_labeled_val,7,True,35,36,2.1716,success,,0.8939393939393939,0.8939393939393938,0.8921221700054807,0.7377414767337033,0.9817657090384364,,,,,,,,,,,,"{brickface:36,cement:36,foliage:36,grass:36,path:36,sky:35,window:35}","{brickface:66,cement:66,foliage:66,grass:66,path:66,sky:66,window:66}","{brickface:264,cement:264,foliage:264,grass:264,path:264,sky:264,window:264}","{brickface:228,cement:228,foliage:228,grass:228,path:228,sky:229,window:229}","{brickface:8,cement:7,foliage:7,grass:7,path:7,sky:7,window:7}"
2026-07-07T10:30:18.874287+00:00,segment,36,label_spreading,0,500,1348,400,100,462,7,19,19,,,,,,,,,,,7.0,0.0,1748.0,1348.0,stratified_labeled_val,7,True,71,72,1.0831,success,,0.9134199134199136,0.9134199134199134,0.912012643491135,0.3675453900952437,0.9910659626568716,,,,,,,,,,,,"{brickface:72,cement:72,foliage:72,grass:71,path:71,sky:71,window:71}","{brickface:66,cement:66,foliage:66,grass:66,path:66,sky:66,window:66}","{brickface:264,cement:264,foliage:264,grass:264,path:264,sky:264,window:264}","{brickface:192,cement:192,foliage:192,grass:193,path:193,sky:193,window:193}","{brickface:14,cement:15,foliage:15,grass:14,path:14,sky:14,window:14}"
2026-07-07T10:30:19.981986+00:00,segment,36,label_spreading,1,50,1798,40,10,462,7,19,19,,,,,,,,,,,30.0,2.0,1838.0,1798.0,stratified_labeled_val,7,True,7,8,3.057,success,,0.7229437229437229,0.7229437229437229,0.7196174879335496,2.0322220982739005,0.9160216887489616,,,,,,,,,,,,"{brickface:8,cement:7,foliage:7,grass:7,path:7,sky:7,window:7}","{brickface:66,cement:66,foliage:66,grass:66,path:66,sky:66,window:66}","{brickface:264,cement:264,foliage:264,grass:264,path:264,sky:264,window:264}","{brickface:256,cement:257,foliage:257,grass:257,path:257,sky:257,window:257}","{brickface:2,cement:2,foliage:1,grass:2,path:1,sky:1,window:1}"
2026-07-07T10:30:23.046330+00:00,segment,36,label_spreading,1,100,1748,80,20,462,7,19,19,,,,,,,,,,,30.0,2.0,1828.0,1748.0,stratified_labeled_val,7,True,14,15,3.1025,success,,0.79004329004329,0.79004329004329,0.7861256719951875,0.8167153481870592,0.9615008308190126,,,,,,,,,,,,"{brickface:15,cement:15,foliage:14,grass:14,path:14,sky:14,window:14}","{brickface:66,cement:66,foliage:66,grass:66,path:66,sky:66,window:66}","{brickface:264,cement:264,foliage:264,grass:264,path:264,sky:264,window:264}","{brickface:249,cement:249,foliage:250,grass:250,path:250,sky:250,window:250}","{brickface:3,cement:3,foliage:3,grass:3,path:3,sky:2,window:3}"
2026-07-07T10:30:26.158234+00:00,segment,36,label_spreading,1,250,1598,200,50,462,7,19,19,,,,,,,,,,,15.0,1.0,1798.0,1598.0,stratified_labeled_val,7,True,35,36,2.1118,success,,0.8787878787878788,0.8787878787878788,0.8775859273438184,0.4731091488090391,0.9842089728453366,,,,,,,,,,,,"{brickface:36,cement:36,foliage:36,grass:36,path:36,sky:35,window:35}","{brickface:66,cement:66,foliage:66,grass:66,path:66,sky:66,window:66}","{brickface:264,cement:264,foliage:264,grass:264,path:264,sky:264,window:264}","{brickface:228,cement:228,foliage:228,grass:228,path:228,sky:229,window:229}","{brickface:7,cement:7,foliage:8,grass:7,path:7,sky:7,window:7}"
2026-07-07T10:30:28.277773+00:00,segment,36,label_spreading,1,500,1348,400,100,462,7,19,19,,,,,,,,,,,7.0,0.0,1748.0,1348.0,stratified_labeled_val,7,True,71,72,0.9828,success,,0.9069264069264068,0.9069264069264068,0.9058028085833952,0.5902716732880368,0.9865511172329354,,,,,,,,,,,,"{brickface:72,cement:72,foliage:72,grass:71,path:71,sky:71,window:71}","{brickface:66,cement:66,foliage:66,grass:66,path:66,sky:66,window:66}","{brickface:264,cement:264,foliage:264,grass:264,path:264,sky:264,window:264}","{brickface:192,cement:192,foliage:192,grass:193,path:193,sky:193,window:193}","{brickface:15,cement:14,foliage:15,grass:14,path:14,sky:14,window:14}"
2026-07-07T10:30:29.269812+00:00,segment,36,label_spreading,2,50,1798,40,10,462,7,19,19,,,,,,,,,,,30.0,2.0,1838.0,1798.0,stratified_labeled_val,7,True,7,8,2.9223,success,,0.7489177489177489,0.7489177489177489,0.7369032041311768,0.8175315932425631,0.95799444663081,,,,,,,,,,,,"{brickface:8,cement:7,foliage:7,grass:7,path:7,sky:7,window:7}","{brickface:66,cement:66,foliage:66,grass:66,path:66,sky:66,window:66}","{brickface:264,cement:264,foliage:264,grass:264,path:264,sky:264,window:264}","{brickface:256,cement:257,foliage:257,grass:257,path:257,sky:257,window:257}","{brickface:2,cement:1,foliage:2,grass:2,path:1,sky:1,window:1}"
2026-07-07T10:30:32.199376+00:00,segment,36,label_spreading,2,100,1748,80,20,462,7,19,19,,,,,,,,,,,30.0,2.0,1828.0,1748.0,stratified_labeled_val,7,True,14,15,2.9498,success,,0.8311688311688312,0.8311688311688311,0.8205829823730187,0.6400503475855679,0.9732662119025756,,,,,,,,,,,,"{brickface:15,cement:15,foliage:14,grass:14,path:14,sky:14,window:14}","{brickface:66,cement:66,foliage:66,grass:66,path:66,sky:66,window:66}","{brickface:264,cement:264,foliage:264,grass:264,path:264,sky:264,window:264}","{brickface:249,cement:249,foliage:250,grass:250,path:250,sky:250,window:250}","{brickface:3,cement:3,foliage:2,grass:3,path:3,sky:3,window:3}"
2026-07-07T10:30:35.156002+00:00,segment,36,label_spreading,2,250,1598,200,50,462,7,19,19,,,,,,,,,,,15.0,1.0,1798.0,1598.0,stratified_labeled_val,7,True,35,36,2.1689,success,,0.8939393939393939,0.8939393939393938,0.8921554574540218,0.8139106819821645,0.981418623464078,,,,,,,,,,,,"{brickface:36,cement:36,foliage:36,grass:36,path:36,sky:35,window:35}","{brickface:66,cement:66,foliage:66,grass:66,path:66,sky:66,window:66}","{brickface:264,cement:264,foliage:264,grass:264,path:264,sky:264,window:264}","{brickface:228,cement:228,foliage:228,grass:228,path:228,sky:229,window:229}","{brickface:7,cement:7,foliage:8,grass:7,path:7,sky:7,window:7}"
2026-07-07T10:30:37.333642+00:00,segment,36,label_spreading,2,500,1348,400,100,462,7,19,19,,,,,,,,,,,15.0,1.0,1748.0,1348.0,stratified_labeled_val,7,True,71,72,1.7829,success,,0.8917748917748918,0.8917748917748918,0.8891048756045826,0.4333031611331431,0.98828107919017,,,,,,,,,,,,"{brickface:72,cement:72,foliage:72,grass:71,path:71,sky:71,window:71}","{brickface:66,cement:66,foliage:66,grass:66,path:66,sky:66,window:66}","{brickface:264,cement:264,foliage:264,grass:264,path:264,sky:264,window:264}","{brickface:192,cement:192,foliage:192,grass:193,path:193,sky:193,window:193}","{brickface:14,cement:15,foliage:15,grass:14,path:14,sky:14,window:14}"
2026-07-07T10:30:39.128927+00:00,segment,36,label_propagation,0,50,1798,40,10,462,7,19,19,,,,,,,,,,,50.0,3.0,1838.0,1798.0,stratified_labeled_val,7,True,7,8,6.2053,success,,0.670995670995671,0.670995670995671,0.5784992784992785,0.8064936423522439,0.963832043377498,,,,,,,,,,,,"{brickface:8,cement:7,foliage:7,grass:7,path:7,sky:7,window:7}","{brickface:66,cement:66,foliage:66,grass:66,path:66,sky:66,window:66}","{brickface:264,cement:264,foliage:264,grass:264,path:264,sky:264,window:264}","{brickface:256,cement:257,foliage:257,grass:257,path:257,sky:257,window:257}","{brickface:2,cement:2,foliage:1,grass:1,path:1,sky:1,window:2}"
2026-07-07T10:30:45.355100+00:00,segment,36,label_propagation,0,100,1748,80,20,462,7,19,19,,,,,,,,,,,50.0,3.0,1828.0,1748.0,stratified_labeled_val,7,True,14,15,4.872,success,,0.7380952380952381,0.738095238095238,0.7076967416502965,0.6273613087474411,0.9741134286588832,,,,,,,,,,,,"{brickface:15,cement:15,foliage:14,grass:14,path:14,sky:14,window:14}","{brickface:66,cement:66,foliage:66,grass:66,path:66,sky:66,window:66}","{brickface:264,cement:264,foliage:264,grass:264,path:264,sky:264,window:264}","{brickface:249,cement:249,foliage:250,grass:250,path:250,sky:250,window:250}","{brickface:3,cement:3,foliage:3,grass:3,path:2,sky:3,window:3}"
2026-07-07T10:30:50.236352+00:00,segment,36,label_propagation,0,250,1598,200,50,462,7,19,19,,,,,,,,,,,15.0,1.0,1798.0,1598.0,stratified_labeled_val,7,True,35,36,2.3743,success,,0.8787878787878788,0.8787878787878788,0.8754449219536397,0.4878057023853454,0.9838236258690805,,,,,,,,,,,,"{brickface:36,cement:36,foliage:36,grass:36,path:36,sky:35,window:35}","{brickface:66,cement:66,foliage:66,grass:66,path:66,sky:66,window:66}","{brickface:264,cement:264,foliage:264,grass:264,path:264,sky:264,window:264}","{brickface:228,cement:228,foliage:228,grass:228,path:228,sky:229,window:229}","{brickface:8,cement:7,foliage:7,grass:7,path:7,sky:7,window:7}"
2026-07-07T10:30:52.645363+00:00,segment,36,label_propagation,0,500,1348,400,100,462,7,19,19,,,,,,,,,,,7.0,0.0,1748.0,1348.0,stratified_labeled_val,7,True,71,72,1.1546,success,,0.9069264069264068,0.9069264069264068,0.9047919985773936,0.3998086639208555,0.9901422230967684,,,,,,,,,,,,"{brickface:72,cement:72,foliage:72,grass:71,path:71,sky:71,window:71}","{brickface:66,cement:66,foliage:66,grass:66,path:66,sky:66,window:66}","{brickface:264,cement:264,foliage:264,grass:264,path:264,sky:264,window:264}","{brickface:192,cement:192,foliage:192,grass:193,path:193,sky:193,window:193}","{brickface:14,cement:15,foliage:15,grass:14,path:14,sky:14,window:14}"
2026-07-07T10:30:53.811618+00:00,segment,36,label_propagation,1,50,1798,40,10,462,7,19,19,,,,,,,,,,,30.0,2.0,1838.0,1798.0,stratified_labeled_val,7,True,7,8,4.4072,success,,0.6082251082251082,0.6082251082251082,0.5772911042439064,1.1208807457991958,0.8982520005247279,,,,,,,,,,,,"{brickface:8,cement:7,foliage:7,grass:7,path:7,sky:7,window:7}","{brickface:66,cement:66,foliage:66,grass:66,path:66,sky:66,window:66}","{brickface:264,cement:264,foliage:264,grass:264,path:264,sky:264,window:264}","{brickface:256,cement:257,foliage:257,grass:257,path:257,sky:257,window:257}","{brickface:2,cement:2,foliage:1,grass:2,path:1,sky:1,window:1}"
2026-07-07T10:30:58.228726+00:00,segment,36,label_propagation,1,100,1748,80,20,462,7,19,19,,,,,,,,,,,30.0,2.0,1828.0,1748.0,stratified_labeled_val,7,True,14,15,4.1082,success,,0.7424242424242424,0.7424242424242424,0.7292520761738696,0.8877380655101684,0.9492271196816652,,,,,,,,,,,,"{brickface:15,cement:15,foliage:14,grass:14,path:14,sky:14,window:14}","{brickface:66,cement:66,foliage:66,grass:66,path:66,sky:66,window:66}","{brickface:264,cement:264,foliage:264,grass:264,path:264,sky:264,window:264}","{brickface:249,cement:249,foliage:250,grass:250,path:250,sky:250,window:250}","{brickface:3,cement:3,foliage:3,grass:3,path:3,sky:2,window:3}"
2026-07-07T10:31:02.346122+00:00,segment,36,label_propagation,1,250,1598,200,50,462,7,19,19,,,,,,,,,,,15.0,1.0,1798.0,1598.0,stratified_labeled_val,7,True,35,36,2.6165,success,,0.8398268398268398,0.8398268398268398,0.835139781837495,0.5454295648079488,0.9792787179150816,,,,,,,,,,,,"{brickface:36,cement:36,foliage:36,grass:36,path:36,sky:35,window:35}","{brickface:66,cement:66,foliage:66,grass:66,path:66,sky:66,window:66}","{brickface:264,cement:264,foliage:264,grass:264,path:264,sky:264,window:264}","{brickface:228,cement:228,foliage:228,grass:228,path:228,sky:229,window:229}","{brickface:7,cement:7,foliage:8,grass:7,path:7,sky:7,window:7}"
2026-07-07T10:31:04.972246+00:00,segment,36,label_propagation,1,500,1348,400,100,462,7,19,19,,,,,,,,,,,7.0,0.0,1748.0,1348.0,stratified_labeled_val,7,True,71,72,1.2679,success,,0.9025974025974026,0.9025974025974026,0.9016480846364,0.5525243415577693,0.9865073899164808,,,,,,,,,,,,"{brickface:72,cement:72,foliage:72,grass:71,path:71,sky:71,window:71}","{brickface:66,cement:66,foliage:66,grass:66,path:66,sky:66,window:66}","{brickface:264,cement:264,foliage:264,grass:264,path:264,sky:264,window:264}","{brickface:192,cement:192,foliage:192,grass:193,path:193,sky:193,window:193}","{brickface:15,cement:14,foliage:15,grass:14,path:14,sky:14,window:14}"
2026-07-07T10:31:06.250368+00:00,segment,36,label_propagation,2,50,1798,40,10,462,7,19,19,,,,,,,,,,,30.0,2.0,1838.0,1798.0,stratified_labeled_val,7,True,7,8,4.5012,success,,0.6774891774891775,0.6774891774891775,0.648876722981428,0.8189286372037046,0.9468877082513448,,,,,,,,,,,,"{brickface:8,cement:7,foliage:7,grass:7,path:7,sky:7,window:7}","{brickface:66,cement:66,foliage:66,grass:66,path:66,sky:66,window:66}","{brickface:264,cement:264,foliage:264,grass:264,path:264,sky:264,window:264}","{brickface:256,cement:257,foliage:257,grass:257,path:257,sky:257,window:257}","{brickface:2,cement:1,foliage:2,grass:2,path:1,sky:1,window:1}"
2026-07-07T10:31:10.760062+00:00,segment,36,label_propagation,2,100,1748,80,20,462,7,19,19,,,,,,,,,,,15.0,1.0,1828.0,1748.0,stratified_labeled_val,7,True,14,15,2.9509,success,,0.8138528138528138,0.8138528138528137,0.8019593399166361,0.8871513933166028,0.9654417552144824,,,,,,,,,,,,"{brickface:15,cement:15,foliage:14,grass:14,path:14,sky:14,window:14}","{brickface:66,cement:66,foliage:66,grass:66,path:66,sky:66,window:66}","{brickface:264,cement:264,foliage:264,grass:264,path:264,sky:264,window:264}","{brickface:249,cement:249,foliage:250,grass:250,path:250,sky:250,window:250}","{brickface:3,cement:3,foliage:2,grass:3,path:3,sky:3,window:3}"
2026-07-07T10:31:13.722691+00:00,segment,36,label_propagation,2,250,1598,200,50,462,7,19,19,,,,,,,,,,,15.0,1.0,1798.0,1598.0,stratified_labeled_val,7,True,35,36,3.4127,success,,0.854978354978355,0.854978354978355,0.8507807886177288,0.8152984275268008,0.9782620578075124,,,,,,,,,,,,"{brickface:36,cement:36,foliage:36,grass:36,path:36,sky:35,window:35}","{brickface:66,cement:66,foliage:66,grass:66,path:66,sky:66,window:66}","{brickface:264,cement:264,foliage:264,grass:264,path:264,sky:264,window:264}","{brickface:228,cement:228,foliage:228,grass:228,path:228,sky:229,window:229}","{brickface:7,cement:7,foliage:8,grass:7,path:7,sky:7,window:7}"
2026-07-07T10:31:17.145910+00:00,segment,36,label_propagation,2,500,1348,400,100,462,7,19,19,,,,,,,,,,,15.0,1.0,1748.0,1348.0,stratified_labeled_val,7,True,71,72,2.1703,success,,0.8874458874458875,0.8874458874458874,0.8842375432777306,0.413943491441752,0.9874119987756352,,,,,,,,,,,,"{brickface:72,cement:72,foliage:72,grass:71,path:71,sky:71,window:71}","{brickface:66,cement:66,foliage:66,grass:66,path:66,sky:66,window:66}","{brickface:264,cement:264,foliage:264,grass:264,path:264,sky:264,window:264}","{brickface:192,cement:192,foliage:192,grass:193,path:193,sky:193,window:193}","{brickface:14,cement:15,foliage:15,grass:14,path:14,sky:14,window:14}"
2026-07-07T10:31:19.325731+00:00,segment,36,self_training_lr,0,50,1798,40,10,462,7,19,19,601.0,5.0,5.0,"{0: 49, 1: 15, 2: 17, 3: 260, 4: 32, 5: 263, 6: 5}",0.3342602892102336,0.9750788218764814,0.9500069618225098,0.9999996423721312,,max_iter,,,,,stratified_labeled_val,7,True,7,8,0.2734,success,,0.7597402597402597,0.7597402597402597,0.7469182933215979,0.6948955655097961,0.9496807905898816,,,,,,,,,,,,"{brickface:8,cement:7,foliage:7,grass:7,path:7,sky:7,window:7}","{brickface:66,cement:66,foliage:66,grass:66,path:66,sky:66,window:66}","{brickface:264,cement:264,foliage:264,grass:264,path:264,sky:264,window:264}","{brickface:256,cement:257,foliage:257,grass:257,path:257,sky:257,window:257}","{brickface:2,cement:2,foliage:1,grass:1,path:1,sky:1,window:2}"
2026-07-07T10:31:19.604360+00:00,segment,36,self_training_lr,0,100,1748,80,20,462,7,19,19,602.0,16.0,5.0,"{0: 38, 1: 30, 2: 21, 3: 257, 4: 64, 5: 261, 6: 11}",0.3443935926773455,0.9724107004479317,0.9500948786735536,0.9999998807907104,,max_iter,,,,,stratified_labeled_val,7,True,14,15,0.3626,success,,0.8636363636363636,0.8636363636363636,0.8594082966519941,0.4953211545944214,0.9739439853076216,,,,,,,,,,,,"{brickface:15,cement:15,foliage:14,grass:14,path:14,sky:14,window:14}","{brickface:66,cement:66,foliage:66,grass:66,path:66,sky:66,window:66}","{brickface:264,cement:264,foliage:264,grass:264,path:264,sky:264,window:264}","{brickface:249,cement:249,foliage:250,grass:250,path:250,sky:250,window:250}","{brickface:3,cement:3,foliage:3,grass:3,path:2,sky:3,window:3}"
2026-07-07T10:31:19.974272+00:00,segment,36,self_training_lr,0,250,1598,200,50,462,7,19,19,774.0,43.0,5.0,"{0: 111, 1: 38, 2: 72, 3: 253, 4: 215, 5: 257, 6: 28}",0.4843554443053817,0.9765927421184164,0.9501188397407532,0.9983848333358764,,max_iter,,,,,stratified_labeled_val,7,True,35,36,0.4715,success,,0.9025974025974026,0.9025974025974026,0.8995290895031504,0.3487697541713714,0.9850616555162012,,,,,,,,,,,,"{brickface:36,cement:36,foliage:36,grass:36,path:36,sky:35,window:35}","{brickface:66,cement:66,foliage:66,grass:66,path:66,sky:66,window:66}","{brickface:264,cement:264,foliage:264,grass:264,path:264,sky:264,window:264}","{brickface:228,cement:228,foliage:228,grass:228,path:228,sky:229,window:229}","{brickface:8,cement:7,foliage:7,grass:7,path:7,sky:7,window:7}"
2026-07-07T10:31:20.451657+00:00,segment,36,self_training_lr,0,500,1348,400,100,462,7,19,19,674.0,39.0,4.0,"{0: 161, 1: 102, 2: 81, 3: 246, 4: 175, 5: 250, 6: 59}",0.5,0.9824609237361024,0.950039803981781,0.9999995231628418,,max_total_pseudo_fraction,,,,,stratified_labeled_val,7,True,71,72,0.4861,success,,0.9112554112554112,0.9112554112554112,0.9097865336209232,0.3056187927722931,0.9875595784686694,,,,,,,,,,,,"{brickface:72,cement:72,foliage:72,grass:71,path:71,sky:71,window:71}","{brickface:66,cement:66,foliage:66,grass:66,path:66,sky:66,window:66}","{brickface:264,cement:264,foliage:264,grass:264,path:264,sky:264,window:264}","{brickface:192,cement:192,foliage:192,grass:193,path:193,sky:193,window:193}","{brickface:14,cement:15,foliage:15,grass:14,path:14,sky:14,window:14}"
2026-07-07T10:31:20.944003+00:00,segment,36,self_training_lr,1,50,1798,40,10,462,7,19,19,627.0,26.0,5.0,"{0: 45, 1: 20, 2: 7, 3: 261, 4: 65, 5: 263, 6: 6}",0.3487208008898776,0.9725072176642776,0.9501022100448608,0.9999006986618042,,max_iter,,,,,stratified_labeled_val,7,True,7,8,0.3367,success,,0.7922077922077922,0.7922077922077922,0.7831357035711081,0.6846867799758911,0.955277887096069,,,,,,,,,,,,"{brickface:8,cement:7,foliage:7,grass:7,path:7,sky:7,window:7}","{brickface:66,cement:66,foliage:66,grass:66,path:66,sky:66,window:66}","{brickface:264,cement:264,foliage:264,grass:264,path:264,sky:264,window:264}","{brickface:256,cement:257,foliage:257,grass:257,path:257,sky:257,window:257}","{brickface:2,cement:2,foliage:1,grass:2,path:1,sky:1,window:1}"
2026-07-07T10:31:21.286155+00:00,segment,36,self_training_lr,1,100,1748,80,20,462,7,19,19,612.0,17.0,5.0,"{0: 60, 1: 43, 2: 17, 3: 260, 4: 39, 5: 262, 6: 11}",0.3501144164759725,0.977398472771146,0.9500418305397034,0.999508500099182,,max_iter,,,,,stratified_labeled_val,7,True,14,15,0.332,success,,0.8246753246753247,0.8246753246753248,0.8174583307829001,0.588890552520752,0.962809917355372,,,,,,,,,,,,"{brickface:15,cement:15,foliage:14,grass:14,path:14,sky:14,window:14}","{brickface:66,cement:66,foliage:66,grass:66,path:66,sky:66,window:66}","{brickface:264,cement:264,foliage:264,grass:264,path:264,sky:264,window:264}","{brickface:249,cement:249,foliage:250,grass:250,path:250,sky:250,window:250}","{brickface:3,cement:3,foliage:3,grass:3,path:3,sky:2,window:3}"
2026-07-07T10:31:21.623278+00:00,segment,36,self_training_lr,1,250,1598,200,50,462,7,19,19,799.0,36.0,5.0,"{0: 135, 1: 38, 2: 98, 3: 256, 4: 170, 5: 257, 6: 45}",0.5,0.9766087043419648,0.950031280517578,0.9993081092834472,,max_total_pseudo_fraction,,,,,stratified_labeled_val,7,True,35,36,0.3045,success,,0.8961038961038961,0.8961038961038961,0.8969131749698455,0.3955023884773254,0.9794973544973544,,,,,,,,,,,,"{brickface:36,cement:36,foliage:36,grass:36,path:36,sky:35,window:35}","{brickface:66,cement:66,foliage:66,grass:66,path:66,sky:66,window:66}","{brickface:264,cement:264,foliage:264,grass:264,path:264,sky:264,window:264}","{brickface:228,cement:228,foliage:228,grass:228,path:228,sky:229,window:229}","{brickface:7,cement:7,foliage:8,grass:7,path:7,sky:7,window:7}"
2026-07-07T10:31:21.934836+00:00,segment,36,self_training_lr,1,500,1348,400,100,462,7,19,19,674.0,40.0,4.0,"{0: 159, 1: 78, 2: 93, 3: 247, 4: 179, 5: 250, 6: 68}",0.5,0.9821794510595168,0.9500804543495178,0.9987014532089232,,max_total_pseudo_fraction,,,,,stratified_labeled_val,7,True,71,72,0.3165,success,,0.9134199134199136,0.9134199134199134,0.9149234446123274,0.3218339383602142,0.9853458830731556,,,,,,,,,,,,"{brickface:72,cement:72,foliage:72,grass:71,path:71,sky:71,window:71}","{brickface:66,cement:66,foliage:66,grass:66,path:66,sky:66,window:66}","{brickface:264,cement:264,foliage:264,grass:264,path:264,sky:264,window:264}","{brickface:192,cement:192,foliage:192,grass:193,path:193,sky:193,window:193}","{brickface:15,cement:14,foliage:15,grass:14,path:14,sky:14,window:14}"
2026-07-07T10:31:22.257152+00:00,segment,36,self_training_lr,2,50,1798,40,10,462,7,19,19,582.0,4.0,5.0,"{0: 52, 1: 16, 2: 5, 3: 260, 4: 8, 5: 263, 6: 18}",0.3236929922135706,0.9734216500393712,0.950038492679596,0.99755197763443,,max_iter,,,,,stratified_labeled_val,7,True,7,8,0.1944,success,,0.7662337662337663,0.7662337662337662,0.7533828397692666,0.6849799752235413,0.9453463203463204,,,,,,,,,,,,"{brickface:8,cement:7,foliage:7,grass:7,path:7,sky:7,window:7}","{brickface:66,cement:66,foliage:66,grass:66,path:66,sky:66,window:66}","{brickface:264,cement:264,foliage:264,grass:264,path:264,sky:264,window:264}","{brickface:256,cement:257,foliage:257,grass:257,path:257,sky:257,window:257}","{brickface:2,cement:1,foliage:2,grass:2,path:1,sky:1,window:1}"
2026-07-07T10:31:22.456534+00:00,segment,36,self_training_lr,2,100,1748,80,20,462,7,19,19,716.0,37.0,5.0,"{0: 56, 1: 47, 2: 12, 3: 259, 4: 150, 5: 261, 6: 11}",0.4096109839816934,0.9728795332449108,0.9502428770065308,0.9989848732948304,,max_iter,,,,,stratified_labeled_val,7,True,14,15,0.3489,success,,0.8354978354978355,0.8354978354978356,0.8266514721119511,0.4773315489292145,0.9738018715291442,,,,,,,,,,,,"{brickface:15,cement:15,foliage:14,grass:14,path:14,sky:14,window:14}","{brickface:66,cement:66,foliage:66,grass:66,path:66,sky:66,window:66}","{brickface:264,cement:264,foliage:264,grass:264,path:264,sky:264,window:264}","{brickface:249,cement:249,foliage:250,grass:250,path:250,sky:250,window:250}","{brickface:3,cement:3,foliage:2,grass:3,path:3,sky:3,window:3}"
2026-07-07T10:31:22.812601+00:00,segment,36,self_training_lr,2,250,1598,200,50,462,7,19,19,756.0,30.0,5.0,"{0: 96, 1: 48, 2: 65, 3: 253, 4: 195, 5: 257, 6: 42}",0.4730913642052565,0.9781479103855356,0.950388729572296,0.9989571571350098,,max_iter,,,,,stratified_labeled_val,7,True,35,36,0.4272,success,,0.9025974025974026,0.9025974025974026,0.9012027227684168,0.2963491082191467,0.9885762385762386,,,,,,,,,,,,"{brickface:36,cement:36,foliage:36,grass:36,path:36,sky:35,window:35}","{brickface:66,cement:66,foliage:66,grass:66,path:66,sky:66,window:66}","{brickface:264,cement:264,foliage:264,grass:264,path:264,sky:264,window:264}","{brickface:228,cement:228,foliage:228,grass:228,path:228,sky:229,window:229}","{brickface:7,cement:7,foliage:8,grass:7,path:7,sky:7,window:7}"
2026-07-07T10:31:23.245132+00:00,segment,36,self_training_lr,2,500,1348,400,100,462,7,19,19,642.0,23.0,5.0,"{0: 143, 1: 81, 2: 78, 3: 246, 4: 187, 5: 250, 6: 57}",0.4762611275964392,0.9817529990108586,0.950047492980957,1.0,,max_iter,,,,,stratified_labeled_val,7,True,71,72,0.5991,success,,0.9264069264069263,0.9264069264069263,0.9262787128276776,0.2542280256748199,0.9905330359875814,,,,,,,,,,,,"{brickface:72,cement:72,foliage:72,grass:71,path:71,sky:71,window:71}","{brickface:66,cement:66,foliage:66,grass:66,path:66,sky:66,window:66}","{brickface:264,cement:264,foliage:264,grass:264,path:264,sky:264,window:264}","{brickface:192,cement:192,foliage:192,grass:193,path:193,sky:193,window:193}","{brickface:14,cement:15,foliage:15,grass:14,path:14,sky:14,window:14}"
2026-07-07T10:31:23.854072+00:00,segment,36,self_training_xgboost,0,50,1798,40,10,462,7,19,19,220.0,148.0,3.0,"{0: 53, 1: 5, 2: 96, 3: 38, 4: 57, 5: 6, 6: 5}",0.1223581757508342,0.965596720034426,0.95024836063385,0.997060000896454,,max_iter,,,,,stratified_labeled_val,7,True,7,8,12.9248,success,,0.7077922077922078,0.7077922077922078,0.6987099664657804,0.820013701915741,0.940618304254668,,,,,,,,,,,,"{brickface:8,cement:7,foliage:7,grass:7,path:7,sky:7,window:7}","{brickface:66,cement:66,foliage:66,grass:66,path:66,sky:66,window:66}","{brickface:264,cement:264,foliage:264,grass:264,path:264,sky:264,window:264}","{brickface:256,cement:257,foliage:257,grass:257,path:257,sky:257,window:257}","{brickface:2,cement:2,foliage:1,grass:1,path:1,sky:1,window:2}"
2026-07-07T10:31:36.789010+00:00,segment,36,self_training_xgboost,0,100,1748,80,20,462,7,19,19,854.0,224.0,3.0,"{0: 179, 1: 22, 2: 140, 3: 232, 4: 129, 5: 181, 6: 51}",0.488558352402746,0.9828376606002066,0.95941823720932,0.9971822500228882,,max_iter,,,,,stratified_labeled_val,7,True,14,15,16.9854,success,,0.854978354978355,0.8549783549783551,0.8520839606612342,0.5598705410957336,0.9722878131969042,,,,,,,,,,,,"{brickface:15,cement:15,foliage:14,grass:14,path:14,sky:14,window:14}","{brickface:66,cement:66,foliage:66,grass:66,path:66,sky:66,window:66}","{brickface:264,cement:264,foliage:264,grass:264,path:264,sky:264,window:264}","{brickface:249,cement:249,foliage:250,grass:250,path:250,sky:250,window:250}","{brickface:3,cement:3,foliage:3,grass:3,path:2,sky:3,window:3}"
2026-07-07T10:31:53.784366+00:00,segment,36,self_training_xgboost,0,250,1598,200,50,462,7,19,19,781.0,205.0,3.0,"{0: 191, 1: 65, 2: 148, 3: 244, 4: 176, 5: 103, 6: 54}",0.4887359198998748,0.9926173666375242,0.9876197576522828,0.9985815286636353,,max_iter,,,,,stratified_labeled_val,7,True,35,36,19.0545,success,,0.9090909090909092,0.9090909090909092,0.911509238878234,0.2821768820285797,0.991850321395776,,,,,,,,,,,,"{brickface:36,cement:36,foliage:36,grass:36,path:36,sky:35,window:35}","{brickface:66,cement:66,foliage:66,grass:66,path:66,sky:66,window:66}","{brickface:264,cement:264,foliage:264,grass:264,path:264,sky:264,window:264}","{brickface:228,cement:228,foliage:228,grass:228,path:228,sky:229,window:229}","{brickface:8,cement:7,foliage:7,grass:7,path:7,sky:7,window:7}"
2026-07-07T10:32:12.848418+00:00,segment,36,self_training_xgboost,0,500,1348,400,100,462,7,19,19,659.0,173.0,3.0,"{0: 216, 1: 102, 2: 141, 3: 133, 4: 172, 5: 193, 6: 102}",0.4888724035608308,0.9962554897813406,0.994580328464508,0.9995379447937012,,max_iter,,,,,stratified_labeled_val,7,True,71,72,21.2395,success,,0.9567099567099568,0.9567099567099568,0.95659314715955,0.1328674703836441,0.9973818269272814,,,,,,,,,,,,"{brickface:72,cement:72,foliage:72,grass:71,path:71,sky:71,window:71}","{brickface:66,cement:66,foliage:66,grass:66,path:66,sky:66,window:66}","{brickface:264,cement:264,foliage:264,grass:264,path:264,sky:264,window:264}","{brickface:192,cement:192,foliage:192,grass:193,path:193,sky:193,window:193}","{brickface:14,cement:15,foliage:15,grass:14,path:14,sky:14,window:14}"
2026-07-07T10:32:34.103739+00:00,segment,36,self_training_xgboost,1,50,1798,40,10,462,7,19,19,472.0,127.0,3.0,"{0: 118, 1: 5, 2: 203, 3: 41, 4: 11, 5: 10, 6: 124}",0.2625139043381535,0.9753133188617432,0.9500744342803956,0.9982662796974182,,max_iter,,,,,stratified_labeled_val,7,True,7,8,12.392,success,,0.7727272727272727,0.7727272727272727,0.7741139937677636,0.8624608516693115,0.9339225589225588,,,,,,,,,,,,"{brickface:8,cement:7,foliage:7,grass:7,path:7,sky:7,window:7}","{brickface:66,cement:66,foliage:66,grass:66,path:66,sky:66,window:66}","{brickface:264,cement:264,foliage:264,grass:264,path:264,sky:264,window:264}","{brickface:256,cement:257,foliage:257,grass:257,path:257,sky:257,window:257}","{brickface:2,cement:2,foliage:1,grass:2,path:1,sky:1,window:1}"
2026-07-07T10:32:46.511645+00:00,segment,36,self_training_xgboost,1,100,1748,80,20,462,7,19,19,854.0,224.0,3.0,"{0: 168, 1: 29, 2: 109, 3: 207, 4: 112, 5: 250, 6: 59}",0.488558352402746,0.9859029012764924,0.9674860239028932,0.9984627962112428,,max_iter,,,,,stratified_labeled_val,7,True,14,15,18.6402,success,,0.854978354978355,0.8549783549783551,0.8546685363816825,0.5368586778640747,0.972287813196904,,,,,,,,,,,,"{brickface:15,cement:15,foliage:14,grass:14,path:14,sky:14,window:14}","{brickface:66,cement:66,foliage:66,grass:66,path:66,sky:66,window:66}","{brickface:264,cement:264,foliage:264,grass:264,path:264,sky:264,window:264}","{brickface:249,cement:249,foliage:250,grass:250,path:250,sky:250,window:250}","{brickface:3,cement:3,foliage:3,grass:3,path:3,sky:2,window:3}"
2026-07-07T10:33:05.167083+00:00,segment,36,self_training_xgboost,1,250,1598,200,50,462,7,19,19,781.0,205.0,3.0,"{0: 179, 1: 67, 2: 149, 3: 233, 4: 141, 5: 142, 6: 70}",0.4887359198998748,0.9933018646991209,0.9887661337852478,0.9987748265266418,,max_iter,,,,,stratified_labeled_val,7,True,35,36,18.2784,success,,0.9025974025974026,0.9025974025974024,0.9024736806777476,0.3146490454673767,0.9900411036774672,,,,,,,,,,,,"{brickface:36,cement:36,foliage:36,grass:36,path:36,sky:35,window:35}","{brickface:66,cement:66,foliage:66,grass:66,path:66,sky:66,window:66}","{brickface:264,cement:264,foliage:264,grass:264,path:264,sky:264,window:264}","{brickface:228,cement:228,foliage:228,grass:228,path:228,sky:229,window:229}","{brickface:7,cement:7,foliage:8,grass:7,path:7,sky:7,window:7}"
2026-07-07T10:33:23.455470+00:00,segment,36,self_training_xgboost,1,500,1348,400,100,462,7,19,19,659.0,173.0,3.0,"{0: 166, 1: 106, 2: 154, 3: 207, 4: 152, 5: 192, 6: 82}",0.4888724035608308,0.996109763208398,0.9941451549530028,0.999479591846466,,max_iter,,,,,stratified_labeled_val,7,True,71,72,21.4459,success,,0.945887445887446,0.945887445887446,0.9459832846237498,0.1876570284366607,0.9961192006646552,,,,,,,,,,,,"{brickface:72,cement:72,foliage:72,grass:71,path:71,sky:71,window:71}","{brickface:66,cement:66,foliage:66,grass:66,path:66,sky:66,window:66}","{brickface:264,cement:264,foliage:264,grass:264,path:264,sky:264,window:264}","{brickface:192,cement:192,foliage:192,grass:193,path:193,sky:193,window:193}","{brickface:15,cement:14,foliage:15,grass:14,path:14,sky:14,window:14}"
2026-07-07T10:33:44.918542+00:00,segment,36,self_training_xgboost,2,50,1798,40,10,462,7,19,19,467.0,128.0,3.0,"{0: 201, 1: 7, 2: 63, 3: 8, 4: 204, 5: 16, 6: 8}",0.2597330367074527,0.972824845630556,0.9500812292099,0.9969182014465332,,max_iter,,,,,stratified_labeled_val,7,True,7,8,10.8417,success,,0.7987012987012987,0.7987012987012988,0.7887289930920167,0.6398258209228516,0.9640561458743278,,,,,,,,,,,,"{brickface:8,cement:7,foliage:7,grass:7,path:7,sky:7,window:7}","{brickface:66,cement:66,foliage:66,grass:66,path:66,sky:66,window:66}","{brickface:264,cement:264,foliage:264,grass:264,path:264,sky:264,window:264}","{brickface:256,cement:257,foliage:257,grass:257,path:257,sky:257,window:257}","{brickface:2,cement:1,foliage:2,grass:2,path:1,sky:1,window:1}"
2026-07-07T10:33:55.775796+00:00,segment,36,self_training_xgboost,2,100,1748,80,20,462,7,19,19,854.0,224.0,3.0,"{0: 197, 1: 45, 2: 113, 3: 220, 4: 103, 5: 238, 6: 18}",0.488558352402746,0.9832455922764414,0.9626264572143556,0.9977362155914308,,max_iter,,,,,stratified_labeled_val,7,True,14,15,15.1087,success,,0.8896103896103896,0.8896103896103895,0.8863390760672436,0.4266732633113861,0.9836569154750974,,,,,,,,,,,,"{brickface:15,cement:15,foliage:14,grass:14,path:14,sky:14,window:14}","{brickface:66,cement:66,foliage:66,grass:66,path:66,sky:66,window:66}","{brickface:264,cement:264,foliage:264,grass:264,path:264,sky:264,window:264}","{brickface:249,cement:249,foliage:250,grass:250,path:250,sky:250,window:250}","{brickface:3,cement:3,foliage:2,grass:3,path:3,sky:3,window:3}"
2026-07-07T10:34:10.893783+00:00,segment,36,self_training_xgboost,2,250,1598,200,50,462,7,19,19,781.0,205.0,3.0,"{0: 193, 1: 51, 2: 94, 3: 179, 4: 198, 5: 190, 6: 76}",0.4887359198998748,0.9929350964849036,0.9874323606491088,0.9991232752799988,,max_iter,,,,,stratified_labeled_val,7,True,35,36,14.3975,success,,0.9069264069264068,0.906926406926407,0.9080335793049422,0.2495817095041275,0.9934190388735844,,,,,,,,,,,,"{brickface:36,cement:36,foliage:36,grass:36,path:36,sky:35,window:35}","{brickface:66,cement:66,foliage:66,grass:66,path:66,sky:66,window:66}","{brickface:264,cement:264,foliage:264,grass:264,path:264,sky:264,window:264}","{brickface:228,cement:228,foliage:228,grass:228,path:228,sky:229,window:229}","{brickface:7,cement:7,foliage:8,grass:7,path:7,sky:7,window:7}"
2026-07-07T10:34:25.300970+00:00,segment,36,self_training_xgboost,2,500,1348,400,100,462,7,19,19,659.0,173.0,3.0,"{0: 184, 1: 138, 2: 116, 3: 84, 4: 186, 5: 237, 6: 114}",0.4888724035608308,0.9959175068438504,0.994090735912323,0.9990054965019226,,max_iter,,,,,stratified_labeled_val,7,True,71,72,18.8082,success,,0.9653679653679652,0.9653679653679654,0.965186584422293,0.1196494475007057,0.9980104071013162,,,,,,,,,,,,"{brickface:72,cement:72,foliage:72,grass:71,path:71,sky:71,window:71}","{brickface:66,cement:66,foliage:66,grass:66,path:66,sky:66,window:66}","{brickface:264,cement:264,foliage:264,grass:264,path:264,sky:264,window:264}","{brickface:192,cement:192,foliage:192,grass:193,path:193,sky:193,window:193}","{brickface:14,cement:15,foliage:15,grass:14,path:14,sky:14,window:14}"
2026-07-07T10:34:44.127988+00:00,segment,36,self_training_lightgbm,0,50,1798,40,10,462,7,19,19,0.0,0.0,0.0,"{0: 6, 1: 5, 2: 6, 3: 6, 4: 6, 5: 6, 6: 5}",0.0,,,,,no_candidates,,,,,stratified_labeled_val,7,True,7,8,0.7873,success,,0.3939393939393939,0.3939393939393939,0.31674820195075,1.7816050795888854,0.7499016135379772,,,,,,,,,,,,"{brickface:8,cement:7,foliage:7,grass:7,path:7,sky:7,window:7}","{brickface:66,cement:66,foliage:66,grass:66,path:66,sky:66,window:66}","{brickface:264,cement:264,foliage:264,grass:264,path:264,sky:264,window:264}","{brickface:256,cement:257,foliage:257,grass:257,path:257,sky:257,window:257}","{brickface:2,cement:2,foliage:1,grass:1,path:1,sky:1,window:2}"
2026-07-07T10:34:44.922171+00:00,segment,36,self_training_lightgbm,0,100,1748,80,20,462,7,19,19,854.0,224.0,3.0,"{0: 157, 1: 18, 2: 120, 3: 219, 4: 145, 5: 246, 6: 29}",0.488558352402746,0.9999900776879376,0.9999765079160348,0.9999999270554124,,max_iter,,,,,stratified_labeled_val,7,True,14,15,22.2746,success,,0.8787878787878788,0.8787878787878788,0.8777682068365805,0.5940107051628091,0.9825910621365168,,,,,,,,,,,,"{brickface:15,cement:15,foliage:14,grass:14,path:14,sky:14,window:14}","{brickface:66,cement:66,foliage:66,grass:66,path:66,sky:66,window:66}","{brickface:264,cement:264,foliage:264,grass:264,path:264,sky:264,window:264}","{brickface:249,cement:249,foliage:250,grass:250,path:250,sky:250,window:250}","{brickface:3,cement:3,foliage:3,grass:3,path:2,sky:3,window:3}"
2026-07-07T10:35:07.204862+00:00,segment,36,self_training_lightgbm,0,250,1598,200,50,462,7,19,19,781.0,205.0,3.0,"{0: 179, 1: 65, 2: 137, 3: 97, 4: 181, 5: 241, 6: 81}",0.4887359198998748,0.999994007115075,0.9999861061717668,0.9999998955604192,,max_iter,,,,,stratified_labeled_val,7,True,35,36,29.1207,success,,0.945887445887446,0.945887445887446,0.9462835298288816,0.2899286744245562,0.9909757750666842,,,,,,,,,,,,"{brickface:36,cement:36,foliage:36,grass:36,path:36,sky:35,window:35}","{brickface:66,cement:66,foliage:66,grass:66,path:66,sky:66,window:66}","{brickface:264,cement:264,foliage:264,grass:264,path:264,sky:264,window:264}","{brickface:228,cement:228,foliage:228,grass:228,path:228,sky:229,window:229}","{brickface:8,cement:7,foliage:7,grass:7,path:7,sky:7,window:7}"
2026-07-07T10:35:36.334599+00:00,segment,36,self_training_lightgbm,0,500,1348,400,100,462,7,19,19,659.0,173.0,3.0,"{0: 206, 1: 87, 2: 137, 3: 137, 4: 163, 5: 218, 6: 111}",0.4888724035608308,0.9999971532763466,0.999993147277948,0.9999999673061803,,max_iter,,,,,stratified_labeled_val,7,True,71,72,29.7027,success,,0.9567099567099568,0.9567099567099568,0.9563182803737794,0.2091473475726613,0.996687655778565,,,,,,,,,,,,"{brickface:72,cement:72,foliage:72,grass:71,path:71,sky:71,window:71}","{brickface:66,cement:66,foliage:66,grass:66,path:66,sky:66,window:66}","{brickface:264,cement:264,foliage:264,grass:264,path:264,sky:264,window:264}","{brickface:192,cement:192,foliage:192,grass:193,path:193,sky:193,window:193}","{brickface:14,cement:15,foliage:15,grass:14,path:14,sky:14,window:14}"
2026-07-07T10:36:06.047137+00:00,segment,36,self_training_lightgbm,1,50,1798,40,10,462,7,19,19,0.0,0.0,0.0,"{0: 6, 1: 5, 2: 6, 3: 5, 4: 6, 5: 6, 6: 6}",0.0,,,,,no_candidates,,,,,stratified_labeled_val,7,True,7,8,2.5559,success,,0.1688311688311688,0.1688311688311688,0.0960137528579929,1.943380707330423,0.5558725785998513,,,,,,,,,,,,"{brickface:8,cement:7,foliage:7,grass:7,path:7,sky:7,window:7}","{brickface:66,cement:66,foliage:66,grass:66,path:66,sky:66,window:66}","{brickface:264,cement:264,foliage:264,grass:264,path:264,sky:264,window:264}","{brickface:256,cement:257,foliage:257,grass:257,path:257,sky:257,window:257}","{brickface:2,cement:2,foliage:1,grass:2,path:1,sky:1,window:1}"
2026-07-07T10:36:08.611652+00:00,segment,36,self_training_lightgbm,1,100,1748,80,20,462,7,19,19,854.0,224.0,3.0,"{0: 195, 1: 19, 2: 98, 3: 161, 4: 174, 5: 221, 6: 66}",0.488558352402746,0.9999912144890868,0.9999757570974596,0.9999999234889664,,max_iter,,,,,stratified_labeled_val,7,True,14,15,24.0143,success,,0.8441558441558441,0.8441558441558442,0.8411916622467192,0.8692460891414876,0.9735996326905418,,,,,,,,,,,,"{brickface:15,cement:15,foliage:14,grass:14,path:14,sky:14,window:14}","{brickface:66,cement:66,foliage:66,grass:66,path:66,sky:66,window:66}","{brickface:264,cement:264,foliage:264,grass:264,path:264,sky:264,window:264}","{brickface:249,cement:249,foliage:250,grass:250,path:250,sky:250,window:250}","{brickface:3,cement:3,foliage:3,grass:3,path:3,sky:2,window:3}"
2026-07-07T10:36:32.634183+00:00,segment,36,self_training_lightgbm,1,250,1598,200,50,462,7,19,19,781.0,205.0,3.0,"{0: 198, 1: 60, 2: 136, 3: 70, 4: 171, 5: 245, 6: 101}",0.4887359198998748,0.9999951968124728,0.9999846798905554,0.9999999503409444,,max_iter,,,,,stratified_labeled_val,7,True,35,36,25.2143,success,,0.91991341991342,0.91991341991342,0.9193577849960392,0.4556771475520004,0.9923859810223448,,,,,,,,,,,,"{brickface:36,cement:36,foliage:36,grass:36,path:36,sky:35,window:35}","{brickface:66,cement:66,foliage:66,grass:66,path:66,sky:66,window:66}","{brickface:264,cement:264,foliage:264,grass:264,path:264,sky:264,window:264}","{brickface:228,cement:228,foliage:228,grass:228,path:228,sky:229,window:229}","{brickface:7,cement:7,foliage:8,grass:7,path:7,sky:7,window:7}"
2026-07-07T10:36:57.857245+00:00,segment,36,self_training_lightgbm,1,500,1348,400,100,462,7,19,19,659.0,173.0,3.0,"{0: 190, 1: 100, 2: 128, 3: 149, 4: 168, 5: 226, 6: 98}",0.4888724035608308,0.999996813585174,0.9999934560374846,0.9999999618095288,,max_iter,,,,,stratified_labeled_val,7,True,71,72,33.4394,success,,0.9523809523809524,0.9523809523809524,0.9524982184339496,0.2315457730299401,0.9975075429620884,,,,,,,,,,,,"{brickface:72,cement:72,foliage:72,grass:71,path:71,sky:71,window:71}","{brickface:66,cement:66,foliage:66,grass:66,path:66,sky:66,window:66}","{brickface:264,cement:264,foliage:264,grass:264,path:264,sky:264,window:264}","{brickface:192,cement:192,foliage:192,grass:193,path:193,sky:193,window:193}","{brickface:15,cement:14,foliage:15,grass:14,path:14,sky:14,window:14}"
2026-07-07T10:37:31.305681+00:00,segment,36,self_training_lightgbm,2,50,1798,40,10,462,7,19,19,0.0,0.0,0.0,"{0: 6, 1: 6, 2: 5, 3: 5, 4: 6, 5: 6, 6: 6}",0.0,,,,,no_candidates,,,,,stratified_labeled_val,7,True,7,8,1.4097,success,,0.29004329004329,0.29004329004329,0.195516320563313,1.7539328040140731,0.7667639599457782,,,,,,,,,,,,"{brickface:8,cement:7,foliage:7,grass:7,path:7,sky:7,window:7}","{brickface:66,cement:66,foliage:66,grass:66,path:66,sky:66,window:66}","{brickface:264,cement:264,foliage:264,grass:264,path:264,sky:264,window:264}","{brickface:256,cement:257,foliage:257,grass:257,path:257,sky:257,window:257}","{brickface:2,cement:1,foliage:2,grass:2,path:1,sky:1,window:1}"
2026-07-07T10:37:32.725603+00:00,segment,36,self_training_lightgbm,2,100,1748,80,20,462,7,19,19,854.0,224.0,3.0,"{0: 180, 1: 52, 2: 83, 3: 224, 4: 137, 5: 234, 6: 24}",0.488558352402746,0.99998843611228,0.999965150534269,0.999999708737463,,max_iter,,,,,stratified_labeled_val,7,True,14,15,27.9212,success,,0.8961038961038961,0.8961038961038961,0.8938792630301146,0.5027310998805886,0.987138703047794,,,,,,,,,,,,"{brickface:15,cement:15,foliage:14,grass:14,path:14,sky:14,window:14}","{brickface:66,cement:66,foliage:66,grass:66,path:66,sky:66,window:66}","{brickface:264,cement:264,foliage:264,grass:264,path:264,sky:264,window:264}","{brickface:249,cement:249,foliage:250,grass:250,path:250,sky:250,window:250}","{brickface:3,cement:3,foliage:2,grass:3,path:3,sky:3,window:3}"
2026-07-07T10:38:00.656056+00:00,segment,36,self_training_lightgbm,2,250,1598,200,50,462,7,19,19,781.0,205.0,3.0,"{0: 185, 1: 91, 2: 95, 3: 72, 4: 205, 5: 229, 6: 104}",0.4887359198998748,0.9999946689155312,0.9999857026073778,0.9999998892426962,,max_iter,,,,,stratified_labeled_val,7,True,35,36,33.2196,success,,0.9502164502164502,0.9502164502164504,0.9497216790449872,0.2715311527246053,0.9957311207311208,,,,,,,,,,,,"{brickface:36,cement:36,foliage:36,grass:36,path:36,sky:35,window:35}","{brickface:66,cement:66,foliage:66,grass:66,path:66,sky:66,window:66}","{brickface:264,cement:264,foliage:264,grass:264,path:264,sky:264,window:264}","{brickface:228,cement:228,foliage:228,grass:228,path:228,sky:229,window:229}","{brickface:7,cement:7,foliage:8,grass:7,path:7,sky:7,window:7}"
2026-07-07T10:38:33.884180+00:00,segment,36,self_training_lightgbm,2,500,1348,400,100,462,7,19,19,659.0,173.0,3.0,"{0: 174, 1: 130, 2: 106, 3: 127, 4: 178, 5: 233, 6: 111}",0.4888724035608308,0.9999969227638013,0.9999929966972352,0.999999921300984,,max_iter,,,,,stratified_labeled_val,7,True,71,72,39.979,success,,0.9696969696969696,0.9696969696969696,0.9696262692745298,0.1595330767011666,0.9984367484367486,,,,,,,,,,,,"{brickface:72,cement:72,foliage:72,grass:71,path:71,sky:71,window:71}","{brickface:66,cement:66,foliage:66,grass:66,path:66,sky:66,window:66}","{brickface:264,cement:264,foliage:264,grass:264,path:264,sky:264,window:264}","{brickface:192,cement:192,foliage:192,grass:193,path:193,sky:193,window:193}","{brickface:14,cement:15,foliage:15,grass:14,path:14,sky:14,window:14}"
2026-07-07T10:39:13.873092+00:00,segment,36,self_training_catboost,0,50,1798,40,10,462,7,19,19,0.0,0.0,0.0,"{0: 6, 1: 5, 2: 6, 3: 6, 4: 6, 5: 6, 6: 5}",0.0,,,,,no_candidates,,,,,stratified_labeled_val,7,True,7,8,2.2655,success,,0.854978354978355,0.854978354978355,0.8514542882093962,0.8015617231402264,0.9854442695351786,,,,,,,,,,,,"{brickface:8,cement:7,foliage:7,grass:7,path:7,sky:7,window:7}","{brickface:66,cement:66,foliage:66,grass:66,path:66,sky:66,window:66}","{brickface:264,cement:264,foliage:264,grass:264,path:264,sky:264,window:264}","{brickface:256,cement:257,foliage:257,grass:257,path:257,sky:257,window:257}","{brickface:2,cement:2,foliage:1,grass:1,path:1,sky:1,window:2}"
2026-07-07T10:39:20.187330+00:00,segment,36,self_training_catboost,0,250,1598,200,50,462,7,19,19,0.0,0.0,0.0,"{0: 28, 1: 29, 2: 29, 3: 29, 4: 29, 5: 28, 6: 28}",0.0,,,,,no_candidates,,,,,stratified_labeled_val,7,True,35,36,7.4929,success,,0.948051948051948,0.948051948051948,0.9483534138655588,0.2906081598146577,0.9954195636013816,,,,,,,,,,,,"{brickface:36,cement:36,foliage:36,grass:36,path:36,sky:35,window:35}","{brickface:66,cement:66,foliage:66,grass:66,path:66,sky:66,window:66}","{brickface:264,cement:264,foliage:264,grass:264,path:264,sky:264,window:264}","{brickface:228,cement:228,foliage:228,grass:228,path:228,sky:229,window:229}","{brickface:8,cement:7,foliage:7,grass:7,path:7,sky:7,window:7}"
2026-07-07T10:39:27.686475+00:00,segment,36,self_training_catboost,0,500,1348,400,100,462,7,19,19,425.0,57.0,3.0,"{0: 58, 1: 57, 2: 57, 3: 221, 4: 171, 5: 204, 6: 57}",0.3152818991097922,0.9759069846924726,0.9700009499775264,0.985822435914348,,max_iter,,,,,stratified_labeled_val,7,True,71,72,17.339,success,,0.9588744588744588,0.958874458874459,0.9584534617425974,0.2099802638385369,0.9953867681140408,,,,,,,,,,,,"{brickface:72,cement:72,foliage:72,grass:71,path:71,sky:71,window:71}","{brickface:66,cement:66,foliage:66,grass:66,path:66,sky:66,window:66}","{brickface:264,cement:264,foliage:264,grass:264,path:264,sky:264,window:264}","{brickface:192,cement:192,foliage:192,grass:193,path:193,sky:193,window:193}","{brickface:14,cement:15,foliage:15,grass:14,path:14,sky:14,window:14}"
2026-07-07T10:39:45.032282+00:00,segment,36,self_training_catboost,1,50,1798,40,10,462,7,19,19,0.0,0.0,0.0,"{0: 6, 1: 5, 2: 6, 3: 5, 4: 6, 5: 6, 6: 6}",0.0,,,,,no_candidates,,,,,stratified_labeled_val,7,True,7,8,2.0225,success,,0.8268398268398268,0.8268398268398267,0.8291198465975812,0.7791229829213218,0.973626962263326,,,,,,,,,,,,"{brickface:8,cement:7,foliage:7,grass:7,path:7,sky:7,window:7}","{brickface:66,cement:66,foliage:66,grass:66,path:66,sky:66,window:66}","{brickface:264,cement:264,foliage:264,grass:264,path:264,sky:264,window:264}","{brickface:256,cement:257,foliage:257,grass:257,path:257,sky:257,window:257}","{brickface:2,cement:2,foliage:1,grass:2,path:1,sky:1,window:1}"
2026-07-07T10:39:47.061256+00:00,segment,36,self_training_catboost,1,100,1748,80,20,462,7,19,19,0.0,0.0,0.0,"{0: 12, 1: 12, 2: 11, 3: 11, 4: 11, 5: 12, 6: 11}",0.0,,,,,no_candidates,,,,,stratified_labeled_val,7,True,14,15,4.0776,success,,0.8636363636363636,0.8636363636363636,0.8594952207108278,0.5519747557726975,0.9850397918579736,,,,,,,,,,,,"{brickface:15,cement:15,foliage:14,grass:14,path:14,sky:14,window:14}","{brickface:66,cement:66,foliage:66,grass:66,path:66,sky:66,window:66}","{brickface:264,cement:264,foliage:264,grass:264,path:264,sky:264,window:264}","{brickface:249,cement:249,foliage:250,grass:250,path:250,sky:250,window:250}","{brickface:3,cement:3,foliage:3,grass:3,path:3,sky:2,window:3}"
2026-07-07T10:39:51.149251+00:00,segment,36,self_training_catboost,1,250,1598,200,50,462,7,19,19,0.0,0.0,0.0,"{0: 29, 1: 29, 2: 28, 3: 29, 4: 29, 5: 28, 6: 28}",0.0,,,,,no_candidates,,,,,stratified_labeled_val,7,True,35,36,7.4319,success,,0.91991341991342,0.91991341991342,0.9197689369295848,0.3422471819695971,0.9919651056014692,,,,,,,,,,,,"{brickface:36,cement:36,foliage:36,grass:36,path:36,sky:35,window:35}","{brickface:66,cement:66,foliage:66,grass:66,path:66,sky:66,window:66}","{brickface:264,cement:264,foliage:264,grass:264,path:264,sky:264,window:264}","{brickface:228,cement:228,foliage:228,grass:228,path:228,sky:229,window:229}","{brickface:7,cement:7,foliage:8,grass:7,path:7,sky:7,window:7}"
2026-07-07T10:39:58.587068+00:00,segment,36,self_training_catboost,1,500,1348,400,100,462,7,19,19,300.0,47.0,3.0,"{0: 57, 1: 58, 2: 57, 3: 209, 4: 62, 5: 200, 6: 57}",0.2225519287833827,0.9757842893101452,0.9700632252456692,0.98478604728896,,max_iter,,,,,stratified_labeled_val,7,True,71,72,15.7221,success,,0.9372294372294372,0.9372294372294372,0.93716910466181,0.2655690425722083,0.9952665179937908,,,,,,,,,,,,"{brickface:72,cement:72,foliage:72,grass:71,path:71,sky:71,window:71}","{brickface:66,cement:66,foliage:66,grass:66,path:66,sky:66,window:66}","{brickface:264,cement:264,foliage:264,grass:264,path:264,sky:264,window:264}","{brickface:192,cement:192,foliage:192,grass:193,path:193,sky:193,window:193}","{brickface:15,cement:14,foliage:15,grass:14,path:14,sky:14,window:14}"
2026-07-07T10:40:14.314042+00:00,segment,36,self_training_catboost,2,50,1798,40,10,462,7,19,19,0.0,0.0,0.0,"{0: 6, 1: 6, 2: 5, 3: 5, 4: 6, 5: 6, 6: 6}",0.0,,,,,no_candidates,,,,,stratified_labeled_val,7,True,7,8,2.2062,success,,0.8376623376623377,0.8376623376623377,0.8300941718832382,0.8307283381557844,0.9763052603961696,,,,,,,,,,,,"{brickface:8,cement:7,foliage:7,grass:7,path:7,sky:7,window:7}","{brickface:66,cement:66,foliage:66,grass:66,path:66,sky:66,window:66}","{brickface:264,cement:264,foliage:264,grass:264,path:264,sky:264,window:264}","{brickface:256,cement:257,foliage:257,grass:257,path:257,sky:257,window:257}","{brickface:2,cement:1,foliage:2,grass:2,path:1,sky:1,window:1}"
2026-07-07T10:40:16.535203+00:00,segment,36,self_training_catboost,2,100,1748,80,20,462,7,19,19,0.0,0.0,0.0,"{0: 12, 1: 12, 2: 12, 3: 11, 4: 11, 5: 11, 6: 11}",0.0,,,,,no_candidates,,,,,stratified_labeled_val,7,True,14,15,3.4509,success,,0.91991341991342,0.91991341991342,0.9160216554955516,0.5086192379723722,0.9891938869211596,,,,,,,,,,,,"{brickface:15,cement:15,foliage:14,grass:14,path:14,sky:14,window:14}","{brickface:66,cement:66,foliage:66,grass:66,path:66,sky:66,window:66}","{brickface:264,cement:264,foliage:264,grass:264,path:264,sky:264,window:264}","{brickface:249,cement:249,foliage:250,grass:250,path:250,sky:250,window:250}","{brickface:3,cement:3,foliage:2,grass:3,path:3,sky:3,window:3}"
2026-07-07T10:40:19.992314+00:00,segment,36,self_training_catboost,2,250,1598,200,50,462,7,19,19,52.0,32.0,3.0,"{0: 29, 1: 29, 2: 28, 3: 42, 4: 29, 5: 67, 6: 28}",0.032540675844806,0.972565617670096,0.9701241822015542,0.9784161506621036,,max_iter,,,,,stratified_labeled_val,7,True,35,36,13.5993,success,,0.9437229437229436,0.9437229437229436,0.9430781631165032,0.2687905080949708,0.9964143600507236,,,,,,,,,,,,"{brickface:36,cement:36,foliage:36,grass:36,path:36,sky:35,window:35}","{brickface:66,cement:66,foliage:66,grass:66,path:66,sky:66,window:66}","{brickface:264,cement:264,foliage:264,grass:264,path:264,sky:264,window:264}","{brickface:228,cement:228,foliage:228,grass:228,path:228,sky:229,window:229}","{brickface:7,cement:7,foliage:8,grass:7,path:7,sky:7,window:7}"
2026-07-07T10:40:33.599498+00:00,segment,36,self_training_catboost,2,500,1348,400,100,462,7,19,19,273.0,58.0,3.0,"{0: 58, 1: 57, 2: 57, 3: 194, 4: 78, 5: 172, 6: 57}",0.2025222551928783,0.974819763865164,0.9700125180642364,0.9841581090430344,,max_iter,,,,,stratified_labeled_val,7,True,71,72,15.9886,success,,0.971861471861472,0.971861471861472,0.971834023339278,0.1800928915503647,0.9983875552057372,,,,,,,,,,,,"{brickface:72,cement:72,foliage:72,grass:71,path:71,sky:71,window:71}","{brickface:66,cement:66,foliage:66,grass:66,path:66,sky:66,window:66}","{brickface:264,cement:264,foliage:264,grass:264,path:264,sky:264,window:264}","{brickface:192,cement:192,foliage:192,grass:193,path:193,sky:193,window:193}","{brickface:14,cement:15,foliage:15,grass:14,path:14,sky:14,window:14}"
2026-07-07T10:40:49.593291+00:00,segment,36,rpl_lr,0,50,1798,40,10,462,7,19,19,,,,,,,,,,,,,,,stratified_labeled_val,7,True,7,8,0.2348,success,,0.7445887445887446,0.7445887445887446,0.7299940517724662,0.788123607635498,0.9395961782325418,,,,,,,,,,,,"{brickface:8,cement:7,foliage:7,grass:7,path:7,sky:7,window:7}","{brickface:66,cement:66,foliage:66,grass:66,path:66,sky:66,window:66}","{brickface:264,cement:264,foliage:264,grass:264,path:264,sky:264,window:264}","{brickface:256,cement:257,foliage:257,grass:257,path:257,sky:257,window:257}","{brickface:2,cement:2,foliage:1,grass:1,path:1,sky:1,window:2}"
2026-07-07T10:40:49.834608+00:00,segment,36,rpl_lr,0,100,1748,80,20,462,7,19,19,,,,,,,,,,,,,,,stratified_labeled_val,7,True,14,15,0.2956,success,,0.8138528138528138,0.8138528138528137,0.7999462948028435,0.5683954358100891,0.972910927456382,,,,,,,,,,,,"{brickface:15,cement:15,foliage:14,grass:14,path:14,sky:14,window:14}","{brickface:66,cement:66,foliage:66,grass:66,path:66,sky:66,window:66}","{brickface:264,cement:264,foliage:264,grass:264,path:264,sky:264,window:264}","{brickface:249,cement:249,foliage:250,grass:250,path:250,sky:250,window:250}","{brickface:3,cement:3,foliage:3,grass:3,path:2,sky:3,window:3}"
2026-07-07T10:40:50.136086+00:00,segment,36,rpl_lr,0,250,1598,200,50,462,7,19,19,,,,,,,,,,,,,,,stratified_labeled_val,7,True,35,36,0.3968,success,,0.8939393939393939,0.8939393939393939,0.8896734443930665,0.3559804856777191,0.9844932004022914,,,,,,,,,,,,"{brickface:36,cement:36,foliage:36,grass:36,path:36,sky:35,window:35}","{brickface:66,cement:66,foliage:66,grass:66,path:66,sky:66,window:66}","{brickface:264,cement:264,foliage:264,grass:264,path:264,sky:264,window:264}","{brickface:228,cement:228,foliage:228,grass:228,path:228,sky:229,window:229}","{brickface:8,cement:7,foliage:7,grass:7,path:7,sky:7,window:7}"
2026-07-07T10:40:50.539158+00:00,segment,36,rpl_lr,0,500,1348,400,100,462,7,19,19,,,,,,,,,,,,,,,stratified_labeled_val,7,True,71,72,0.3725,success,,0.9090909090909092,0.9090909090909092,0.9077428459306428,0.303178995847702,0.987417464690192,,,,,,,,,,,,"{brickface:72,cement:72,foliage:72,grass:71,path:71,sky:71,window:71}","{brickface:66,cement:66,foliage:66,grass:66,path:66,sky:66,window:66}","{brickface:264,cement:264,foliage:264,grass:264,path:264,sky:264,window:264}","{brickface:192,cement:192,foliage:192,grass:193,path:193,sky:193,window:193}","{brickface:14,cement:15,foliage:15,grass:14,path:14,sky:14,window:14}"
2026-07-07T10:40:50.919054+00:00,segment,36,rpl_lr,1,50,1798,40,10,462,7,19,19,,,,,,,,,,,,,,,stratified_labeled_val,7,True,7,8,0.2621,success,,0.7619047619047619,0.7619047619047619,0.7460325838063523,0.8603549599647522,0.953135248589794,,,,,,,,,,,,"{brickface:8,cement:7,foliage:7,grass:7,path:7,sky:7,window:7}","{brickface:66,cement:66,foliage:66,grass:66,path:66,sky:66,window:66}","{brickface:264,cement:264,foliage:264,grass:264,path:264,sky:264,window:264}","{brickface:256,cement:257,foliage:257,grass:257,path:257,sky:257,window:257}","{brickface:2,cement:2,foliage:1,grass:2,path:1,sky:1,window:1}"
2026-07-07T10:40:51.188084+00:00,segment,36,rpl_lr,1,100,1748,80,20,462,7,19,19,,,,,,,,,,,,,,,stratified_labeled_val,7,True,14,15,0.3197,success,,0.79004329004329,0.79004329004329,0.7678561381046116,0.7781733870506287,0.960448642266824,,,,,,,,,,,,"{brickface:15,cement:15,foliage:14,grass:14,path:14,sky:14,window:14}","{brickface:66,cement:66,foliage:66,grass:66,path:66,sky:66,window:66}","{brickface:264,cement:264,foliage:264,grass:264,path:264,sky:264,window:264}","{brickface:249,cement:249,foliage:250,grass:250,path:250,sky:250,window:250}","{brickface:3,cement:3,foliage:3,grass:3,path:3,sky:2,window:3}"
2026-07-07T10:40:51.513140+00:00,segment,36,rpl_lr,1,250,1598,200,50,462,7,19,19,,,,,,,,,,,,,,,stratified_labeled_val,7,True,35,36,0.289,success,,0.9025974025974026,0.9025974025974026,0.9039625417460526,0.421312004327774,0.977682670864489,,,,,,,,,,,,"{brickface:36,cement:36,foliage:36,grass:36,path:36,sky:35,window:35}","{brickface:66,cement:66,foliage:66,grass:66,path:66,sky:66,window:66}","{brickface:264,cement:264,foliage:264,grass:264,path:264,sky:264,window:264}","{brickface:228,cement:228,foliage:228,grass:228,path:228,sky:229,window:229}","{brickface:7,cement:7,foliage:8,grass:7,path:7,sky:7,window:7}"
2026-07-07T10:40:51.807317+00:00,segment,36,rpl_lr,1,500,1348,400,100,462,7,19,19,,,,,,,,,,,,,,,stratified_labeled_val,7,True,71,72,0.3215,success,,0.9090909090909092,0.9090909090909092,0.9105229924221506,0.3297717273235321,0.9846134505225416,,,,,,,,,,,,"{brickface:72,cement:72,foliage:72,grass:71,path:71,sky:71,window:71}","{brickface:66,cement:66,foliage:66,grass:66,path:66,sky:66,window:66}","{brickface:264,cement:264,foliage:264,grass:264,path:264,sky:264,window:264}","{brickface:192,cement:192,foliage:192,grass:193,path:193,sky:193,window:193}","{brickface:15,cement:14,foliage:15,grass:14,path:14,sky:14,window:14}"
2026-07-07T10:40:52.132101+00:00,segment,36,rpl_lr,2,50,1798,40,10,462,7,19,19,,,,,,,,,,,,,,,stratified_labeled_val,7,True,7,8,0.3132,success,,0.7186147186147186,0.7186147186147185,0.6967235395783872,0.8334000706672668,0.9440782281691372,,,,,,,,,,,,"{brickface:8,cement:7,foliage:7,grass:7,path:7,sky:7,window:7}","{brickface:66,cement:66,foliage:66,grass:66,path:66,sky:66,window:66}","{brickface:264,cement:264,foliage:264,grass:264,path:264,sky:264,window:264}","{brickface:256,cement:257,foliage:257,grass:257,path:257,sky:257,window:257}","{brickface:2,cement:1,foliage:2,grass:2,path:1,sky:1,window:1}"
2026-07-07T10:40:52.455364+00:00,segment,36,rpl_lr,2,100,1748,80,20,462,7,19,19,,,,,,,,,,,,,,,stratified_labeled_val,7,True,14,15,0.2302,success,,0.8311688311688312,0.8311688311688312,0.8201389268120585,0.4784017503261566,0.9749333158424068,,,,,,,,,,,,"{brickface:15,cement:15,foliage:14,grass:14,path:14,sky:14,window:14}","{brickface:66,cement:66,foliage:66,grass:66,path:66,sky:66,window:66}","{brickface:264,cement:264,foliage:264,grass:264,path:264,sky:264,window:264}","{brickface:249,cement:249,foliage:250,grass:250,path:250,sky:250,window:250}","{brickface:3,cement:3,foliage:2,grass:3,path:3,sky:3,window:3}"
2026-07-07T10:40:52.690186+00:00,segment,36,rpl_lr,2,250,1598,200,50,462,7,19,19,,,,,,,,,,,,,,,stratified_labeled_val,7,True,35,36,0.2861,success,,0.8961038961038961,0.8961038961038961,0.894346059347405,0.3069024384021759,0.9874994534085444,,,,,,,,,,,,"{brickface:36,cement:36,foliage:36,grass:36,path:36,sky:35,window:35}","{brickface:66,cement:66,foliage:66,grass:66,path:66,sky:66,window:66}","{brickface:264,cement:264,foliage:264,grass:264,path:264,sky:264,window:264}","{brickface:228,cement:228,foliage:228,grass:228,path:228,sky:229,window:229}","{brickface:7,cement:7,foliage:8,grass:7,path:7,sky:7,window:7}"
2026-07-07T10:40:52.979994+00:00,segment,36,rpl_lr,2,500,1348,400,100,462,7,19,19,,,,,,,,,,,,,,,stratified_labeled_val,7,True,71,72,0.2697,success,,0.9242424242424242,0.9242424242424244,0.9241049793304112,0.2466063201427459,0.990456513183786,,,,,,,,,,,,"{brickface:72,cement:72,foliage:72,grass:71,path:71,sky:71,window:71}","{brickface:66,cement:66,foliage:66,grass:66,path:66,sky:66,window:66}","{brickface:264,cement:264,foliage:264,grass:264,path:264,sky:264,window:264}","{brickface:192,cement:192,foliage:192,grass:193,path:193,sky:193,window:193}","{brickface:14,cement:15,foliage:15,grass:14,path:14,sky:14,window:14}"
2026-07-07T10:40:53.253432+00:00,segment,36,rpl_lite_xgboost,0,50,1798,40,10,462,7,19,19,878.0,230.0,3.0,"{0: 139, 2: 76, 5: 334, 4: 91, 3: 237, 1: 1}",0.4883203559510567,0.9663853697597572,,,0.3074758356962903,max_iter,,,,,stratified_labeled_val,7,True,7,8,15.9581,success,,0.6818181818181818,0.6818181818181817,0.6767216210495335,1.226481556892395,0.9119714460623553,,,,,,,,,,,,"{brickface:8,cement:7,foliage:7,grass:7,path:7,sky:7,window:7}","{brickface:66,cement:66,foliage:66,grass:66,path:66,sky:66,window:66}","{brickface:264,cement:264,foliage:264,grass:264,path:264,sky:264,window:264}","{brickface:256,cement:257,foliage:257,grass:257,path:257,sky:257,window:257}","{brickface:2,cement:2,foliage:1,grass:1,path:1,sky:1,window:2}"
2026-07-07T10:41:09.221054+00:00,segment,36,rpl_lite_xgboost,0,100,1748,80,20,462,7,19,19,854.0,224.0,3.0,"{0: 179, 2: 130, 6: 40, 5: 168, 4: 109, 3: 218, 1: 10}",0.488558352402746,0.983015553314736,,,0.303491760528536,max_iter,,,,,stratified_labeled_val,7,True,14,15,16.5572,success,,0.8528138528138528,0.8528138528138528,0.8528623286393328,0.5557241439819336,0.9724135292317112,,,,,,,,,,,,"{brickface:15,cement:15,foliage:14,grass:14,path:14,sky:14,window:14}","{brickface:66,cement:66,foliage:66,grass:66,path:66,sky:66,window:66}","{brickface:264,cement:264,foliage:264,grass:264,path:264,sky:264,window:264}","{brickface:249,cement:249,foliage:250,grass:250,path:250,sky:250,window:250}","{brickface:3,cement:3,foliage:3,grass:3,path:2,sky:3,window:3}"
2026-07-07T10:41:25.787713+00:00,segment,36,rpl_lite_xgboost,0,250,1598,200,50,462,7,19,19,781.0,205.0,3.0,"{0: 154, 2: 121, 6: 24, 4: 153, 3: 215, 5: 81, 1: 33}",0.4887359198998748,0.9925933382575246,,,0.2934849720061654,max_iter,,,,,stratified_labeled_val,7,True,35,36,20.5926,success,,0.9264069264069263,0.9264069264069262,0.9273054884047248,0.2445873916149139,0.992713935895754,,,,,,,,,,,,"{brickface:36,cement:36,foliage:36,grass:36,path:36,sky:35,window:35}","{brickface:66,cement:66,foliage:66,grass:66,path:66,sky:66,window:66}","{brickface:264,cement:264,foliage:264,grass:264,path:264,sky:264,window:264}","{brickface:228,cement:228,foliage:228,grass:228,path:228,sky:229,window:229}","{brickface:8,cement:7,foliage:7,grass:7,path:7,sky:7,window:7}"
2026-07-07T10:41:46.390458+00:00,segment,36,rpl_lite_xgboost,0,500,1348,400,100,462,7,19,19,659.0,173.0,3.0,"{6: 53, 0: 153, 2: 87, 4: 114, 1: 45, 3: 74, 5: 133}",0.4888724035608308,0.9961218469421492,,,0.342906459724062,max_iter,,,,,stratified_labeled_val,7,True,71,72,25.1869,success,,0.9502164502164502,0.9502164502164502,0.9498328701675152,0.1326524466276168,0.9975676680222136,,,,,,,,,,,,"{brickface:72,cement:72,foliage:72,grass:71,path:71,sky:71,window:71}","{brickface:66,cement:66,foliage:66,grass:66,path:66,sky:66,window:66}","{brickface:264,cement:264,foliage:264,grass:264,path:264,sky:264,window:264}","{brickface:192,cement:192,foliage:192,grass:193,path:193,sky:193,window:193}","{brickface:14,cement:15,foliage:15,grass:14,path:14,sky:14,window:14}"
2026-07-07T10:42:11.587447+00:00,segment,36,rpl_lite_xgboost,1,50,1798,40,10,462,7,19,19,878.0,230.0,3.0,"{6: 102, 2: 191, 0: 110, 5: 232, 4: 12, 3: 227, 1: 4}",0.4883203559510567,0.9712865094660628,,,0.3077878028023517,max_iter,,,,,stratified_labeled_val,7,True,7,8,15.6278,success,,0.7056277056277056,0.7056277056277056,0.6853575265801517,0.9780330061912536,0.9385795181249728,,,,,,,,,,,,"{brickface:8,cement:7,foliage:7,grass:7,path:7,sky:7,window:7}","{brickface:66,cement:66,foliage:66,grass:66,path:66,sky:66,window:66}","{brickface:264,cement:264,foliage:264,grass:264,path:264,sky:264,window:264}","{brickface:256,cement:257,foliage:257,grass:257,path:257,sky:257,window:257}","{brickface:2,cement:2,foliage:1,grass:2,path:1,sky:1,window:1}"
2026-07-07T10:42:27.229927+00:00,segment,36,rpl_lite_xgboost,1,100,1748,80,20,462,7,19,19,854.0,224.0,3.0,"{6: 53, 4: 123, 0: 150, 2: 96, 5: 208, 3: 207, 1: 17}",0.488558352402746,0.9858047542024831,,,0.3040043693918498,max_iter,,,,,stratified_labeled_val,7,True,14,15,17.3678,success,,0.8636363636363636,0.8636363636363635,0.8642753254657798,0.5420252680778503,0.9715717783899602,,,,,,,,,,,,"{brickface:15,cement:15,foliage:14,grass:14,path:14,sky:14,window:14}","{brickface:66,cement:66,foliage:66,grass:66,path:66,sky:66,window:66}","{brickface:264,cement:264,foliage:264,grass:264,path:264,sky:264,window:264}","{brickface:249,cement:249,foliage:250,grass:250,path:250,sky:250,window:250}","{brickface:3,cement:3,foliage:3,grass:3,path:3,sky:2,window:3}"
2026-07-07T10:42:44.607020+00:00,segment,36,rpl_lite_xgboost,1,250,1598,200,50,462,7,19,19,781.0,205.0,3.0,"{0: 145, 2: 124, 4: 114, 5: 116, 3: 204, 6: 37, 1: 41}",0.4887359198998748,0.9932938693580188,,,0.3096767477521143,max_iter,,,,,stratified_labeled_val,7,True,35,36,22.0665,success,,0.9090909090909092,0.9090909090909092,0.9091506045168908,0.3091384172439575,0.9901558878831608,,,,,,,,,,,,"{brickface:36,cement:36,foliage:36,grass:36,path:36,sky:35,window:35}","{brickface:66,cement:66,foliage:66,grass:66,path:66,sky:66,window:66}","{brickface:264,cement:264,foliage:264,grass:264,path:264,sky:264,window:264}","{brickface:228,cement:228,foliage:228,grass:228,path:228,sky:229,window:229}","{brickface:7,cement:7,foliage:8,grass:7,path:7,sky:7,window:7}"
2026-07-07T10:43:06.683813+00:00,segment,36,rpl_lite_xgboost,1,500,1348,400,100,462,7,19,19,659.0,173.0,3.0,"{2: 98, 0: 107, 4: 94, 5: 142, 3: 150, 6: 24, 1: 44}",0.4888724035608308,0.9961141982823836,,,0.3138420785503204,max_iter,,,,,stratified_labeled_val,7,True,71,72,24.7909,success,,0.945887445887446,0.945887445887446,0.9462906010782548,0.1837071180343628,0.996616598889326,,,,,,,,,,,,"{brickface:72,cement:72,foliage:72,grass:71,path:71,sky:71,window:71}","{brickface:66,cement:66,foliage:66,grass:66,path:66,sky:66,window:66}","{brickface:264,cement:264,foliage:264,grass:264,path:264,sky:264,window:264}","{brickface:192,cement:192,foliage:192,grass:193,path:193,sky:193,window:193}","{brickface:15,cement:14,foliage:15,grass:14,path:14,sky:14,window:14}"
2026-07-07T10:43:31.484990+00:00,segment,36,rpl_lite_xgboost,2,50,1798,40,10,462,7,19,19,878.0,230.0,3.0,"{0: 189, 2: 40, 5: 233, 4: 199, 6: 2, 3: 213, 1: 2}",0.4883203559510567,0.9684640229562964,,,0.3362568263700305,max_iter,,,,,stratified_labeled_val,7,True,7,8,19.471,success,,0.803030303030303,0.803030303030303,0.785478745825088,0.7696587443351746,0.9568138090865362,,,,,,,,,,,,"{brickface:8,cement:7,foliage:7,grass:7,path:7,sky:7,window:7}","{brickface:66,cement:66,foliage:66,grass:66,path:66,sky:66,window:66}","{brickface:264,cement:264,foliage:264,grass:264,path:264,sky:264,window:264}","{brickface:256,cement:257,foliage:257,grass:257,path:257,sky:257,window:257}","{brickface:2,cement:1,foliage:2,grass:2,path:1,sky:1,window:1}"
2026-07-07T10:43:50.965013+00:00,segment,36,rpl_lite_xgboost,2,100,1748,80,20,462,7,19,19,854.0,224.0,3.0,"{0: 186, 2: 103, 6: 8, 5: 227, 4: 88, 3: 209, 1: 33}",0.488558352402746,0.983239188755424,,,0.3334132317049847,max_iter,,,,,stratified_labeled_val,7,True,14,15,21.1388,success,,0.8852813852813853,0.8852813852813853,0.8833164839146883,0.4201972484588623,0.984722768813678,,,,,,,,,,,,"{brickface:15,cement:15,foliage:14,grass:14,path:14,sky:14,window:14}","{brickface:66,cement:66,foliage:66,grass:66,path:66,sky:66,window:66}","{brickface:264,cement:264,foliage:264,grass:264,path:264,sky:264,window:264}","{brickface:249,cement:249,foliage:250,grass:250,path:250,sky:250,window:250}","{brickface:3,cement:3,foliage:2,grass:3,path:3,sky:3,window:3}"
2026-07-07T10:44:12.119282+00:00,segment,36,rpl_lite_xgboost,2,250,1598,200,50,462,7,19,19,781.0,205.0,3.0,"{0: 163, 2: 66, 6: 48, 4: 169, 5: 145, 3: 157, 1: 33}",0.4887359198998748,0.99297887193714,,,0.3441984726249801,max_iter,,,,,stratified_labeled_val,7,True,35,36,21.2336,success,,0.9112554112554112,0.9112554112554112,0.912382381663898,0.2511838674545288,0.9934518343609252,,,,,,,,,,,,"{brickface:36,cement:36,foliage:36,grass:36,path:36,sky:35,window:35}","{brickface:66,cement:66,foliage:66,grass:66,path:66,sky:66,window:66}","{brickface:264,cement:264,foliage:264,grass:264,path:264,sky:264,window:264}","{brickface:228,cement:228,foliage:228,grass:228,path:228,sky:229,window:229}","{brickface:7,cement:7,foliage:8,grass:7,path:7,sky:7,window:7}"
2026-07-07T10:44:33.362322+00:00,segment,36,rpl_lite_xgboost,2,500,1348,400,100,462,7,19,19,659.0,173.0,3.0,"{0: 127, 6: 58, 2: 65, 4: 129, 5: 180, 1: 80, 3: 20}",0.4888724035608308,0.9959651647822448,,,0.3528777930813367,max_iter,,,,,stratified_labeled_val,7,True,71,72,22.6795,success,,0.9588744588744588,0.9588744588744588,0.9588737077458882,0.1266495436429977,0.9978737592373956,,,,,,,,,,,,"{brickface:72,cement:72,foliage:72,grass:71,path:71,sky:71,window:71}","{brickface:66,cement:66,foliage:66,grass:66,path:66,sky:66,window:66}","{brickface:264,cement:264,foliage:264,grass:264,path:264,sky:264,window:264}","{brickface:192,cement:192,foliage:192,grass:193,path:193,sky:193,window:193}","{brickface:14,cement:15,foliage:15,grass:14,path:14,sky:14,window:14}"
2026-07-07T10:44:56.051369+00:00,segment,36,sslae,0,50,1798,40,10,462,7,19,19,,,,,,,,,,,,,,,stratified_labeled_val,7,True,7,8,11.8825,success,,0.7380952380952381,0.738095238095238,0.6963481599064202,0.7947366750855108,0.9424275219729764,,18.0,0.8849027752876282,28.0,0.4006731212139129,,sslae,internal_stratified_val,,style_baseline,supervised_autoencoder,"{brickface:8,cement:7,foliage:7,grass:7,path:7,sky:7,window:7}","{brickface:66,cement:66,foliage:66,grass:66,path:66,sky:66,window:66}","{brickface:264,cement:264,foliage:264,grass:264,path:264,sky:264,window:264}","{brickface:256,cement:257,foliage:257,grass:257,path:257,sky:257,window:257}","{brickface:2,cement:2,foliage:1,grass:1,path:1,sky:1,window:2}"
2026-07-07T10:45:07.940810+00:00,segment,36,sslae,0,100,1748,80,20,462,7,19,19,,,,,,,,,,,,,,,stratified_labeled_val,7,True,14,15,13.8756,success,,0.8506493506493507,0.8506493506493508,0.847947867408429,0.6418232121035669,0.9682266386811842,,78.0,0.2511398196220398,88.0,0.0713407397270202,,sslae,internal_stratified_val,,style_baseline,supervised_autoencoder,"{brickface:15,cement:15,foliage:14,grass:14,path:14,sky:14,window:14}","{brickface:66,cement:66,foliage:66,grass:66,path:66,sky:66,window:66}","{brickface:264,cement:264,foliage:264,grass:264,path:264,sky:264,window:264}","{brickface:249,cement:249,foliage:250,grass:250,path:250,sky:250,window:250}","{brickface:3,cement:3,foliage:3,grass:3,path:2,sky:3,window:3}"
2026-07-07T10:45:21.823467+00:00,segment,36,sslae,0,250,1598,200,50,462,7,19,19,,,,,,,,,,,,,,,stratified_labeled_val,7,True,35,36,14.1224,success,,0.9242424242424242,0.9242424242424242,0.9234244864911696,0.3403079864546409,0.9845369277187458,,70.0,0.1659405380487442,80.0,0.124121680855751,,sslae,internal_stratified_val,,style_baseline,supervised_autoencoder,"{brickface:36,cement:36,foliage:36,grass:36,path:36,sky:35,window:35}","{brickface:66,cement:66,foliage:66,grass:66,path:66,sky:66,window:66}","{brickface:264,cement:264,foliage:264,grass:264,path:264,sky:264,window:264}","{brickface:228,cement:228,foliage:228,grass:228,path:228,sky:229,window:229}","{brickface:8,cement:7,foliage:7,grass:7,path:7,sky:7,window:7}"
2026-07-07T10:45:35.952253+00:00,segment,36,sslae,0,500,1348,400,100,462,7,19,19,,,,,,,,,,,,,,,stratified_labeled_val,7,True,71,72,9.4636,success,,0.8939393939393939,0.8939393939393939,0.8917624755638798,0.3080683171855086,0.988319340592068,,30.0,0.2814870476722717,40.0,0.2386016771197319,,sslae,internal_stratified_val,,style_baseline,supervised_autoencoder,"{brickface:72,cement:72,foliage:72,grass:71,path:71,sky:71,window:71}","{brickface:66,cement:66,foliage:66,grass:66,path:66,sky:66,window:66}","{brickface:264,cement:264,foliage:264,grass:264,path:264,sky:264,window:264}","{brickface:192,cement:192,foliage:192,grass:193,path:193,sky:193,window:193}","{brickface:14,cement:15,foliage:15,grass:14,path:14,sky:14,window:14}"
2026-07-07T10:45:45.460869+00:00,segment,36,sslae,1,50,1798,40,10,462,7,19,19,,,,,,,,,,,,,,,stratified_labeled_val,7,True,7,8,3.1701,success,,0.3917748917748918,0.3917748917748917,0.2617575531924809,1.604141365063158,0.8929008701735973,,3.0,1.736695408821106,13.0,0.875609815120697,,sslae,internal_stratified_val,,style_baseline,supervised_autoencoder,"{brickface:8,cement:7,foliage:7,grass:7,path:7,sky:7,window:7}","{brickface:66,cement:66,foliage:66,grass:66,path:66,sky:66,window:66}","{brickface:264,cement:264,foliage:264,grass:264,path:264,sky:264,window:264}","{brickface:256,cement:257,foliage:257,grass:257,path:257,sky:257,window:257}","{brickface:2,cement:2,foliage:1,grass:2,path:1,sky:1,window:1}"
2026-07-07T10:45:48.639153+00:00,segment,36,sslae,1,100,1748,80,20,462,7,19,19,,,,,,,,,,,,,,,stratified_labeled_val,7,True,14,15,25.3593,success,,0.803030303030303,0.803030303030303,0.7945063188089089,0.7861865470868293,0.9605415628142902,,93.0,0.2199105322360992,100.0,0.1201425939798355,,sslae,internal_stratified_val,,style_baseline,supervised_autoencoder,"{brickface:15,cement:15,foliage:14,grass:14,path:14,sky:14,window:14}","{brickface:66,cement:66,foliage:66,grass:66,path:66,sky:66,window:66}","{brickface:264,cement:264,foliage:264,grass:264,path:264,sky:264,window:264}","{brickface:249,cement:249,foliage:250,grass:250,path:250,sky:250,window:250}","{brickface:3,cement:3,foliage:3,grass:3,path:3,sky:2,window:3}"
2026-07-07T10:46:14.009168+00:00,segment,36,sslae,1,250,1598,200,50,462,7,19,19,,,,,,,,,,,,,,,stratified_labeled_val,7,True,35,36,14.1366,success,,0.9069264069264068,0.9069264069264068,0.9066105316681272,0.3397197309128517,0.984717302899121,,71.0,0.284573495388031,81.0,0.1392462402582168,,sslae,internal_stratified_val,,style_baseline,supervised_autoencoder,"{brickface:36,cement:36,foliage:36,grass:36,path:36,sky:35,window:35}","{brickface:66,cement:66,foliage:66,grass:66,path:66,sky:66,window:66}","{brickface:264,cement:264,foliage:264,grass:264,path:264,sky:264,window:264}","{brickface:228,cement:228,foliage:228,grass:228,path:228,sky:229,window:229}","{brickface:7,cement:7,foliage:8,grass:7,path:7,sky:7,window:7}"
2026-07-07T10:46:28.152860+00:00,segment,36,sslae,1,500,1348,400,100,462,7,19,19,,,,,,,,,,,,,,,stratified_labeled_val,7,True,71,72,12.6135,success,,0.9090909090909092,0.9090909090909092,0.9109986608131536,0.2871783561332405,0.988685556867375,,51.0,0.1849536001682281,61.0,0.188260369002819,,sslae,internal_stratified_val,,style_baseline,supervised_autoencoder,"{brickface:72,cement:72,foliage:72,grass:71,path:71,sky:71,window:71}","{brickface:66,cement:66,foliage:66,grass:66,path:66,sky:66,window:66}","{brickface:264,cement:264,foliage:264,grass:264,path:264,sky:264,window:264}","{brickface:192,cement:192,foliage:192,grass:193,path:193,sky:193,window:193}","{brickface:15,cement:14,foliage:15,grass:14,path:14,sky:14,window:14}"
2026-07-07T10:46:40.808002+00:00,segment,36,sslae,2,50,1798,40,10,462,7,19,19,,,,,,,,,,,,,,,stratified_labeled_val,7,True,7,8,8.2996,success,,0.7445887445887446,0.7445887445887445,0.7403128035613727,0.7115224612632408,0.9450128995583542,,26.0,0.6372339725494385,36.0,0.2181735038757324,,sslae,internal_stratified_val,,style_baseline,supervised_autoencoder,"{brickface:8,cement:7,foliage:7,grass:7,path:7,sky:7,window:7}","{brickface:66,cement:66,foliage:66,grass:66,path:66,sky:66,window:66}","{brickface:264,cement:264,foliage:264,grass:264,path:264,sky:264,window:264}","{brickface:256,cement:257,foliage:257,grass:257,path:257,sky:257,window:257}","{brickface:2,cement:1,foliage:2,grass:2,path:1,sky:1,window:1}"
2026-07-07T10:46:49.114252+00:00,segment,36,sslae,2,100,1748,80,20,462,7,19,19,,,,,,,,,,,,,,,stratified_labeled_val,7,True,14,15,10.5466,success,,0.854978354978355,0.854978354978355,0.8489862413724927,0.4693892885171157,0.9727797455070184,,39.0,0.5344929099082947,49.0,0.1550843268632888,,sslae,internal_stratified_val,,style_baseline,supervised_autoencoder,"{brickface:15,cement:15,foliage:14,grass:14,path:14,sky:14,window:14}","{brickface:66,cement:66,foliage:66,grass:66,path:66,sky:66,window:66}","{brickface:264,cement:264,foliage:264,grass:264,path:264,sky:264,window:264}","{brickface:249,cement:249,foliage:250,grass:250,path:250,sky:250,window:250}","{brickface:3,cement:3,foliage:2,grass:3,path:3,sky:3,window:3}"
2026-07-07T10:46:59.667799+00:00,segment,36,sslae,2,250,1598,200,50,462,7,19,19,,,,,,,,,,,,,,,stratified_labeled_val,7,True,35,36,13.928,success,,0.9155844155844156,0.9155844155844156,0.9119130100360195,0.270819904527742,0.9897076828895012,,59.0,0.2389539927244186,69.0,0.1684188991785049,,sslae,internal_stratified_val,,style_baseline,supervised_autoencoder,"{brickface:36,cement:36,foliage:36,grass:36,path:36,sky:35,window:35}","{brickface:66,cement:66,foliage:66,grass:66,path:66,sky:66,window:66}","{brickface:264,cement:264,foliage:264,grass:264,path:264,sky:264,window:264}","{brickface:228,cement:228,foliage:228,grass:228,path:228,sky:229,window:229}","{brickface:7,cement:7,foliage:8,grass:7,path:7,sky:7,window:7}"
2026-07-07T10:47:13.637709+00:00,segment,36,sslae,2,500,1348,400,100,462,7,19,19,,,,,,,,,,,,,,,stratified_labeled_val,7,True,71,72,16.7431,success,,0.9588744588744588,0.9588744588744588,0.9589386253118908,0.1646550488749098,0.9964908828545193,,97.0,0.0988772436976432,100.0,0.1255969256162643,,sslae,internal_stratified_val,,style_baseline,supervised_autoencoder,"{brickface:72,cement:72,foliage:72,grass:71,path:71,sky:71,window:71}","{brickface:66,cement:66,foliage:66,grass:66,path:66,sky:66,window:66}","{brickface:264,cement:264,foliage:264,grass:264,path:264,sky:264,window:264}","{brickface:192,cement:192,foliage:192,grass:193,path:193,sky:193,window:193}","{brickface:14,cement:15,foliage:15,grass:14,path:14,sky:14,window:14}"
2026-07-07T10:47:30.389414+00:00,segment,36,scarf,0,50,1798,40,10,462,7,19,19,,,,,,,,,,,,,,,stratified_labeled_val,7,True,7,8,21.9006,success,,0.8138528138528138,0.8138528138528139,0.8037300829292577,0.6070759029480146,0.9592188114915388,,57.0,0.8312256932258606,67.0,0.1290293931961059,67.0,scarf,internal_stratified_val,50.0,paper_faithful_core,SCARF,"{brickface:8,cement:7,foliage:7,grass:7,path:7,sky:7,window:7}","{brickface:66,cement:66,foliage:66,grass:66,path:66,sky:66,window:66}","{brickface:264,cement:264,foliage:264,grass:264,path:264,sky:264,window:264}","{brickface:256,cement:257,foliage:257,grass:257,path:257,sky:257,window:257}","{brickface:2,cement:2,foliage:1,grass:1,path:1,sky:1,window:2}"
2026-07-07T10:47:52.296774+00:00,segment,36,scarf,0,100,1748,80,20,462,7,19,19,,,,,,,,,,,,,,,stratified_labeled_val,7,True,14,15,24.126,success,,0.8874458874458875,0.8874458874458874,0.8851641631004737,0.5743907435832832,0.9674887402160128,,70.0,0.5306333303451538,80.0,0.0911201983690261,80.0,scarf,internal_stratified_val,50.0,paper_faithful_core,SCARF,"{brickface:15,cement:15,foliage:14,grass:14,path:14,sky:14,window:14}","{brickface:66,cement:66,foliage:66,grass:66,path:66,sky:66,window:66}","{brickface:264,cement:264,foliage:264,grass:264,path:264,sky:264,window:264}","{brickface:249,cement:249,foliage:250,grass:250,path:250,sky:250,window:250}","{brickface:3,cement:3,foliage:3,grass:3,path:2,sky:3,window:3}"
2026-07-07T10:48:16.428825+00:00,segment,36,scarf,0,250,1598,200,50,462,7,19,19,,,,,,,,,,,,,,,stratified_labeled_val,7,True,35,36,24.5062,success,,0.9004329004329005,0.9004329004329004,0.8988022640891834,0.3935545388927016,0.9830993921903012,,75.0,0.2443699836730957,85.0,0.1430151164531707,85.0,scarf,internal_stratified_val,50.0,paper_faithful_core,SCARF,"{brickface:36,cement:36,foliage:36,grass:36,path:36,sky:35,window:35}","{brickface:66,cement:66,foliage:66,grass:66,path:66,sky:66,window:66}","{brickface:264,cement:264,foliage:264,grass:264,path:264,sky:264,window:264}","{brickface:228,cement:228,foliage:228,grass:228,path:228,sky:229,window:229}","{brickface:8,cement:7,foliage:7,grass:7,path:7,sky:7,window:7}"
2026-07-07T10:48:40.941692+00:00,segment,36,scarf,0,500,1348,400,100,462,7,19,19,,,,,,,,,,,,,,,stratified_labeled_val,7,True,71,72,17.841,success,,0.9285714285714286,0.9285714285714286,0.9275427327389412,0.2457848646522388,0.9918612532248896,,93.0,0.1200911030173301,100.0,0.0740506574511528,100.0,scarf,internal_stratified_val,50.0,paper_faithful_core,SCARF,"{brickface:72,cement:72,foliage:72,grass:71,path:71,sky:71,window:71}","{brickface:66,cement:66,foliage:66,grass:66,path:66,sky:66,window:66}","{brickface:264,cement:264,foliage:264,grass:264,path:264,sky:264,window:264}","{brickface:192,cement:192,foliage:192,grass:193,path:193,sky:193,window:193}","{brickface:14,cement:15,foliage:15,grass:14,path:14,sky:14,window:14}"
2026-07-07T10:48:58.789165+00:00,segment,36,scarf,1,50,1798,40,10,462,7,19,19,,,,,,,,,,,,,,,stratified_labeled_val,7,True,7,8,19.74,success,,0.564935064935065,0.5649350649350648,0.5137513825706593,1.5796280742083808,0.9033025055752328,,8.0,1.8847085237503047,18.0,1.0374281406402588,18.0,scarf,internal_stratified_val,50.0,paper_faithful_core,SCARF,"{brickface:8,cement:7,foliage:7,grass:7,path:7,sky:7,window:7}","{brickface:66,cement:66,foliage:66,grass:66,path:66,sky:66,window:66}","{brickface:264,cement:264,foliage:264,grass:264,path:264,sky:264,window:264}","{brickface:256,cement:257,foliage:257,grass:257,path:257,sky:257,window:257}","{brickface:2,cement:2,foliage:1,grass:2,path:1,sky:1,window:1}"
2026-07-07T10:49:18.535447+00:00,segment,36,scarf,1,100,1748,80,20,462,7,19,19,,,,,,,,,,,,,,,stratified_labeled_val,7,True,14,15,18.3947,success,,0.8398268398268398,0.8398268398268398,0.8344779621475961,0.5951149548120607,0.969035594035594,,88.0,0.2399808764457702,98.0,0.0674658492207527,98.0,scarf,internal_stratified_val,50.0,paper_faithful_core,SCARF,"{brickface:15,cement:15,foliage:14,grass:14,path:14,sky:14,window:14}","{brickface:66,cement:66,foliage:66,grass:66,path:66,sky:66,window:66}","{brickface:264,cement:264,foliage:264,grass:264,path:264,sky:264,window:264}","{brickface:249,cement:249,foliage:250,grass:250,path:250,sky:250,window:250}","{brickface:3,cement:3,foliage:3,grass:3,path:3,sky:2,window:3}"
2026-07-07T10:49:36.936023+00:00,segment,36,scarf,1,250,1598,200,50,462,7,19,19,,,,,,,,,,,,,,,stratified_labeled_val,7,True,35,36,15.4379,success,,0.8961038961038961,0.8961038961038962,0.8975203162373623,0.3504554884852308,0.9837334382788928,,95.0,0.2377090156078338,100.0,0.1014250144362449,100.0,scarf,internal_stratified_val,50.0,paper_faithful_core,SCARF,"{brickface:36,cement:36,foliage:36,grass:36,path:36,sky:35,window:35}","{brickface:66,cement:66,foliage:66,grass:66,path:66,sky:66,window:66}","{brickface:264,cement:264,foliage:264,grass:264,path:264,sky:264,window:264}","{brickface:228,cement:228,foliage:228,grass:228,path:228,sky:229,window:229}","{brickface:7,cement:7,foliage:8,grass:7,path:7,sky:7,window:7}"
2026-07-07T10:49:52.380186+00:00,segment,36,scarf,1,500,1348,400,100,462,7,19,19,,,,,,,,,,,,,,,stratified_labeled_val,7,True,71,72,18.8933,success,,0.9047619047619048,0.9047619047619048,0.9067410127339876,0.2713562928015821,0.989833398924308,,54.0,0.1632655411958694,64.0,0.1394256949424743,64.0,scarf,internal_stratified_val,50.0,paper_faithful_core,SCARF,"{brickface:72,cement:72,foliage:72,grass:71,path:71,sky:71,window:71}","{brickface:66,cement:66,foliage:66,grass:66,path:66,sky:66,window:66}","{brickface:264,cement:264,foliage:264,grass:264,path:264,sky:264,window:264}","{brickface:192,cement:192,foliage:192,grass:193,path:193,sky:193,window:193}","{brickface:15,cement:14,foliage:15,grass:14,path:14,sky:14,window:14}"
2026-07-07T10:50:11.280736+00:00,segment,36,scarf,2,50,1798,40,10,462,7,19,19,,,,,,,,,,,,,,,stratified_labeled_val,7,True,7,8,21.6331,success,,0.7402597402597403,0.7402597402597403,0.7339876337367984,0.6718347117868118,0.9566443657352748,,40.0,0.7850435972213745,50.0,0.2760040163993835,50.0,scarf,internal_stratified_val,50.0,paper_faithful_core,SCARF,"{brickface:8,cement:7,foliage:7,grass:7,path:7,sky:7,window:7}","{brickface:66,cement:66,foliage:66,grass:66,path:66,sky:66,window:66}","{brickface:264,cement:264,foliage:264,grass:264,path:264,sky:264,window:264}","{brickface:256,cement:257,foliage:257,grass:257,path:257,sky:257,window:257}","{brickface:2,cement:1,foliage:2,grass:2,path:1,sky:1,window:1}"
2026-07-07T10:50:32.920609+00:00,segment,36,scarf,2,100,1748,80,20,462,7,19,19,,,,,,,,,,,,,,,stratified_labeled_val,7,True,14,15,21.6671,success,,0.8528138528138528,0.8528138528138528,0.8440435334976575,0.4229281488239168,0.9781582054309328,,62.0,0.6305522918701172,72.0,0.1735977828502655,72.0,scarf,internal_stratified_val,50.0,paper_faithful_core,SCARF,"{brickface:15,cement:15,foliage:14,grass:14,path:14,sky:14,window:14}","{brickface:66,cement:66,foliage:66,grass:66,path:66,sky:66,window:66}","{brickface:264,cement:264,foliage:264,grass:264,path:264,sky:264,window:264}","{brickface:249,cement:249,foliage:250,grass:250,path:250,sky:250,window:250}","{brickface:3,cement:3,foliage:2,grass:3,path:3,sky:3,window:3}"
2026-07-07T10:50:54.594268+00:00,segment,36,scarf,2,250,1598,200,50,462,7,19,19,,,,,,,,,,,,,,,stratified_labeled_val,7,True,35,36,23.5422,success,,0.9025974025974026,0.9025974025974028,0.8991657514638364,0.2686085992504921,0.9895601031964668,,92.0,0.2675696015357971,100.0,0.1352275311946869,100.0,scarf,internal_stratified_val,50.0,paper_faithful_core,SCARF,"{brickface:36,cement:36,foliage:36,grass:36,path:36,sky:35,window:35}","{brickface:66,cement:66,foliage:66,grass:66,path:66,sky:66,window:66}","{brickface:264,cement:264,foliage:264,grass:264,path:264,sky:264,window:264}","{brickface:228,cement:228,foliage:228,grass:228,path:228,sky:229,window:229}","{brickface:7,cement:7,foliage:8,grass:7,path:7,sky:7,window:7}"
2026-07-07T10:51:18.143350+00:00,segment,36,scarf,2,500,1348,400,100,462,7,19,19,,,,,,,,,,,,,,,stratified_labeled_val,7,True,71,72,24.4851,success,,0.9372294372294372,0.9372294372294372,0.9363671585707344,0.1719722266198323,0.9960536096899733,,87.0,0.1378036439418792,97.0,0.117425262928009,97.0,scarf,internal_stratified_val,50.0,paper_faithful_core,SCARF,"{brickface:72,cement:72,foliage:72,grass:71,path:71,sky:71,window:71}","{brickface:66,cement:66,foliage:66,grass:66,path:66,sky:66,window:66}","{brickface:264,cement:264,foliage:264,grass:264,path:264,sky:264,window:264}","{brickface:192,cement:192,foliage:192,grass:193,path:193,sky:193,window:193}","{brickface:14,cement:15,foliage:15,grass:14,path:14,sky:14,window:14}"
2026-07-07T10:51:42.638268+00:00,segment,36,vime,0,50,1798,40,10,462,7,19,19,,,,,,,,,,,,,,,stratified_labeled_val,7,True,7,8,17.8635,success,,0.7294372294372294,0.7294372294372293,0.6797408276281516,0.7724664031383429,0.9431380908653636,,37.0,0.9334975481033324,47.0,0.3420312702655792,47.0,vime,internal_stratified_val,50.0,paper_faithful_core,VIME,"{brickface:8,cement:7,foliage:7,grass:7,path:7,sky:7,window:7}","{brickface:66,cement:66,foliage:66,grass:66,path:66,sky:66,window:66}","{brickface:264,cement:264,foliage:264,grass:264,path:264,sky:264,window:264}","{brickface:256,cement:257,foliage:257,grass:257,path:257,sky:257,window:257}","{brickface:2,cement:2,foliage:1,grass:1,path:1,sky:1,window:2}"
2026-07-07T10:52:00.543019+00:00,segment,36,vime,0,100,1748,80,20,462,7,19,19,,,,,,,,,,,,,,,stratified_labeled_val,7,True,14,15,19.1908,success,,0.8614718614718615,0.8614718614718616,0.8596000631408619,0.6302245929363084,0.9673739560103196,,87.0,0.4774232804775238,97.0,0.0879186019301414,97.0,vime,internal_stratified_val,50.0,paper_faithful_core,VIME,"{brickface:15,cement:15,foliage:14,grass:14,path:14,sky:14,window:14}","{brickface:66,cement:66,foliage:66,grass:66,path:66,sky:66,window:66}","{brickface:264,cement:264,foliage:264,grass:264,path:264,sky:264,window:264}","{brickface:249,cement:249,foliage:250,grass:250,path:250,sky:250,window:250}","{brickface:3,cement:3,foliage:3,grass:3,path:2,sky:3,window:3}"
2026-07-07T10:52:19.740302+00:00,segment,36,vime,0,250,1598,200,50,462,7,19,19,,,,,,,,,,,,,,,stratified_labeled_val,7,True,35,36,21.5029,success,,0.9004329004329005,0.9004329004329007,0.8983728183154601,0.4067156257905402,0.9819406183042548,,74.0,0.2602874040603637,84.0,0.1685099005699157,84.0,vime,internal_stratified_val,50.0,paper_faithful_core,VIME,"{brickface:36,cement:36,foliage:36,grass:36,path:36,sky:35,window:35}","{brickface:66,cement:66,foliage:66,grass:66,path:66,sky:66,window:66}","{brickface:264,cement:264,foliage:264,grass:264,path:264,sky:264,window:264}","{brickface:228,cement:228,foliage:228,grass:228,path:228,sky:229,window:229}","{brickface:8,cement:7,foliage:7,grass:7,path:7,sky:7,window:7}"
2026-07-07T10:52:41.250279+00:00,segment,36,vime,0,500,1348,400,100,462,7,19,19,,,,,,,,,,,,,,,stratified_labeled_val,7,True,71,72,22.2558,success,,0.9112554112554112,0.9112554112554112,0.910315045508344,0.2801264294728491,0.9888932616205344,,58.0,0.2488744556903839,68.0,0.1413914710283279,68.0,vime,internal_stratified_val,50.0,paper_faithful_core,VIME,"{brickface:72,cement:72,foliage:72,grass:71,path:71,sky:71,window:71}","{brickface:66,cement:66,foliage:66,grass:66,path:66,sky:66,window:66}","{brickface:264,cement:264,foliage:264,grass:264,path:264,sky:264,window:264}","{brickface:192,cement:192,foliage:192,grass:193,path:193,sky:193,window:193}","{brickface:14,cement:15,foliage:15,grass:14,path:14,sky:14,window:14}"
2026-07-07T10:53:03.513518+00:00,segment,36,vime,1,50,1798,40,10,462,7,19,19,,,,,,,,,,,,,,,stratified_labeled_val,7,True,7,8,25.4508,success,,0.525974025974026,0.525974025974026,0.4618458146178011,1.5663332370203995,0.8751803751803752,,5.0,1.7715351581573486,15.0,0.99642413854599,15.0,vime,internal_stratified_val,50.0,paper_faithful_core,VIME,"{brickface:8,cement:7,foliage:7,grass:7,path:7,sky:7,window:7}","{brickface:66,cement:66,foliage:66,grass:66,path:66,sky:66,window:66}","{brickface:264,cement:264,foliage:264,grass:264,path:264,sky:264,window:264}","{brickface:256,cement:257,foliage:257,grass:257,path:257,sky:257,window:257}","{brickface:2,cement:2,foliage:1,grass:2,path:1,sky:1,window:1}"
2026-07-07T10:53:28.983127+00:00,segment,36,vime,1,100,1748,80,20,462,7,19,19,,,,,,,,,,,,,,,stratified_labeled_val,7,True,14,15,17.6471,success,,0.803030303030303,0.803030303030303,0.7926852524619349,0.7386199812574198,0.9596670164851984,,96.0,0.260063886642456,100.0,0.123802900314331,100.0,vime,internal_stratified_val,50.0,paper_faithful_core,VIME,"{brickface:15,cement:15,foliage:14,grass:14,path:14,sky:14,window:14}","{brickface:66,cement:66,foliage:66,grass:66,path:66,sky:66,window:66}","{brickface:264,cement:264,foliage:264,grass:264,path:264,sky:264,window:264}","{brickface:249,cement:249,foliage:250,grass:250,path:250,sky:250,window:250}","{brickface:3,cement:3,foliage:3,grass:3,path:3,sky:2,window:3}"
2026-07-07T10:53:46.637769+00:00,segment,36,vime,1,250,1598,200,50,462,7,19,19,,,,,,,,,,,,,,,stratified_labeled_val,7,True,35,36,22.8438,success,,0.9069264069264068,0.9069264069264068,0.9082577190949884,0.3314568771533829,0.985870610870611,,96.0,0.3411978185176849,100.0,0.1187829747796058,100.0,vime,internal_stratified_val,50.0,paper_faithful_core,VIME,"{brickface:36,cement:36,foliage:36,grass:36,path:36,sky:35,window:35}","{brickface:66,cement:66,foliage:66,grass:66,path:66,sky:66,window:66}","{brickface:264,cement:264,foliage:264,grass:264,path:264,sky:264,window:264}","{brickface:228,cement:228,foliage:228,grass:228,path:228,sky:229,window:229}","{brickface:7,cement:7,foliage:8,grass:7,path:7,sky:7,window:7}"
2026-07-07T10:54:09.493637+00:00,segment,36,vime,1,500,1348,400,100,462,7,19,19,,,,,,,,,,,,,,,stratified_labeled_val,7,True,71,72,16.6928,success,,0.8961038961038961,0.8961038961038961,0.8980668531700718,0.2713298242625517,0.9892704097249552,,59.0,0.196629986166954,69.0,0.1675682663917541,69.0,vime,internal_stratified_val,50.0,paper_faithful_core,VIME,"{brickface:72,cement:72,foliage:72,grass:71,path:71,sky:71,window:71}","{brickface:66,cement:66,foliage:66,grass:66,path:66,sky:66,window:66}","{brickface:264,cement:264,foliage:264,grass:264,path:264,sky:264,window:264}","{brickface:192,cement:192,foliage:192,grass:193,path:193,sky:193,window:193}","{brickface:15,cement:14,foliage:15,grass:14,path:14,sky:14,window:14}"
2026-07-07T10:54:26.200656+00:00,segment,36,vime,2,50,1798,40,10,462,7,19,19,,,,,,,,,,,,,,,stratified_labeled_val,7,True,7,8,16.4065,success,,0.7380952380952381,0.738095238095238,0.7291102950996199,0.7303880901700708,0.94799728890638,,33.0,0.7107479572296143,43.0,0.3480567038059234,43.0,vime,internal_stratified_val,50.0,paper_faithful_core,VIME,"{brickface:8,cement:7,foliage:7,grass:7,path:7,sky:7,window:7}","{brickface:66,cement:66,foliage:66,grass:66,path:66,sky:66,window:66}","{brickface:264,cement:264,foliage:264,grass:264,path:264,sky:264,window:264}","{brickface:256,cement:257,foliage:257,grass:257,path:257,sky:257,window:257}","{brickface:2,cement:1,foliage:2,grass:2,path:1,sky:1,window:1}"
2026-07-07T10:54:42.618762+00:00,segment,36,vime,2,100,1748,80,20,462,7,19,19,,,,,,,,,,,,,,,stratified_labeled_val,7,True,14,15,16.0061,success,,0.8571428571428571,0.8571428571428571,0.8504233313458647,0.4496883687682066,0.9752831343740436,,79.0,0.5586603879928589,89.0,0.1325547844171524,89.0,vime,internal_stratified_val,50.0,paper_faithful_core,VIME,"{brickface:15,cement:15,foliage:14,grass:14,path:14,sky:14,window:14}","{brickface:66,cement:66,foliage:66,grass:66,path:66,sky:66,window:66}","{brickface:264,cement:264,foliage:264,grass:264,path:264,sky:264,window:264}","{brickface:249,cement:249,foliage:250,grass:250,path:250,sky:250,window:250}","{brickface:3,cement:3,foliage:2,grass:3,path:3,sky:3,window:3}"
2026-07-07T10:54:58.632393+00:00,segment,36,vime,2,250,1598,200,50,462,7,19,19,,,,,,,,,,,,,,,stratified_labeled_val,7,True,35,36,16.8623,success,,0.9090909090909092,0.9090909090909092,0.9057685685857316,0.2614140374584302,0.9902214788578424,,90.0,0.2785027325153351,100.0,0.1139354929327964,100.0,vime,internal_stratified_val,50.0,paper_faithful_core,VIME,"{brickface:36,cement:36,foliage:36,grass:36,path:36,sky:35,window:35}","{brickface:66,cement:66,foliage:66,grass:66,path:66,sky:66,window:66}","{brickface:264,cement:264,foliage:264,grass:264,path:264,sky:264,window:264}","{brickface:228,cement:228,foliage:228,grass:228,path:228,sky:229,window:229}","{brickface:7,cement:7,foliage:8,grass:7,path:7,sky:7,window:7}"
2026-07-07T10:55:15.502760+00:00,segment,36,vime,2,500,1348,400,100,462,7,19,19,,,,,,,,,,,,,,,stratified_labeled_val,7,True,71,72,16.9247,success,,0.945887445887446,0.945887445887446,0.9459054447415134,0.1822156374480552,0.9956983252437795,,98.0,0.1346334666013717,100.0,0.109247975051403,100.0,vime,internal_stratified_val,50.0,paper_faithful_core,VIME,"{brickface:72,cement:72,foliage:72,grass:71,path:71,sky:71,window:71}","{brickface:66,cement:66,foliage:66,grass:66,path:66,sky:66,window:66}","{brickface:264,cement:264,foliage:264,grass:264,path:264,sky:264,window:264}","{brickface:192,cement:192,foliage:192,grass:193,path:193,sky:193,window:193}","{brickface:14,cement:15,foliage:15,grass:14,path:14,sky:14,window:14}"
2026-07-14T09:52:08.973284+00:00,segment,36,self_training_catboost,0,100,1748,80,20,462,7,19,19,0.0,0.0,0.0,"{0: 12, 1: 12, 2: 11, 3: 11, 4: 12, 5: 11, 6: 11}",0.0,,,,,no_candidates,,,,,stratified_labeled_val,7,True,14,15,6.6925,success,,0.8831168831168831,0.8831168831168832,0.8813619436866187,0.5235171963145616,0.9911014911014911,,,,,,,,,,,,"{brickface:15,cement:15,foliage:14,grass:14,path:14,sky:14,window:14}","{brickface:66,cement:66,foliage:66,grass:66,path:66,sky:66,window:66}","{brickface:264,cement:264,foliage:264,grass:264,path:264,sky:264,window:264}","{brickface:249,cement:249,foliage:250,grass:250,path:250,sky:250,window:250}","{brickface:3,cement:3,foliage:3,grass:3,path:2,sky:3,window:3}"
2026-07-07T10:56:20.912032+00:00,satimage,182,logistic_regression,0,50,5094,40,10,1286,6,36,36,,,,,,,,,,,,,,,stratified_labeled_val,6,True,6,11,0.227,success,,0.7853810264385692,0.7293587480505371,0.7356151561808292,0.6122213006019592,0.945368674032046,,,,,,,,,,,,"{1.:11,2.:6,3.:10,4.:6,5.:7,7.:10}","{1.:306,2.:141,3.:271,4.:125,5.:141,7.:302}","{1.:1225,2.:562,3.:1085,4.:500,5.:566,7.:1206}","{1.:1214,2.:556,3.:1075,4.:494,5.:559,7.:1196}","{1.:2,2.:1,3.:2,4.:1,5.:2,7.:2}"
2026-07-07T10:56:21.152452+00:00,satimage,182,logistic_regression,0,100,5044,80,20,1286,6,36,36,,,,,,,,,,,,,,,stratified_labeled_val,6,True,12,22,0.1778,success,,0.8048211508553654,0.7635265522039689,0.7678580276093393,0.5539970993995667,0.9544830568986784,,,,,,,,,,,,"{1.:22,2.:12,3.:20,4.:12,5.:13,7.:21}","{1.:306,2.:141,3.:271,4.:125,5.:141,7.:302}","{1.:1225,2.:562,3.:1085,4.:500,5.:566,7.:1206}","{1.:1203,2.:550,3.:1065,4.:488,5.:553,7.:1185}","{1.:4,2.:3,3.:4,4.:2,5.:3,7.:4}"
2026-07-07T10:56:21.337504+00:00,satimage,182,logistic_regression,0,250,4894,200,50,1286,6,36,36,,,,,,,,,,,,,,,stratified_labeled_val,6,True,26,57,0.1841,success,,0.8211508553654744,0.7705539346320588,0.7803586255272984,0.511576771736145,0.9604234119170888,,,,,,,,,,,,"{1.:57,2.:29,3.:52,4.:26,5.:29,7.:57}","{1.:306,2.:141,3.:271,4.:125,5.:141,7.:302}","{1.:1225,2.:562,3.:1085,4.:500,5.:566,7.:1206}","{1.:1168,2.:533,3.:1033,4.:474,5.:537,7.:1149}","{1.:12,2.:6,3.:10,4.:5,5.:6,7.:11}"
2026-07-07T10:56:21.527584+00:00,satimage,182,logistic_regression,0,500,4644,400,100,1286,6,36,36,,,,,,,,,,,,,,,stratified_labeled_val,6,True,51,117,0.2229,success,,0.8211508553654744,0.7727590909749411,0.7764526214526214,0.4712172746658325,0.963187233770249,,,,,,,,,,,,"{1.:117,2.:56,3.:104,4.:51,5.:57,7.:115}","{1.:306,2.:141,3.:271,4.:125,5.:141,7.:302}","{1.:1225,2.:562,3.:1085,4.:500,5.:566,7.:1206}","{1.:1108,2.:506,3.:981,4.:449,5.:509,7.:1091}","{1.:23,2.:11,3.:21,4.:10,5.:12,7.:23}"
2026-07-07T10:56:21.756354+00:00,satimage,182,logistic_regression,1,50,5094,40,10,1286,6,36,36,,,,,,,,,,,,,,,stratified_labeled_val,6,True,6,11,0.1708,success,,0.7877138413685848,0.7351105172498843,0.7328009579914182,0.5588464736938477,0.95226803915526,,,,,,,,,,,,"{1.:11,2.:6,3.:10,4.:6,5.:7,7.:10}","{1.:306,2.:141,3.:271,4.:125,5.:141,7.:302}","{1.:1225,2.:562,3.:1085,4.:500,5.:566,7.:1206}","{1.:1214,2.:556,3.:1075,4.:494,5.:559,7.:1196}","{1.:2,2.:1,3.:2,4.:1,5.:2,7.:2}"
2026-07-07T10:56:21.934575+00:00,satimage,182,logistic_regression,1,100,5044,80,20,1286,6,36,36,,,,,,,,,,,,,,,stratified_labeled_val,6,True,12,22,0.1852,success,,0.797045101088647,0.7486548605486109,0.7536152805497244,0.5422379374504089,0.9554513091781764,,,,,,,,,,,,"{1.:22,2.:12,3.:20,4.:12,5.:13,7.:21}","{1.:306,2.:141,3.:271,4.:125,5.:141,7.:302}","{1.:1225,2.:562,3.:1085,4.:500,5.:566,7.:1206}","{1.:1203,2.:550,3.:1065,4.:488,5.:553,7.:1185}","{1.:4,2.:3,3.:4,4.:2,5.:3,7.:4}"
2026-07-07T10:56:22.125841+00:00,satimage,182,logistic_regression,1,250,4894,200,50,1286,6,36,36,,,,,,,,,,,,,,,stratified_labeled_val,6,True,26,57,0.1771,success,,0.8102643856920684,0.7603883959470518,0.7635159285159285,0.5044934153556824,0.9601670483091616,,,,,,,,,,,,"{1.:57,2.:29,3.:52,4.:26,5.:29,7.:57}","{1.:306,2.:141,3.:271,4.:125,5.:141,7.:302}","{1.:1225,2.:562,3.:1085,4.:500,5.:566,7.:1206}","{1.:1168,2.:533,3.:1033,4.:474,5.:537,7.:1149}","{1.:11,2.:6,3.:10,4.:5,5.:6,7.:12}"
2026-07-07T10:56:22.309299+00:00,satimage,182,logistic_regression,1,500,4644,400,100,1286,6,36,36,,,,,,,,,,,,,,,stratified_labeled_val,6,True,51,117,0.1999,success,,0.8359253499222395,0.7923383295219288,0.7984015015939461,0.4204623699188232,0.9713650791672932,,,,,,,,,,,,"{1.:117,2.:56,3.:104,4.:51,5.:57,7.:115}","{1.:306,2.:141,3.:271,4.:125,5.:141,7.:302}","{1.:1225,2.:562,3.:1085,4.:500,5.:566,7.:1206}","{1.:1108,2.:506,3.:981,4.:449,5.:509,7.:1091}","{1.:23,2.:11,3.:21,4.:10,5.:12,7.:23}"
2026-07-07T10:56:22.515725+00:00,satimage,182,logistic_regression,2,50,5094,40,10,1286,6,36,36,,,,,,,,,,,,,,,stratified_labeled_val,6,True,6,11,0.1747,success,,0.8009331259720062,0.7374612115286253,0.7386394864834912,0.5565651655197144,0.9530053611775992,,,,,,,,,,,,"{1.:11,2.:6,3.:10,4.:6,5.:7,7.:10}","{1.:306,2.:141,3.:271,4.:125,5.:141,7.:302}","{1.:1225,2.:562,3.:1085,4.:500,5.:566,7.:1206}","{1.:1214,2.:556,3.:1075,4.:494,5.:559,7.:1196}","{1.:2,2.:1,3.:2,4.:1,5.:2,7.:2}"
2026-07-07T10:56:22.706027+00:00,satimage,182,logistic_regression,2,100,5044,80,20,1286,6,36,36,,,,,,,,,,,,,,,stratified_labeled_val,6,True,12,22,0.201,success,,0.8110419906687403,0.7605998460290726,0.7626460915396635,0.5451956987380981,0.955823687467511,,,,,,,,,,,,"{1.:22,2.:12,3.:20,4.:12,5.:13,7.:21}","{1.:306,2.:141,3.:271,4.:125,5.:141,7.:302}","{1.:1225,2.:562,3.:1085,4.:500,5.:566,7.:1206}","{1.:1203,2.:550,3.:1065,4.:488,5.:553,7.:1185}","{1.:4,2.:3,3.:4,4.:2,5.:3,7.:4}"
2026-07-07T10:56:22.913854+00:00,satimage,182,logistic_regression,2,250,4894,200,50,1286,6,36,36,,,,,,,,,,,,,,,stratified_labeled_val,6,True,26,57,0.2652,success,,0.812597200622084,0.7570130602040659,0.7573849714933951,0.5228825807571411,0.9574876005509608,,,,,,,,,,,,"{1.:57,2.:29,3.:52,4.:26,5.:29,7.:57}","{1.:306,2.:141,3.:271,4.:125,5.:141,7.:302}","{1.:1225,2.:562,3.:1085,4.:500,5.:566,7.:1206}","{1.:1168,2.:533,3.:1033,4.:474,5.:537,7.:1149}","{1.:11,2.:6,3.:10,4.:5,5.:6,7.:12}"
2026-07-07T10:56:23.187577+00:00,satimage,182,logistic_regression,2,500,4644,400,100,1286,6,36,36,,,,,,,,,,,,,,,stratified_labeled_val,6,True,51,117,0.2512,success,,0.828149300155521,0.7758603790880055,0.7762205615734185,0.4674201309680938,0.964448177682954,,,,,,,,,,,,"{1.:117,2.:56,3.:104,4.:51,5.:57,7.:115}","{1.:306,2.:141,3.:271,4.:125,5.:141,7.:302}","{1.:1225,2.:562,3.:1085,4.:500,5.:566,7.:1206}","{1.:1108,2.:506,3.:981,4.:449,5.:509,7.:1091}","{1.:23,2.:11,3.:21,4.:10,5.:12,7.:23}"
2026-07-07T10:56:23.445649+00:00,satimage,182,random_forest,0,50,5094,40,10,1286,6,36,36,,,,,,,,,,,,,,,stratified_labeled_val,6,True,6,11,2.4952,success,,0.7869362363919129,0.7424762835005506,0.7488914352626206,0.6543840737543888,0.952030340663546,,,,,,,,,,,,"{1.:11,2.:6,3.:10,4.:6,5.:7,7.:10}","{1.:306,2.:141,3.:271,4.:125,5.:141,7.:302}","{1.:1225,2.:562,3.:1085,4.:500,5.:566,7.:1206}","{1.:1214,2.:556,3.:1075,4.:494,5.:559,7.:1196}","{1.:2,2.:1,3.:2,4.:1,5.:2,7.:2}"
2026-07-07T10:56:25.955840+00:00,satimage,182,random_forest,0,100,5044,80,20,1286,6,36,36,,,,,,,,,,,,,,,stratified_labeled_val,6,True,12,22,3.3081,success,,0.8009331259720062,0.7734344544676013,0.7763540192490721,0.5475558463567899,0.9649747417505766,,,,,,,,,,,,"{1.:22,2.:12,3.:20,4.:12,5.:13,7.:21}","{1.:306,2.:141,3.:271,4.:125,5.:141,7.:302}","{1.:1225,2.:562,3.:1085,4.:500,5.:566,7.:1206}","{1.:1203,2.:550,3.:1065,4.:488,5.:553,7.:1185}","{1.:4,2.:3,3.:4,4.:2,5.:3,7.:4}"
2026-07-07T10:56:29.303934+00:00,satimage,182,random_forest,0,250,4894,200,50,1286,6,36,36,,,,,,,,,,,,,,,stratified_labeled_val,6,True,26,57,2.6127,success,,0.8265940902021773,0.7980703701278435,0.7988148480820362,0.5035519095944273,0.9692509328581144,,,,,,,,,,,,"{1.:57,2.:29,3.:52,4.:26,5.:29,7.:57}","{1.:306,2.:141,3.:271,4.:125,5.:141,7.:302}","{1.:1225,2.:562,3.:1085,4.:500,5.:566,7.:1206}","{1.:1168,2.:533,3.:1033,4.:474,5.:537,7.:1149}","{1.:12,2.:6,3.:10,4.:5,5.:6,7.:11}"
2026-07-07T10:56:31.941596+00:00,satimage,182,random_forest,0,500,4644,400,100,1286,6,36,36,,,,,,,,,,,,,,,stratified_labeled_val,6,True,51,117,3.1398,success,,0.8600311041990669,0.8297682870744115,0.8344123343275448,0.4276743867372646,0.974538001712315,,,,,,,,,,,,"{1.:117,2.:56,3.:104,4.:51,5.:57,7.:115}","{1.:306,2.:141,3.:271,4.:125,5.:141,7.:302}","{1.:1225,2.:562,3.:1085,4.:500,5.:566,7.:1206}","{1.:1108,2.:506,3.:981,4.:449,5.:509,7.:1091}","{1.:23,2.:11,3.:21,4.:10,5.:12,7.:23}"
2026-07-07T10:56:35.130158+00:00,satimage,182,random_forest,1,50,5094,40,10,1286,6,36,36,,,,,,,,,,,,,,,stratified_labeled_val,6,True,6,11,3.2027,success,,0.7713841368584758,0.7165365218520522,0.7108643263630858,0.771141811435013,0.9399179950113032,,,,,,,,,,,,"{1.:11,2.:6,3.:10,4.:6,5.:7,7.:10}","{1.:306,2.:141,3.:271,4.:125,5.:141,7.:302}","{1.:1225,2.:562,3.:1085,4.:500,5.:566,7.:1206}","{1.:1214,2.:556,3.:1075,4.:494,5.:559,7.:1196}","{1.:2,2.:1,3.:2,4.:1,5.:2,7.:2}"
2026-07-07T10:56:38.354801+00:00,satimage,182,random_forest,1,100,5044,80,20,1286,6,36,36,,,,,,,,,,,,,,,stratified_labeled_val,6,True,12,22,2.6093,success,,0.8320373250388803,0.7957824290401314,0.7983852208351664,0.5208525222599594,0.970051243791037,,,,,,,,,,,,"{1.:22,2.:12,3.:20,4.:12,5.:13,7.:21}","{1.:306,2.:141,3.:271,4.:125,5.:141,7.:302}","{1.:1225,2.:562,3.:1085,4.:500,5.:566,7.:1206}","{1.:1203,2.:550,3.:1065,4.:488,5.:553,7.:1185}","{1.:4,2.:3,3.:4,4.:2,5.:3,7.:4}"
2026-07-07T10:56:40.980441+00:00,satimage,182,random_forest,1,250,4894,200,50,1286,6,36,36,,,,,,,,,,,,,,,stratified_labeled_val,6,True,26,57,2.778,success,,0.8460342146189735,0.8001075581013334,0.8063194230385933,0.4501354821034469,0.9716529786663782,,,,,,,,,,,,"{1.:57,2.:29,3.:52,4.:26,5.:29,7.:57}","{1.:306,2.:141,3.:271,4.:125,5.:141,7.:302}","{1.:1225,2.:562,3.:1085,4.:500,5.:566,7.:1206}","{1.:1168,2.:533,3.:1033,4.:474,5.:537,7.:1149}","{1.:11,2.:6,3.:10,4.:5,5.:6,7.:12}"
2026-07-07T10:56:43.774611+00:00,satimage,182,random_forest,1,500,4644,400,100,1286,6,36,36,,,,,,,,,,,,,,,stratified_labeled_val,6,True,51,117,3.237,success,,0.8794712286158631,0.8409448675507734,0.8506189228132032,0.3683475158276795,0.9813522764615034,,,,,,,,,,,,"{1.:117,2.:56,3.:104,4.:51,5.:57,7.:115}","{1.:306,2.:141,3.:271,4.:125,5.:141,7.:302}","{1.:1225,2.:562,3.:1085,4.:500,5.:566,7.:1206}","{1.:1108,2.:506,3.:981,4.:449,5.:509,7.:1091}","{1.:23,2.:11,3.:21,4.:10,5.:12,7.:23}"
2026-07-07T10:56:47.068962+00:00,satimage,182,random_forest,2,50,5094,40,10,1286,6,36,36,,,,,,,,,,,,,,,stratified_labeled_val,6,True,6,11,2.8545,success,,0.8312597200622084,0.7819438772696706,0.7919612638803141,0.5926723222178164,0.950969843995564,,,,,,,,,,,,"{1.:11,2.:6,3.:10,4.:6,5.:7,7.:10}","{1.:306,2.:141,3.:271,4.:125,5.:141,7.:302}","{1.:1225,2.:562,3.:1085,4.:500,5.:566,7.:1206}","{1.:1214,2.:556,3.:1075,4.:494,5.:559,7.:1196}","{1.:2,2.:1,3.:2,4.:1,5.:2,7.:2}"
2026-07-07T10:56:49.941508+00:00,satimage,182,random_forest,2,100,5044,80,20,1286,6,36,36,,,,,,,,,,,,,,,stratified_labeled_val,6,True,12,22,2.8686,success,,0.8195956454121306,0.7778243509027658,0.7812223125262845,0.5063593885231376,0.9663397125654244,,,,,,,,,,,,"{1.:22,2.:12,3.:20,4.:12,5.:13,7.:21}","{1.:306,2.:141,3.:271,4.:125,5.:141,7.:302}","{1.:1225,2.:562,3.:1085,4.:500,5.:566,7.:1206}","{1.:1203,2.:550,3.:1065,4.:488,5.:553,7.:1185}","{1.:4,2.:3,3.:4,4.:2,5.:3,7.:4}"
2026-07-07T10:56:52.826466+00:00,satimage,182,random_forest,2,250,4894,200,50,1286,6,36,36,,,,,,,,,,,,,,,stratified_labeled_val,6,True,26,57,3.0366,success,,0.8530326594090202,0.8128151188785052,0.820131173149088,0.4831630292857458,0.967643080842458,,,,,,,,,,,,"{1.:57,2.:29,3.:52,4.:26,5.:29,7.:57}","{1.:306,2.:141,3.:271,4.:125,5.:141,7.:302}","{1.:1225,2.:562,3.:1085,4.:500,5.:566,7.:1206}","{1.:1168,2.:533,3.:1033,4.:474,5.:537,7.:1149}","{1.:11,2.:6,3.:10,4.:5,5.:6,7.:12}"
2026-07-07T10:56:55.886367+00:00,satimage,182,random_forest,2,500,4644,400,100,1286,6,36,36,,,,,,,,,,,,,,,stratified_labeled_val,6,True,51,117,2.881,success,,0.8685847589424572,0.8315725393608983,0.8365142364591595,0.3907731852797074,0.97783695633672,,,,,,,,,,,,"{1.:117,2.:56,3.:104,4.:51,5.:57,7.:115}","{1.:306,2.:141,3.:271,4.:125,5.:141,7.:302}","{1.:1225,2.:562,3.:1085,4.:500,5.:566,7.:1206}","{1.:1108,2.:506,3.:981,4.:449,5.:509,7.:1091}","{1.:23,2.:11,3.:21,4.:10,5.:12,7.:23}"
2026-07-07T10:56:58.784144+00:00,satimage,182,xgboost,0,50,5094,40,10,1286,6,36,36,,,,,,,,,,,,,,,stratified_labeled_val,6,True,6,11,5.9438,success,,0.7379471228615864,0.6788149362889525,0.6835096089885169,0.7550086975097656,0.9257174528809944,,,,,,,,,,,,"{1.:11,2.:6,3.:10,4.:6,5.:7,7.:10}","{1.:306,2.:141,3.:271,4.:125,5.:141,7.:302}","{1.:1225,2.:562,3.:1085,4.:500,5.:566,7.:1206}","{1.:1214,2.:556,3.:1075,4.:494,5.:559,7.:1196}","{1.:2,2.:1,3.:2,4.:1,5.:2,7.:2}"
2026-07-07T10:57:04.740780+00:00,satimage,182,xgboost,0,100,5044,80,20,1286,6,36,36,,,,,,,,,,,,,,,stratified_labeled_val,6,True,12,22,2.446,success,,0.7659409020217729,0.7572882940906315,0.7488328931638099,0.6989124417304993,0.9457631380676244,,,,,,,,,,,,"{1.:22,2.:12,3.:20,4.:12,5.:13,7.:21}","{1.:306,2.:141,3.:271,4.:125,5.:141,7.:302}","{1.:1225,2.:562,3.:1085,4.:500,5.:566,7.:1206}","{1.:1203,2.:550,3.:1065,4.:488,5.:553,7.:1185}","{1.:4,2.:3,3.:4,4.:2,5.:3,7.:4}"
2026-07-07T10:57:07.203694+00:00,satimage,182,xgboost,0,250,4894,200,50,1286,6,36,36,,,,,,,,,,,,,,,stratified_labeled_val,6,True,26,57,8.0927,success,,0.8219284603421462,0.7877074233637732,0.7918556185151634,0.5451847910881042,0.9610675330863556,,,,,,,,,,,,"{1.:57,2.:29,3.:52,4.:26,5.:29,7.:57}","{1.:306,2.:141,3.:271,4.:125,5.:141,7.:302}","{1.:1225,2.:562,3.:1085,4.:500,5.:566,7.:1206}","{1.:1168,2.:533,3.:1033,4.:474,5.:537,7.:1149}","{1.:12,2.:6,3.:10,4.:5,5.:6,7.:11}"
2026-07-07T10:57:15.328430+00:00,satimage,182,xgboost,0,500,4644,400,100,1286,6,36,36,,,,,,,,,,,,,,,stratified_labeled_val,6,True,51,117,6.213,success,,0.8530326594090202,0.8297411023731315,0.8317817309801976,0.4559912383556366,0.9709812167146906,,,,,,,,,,,,"{1.:117,2.:56,3.:104,4.:51,5.:57,7.:115}","{1.:306,2.:141,3.:271,4.:125,5.:141,7.:302}","{1.:1225,2.:562,3.:1085,4.:500,5.:566,7.:1206}","{1.:1108,2.:506,3.:981,4.:449,5.:509,7.:1091}","{1.:23,2.:11,3.:21,4.:10,5.:12,7.:23}"
2026-07-07T10:57:21.573652+00:00,satimage,182,xgboost,1,50,5094,40,10,1286,6,36,36,,,,,,,,,,,,,,,stratified_labeled_val,6,True,6,11,2.7217,success,,0.7130637636080871,0.6326070387964501,0.6304458648030765,0.8292815089225769,0.8972710860499001,,,,,,,,,,,,"{1.:11,2.:6,3.:10,4.:6,5.:7,7.:10}","{1.:306,2.:141,3.:271,4.:125,5.:141,7.:302}","{1.:1225,2.:562,3.:1085,4.:500,5.:566,7.:1206}","{1.:1214,2.:556,3.:1075,4.:494,5.:559,7.:1196}","{1.:2,2.:1,3.:2,4.:1,5.:2,7.:2}"
2026-07-07T10:57:24.308520+00:00,satimage,182,xgboost,1,100,5044,80,20,1286,6,36,36,,,,,,,,,,,,,,,stratified_labeled_val,6,True,12,22,8.1126,success,,0.8040435458786936,0.7655631427004178,0.768566585413441,0.5693632364273071,0.95720719850621,,,,,,,,,,,,"{1.:22,2.:12,3.:20,4.:12,5.:13,7.:21}","{1.:306,2.:141,3.:271,4.:125,5.:141,7.:302}","{1.:1225,2.:562,3.:1085,4.:500,5.:566,7.:1206}","{1.:1203,2.:550,3.:1065,4.:488,5.:553,7.:1185}","{1.:4,2.:3,3.:4,4.:2,5.:3,7.:4}"
2026-07-07T10:57:32.437991+00:00,satimage,182,xgboost,1,250,4894,200,50,1286,6,36,36,,,,,,,,,,,,,,,stratified_labeled_val,6,True,26,57,5.3561,success,,0.8398133748055988,0.7984202115434113,0.8026466171760737,0.5157421231269836,0.9631406382975762,,,,,,,,,,,,"{1.:57,2.:29,3.:52,4.:26,5.:29,7.:57}","{1.:306,2.:141,3.:271,4.:125,5.:141,7.:302}","{1.:1225,2.:562,3.:1085,4.:500,5.:566,7.:1206}","{1.:1168,2.:533,3.:1033,4.:474,5.:537,7.:1149}","{1.:11,2.:6,3.:10,4.:5,5.:6,7.:12}"
2026-07-07T10:57:37.815808+00:00,satimage,182,xgboost,1,500,4644,400,100,1286,6,36,36,,,,,,,,,,,,,,,stratified_labeled_val,6,True,51,117,7.5415,success,,0.8810264385692068,0.8521062569383745,0.8574483323004575,0.3677438795566559,0.9794178857630972,,,,,,,,,,,,"{1.:117,2.:56,3.:104,4.:51,5.:57,7.:115}","{1.:306,2.:141,3.:271,4.:125,5.:141,7.:302}","{1.:1225,2.:562,3.:1085,4.:500,5.:566,7.:1206}","{1.:1108,2.:506,3.:981,4.:449,5.:509,7.:1091}","{1.:23,2.:11,3.:21,4.:10,5.:12,7.:23}"
2026-07-07T10:57:45.370717+00:00,satimage,182,xgboost,2,50,5094,40,10,1286,6,36,36,,,,,,,,,,,,,,,stratified_labeled_val,6,True,6,11,3.1505,success,,0.797045101088647,0.7517288101093152,0.7592329168901227,0.661630392074585,0.935968854220846,,,,,,,,,,,,"{1.:11,2.:6,3.:10,4.:6,5.:7,7.:10}","{1.:306,2.:141,3.:271,4.:125,5.:141,7.:302}","{1.:1225,2.:562,3.:1085,4.:500,5.:566,7.:1206}","{1.:1214,2.:556,3.:1075,4.:494,5.:559,7.:1196}","{1.:2,2.:1,3.:2,4.:1,5.:2,7.:2}"
2026-07-07T10:57:48.534470+00:00,satimage,182,xgboost,2,100,5044,80,20,1286,6,36,36,,,,,,,,,,,,,,,stratified_labeled_val,6,True,12,22,4.7562,success,,0.7993779160186625,0.7590382863280154,0.7602381487469296,0.6144354939460754,0.9481460320018056,,,,,,,,,,,,"{1.:22,2.:12,3.:20,4.:12,5.:13,7.:21}","{1.:306,2.:141,3.:271,4.:125,5.:141,7.:302}","{1.:1225,2.:562,3.:1085,4.:500,5.:566,7.:1206}","{1.:1203,2.:550,3.:1065,4.:488,5.:553,7.:1185}","{1.:4,2.:3,3.:4,4.:2,5.:3,7.:4}"
2026-07-07T10:57:53.317984+00:00,satimage,182,xgboost,2,250,4894,200,50,1286,6,36,36,,,,,,,,,,,,,,,stratified_labeled_val,6,True,26,57,6.8016,success,,0.8304821150855366,0.7942406514832582,0.7958711982687695,0.5402597784996033,0.9560768751323064,,,,,,,,,,,,"{1.:57,2.:29,3.:52,4.:26,5.:29,7.:57}","{1.:306,2.:141,3.:271,4.:125,5.:141,7.:302}","{1.:1225,2.:562,3.:1085,4.:500,5.:566,7.:1206}","{1.:1168,2.:533,3.:1033,4.:474,5.:537,7.:1149}","{1.:11,2.:6,3.:10,4.:5,5.:6,7.:12}"
2026-07-07T10:58:00.144106+00:00,satimage,182,xgboost,2,500,4644,400,100,1286,6,36,36,,,,,,,,,,,,,,,stratified_labeled_val,6,True,51,117,7.3952,success,,0.8623639191290824,0.8338407185652198,0.8351338730175533,0.4326266944408417,0.974687936564412,,,,,,,,,,,,"{1.:117,2.:56,3.:104,4.:51,5.:57,7.:115}","{1.:306,2.:141,3.:271,4.:125,5.:141,7.:302}","{1.:1225,2.:562,3.:1085,4.:500,5.:566,7.:1206}","{1.:1108,2.:506,3.:981,4.:449,5.:509,7.:1091}","{1.:23,2.:11,3.:21,4.:10,5.:12,7.:23}"
2026-07-07T10:58:07.552281+00:00,satimage,182,lightgbm,0,50,5094,40,10,1286,6,36,36,,,,,,,,,,,,,,,stratified_labeled_val,6,True,6,11,2.0831,success,,0.7262830482115086,0.6624680060342365,0.6641174172753671,0.6936146428731222,0.9345632855603698,,,,,,,,,,,,"{1.:11,2.:6,3.:10,4.:6,5.:7,7.:10}","{1.:306,2.:141,3.:271,4.:125,5.:141,7.:302}","{1.:1225,2.:562,3.:1085,4.:500,5.:566,7.:1206}","{1.:1214,2.:556,3.:1075,4.:494,5.:559,7.:1196}","{1.:2,2.:1,3.:2,4.:1,5.:2,7.:2}"
2026-07-07T10:58:09.646257+00:00,satimage,182,lightgbm,0,100,5044,80,20,1286,6,36,36,,,,,,,,,,,,,,,stratified_labeled_val,6,True,12,22,2.7864,success,,0.7643856920684292,0.7493207943853538,0.7453803934943717,1.2724499983335076,0.9363377478706298,,,,,,,,,,,,"{1.:22,2.:12,3.:20,4.:12,5.:13,7.:21}","{1.:306,2.:141,3.:271,4.:125,5.:141,7.:302}","{1.:1225,2.:562,3.:1085,4.:500,5.:566,7.:1206}","{1.:1203,2.:550,3.:1065,4.:488,5.:553,7.:1185}","{1.:4,2.:3,3.:4,4.:2,5.:3,7.:4}"
2026-07-07T10:58:12.459242+00:00,satimage,182,lightgbm,0,250,4894,200,50,1286,6,36,36,,,,,,,,,,,,,,,stratified_labeled_val,6,True,26,57,5.8766,success,,0.8328149300155521,0.7982700533242987,0.8026279421252492,0.9486609451006528,0.9611925040598508,,,,,,,,,,,,"{1.:57,2.:29,3.:52,4.:26,5.:29,7.:57}","{1.:306,2.:141,3.:271,4.:125,5.:141,7.:302}","{1.:1225,2.:562,3.:1085,4.:500,5.:566,7.:1206}","{1.:1168,2.:533,3.:1033,4.:474,5.:537,7.:1149}","{1.:12,2.:6,3.:10,4.:5,5.:6,7.:11}"
2026-07-07T10:58:18.352819+00:00,satimage,182,lightgbm,0,500,4644,400,100,1286,6,36,36,,,,,,,,,,,,,,,stratified_labeled_val,6,True,51,117,9.0532,success,,0.8429237947122862,0.8160460878627912,0.8198349018729992,0.8232620654790654,0.9686899787843484,,,,,,,,,,,,"{1.:117,2.:56,3.:104,4.:51,5.:57,7.:115}","{1.:306,2.:141,3.:271,4.:125,5.:141,7.:302}","{1.:1225,2.:562,3.:1085,4.:500,5.:566,7.:1206}","{1.:1108,2.:506,3.:981,4.:449,5.:509,7.:1091}","{1.:23,2.:11,3.:21,4.:10,5.:12,7.:23}"
2026-07-07T10:58:27.417273+00:00,satimage,182,lightgbm,1,50,5094,40,10,1286,6,36,36,,,,,,,,,,,,,,,stratified_labeled_val,6,True,6,11,0.5467,success,,0.6671850699844479,0.5689677555048722,0.519249395683265,1.1612682349328198,0.8848596117159467,,,,,,,,,,,,"{1.:11,2.:6,3.:10,4.:6,5.:7,7.:10}","{1.:306,2.:141,3.:271,4.:125,5.:141,7.:302}","{1.:1225,2.:562,3.:1085,4.:500,5.:566,7.:1206}","{1.:1214,2.:556,3.:1075,4.:494,5.:559,7.:1196}","{1.:2,2.:1,3.:2,4.:1,5.:2,7.:2}"
2026-07-07T10:58:27.973008+00:00,satimage,182,lightgbm,1,100,5044,80,20,1286,6,36,36,,,,,,,,,,,,,,,stratified_labeled_val,6,True,12,22,6.9762,success,,0.8258164852255054,0.7897681015668332,0.7922507104495028,0.8891238293473356,0.958789852389868,,,,,,,,,,,,"{1.:22,2.:12,3.:20,4.:12,5.:13,7.:21}","{1.:306,2.:141,3.:271,4.:125,5.:141,7.:302}","{1.:1225,2.:562,3.:1085,4.:500,5.:566,7.:1206}","{1.:1203,2.:550,3.:1065,4.:488,5.:553,7.:1185}","{1.:4,2.:3,3.:4,4.:2,5.:3,7.:4}"
2026-07-07T10:58:34.982704+00:00,satimage,182,lightgbm,1,250,4894,200,50,1286,6,36,36,,,,,,,,,,,,,,,stratified_labeled_val,6,True,26,57,5.8308,success,,0.8413685847589425,0.7990832818207253,0.8039797794682385,0.83224796038888,0.966500864534436,,,,,,,,,,,,"{1.:57,2.:29,3.:52,4.:26,5.:29,7.:57}","{1.:306,2.:141,3.:271,4.:125,5.:141,7.:302}","{1.:1225,2.:562,3.:1085,4.:500,5.:566,7.:1206}","{1.:1168,2.:533,3.:1033,4.:474,5.:537,7.:1149}","{1.:11,2.:6,3.:10,4.:5,5.:6,7.:12}"
2026-07-07T10:58:40.833085+00:00,satimage,182,lightgbm,1,500,4644,400,100,1286,6,36,36,,,,,,,,,,,,,,,stratified_labeled_val,6,True,51,117,9.6752,success,,0.8833592534992224,0.8541954394132486,0.8596572906845606,0.5982590407359448,0.9789540700048408,,,,,,,,,,,,"{1.:117,2.:56,3.:104,4.:51,5.:57,7.:115}","{1.:306,2.:141,3.:271,4.:125,5.:141,7.:302}","{1.:1225,2.:562,3.:1085,4.:500,5.:566,7.:1206}","{1.:1108,2.:506,3.:981,4.:449,5.:509,7.:1091}","{1.:23,2.:11,3.:21,4.:10,5.:12,7.:23}"
2026-07-07T10:58:50.520755+00:00,satimage,182,lightgbm,2,50,5094,40,10,1286,6,36,36,,,,,,,,,,,,,,,stratified_labeled_val,6,True,6,11,0.928,success,,0.6547433903576982,0.5642049717981618,0.5455668970595718,1.1645136783472234,0.8845801393461751,,,,,,,,,,,,"{1.:11,2.:6,3.:10,4.:6,5.:7,7.:10}","{1.:306,2.:141,3.:271,4.:125,5.:141,7.:302}","{1.:1225,2.:562,3.:1085,4.:500,5.:566,7.:1206}","{1.:1214,2.:556,3.:1075,4.:494,5.:559,7.:1196}","{1.:2,2.:1,3.:2,4.:1,5.:2,7.:2}"
2026-07-07T10:58:51.466476+00:00,satimage,182,lightgbm,2,100,5044,80,20,1286,6,36,36,,,,,,,,,,,,,,,stratified_labeled_val,6,True,12,22,4.4723,success,,0.7900466562986003,0.7589879214260429,0.7560113667663485,1.193213211600217,0.9440100600209144,,,,,,,,,,,,"{1.:22,2.:12,3.:20,4.:12,5.:13,7.:21}","{1.:306,2.:141,3.:271,4.:125,5.:141,7.:302}","{1.:1225,2.:562,3.:1085,4.:500,5.:566,7.:1206}","{1.:1203,2.:550,3.:1065,4.:488,5.:553,7.:1185}","{1.:4,2.:3,3.:4,4.:2,5.:3,7.:4}"
2026-07-07T10:58:55.952461+00:00,satimage,182,lightgbm,2,250,4894,200,50,1286,6,36,36,,,,,,,,,,,,,,,stratified_labeled_val,6,True,26,57,6.5695,success,,0.8390357698289269,0.8052520504382105,0.8070961113861373,0.9360793745838404,0.9573672611500073,,,,,,,,,,,,"{1.:57,2.:29,3.:52,4.:26,5.:29,7.:57}","{1.:306,2.:141,3.:271,4.:125,5.:141,7.:302}","{1.:1225,2.:562,3.:1085,4.:500,5.:566,7.:1206}","{1.:1168,2.:533,3.:1033,4.:474,5.:537,7.:1149}","{1.:11,2.:6,3.:10,4.:5,5.:6,7.:12}"
2026-07-07T10:59:02.535264+00:00,satimage,182,lightgbm,2,500,4644,400,100,1286,6,36,36,,,,,,,,,,,,,,,stratified_labeled_val,6,True,51,117,8.6199,success,,0.864696734059098,0.8370270068455893,0.8387896485817743,0.7696518466179376,0.9726818416826803,,,,,,,,,,,,"{1.:117,2.:56,3.:104,4.:51,5.:57,7.:115}","{1.:306,2.:141,3.:271,4.:125,5.:141,7.:302}","{1.:1225,2.:562,3.:1085,4.:500,5.:566,7.:1206}","{1.:1108,2.:506,3.:981,4.:449,5.:509,7.:1091}","{1.:23,2.:11,3.:21,4.:10,5.:12,7.:23}"
2026-07-07T10:59:11.167898+00:00,satimage,182,catboost,0,50,5094,40,10,1286,6,36,36,,,,,,,,,,,,,,,stratified_labeled_val,6,True,6,11,10.8112,success,,0.7986003110419907,0.7584112083111508,0.7667206832233635,0.6170392208189244,0.9499381255251808,,,,,,,,,,,,"{1.:11,2.:6,3.:10,4.:6,5.:7,7.:10}","{1.:306,2.:141,3.:271,4.:125,5.:141,7.:302}","{1.:1225,2.:562,3.:1085,4.:500,5.:566,7.:1206}","{1.:1214,2.:556,3.:1075,4.:494,5.:559,7.:1196}","{1.:2,2.:1,3.:2,4.:1,5.:2,7.:2}"
2026-07-07T10:59:21.996903+00:00,satimage,182,catboost,0,100,5044,80,20,1286,6,36,36,,,,,,,,,,,,,,,stratified_labeled_val,6,True,12,22,6.7541,success,,0.7954898911353032,0.777053793630599,0.7709956182970643,0.5774323547191526,0.95665428036509,,,,,,,,,,,,"{1.:22,2.:12,3.:20,4.:12,5.:13,7.:21}","{1.:306,2.:141,3.:271,4.:125,5.:141,7.:302}","{1.:1225,2.:562,3.:1085,4.:500,5.:566,7.:1206}","{1.:1203,2.:550,3.:1065,4.:488,5.:553,7.:1185}","{1.:4,2.:3,3.:4,4.:2,5.:3,7.:4}"
2026-07-07T10:59:28.763993+00:00,satimage,182,catboost,0,250,4894,200,50,1286,6,36,36,,,,,,,,,,,,,,,stratified_labeled_val,6,True,26,57,8.3451,success,,0.843701399688958,0.8071815989115031,0.8141632546568017,0.4708556840110178,0.965329773955807,,,,,,,,,,,,"{1.:57,2.:29,3.:52,4.:26,5.:29,7.:57}","{1.:306,2.:141,3.:271,4.:125,5.:141,7.:302}","{1.:1225,2.:562,3.:1085,4.:500,5.:566,7.:1206}","{1.:1168,2.:533,3.:1033,4.:474,5.:537,7.:1149}","{1.:12,2.:6,3.:10,4.:5,5.:6,7.:11}"
2026-07-07T10:59:37.116617+00:00,satimage,182,catboost,0,500,4644,400,100,1286,6,36,36,,,,,,,,,,,,,,,stratified_labeled_val,6,True,51,117,9.2603,success,,0.8483670295489891,0.8196858229702849,0.8227622414996483,0.4094389304710796,0.9731839825421472,,,,,,,,,,,,"{1.:117,2.:56,3.:104,4.:51,5.:57,7.:115}","{1.:306,2.:141,3.:271,4.:125,5.:141,7.:302}","{1.:1225,2.:562,3.:1085,4.:500,5.:566,7.:1206}","{1.:1108,2.:506,3.:981,4.:449,5.:509,7.:1091}","{1.:23,2.:11,3.:21,4.:10,5.:12,7.:23}"
2026-07-07T10:59:46.388218+00:00,satimage,182,catboost,1,50,5094,40,10,1286,6,36,36,,,,,,,,,,,,,,,stratified_labeled_val,6,True,6,11,5.8213,success,,0.7612752721617418,0.7263067403262838,0.7128382138271127,0.6947968534472981,0.9313339125879024,,,,,,,,,,,,"{1.:11,2.:6,3.:10,4.:6,5.:7,7.:10}","{1.:306,2.:141,3.:271,4.:125,5.:141,7.:302}","{1.:1225,2.:562,3.:1085,4.:500,5.:566,7.:1206}","{1.:1214,2.:556,3.:1075,4.:494,5.:559,7.:1196}","{1.:2,2.:1,3.:2,4.:1,5.:2,7.:2}"
2026-07-07T10:59:52.217111+00:00,satimage,182,catboost,1,100,5044,80,20,1286,6,36,36,,,,,,,,,,,,,,,stratified_labeled_val,6,True,12,22,7.5449,success,,0.8250388802488335,0.7805091761065781,0.7864374937358014,0.4927002094980464,0.9643351226407364,,,,,,,,,,,,"{1.:22,2.:12,3.:20,4.:12,5.:13,7.:21}","{1.:306,2.:141,3.:271,4.:125,5.:141,7.:302}","{1.:1225,2.:562,3.:1085,4.:500,5.:566,7.:1206}","{1.:1203,2.:550,3.:1065,4.:488,5.:553,7.:1185}","{1.:4,2.:3,3.:4,4.:2,5.:3,7.:4}"
2026-07-07T10:59:59.778265+00:00,satimage,182,catboost,1,250,4894,200,50,1286,6,36,36,,,,,,,,,,,,,,,stratified_labeled_val,6,True,26,57,8.8779,success,,0.8522550544323484,0.8047425012774828,0.8134017558547079,0.4077103418008239,0.9735473299767492,,,,,,,,,,,,"{1.:57,2.:29,3.:52,4.:26,5.:29,7.:57}","{1.:306,2.:141,3.:271,4.:125,5.:141,7.:302}","{1.:1225,2.:562,3.:1085,4.:500,5.:566,7.:1206}","{1.:1168,2.:533,3.:1033,4.:474,5.:537,7.:1149}","{1.:11,2.:6,3.:10,4.:5,5.:6,7.:12}"
2026-07-07T11:00:08.666184+00:00,satimage,182,catboost,1,500,4644,400,100,1286,6,36,36,,,,,,,,,,,,,,,stratified_labeled_val,6,True,51,117,7.5711,success,,0.8748055987558321,0.8382638509139196,0.8464078943651582,0.3409845560828574,0.9806833624546664,,,,,,,,,,,,"{1.:117,2.:56,3.:104,4.:51,5.:57,7.:115}","{1.:306,2.:141,3.:271,4.:125,5.:141,7.:302}","{1.:1225,2.:562,3.:1085,4.:500,5.:566,7.:1206}","{1.:1108,2.:506,3.:981,4.:449,5.:509,7.:1091}","{1.:23,2.:11,3.:21,4.:10,5.:12,7.:23}"
2026-07-07T11:00:16.244912+00:00,satimage,182,catboost,2,50,5094,40,10,1286,6,36,36,,,,,,,,,,,,,,,stratified_labeled_val,6,True,6,11,3.0561,success,,0.8390357698289269,0.7899391907010213,0.8006482353944043,0.5680681420470339,0.943712102111868,,,,,,,,,,,,"{1.:11,2.:6,3.:10,4.:6,5.:7,7.:10}","{1.:306,2.:141,3.:271,4.:125,5.:141,7.:302}","{1.:1225,2.:562,3.:1085,4.:500,5.:566,7.:1206}","{1.:1214,2.:556,3.:1075,4.:494,5.:559,7.:1196}","{1.:2,2.:1,3.:2,4.:1,5.:2,7.:2}"
2026-07-07T11:00:19.309182+00:00,satimage,182,catboost,2,100,5044,80,20,1286,6,36,36,,,,,,,,,,,,,,,stratified_labeled_val,6,True,12,22,7.0604,success,,0.8258164852255054,0.7863452688130309,0.7903267941334379,0.5149518703462438,0.9591731344994936,,,,,,,,,,,,"{1.:22,2.:12,3.:20,4.:12,5.:13,7.:21}","{1.:306,2.:141,3.:271,4.:125,5.:141,7.:302}","{1.:1225,2.:562,3.:1085,4.:500,5.:566,7.:1206}","{1.:1203,2.:550,3.:1065,4.:488,5.:553,7.:1185}","{1.:4,2.:3,3.:4,4.:2,5.:3,7.:4}"
2026-07-07T11:00:26.378196+00:00,satimage,182,catboost,2,250,4894,200,50,1286,6,36,36,,,,,,,,,,,,,,,stratified_labeled_val,6,True,26,57,6.7321,success,,0.8421461897356143,0.8015914571963618,0.8074068495889168,0.4370684874229593,0.9668212654430168,,,,,,,,,,,,"{1.:57,2.:29,3.:52,4.:26,5.:29,7.:57}","{1.:306,2.:141,3.:271,4.:125,5.:141,7.:302}","{1.:1225,2.:562,3.:1085,4.:500,5.:566,7.:1206}","{1.:1168,2.:533,3.:1033,4.:474,5.:537,7.:1149}","{1.:11,2.:6,3.:10,4.:5,5.:6,7.:12}"
2026-07-07T11:00:33.117829+00:00,satimage,182,catboost,2,500,4644,400,100,1286,6,36,36,,,,,,,,,,,,,,,stratified_labeled_val,6,True,51,117,8.0574,success,,0.864696734059098,0.827419370416908,0.8314990790633474,0.3718377328978577,0.9752965328772424,,,,,,,,,,,,"{1.:117,2.:56,3.:104,4.:51,5.:57,7.:115}","{1.:306,2.:141,3.:271,4.:125,5.:141,7.:302}","{1.:1225,2.:562,3.:1085,4.:500,5.:566,7.:1206}","{1.:1108,2.:506,3.:981,4.:449,5.:509,7.:1091}","{1.:23,2.:11,3.:21,4.:10,5.:12,7.:23}"
2026-07-07T11:00:41.182232+00:00,satimage,182,mlp,0,50,5094,40,10,1286,6,36,36,,,,,,,,,,,,,,,stratified_labeled_val,6,True,6,11,0.2411,success,,0.7083981337480559,0.6235439241701334,0.5869426530853087,1.2469429969787598,0.9054532511752112,,,,,,,,,,,,"{1.:11,2.:6,3.:10,4.:6,5.:7,7.:10}","{1.:306,2.:141,3.:271,4.:125,5.:141,7.:302}","{1.:1225,2.:562,3.:1085,4.:500,5.:566,7.:1206}","{1.:1214,2.:556,3.:1075,4.:494,5.:559,7.:1196}","{1.:2,2.:1,3.:2,4.:1,5.:2,7.:2}"
2026-07-07T11:00:41.434422+00:00,satimage,182,mlp,0,100,5044,80,20,1286,6,36,36,,,,,,,,,,,,,,,stratified_labeled_val,6,True,12,22,0.4575,success,,0.8172628304821151,0.7457485561542616,0.744343755728691,0.5802041888237,0.9590228052035638,,,,,,,,,,,,"{1.:22,2.:12,3.:20,4.:12,5.:13,7.:21}","{1.:306,2.:141,3.:271,4.:125,5.:141,7.:302}","{1.:1225,2.:562,3.:1085,4.:500,5.:566,7.:1206}","{1.:1203,2.:550,3.:1065,4.:488,5.:553,7.:1185}","{1.:4,2.:3,3.:4,4.:2,5.:3,7.:4}"
2026-07-07T11:00:41.901665+00:00,satimage,182,mlp,0,250,4894,200,50,1286,6,36,36,,,,,,,,,,,,,,,stratified_labeled_val,6,True,26,57,0.3422,success,,0.7309486780715396,0.649946912609724,0.6142271043883862,0.9868021607398988,0.9432518058400824,,,,,,,,,,,,"{1.:57,2.:29,3.:52,4.:26,5.:29,7.:57}","{1.:306,2.:141,3.:271,4.:125,5.:141,7.:302}","{1.:1225,2.:562,3.:1085,4.:500,5.:566,7.:1206}","{1.:1168,2.:533,3.:1033,4.:474,5.:537,7.:1149}","{1.:12,2.:6,3.:10,4.:5,5.:6,7.:11}"
2026-07-07T11:00:42.252029+00:00,satimage,182,mlp,0,500,4644,400,100,1286,6,36,36,,,,,,,,,,,,,,,stratified_labeled_val,6,True,51,117,0.3965,success,,0.7255054432348367,0.6289126339019554,0.585650203763883,1.027124524116516,0.9366844231041817,,,,,,,,,,,,"{1.:117,2.:56,3.:104,4.:51,5.:57,7.:115}","{1.:306,2.:141,3.:271,4.:125,5.:141,7.:302}","{1.:1225,2.:562,3.:1085,4.:500,5.:566,7.:1206}","{1.:1108,2.:506,3.:981,4.:449,5.:509,7.:1091}","{1.:23,2.:11,3.:21,4.:10,5.:12,7.:23}"
2026-07-07T11:00:42.657677+00:00,satimage,182,mlp,1,50,5094,40,10,1286,6,36,36,,,,,,,,,,,,,,,stratified_labeled_val,6,True,6,11,0.2304,success,,0.4976671850699845,0.4263810498247489,0.3541489162670164,1.3750079870224,0.8815272602673954,,,,,,,,,,,,"{1.:11,2.:6,3.:10,4.:6,5.:7,7.:10}","{1.:306,2.:141,3.:271,4.:125,5.:141,7.:302}","{1.:1225,2.:562,3.:1085,4.:500,5.:566,7.:1206}","{1.:1214,2.:556,3.:1075,4.:494,5.:559,7.:1196}","{1.:2,2.:1,3.:2,4.:1,5.:2,7.:2}"
2026-07-07T11:00:42.901032+00:00,satimage,182,mlp,1,100,5044,80,20,1286,6,36,36,,,,,,,,,,,,,,,stratified_labeled_val,6,True,12,22,0.4024,success,,0.7643856920684292,0.6975886738803677,0.6969785860998226,0.7131935954093933,0.9547377212618754,,,,,,,,,,,,"{1.:22,2.:12,3.:20,4.:12,5.:13,7.:21}","{1.:306,2.:141,3.:271,4.:125,5.:141,7.:302}","{1.:1225,2.:562,3.:1085,4.:500,5.:566,7.:1206}","{1.:1203,2.:550,3.:1065,4.:488,5.:553,7.:1185}","{1.:4,2.:3,3.:4,4.:2,5.:3,7.:4}"
2026-07-07T11:00:43.313703+00:00,satimage,182,mlp,1,250,4894,200,50,1286,6,36,36,,,,,,,,,,,,,,,stratified_labeled_val,6,True,26,57,0.6028,success,,0.7892690513219285,0.7066759024619315,0.686605685493499,0.6670815944671631,0.949796812790944,,,,,,,,,,,,"{1.:57,2.:29,3.:52,4.:26,5.:29,7.:57}","{1.:306,2.:141,3.:271,4.:125,5.:141,7.:302}","{1.:1225,2.:562,3.:1085,4.:500,5.:566,7.:1206}","{1.:1168,2.:533,3.:1033,4.:474,5.:537,7.:1149}","{1.:11,2.:6,3.:10,4.:5,5.:6,7.:12}"
2026-07-07T11:00:43.931252+00:00,satimage,182,mlp,1,500,4644,400,100,1286,6,36,36,,,,,,,,,,,,,,,stratified_labeled_val,6,True,51,117,0.6531,success,,0.8048211508553654,0.7423826765854294,0.7423591887116942,0.5633805990219116,0.9641128819423672,,,,,,,,,,,,"{1.:117,2.:56,3.:104,4.:51,5.:57,7.:115}","{1.:306,2.:141,3.:271,4.:125,5.:141,7.:302}","{1.:1225,2.:562,3.:1085,4.:500,5.:566,7.:1206}","{1.:1108,2.:506,3.:981,4.:449,5.:509,7.:1091}","{1.:23,2.:11,3.:21,4.:10,5.:12,7.:23}"
2026-07-07T11:00:44.596954+00:00,satimage,182,mlp,2,50,5094,40,10,1286,6,36,36,,,,,,,,,,,,,,,stratified_labeled_val,6,True,6,11,0.3669,success,,0.5458786936236392,0.5365339843638445,0.4994695389987784,1.3648046255111694,0.8576312333066586,,,,,,,,,,,,"{1.:11,2.:6,3.:10,4.:6,5.:7,7.:10}","{1.:306,2.:141,3.:271,4.:125,5.:141,7.:302}","{1.:1225,2.:562,3.:1085,4.:500,5.:566,7.:1206}","{1.:1214,2.:556,3.:1075,4.:494,5.:559,7.:1196}","{1.:2,2.:1,3.:2,4.:1,5.:2,7.:2}"
2026-07-07T11:00:44.975637+00:00,satimage,182,mlp,2,100,5044,80,20,1286,6,36,36,,,,,,,,,,,,,,,stratified_labeled_val,6,True,12,22,0.3715,success,,0.4237947122861586,0.4207925418481751,0.3937347051810484,1.602016568183899,0.750452991791088,,,,,,,,,,,,"{1.:22,2.:12,3.:20,4.:12,5.:13,7.:21}","{1.:306,2.:141,3.:271,4.:125,5.:141,7.:302}","{1.:1225,2.:562,3.:1085,4.:500,5.:566,7.:1206}","{1.:1203,2.:550,3.:1065,4.:488,5.:553,7.:1185}","{1.:4,2.:3,3.:4,4.:2,5.:3,7.:4}"
2026-07-07T11:00:45.360593+00:00,satimage,182,mlp,2,250,4894,200,50,1286,6,36,36,,,,,,,,,,,,,,,stratified_labeled_val,6,True,26,57,0.5058,success,,0.7216174183514774,0.6651573327227772,0.6303266219822364,0.927548885345459,0.9392499621417612,,,,,,,,,,,,"{1.:57,2.:29,3.:52,4.:26,5.:29,7.:57}","{1.:306,2.:141,3.:271,4.:125,5.:141,7.:302}","{1.:1225,2.:562,3.:1085,4.:500,5.:566,7.:1206}","{1.:1168,2.:533,3.:1033,4.:474,5.:537,7.:1149}","{1.:11,2.:6,3.:10,4.:5,5.:6,7.:12}"
2026-07-07T11:00:45.879654+00:00,satimage,182,mlp,2,500,4644,400,100,1286,6,36,36,,,,,,,,,,,,,,,stratified_labeled_val,6,True,51,117,0.7932,success,,0.8180404354587869,0.7452701022363412,0.7290941574712905,0.6162168979644775,0.9588644878695808,,,,,,,,,,,,"{1.:117,2.:56,3.:104,4.:51,5.:57,7.:115}","{1.:306,2.:141,3.:271,4.:125,5.:141,7.:302}","{1.:1225,2.:562,3.:1085,4.:500,5.:566,7.:1206}","{1.:1108,2.:506,3.:981,4.:449,5.:509,7.:1091}","{1.:23,2.:11,3.:21,4.:10,5.:12,7.:23}"
2026-07-07T11:00:46.683852+00:00,satimage,182,label_spreading,0,50,5094,40,10,1286,6,36,36,,,,,,,,,,,15.0,1.0,5134.0,5094.0,stratified_labeled_val,6,True,6,11,7.5628,success,,0.833592534992224,0.7967520429171585,0.8036985708616182,0.7757621818339546,0.9713798603359756,,,,,,,,,,,,"{1.:11,2.:6,3.:10,4.:6,5.:7,7.:10}","{1.:306,2.:141,3.:271,4.:125,5.:141,7.:302}","{1.:1225,2.:562,3.:1085,4.:500,5.:566,7.:1206}","{1.:1214,2.:556,3.:1075,4.:494,5.:559,7.:1196}","{1.:2,2.:1,3.:2,4.:1,5.:2,7.:2}"
2026-07-07T11:00:54.267321+00:00,satimage,182,label_spreading,0,100,5044,80,20,1286,6,36,36,,,,,,,,,,,15.0,1.0,5124.0,5044.0,stratified_labeled_val,6,True,12,22,1.645,success,,0.8227060653188181,0.7787667553455284,0.7869947998631152,0.6402221702524803,0.9695117406776258,,,,,,,,,,,,"{1.:22,2.:12,3.:20,4.:12,5.:13,7.:21}","{1.:306,2.:141,3.:271,4.:125,5.:141,7.:302}","{1.:1225,2.:562,3.:1085,4.:500,5.:566,7.:1206}","{1.:1203,2.:550,3.:1065,4.:488,5.:553,7.:1185}","{1.:4,2.:3,3.:4,4.:2,5.:3,7.:4}"
2026-07-07T11:00:55.924066+00:00,satimage,182,label_spreading,0,250,4894,200,50,1286,6,36,36,,,,,,,,,,,7.0,0.0,5094.0,4894.0,stratified_labeled_val,6,True,26,57,1.2445,success,,0.8491446345256609,0.8206572851808248,0.82686733648663,0.7961275964659305,0.9709432012236796,,,,,,,,,,,,"{1.:57,2.:29,3.:52,4.:26,5.:29,7.:57}","{1.:306,2.:141,3.:271,4.:125,5.:141,7.:302}","{1.:1225,2.:562,3.:1085,4.:500,5.:566,7.:1206}","{1.:1168,2.:533,3.:1033,4.:474,5.:537,7.:1149}","{1.:12,2.:6,3.:10,4.:5,5.:6,7.:11}"
2026-07-07T11:00:57.189417+00:00,satimage,182,label_spreading,0,500,4644,400,100,1286,6,36,36,,,,,,,,,,,7.0,0.0,5044.0,4644.0,stratified_labeled_val,6,True,51,117,2.6236,success,,0.8460342146189735,0.8258329684368547,0.826903253471771,0.5722176291625586,0.9756720111007712,,,,,,,,,,,,"{1.:117,2.:56,3.:104,4.:51,5.:57,7.:115}","{1.:306,2.:141,3.:271,4.:125,5.:141,7.:302}","{1.:1225,2.:562,3.:1085,4.:500,5.:566,7.:1206}","{1.:1108,2.:506,3.:981,4.:449,5.:509,7.:1091}","{1.:23,2.:11,3.:21,4.:10,5.:12,7.:23}"
2026-07-07T11:00:59.826298+00:00,satimage,182,label_spreading,1,50,5094,40,10,1286,6,36,36,,,,,,,,,,,15.0,1.0,5134.0,5094.0,stratified_labeled_val,6,True,6,11,3.8722,success,,0.8017107309486781,0.7645880330622661,0.7660645297739807,1.0153774393603463,0.9479211577031792,,,,,,,,,,,,"{1.:11,2.:6,3.:10,4.:6,5.:7,7.:10}","{1.:306,2.:141,3.:271,4.:125,5.:141,7.:302}","{1.:1225,2.:562,3.:1085,4.:500,5.:566,7.:1206}","{1.:1214,2.:556,3.:1075,4.:494,5.:559,7.:1196}","{1.:2,2.:1,3.:2,4.:1,5.:2,7.:2}"
2026-07-07T11:01:03.717632+00:00,satimage,182,label_spreading,1,100,5044,80,20,1286,6,36,36,,,,,,,,,,,15.0,1.0,5124.0,5044.0,stratified_labeled_val,6,True,12,22,3.0735,success,,0.8475894245723172,0.8209150562233104,0.8242056494835509,0.4950569044710485,0.9756381344029162,,,,,,,,,,,,"{1.:22,2.:12,3.:20,4.:12,5.:13,7.:21}","{1.:306,2.:141,3.:271,4.:125,5.:141,7.:302}","{1.:1225,2.:562,3.:1085,4.:500,5.:566,7.:1206}","{1.:1203,2.:550,3.:1065,4.:488,5.:553,7.:1185}","{1.:4,2.:3,3.:4,4.:2,5.:3,7.:4}"
2026-07-07T11:01:06.815026+00:00,satimage,182,label_spreading,1,250,4894,200,50,1286,6,36,36,,,,,,,,,,,7.0,0.0,5094.0,4894.0,stratified_labeled_val,6,True,26,57,2.0225,success,,0.8584758942457231,0.8420689624841419,0.8402216214348618,0.6952423285404622,0.97595157297037,,,,,,,,,,,,"{1.:57,2.:29,3.:52,4.:26,5.:29,7.:57}","{1.:306,2.:141,3.:271,4.:125,5.:141,7.:302}","{1.:1225,2.:562,3.:1085,4.:500,5.:566,7.:1206}","{1.:1168,2.:533,3.:1033,4.:474,5.:537,7.:1149}","{1.:11,2.:6,3.:10,4.:5,5.:6,7.:12}"
2026-07-07T11:01:08.856388+00:00,satimage,182,label_spreading,1,500,4644,400,100,1286,6,36,36,,,,,,,,,,,7.0,0.0,5044.0,4644.0,stratified_labeled_val,6,True,51,117,1.3908,success,,0.8763608087091758,0.8570313679909641,0.8577898609103359,0.4447263931973907,0.9841631575700168,,,,,,,,,,,,"{1.:117,2.:56,3.:104,4.:51,5.:57,7.:115}","{1.:306,2.:141,3.:271,4.:125,5.:141,7.:302}","{1.:1225,2.:562,3.:1085,4.:500,5.:566,7.:1206}","{1.:1108,2.:506,3.:981,4.:449,5.:509,7.:1091}","{1.:23,2.:11,3.:21,4.:10,5.:12,7.:23}"
2026-07-07T11:01:10.262288+00:00,satimage,182,label_spreading,2,50,5094,40,10,1286,6,36,36,,,,,,,,,,,15.0,1.0,5134.0,5094.0,stratified_labeled_val,6,True,6,11,2.7759,success,,0.8538102643856921,0.8018184751096048,0.8122385062753468,0.7665793004225353,0.9665428776498056,,,,,,,,,,,,"{1.:11,2.:6,3.:10,4.:6,5.:7,7.:10}","{1.:306,2.:141,3.:271,4.:125,5.:141,7.:302}","{1.:1225,2.:562,3.:1085,4.:500,5.:566,7.:1206}","{1.:1214,2.:556,3.:1075,4.:494,5.:559,7.:1196}","{1.:2,2.:1,3.:2,4.:1,5.:2,7.:2}"
2026-07-07T11:01:13.058403+00:00,satimage,182,label_spreading,2,100,5044,80,20,1286,6,36,36,,,,,,,,,,,15.0,1.0,5124.0,5044.0,stratified_labeled_val,6,True,12,22,2.9377,success,,0.8538102643856921,0.8248955597420385,0.8264833623651255,0.5226965188552247,0.972046223837806,,,,,,,,,,,,"{1.:22,2.:12,3.:20,4.:12,5.:13,7.:21}","{1.:306,2.:141,3.:271,4.:125,5.:141,7.:302}","{1.:1225,2.:562,3.:1085,4.:500,5.:566,7.:1206}","{1.:1203,2.:550,3.:1065,4.:488,5.:553,7.:1185}","{1.:4,2.:3,3.:4,4.:2,5.:3,7.:4}"
2026-07-07T11:01:16.005074+00:00,satimage,182,label_spreading,2,250,4894,200,50,1286,6,36,36,,,,,,,,,,,15.0,1.0,5094.0,4894.0,stratified_labeled_val,6,True,26,57,2.4796,success,,0.8608087091757387,0.8316228421845976,0.8350157268441881,0.4428011228577539,0.9742391687343565,,,,,,,,,,,,"{1.:57,2.:29,3.:52,4.:26,5.:29,7.:57}","{1.:306,2.:141,3.:271,4.:125,5.:141,7.:302}","{1.:1225,2.:562,3.:1085,4.:500,5.:566,7.:1206}","{1.:1168,2.:533,3.:1033,4.:474,5.:537,7.:1149}","{1.:11,2.:6,3.:10,4.:5,5.:6,7.:12}"
2026-07-07T11:01:18.503998+00:00,satimage,182,label_spreading,2,500,4644,400,100,1286,6,36,36,,,,,,,,,,,7.0,0.0,5044.0,4644.0,stratified_labeled_val,6,True,51,117,1.9933,success,,0.864696734059098,0.834989512678794,0.8361477701484423,0.5035850942383288,0.9768441686214668,,,,,,,,,,,,"{1.:117,2.:56,3.:104,4.:51,5.:57,7.:115}","{1.:306,2.:141,3.:271,4.:125,5.:141,7.:302}","{1.:1225,2.:562,3.:1085,4.:500,5.:566,7.:1206}","{1.:1108,2.:506,3.:981,4.:449,5.:509,7.:1091}","{1.:23,2.:11,3.:21,4.:10,5.:12,7.:23}"
2026-07-07T11:01:20.514396+00:00,satimage,182,label_propagation,0,50,5094,40,10,1286,6,36,36,,,,,,,,,,,7.0,0.0,5134.0,5094.0,stratified_labeled_val,6,True,6,11,3.5882,success,,0.8227060653188181,0.7773445291196303,0.7875634669319386,0.5431434090737177,0.970329365676947,,,,,,,,,,,,"{1.:11,2.:6,3.:10,4.:6,5.:7,7.:10}","{1.:306,2.:141,3.:271,4.:125,5.:141,7.:302}","{1.:1225,2.:562,3.:1085,4.:500,5.:566,7.:1206}","{1.:1214,2.:556,3.:1075,4.:494,5.:559,7.:1196}","{1.:2,2.:1,3.:2,4.:1,5.:2,7.:2}"
2026-07-07T11:01:24.118721+00:00,satimage,182,label_propagation,0,100,5044,80,20,1286,6,36,36,,,,,,,,,,,7.0,0.0,5124.0,5044.0,stratified_labeled_val,6,True,12,22,3.0389,success,,0.8195956454121306,0.7749225935940892,0.7858794938078587,0.5481415440095727,0.969959045676142,,,,,,,,,,,,"{1.:22,2.:12,3.:20,4.:12,5.:13,7.:21}","{1.:306,2.:141,3.:271,4.:125,5.:141,7.:302}","{1.:1225,2.:562,3.:1085,4.:500,5.:566,7.:1206}","{1.:1203,2.:550,3.:1065,4.:488,5.:553,7.:1185}","{1.:4,2.:3,3.:4,4.:2,5.:3,7.:4}"
2026-07-07T11:01:27.200689+00:00,satimage,182,label_propagation,0,250,4894,200,50,1286,6,36,36,,,,,,,,,,,7.0,0.0,5094.0,4894.0,stratified_labeled_val,6,True,26,57,3.8626,success,,0.8390357698289269,0.8192176872425035,0.8223117672695587,0.4704893399648411,0.9741314387489164,,,,,,,,,,,,"{1.:57,2.:29,3.:52,4.:26,5.:29,7.:57}","{1.:306,2.:141,3.:271,4.:125,5.:141,7.:302}","{1.:1225,2.:562,3.:1085,4.:500,5.:566,7.:1206}","{1.:1168,2.:533,3.:1033,4.:474,5.:537,7.:1149}","{1.:12,2.:6,3.:10,4.:5,5.:6,7.:11}"
2026-07-07T11:01:31.093603+00:00,satimage,182,label_propagation,0,500,4644,400,100,1286,6,36,36,,,,,,,,,,,7.0,0.0,5044.0,4644.0,stratified_labeled_val,6,True,51,117,2.684,success,,0.8421461897356143,0.8270059969263337,0.8263794428096868,0.4238206003005454,0.976666031080024,,,,,,,,,,,,"{1.:117,2.:56,3.:104,4.:51,5.:57,7.:115}","{1.:306,2.:141,3.:271,4.:125,5.:141,7.:302}","{1.:1225,2.:562,3.:1085,4.:500,5.:566,7.:1206}","{1.:1108,2.:506,3.:981,4.:449,5.:509,7.:1091}","{1.:23,2.:11,3.:21,4.:10,5.:12,7.:23}"
2026-07-07T11:01:33.796292+00:00,satimage,182,label_propagation,1,50,5094,40,10,1286,6,36,36,,,,,,,,,,,7.0,0.0,5134.0,5094.0,stratified_labeled_val,6,True,6,11,3.2698,success,,0.7231726283048211,0.6736018370343202,0.6575616273102253,0.5490731294463346,0.9600046961959742,,,,,,,,,,,,"{1.:11,2.:6,3.:10,4.:6,5.:7,7.:10}","{1.:306,2.:141,3.:271,4.:125,5.:141,7.:302}","{1.:1225,2.:562,3.:1085,4.:500,5.:566,7.:1206}","{1.:1214,2.:556,3.:1075,4.:494,5.:559,7.:1196}","{1.:2,2.:1,3.:2,4.:1,5.:2,7.:2}"
2026-07-07T11:01:37.082787+00:00,satimage,182,label_propagation,1,100,5044,80,20,1286,6,36,36,,,,,,,,,,,7.0,0.0,5124.0,5044.0,stratified_labeled_val,6,True,12,22,2.4784,success,,0.8351477449455676,0.8182915404834464,0.8192744565709096,0.4841451196849335,0.9734162009692074,,,,,,,,,,,,"{1.:22,2.:12,3.:20,4.:12,5.:13,7.:21}","{1.:306,2.:141,3.:271,4.:125,5.:141,7.:302}","{1.:1225,2.:562,3.:1085,4.:500,5.:566,7.:1206}","{1.:1203,2.:550,3.:1065,4.:488,5.:553,7.:1185}","{1.:4,2.:3,3.:4,4.:2,5.:3,7.:4}"
2026-07-07T11:01:39.576609+00:00,satimage,182,label_propagation,1,250,4894,200,50,1286,6,36,36,,,,,,,,,,,7.0,0.0,5094.0,4894.0,stratified_labeled_val,6,True,26,57,3.8447,success,,0.8678071539657853,0.8508582141317383,0.85224873968744,0.3534620550491857,0.981572493220572,,,,,,,,,,,,"{1.:57,2.:29,3.:52,4.:26,5.:29,7.:57}","{1.:306,2.:141,3.:271,4.:125,5.:141,7.:302}","{1.:1225,2.:562,3.:1085,4.:500,5.:566,7.:1206}","{1.:1168,2.:533,3.:1033,4.:474,5.:537,7.:1149}","{1.:11,2.:6,3.:10,4.:5,5.:6,7.:12}"
2026-07-07T11:01:43.440900+00:00,satimage,182,label_propagation,1,500,4644,400,100,1286,6,36,36,,,,,,,,,,,7.0,0.0,5044.0,4644.0,stratified_labeled_val,6,True,51,117,2.5052,success,,0.8709175738724728,0.860173869396224,0.8564092516633304,0.3814185042088393,0.982668445484534,,,,,,,,,,,,"{1.:117,2.:56,3.:104,4.:51,5.:57,7.:115}","{1.:306,2.:141,3.:271,4.:125,5.:141,7.:302}","{1.:1225,2.:562,3.:1085,4.:500,5.:566,7.:1206}","{1.:1108,2.:506,3.:981,4.:449,5.:509,7.:1091}","{1.:23,2.:11,3.:21,4.:10,5.:12,7.:23}"
2026-07-07T11:01:45.960740+00:00,satimage,182,label_propagation,2,50,5094,40,10,1286,6,36,36,,,,,,,,,,,7.0,0.0,5134.0,5094.0,stratified_labeled_val,6,True,6,11,3.5142,success,,0.8374805598755832,0.8000340348317518,0.8065856738958882,0.4829314349218266,0.9697715894689284,,,,,,,,,,,,"{1.:11,2.:6,3.:10,4.:6,5.:7,7.:10}","{1.:306,2.:141,3.:271,4.:125,5.:141,7.:302}","{1.:1225,2.:562,3.:1085,4.:500,5.:566,7.:1206}","{1.:1214,2.:556,3.:1075,4.:494,5.:559,7.:1196}","{1.:2,2.:1,3.:2,4.:1,5.:2,7.:2}"
2026-07-07T11:01:49.488575+00:00,satimage,182,label_propagation,2,100,5044,80,20,1286,6,36,36,,,,,,,,,,,7.0,0.0,5124.0,5044.0,stratified_labeled_val,6,True,12,22,2.4192,success,,0.8475894245723172,0.8158471517306962,0.8208570801527818,0.4498115255611094,0.9713140063218508,,,,,,,,,,,,"{1.:22,2.:12,3.:20,4.:12,5.:13,7.:21}","{1.:306,2.:141,3.:271,4.:125,5.:141,7.:302}","{1.:1225,2.:562,3.:1085,4.:500,5.:566,7.:1206}","{1.:1203,2.:550,3.:1065,4.:488,5.:553,7.:1185}","{1.:4,2.:3,3.:4,4.:2,5.:3,7.:4}"
2026-07-07T11:01:51.924499+00:00,satimage,182,label_propagation,2,250,4894,200,50,1286,6,36,36,,,,,,,,,,,7.0,0.0,5094.0,4894.0,stratified_labeled_val,6,True,26,57,2.1575,success,,0.8522550544323484,0.8184545109662155,0.8245900019960283,0.435432893911347,0.9729672567382908,,,,,,,,,,,,"{1.:57,2.:29,3.:52,4.:26,5.:29,7.:57}","{1.:306,2.:141,3.:271,4.:125,5.:141,7.:302}","{1.:1225,2.:562,3.:1085,4.:500,5.:566,7.:1206}","{1.:1168,2.:533,3.:1033,4.:474,5.:537,7.:1149}","{1.:11,2.:6,3.:10,4.:5,5.:6,7.:12}"
2026-07-07T11:01:54.095661+00:00,satimage,182,label_propagation,2,500,4644,400,100,1286,6,36,36,,,,,,,,,,,7.0,0.0,5044.0,4644.0,stratified_labeled_val,6,True,51,117,2.1117,success,,0.859253499222395,0.8357685217602343,0.8378045900202911,0.3851578818241353,0.9772295927404068,,,,,,,,,,,,"{1.:117,2.:56,3.:104,4.:51,5.:57,7.:115}","{1.:306,2.:141,3.:271,4.:125,5.:141,7.:302}","{1.:1225,2.:562,3.:1085,4.:500,5.:566,7.:1206}","{1.:1108,2.:506,3.:981,4.:449,5.:509,7.:1091}","{1.:23,2.:11,3.:21,4.:10,5.:12,7.:23}"
2026-07-07T11:01:56.222819+00:00,satimage,182,self_training_lr,0,50,5094,40,10,1286,6,36,36,2547.0,61.0,4.0,"{0: 1020, 1: 424, 2: 994, 3: 5, 4: 109, 5: 35}",0.5,0.9879301988381144,0.9504741430282592,0.9996978044509888,,max_total_pseudo_fraction,,,,,stratified_labeled_val,6,True,6,11,0.9507,success,,0.7962674961119751,0.7153854618645207,0.7131085672091416,0.7580262422561646,0.9393331403887104,,,,,,,,,,,,"{1.:11,2.:6,3.:10,4.:6,5.:7,7.:10}","{1.:306,2.:141,3.:271,4.:125,5.:141,7.:302}","{1.:1225,2.:562,3.:1085,4.:500,5.:566,7.:1206}","{1.:1214,2.:556,3.:1075,4.:494,5.:559,7.:1196}","{1.:2,2.:1,3.:2,4.:1,5.:2,7.:2}"
2026-07-07T11:01:57.194138+00:00,satimage,182,self_training_lr,0,100,5044,80,20,1286,6,36,36,2522.0,60.0,4.0,"{0: 1054, 1: 392, 2: 808, 3: 10, 4: 312, 5: 26}",0.5,0.9888608283603314,0.957287609577179,0.9997506737709044,,max_total_pseudo_fraction,,,,,stratified_labeled_val,6,True,12,22,0.7005,success,,0.8032659409020217,0.7468203960913035,0.7432200564775218,0.650128960609436,0.9529980294025018,,,,,,,,,,,,"{1.:22,2.:12,3.:20,4.:12,5.:13,7.:21}","{1.:306,2.:141,3.:271,4.:125,5.:141,7.:302}","{1.:1225,2.:562,3.:1085,4.:500,5.:566,7.:1206}","{1.:1203,2.:550,3.:1065,4.:488,5.:553,7.:1185}","{1.:4,2.:3,3.:4,4.:2,5.:3,7.:4}"
2026-07-07T11:01:57.918379+00:00,satimage,182,self_training_lr,0,250,4894,200,50,1286,6,36,36,2447.0,58.0,4.0,"{0: 1150, 1: 464, 2: 660, 3: 21, 4: 203, 5: 149}",0.5,0.988583878029791,0.953725814819336,0.9999910593032836,,max_total_pseudo_fraction,,,,,stratified_labeled_val,6,True,26,57,0.9486,success,,0.8242612752721618,0.7699402315321575,0.7796409127572366,0.5702475905418396,0.9617843427193816,,,,,,,,,,,,"{1.:57,2.:29,3.:52,4.:26,5.:29,7.:57}","{1.:306,2.:141,3.:271,4.:125,5.:141,7.:302}","{1.:1225,2.:562,3.:1085,4.:500,5.:566,7.:1206}","{1.:1168,2.:533,3.:1033,4.:474,5.:537,7.:1149}","{1.:12,2.:6,3.:10,4.:5,5.:6,7.:11}"
2026-07-07T11:01:58.878906+00:00,satimage,182,self_training_lr,0,500,4644,400,100,1286,6,36,36,2322.0,55.0,4.0,"{0: 1077, 1: 450, 2: 512, 3: 41, 4: 220, 5: 422}",0.5,0.9858309282094214,0.9530831575393676,0.9999988079071044,,max_total_pseudo_fraction,,,,,stratified_labeled_val,6,True,51,117,0.9603,success,,0.828149300155521,0.7758086706822525,0.7804634946797533,0.4856509864330292,0.9651586635571716,,,,,,,,,,,,"{1.:117,2.:56,3.:104,4.:51,5.:57,7.:115}","{1.:306,2.:141,3.:271,4.:125,5.:141,7.:302}","{1.:1225,2.:562,3.:1085,4.:500,5.:566,7.:1206}","{1.:1108,2.:506,3.:981,4.:449,5.:509,7.:1091}","{1.:23,2.:11,3.:21,4.:10,5.:12,7.:23}"
2026-07-07T11:01:59.854599+00:00,satimage,182,self_training_lr,1,50,5094,40,10,1286,6,36,36,2547.0,89.0,4.0,"{0: 894, 1: 398, 2: 345, 3: 5, 4: 174, 5: 771}",0.5,0.983708453169045,0.9500417113304138,0.9997004270553588,,max_total_pseudo_fraction,,,,,stratified_labeled_val,6,True,6,11,0.8671,success,,0.8087091757387247,0.7277757268295358,0.7168857759206744,0.6669825315475464,0.9515418073673164,,,,,,,,,,,,"{1.:11,2.:6,3.:10,4.:6,5.:7,7.:10}","{1.:306,2.:141,3.:271,4.:125,5.:141,7.:302}","{1.:1225,2.:562,3.:1085,4.:500,5.:566,7.:1206}","{1.:1214,2.:556,3.:1075,4.:494,5.:559,7.:1196}","{1.:2,2.:1,3.:2,4.:1,5.:2,7.:2}"
2026-07-07T11:02:00.742882+00:00,satimage,182,self_training_lr,1,100,5044,80,20,1286,6,36,36,2522.0,60.0,4.0,"{0: 860, 1: 427, 2: 324, 3: 10, 4: 116, 5: 865}",0.5,0.9887082291018102,0.973045527935028,0.9999061822891236,,max_total_pseudo_fraction,,,,,stratified_labeled_val,6,True,12,22,0.794,success,,0.8017107309486781,0.7339894482658741,0.7415919250160736,0.667576253414154,0.9525067478856878,,,,,,,,,,,,"{1.:22,2.:12,3.:20,4.:12,5.:13,7.:21}","{1.:306,2.:141,3.:271,4.:125,5.:141,7.:302}","{1.:1225,2.:562,3.:1085,4.:500,5.:566,7.:1206}","{1.:1203,2.:550,3.:1065,4.:488,5.:553,7.:1185}","{1.:4,2.:3,3.:4,4.:2,5.:3,7.:4}"
2026-07-07T11:02:01.550361+00:00,satimage,182,self_training_lr,1,250,4894,200,50,1286,6,36,36,2447.0,58.0,4.0,"{0: 952, 1: 459, 2: 301, 3: 24, 4: 197, 5: 714}",0.5,0.984901076124111,0.9593112468719482,0.9999910593032836,,max_total_pseudo_fraction,,,,,stratified_labeled_val,6,True,26,57,0.8824,success,,0.8094867807153966,0.7510446985054577,0.7538261256551156,0.5604314804077148,0.9618047023616664,,,,,,,,,,,,"{1.:57,2.:29,3.:52,4.:26,5.:29,7.:57}","{1.:306,2.:141,3.:271,4.:125,5.:141,7.:302}","{1.:1225,2.:562,3.:1085,4.:500,5.:566,7.:1206}","{1.:1168,2.:533,3.:1033,4.:474,5.:537,7.:1149}","{1.:11,2.:6,3.:10,4.:5,5.:6,7.:12}"
2026-07-07T11:02:02.446684+00:00,satimage,182,self_training_lr,1,500,4644,400,100,1286,6,36,36,2322.0,55.0,4.0,"{0: 992, 1: 447, 2: 478, 3: 42, 4: 214, 5: 549}",0.5,0.988845765796024,0.9614623188972472,0.9999995231628418,,max_total_pseudo_fraction,,,,,stratified_labeled_val,6,True,51,117,1.4894,success,,0.8374805598755832,0.7933466977449518,0.7998083467016932,0.4554367363452911,0.9707909148871802,,,,,,,,,,,,"{1.:117,2.:56,3.:104,4.:51,5.:57,7.:115}","{1.:306,2.:141,3.:271,4.:125,5.:141,7.:302}","{1.:1225,2.:562,3.:1085,4.:500,5.:566,7.:1206}","{1.:1108,2.:506,3.:981,4.:449,5.:509,7.:1091}","{1.:23,2.:11,3.:21,4.:10,5.:12,7.:23}"
2026-07-07T11:02:03.948469+00:00,satimage,182,self_training_lr,2,50,5094,40,10,1286,6,36,36,2547.0,61.0,4.0,"{0: 1134, 1: 438, 2: 762, 3: 13, 4: 221, 5: 19}",0.5,0.9854650532773396,0.9580787420272828,0.9999473094940186,,max_total_pseudo_fraction,,,,,stratified_labeled_val,6,True,6,11,0.6619,success,,0.8133748055987559,0.7508362044217436,0.7449226777368603,0.6595732569694519,0.956573141238127,,,,,,,,,,,,"{1.:11,2.:6,3.:10,4.:6,5.:7,7.:10}","{1.:306,2.:141,3.:271,4.:125,5.:141,7.:302}","{1.:1225,2.:562,3.:1085,4.:500,5.:566,7.:1206}","{1.:1214,2.:556,3.:1075,4.:494,5.:559,7.:1196}","{1.:2,2.:1,3.:2,4.:1,5.:2,7.:2}"
2026-07-07T11:02:04.625260+00:00,satimage,182,self_training_lr,2,100,5044,80,20,1286,6,36,36,2522.0,60.0,4.0,"{0: 956, 1: 410, 2: 785, 3: 14, 4: 263, 5: 174}",0.5,0.988948428162878,0.9602248668670654,0.9999910593032836,,max_total_pseudo_fraction,,,,,stratified_labeled_val,6,True,12,22,0.7318,success,,0.8180404354587869,0.758517574186122,0.7549342727447071,0.6505345106124878,0.9582189030142124,,,,,,,,,,,,"{1.:22,2.:12,3.:20,4.:12,5.:13,7.:21}","{1.:306,2.:141,3.:271,4.:125,5.:141,7.:302}","{1.:1225,2.:562,3.:1085,4.:500,5.:566,7.:1206}","{1.:1203,2.:550,3.:1065,4.:488,5.:553,7.:1185}","{1.:4,2.:3,3.:4,4.:2,5.:3,7.:4}"
2026-07-07T11:02:05.372446+00:00,satimage,182,self_training_lr,2,250,4894,200,50,1286,6,36,36,2447.0,58.0,4.0,"{0: 1053, 1: 436, 2: 764, 3: 21, 4: 255, 5: 118}",0.5,0.9905079672129046,0.957509219646454,0.999996781349182,,max_total_pseudo_fraction,,,,,stratified_labeled_val,6,True,26,57,0.9376,success,,0.8149300155520995,0.7575332556878024,0.7549558144972931,0.5953950881958008,0.9571352317143436,,,,,,,,,,,,"{1.:57,2.:29,3.:52,4.:26,5.:29,7.:57}","{1.:306,2.:141,3.:271,4.:125,5.:141,7.:302}","{1.:1225,2.:562,3.:1085,4.:500,5.:566,7.:1206}","{1.:1168,2.:533,3.:1033,4.:474,5.:537,7.:1149}","{1.:11,2.:6,3.:10,4.:5,5.:6,7.:12}"
2026-07-07T11:02:06.322590+00:00,satimage,182,self_training_lr,2,500,4644,400,100,1286,6,36,36,2322.0,55.0,4.0,"{0: 1047, 1: 465, 2: 726, 3: 44, 4: 231, 5: 209}",0.5,0.9897372441031008,0.9566231966018676,0.9999995231628418,,max_total_pseudo_fraction,,,,,stratified_labeled_val,6,True,51,117,0.936,success,,0.8265940902021773,0.7729529468813463,0.7728305346360731,0.5159872770309448,0.9635851724741052,,,,,,,,,,,,"{1.:117,2.:56,3.:104,4.:51,5.:57,7.:115}","{1.:306,2.:141,3.:271,4.:125,5.:141,7.:302}","{1.:1225,2.:562,3.:1085,4.:500,5.:566,7.:1206}","{1.:1108,2.:506,3.:981,4.:449,5.:509,7.:1091}","{1.:23,2.:11,3.:21,4.:10,5.:12,7.:23}"
2026-07-07T11:02:07.270250+00:00,satimage,182,self_training_xgboost,0,50,5094,40,10,1286,6,36,36,2224.0,718.0,3.0,"{0: 964, 1: 5, 2: 130, 3: 5, 4: 5, 5: 1155}",0.436592069100903,0.9813971101112074,0.9500780701637268,0.9994844198226928,,max_iter,,,,,stratified_labeled_val,6,True,6,11,14.3758,success,,0.7348367029548989,0.644360667725015,0.6535989657552248,1.362165093421936,0.8872959964109889,,,,,,,,,,,,"{1.:11,2.:6,3.:10,4.:6,5.:7,7.:10}","{1.:306,2.:141,3.:271,4.:125,5.:141,7.:302}","{1.:1225,2.:562,3.:1085,4.:500,5.:566,7.:1206}","{1.:1214,2.:556,3.:1075,4.:494,5.:559,7.:1196}","{1.:2,2.:1,3.:2,4.:1,5.:2,7.:2}"
2026-07-07T11:02:21.656651+00:00,satimage,182,self_training_xgboost,0,100,5044,80,20,1286,6,36,36,2462.0,646.0,3.0,"{0: 668, 1: 32, 2: 904, 3: 196, 4: 192, 5: 550}",0.4881046788263283,0.9882559204711652,0.9735956192016602,0.9991694688796996,,max_iter,,,,,stratified_labeled_val,6,True,12,22,14.6675,success,,0.7698289269051322,0.7514876944583749,0.7487040996718884,1.056269645690918,0.9256632893347304,,,,,,,,,,,,"{1.:22,2.:12,3.:20,4.:12,5.:13,7.:21}","{1.:306,2.:141,3.:271,4.:125,5.:141,7.:302}","{1.:1225,2.:562,3.:1085,4.:500,5.:566,7.:1206}","{1.:1203,2.:550,3.:1065,4.:488,5.:553,7.:1185}","{1.:4,2.:3,3.:4,4.:2,5.:3,7.:4}"
2026-07-07T11:02:36.349795+00:00,satimage,182,self_training_xgboost,0,250,4894,200,50,1286,6,36,36,2389.0,627.0,3.0,"{0: 850, 1: 245, 2: 759, 3: 23, 4: 66, 5: 646}",0.4881487535758071,0.9972167960167332,0.9949381351470948,0.9996689558029176,,max_iter,,,,,stratified_labeled_val,6,True,26,57,17.1125,success,,0.8157076205287714,0.7739492872956729,0.7839104300218448,0.7124002575874329,0.9535414429566912,,,,,,,,,,,,"{1.:57,2.:29,3.:52,4.:26,5.:29,7.:57}","{1.:306,2.:141,3.:271,4.:125,5.:141,7.:302}","{1.:1225,2.:562,3.:1085,4.:500,5.:566,7.:1206}","{1.:1168,2.:533,3.:1033,4.:474,5.:537,7.:1149}","{1.:12,2.:6,3.:10,4.:5,5.:6,7.:11}"
2026-07-07T11:02:53.472404+00:00,satimage,182,self_training_xgboost,0,500,4644,400,100,1286,6,36,36,2267.0,595.0,3.0,"{0: 860, 1: 379, 2: 672, 3: 45, 4: 64, 5: 647}",0.4881567614125753,0.998505339545724,0.9964371919631958,0.999782145023346,,max_iter,,,,,stratified_labeled_val,6,True,51,117,22.2303,success,,0.8444790046656299,0.8152867620660945,0.8192877839289548,0.5551661849021912,0.96659163943574,,,,,,,,,,,,"{1.:117,2.:56,3.:104,4.:51,5.:57,7.:115}","{1.:306,2.:141,3.:271,4.:125,5.:141,7.:302}","{1.:1225,2.:562,3.:1085,4.:500,5.:566,7.:1206}","{1.:1108,2.:506,3.:981,4.:449,5.:509,7.:1091}","{1.:23,2.:11,3.:21,4.:10,5.:12,7.:23}"
2026-07-07T11:03:15.716191+00:00,satimage,182,self_training_xgboost,1,50,5094,40,10,1286,6,36,36,2089.0,752.0,3.0,"{0: 570, 1: 5, 2: 526, 3: 6, 4: 5, 5: 1017}",0.4100903023164507,0.987251294092906,0.9500080347061156,0.9996054768562316,,max_iter,,,,,stratified_labeled_val,6,True,6,11,11.6345,success,,0.7223950233281493,0.6170609960242889,0.6051154045867974,1.4760953187942505,0.8630000887158052,,,,,,,,,,,,"{1.:11,2.:6,3.:10,4.:6,5.:7,7.:10}","{1.:306,2.:141,3.:271,4.:125,5.:141,7.:302}","{1.:1225,2.:562,3.:1085,4.:500,5.:566,7.:1206}","{1.:1214,2.:556,3.:1075,4.:494,5.:559,7.:1196}","{1.:2,2.:1,3.:2,4.:1,5.:2,7.:2}"
2026-07-07T11:03:27.361369+00:00,satimage,182,self_training_xgboost,1,100,5044,80,20,1286,6,36,36,2462.0,646.0,3.0,"{0: 806, 1: 9, 2: 634, 3: 64, 4: 24, 5: 1005}",0.4881046788263283,0.992709015633012,0.9783164858818054,0.9995914101600648,,max_iter,,,,,stratified_labeled_val,6,True,12,22,15.0639,success,,0.8040435458786936,0.7500008386672511,0.7610779012266707,0.9380340576171876,0.9269548843956538,,,,,,,,,,,,"{1.:22,2.:12,3.:20,4.:12,5.:13,7.:21}","{1.:306,2.:141,3.:271,4.:125,5.:141,7.:302}","{1.:1225,2.:562,3.:1085,4.:500,5.:566,7.:1206}","{1.:1203,2.:550,3.:1065,4.:488,5.:553,7.:1185}","{1.:4,2.:3,3.:4,4.:2,5.:3,7.:4}"
2026-07-07T11:03:42.435474+00:00,satimage,182,self_training_xgboost,1,250,4894,200,50,1286,6,36,36,2389.0,627.0,3.0,"{0: 733, 1: 407, 2: 377, 3: 23, 4: 56, 5: 993}",0.4881487535758071,0.9973192063022628,0.9939290285110474,0.9997712969779968,,max_iter,,,,,stratified_labeled_val,6,True,26,57,18.5713,success,,0.8297045101088647,0.7786162478084098,0.7837928876625262,0.7751343846321106,0.9464561027779642,,,,,,,,,,,,"{1.:57,2.:29,3.:52,4.:26,5.:29,7.:57}","{1.:306,2.:141,3.:271,4.:125,5.:141,7.:302}","{1.:1225,2.:562,3.:1085,4.:500,5.:566,7.:1206}","{1.:1168,2.:533,3.:1033,4.:474,5.:537,7.:1149}","{1.:11,2.:6,3.:10,4.:5,5.:6,7.:12}"
2026-07-07T11:04:01.019143+00:00,satimage,182,self_training_xgboost,1,500,4644,400,100,1286,6,36,36,2267.0,595.0,3.0,"{0: 756, 1: 424, 2: 446, 3: 43, 4: 158, 5: 840}",0.4881567614125753,0.998650225737992,0.9963221549987792,0.9997392296791076,,max_iter,,,,,stratified_labeled_val,6,True,51,117,21.4267,success,,0.8748055987558321,0.840979855253771,0.848385848541699,0.4560489952564239,0.975044806564008,,,,,,,,,,,,"{1.:117,2.:56,3.:104,4.:51,5.:57,7.:115}","{1.:306,2.:141,3.:271,4.:125,5.:141,7.:302}","{1.:1225,2.:562,3.:1085,4.:500,5.:566,7.:1206}","{1.:1108,2.:506,3.:981,4.:449,5.:509,7.:1091}","{1.:23,2.:11,3.:21,4.:10,5.:12,7.:23}"
2026-07-07T11:04:22.475950+00:00,satimage,182,self_training_xgboost,2,50,5094,40,10,1286,6,36,36,2107.0,747.0,3.0,"{0: 600, 1: 5, 2: 711, 3: 7, 4: 5, 5: 819}",0.4136238712210444,0.9883414678908548,0.9500717520713806,0.9991732239723206,,max_iter,,,,,stratified_labeled_val,6,True,6,11,11.9265,success,,0.7838258164852255,0.7191428595928852,0.7368549510840774,0.9705206751823424,0.9123019423305035,,,,,,,,,,,,"{1.:11,2.:6,3.:10,4.:6,5.:7,7.:10}","{1.:306,2.:141,3.:271,4.:125,5.:141,7.:302}","{1.:1225,2.:562,3.:1085,4.:500,5.:566,7.:1206}","{1.:1214,2.:556,3.:1075,4.:494,5.:559,7.:1196}","{1.:2,2.:1,3.:2,4.:1,5.:2,7.:2}"
2026-07-07T11:04:34.414156+00:00,satimage,182,self_training_xgboost,2,100,5044,80,20,1286,6,36,36,2462.0,646.0,3.0,"{0: 831, 1: 9, 2: 773, 3: 18, 4: 57, 5: 854}",0.4881046788263283,0.9920142517643764,0.9790018796920776,0.9996100068092346,,max_iter,,,,,stratified_labeled_val,6,True,12,22,14.2805,success,,0.7939346811819595,0.7447841244888204,0.7488520371387596,0.9422946572303772,0.9331656061948868,,,,,,,,,,,,"{1.:22,2.:12,3.:20,4.:12,5.:13,7.:21}","{1.:306,2.:141,3.:271,4.:125,5.:141,7.:302}","{1.:1225,2.:562,3.:1085,4.:500,5.:566,7.:1206}","{1.:1203,2.:550,3.:1065,4.:488,5.:553,7.:1185}","{1.:4,2.:3,3.:4,4.:2,5.:3,7.:4}"
2026-07-07T11:04:48.707990+00:00,satimage,182,self_training_xgboost,2,250,4894,200,50,1286,6,36,36,2389.0,627.0,3.0,"{0: 854, 1: 26, 2: 900, 3: 27, 4: 203, 5: 579}",0.4881487535758071,0.9969943074214004,0.99233478307724,0.999610722064972,,max_iter,,,,,stratified_labeled_val,6,True,26,57,17.3437,success,,0.8421461897356143,0.7985452909399559,0.8050471688528251,0.6776204705238342,0.9569931186488304,,,,,,,,,,,,"{1.:57,2.:29,3.:52,4.:26,5.:29,7.:57}","{1.:306,2.:141,3.:271,4.:125,5.:141,7.:302}","{1.:1225,2.:562,3.:1085,4.:500,5.:566,7.:1206}","{1.:1168,2.:533,3.:1033,4.:474,5.:537,7.:1149}","{1.:11,2.:6,3.:10,4.:5,5.:6,7.:12}"
2026-07-07T11:05:06.063031+00:00,satimage,182,self_training_xgboost,2,500,4644,400,100,1286,6,36,36,2267.0,595.0,3.0,"{0: 822, 1: 368, 2: 678, 3: 43, 4: 249, 5: 507}",0.4881567614125753,0.998568984843794,0.9974114298820496,0.9996728897094728,,max_iter,,,,,stratified_labeled_val,6,True,51,117,21.7535,success,,0.854587869362364,0.8259144541370125,0.8263915662044096,0.5266298651695251,0.9708413168175482,,,,,,,,,,,,"{1.:117,2.:56,3.:104,4.:51,5.:57,7.:115}","{1.:306,2.:141,3.:271,4.:125,5.:141,7.:302}","{1.:1225,2.:562,3.:1085,4.:500,5.:566,7.:1206}","{1.:1108,2.:506,3.:981,4.:449,5.:509,7.:1091}","{1.:23,2.:11,3.:21,4.:10,5.:12,7.:23}"
2026-07-07T11:05:27.830458+00:00,satimage,182,self_training_lightgbm,0,50,5094,40,10,1286,6,36,36,2368.0,682.0,3.0,"{0: 808, 1: 444, 2: 797, 3: 27, 4: 5, 5: 327}",0.4648606203376521,0.9895003919034732,0.9500528486120048,0.9999996658895264,,max_iter,,,,,stratified_labeled_val,6,True,6,11,18.8861,success,,0.7457231726283048,0.6638842700839047,0.6396747558755098,1.7390961667673386,0.930197095198042,,,,,,,,,,,,"{1.:11,2.:6,3.:10,4.:6,5.:7,7.:10}","{1.:306,2.:141,3.:271,4.:125,5.:141,7.:302}","{1.:1225,2.:562,3.:1085,4.:500,5.:566,7.:1206}","{1.:1214,2.:556,3.:1075,4.:494,5.:559,7.:1196}","{1.:2,2.:1,3.:2,4.:1,5.:2,7.:2}"
2026-07-07T11:05:46.729732+00:00,satimage,182,self_training_lightgbm,0,100,5044,80,20,1286,6,36,36,2462.0,646.0,3.0,"{0: 781, 1: 110, 2: 815, 3: 116, 4: 185, 5: 535}",0.4881046788263283,0.9999902567681987,0.9999629322973288,0.9999999107611812,,max_iter,,,,,stratified_labeled_val,6,True,12,22,22.5139,success,,0.7884914463452566,0.7668375428053861,0.7650992411709486,1.4568591670107658,0.933567938601522,,,,,,,,,,,,"{1.:22,2.:12,3.:20,4.:12,5.:13,7.:21}","{1.:306,2.:141,3.:271,4.:125,5.:141,7.:302}","{1.:1225,2.:562,3.:1085,4.:500,5.:566,7.:1206}","{1.:1203,2.:550,3.:1065,4.:488,5.:553,7.:1185}","{1.:4,2.:3,3.:4,4.:2,5.:3,7.:4}"
2026-07-07T11:06:09.264983+00:00,satimage,182,self_training_lightgbm,0,250,4894,200,50,1286,6,36,36,2389.0,627.0,3.0,"{0: 798, 1: 353, 2: 667, 3: 48, 4: 115, 5: 608}",0.4881487535758071,0.999997710925501,0.9999891209972877,0.999999964429364,,max_iter,,,,,stratified_labeled_val,6,True,26,57,27.6316,success,,0.8242612752721618,0.7864338280697111,0.7935879830228365,1.1668136810546708,0.9533609244788774,,,,,,,,,,,,"{1.:57,2.:29,3.:52,4.:26,5.:29,7.:57}","{1.:306,2.:141,3.:271,4.:125,5.:141,7.:302}","{1.:1225,2.:562,3.:1085,4.:500,5.:566,7.:1206}","{1.:1168,2.:533,3.:1033,4.:474,5.:537,7.:1149}","{1.:12,2.:6,3.:10,4.:5,5.:6,7.:11}"
2026-07-07T11:06:36.912237+00:00,satimage,182,self_training_lightgbm,0,500,4644,400,100,1286,6,36,36,2267.0,595.0,3.0,"{0: 838, 1: 399, 2: 657, 3: 61, 4: 120, 5: 592}",0.4881567614125753,0.9999988045100576,0.9999927608539898,0.9999999931232412,,max_iter,,,,,stratified_labeled_val,6,True,51,117,30.9598,success,,0.8506998444790047,0.8228619593313273,0.8273795861023054,0.8909253876558002,0.9665427808352414,,,,,,,,,,,,"{1.:117,2.:56,3.:104,4.:51,5.:57,7.:115}","{1.:306,2.:141,3.:271,4.:125,5.:141,7.:302}","{1.:1225,2.:562,3.:1085,4.:500,5.:566,7.:1206}","{1.:1108,2.:506,3.:981,4.:449,5.:509,7.:1091}","{1.:23,2.:11,3.:21,4.:10,5.:12,7.:23}"
2026-07-07T11:07:07.887292+00:00,satimage,182,self_training_lightgbm,1,50,5094,40,10,1286,6,36,36,0.0,0.0,0.0,"{0: 9, 1: 5, 2: 8, 3: 5, 4: 5, 5: 8}",0.0,,,,,no_candidates,,,,,stratified_labeled_val,6,True,6,11,0.9422,success,,0.6671850699844479,0.5689677555048722,0.519249395683265,1.1612682349328198,0.8848596117159467,,,,,,,,,,,,"{1.:11,2.:6,3.:10,4.:6,5.:7,7.:10}","{1.:306,2.:141,3.:271,4.:125,5.:141,7.:302}","{1.:1225,2.:562,3.:1085,4.:500,5.:566,7.:1206}","{1.:1214,2.:556,3.:1075,4.:494,5.:559,7.:1196}","{1.:2,2.:1,3.:2,4.:1,5.:2,7.:2}"
2026-07-07T11:07:08.838508+00:00,satimage,182,self_training_lightgbm,1,100,5044,80,20,1286,6,36,36,2462.0,646.0,3.0,"{0: 899, 1: 201, 2: 629, 3: 24, 4: 55, 5: 734}",0.4881046788263283,0.9999938299825312,0.9999827207935436,0.9999998555807564,,max_iter,,,,,stratified_labeled_val,6,True,12,22,21.0652,success,,0.8102643856920684,0.763050475772214,0.7687951527230211,1.4045151398438849,0.9441143872273606,,,,,,,,,,,,"{1.:22,2.:12,3.:20,4.:12,5.:13,7.:21}","{1.:306,2.:141,3.:271,4.:125,5.:141,7.:302}","{1.:1225,2.:562,3.:1085,4.:500,5.:566,7.:1206}","{1.:1203,2.:550,3.:1065,4.:488,5.:553,7.:1185}","{1.:4,2.:3,3.:4,4.:2,5.:3,7.:4}"
2026-07-07T11:07:29.914172+00:00,satimage,182,self_training_lightgbm,1,250,4894,200,50,1286,6,36,36,2389.0,627.0,3.0,"{0: 742, 1: 387, 2: 495, 3: 26, 4: 83, 5: 856}",0.4881487535758071,0.9999974893827313,0.9999892267816272,0.9999999862749318,,max_iter,,,,,stratified_labeled_val,6,True,26,57,27.8212,success,,0.8312597200622084,0.7794936631684447,0.7840871248112035,1.1985917189095938,0.957587472761002,,,,,,,,,,,,"{1.:57,2.:29,3.:52,4.:26,5.:29,7.:57}","{1.:306,2.:141,3.:271,4.:125,5.:141,7.:302}","{1.:1225,2.:562,3.:1085,4.:500,5.:566,7.:1206}","{1.:1168,2.:533,3.:1033,4.:474,5.:537,7.:1149}","{1.:11,2.:6,3.:10,4.:5,5.:6,7.:12}"
2026-07-07T11:07:57.746560+00:00,satimage,182,self_training_lightgbm,1,500,4644,400,100,1286,6,36,36,2267.0,595.0,3.0,"{0: 742, 1: 416, 2: 449, 3: 48, 4: 232, 5: 780}",0.4881567614125753,0.9999991583123672,0.9999947100944347,0.9999999956282124,,max_iter,,,,,stratified_labeled_val,6,True,51,117,34.595,success,,0.880248833592535,0.8473136203132761,0.8541368008400151,0.7066739587156371,0.9765234255581308,,,,,,,,,,,,"{1.:117,2.:56,3.:104,4.:51,5.:57,7.:115}","{1.:306,2.:141,3.:271,4.:125,5.:141,7.:302}","{1.:1225,2.:562,3.:1085,4.:500,5.:566,7.:1206}","{1.:1108,2.:506,3.:981,4.:449,5.:509,7.:1091}","{1.:23,2.:11,3.:21,4.:10,5.:12,7.:23}"
2026-07-07T11:08:32.364498+00:00,satimage,182,self_training_lightgbm,2,50,5094,40,10,1286,6,36,36,0.0,0.0,0.0,"{0: 9, 1: 5, 2: 8, 3: 5, 4: 5, 5: 8}",0.0,,,,,no_candidates,,,,,stratified_labeled_val,6,True,6,11,1.4563,success,,0.6547433903576982,0.5642049717981618,0.5455668970595718,1.1645136783472234,0.8845801393461751,,,,,,,,,,,,"{1.:11,2.:6,3.:10,4.:6,5.:7,7.:10}","{1.:306,2.:141,3.:271,4.:125,5.:141,7.:302}","{1.:1225,2.:562,3.:1085,4.:500,5.:566,7.:1206}","{1.:1214,2.:556,3.:1075,4.:494,5.:559,7.:1196}","{1.:2,2.:1,3.:2,4.:1,5.:2,7.:2}"
2026-07-07T11:08:33.830732+00:00,satimage,182,self_training_lightgbm,2,100,5044,80,20,1286,6,36,36,2462.0,646.0,3.0,"{0: 859, 1: 17, 2: 763, 3: 11, 4: 148, 5: 744}",0.4881046788263283,0.999995731543148,0.9999762573126298,0.9999998663045416,,max_iter,,,,,stratified_labeled_val,6,True,12,22,28.861,success,,0.8040435458786936,0.7614158247554345,0.7616302545418957,1.541903857968862,0.9360697589915822,,,,,,,,,,,,"{1.:22,2.:12,3.:20,4.:12,5.:13,7.:21}","{1.:306,2.:141,3.:271,4.:125,5.:141,7.:302}","{1.:1225,2.:562,3.:1085,4.:500,5.:566,7.:1206}","{1.:1203,2.:550,3.:1065,4.:488,5.:553,7.:1185}","{1.:4,2.:3,3.:4,4.:2,5.:3,7.:4}"
2026-07-07T11:09:02.701301+00:00,satimage,182,self_training_lightgbm,2,250,4894,200,50,1286,6,36,36,2389.0,627.0,3.0,"{0: 891, 1: 144, 2: 804, 3: 37, 4: 235, 5: 478}",0.4881487535758071,0.999996699339628,0.9999819224206408,0.999999973262135,,max_iter,,,,,stratified_labeled_val,6,True,26,57,39.2004,success,,0.8273716951788491,0.7902167503150497,0.7904634207597375,1.2263232446251628,0.948931294642646,,,,,,,,,,,,"{1.:57,2.:29,3.:52,4.:26,5.:29,7.:57}","{1.:306,2.:141,3.:271,4.:125,5.:141,7.:302}","{1.:1225,2.:562,3.:1085,4.:500,5.:566,7.:1206}","{1.:1168,2.:533,3.:1033,4.:474,5.:537,7.:1149}","{1.:11,2.:6,3.:10,4.:5,5.:6,7.:12}"
2026-07-07T11:09:41.954321+00:00,satimage,182,self_training_lightgbm,2,500,4644,400,100,1286,6,36,36,2267.0,595.0,3.0,"{0: 839, 1: 344, 2: 709, 3: 44, 4: 238, 5: 493}",0.4881567614125753,0.9999990438404904,0.9999948932799796,0.9999999874179824,,max_iter,,,,,stratified_labeled_val,6,True,51,117,41.6502,success,,0.8639191290824261,0.8305260753095723,0.8330142282282423,0.8899420874306808,0.97104270182952,,,,,,,,,,,,"{1.:117,2.:56,3.:104,4.:51,5.:57,7.:115}","{1.:306,2.:141,3.:271,4.:125,5.:141,7.:302}","{1.:1225,2.:562,3.:1085,4.:500,5.:566,7.:1206}","{1.:1108,2.:506,3.:981,4.:449,5.:509,7.:1091}","{1.:23,2.:11,3.:21,4.:10,5.:12,7.:23}"
2026-07-07T11:10:23.615126+00:00,satimage,182,self_training_catboost,0,50,5094,40,10,1286,6,36,36,0.0,0.0,0.0,"{0: 9, 1: 5, 2: 8, 3: 5, 4: 5, 5: 8}",0.0,,,,,no_candidates,,,,,stratified_labeled_val,6,True,6,11,2.2359,success,,0.8032659409020217,0.7637570229070878,0.7729313598285104,0.7251785757011993,0.9547601637163838,,,,,,,,,,,,"{1.:11,2.:6,3.:10,4.:6,5.:7,7.:10}","{1.:306,2.:141,3.:271,4.:125,5.:141,7.:302}","{1.:1225,2.:562,3.:1085,4.:500,5.:566,7.:1206}","{1.:1214,2.:556,3.:1075,4.:494,5.:559,7.:1196}","{1.:2,2.:1,3.:2,4.:1,5.:2,7.:2}"
2026-07-07T11:10:25.869359+00:00,satimage,182,self_training_catboost,0,100,5044,80,20,1286,6,36,36,0.0,0.0,0.0,"{0: 18, 1: 9, 2: 16, 3: 10, 4: 10, 5: 17}",0.0,,,,,no_candidates,,,,,stratified_labeled_val,6,True,12,22,4.0807,success,,0.8110419906687403,0.774471543922616,0.7767908613376839,0.6200274075568479,0.9592246891801052,,,,,,,,,,,,"{1.:22,2.:12,3.:20,4.:12,5.:13,7.:21}","{1.:306,2.:141,3.:271,4.:125,5.:141,7.:302}","{1.:1225,2.:562,3.:1085,4.:500,5.:566,7.:1206}","{1.:1203,2.:550,3.:1065,4.:488,5.:553,7.:1185}","{1.:4,2.:3,3.:4,4.:2,5.:3,7.:4}"
2026-07-07T11:10:29.965477+00:00,satimage,182,self_training_catboost,0,250,4894,200,50,1286,6,36,36,909.0,307.0,3.0,"{0: 601, 1: 376, 2: 42, 3: 21, 4: 23, 5: 46}",0.1857376379239885,0.9824992966774568,0.970007516206115,0.9948903898422924,,max_iter,,,,,stratified_labeled_val,6,True,26,57,9.2864,success,,0.8258164852255054,0.7815038386154844,0.7916254174999339,0.5363273985171985,0.9600820871110016,,,,,,,,,,,,"{1.:57,2.:29,3.:52,4.:26,5.:29,7.:57}","{1.:306,2.:141,3.:271,4.:125,5.:141,7.:302}","{1.:1225,2.:562,3.:1085,4.:500,5.:566,7.:1206}","{1.:1168,2.:533,3.:1033,4.:474,5.:537,7.:1149}","{1.:12,2.:6,3.:10,4.:5,5.:6,7.:11}"
2026-07-07T11:10:39.266781+00:00,satimage,182,self_training_catboost,0,500,4644,400,100,1286,6,36,36,930.0,120.0,3.0,"{0: 665, 1: 403, 2: 83, 3: 41, 4: 45, 5: 93}",0.2002583979328165,0.9819068792049218,0.9700549034106556,0.9938771791339244,,max_iter,,,,,stratified_labeled_val,6,True,51,117,10.5209,success,,0.8328149300155521,0.796708782428468,0.8004580926024477,0.4884802130209264,0.9660739815111667,,,,,,,,,,,,"{1.:117,2.:56,3.:104,4.:51,5.:57,7.:115}","{1.:306,2.:141,3.:271,4.:125,5.:141,7.:302}","{1.:1225,2.:562,3.:1085,4.:500,5.:566,7.:1206}","{1.:1108,2.:506,3.:981,4.:449,5.:509,7.:1091}","{1.:23,2.:11,3.:21,4.:10,5.:12,7.:23}"
2026-07-07T11:10:49.796245+00:00,satimage,182,self_training_catboost,1,50,5094,40,10,1286,6,36,36,0.0,0.0,0.0,"{0: 9, 1: 5, 2: 8, 3: 5, 4: 5, 5: 8}",0.0,,,,,no_candidates,,,,,stratified_labeled_val,6,True,6,11,1.6291,success,,0.7721617418351477,0.7042176607888356,0.7031735931966425,0.8140316356207443,0.94349962759059,,,,,,,,,,,,"{1.:11,2.:6,3.:10,4.:6,5.:7,7.:10}","{1.:306,2.:141,3.:271,4.:125,5.:141,7.:302}","{1.:1225,2.:562,3.:1085,4.:500,5.:566,7.:1206}","{1.:1214,2.:556,3.:1075,4.:494,5.:559,7.:1196}","{1.:2,2.:1,3.:2,4.:1,5.:2,7.:2}"
2026-07-07T11:10:51.432624+00:00,satimage,182,self_training_catboost,1,100,5044,80,20,1286,6,36,36,0.0,0.0,0.0,"{0: 18, 1: 9, 2: 16, 3: 10, 4: 10, 5: 17}",0.0,,,,,no_candidates,,,,,stratified_labeled_val,6,True,12,22,3.8622,success,,0.8211508553654744,0.7773002111095136,0.7844311939424639,0.5840185811428283,0.9669601281389434,,,,,,,,,,,,"{1.:22,2.:12,3.:20,4.:12,5.:13,7.:21}","{1.:306,2.:141,3.:271,4.:125,5.:141,7.:302}","{1.:1225,2.:562,3.:1085,4.:500,5.:566,7.:1206}","{1.:1203,2.:550,3.:1065,4.:488,5.:553,7.:1185}","{1.:4,2.:3,3.:4,4.:2,5.:3,7.:4}"
2026-07-07T11:10:55.308973+00:00,satimage,182,self_training_catboost,1,250,4894,200,50,1286,6,36,36,327.0,250.0,3.0,"{0: 373, 1: 23, 2: 42, 3: 21, 4: 23, 5: 45}",0.0668165100122599,0.980414133391331,0.970022825143514,0.9891948679618178,,max_iter,,,,,stratified_labeled_val,6,True,26,57,9.3465,success,,0.8398133748055988,0.7823908459601965,0.7913545341426587,0.489550019938024,0.968723398860392,,,,,,,,,,,,"{1.:57,2.:29,3.:52,4.:26,5.:29,7.:57}","{1.:306,2.:141,3.:271,4.:125,5.:141,7.:302}","{1.:1225,2.:562,3.:1085,4.:500,5.:566,7.:1206}","{1.:1168,2.:533,3.:1033,4.:474,5.:537,7.:1149}","{1.:11,2.:6,3.:10,4.:5,5.:6,7.:12}"
2026-07-07T11:11:04.665839+00:00,satimage,182,self_training_catboost,1,500,4644,400,100,1286,6,36,36,1444.0,266.0,3.0,"{0: 599, 1: 399, 2: 83, 3: 41, 4: 45, 5: 677}",0.3109388458225667,0.9800927616701332,0.9701119029414736,0.9943235804616376,,max_iter,,,,,stratified_labeled_val,6,True,51,117,9.8957,success,,0.8576982892690513,0.8126832734758068,0.8244434483509333,0.4221909456190599,0.972981521170934,,,,,,,,,,,,"{1.:117,2.:56,3.:104,4.:51,5.:57,7.:115}","{1.:306,2.:141,3.:271,4.:125,5.:141,7.:302}","{1.:1225,2.:562,3.:1085,4.:500,5.:566,7.:1206}","{1.:1108,2.:506,3.:981,4.:449,5.:509,7.:1091}","{1.:23,2.:11,3.:21,4.:10,5.:12,7.:23}"
2026-07-07T11:11:14.576011+00:00,satimage,182,self_training_catboost,2,50,5094,40,10,1286,6,36,36,0.0,0.0,0.0,"{0: 9, 1: 5, 2: 8, 3: 5, 4: 5, 5: 8}",0.0,,,,,no_candidates,,,,,stratified_labeled_val,6,True,6,11,2.5096,success,,0.8390357698289269,0.7826368733978847,0.7926637769387886,0.6944823821868392,0.9533238176158796,,,,,,,,,,,,"{1.:11,2.:6,3.:10,4.:6,5.:7,7.:10}","{1.:306,2.:141,3.:271,4.:125,5.:141,7.:302}","{1.:1225,2.:562,3.:1085,4.:500,5.:566,7.:1206}","{1.:1214,2.:556,3.:1075,4.:494,5.:559,7.:1196}","{1.:2,2.:1,3.:2,4.:1,5.:2,7.:2}"
2026-07-07T11:11:17.098585+00:00,satimage,182,self_training_catboost,2,100,5044,80,20,1286,6,36,36,0.0,0.0,0.0,"{0: 18, 1: 9, 2: 16, 3: 10, 4: 10, 5: 17}",0.0,,,,,no_candidates,,,,,stratified_labeled_val,6,True,12,22,3.592,success,,0.8265940902021773,0.7816833661083892,0.7866105347458129,0.5791559047601337,0.96096106739845,,,,,,,,,,,,"{1.:22,2.:12,3.:20,4.:12,5.:13,7.:21}","{1.:306,2.:141,3.:271,4.:125,5.:141,7.:302}","{1.:1225,2.:562,3.:1085,4.:500,5.:566,7.:1206}","{1.:1203,2.:550,3.:1065,4.:488,5.:553,7.:1185}","{1.:4,2.:3,3.:4,4.:2,5.:3,7.:4}"
2026-07-07T11:11:20.697287+00:00,satimage,182,self_training_catboost,2,250,4894,200,50,1286,6,36,36,573.0,207.0,3.0,"{0: 619, 1: 23, 2: 42, 3: 21, 4: 23, 5: 45}",0.1170821413976297,0.983249425757778,0.9700475768212368,0.994541942781475,,max_iter,,,,,stratified_labeled_val,6,True,26,57,9.875,success,,0.8468118195956454,0.7988841252870861,0.808323219630113,0.4925245288361176,0.9644276525998872,,,,,,,,,,,,"{1.:57,2.:29,3.:52,4.:26,5.:29,7.:57}","{1.:306,2.:141,3.:271,4.:125,5.:141,7.:302}","{1.:1225,2.:562,3.:1085,4.:500,5.:566,7.:1206}","{1.:1168,2.:533,3.:1033,4.:474,5.:537,7.:1149}","{1.:11,2.:6,3.:10,4.:5,5.:6,7.:12}"
2026-07-07T11:11:30.580045+00:00,satimage,182,self_training_catboost,2,500,4644,400,100,1286,6,36,36,944.0,138.0,3.0,"{0: 696, 1: 387, 2: 83, 3: 41, 4: 45, 5: 92}",0.2032730404823428,0.980961128923764,0.9700521194896096,0.9941838589376768,,max_iter,,,,,stratified_labeled_val,6,True,51,117,9.7735,success,,0.8569206842923794,0.8077759610033447,0.8152309882376939,0.4321286003437228,0.9706087126607812,,,,,,,,,,,,"{1.:117,2.:56,3.:104,4.:51,5.:57,7.:115}","{1.:306,2.:141,3.:271,4.:125,5.:141,7.:302}","{1.:1225,2.:562,3.:1085,4.:500,5.:566,7.:1206}","{1.:1108,2.:506,3.:981,4.:449,5.:509,7.:1091}","{1.:23,2.:11,3.:21,4.:10,5.:12,7.:23}"
2026-07-07T11:11:40.362526+00:00,satimage,182,rpl_lr,0,50,5094,40,10,1286,6,36,36,,,,,,,,,,,,,,,stratified_labeled_val,6,True,6,11,0.6184,success,,0.7900466562986003,0.6997563942085337,0.6902437298231646,1.224422812461853,0.9493641476850208,,,,,,,,,,,,"{1.:11,2.:6,3.:10,4.:6,5.:7,7.:10}","{1.:306,2.:141,3.:271,4.:125,5.:141,7.:302}","{1.:1225,2.:562,3.:1085,4.:500,5.:566,7.:1206}","{1.:1214,2.:556,3.:1075,4.:494,5.:559,7.:1196}","{1.:2,2.:1,3.:2,4.:1,5.:2,7.:2}"
2026-07-07T11:11:40.988427+00:00,satimage,182,rpl_lr,0,100,5044,80,20,1286,6,36,36,,,,,,,,,,,,,,,stratified_labeled_val,6,True,12,22,0.7314,success,,0.8017107309486781,0.7219157293843713,0.7045294645568349,1.0177206993103027,0.9546245999463512,,,,,,,,,,,,"{1.:22,2.:12,3.:20,4.:12,5.:13,7.:21}","{1.:306,2.:141,3.:271,4.:125,5.:141,7.:302}","{1.:1225,2.:562,3.:1085,4.:500,5.:566,7.:1206}","{1.:1203,2.:550,3.:1065,4.:488,5.:553,7.:1185}","{1.:4,2.:3,3.:4,4.:2,5.:3,7.:4}"
2026-07-07T11:11:41.726714+00:00,satimage,182,rpl_lr,0,250,4894,200,50,1286,6,36,36,,,,,,,,,,,,,,,stratified_labeled_val,6,True,26,57,1.0848,success,,0.8203732503888025,0.7447473022744163,0.7474267663037216,0.747896134853363,0.9623394377113368,,,,,,,,,,,,"{1.:57,2.:29,3.:52,4.:26,5.:29,7.:57}","{1.:306,2.:141,3.:271,4.:125,5.:141,7.:302}","{1.:1225,2.:562,3.:1085,4.:500,5.:566,7.:1206}","{1.:1168,2.:533,3.:1033,4.:474,5.:537,7.:1149}","{1.:12,2.:6,3.:10,4.:5,5.:6,7.:11}"
2026-07-07T11:11:42.823244+00:00,satimage,182,rpl_lr,0,500,4644,400,100,1286,6,36,36,,,,,,,,,,,,,,,stratified_labeled_val,6,True,51,117,1.3006,success,,0.8258164852255054,0.7561806725958746,0.7534159594871707,0.5624691843986511,0.9662710679338804,,,,,,,,,,,,"{1.:117,2.:56,3.:104,4.:51,5.:57,7.:115}","{1.:306,2.:141,3.:271,4.:125,5.:141,7.:302}","{1.:1225,2.:562,3.:1085,4.:500,5.:566,7.:1206}","{1.:1108,2.:506,3.:981,4.:449,5.:509,7.:1091}","{1.:23,2.:11,3.:21,4.:10,5.:12,7.:23}"
2026-07-07T11:11:44.136475+00:00,satimage,182,rpl_lr,1,50,5094,40,10,1286,6,36,36,,,,,,,,,,,,,,,stratified_labeled_val,6,True,6,11,1.3601,success,,0.8195956454121306,0.7312287423586771,0.7053642864239302,1.1023454666137695,0.9522629622126688,,,,,,,,,,,,"{1.:11,2.:6,3.:10,4.:6,5.:7,7.:10}","{1.:306,2.:141,3.:271,4.:125,5.:141,7.:302}","{1.:1225,2.:562,3.:1085,4.:500,5.:566,7.:1206}","{1.:1214,2.:556,3.:1075,4.:494,5.:559,7.:1196}","{1.:2,2.:1,3.:2,4.:1,5.:2,7.:2}"
2026-07-07T11:11:45.510055+00:00,satimage,182,rpl_lr,1,100,5044,80,20,1286,6,36,36,,,,,,,,,,,,,,,stratified_labeled_val,6,True,12,22,1.2579,success,,0.8133748055987559,0.736476227387465,0.7354405793794894,0.9613048434257508,0.9547927338654016,,,,,,,,,,,,"{1.:22,2.:12,3.:20,4.:12,5.:13,7.:21}","{1.:306,2.:141,3.:271,4.:125,5.:141,7.:302}","{1.:1225,2.:562,3.:1085,4.:500,5.:566,7.:1206}","{1.:1203,2.:550,3.:1065,4.:488,5.:553,7.:1185}","{1.:4,2.:3,3.:4,4.:2,5.:3,7.:4}"
2026-07-07T11:11:46.780794+00:00,satimage,182,rpl_lr,1,250,4894,200,50,1286,6,36,36,,,,,,,,,,,,,,,stratified_labeled_val,6,True,26,57,1.8014,success,,0.8102643856920684,0.7367236982191977,0.7318407549227256,0.732863187789917,0.9624521432158518,,,,,,,,,,,,"{1.:57,2.:29,3.:52,4.:26,5.:29,7.:57}","{1.:306,2.:141,3.:271,4.:125,5.:141,7.:302}","{1.:1225,2.:562,3.:1085,4.:500,5.:566,7.:1206}","{1.:1168,2.:533,3.:1033,4.:474,5.:537,7.:1149}","{1.:11,2.:6,3.:10,4.:5,5.:6,7.:12}"
2026-07-07T11:11:48.595601+00:00,satimage,182,rpl_lr,1,500,4644,400,100,1286,6,36,36,,,,,,,,,,,,,,,stratified_labeled_val,6,True,51,117,1.5128,success,,0.8390357698289269,0.7731317506518289,0.7738418265631731,0.5317972898483276,0.9708395039399887,,,,,,,,,,,,"{1.:117,2.:56,3.:104,4.:51,5.:57,7.:115}","{1.:306,2.:141,3.:271,4.:125,5.:141,7.:302}","{1.:1225,2.:562,3.:1085,4.:500,5.:566,7.:1206}","{1.:1108,2.:506,3.:981,4.:449,5.:509,7.:1091}","{1.:23,2.:11,3.:21,4.:10,5.:12,7.:23}"
2026-07-07T11:11:50.122058+00:00,satimage,182,rpl_lr,2,50,5094,40,10,1286,6,36,36,,,,,,,,,,,,,,,stratified_labeled_val,6,True,6,11,1.1027,success,,0.8133748055987559,0.7351181869943507,0.7262040954972006,1.123341083526611,0.957011497592581,,,,,,,,,,,,"{1.:11,2.:6,3.:10,4.:6,5.:7,7.:10}","{1.:306,2.:141,3.:271,4.:125,5.:141,7.:302}","{1.:1225,2.:562,3.:1085,4.:500,5.:566,7.:1206}","{1.:1214,2.:556,3.:1075,4.:494,5.:559,7.:1196}","{1.:2,2.:1,3.:2,4.:1,5.:2,7.:2}"
2026-07-07T11:11:51.237174+00:00,satimage,182,rpl_lr,2,100,5044,80,20,1286,6,36,36,,,,,,,,,,,,,,,stratified_labeled_val,6,True,12,22,1.1419,success,,0.8195956454121306,0.7484545921951634,0.7358920087099926,0.9954088926315308,0.9588308410844468,,,,,,,,,,,,"{1.:22,2.:12,3.:20,4.:12,5.:13,7.:21}","{1.:306,2.:141,3.:271,4.:125,5.:141,7.:302}","{1.:1225,2.:562,3.:1085,4.:500,5.:566,7.:1206}","{1.:1203,2.:550,3.:1065,4.:488,5.:553,7.:1185}","{1.:4,2.:3,3.:4,4.:2,5.:3,7.:4}"
2026-07-07T11:11:52.392221+00:00,satimage,182,rpl_lr,2,250,4894,200,50,1286,6,36,36,,,,,,,,,,,,,,,stratified_labeled_val,6,True,26,57,1.6746,success,,0.8203732503888025,0.7531613158524534,0.7441530856919009,0.7742075324058533,0.9595423767306736,,,,,,,,,,,,"{1.:57,2.:29,3.:52,4.:26,5.:29,7.:57}","{1.:306,2.:141,3.:271,4.:125,5.:141,7.:302}","{1.:1225,2.:562,3.:1085,4.:500,5.:566,7.:1206}","{1.:1168,2.:533,3.:1033,4.:474,5.:537,7.:1149}","{1.:11,2.:6,3.:10,4.:5,5.:6,7.:12}"
2026-07-07T11:11:54.081433+00:00,satimage,182,rpl_lr,2,500,4644,400,100,1286,6,36,36,,,,,,,,,,,,,,,stratified_labeled_val,6,True,51,117,2.281,success,,0.8297045101088647,0.7628346230603738,0.758092759167306,0.6362695097923279,0.9636701413088764,,,,,,,,,,,,"{1.:117,2.:56,3.:104,4.:51,5.:57,7.:115}","{1.:306,2.:141,3.:271,4.:125,5.:141,7.:302}","{1.:1225,2.:562,3.:1085,4.:500,5.:566,7.:1206}","{1.:1108,2.:506,3.:981,4.:449,5.:509,7.:1091}","{1.:23,2.:11,3.:21,4.:10,5.:12,7.:23}"
2026-07-07T11:11:56.376597+00:00,satimage,182,rpl_lite_xgboost,0,50,5094,40,10,1286,6,36,36,2486.0,652.0,3.0,"{5: 742, 2: 1117, 0: 627}",0.4880251276010993,0.9805321798915356,,,0.5997302721186059,max_iter,,,,,stratified_labeled_val,6,True,6,11,14.1853,success,,0.7566096423017107,0.6710188039339192,0.6738665508279807,1.2542628049850464,0.893589579259431,,,,,,,,,,,,"{1.:11,2.:6,3.:10,4.:6,5.:7,7.:10}","{1.:306,2.:141,3.:271,4.:125,5.:141,7.:302}","{1.:1225,2.:562,3.:1085,4.:500,5.:566,7.:1206}","{1.:1214,2.:556,3.:1075,4.:494,5.:559,7.:1196}","{1.:2,2.:1,3.:2,4.:1,5.:2,7.:2}"
2026-07-07T11:12:10.572104+00:00,satimage,182,rpl_lite_xgboost,0,100,5044,80,20,1286,6,36,36,2462.0,646.0,3.0,"{5: 538, 2: 882, 3: 186, 0: 650, 4: 165, 1: 41}",0.4881046788263283,0.9881654932283948,,,0.5623669821375795,max_iter,,,,,stratified_labeled_val,6,True,12,22,14.0939,success,,0.7643856920684292,0.7449077466510893,0.7431726335245735,1.052718997001648,0.9250956988037328,,,,,,,,,,,,"{1.:22,2.:12,3.:20,4.:12,5.:13,7.:21}","{1.:306,2.:141,3.:271,4.:125,5.:141,7.:302}","{1.:1225,2.:562,3.:1085,4.:500,5.:566,7.:1206}","{1.:1203,2.:550,3.:1065,4.:488,5.:553,7.:1185}","{1.:4,2.:3,3.:4,4.:2,5.:3,7.:4}"
2026-07-07T11:12:24.688565+00:00,satimage,182,rpl_lite_xgboost,0,250,4894,200,50,1286,6,36,36,2389.0,627.0,3.0,"{5: 613, 0: 805, 2: 708, 4: 42, 3: 3, 1: 218}",0.4881487535758071,0.997260630180667,,,0.5896208960190474,max_iter,,,,,stratified_labeled_val,6,True,26,57,17.9466,success,,0.8141524105754276,0.7741453168070734,0.783121169159929,0.708138108253479,0.9535415838900532,,,,,,,,,,,,"{1.:57,2.:29,3.:52,4.:26,5.:29,7.:57}","{1.:306,2.:141,3.:271,4.:125,5.:141,7.:302}","{1.:1225,2.:562,3.:1085,4.:500,5.:566,7.:1206}","{1.:1168,2.:533,3.:1033,4.:474,5.:537,7.:1149}","{1.:12,2.:6,3.:10,4.:5,5.:6,7.:11}"
2026-07-07T11:12:42.649166+00:00,satimage,182,rpl_lite_xgboost,0,500,4644,400,100,1286,6,36,36,2267.0,595.0,3.0,"{5: 555, 0: 766, 2: 591, 4: 21, 1: 332, 3: 2}",0.4881567614125753,0.9984943823610364,,,0.5927250812893478,max_iter,,,,,stratified_labeled_val,6,True,51,117,24.2164,success,,0.8421461897356143,0.8140291179361937,0.8169839050270941,0.5577372908592224,0.9666221523859894,,,,,,,,,,,,"{1.:117,2.:56,3.:104,4.:51,5.:57,7.:115}","{1.:306,2.:141,3.:271,4.:125,5.:141,7.:302}","{1.:1225,2.:562,3.:1085,4.:500,5.:566,7.:1206}","{1.:1108,2.:506,3.:981,4.:449,5.:509,7.:1091}","{1.:23,2.:11,3.:21,4.:10,5.:12,7.:23}"
2026-07-07T11:13:06.877157+00:00,satimage,182,rpl_lite_xgboost,1,50,5094,40,10,1286,6,36,36,2486.0,652.0,3.0,"{5: 951, 0: 535, 2: 665, 3: 6, 1: 327, 4: 2}",0.4880251276010993,0.9749487823808952,,,0.542847350527378,max_iter,,,,,stratified_labeled_val,6,True,6,11,16.1822,success,,0.6905132192846034,0.591718826309488,0.579649237479369,1.5588040351867676,0.8654036518473348,,,,,,,,,,,,"{1.:11,2.:6,3.:10,4.:6,5.:7,7.:10}","{1.:306,2.:141,3.:271,4.:125,5.:141,7.:302}","{1.:1225,2.:562,3.:1085,4.:500,5.:566,7.:1206}","{1.:1214,2.:556,3.:1075,4.:494,5.:559,7.:1196}","{1.:2,2.:1,3.:2,4.:1,5.:2,7.:2}"
2026-07-07T11:13:23.078289+00:00,satimage,182,rpl_lite_xgboost,1,100,5044,80,20,1286,6,36,36,2462.0,646.0,3.0,"{5: 1003, 2: 613, 3: 54, 0: 774, 4: 18}",0.4881046788263283,0.9926355592270968,,,0.598207474661312,max_iter,,,,,stratified_labeled_val,6,True,12,22,17.0603,success,,0.7986003110419907,0.7438315071472484,0.7557166495383734,0.95228511095047,0.9252651402465698,,,,,,,,,,,,"{1.:22,2.:12,3.:20,4.:12,5.:13,7.:21}","{1.:306,2.:141,3.:271,4.:125,5.:141,7.:302}","{1.:1225,2.:562,3.:1085,4.:500,5.:566,7.:1206}","{1.:1203,2.:550,3.:1065,4.:488,5.:553,7.:1185}","{1.:4,2.:3,3.:4,4.:2,5.:3,7.:4}"
2026-07-07T11:13:40.148675+00:00,satimage,182,rpl_lite_xgboost,1,250,4894,200,50,1286,6,36,36,2389.0,627.0,3.0,"{5: 949, 2: 333, 0: 683, 4: 38, 1: 384, 3: 2}",0.4881487535758071,0.9973503379654116,,,0.5693241544821883,max_iter,,,,,stratified_labeled_val,6,True,26,57,17.8304,success,,0.8328149300155521,0.7815170398147798,0.7869821117469097,0.7670053839683533,0.9464909055706068,,,,,,,,,,,,"{1.:57,2.:29,3.:52,4.:26,5.:29,7.:57}","{1.:306,2.:141,3.:271,4.:125,5.:141,7.:302}","{1.:1225,2.:562,3.:1085,4.:500,5.:566,7.:1206}","{1.:1168,2.:533,3.:1033,4.:474,5.:537,7.:1149}","{1.:11,2.:6,3.:10,4.:5,5.:6,7.:12}"
2026-07-07T11:13:57.990134+00:00,satimage,182,rpl_lite_xgboost,1,500,4644,400,100,1286,6,36,36,2267.0,595.0,3.0,"{5: 746, 2: 361, 0: 663, 4: 120, 1: 375, 3: 2}",0.4881567614125753,0.9986748112210314,,,0.5715725116925335,max_iter,,,,,stratified_labeled_val,6,True,51,117,20.8326,success,,0.8732503888024883,0.8389636926777587,0.8461624208128874,0.4545682966709137,0.9751446683382672,,,,,,,,,,,,"{1.:117,2.:56,3.:104,4.:51,5.:57,7.:115}","{1.:306,2.:141,3.:271,4.:125,5.:141,7.:302}","{1.:1225,2.:562,3.:1085,4.:500,5.:566,7.:1206}","{1.:1108,2.:506,3.:981,4.:449,5.:509,7.:1091}","{1.:23,2.:11,3.:21,4.:10,5.:12,7.:23}"
2026-07-07T11:14:18.846633+00:00,satimage,182,rpl_lite_xgboost,2,50,5094,40,10,1286,6,36,36,2486.0,652.0,3.0,"{5: 1016, 0: 677, 2: 748, 4: 12, 3: 33}",0.4880251276010993,0.9769609424009116,,,0.5534149829399075,max_iter,,,,,stratified_labeled_val,6,True,6,11,13.0517,success,,0.7799377916018663,0.7151769763128591,0.7316667808241869,1.1173490285873413,0.904771820436832,,,,,,,,,,,,"{1.:11,2.:6,3.:10,4.:6,5.:7,7.:10}","{1.:306,2.:141,3.:271,4.:125,5.:141,7.:302}","{1.:1225,2.:562,3.:1085,4.:500,5.:566,7.:1206}","{1.:1214,2.:556,3.:1075,4.:494,5.:559,7.:1196}","{1.:2,2.:1,3.:2,4.:1,5.:2,7.:2}"
2026-07-07T11:14:31.908305+00:00,satimage,182,rpl_lite_xgboost,2,100,5044,80,20,1286,6,36,36,2462.0,646.0,3.0,"{5: 839, 0: 811, 2: 756, 3: 4, 4: 52}",0.4881046788263283,0.9920007958342446,,,0.561807977183023,max_iter,,,,,stratified_labeled_val,6,True,12,22,14.3945,success,,0.7869362363919129,0.7390680348839477,0.7427809749163408,0.9344558119773864,0.9326269358179612,,,,,,,,,,,,"{1.:22,2.:12,3.:20,4.:12,5.:13,7.:21}","{1.:306,2.:141,3.:271,4.:125,5.:141,7.:302}","{1.:1225,2.:562,3.:1085,4.:500,5.:566,7.:1206}","{1.:1203,2.:550,3.:1065,4.:488,5.:553,7.:1185}","{1.:4,2.:3,3.:4,4.:2,5.:3,7.:4}"
2026-07-07T11:14:46.312571+00:00,satimage,182,rpl_lite_xgboost,2,250,4894,200,50,1286,6,36,36,2389.0,627.0,3.0,"{5: 521, 2: 864, 0: 818, 3: 5, 4: 180, 1: 1}",0.4881487535758071,0.996982473042681,,,0.5639130715650553,max_iter,,,,,stratified_labeled_val,6,True,26,57,18.5844,success,,0.8413685847589425,0.7965186711190161,0.8036448180360559,0.6821304559707642,0.9562914900357442,,,,,,,,,,,,"{1.:57,2.:29,3.:52,4.:26,5.:29,7.:57}","{1.:306,2.:141,3.:271,4.:125,5.:141,7.:302}","{1.:1225,2.:562,3.:1085,4.:500,5.:566,7.:1206}","{1.:1168,2.:533,3.:1033,4.:474,5.:537,7.:1149}","{1.:11,2.:6,3.:10,4.:5,5.:6,7.:12}"
2026-07-07T11:15:04.915723+00:00,satimage,182,rpl_lite_xgboost,2,500,4644,400,100,1286,6,36,36,2267.0,595.0,3.0,"{5: 414, 0: 728, 2: 591, 3: 2, 1: 326, 4: 206}",0.4881567614125753,0.9985603862887812,,,0.5427079030357983,max_iter,,,,,stratified_labeled_val,6,True,51,117,20.1832,success,,0.854587869362364,0.825811855530331,0.8260965410792731,0.5287835597991943,0.9706156320225138,,,,,,,,,,,,"{1.:117,2.:56,3.:104,4.:51,5.:57,7.:115}","{1.:306,2.:141,3.:271,4.:125,5.:141,7.:302}","{1.:1225,2.:562,3.:1085,4.:500,5.:566,7.:1206}","{1.:1108,2.:506,3.:981,4.:449,5.:509,7.:1091}","{1.:23,2.:11,3.:21,4.:10,5.:12,7.:23}"
2026-07-07T11:15:25.109347+00:00,satimage,182,sslae,0,50,5094,40,10,1286,6,36,36,,,,,,,,,,,,,,,stratified_labeled_val,6,True,6,11,30.3568,success,,0.7954898911353032,0.7559003965765386,0.7582960140440144,0.7044143887377263,0.9421337213164982,,45.0,0.1480477899312973,55.0,0.0862067863345146,,sslae,internal_stratified_val,,style_baseline,supervised_autoencoder,"{1.:11,2.:6,3.:10,4.:6,5.:7,7.:10}","{1.:306,2.:141,3.:271,4.:125,5.:141,7.:302}","{1.:1225,2.:562,3.:1085,4.:500,5.:566,7.:1206}","{1.:1214,2.:556,3.:1075,4.:494,5.:559,7.:1196}","{1.:2,2.:1,3.:2,4.:1,5.:2,7.:2}"
2026-07-07T11:15:55.474630+00:00,satimage,182,sslae,0,100,5044,80,20,1286,6,36,36,,,,,,,,,,,,,,,stratified_labeled_val,6,True,12,22,13.314,success,,0.812597200622084,0.7727157357387795,0.7784071656305468,0.498623123154177,0.9637291992020404,,22.0,0.3408859968185425,32.0,0.3053270876407623,,sslae,internal_stratified_val,,style_baseline,supervised_autoencoder,"{1.:22,2.:12,3.:20,4.:12,5.:13,7.:21}","{1.:306,2.:141,3.:271,4.:125,5.:141,7.:302}","{1.:1225,2.:562,3.:1085,4.:500,5.:566,7.:1206}","{1.:1203,2.:550,3.:1065,4.:488,5.:553,7.:1185}","{1.:4,2.:3,3.:4,4.:2,5.:3,7.:4}"
2026-07-07T11:16:08.798362+00:00,satimage,182,sslae,0,250,4894,200,50,1286,6,36,36,,,,,,,,,,,,,,,stratified_labeled_val,6,True,26,57,10.9222,success,,0.8227060653188181,0.7611584056204759,0.7705955703549323,0.4894167753154267,0.9653509985998662,,15.0,0.4105790555477142,25.0,0.4589832425117492,,sslae,internal_stratified_val,,style_baseline,supervised_autoencoder,"{1.:57,2.:29,3.:52,4.:26,5.:29,7.:57}","{1.:306,2.:141,3.:271,4.:125,5.:141,7.:302}","{1.:1225,2.:562,3.:1085,4.:500,5.:566,7.:1206}","{1.:1168,2.:533,3.:1033,4.:474,5.:537,7.:1149}","{1.:12,2.:6,3.:10,4.:5,5.:6,7.:11}"
2026-07-07T11:16:19.729409+00:00,satimage,182,sslae,0,500,4644,400,100,1286,6,36,36,,,,,,,,,,,,,,,stratified_labeled_val,6,True,51,117,16.5657,success,,0.8475894245723172,0.8159084166290556,0.8152866342313955,0.4094639983206301,0.9718297054512288,,38.0,0.377342164516449,48.0,0.3244728744029999,,sslae,internal_stratified_val,,style_baseline,supervised_autoencoder,"{1.:117,2.:56,3.:104,4.:51,5.:57,7.:115}","{1.:306,2.:141,3.:271,4.:125,5.:141,7.:302}","{1.:1225,2.:562,3.:1085,4.:500,5.:566,7.:1206}","{1.:1108,2.:506,3.:981,4.:449,5.:509,7.:1091}","{1.:23,2.:11,3.:21,4.:10,5.:12,7.:23}"
2026-07-07T11:16:36.303603+00:00,satimage,182,sslae,1,50,5094,40,10,1286,6,36,36,,,,,,,,,,,,,,,stratified_labeled_val,6,True,6,11,17.4597,success,,0.8141524105754276,0.7624584003452614,0.7525463680021977,0.585105456370534,0.9536663595693236,,41.0,0.4451562166213989,51.0,0.1924501955509185,,sslae,internal_stratified_val,,style_baseline,supervised_autoencoder,"{1.:11,2.:6,3.:10,4.:6,5.:7,7.:10}","{1.:306,2.:141,3.:271,4.:125,5.:141,7.:302}","{1.:1225,2.:562,3.:1085,4.:500,5.:566,7.:1206}","{1.:1214,2.:556,3.:1075,4.:494,5.:559,7.:1196}","{1.:2,2.:1,3.:2,4.:1,5.:2,7.:2}"
2026-07-07T11:16:53.772279+00:00,satimage,182,sslae,1,100,5044,80,20,1286,6,36,36,,,,,,,,,,,,,,,stratified_labeled_val,6,True,12,22,22.8612,success,,0.8172628304821151,0.779460269477635,0.7782965375227993,0.5410353488511648,0.9616914173952172,,54.0,0.2082718908786773,64.0,0.1743118315935135,,sslae,internal_stratified_val,,style_baseline,supervised_autoencoder,"{1.:22,2.:12,3.:20,4.:12,5.:13,7.:21}","{1.:306,2.:141,3.:271,4.:125,5.:141,7.:302}","{1.:1225,2.:562,3.:1085,4.:500,5.:566,7.:1206}","{1.:1203,2.:550,3.:1065,4.:488,5.:553,7.:1185}","{1.:4,2.:3,3.:4,4.:2,5.:3,7.:4}"
2026-07-07T11:17:16.643392+00:00,satimage,182,sslae,1,250,4894,200,50,1286,6,36,36,,,,,,,,,,,,,,,stratified_labeled_val,6,True,26,57,18.2935,success,,0.8320373250388803,0.7848427141853881,0.7842077598802081,0.4329373088157747,0.9693602082145832,,43.0,0.40227872133255,53.0,0.3979234993457794,,sslae,internal_stratified_val,,style_baseline,supervised_autoencoder,"{1.:57,2.:29,3.:52,4.:26,5.:29,7.:57}","{1.:306,2.:141,3.:271,4.:125,5.:141,7.:302}","{1.:1225,2.:562,3.:1085,4.:500,5.:566,7.:1206}","{1.:1168,2.:533,3.:1033,4.:474,5.:537,7.:1149}","{1.:11,2.:6,3.:10,4.:5,5.:6,7.:12}"
2026-07-07T11:17:34.958478+00:00,satimage,182,sslae,1,500,4644,400,100,1286,6,36,36,,,,,,,,,,,,,,,stratified_labeled_val,6,True,51,117,10.168,success,,0.8242612752721618,0.7525314910470203,0.7516420210238076,0.4427801533515928,0.9688186647282389,,12.0,0.505433201789856,22.0,0.495012030005455,,sslae,internal_stratified_val,,style_baseline,supervised_autoencoder,"{1.:117,2.:56,3.:104,4.:51,5.:57,7.:115}","{1.:306,2.:141,3.:271,4.:125,5.:141,7.:302}","{1.:1225,2.:562,3.:1085,4.:500,5.:566,7.:1206}","{1.:1108,2.:506,3.:981,4.:449,5.:509,7.:1091}","{1.:23,2.:11,3.:21,4.:10,5.:12,7.:23}"
2026-07-07T11:17:45.136098+00:00,satimage,182,sslae,2,50,5094,40,10,1286,6,36,36,,,,,,,,,,,,,,,stratified_labeled_val,6,True,6,11,11.4609,success,,0.8017107309486781,0.7407715584652802,0.749366060388771,0.5258322807958412,0.9580585525507648,,23.0,0.3343493342399597,33.0,0.1777645349502563,,sslae,internal_stratified_val,,style_baseline,supervised_autoencoder,"{1.:11,2.:6,3.:10,4.:6,5.:7,7.:10}","{1.:306,2.:141,3.:271,4.:125,5.:141,7.:302}","{1.:1225,2.:562,3.:1085,4.:500,5.:566,7.:1206}","{1.:1214,2.:556,3.:1075,4.:494,5.:559,7.:1196}","{1.:2,2.:1,3.:2,4.:1,5.:2,7.:2}"
2026-07-07T11:17:56.605501+00:00,satimage,182,sslae,2,100,5044,80,20,1286,6,36,36,,,,,,,,,,,,,,,stratified_labeled_val,6,True,12,22,15.3768,success,,0.8141524105754276,0.7836894063644557,0.785742081528772,0.5703423170928853,0.9568381585450388,,29.0,0.419129729270935,39.0,0.3124367892742157,,sslae,internal_stratified_val,,style_baseline,supervised_autoencoder,"{1.:22,2.:12,3.:20,4.:12,5.:13,7.:21}","{1.:306,2.:141,3.:271,4.:125,5.:141,7.:302}","{1.:1225,2.:562,3.:1085,4.:500,5.:566,7.:1206}","{1.:1203,2.:550,3.:1065,4.:488,5.:553,7.:1185}","{1.:4,2.:3,3.:4,4.:2,5.:3,7.:4}"
2026-07-07T11:18:11.991409+00:00,satimage,182,sslae,2,250,4894,200,50,1286,6,36,36,,,,,,,,,,,,,,,stratified_labeled_val,6,True,26,57,11.8399,success,,0.8258164852255054,0.7698076639679994,0.7752776433078546,0.4565334094838085,0.9640150233815732,,17.0,0.6182381510734558,27.0,0.341739296913147,,sslae,internal_stratified_val,,style_baseline,supervised_autoencoder,"{1.:57,2.:29,3.:52,4.:26,5.:29,7.:57}","{1.:306,2.:141,3.:271,4.:125,5.:141,7.:302}","{1.:1225,2.:562,3.:1085,4.:500,5.:566,7.:1206}","{1.:1168,2.:533,3.:1033,4.:474,5.:537,7.:1149}","{1.:11,2.:6,3.:10,4.:5,5.:6,7.:12}"
2026-07-07T11:18:23.845630+00:00,satimage,182,sslae,2,500,4644,400,100,1286,6,36,36,,,,,,,,,,,,,,,stratified_labeled_val,6,True,51,117,12.6444,success,,0.8475894245723172,0.8122035695509947,0.813125816490374,0.4350523211194811,0.9685688764440612,,23.0,0.4680181443691253,33.0,0.4125148057937622,,sslae,internal_stratified_val,,style_baseline,supervised_autoencoder,"{1.:117,2.:56,3.:104,4.:51,5.:57,7.:115}","{1.:306,2.:141,3.:271,4.:125,5.:141,7.:302}","{1.:1225,2.:562,3.:1085,4.:500,5.:566,7.:1206}","{1.:1108,2.:506,3.:981,4.:449,5.:509,7.:1091}","{1.:23,2.:11,3.:21,4.:10,5.:12,7.:23}"
2026-07-07T11:18:36.509115+00:00,satimage,182,scarf,0,50,5094,40,10,1286,6,36,36,,,,,,,,,,,,,,,stratified_labeled_val,6,True,6,11,33.2777,success,,0.7900466562986003,0.7460185686647182,0.7475616041836292,0.6349230884438833,0.9534134618345256,,48.0,0.1797525584697723,58.0,0.1503386497497558,58.0,scarf,internal_stratified_val,50.0,paper_faithful_core,SCARF,"{1.:11,2.:6,3.:10,4.:6,5.:7,7.:10}","{1.:306,2.:141,3.:271,4.:125,5.:141,7.:302}","{1.:1225,2.:562,3.:1085,4.:500,5.:566,7.:1206}","{1.:1214,2.:556,3.:1075,4.:494,5.:559,7.:1196}","{1.:2,2.:1,3.:2,4.:1,5.:2,7.:2}"
2026-07-07T11:19:09.794374+00:00,satimage,182,scarf,0,100,5044,80,20,1286,6,36,36,,,,,,,,,,,,,,,stratified_labeled_val,6,True,12,22,33.5577,success,,0.8258164852255054,0.7944612289087746,0.7934845485063627,0.4877694409869331,0.9651847742347698,,47.0,0.2775038778781891,57.0,0.2240966260433197,57.0,scarf,internal_stratified_val,50.0,paper_faithful_core,SCARF,"{1.:22,2.:12,3.:20,4.:12,5.:13,7.:21}","{1.:306,2.:141,3.:271,4.:125,5.:141,7.:302}","{1.:1225,2.:562,3.:1085,4.:500,5.:566,7.:1206}","{1.:1203,2.:550,3.:1065,4.:488,5.:553,7.:1185}","{1.:4,2.:3,3.:4,4.:2,5.:3,7.:4}"
2026-07-07T11:19:43.367695+00:00,satimage,182,scarf,0,250,4894,200,50,1286,6,36,36,,,,,,,,,,,,,,,stratified_labeled_val,6,True,26,57,32.7018,success,,0.8265940902021773,0.7589262914731831,0.7662368361269164,0.4947882453465296,0.9565020684856308,,36.0,0.3833824694156647,46.0,0.3738584220409393,46.0,scarf,internal_stratified_val,50.0,paper_faithful_core,SCARF,"{1.:57,2.:29,3.:52,4.:26,5.:29,7.:57}","{1.:306,2.:141,3.:271,4.:125,5.:141,7.:302}","{1.:1225,2.:562,3.:1085,4.:500,5.:566,7.:1206}","{1.:1168,2.:533,3.:1033,4.:474,5.:537,7.:1149}","{1.:12,2.:6,3.:10,4.:5,5.:6,7.:11}"
2026-07-07T11:20:16.078732+00:00,satimage,182,scarf,0,500,4644,400,100,1286,6,36,36,,,,,,,,,,,,,,,stratified_labeled_val,6,True,51,117,32.3116,success,,0.8289269051321928,0.7667583692303422,0.7711520133444293,0.4372388003361286,0.9682851902750528,,24.0,0.3926539719104767,34.0,0.3434217125177383,34.0,scarf,internal_stratified_val,50.0,paper_faithful_core,SCARF,"{1.:117,2.:56,3.:104,4.:51,5.:57,7.:115}","{1.:306,2.:141,3.:271,4.:125,5.:141,7.:302}","{1.:1225,2.:562,3.:1085,4.:500,5.:566,7.:1206}","{1.:1108,2.:506,3.:981,4.:449,5.:509,7.:1091}","{1.:23,2.:11,3.:21,4.:10,5.:12,7.:23}"
2026-07-07T11:20:48.398224+00:00,satimage,182,scarf,1,50,5094,40,10,1286,6,36,36,,,,,,,,,,,,,,,stratified_labeled_val,6,True,6,11,32.4469,success,,0.7908242612752722,0.7443590137754964,0.7302798620159027,0.8245366626209951,0.9557031774290002,,100.0,0.1792277991771698,100.0,0.0790925696492195,100.0,scarf,internal_stratified_val,50.0,paper_faithful_core,SCARF,"{1.:11,2.:6,3.:10,4.:6,5.:7,7.:10}","{1.:306,2.:141,3.:271,4.:125,5.:141,7.:302}","{1.:1225,2.:562,3.:1085,4.:500,5.:566,7.:1206}","{1.:1214,2.:556,3.:1075,4.:494,5.:559,7.:1196}","{1.:2,2.:1,3.:2,4.:1,5.:2,7.:2}"
2026-07-07T11:21:20.853037+00:00,satimage,182,scarf,1,100,5044,80,20,1286,6,36,36,,,,,,,,,,,,,,,stratified_labeled_val,6,True,12,22,34.2288,success,,0.8234836702954899,0.77718860686456,0.7797331569292968,0.5799048977289211,0.9603641815951393,,70.0,0.1979080438613891,80.0,0.2026352286338806,80.0,scarf,internal_stratified_val,50.0,paper_faithful_core,SCARF,"{1.:22,2.:12,3.:20,4.:12,5.:13,7.:21}","{1.:306,2.:141,3.:271,4.:125,5.:141,7.:302}","{1.:1225,2.:562,3.:1085,4.:500,5.:566,7.:1206}","{1.:1203,2.:550,3.:1065,4.:488,5.:553,7.:1185}","{1.:4,2.:3,3.:4,4.:2,5.:3,7.:4}"
2026-07-07T11:21:55.098340+00:00,satimage,182,scarf,1,250,4894,200,50,1286,6,36,36,,,,,,,,,,,,,,,stratified_labeled_val,6,True,26,57,32.8489,success,,0.8273716951788491,0.7688886828781037,0.7677467439445468,0.4663266836112219,0.9644412577970852,,45.0,0.3942015469074249,55.0,0.3270287811756134,55.0,scarf,internal_stratified_val,50.0,paper_faithful_core,SCARF,"{1.:57,2.:29,3.:52,4.:26,5.:29,7.:57}","{1.:306,2.:141,3.:271,4.:125,5.:141,7.:302}","{1.:1225,2.:562,3.:1085,4.:500,5.:566,7.:1206}","{1.:1168,2.:533,3.:1033,4.:474,5.:537,7.:1149}","{1.:11,2.:6,3.:10,4.:5,5.:6,7.:12}"
2026-07-07T11:22:27.956111+00:00,satimage,182,scarf,1,500,4644,400,100,1286,6,36,36,,,,,,,,,,,,,,,stratified_labeled_val,6,True,51,117,31.8708,success,,0.8367029548989113,0.7880238284101435,0.7916236190710114,0.4360100982779801,0.9687615421137542,,31.0,0.5055292844772339,41.0,0.3268934041261673,41.0,scarf,internal_stratified_val,50.0,paper_faithful_core,SCARF,"{1.:117,2.:56,3.:104,4.:51,5.:57,7.:115}","{1.:306,2.:141,3.:271,4.:125,5.:141,7.:302}","{1.:1225,2.:562,3.:1085,4.:500,5.:566,7.:1206}","{1.:1108,2.:506,3.:981,4.:449,5.:509,7.:1091}","{1.:23,2.:11,3.:21,4.:10,5.:12,7.:23}"
2026-07-07T11:22:59.845034+00:00,satimage,182,scarf,2,50,5094,40,10,1286,6,36,36,,,,,,,,,,,,,,,stratified_labeled_val,6,True,6,11,34.3062,success,,0.8265940902021773,0.778139249445994,0.779964788998779,0.5403958932653209,0.9572551250141594,,60.0,0.2260174602270126,70.0,0.1318208426237106,70.0,scarf,internal_stratified_val,50.0,paper_faithful_core,SCARF,"{1.:11,2.:6,3.:10,4.:6,5.:7,7.:10}","{1.:306,2.:141,3.:271,4.:125,5.:141,7.:302}","{1.:1225,2.:562,3.:1085,4.:500,5.:566,7.:1206}","{1.:1214,2.:556,3.:1075,4.:494,5.:559,7.:1196}","{1.:2,2.:1,3.:2,4.:1,5.:2,7.:2}"
2026-07-07T11:23:34.160628+00:00,satimage,182,scarf,2,100,5044,80,20,1286,6,36,36,,,,,,,,,,,,,,,stratified_labeled_val,6,True,12,22,33.0903,success,,0.8250388802488335,0.7760092367467948,0.7789756814844226,0.5016791705134022,0.961940865989059,,39.0,0.4610644280910492,49.0,0.2326832562685012,49.0,scarf,internal_stratified_val,50.0,paper_faithful_core,SCARF,"{1.:22,2.:12,3.:20,4.:12,5.:13,7.:21}","{1.:306,2.:141,3.:271,4.:125,5.:141,7.:302}","{1.:1225,2.:562,3.:1085,4.:500,5.:566,7.:1206}","{1.:1203,2.:550,3.:1065,4.:488,5.:553,7.:1185}","{1.:4,2.:3,3.:4,4.:2,5.:3,7.:4}"
2026-07-07T11:24:07.268503+00:00,satimage,182,scarf,2,250,4894,200,50,1286,6,36,36,,,,,,,,,,,,,,,stratified_labeled_val,6,True,26,57,32.546,success,,0.8227060653188181,0.7805204063314659,0.7798541357533962,0.5073366637853793,0.9600748825274088,,41.0,0.6833374500274658,51.0,0.2941654026508331,51.0,scarf,internal_stratified_val,50.0,paper_faithful_core,SCARF,"{1.:57,2.:29,3.:52,4.:26,5.:29,7.:57}","{1.:306,2.:141,3.:271,4.:125,5.:141,7.:302}","{1.:1225,2.:562,3.:1085,4.:500,5.:566,7.:1206}","{1.:1168,2.:533,3.:1033,4.:474,5.:537,7.:1149}","{1.:11,2.:6,3.:10,4.:5,5.:6,7.:12}"
2026-07-07T11:24:39.823971+00:00,satimage,182,scarf,2,500,4644,400,100,1286,6,36,36,,,,,,,,,,,,,,,stratified_labeled_val,6,True,51,117,31.8466,success,,0.8452566096423018,0.7988709721513856,0.7989986202741003,0.4384001175349701,0.9675861260821562,,32.0,0.4944689273834228,42.0,0.3259354680776596,42.0,scarf,internal_stratified_val,50.0,paper_faithful_core,SCARF,"{1.:117,2.:56,3.:104,4.:51,5.:57,7.:115}","{1.:306,2.:141,3.:271,4.:125,5.:141,7.:302}","{1.:1225,2.:562,3.:1085,4.:500,5.:566,7.:1206}","{1.:1108,2.:506,3.:981,4.:449,5.:509,7.:1091}","{1.:23,2.:11,3.:21,4.:10,5.:12,7.:23}"
2026-07-07T11:25:11.678390+00:00,satimage,182,vime,0,50,5094,40,10,1286,6,36,36,,,,,,,,,,,,,,,stratified_labeled_val,6,True,6,11,28.4386,success,,0.8001555209953344,0.7452159772478654,0.7476061564775643,0.5367382116823958,0.9609626114370536,,41.0,0.3085098266601562,51.0,0.2040431350469589,51.0,vime,internal_stratified_val,50.0,paper_faithful_core,VIME,"{1.:11,2.:6,3.:10,4.:6,5.:7,7.:10}","{1.:306,2.:141,3.:271,4.:125,5.:141,7.:302}","{1.:1225,2.:562,3.:1085,4.:500,5.:566,7.:1206}","{1.:1214,2.:556,3.:1075,4.:494,5.:559,7.:1196}","{1.:2,2.:1,3.:2,4.:1,5.:2,7.:2}"
2026-07-07T11:25:40.133918+00:00,satimage,182,vime,0,100,5044,80,20,1286,6,36,36,,,,,,,,,,,,,,,stratified_labeled_val,6,True,12,22,28.3982,success,,0.8203732503888025,0.7832234143840165,0.785683563085357,0.4884285121195933,0.9651572888969526,,43.0,0.306349366903305,53.0,0.2740044593811035,53.0,vime,internal_stratified_val,50.0,paper_faithful_core,VIME,"{1.:22,2.:12,3.:20,4.:12,5.:13,7.:21}","{1.:306,2.:141,3.:271,4.:125,5.:141,7.:302}","{1.:1225,2.:562,3.:1085,4.:500,5.:566,7.:1206}","{1.:1203,2.:550,3.:1065,4.:488,5.:553,7.:1185}","{1.:4,2.:3,3.:4,4.:2,5.:3,7.:4}"
2026-07-07T11:26:08.540618+00:00,satimage,182,vime,0,250,4894,200,50,1286,6,36,36,,,,,,,,,,,,,,,stratified_labeled_val,6,True,26,57,28.8262,success,,0.8320373250388803,0.7716248383994723,0.77995607735165,0.4577951617092077,0.9644282437564689,,36.0,0.4020648002624511,46.0,0.3367894291877746,46.0,vime,internal_stratified_val,50.0,paper_faithful_core,VIME,"{1.:57,2.:29,3.:52,4.:26,5.:29,7.:57}","{1.:306,2.:141,3.:271,4.:125,5.:141,7.:302}","{1.:1225,2.:562,3.:1085,4.:500,5.:566,7.:1206}","{1.:1168,2.:533,3.:1033,4.:474,5.:537,7.:1149}","{1.:12,2.:6,3.:10,4.:5,5.:6,7.:11}"
2026-07-07T11:26:37.375121+00:00,satimage,182,vime,0,500,4644,400,100,1286,6,36,36,,,,,,,,,,,,,,,stratified_labeled_val,6,True,51,117,28.3315,success,,0.8265940902021773,0.7691265495818239,0.7722590535923279,0.4417183212193089,0.9678011321313466,,22.0,0.3993054032325744,32.0,0.3957665711641311,32.0,vime,internal_stratified_val,50.0,paper_faithful_core,VIME,"{1.:117,2.:56,3.:104,4.:51,5.:57,7.:115}","{1.:306,2.:141,3.:271,4.:125,5.:141,7.:302}","{1.:1225,2.:562,3.:1085,4.:500,5.:566,7.:1206}","{1.:1108,2.:506,3.:981,4.:449,5.:509,7.:1091}","{1.:23,2.:11,3.:21,4.:10,5.:12,7.:23}"
2026-07-07T11:27:05.726055+00:00,satimage,182,vime,1,50,5094,40,10,1286,6,36,36,,,,,,,,,,,,,,,stratified_labeled_val,6,True,6,11,28.7591,success,,0.7986003110419907,0.7492949427232891,0.7331410510525598,0.603094381622467,0.9509128151597496,,44.0,0.6381206512451172,54.0,0.2439079880714416,54.0,vime,internal_stratified_val,50.0,paper_faithful_core,VIME,"{1.:11,2.:6,3.:10,4.:6,5.:7,7.:10}","{1.:306,2.:141,3.:271,4.:125,5.:141,7.:302}","{1.:1225,2.:562,3.:1085,4.:500,5.:566,7.:1206}","{1.:1214,2.:556,3.:1075,4.:494,5.:559,7.:1196}","{1.:2,2.:1,3.:2,4.:1,5.:2,7.:2}"
2026-07-07T11:27:34.500557+00:00,satimage,182,vime,1,100,5044,80,20,1286,6,36,36,,,,,,,,,,,,,,,stratified_labeled_val,6,True,12,22,30.0882,success,,0.8273716951788491,0.7766563476473367,0.7773833745615978,0.4936735335502473,0.963725614524502,,50.0,0.2327674925327301,60.0,0.2525701522827148,60.0,vime,internal_stratified_val,50.0,paper_faithful_core,VIME,"{1.:22,2.:12,3.:20,4.:12,5.:13,7.:21}","{1.:306,2.:141,3.:271,4.:125,5.:141,7.:302}","{1.:1225,2.:562,3.:1085,4.:500,5.:566,7.:1206}","{1.:1203,2.:550,3.:1065,4.:488,5.:553,7.:1185}","{1.:4,2.:3,3.:4,4.:2,5.:3,7.:4}"
2026-07-07T11:28:04.606744+00:00,satimage,182,vime,1,250,4894,200,50,1286,6,36,36,,,,,,,,,,,,,,,stratified_labeled_val,6,True,26,57,29.3279,success,,0.8297045101088647,0.7725263511196173,0.7728461171357389,0.4416911231082825,0.9677526945744164,,42.0,0.4159193634986877,52.0,0.3313496112823486,52.0,vime,internal_stratified_val,50.0,paper_faithful_core,VIME,"{1.:57,2.:29,3.:52,4.:26,5.:29,7.:57}","{1.:306,2.:141,3.:271,4.:125,5.:141,7.:302}","{1.:1225,2.:562,3.:1085,4.:500,5.:566,7.:1206}","{1.:1168,2.:533,3.:1033,4.:474,5.:537,7.:1149}","{1.:11,2.:6,3.:10,4.:5,5.:6,7.:12}"
2026-07-07T11:28:33.944490+00:00,satimage,182,vime,1,500,4644,400,100,1286,6,36,36,,,,,,,,,,,,,,,stratified_labeled_val,6,True,51,117,29.6147,success,,0.8405909797822706,0.7939543412681956,0.7977213229006496,0.4171513806618936,0.9714213257477492,,39.0,0.5027804374694824,49.0,0.3103821277618408,49.0,vime,internal_stratified_val,50.0,paper_faithful_core,VIME,"{1.:117,2.:56,3.:104,4.:51,5.:57,7.:115}","{1.:306,2.:141,3.:271,4.:125,5.:141,7.:302}","{1.:1225,2.:562,3.:1085,4.:500,5.:566,7.:1206}","{1.:1108,2.:506,3.:981,4.:449,5.:509,7.:1091}","{1.:23,2.:11,3.:21,4.:10,5.:12,7.:23}"
2026-07-07T11:29:03.568139+00:00,satimage,182,vime,2,50,5094,40,10,1286,6,36,36,,,,,,,,,,,,,,,stratified_labeled_val,6,True,6,11,28.798,success,,0.828149300155521,0.7817031049760804,0.7866313730453824,0.5104986478377694,0.9617758456816112,,45.0,0.1968473941087722,55.0,0.2214552611112594,55.0,vime,internal_stratified_val,50.0,paper_faithful_core,VIME,"{1.:11,2.:6,3.:10,4.:6,5.:7,7.:10}","{1.:306,2.:141,3.:271,4.:125,5.:141,7.:302}","{1.:1225,2.:562,3.:1085,4.:500,5.:566,7.:1206}","{1.:1214,2.:556,3.:1075,4.:494,5.:559,7.:1196}","{1.:2,2.:1,3.:2,4.:1,5.:2,7.:2}"
2026-07-07T11:29:32.374677+00:00,satimage,182,vime,2,100,5044,80,20,1286,6,36,36,,,,,,,,,,,,,,,stratified_labeled_val,6,True,12,22,27.6158,success,,0.8250388802488335,0.7781344842786977,0.7811506071603671,0.4969148936677537,0.9609115249660376,,28.0,0.4497559070587158,38.0,0.2599378228187561,38.0,vime,internal_stratified_val,50.0,paper_faithful_core,VIME,"{1.:22,2.:12,3.:20,4.:12,5.:13,7.:21}","{1.:306,2.:141,3.:271,4.:125,5.:141,7.:302}","{1.:1225,2.:562,3.:1085,4.:500,5.:566,7.:1206}","{1.:1203,2.:550,3.:1065,4.:488,5.:553,7.:1185}","{1.:4,2.:3,3.:4,4.:2,5.:3,7.:4}"
2026-07-07T11:29:59.999628+00:00,satimage,182,vime,2,250,4894,200,50,1286,6,36,36,,,,,,,,,,,,,,,stratified_labeled_val,6,True,26,57,29.0837,success,,0.8273716951788491,0.7751939967090631,0.7764046986505647,0.4947998178297889,0.9608184993723244,,26.0,0.6403940916061401,36.0,0.3243275880813598,36.0,vime,internal_stratified_val,50.0,paper_faithful_core,VIME,"{1.:57,2.:29,3.:52,4.:26,5.:29,7.:57}","{1.:306,2.:141,3.:271,4.:125,5.:141,7.:302}","{1.:1225,2.:562,3.:1085,4.:500,5.:566,7.:1206}","{1.:1168,2.:533,3.:1033,4.:474,5.:537,7.:1149}","{1.:11,2.:6,3.:10,4.:5,5.:6,7.:12}"
2026-07-07T11:30:29.092488+00:00,satimage,182,vime,2,500,4644,400,100,1286,6,36,36,,,,,,,,,,,,,,,stratified_labeled_val,6,True,51,117,27.2753,success,,0.838258164852255,0.7848390904327501,0.7834680149776556,0.4361654972544039,0.9676628975783969,,32.0,0.4730452001094818,42.0,0.3026273250579834,42.0,vime,internal_stratified_val,50.0,paper_faithful_core,VIME,"{1.:117,2.:56,3.:104,4.:51,5.:57,7.:115}","{1.:306,2.:141,3.:271,4.:125,5.:141,7.:302}","{1.:1225,2.:562,3.:1085,4.:500,5.:566,7.:1206}","{1.:1108,2.:506,3.:981,4.:449,5.:509,7.:1091}","{1.:23,2.:11,3.:21,4.:10,5.:12,7.:23}"
2026-07-07T11:31:16.786947+00:00,MagicTelescope,1120,logistic_regression,0,50,15166,40,10,3804,2,10,10,,,,,,,,,,,,,,,stratified_labeled_val,2,True,18,32,0.579,success,,0.7447423764458465,0.6884253652362716,0.6978189810294422,0.5336740612983704,0.7767245904540918,0.696902724568693,,,,,,,,,,,"{g:32,h:18}","{g:2466,h:1338}","{g:9866,h:5350}","{g:9834,h:5332}","{g:6,h:4}"
2026-07-07T11:31:17.386438+00:00,MagicTelescope,1120,logistic_regression,0,100,15116,80,20,3804,2,10,10,,,,,,,,,,,,,,,stratified_labeled_val,2,True,37,63,0.2584,success,,0.767087276550999,0.7234369487814547,0.7320240692563592,0.4880935251712799,0.8094291633782975,0.7513501859431634,,,,,,,,,,,"{g:63,h:37}","{g:2466,h:1338}","{g:9866,h:5350}","{g:9803,h:5313}","{g:13,h:7}"
2026-07-07T11:31:17.653384+00:00,MagicTelescope,1120,logistic_regression,0,250,14966,200,50,3804,2,10,10,,,,,,,,,,,,,,,stratified_labeled_val,2,True,89,161,0.1777,success,,0.7662986330178759,0.7175297044286603,0.7275236518396986,0.5145775079727173,0.78963803088218,0.7220573971371363,,,,,,,,,,,"{g:161,h:89}","{g:2466,h:1338}","{g:9866,h:5350}","{g:9705,h:5261}","{g:32,h:18}"
2026-07-07T11:31:17.838123+00:00,MagicTelescope,1120,logistic_regression,0,500,14716,400,100,3804,2,10,10,,,,,,,,,,,,,,,stratified_labeled_val,2,True,177,323,0.2008,success,,0.7847003154574133,0.7375345051444033,0.748862253814796,0.4885073602199554,0.8161819883449289,0.7545962767353466,,,,,,,,,,,"{g:323,h:177}","{g:2466,h:1338}","{g:9866,h:5350}","{g:9543,h:5173}","{g:65,h:35}"
2026-07-07T11:31:18.048825+00:00,MagicTelescope,1120,logistic_regression,1,50,15166,40,10,3804,2,10,10,,,,,,,,,,,,,,,stratified_labeled_val,2,True,18,32,0.2416,success,,0.7812828601472135,0.7222494990162169,0.7362391193036355,0.4746752381324768,0.8275424699682499,0.7656353677212628,,,,,,,,,,,"{g:32,h:18}","{g:2466,h:1338}","{g:9866,h:5350}","{g:9834,h:5332}","{g:6,h:4}"
2026-07-07T11:31:18.300652+00:00,MagicTelescope,1120,logistic_regression,1,100,15116,80,20,3804,2,10,10,,,,,,,,,,,,,,,stratified_labeled_val,2,True,37,63,0.2509,success,,0.7797055730809674,0.7318018322731753,0.7428571981708851,0.4866458773612976,0.8132454899336506,0.7549185407902851,,,,,,,,,,,"{g:63,h:37}","{g:2466,h:1338}","{g:9866,h:5350}","{g:9803,h:5313}","{g:13,h:7}"
2026-07-07T11:31:18.559858+00:00,MagicTelescope,1120,logistic_regression,1,250,14966,200,50,3804,2,10,10,,,,,,,,,,,,,,,stratified_labeled_val,2,True,89,161,0.2849,success,,0.7949526813880127,0.7451001785720781,0.7583781649795895,0.4630425274372101,0.8273421370701328,0.7827841459464431,,,,,,,,,,,"{g:161,h:89}","{g:2466,h:1338}","{g:9866,h:5350}","{g:9705,h:5261}","{g:32,h:18}"
2026-07-07T11:31:18.859318+00:00,MagicTelescope,1120,logistic_regression,1,500,14716,400,100,3804,2,10,10,,,,,,,,,,,,,,,stratified_labeled_val,2,True,177,323,0.3058,success,,0.796267087276551,0.7538060219887328,0.7646113092444974,0.4458456635475158,0.8443922548452678,0.7943482424420508,,,,,,,,,,,"{g:323,h:177}","{g:2466,h:1338}","{g:9866,h:5350}","{g:9543,h:5173}","{g:65,h:35}"
2026-07-07T11:31:19.178862+00:00,MagicTelescope,1120,logistic_regression,2,50,15166,40,10,3804,2,10,10,,,,,,,,,,,,,,,stratified_labeled_val,2,True,18,32,0.2547,success,,0.7386961093585699,0.6933342789288585,0.7001427447596813,0.6254006028175354,0.7514214240426148,0.6201554801533833,,,,,,,,,,,"{g:32,h:18}","{g:2466,h:1338}","{g:9866,h:5350}","{g:9834,h:5332}","{g:6,h:4}"
2026-07-07T11:31:19.440684+00:00,MagicTelescope,1120,logistic_regression,2,100,15116,80,20,3804,2,10,10,,,,,,,,,,,,,,,stratified_labeled_val,2,True,37,63,0.273,success,,0.7823343848580442,0.7389574445644623,0.7487930596102379,0.5274341106414795,0.804652087523352,0.7224095273909628,,,,,,,,,,,"{g:63,h:37}","{g:2466,h:1338}","{g:9866,h:5350}","{g:9803,h:5313}","{g:13,h:7}"
2026-07-07T11:31:19.724769+00:00,MagicTelescope,1120,logistic_regression,2,250,14966,200,50,3804,2,10,10,,,,,,,,,,,,,,,stratified_labeled_val,2,True,89,161,0.2493,success,,0.777602523659306,0.739410239344775,0.7469471843389864,0.4909380376338959,0.8128855877906646,0.7508193118840658,,,,,,,,,,,"{g:161,h:89}","{g:2466,h:1338}","{g:9866,h:5350}","{g:9705,h:5261}","{g:32,h:18}"
2026-07-07T11:31:19.984551+00:00,MagicTelescope,1120,logistic_regression,2,500,14716,400,100,3804,2,10,10,,,,,,,,,,,,,,,stratified_labeled_val,2,True,177,323,0.3793,success,,0.7810199789695058,0.7355505729945191,0.7459699481643474,0.4717619121074676,0.8247935752845575,0.7659290261995855,,,,,,,,,,,"{g:323,h:177}","{g:2466,h:1338}","{g:9866,h:5350}","{g:9543,h:5173}","{g:65,h:35}"
2026-07-07T11:31:20.378569+00:00,MagicTelescope,1120,random_forest,0,50,15166,40,10,3804,2,10,10,,,,,,,,,,,,,,,stratified_labeled_val,2,True,18,32,3.5059,success,,0.7644584647739222,0.6921795613164144,0.7049823286320478,0.4891154684681901,0.8279799594363766,0.752464919197973,,,,,,,,,,,"{g:32,h:18}","{g:2466,h:1338}","{g:9866,h:5350}","{g:9834,h:5332}","{g:6,h:4}"
2026-07-07T11:31:23.899759+00:00,MagicTelescope,1120,random_forest,0,100,15116,80,20,3804,2,10,10,,,,,,,,,,,,,,,stratified_labeled_val,2,True,37,63,3.1451,success,,0.8062565720294427,0.7678353863666947,0.7779110209620363,0.4428012340993891,0.8625692072878746,0.798995876240842,,,,,,,,,,,"{g:63,h:37}","{g:2466,h:1338}","{g:9866,h:5350}","{g:9803,h:5313}","{g:13,h:7}"
2026-07-07T11:31:27.058735+00:00,MagicTelescope,1120,random_forest,0,250,14966,200,50,3804,2,10,10,,,,,,,,,,,,,,,stratified_labeled_val,2,True,89,161,2.7663,success,,0.8378023133543638,0.8048154452118317,0.8151748326916088,0.3930582995290452,0.8962019488966234,0.8559724677940121,,,,,,,,,,,"{g:161,h:89}","{g:2466,h:1338}","{g:9866,h:5350}","{g:9705,h:5261}","{g:32,h:18}"
2026-07-07T11:31:29.840940+00:00,MagicTelescope,1120,random_forest,0,500,14716,400,100,3804,2,10,10,,,,,,,,,,,,,,,stratified_labeled_val,2,True,177,323,2.7846,success,,0.8459516298633017,0.80819503998778,0.8219761052900588,0.3616447172170259,0.9090911432856048,0.8660301937456122,,,,,,,,,,,"{g:323,h:177}","{g:2466,h:1338}","{g:9866,h:5350}","{g:9543,h:5173}","{g:65,h:35}"
2026-07-07T11:31:32.641435+00:00,MagicTelescope,1120,random_forest,1,50,15166,40,10,3804,2,10,10,,,,,,,,,,,,,,,stratified_labeled_val,2,True,18,32,2.4325,success,,0.7113564668769716,0.6703672183852866,0.6743722485540535,0.5200046753290423,0.785706384103327,0.6449397329470463,,,,,,,,,,,"{g:32,h:18}","{g:2466,h:1338}","{g:9866,h:5350}","{g:9834,h:5332}","{g:6,h:4}"
2026-07-07T11:31:35.094423+00:00,MagicTelescope,1120,random_forest,1,100,15116,80,20,3804,2,10,10,,,,,,,,,,,,,,,stratified_labeled_val,2,True,37,63,2.3658,success,,0.7555205047318612,0.7131481420866383,0.7204115412628725,0.5000821603776044,0.8015073762512472,0.7332338763218197,,,,,,,,,,,"{g:63,h:37}","{g:2466,h:1338}","{g:9866,h:5350}","{g:9803,h:5313}","{g:13,h:7}"
2026-07-07T11:31:37.478086+00:00,MagicTelescope,1120,random_forest,1,250,14966,200,50,3804,2,10,10,,,,,,,,,,,,,,,stratified_labeled_val,2,True,89,161,2.4041,success,,0.8317560462670873,0.7866481911848675,0.8024098184763571,0.4004856588693005,0.8900864916830025,0.8482450798936061,,,,,,,,,,,"{g:161,h:89}","{g:2466,h:1338}","{g:9866,h:5350}","{g:9705,h:5261}","{g:32,h:18}"
2026-07-07T11:31:39.898901+00:00,MagicTelescope,1120,random_forest,1,500,14716,400,100,3804,2,10,10,,,,,,,,,,,,,,,stratified_labeled_val,2,True,177,323,2.2626,success,,0.8309674027339643,0.7969797315236089,0.8072245286975898,0.3819599269021341,0.8966815658576976,0.8529739103518357,,,,,,,,,,,"{g:323,h:177}","{g:2466,h:1338}","{g:9866,h:5350}","{g:9543,h:5173}","{g:65,h:35}"
2026-07-07T11:31:42.174225+00:00,MagicTelescope,1120,random_forest,2,50,15166,40,10,3804,2,10,10,,,,,,,,,,,,,,,stratified_labeled_val,2,True,18,32,2.478,success,,0.786540483701367,0.7305780134492779,0.7445681890126334,0.4809147930461441,0.8371870897115571,0.7570781830005149,,,,,,,,,,,"{g:32,h:18}","{g:2466,h:1338}","{g:9866,h:5350}","{g:9834,h:5332}","{g:6,h:4}"
2026-07-07T11:31:44.666494+00:00,MagicTelescope,1120,random_forest,2,100,15116,80,20,3804,2,10,10,,,,,,,,,,,,,,,stratified_labeled_val,2,True,37,63,2.3641,success,,0.7983701366982124,0.7494453718554402,0.7628044677504597,0.437327587048728,0.8663473463316349,0.7991354856583682,,,,,,,,,,,"{g:63,h:37}","{g:2466,h:1338}","{g:9866,h:5350}","{g:9803,h:5313}","{g:13,h:7}"
2026-07-07T11:31:47.045663+00:00,MagicTelescope,1120,random_forest,2,250,14966,200,50,3804,2,10,10,,,,,,,,,,,,,,,stratified_labeled_val,2,True,89,161,2.3968,success,,0.8314931650893796,0.7919153401052521,0.8050496437570233,0.4002594965651975,0.8845597586064347,0.838403861470942,,,,,,,,,,,"{g:161,h:89}","{g:2466,h:1338}","{g:9866,h:5350}","{g:9705,h:5261}","{g:32,h:18}"
2026-07-07T11:31:49.459993+00:00,MagicTelescope,1120,random_forest,2,500,14716,400,100,3804,2,10,10,,,,,,,,,,,,,,,stratified_labeled_val,2,True,177,323,2.588,success,,0.8241324921135647,0.7850415880185773,0.7971668446557874,0.3914344209321053,0.8879507187132142,0.8414583606922363,,,,,,,,,,,"{g:323,h:177}","{g:2466,h:1338}","{g:9866,h:5350}","{g:9543,h:5173}","{g:65,h:35}"
2026-07-07T11:31:52.063313+00:00,MagicTelescope,1120,xgboost,0,50,15166,40,10,3804,2,10,10,,,,,,,,,,,,,,,stratified_labeled_val,2,True,18,32,1.5927,success,,0.7597266035751841,0.7124607668779709,0.7214574602982331,0.5512624979019165,0.8016813415818358,0.7250753398244981,,,,,,,,,,,"{g:32,h:18}","{g:2466,h:1338}","{g:9866,h:5350}","{g:9834,h:5332}","{g:6,h:4}"
2026-07-07T11:31:53.684303+00:00,MagicTelescope,1120,xgboost,0,100,15116,80,20,3804,2,10,10,,,,,,,,,,,,,,,stratified_labeled_val,2,True,37,63,1.3326,success,,0.8199263932702419,0.7941047574365633,0.7990156026813038,0.4640218615531921,0.8606239172628161,0.8120480354129951,,,,,,,,,,,"{g:63,h:37}","{g:2466,h:1338}","{g:9866,h:5350}","{g:9803,h:5313}","{g:13,h:7}"
2026-07-07T11:31:55.036609+00:00,MagicTelescope,1120,xgboost,0,250,14966,200,50,3804,2,10,10,,,,,,,,,,,,,,,stratified_labeled_val,2,True,89,161,2.6276,success,,0.8422712933753943,0.8152706403500158,0.8226250926741925,0.4099031388759613,0.8909467714580477,0.852079528575866,,,,,,,,,,,"{g:161,h:89}","{g:2466,h:1338}","{g:9866,h:5350}","{g:9705,h:5261}","{g:32,h:18}"
2026-07-07T11:31:57.684491+00:00,MagicTelescope,1120,xgboost,0,500,14716,400,100,3804,2,10,10,,,,,,,,,,,,,,,stratified_labeled_val,2,True,177,323,2.1873,success,,0.8559411146161935,0.8276943107881538,0.8370241110798387,0.4045347273349762,0.9067541281912334,0.8690149315955299,,,,,,,,,,,"{g:323,h:177}","{g:2466,h:1338}","{g:9866,h:5350}","{g:9543,h:5173}","{g:65,h:35}"
2026-07-07T11:31:59.883882+00:00,MagicTelescope,1120,xgboost,1,50,15166,40,10,3804,2,10,10,,,,,,,,,,,,,,,stratified_labeled_val,2,True,18,32,1.0522,success,,0.7605152471083071,0.7214448335933721,0.7280125539284357,0.5312840342521667,0.8041280700031641,0.7001851716118582,,,,,,,,,,,"{g:32,h:18}","{g:2466,h:1338}","{g:9866,h:5350}","{g:9834,h:5332}","{g:6,h:4}"
2026-07-07T11:32:00.955188+00:00,MagicTelescope,1120,xgboost,1,100,15116,80,20,3804,2,10,10,,,,,,,,,,,,,,,stratified_labeled_val,2,True,37,63,2.1059,success,,0.7773396424815984,0.7299770147549272,0.7406361200564613,0.5590518116950989,0.7994923788637579,0.7546571620246117,,,,,,,,,,,"{g:63,h:37}","{g:2466,h:1338}","{g:9866,h:5350}","{g:9803,h:5313}","{g:13,h:7}"
2026-07-07T11:32:03.079125+00:00,MagicTelescope,1120,xgboost,1,250,14966,200,50,3804,2,10,10,,,,,,,,,,,,,,,stratified_labeled_val,2,True,89,161,2.7529,success,,0.8309674027339643,0.788774871889991,0.8031039258515993,0.4382191002368927,0.8840815054850601,0.8426888993023895,,,,,,,,,,,"{g:161,h:89}","{g:2466,h:1338}","{g:9866,h:5350}","{g:9705,h:5261}","{g:32,h:18}"
2026-07-07T11:32:05.856580+00:00,MagicTelescope,1120,xgboost,1,500,14716,400,100,3804,2,10,10,,,,,,,,,,,,,,,stratified_labeled_val,2,True,177,323,1.6034,success,,0.8443743427970557,0.8114227939438243,0.8224024090524955,0.4246119260787964,0.8929055483423588,0.852505863852725,,,,,,,,,,,"{g:323,h:177}","{g:2466,h:1338}","{g:9866,h:5350}","{g:9543,h:5173}","{g:65,h:35}"
2026-07-07T11:32:07.469632+00:00,MagicTelescope,1120,xgboost,2,50,15166,40,10,3804,2,10,10,,,,,,,,,,,,,,,stratified_labeled_val,2,True,18,32,1.0532,success,,0.7660357518401683,0.716985077775232,0.7270275875036243,0.6196520328521729,0.7799241583896751,0.713922338679028,,,,,,,,,,,"{g:32,h:18}","{g:2466,h:1338}","{g:9866,h:5350}","{g:9834,h:5332}","{g:6,h:4}"
2026-07-07T11:32:08.548311+00:00,MagicTelescope,1120,xgboost,2,100,15116,80,20,3804,2,10,10,,,,,,,,,,,,,,,stratified_labeled_val,2,True,37,63,1.7936,success,,0.7965299684542587,0.75383784491506,0.7647576560329281,0.5667116045951843,0.8377120164582113,0.7850378195884522,,,,,,,,,,,"{g:63,h:37}","{g:2466,h:1338}","{g:9866,h:5350}","{g:9803,h:5313}","{g:13,h:7}"
2026-07-07T11:32:10.359806+00:00,MagicTelescope,1120,xgboost,2,250,14966,200,50,3804,2,10,10,,,,,,,,,,,,,,,stratified_labeled_val,2,True,89,161,2.2307,success,,0.8191377497371188,0.7864881673267651,0.7949708494780169,0.4985727667808532,0.8649450160448162,0.8205800501888555,,,,,,,,,,,"{g:161,h:89}","{g:2466,h:1338}","{g:9866,h:5350}","{g:9705,h:5261}","{g:32,h:18}"
2026-07-07T11:32:12.610787+00:00,MagicTelescope,1120,xgboost,2,500,14716,400,100,3804,2,10,10,,,,,,,,,,,,,,,stratified_labeled_val,2,True,177,323,1.2911,success,,0.8299158780231335,0.79223720627439,0.8042681863393129,0.4797962605953216,0.8829237571177277,0.8423415842925603,,,,,,,,,,,"{g:323,h:177}","{g:2466,h:1338}","{g:9866,h:5350}","{g:9543,h:5173}","{g:65,h:35}"
2026-07-07T11:32:13.940366+00:00,MagicTelescope,1120,lightgbm,0,50,15166,40,10,3804,2,10,10,,,,,,,,,,,,,,,stratified_labeled_val,2,True,18,32,1.7366,success,,0.6482649842271293,0.5,0.3933014354066985,0.6613971906973126,0.5459277565018785,0.3684334693822624,,,,,,,,,,,"{g:32,h:18}","{g:2466,h:1338}","{g:9866,h:5350}","{g:9834,h:5332}","{g:6,h:4}"
2026-07-07T11:32:15.693742+00:00,MagicTelescope,1120,lightgbm,0,100,15116,80,20,3804,2,10,10,,,,,,,,,,,,,,,stratified_labeled_val,2,True,37,63,1.1259,success,,0.8007360672975815,0.7740044879418386,0.778056860656293,0.5453581246879311,0.8445392464573507,0.7927452550248179,,,,,,,,,,,"{g:63,h:37}","{g:2466,h:1338}","{g:9866,h:5350}","{g:9803,h:5313}","{g:13,h:7}"
2026-07-07T11:32:16.837005+00:00,MagicTelescope,1120,lightgbm,0,250,14966,200,50,3804,2,10,10,,,,,,,,,,,,,,,stratified_labeled_val,2,True,89,161,1.6848,success,,0.8307045215562566,0.8082295905935066,0.8119955648384518,0.5896775670406876,0.8824797515265912,0.8387245660139806,,,,,,,,,,,"{g:161,h:89}","{g:2466,h:1338}","{g:9866,h:5350}","{g:9705,h:5261}","{g:32,h:18}"
2026-07-07T11:32:18.542584+00:00,MagicTelescope,1120,lightgbm,0,500,14716,400,100,3804,2,10,10,,,,,,,,,,,,,,,stratified_labeled_val,2,True,177,323,2.7218,success,,0.8546267087276551,0.8246293083696115,0.8348967533725851,0.6807312134551115,0.9043918062935444,0.8681148834595985,,,,,,,,,,,"{g:323,h:177}","{g:2466,h:1338}","{g:9866,h:5350}","{g:9543,h:5173}","{g:65,h:35}"
2026-07-07T11:32:21.281908+00:00,MagicTelescope,1120,lightgbm,1,50,15166,40,10,3804,2,10,10,,,,,,,,,,,,,,,stratified_labeled_val,2,True,18,32,0.409,success,,0.6482649842271293,0.5,0.3933014354066985,0.6485206818252426,0.5,0.3517350157728706,,,,,,,,,,,"{g:32,h:18}","{g:2466,h:1338}","{g:9866,h:5350}","{g:9834,h:5332}","{g:6,h:4}"
2026-07-07T11:32:21.707458+00:00,MagicTelescope,1120,lightgbm,1,100,15116,80,20,3804,2,10,10,,,,,,,,,,,,,,,stratified_labeled_val,2,True,37,63,1.0476,success,,0.7573606729758149,0.7191826781447416,0.7252196874035193,0.5876038197313832,0.7907127365655728,0.7410354686964206,,,,,,,,,,,"{g:63,h:37}","{g:2466,h:1338}","{g:9866,h:5350}","{g:9803,h:5313}","{g:13,h:7}"
2026-07-07T11:32:22.769947+00:00,MagicTelescope,1120,lightgbm,1,250,14966,200,50,3804,2,10,10,,,,,,,,,,,,,,,stratified_labeled_val,2,True,89,161,2.0754,success,,0.8301787592008412,0.7902178142923126,0.8033966973886328,0.643907703862083,0.8710109204160136,0.8274709261542441,,,,,,,,,,,"{g:161,h:89}","{g:2466,h:1338}","{g:9866,h:5350}","{g:9705,h:5261}","{g:32,h:18}"
2026-07-07T11:32:24.861169+00:00,MagicTelescope,1120,lightgbm,1,500,14716,400,100,3804,2,10,10,,,,,,,,,,,,,,,stratified_labeled_val,2,True,177,323,2.461,success,,0.8409568874868559,0.8132312453856756,0.8208995923466098,0.6848230991220613,0.8895501996055168,0.8489594844729644,,,,,,,,,,,"{g:323,h:177}","{g:2466,h:1338}","{g:9866,h:5350}","{g:9543,h:5173}","{g:65,h:35}"
2026-07-07T11:32:27.338904+00:00,MagicTelescope,1120,lightgbm,2,50,15166,40,10,3804,2,10,10,,,,,,,,,,,,,,,stratified_labeled_val,2,True,18,32,0.3924,success,,0.6482649842271293,0.5,0.3933014354066985,0.6485206818252426,0.5,0.3517350157728706,,,,,,,,,,,"{g:32,h:18}","{g:2466,h:1338}","{g:9866,h:5350}","{g:9834,h:5332}","{g:6,h:4}"
2026-07-07T11:32:27.749339+00:00,MagicTelescope,1120,lightgbm,2,100,15116,80,20,3804,2,10,10,,,,,,,,,,,,,,,stratified_labeled_val,2,True,37,63,1.1483,success,,0.7941640378548895,0.7492780741856059,0.760783058626997,0.6917126593159973,0.8401329834629891,0.7850081229440444,,,,,,,,,,,"{g:63,h:37}","{g:2466,h:1338}","{g:9866,h:5350}","{g:9803,h:5313}","{g:13,h:7}"
2026-07-07T11:32:28.916144+00:00,MagicTelescope,1120,lightgbm,2,250,14966,200,50,3804,2,10,10,,,,,,,,,,,,,,,stratified_labeled_val,2,True,89,161,2.2646,success,,0.8159831756046267,0.7866190959379398,0.7931439509287859,0.8092502086376487,0.8618366738313712,0.8111115601213201,,,,,,,,,,,"{g:161,h:89}","{g:2466,h:1338}","{g:9866,h:5350}","{g:9705,h:5261}","{g:32,h:18}"
2026-07-07T11:32:31.189345+00:00,MagicTelescope,1120,lightgbm,2,500,14716,400,100,3804,2,10,10,,,,,,,,,,,,,,,stratified_labeled_val,2,True,177,323,3.3369,success,,0.8201892744479495,0.7825130292152649,0.7935702124486095,0.8548643155576817,0.8793538309347939,0.8356540138203992,,,,,,,,,,,"{g:323,h:177}","{g:2466,h:1338}","{g:9866,h:5350}","{g:9543,h:5173}","{g:65,h:35}"
2026-07-07T11:32:34.544335+00:00,MagicTelescope,1120,catboost,0,50,15166,40,10,3804,2,10,10,,,,,,,,,,,,,,,stratified_labeled_val,2,True,18,32,4.6104,success,,0.7602523659305994,0.7085929174895167,0.7187013803323319,0.5556037448349449,0.8320525363175358,0.7384588059733525,,,,,,,,,,,"{g:32,h:18}","{g:2466,h:1338}","{g:9866,h:5350}","{g:9834,h:5332}","{g:6,h:4}"
2026-07-07T11:32:39.172445+00:00,MagicTelescope,1120,catboost,0,100,15116,80,20,3804,2,10,10,,,,,,,,,,,,,,,stratified_labeled_val,2,True,37,63,3.4244,success,,0.8196635120925342,0.7923635887532323,0.7980679229397781,0.4930018831482248,0.8741603293581952,0.8162019721414246,,,,,,,,,,,"{g:63,h:37}","{g:2466,h:1338}","{g:9866,h:5350}","{g:9803,h:5313}","{g:13,h:7}"
2026-07-07T11:32:42.613457+00:00,MagicTelescope,1120,catboost,0,250,14966,200,50,3804,2,10,10,,,,,,,,,,,,,,,stratified_labeled_val,2,True,89,161,3.6983,success,,0.8559411146161935,0.8276943107881538,0.8370241110798387,0.4021614578262943,0.9017559587671858,0.8652093735217344,,,,,,,,,,,"{g:161,h:89}","{g:2466,h:1338}","{g:9866,h:5350}","{g:9705,h:5261}","{g:32,h:18}"
2026-07-07T11:32:46.325891+00:00,MagicTelescope,1120,catboost,0,500,14716,400,100,3804,2,10,10,,,,,,,,,,,,,,,stratified_labeled_val,2,True,177,323,4.3423,success,,0.8519978969505784,0.8184993035325266,0.8305629191964718,0.4121137646935401,0.9044008985582094,0.8690938243437162,,,,,,,,,,,"{g:323,h:177}","{g:2466,h:1338}","{g:9866,h:5350}","{g:9543,h:5173}","{g:65,h:35}"
2026-07-07T11:32:50.678135+00:00,MagicTelescope,1120,catboost,1,50,15166,40,10,3804,2,10,10,,,,,,,,,,,,,,,stratified_labeled_val,2,True,18,32,2.9536,success,,0.6921661409043113,0.6803514342138283,0.6730859091044195,0.95877557273846,0.7538693647658985,0.580490071923034,,,,,,,,,,,"{g:32,h:18}","{g:2466,h:1338}","{g:9866,h:5350}","{g:9834,h:5332}","{g:6,h:4}"
2026-07-07T11:32:53.648896+00:00,MagicTelescope,1120,catboost,1,100,15116,80,20,3804,2,10,10,,,,,,,,,,,,,,,stratified_labeled_val,2,True,37,63,2.8404,success,,0.7563091482649842,0.710508657654414,0.7188197681302948,0.6919310818268392,0.8129024084802947,0.7380534491203955,,,,,,,,,,,"{g:63,h:37}","{g:2466,h:1338}","{g:9866,h:5350}","{g:9803,h:5313}","{g:13,h:7}"
2026-07-07T11:32:56.495806+00:00,MagicTelescope,1120,catboost,1,250,14966,200,50,3804,2,10,10,,,,,,,,,,,,,,,stratified_labeled_val,2,True,89,161,4.5049,success,,0.8399053627760252,0.7941302157776251,0.8112124501685949,0.4391582154366937,0.8960557149732625,0.8615402743424441,,,,,,,,,,,"{g:161,h:89}","{g:2466,h:1338}","{g:9866,h:5350}","{g:9705,h:5261}","{g:32,h:18}"
2026-07-07T11:33:01.010888+00:00,MagicTelescope,1120,catboost,1,500,14716,400,100,3804,2,10,10,,,,,,,,,,,,,,,stratified_labeled_val,2,True,177,323,4.4542,success,,0.8512092534174553,0.8156688815423391,0.8288099584639947,0.4038671088591536,0.9002399751720559,0.8634228602008888,,,,,,,,,,,"{g:323,h:177}","{g:2466,h:1338}","{g:9866,h:5350}","{g:9543,h:5173}","{g:65,h:35}"
2026-07-07T11:33:05.478045+00:00,MagicTelescope,1120,catboost,2,50,15166,40,10,3804,2,10,10,,,,,,,,,,,,,,,stratified_labeled_val,2,True,18,32,1.5238,success,,0.767087276550999,0.7215566684487505,0.7307174202134035,0.7363516465967014,0.8257485661498623,0.6972714312982087,,,,,,,,,,,"{g:32,h:18}","{g:2466,h:1338}","{g:9866,h:5350}","{g:9834,h:5332}","{g:6,h:4}"
2026-07-07T11:33:07.009059+00:00,MagicTelescope,1120,catboost,2,100,15116,80,20,3804,2,10,10,,,,,,,,,,,,,,,stratified_labeled_val,2,True,37,63,1.7368,success,,0.7878548895899053,0.7514202117406594,0.7590627124261774,0.7086645468395031,0.8536363603300856,0.790717342424634,,,,,,,,,,,"{g:63,h:37}","{g:2466,h:1338}","{g:9866,h:5350}","{g:9803,h:5313}","{g:13,h:7}"
2026-07-07T11:33:08.752089+00:00,MagicTelescope,1120,catboost,2,250,14966,200,50,3804,2,10,10,,,,,,,,,,,,,,,stratified_labeled_val,2,True,89,161,5.0815,success,,0.8280757097791798,0.7884248197003917,0.8012293372681331,0.4844482937965107,0.8802057761338964,0.836004395065957,,,,,,,,,,,"{g:161,h:89}","{g:2466,h:1338}","{g:9866,h:5350}","{g:9705,h:5261}","{g:32,h:18}"
2026-07-07T11:33:13.849010+00:00,MagicTelescope,1120,catboost,2,500,14716,400,100,3804,2,10,10,,,,,,,,,,,,,,,stratified_labeled_val,2,True,177,323,5.1057,success,,0.8317560462670873,0.7910924901530774,0.8047826079983834,0.4463765472639965,0.8903354681970765,0.8486408795657507,,,,,,,,,,,"{g:323,h:177}","{g:2466,h:1338}","{g:9866,h:5350}","{g:9543,h:5173}","{g:65,h:35}"
2026-07-07T11:33:18.973574+00:00,MagicTelescope,1120,mlp,0,50,15166,40,10,3804,2,10,10,,,,,,,,,,,,,,,stratified_labeled_val,2,True,18,32,0.4367,success,,0.685856992639327,0.6117266574289257,0.6140295910816652,0.6396544575691223,0.6281542581500029,0.5731775293411683,,,,,,,,,,,"{g:32,h:18}","{g:2466,h:1338}","{g:9866,h:5350}","{g:9834,h:5332}","{g:6,h:4}"
2026-07-07T11:33:19.421298+00:00,MagicTelescope,1120,mlp,0,100,15116,80,20,3804,2,10,10,,,,,,,,,,,,,,,stratified_labeled_val,2,True,37,63,0.515,success,,0.6088328075709779,0.5870184282020229,0.583278338329265,0.6614376902580261,0.6049535264045427,0.5709995531595075,,,,,,,,,,,"{g:63,h:37}","{g:2466,h:1338}","{g:9866,h:5350}","{g:9803,h:5313}","{g:13,h:7}"
2026-07-07T11:33:19.949111+00:00,MagicTelescope,1120,mlp,0,250,14966,200,50,3804,2,10,10,,,,,,,,,,,,,,,stratified_labeled_val,2,True,89,161,0.5204,success,,0.7376445846477392,0.6473965209358485,0.651894685725268,0.6349061727523804,0.6558589947349726,0.6311999413168471,,,,,,,,,,,"{g:161,h:89}","{g:2466,h:1338}","{g:9866,h:5350}","{g:9705,h:5261}","{g:32,h:18}"
2026-07-07T11:33:20.483146+00:00,MagicTelescope,1120,mlp,0,500,14716,400,100,3804,2,10,10,,,,,,,,,,,,,,,stratified_labeled_val,2,True,177,323,0.5102,success,,0.812565720294427,0.7626164264490343,0.7780011565457996,0.4277169108390808,0.8766873727840637,0.8144653563155332,,,,,,,,,,,"{g:323,h:177}","{g:2466,h:1338}","{g:9866,h:5350}","{g:9543,h:5173}","{g:65,h:35}"
2026-07-07T11:33:21.003686+00:00,MagicTelescope,1120,mlp,1,50,15166,40,10,3804,2,10,10,,,,,,,,,,,,,,,stratified_labeled_val,2,True,18,32,0.4424,success,,0.6416929547844374,0.5241608748940751,0.4848434838292373,0.6705343723297119,0.4949583392433053,0.4007133094726027,,,,,,,,,,,"{g:32,h:18}","{g:2466,h:1338}","{g:9866,h:5350}","{g:9834,h:5332}","{g:6,h:4}"
2026-07-07T11:33:21.468577+00:00,MagicTelescope,1120,mlp,1,100,15116,80,20,3804,2,10,10,,,,,,,,,,,,,,,stratified_labeled_val,2,True,37,63,0.5481,success,,0.7605152471083071,0.695120908935514,0.7072186573373896,0.5686511397361755,0.7454568984224315,0.7040681165587264,,,,,,,,,,,"{g:63,h:37}","{g:2466,h:1338}","{g:9866,h:5350}","{g:9803,h:5313}","{g:13,h:7}"
2026-07-07T11:33:22.030376+00:00,MagicTelescope,1120,mlp,1,250,14966,200,50,3804,2,10,10,,,,,,,,,,,,,,,stratified_labeled_val,2,True,89,161,0.5493,success,,0.7581493165089379,0.6650918864267036,0.6726603362740476,0.5686622858047485,0.7723666680001988,0.7427390657055665,,,,,,,,,,,"{g:161,h:89}","{g:2466,h:1338}","{g:9866,h:5350}","{g:9705,h:5261}","{g:32,h:18}"
2026-07-07T11:33:22.596532+00:00,MagicTelescope,1120,mlp,1,500,14716,400,100,3804,2,10,10,,,,,,,,,,,,,,,stratified_labeled_val,2,True,177,323,0.7092,success,,0.788906414300736,0.7356505879058333,0.7492365108432659,0.473180741071701,0.8408320270779766,0.7792969658035693,,,,,,,,,,,"{g:323,h:177}","{g:2466,h:1338}","{g:9866,h:5350}","{g:9543,h:5173}","{g:65,h:35}"
2026-07-07T11:33:23.319207+00:00,MagicTelescope,1120,mlp,2,50,15166,40,10,3804,2,10,10,,,,,,,,,,,,,,,stratified_labeled_val,2,True,18,32,0.3901,success,,0.6259200841219769,0.6203679457664597,0.6098946560511964,0.6709420084953308,0.6527056458114362,0.5740703178844546,,,,,,,,,,,"{g:32,h:18}","{g:2466,h:1338}","{g:9866,h:5350}","{g:9834,h:5332}","{g:6,h:4}"
2026-07-07T11:33:23.722991+00:00,MagicTelescope,1120,mlp,2,100,15116,80,20,3804,2,10,10,,,,,,,,,,,,,,,stratified_labeled_val,2,True,37,63,0.4236,success,,0.7137223974763407,0.646039045821377,0.6524703383143986,0.5834168791770935,0.7382258203344256,0.5953501311216987,,,,,,,,,,,"{g:63,h:37}","{g:2466,h:1338}","{g:9866,h:5350}","{g:9803,h:5313}","{g:13,h:7}"
2026-07-07T11:33:24.158617+00:00,MagicTelescope,1120,mlp,2,250,14966,200,50,3804,2,10,10,,,,,,,,,,,,,,,stratified_labeled_val,2,True,89,161,0.705,success,,0.7807570977917981,0.7090238908346336,0.7244152544610779,0.5205553770065308,0.7995185948935417,0.7588658531349884,,,,,,,,,,,"{g:161,h:89}","{g:2466,h:1338}","{g:9866,h:5350}","{g:9705,h:5261}","{g:32,h:18}"
2026-07-07T11:33:24.914376+00:00,MagicTelescope,1120,mlp,2,500,14716,400,100,3804,2,10,10,,,,,,,,,,,,,,,stratified_labeled_val,2,True,177,323,0.8325,success,,0.7710304942166141,0.7039149473194185,0.7175710876911356,0.5930401682853699,0.7899738385238042,0.7234817971875318,,,,,,,,,,,"{g:323,h:177}","{g:2466,h:1338}","{g:9866,h:5350}","{g:9543,h:5173}","{g:65,h:35}"
2026-07-07T11:33:25.759372+00:00,MagicTelescope,1120,label_spreading,0,50,15166,40,10,3804,2,10,10,,,,,,,,,,,15.0,1.0,15206.0,15166.0,stratified_labeled_val,2,True,18,32,16.2024,success,,0.732912723449001,0.6565669790768806,0.664275657712776,0.9191456250581852,0.7942747827857971,0.6897137564774574,,,,,,,,,,,"{g:32,h:18}","{g:2466,h:1338}","{g:9866,h:5350}","{g:9834,h:5332}","{g:6,h:4}"
2026-07-07T11:33:41.969791+00:00,MagicTelescope,1120,label_spreading,0,100,15116,80,20,3804,2,10,10,,,,,,,,,,,15.0,1.0,15196.0,15116.0,stratified_labeled_val,2,True,37,63,17.2043,success,,0.7489484752891693,0.6880798591790049,0.6984252335203389,0.6542898942894084,0.8169184617827869,0.7040835346595453,,,,,,,,,,,"{g:63,h:37}","{g:2466,h:1338}","{g:9866,h:5350}","{g:9803,h:5313}","{g:13,h:7}"
2026-07-07T11:33:59.187599+00:00,MagicTelescope,1120,label_spreading,0,250,14966,200,50,3804,2,10,10,,,,,,,,,,,7.0,0.0,15166.0,14966.0,stratified_labeled_val,2,True,89,161,8.807,success,,0.7552576235541535,0.6893564131379587,0.7007909659507243,0.8361844152901097,0.8153842936583272,0.7131235265366864,,,,,,,,,,,"{g:161,h:89}","{g:2466,h:1338}","{g:9866,h:5350}","{g:9705,h:5261}","{g:32,h:18}"
2026-07-07T11:34:08.003035+00:00,MagicTelescope,1120,label_spreading,0,500,14716,400,100,3804,2,10,10,,,,,,,,,,,7.0,0.0,15116.0,14716.0,stratified_labeled_val,2,True,177,323,8.9989,success,,0.7791798107255521,0.7173796820616892,0.7315728512370452,0.7606273115129202,0.8414410572727813,0.7627388087460054,,,,,,,,,,,"{g:323,h:177}","{g:2466,h:1338}","{g:9866,h:5350}","{g:9543,h:5173}","{g:65,h:35}"
2026-07-07T11:34:17.010522+00:00,MagicTelescope,1120,label_spreading,1,50,15166,40,10,3804,2,10,10,,,,,,,,,,,30.0,2.0,15206.0,15166.0,stratified_labeled_val,2,True,18,32,27.7235,success,,0.7032071503680336,0.6550222033103117,0.6599313308839907,0.8613743446153956,0.7647697777971747,0.6098798263386976,,,,,,,,,,,"{g:32,h:18}","{g:2466,h:1338}","{g:9866,h:5350}","{g:9834,h:5332}","{g:6,h:4}"
2026-07-07T11:34:44.742415+00:00,MagicTelescope,1120,label_spreading,1,100,15116,80,20,3804,2,10,10,,,,,,,,,,,15.0,1.0,15196.0,15116.0,stratified_labeled_val,2,True,37,63,17.2345,success,,0.7460567823343849,0.6988405544099302,0.706664708258363,0.7764921864317298,0.7861068983618162,0.6949019013946531,,,,,,,,,,,"{g:63,h:37}","{g:2466,h:1338}","{g:9866,h:5350}","{g:9803,h:5313}","{g:13,h:7}"
2026-07-07T11:35:01.986256+00:00,MagicTelescope,1120,label_spreading,1,250,14966,200,50,3804,2,10,10,,,,,,,,,,,7.0,0.0,15166.0,14966.0,stratified_labeled_val,2,True,89,161,8.6561,success,,0.7536803364879074,0.6795931393407744,0.6906572778224398,0.9700531198635306,0.8150837943111517,0.7262608347595977,,,,,,,,,,,"{g:161,h:89}","{g:2466,h:1338}","{g:9866,h:5350}","{g:9705,h:5261}","{g:32,h:18}"
2026-07-07T11:35:10.650765+00:00,MagicTelescope,1120,label_spreading,1,500,14716,400,100,3804,2,10,10,,,,,,,,,,,7.0,0.0,15116.0,14716.0,stratified_labeled_val,2,True,177,323,11.5217,success,,0.7744479495268138,0.7106532246625861,0.7244785082174463,0.740282733887664,0.8445157581069663,0.7608986278709806,,,,,,,,,,,"{g:323,h:177}","{g:2466,h:1338}","{g:9866,h:5350}","{g:9543,h:5173}","{g:65,h:35}"
2026-07-07T11:35:22.188230+00:00,MagicTelescope,1120,label_spreading,2,50,15166,40,10,3804,2,10,10,,,,,,,,,,,30.0,2.0,15206.0,15166.0,stratified_labeled_val,2,True,18,32,25.6399,success,,0.7284437434279706,0.664572718114337,0.6727750110232994,0.7128130037388407,0.8045135820249565,0.6883241414130483,,,,,,,,,,,"{g:32,h:18}","{g:2466,h:1338}","{g:9866,h:5350}","{g:9834,h:5332}","{g:6,h:4}"
2026-07-07T11:35:47.841177+00:00,MagicTelescope,1120,label_spreading,2,100,15116,80,20,3804,2,10,10,,,,,,,,,,,15.0,1.0,15196.0,15116.0,stratified_labeled_val,2,True,37,63,17.172,success,,0.7429022082018928,0.6811942871482657,0.6909222505353576,0.7799257235543968,0.8013302286280258,0.6872914260156191,,,,,,,,,,,"{g:63,h:37}","{g:2466,h:1338}","{g:9866,h:5350}","{g:9803,h:5313}","{g:13,h:7}"
2026-07-07T11:36:05.021464+00:00,MagicTelescope,1120,label_spreading,2,250,14966,200,50,3804,2,10,10,,,,,,,,,,,15.0,1.0,15166.0,14966.0,stratified_labeled_val,2,True,89,161,18.2953,success,,0.7823343848580442,0.7254536130841325,0.7391351016124416,0.6617553472801071,0.834972971727906,0.7450568136392319,,,,,,,,,,,"{g:161,h:89}","{g:2466,h:1338}","{g:9866,h:5350}","{g:9705,h:5261}","{g:32,h:18}"
2026-07-07T11:36:23.325065+00:00,MagicTelescope,1120,label_spreading,2,500,14716,400,100,3804,2,10,10,,,,,,,,,,,7.0,0.0,15116.0,14716.0,stratified_labeled_val,2,True,177,323,9.3314,success,,0.770241850683491,0.7070672354787442,0.72025533221055,0.848962042834513,0.8348676529955374,0.7378579362324968,,,,,,,,,,,"{g:323,h:177}","{g:2466,h:1338}","{g:9866,h:5350}","{g:9543,h:5173}","{g:65,h:35}"
2026-07-07T11:36:32.684358+00:00,MagicTelescope,1120,label_propagation,0,50,15166,40,10,3804,2,10,10,,,,,,,,,,,7.0,0.0,15206.0,15166.0,stratified_labeled_val,2,True,18,32,11.8235,success,,0.6482649842271293,0.5,0.3933014354066985,0.9716844280602286,0.698301080039812,0.5833471573759608,,,,,,,,,,,"{g:32,h:18}","{g:2466,h:1338}","{g:9866,h:5350}","{g:9834,h:5332}","{g:6,h:4}"
2026-07-07T11:36:44.518816+00:00,MagicTelescope,1120,label_propagation,0,100,15116,80,20,3804,2,10,10,,,,,,,,,,,7.0,0.0,15196.0,15116.0,stratified_labeled_val,2,True,37,63,12.2238,success,,0.6482649842271293,0.5,0.3933014354066985,0.911612342371914,0.7568470814436576,0.6099664760955874,,,,,,,,,,,"{g:63,h:37}","{g:2466,h:1338}","{g:9866,h:5350}","{g:9803,h:5313}","{g:13,h:7}"
2026-07-07T11:36:56.757116+00:00,MagicTelescope,1120,label_propagation,0,250,14966,200,50,3804,2,10,10,,,,,,,,,,,7.0,0.0,15166.0,14966.0,stratified_labeled_val,2,True,89,161,11.0254,success,,0.6540483701366983,0.5083921602857153,0.4115395086335431,0.7598263017620367,0.7756283664109922,0.6650822406761886,,,,,,,,,,,"{g:161,h:89}","{g:2466,h:1338}","{g:9866,h:5350}","{g:9705,h:5261}","{g:32,h:18}"
2026-07-07T11:37:07.791063+00:00,MagicTelescope,1120,label_propagation,0,500,14716,400,100,3804,2,10,10,,,,,,,,,,,7.0,0.0,15116.0,14716.0,stratified_labeled_val,2,True,177,323,10.5892,success,,0.6790220820189274,0.5466278608810768,0.4902220796381066,0.6981708137478252,0.8252096979307217,0.7251865511182305,,,,,,,,,,,"{g:323,h:177}","{g:2466,h:1338}","{g:9866,h:5350}","{g:9543,h:5173}","{g:65,h:35}"
2026-07-07T11:37:18.394803+00:00,MagicTelescope,1120,label_propagation,1,50,15166,40,10,3804,2,10,10,,,,,,,,,,,7.0,0.0,15206.0,15166.0,stratified_labeled_val,2,True,18,32,11.8807,success,,0.6522082018927445,0.5057763157416196,0.4060188969073443,0.7645383356482829,0.6125860279775046,0.486231864520676,,,,,,,,,,,"{g:32,h:18}","{g:2466,h:1338}","{g:9866,h:5350}","{g:9834,h:5332}","{g:6,h:4}"
2026-07-07T11:37:30.283935+00:00,MagicTelescope,1120,label_propagation,1,100,15116,80,20,3804,2,10,10,,,,,,,,,,,7.0,0.0,15196.0,15116.0,stratified_labeled_val,2,True,37,63,11.605,success,,0.6490536277602523,0.5011210762331838,0.39572684445958,0.8327714662660882,0.6840813842548646,0.5227486059868998,,,,,,,,,,,"{g:63,h:37}","{g:2466,h:1338}","{g:9866,h:5350}","{g:9803,h:5313}","{g:13,h:7}"
2026-07-07T11:37:41.903636+00:00,MagicTelescope,1120,label_propagation,1,250,14966,200,50,3804,2,10,10,,,,,,,,,,,7.0,0.0,15166.0,14966.0,stratified_labeled_val,2,True,89,161,11.79,success,,0.6600946372239748,0.5183545546790612,0.4343872998262306,0.8334621068185171,0.7873105626657065,0.6772684821730706,,,,,,,,,,,"{g:161,h:89}","{g:2466,h:1338}","{g:9866,h:5350}","{g:9705,h:5261}","{g:32,h:18}"
2026-07-07T11:37:53.703068+00:00,MagicTelescope,1120,label_propagation,1,500,14716,400,100,3804,2,10,10,,,,,,,,,,,7.0,0.0,15116.0,14716.0,stratified_labeled_val,2,True,177,323,12.9628,success,,0.6908517350157729,0.5639568081059357,0.5212800383532091,0.6715887922658638,0.8354059150637004,0.738297869245364,,,,,,,,,,,"{g:323,h:177}","{g:2466,h:1338}","{g:9866,h:5350}","{g:9543,h:5173}","{g:65,h:35}"
2026-07-07T11:38:06.681717+00:00,MagicTelescope,1120,label_propagation,2,50,15166,40,10,3804,2,10,10,,,,,,,,,,,7.0,0.0,15206.0,15166.0,stratified_labeled_val,2,True,18,32,14.0731,success,,0.6487907465825447,0.5007473841554559,0.3949194677537647,0.9663174790430358,0.6712946293811077,0.5706452607362397,,,,,,,,,,,"{g:32,h:18}","{g:2466,h:1338}","{g:9866,h:5350}","{g:9834,h:5332}","{g:6,h:4}"
2026-07-07T11:38:20.770254+00:00,MagicTelescope,1120,label_propagation,2,100,15116,80,20,3804,2,10,10,,,,,,,,,,,7.0,0.0,15196.0,15116.0,stratified_labeled_val,2,True,37,63,15.6656,success,,0.6529968454258676,0.5079229994290058,0.4124450331497789,0.8654995624693463,0.7252523709595491,0.5832828717975098,,,,,,,,,,,"{g:63,h:37}","{g:2466,h:1338}","{g:9866,h:5350}","{g:9803,h:5313}","{g:13,h:7}"
2026-07-07T11:38:36.449678+00:00,MagicTelescope,1120,label_propagation,2,250,14966,200,50,3804,2,10,10,,,,,,,,,,,7.0,0.0,15166.0,14966.0,stratified_labeled_val,2,True,89,161,13.1845,success,,0.6614090431125131,0.5191974076134988,0.4343831372579804,0.8209104998679856,0.7957350004909823,0.6829355718268314,,,,,,,,,,,"{g:161,h:89}","{g:2466,h:1338}","{g:9866,h:5350}","{g:9705,h:5261}","{g:32,h:18}"
2026-07-07T11:38:49.653565+00:00,MagicTelescope,1120,label_propagation,2,500,14716,400,100,3804,2,10,10,,,,,,,,,,,7.0,0.0,15116.0,14716.0,stratified_labeled_val,2,True,177,323,11.6538,success,,0.6903259726603576,0.5679955920700904,0.5325511906763767,0.7250375802861123,0.8089048427826211,0.6928939761953424,,,,,,,,,,,"{g:323,h:177}","{g:2466,h:1338}","{g:9866,h:5350}","{g:9543,h:5173}","{g:65,h:35}"
2026-07-07T11:39:01.315723+00:00,MagicTelescope,1120,self_training_lr,0,50,15166,40,10,3804,2,10,10,4975.0,1000.0,5.0,"{0: 2501, 1: 2514}",0.3280363972042727,0.9868042322139644,0.9500299692153932,0.9999998807907104,,max_iter,,,,,stratified_labeled_val,2,True,18,32,0.4012,success,,0.7318611987381703,0.7097712749900894,0.7081628477905073,1.0030333995819092,0.7671325543080968,0.6887543366346859,,,,,,,,,,,"{g:32,h:18}","{g:2466,h:1338}","{g:9866,h:5350}","{g:9834,h:5332}","{g:6,h:4}"
2026-07-07T11:39:01.731485+00:00,MagicTelescope,1120,self_training_lr,0,100,15116,80,20,3804,2,10,10,3635.0,948.0,5.0,"{0: 1299, 1: 2416}",0.2404736702831436,0.98249481219537,0.9500126242637634,1.0,,max_iter,,,,,stratified_labeled_val,2,True,37,63,0.4479,success,,0.7318611987381703,0.7154121159882019,0.711176609479822,0.8125783205032349,0.7737339930680573,0.7247591980902665,,,,,,,,,,,"{g:63,h:37}","{g:2466,h:1338}","{g:9866,h:5350}","{g:9803,h:5313}","{g:13,h:7}"
2026-07-07T11:39:02.190645+00:00,MagicTelescope,1120,self_training_lr,0,250,14966,200,50,3804,2,10,10,4197.0,838.0,5.0,"{0: 2290, 1: 2107}",0.2804356541494053,0.9786060486261352,0.950017750263214,0.9999979734420776,,max_iter,,,,,stratified_labeled_val,2,True,89,161,0.5082,success,,0.7486855941114616,0.7217221476656519,0.72292000131659,0.7525415420532227,0.7771682929697397,0.7169494032748773,,,,,,,,,,,"{g:161,h:89}","{g:2466,h:1338}","{g:9866,h:5350}","{g:9705,h:5261}","{g:32,h:18}"
2026-07-07T11:39:02.713311+00:00,MagicTelescope,1120,self_training_lr,0,500,14716,400,100,3804,2,10,10,4323.0,699.0,5.0,"{0: 2758, 1: 1965}",0.2937618918184289,0.9797376875741708,0.9500299692153932,0.9999992847442628,,max_iter,,,,,stratified_labeled_val,2,True,177,323,0.5629,success,,0.7789169295478444,0.7448683258231228,0.7508378514211445,0.6414719223976135,0.8065557046686961,0.7496332027368982,,,,,,,,,,,"{g:323,h:177}","{g:2466,h:1338}","{g:9866,h:5350}","{g:9543,h:5173}","{g:65,h:35}"
2026-07-07T11:39:03.294347+00:00,MagicTelescope,1120,self_training_lr,1,50,15166,40,10,3804,2,10,10,4728.0,1000.0,5.0,"{0: 2301, 1: 2467}",0.3117499670315178,0.9867768005141752,0.9500041007995604,0.999969244003296,,max_iter,,,,,stratified_labeled_val,2,True,18,32,0.7119,success,,0.7765509989484752,0.755008928603901,0.755008928603901,0.8040114641189575,0.8058634802522072,0.7614335839997481,,,,,,,,,,,"{g:32,h:18}","{g:2466,h:1338}","{g:9866,h:5350}","{g:9834,h:5332}","{g:6,h:4}"
2026-07-07T11:39:04.034337+00:00,MagicTelescope,1120,self_training_lr,1,100,15116,80,20,3804,2,10,10,5000.0,1000.0,5.0,"{0: 2550, 1: 2530}",0.3307753373908441,0.9858361540913582,0.9545523524284364,1.0,,max_iter,,,,,stratified_labeled_val,2,True,37,63,0.5593,success,,0.7237118822292324,0.7104941100309501,0.7044552331071903,0.913855791091919,0.7786607882144854,0.7233882960630459,,,,,,,,,,,"{g:63,h:37}","{g:2466,h:1338}","{g:9866,h:5350}","{g:9803,h:5313}","{g:13,h:7}"
2026-07-07T11:39:04.608221+00:00,MagicTelescope,1120,self_training_lr,1,250,14966,200,50,3804,2,10,10,4907.0,949.0,5.0,"{0: 2629, 1: 2478}",0.3278765201122544,0.9793672812964052,0.9500073790550232,0.999997615814209,,max_iter,,,,,stratified_labeled_val,2,True,89,161,0.4991,success,,0.7720820189274448,0.7531004622507356,0.7515723197010011,0.6709827780723572,0.8199364875005607,0.7766285471761167,,,,,,,,,,,"{g:161,h:89}","{g:2466,h:1338}","{g:9866,h:5350}","{g:9705,h:5261}","{g:32,h:18}"
2026-07-07T11:39:05.119158+00:00,MagicTelescope,1120,self_training_lr,1,500,14716,400,100,3804,2,10,10,4125.0,847.0,5.0,"{0: 2361, 1: 2164}",0.280307148681707,0.9749496690432232,0.9500074982643129,0.9999791383743286,,max_iter,,,,,stratified_labeled_val,2,True,177,323,0.597,success,,0.7915352260778128,0.7653695641895701,0.7685402578030917,0.5518715381622314,0.8407742911973543,0.7958625592282355,,,,,,,,,,,"{g:323,h:177}","{g:2466,h:1338}","{g:9866,h:5350}","{g:9543,h:5173}","{g:65,h:35}"
2026-07-07T11:39:05.733007+00:00,MagicTelescope,1120,self_training_lr,2,50,15166,40,10,3804,2,10,10,5000.0,1000.0,5.0,"{0: 2526, 1: 2514}",0.3296848213108268,0.9918245264649392,0.9687696099281312,0.999996304512024,,max_iter,,,,,stratified_labeled_val,2,True,18,32,0.6123,success,,0.7266035751840169,0.7050323866467365,0.7030184595538911,1.1769753694534302,0.7524711259981791,0.6013843114158709,,,,,,,,,,,"{g:32,h:18}","{g:2466,h:1338}","{g:9866,h:5350}","{g:9834,h:5332}","{g:6,h:4}"
2026-07-07T11:39:06.357693+00:00,MagicTelescope,1120,self_training_lr,2,100,15116,80,20,3804,2,10,10,5000.0,1000.0,5.0,"{0: 2550, 1: 2530}",0.3307753373908441,0.9907752579331398,0.9735752940177916,0.9999629259109496,,max_iter,,,,,stratified_labeled_val,2,True,37,63,0.4523,success,,0.7791798107255521,0.7563527653213752,0.7571379711334565,0.8292464017868042,0.8104191594625623,0.7369584270974283,,,,,,,,,,,"{g:63,h:37}","{g:2466,h:1338}","{g:9866,h:5350}","{g:9803,h:5313}","{g:13,h:7}"
2026-07-07T11:39:06.821249+00:00,MagicTelescope,1120,self_training_lr,2,250,14966,200,50,3804,2,10,10,5000.0,1000.0,5.0,"{0: 2629, 1: 2571}",0.3340906053721769,0.983794673717022,0.954185962677002,0.999997615814209,,max_iter,,,,,stratified_labeled_val,2,True,89,161,0.3806,success,,0.769453207150368,0.7498763452005572,0.7485410236084145,0.740903913974762,0.8083333939484312,0.7543810194179574,,,,,,,,,,,"{g:161,h:89}","{g:2466,h:1338}","{g:9866,h:5350}","{g:9705,h:5261}","{g:32,h:18}"
2026-07-07T11:39:07.212494+00:00,MagicTelescope,1120,self_training_lr,2,500,14716,400,100,3804,2,10,10,4412.0,810.0,5.0,"{0: 2630, 1: 2182}",0.2998097309051372,0.9770821085839734,0.9500138163566588,0.9999955892562866,,max_iter,,,,,stratified_labeled_val,2,True,177,323,0.449,success,,0.7639327024185069,0.73741357802436,0.7391741758617657,0.6141460537910461,0.8212568358676506,0.7624621463270865,,,,,,,,,,,"{g:323,h:177}","{g:2466,h:1338}","{g:9866,h:5350}","{g:9543,h:5173}","{g:65,h:35}"
2026-07-07T11:39:07.676575+00:00,MagicTelescope,1120,self_training_xgboost,0,50,15166,40,10,3804,2,10,10,3000.0,1000.0,3.0,"{0: 1526, 1: 1514}",0.1978108927864961,0.9965882039666176,0.9775204062461852,0.9998297095298768,,max_iter,,,,,stratified_labeled_val,2,True,18,32,5.7,success,,0.7457939011566772,0.7153893853265396,0.7178571190249867,0.9408345818519592,0.7761149541083094,0.695553939757896,,,,,,,,,,,"{g:32,h:18}","{g:2466,h:1338}","{g:9866,h:5350}","{g:9834,h:5332}","{g:6,h:4}"
2026-07-07T11:39:13.386190+00:00,MagicTelescope,1120,self_training_xgboost,0,100,15116,80,20,3804,2,10,10,3000.0,1000.0,3.0,"{0: 1550, 1: 1530}",0.1984652024345065,0.9982936094800632,0.9913839101791382,0.9999188780784608,,max_iter,,,,,stratified_labeled_val,2,True,37,63,2.6173,success,,0.8023133543638276,0.7824002851334199,0.7828821835163364,0.6406082510948181,0.851917922308417,0.7986506877557596,,,,,,,,,,,"{g:63,h:37}","{g:2466,h:1338}","{g:9866,h:5350}","{g:9803,h:5313}","{g:13,h:7}"
2026-07-07T11:39:16.012239+00:00,MagicTelescope,1120,self_training_xgboost,0,250,14966,200,50,3804,2,10,10,3000.0,1000.0,3.0,"{0: 1629, 1: 1571}",0.2004543632233061,0.9985764284531276,0.9936165809631348,0.9998474717140198,,max_iter,,,,,stratified_labeled_val,2,True,89,161,7.3557,success,,0.8220294426919033,0.8054700882677053,0.8051042945713849,0.5728611946105957,0.8781242536766087,0.8356508985435519,,,,,,,,,,,"{g:161,h:89}","{g:2466,h:1338}","{g:9866,h:5350}","{g:9705,h:5261}","{g:32,h:18}"
2026-07-07T11:39:23.379005+00:00,MagicTelescope,1120,self_training_xgboost,0,500,14716,400,100,3804,2,10,10,3000.0,1000.0,3.0,"{0: 1758, 1: 1642}",0.2038597444957869,0.9990451368292173,0.9968994855880736,0.9999237060546876,,max_iter,,,,,stratified_labeled_val,2,True,177,323,6.9525,success,,0.8535751840168244,0.8313393996923177,0.8366952512997038,0.4777152240276336,0.9047351908223892,0.8672833640596844,,,,,,,,,,,"{g:323,h:177}","{g:2466,h:1338}","{g:9866,h:5350}","{g:9543,h:5173}","{g:65,h:35}"
2026-07-07T11:39:30.342999+00:00,MagicTelescope,1120,self_training_xgboost,1,50,15166,40,10,3804,2,10,10,2808.0,1000.0,3.0,"{0: 1526, 1: 1322}",0.1851509956481603,0.9931982439595072,0.9500401020050048,0.9999409317970276,,max_iter,,,,,stratified_labeled_val,2,True,18,32,2.3759,success,,0.7481598317560463,0.7266156045083085,0.7253615892442649,1.0024349689483645,0.77563412484528,0.6753982312570026,,,,,,,,,,,"{g:32,h:18}","{g:2466,h:1338}","{g:9866,h:5350}","{g:9834,h:5332}","{g:6,h:4}"
2026-07-07T11:39:32.730750+00:00,MagicTelescope,1120,self_training_xgboost,1,100,15116,80,20,3804,2,10,10,3000.0,1000.0,3.0,"{0: 1550, 1: 1530}",0.1984652024345065,0.9973321766853332,0.988105535507202,0.999933898448944,,max_iter,,,,,stratified_labeled_val,2,True,37,63,5.9637,success,,0.7205573080967402,0.7017364407057052,0.698309830089201,0.9617459774017334,0.7773249829974651,0.7251358586395812,,,,,,,,,,,"{g:63,h:37}","{g:2466,h:1338}","{g:9866,h:5350}","{g:9803,h:5313}","{g:13,h:7}"
2026-07-07T11:39:38.705589+00:00,MagicTelescope,1120,self_training_xgboost,1,250,14966,200,50,3804,2,10,10,3000.0,1000.0,3.0,"{0: 1629, 1: 1571}",0.2004543632233061,0.99818886890014,0.9934677481651306,0.9998478889465332,,max_iter,,,,,stratified_labeled_val,2,True,89,161,7.7913,success,,0.8291272344900105,0.8015431391589292,0.8081449104164138,0.5462143421173096,0.8808064717527583,0.8403377886113536,,,,,,,,,,,"{g:161,h:89}","{g:2466,h:1338}","{g:9866,h:5350}","{g:9705,h:5261}","{g:32,h:18}"
2026-07-07T11:39:46.507915+00:00,MagicTelescope,1120,self_training_xgboost,1,500,14716,400,100,3804,2,10,10,3000.0,1000.0,3.0,"{0: 1758, 1: 1642}",0.2038597444957869,0.9985355129639308,0.9936776757240297,0.999893069267273,,max_iter,,,,,stratified_labeled_val,2,True,177,323,7.055,success,,0.8378023133543638,0.8174646038136595,0.8204359950904783,0.4704596400260925,0.896510934357486,0.8590248712080265,,,,,,,,,,,"{g:323,h:177}","{g:2466,h:1338}","{g:9866,h:5350}","{g:9543,h:5173}","{g:65,h:35}"
2026-07-07T11:39:53.573806+00:00,MagicTelescope,1120,self_training_xgboost,2,50,15166,40,10,3804,2,10,10,3000.0,1000.0,3.0,"{0: 1526, 1: 1514}",0.1978108927864961,0.9963173312544824,0.9812684655189514,0.999553382396698,,max_iter,,,,,stratified_labeled_val,2,True,18,32,1.7288,success,,0.7602523659305994,0.7118406744278238,0.7211807140606816,0.935473620891571,0.7714439546744546,0.7172836488354144,,,,,,,,,,,"{g:32,h:18}","{g:2466,h:1338}","{g:9866,h:5350}","{g:9834,h:5332}","{g:6,h:4}"
2026-07-07T11:39:55.310963+00:00,MagicTelescope,1120,self_training_xgboost,2,100,15116,80,20,3804,2,10,10,3000.0,1000.0,3.0,"{0: 1550, 1: 1530}",0.1984652024345065,0.9978004349072774,0.9886680245399476,0.9999132752418518,,max_iter,,,,,stratified_labeled_val,2,True,37,63,4.3781,success,,0.78732912723449,0.7602451638244248,0.7636085749767387,0.8045313954353333,0.8339966140406387,0.7834737343963333,,,,,,,,,,,"{g:63,h:37}","{g:2466,h:1338}","{g:9866,h:5350}","{g:9803,h:5313}","{g:13,h:7}"
2026-07-07T11:39:59.712145+00:00,MagicTelescope,1120,self_training_xgboost,2,250,14966,200,50,3804,2,10,10,3000.0,1000.0,3.0,"{0: 1629, 1: 1571}",0.2004543632233061,0.998775613605976,0.9950906038284302,0.9999206066131592,,max_iter,,,,,stratified_labeled_val,2,True,89,161,5.2546,success,,0.8172975814931651,0.7973761542629991,0.7987438102291566,0.6190230846405029,0.8688846943241235,0.8260915807091647,,,,,,,,,,,"{g:161,h:89}","{g:2466,h:1338}","{g:9866,h:5350}","{g:9705,h:5261}","{g:32,h:18}"
2026-07-07T11:40:04.985063+00:00,MagicTelescope,1120,self_training_xgboost,2,500,14716,400,100,3804,2,10,10,3000.0,1000.0,3.0,"{0: 1758, 1: 1642}",0.2038597444957869,0.9989059311548868,0.9960727691650392,0.999920666217804,,max_iter,,,,,stratified_labeled_val,2,True,177,323,7.8525,success,,0.8175604626708728,0.7844169494360977,0.7930131259096921,0.5780657529830933,0.8791704702640515,0.8334432045467499,,,,,,,,,,,"{g:323,h:177}","{g:2466,h:1338}","{g:9866,h:5350}","{g:9543,h:5173}","{g:65,h:35}"
2026-07-07T11:40:12.848795+00:00,MagicTelescope,1120,self_training_lightgbm,0,50,15166,40,10,3804,2,10,10,0.0,0.0,0.0,"{0: 26, 1: 14}",0.0,,,,,no_candidates,,,,,stratified_labeled_val,2,True,18,32,0.7107,success,,0.6482649842271293,0.5,0.3933014354066985,0.6613971906973126,0.5459277565018785,0.3684334693822624,,,,,,,,,,,"{g:32,h:18}","{g:2466,h:1338}","{g:9866,h:5350}","{g:9834,h:5332}","{g:6,h:4}"
2026-07-07T11:40:13.576524+00:00,MagicTelescope,1120,self_training_lightgbm,0,100,15116,80,20,3804,2,10,10,3000.0,1000.0,3.0,"{0: 1550, 1: 1530}",0.1984652024345065,0.9994480561685783,0.9954487336137916,0.9999999858343108,,max_iter,,,,,stratified_labeled_val,2,True,37,63,10.3615,success,,0.8094111461619348,0.7897550180208686,0.7904962842887711,1.1749568289193095,0.8608456169828956,0.8125361623089711,,,,,,,,,,,"{g:63,h:37}","{g:2466,h:1338}","{g:9866,h:5350}","{g:9803,h:5313}","{g:13,h:7}"
2026-07-07T11:40:23.948661+00:00,MagicTelescope,1120,self_training_lightgbm,0,250,14966,200,50,3804,2,10,10,3000.0,1000.0,3.0,"{0: 1629, 1: 1571}",0.2004543632233061,0.999982268896124,0.9997766016925738,0.999999984918974,,max_iter,,,,,stratified_labeled_val,2,True,89,161,9.4852,success,,0.8314931650893796,0.8134530966434996,0.8145761114932342,1.0611805176075289,0.882594920212347,0.8436359025425679,,,,,,,,,,,"{g:161,h:89}","{g:2466,h:1338}","{g:9866,h:5350}","{g:9705,h:5261}","{g:32,h:18}"
2026-07-07T11:40:33.443260+00:00,MagicTelescope,1120,self_training_lightgbm,0,500,14716,400,100,3804,2,10,10,3000.0,1000.0,3.0,"{0: 1758, 1: 1642}",0.2038597444957869,0.9999993617779124,0.9999948569019318,0.9999999993891096,,max_iter,,,,,stratified_labeled_val,2,True,177,323,14.6867,success,,0.8575184016824395,0.8311330052844242,0.8394541762184791,0.8883872600122186,0.9088354991107764,0.8725187116198516,,,,,,,,,,,"{g:323,h:177}","{g:2466,h:1338}","{g:9866,h:5350}","{g:9543,h:5173}","{g:65,h:35}"
2026-07-07T11:40:48.141810+00:00,MagicTelescope,1120,self_training_lightgbm,1,50,15166,40,10,3804,2,10,10,0.0,0.0,0.0,"{0: 26, 1: 14}",0.0,,,,,no_candidates,,,,,stratified_labeled_val,2,True,18,32,0.3863,success,,0.6482649842271293,0.5,0.3933014354066985,0.6485206818252426,0.5,0.3517350157728706,,,,,,,,,,,"{g:32,h:18}","{g:2466,h:1338}","{g:9866,h:5350}","{g:9834,h:5332}","{g:6,h:4}"
2026-07-07T11:40:48.538191+00:00,MagicTelescope,1120,self_training_lightgbm,1,100,15116,80,20,3804,2,10,10,3000.0,1000.0,3.0,"{0: 1550, 1: 1530}",0.1984652024345065,0.9988132503589368,0.9902101038696964,0.9999999881056664,,max_iter,,,,,stratified_labeled_val,2,True,37,63,9.3093,success,,0.7615667718191378,0.7314863306893028,0.7346773409043983,1.522686383341448,0.8036002640393659,0.7601502305628324,,,,,,,,,,,"{g:63,h:37}","{g:2466,h:1338}","{g:9866,h:5350}","{g:9803,h:5313}","{g:13,h:7}"
2026-07-07T11:40:57.859263+00:00,MagicTelescope,1120,self_training_lightgbm,1,250,14966,200,50,3804,2,10,10,3000.0,1000.0,3.0,"{0: 1629, 1: 1571}",0.2004543632233061,0.9999848188388883,0.9997787177053368,0.9999999866825,,max_iter,,,,,stratified_labeled_val,2,True,89,161,10.8776,success,,0.8354363827549948,0.8033324968449842,0.8129859897974538,1.0447433493379086,0.8827009966334374,0.841924737560588,,,,,,,,,,,"{g:161,h:89}","{g:2466,h:1338}","{g:9866,h:5350}","{g:9705,h:5261}","{g:32,h:18}"
2026-07-07T11:41:08.745382+00:00,MagicTelescope,1120,self_training_lightgbm,1,500,14716,400,100,3804,2,10,10,3000.0,1000.0,3.0,"{0: 1758, 1: 1642}",0.2038597444957869,0.9999973667480584,0.9999754350859664,0.999999997491152,,max_iter,,,,,stratified_labeled_val,2,True,177,323,15.2339,success,,0.8459516298633017,0.824946628406417,0.8289276412971005,0.8953095640802299,0.896298175364327,0.8600597675119667,,,,,,,,,,,"{g:323,h:177}","{g:2466,h:1338}","{g:9866,h:5350}","{g:9543,h:5173}","{g:65,h:35}"
2026-07-07T11:41:23.989239+00:00,MagicTelescope,1120,self_training_lightgbm,2,50,15166,40,10,3804,2,10,10,0.0,0.0,0.0,"{0: 26, 1: 14}",0.0,,,,,no_candidates,,,,,stratified_labeled_val,2,True,18,32,0.2718,success,,0.6482649842271293,0.5,0.3933014354066985,0.6485206818252426,0.5,0.3517350157728706,,,,,,,,,,,"{g:32,h:18}","{g:2466,h:1338}","{g:9866,h:5350}","{g:9834,h:5332}","{g:6,h:4}"
2026-07-07T11:41:24.269291+00:00,MagicTelescope,1120,self_training_lightgbm,2,100,15116,80,20,3804,2,10,10,3000.0,1000.0,3.0,"{0: 1550, 1: 1530}",0.1984652024345065,0.9996127622047322,0.9954210720539032,0.9999999771144846,,max_iter,,,,,stratified_labeled_val,2,True,37,63,9.6559,success,,0.7810199789695058,0.7546952454729614,0.7573097939409629,1.6265107892391812,0.8417912610001249,0.7818000508072906,,,,,,,,,,,"{g:63,h:37}","{g:2466,h:1338}","{g:9866,h:5350}","{g:9803,h:5313}","{g:13,h:7}"
2026-07-07T11:41:33.933951+00:00,MagicTelescope,1120,self_training_lightgbm,2,250,14966,200,50,3804,2,10,10,3000.0,1000.0,3.0,"{0: 1629, 1: 1571}",0.2004543632233061,0.9999954944148894,0.9999519145021224,0.9999999960790016,,max_iter,,,,,stratified_labeled_val,2,True,89,161,12.3616,success,,0.8175604626708728,0.7939892856753189,0.7974734894990584,1.1131386159698602,0.8735356907757157,0.8305134827826579,,,,,,,,,,,"{g:161,h:89}","{g:2466,h:1338}","{g:9866,h:5350}","{g:9705,h:5261}","{g:32,h:18}"
2026-07-07T11:41:46.304543+00:00,MagicTelescope,1120,self_training_lightgbm,2,500,14716,400,100,3804,2,10,10,3000.0,1000.0,3.0,"{0: 1758, 1: 1642}",0.2038597444957869,0.9999983665813116,0.999988386429081,0.9999999972619548,,max_iter,,,,,stratified_labeled_val,2,True,177,323,16.1442,success,,0.8154574132492114,0.780914609087173,0.7900200040259675,1.1235403953649887,0.8781709273018886,0.8335728129041171,,,,,,,,,,,"{g:323,h:177}","{g:2466,h:1338}","{g:9866,h:5350}","{g:9543,h:5173}","{g:65,h:35}"
2026-07-07T11:42:02.456403+00:00,MagicTelescope,1120,self_training_catboost,0,50,15166,40,10,3804,2,10,10,0.0,0.0,0.0,"{0: 26, 1: 14}",0.0,,,,,no_candidates,,,,,stratified_labeled_val,2,True,18,32,0.7364,success,,0.7681388012618297,0.7081801286737295,0.7206804779836348,0.5046301378535413,0.8271505933611919,0.7378836677816727,,,,,,,,,,,"{g:32,h:18}","{g:2466,h:1338}","{g:9866,h:5350}","{g:9834,h:5332}","{g:6,h:4}"
2026-07-07T11:42:03.198062+00:00,MagicTelescope,1120,self_training_catboost,0,100,15116,80,20,3804,2,10,10,0.0,0.0,0.0,"{0: 50, 1: 30}",0.0,,,,,no_candidates,,,,,stratified_labeled_val,2,True,37,63,1.0267,success,,0.8225552050473186,0.7786970057354006,0.7928260879212292,0.4281061312069768,0.88924621489022,0.8394405425257119,,,,,,,,,,,"{g:63,h:37}","{g:2466,h:1338}","{g:9866,h:5350}","{g:9803,h:5313}","{g:13,h:7}"
2026-07-07T11:42:04.229889+00:00,MagicTelescope,1120,self_training_catboost,0,250,14966,200,50,3804,2,10,10,0.0,0.0,0.0,"{0: 129, 1: 71}",0.0,,,,,no_candidates,,,,,stratified_labeled_val,2,True,89,161,1.505,success,,0.8488433228180863,0.8070066809960759,0.8232714345700725,0.3854154282386886,0.9047739844849596,0.867982450466139,,,,,,,,,,,"{g:161,h:89}","{g:2466,h:1338}","{g:9866,h:5350}","{g:9705,h:5261}","{g:32,h:18}"
2026-07-07T11:42:05.740254+00:00,MagicTelescope,1120,self_training_catboost,0,500,14716,400,100,3804,2,10,10,0.0,0.0,0.0,"{0: 258, 1: 142}",0.0,,,,,no_candidates,,,,,stratified_labeled_val,2,True,177,323,2.0726,success,,0.8459516298633017,0.8056310213522744,0.8207642715973544,0.3680602005261144,0.9074289257671144,0.8679336254060073,,,,,,,,,,,"{g:323,h:177}","{g:2466,h:1338}","{g:9866,h:5350}","{g:9543,h:5173}","{g:65,h:35}"
2026-07-07T11:42:07.818470+00:00,MagicTelescope,1120,self_training_catboost,1,50,15166,40,10,3804,2,10,10,0.0,0.0,0.0,"{0: 26, 1: 14}",0.0,,,,,no_candidates,,,,,stratified_labeled_val,2,True,18,32,0.784,success,,0.723186119873817,0.6817134554606323,0.6865182349251417,0.5357859624257956,0.7856750157902329,0.6719047227970338,,,,,,,,,,,"{g:32,h:18}","{g:2466,h:1338}","{g:9866,h:5350}","{g:9834,h:5332}","{g:6,h:4}"
2026-07-07T11:42:08.607959+00:00,MagicTelescope,1120,self_training_catboost,1,100,15116,80,20,3804,2,10,10,0.0,0.0,0.0,"{0: 50, 1: 30}",0.0,,,,,no_candidates,,,,,stratified_labeled_val,2,True,37,63,1.1369,success,,0.7697160883280757,0.7095676082615954,0.7222902265745008,0.4885187389388016,0.823986788333291,0.7548831509422521,,,,,,,,,,,"{g:63,h:37}","{g:2466,h:1338}","{g:9866,h:5350}","{g:9803,h:5313}","{g:13,h:7}"
2026-07-07T11:42:09.752429+00:00,MagicTelescope,1120,self_training_catboost,1,250,14966,200,50,3804,2,10,10,0.0,0.0,0.0,"{0: 129, 1: 71}",0.0,,,,,no_candidates,,,,,stratified_labeled_val,2,True,89,161,1.9182,success,,0.8356992639327024,0.7840487127171687,0.8031415707290601,0.3955212317682948,0.901046459047834,0.8634137641852837,,,,,,,,,,,"{g:161,h:89}","{g:2466,h:1338}","{g:9866,h:5350}","{g:9705,h:5261}","{g:32,h:18}"
2026-07-07T11:42:11.676659+00:00,MagicTelescope,1120,self_training_catboost,1,500,14716,400,100,3804,2,10,10,0.0,0.0,0.0,"{0: 258, 1: 142}",0.0,,,,,no_candidates,,,,,stratified_labeled_val,2,True,177,323,2.2863,success,,0.8385909568874869,0.7941420357216894,0.8104369196007551,0.3873017680961809,0.8976083707025413,0.8605922437391752,,,,,,,,,,,"{g:323,h:177}","{g:2466,h:1338}","{g:9866,h:5350}","{g:9543,h:5173}","{g:65,h:35}"
2026-07-07T11:42:13.969611+00:00,MagicTelescope,1120,self_training_catboost,2,50,15166,40,10,3804,2,10,10,0.0,0.0,0.0,"{0: 26, 1: 14}",0.0,,,,,no_candidates,,,,,stratified_labeled_val,2,True,18,32,0.9174,success,,0.7655099894847529,0.7234169457991919,0.731376348989208,0.4984964642311861,0.8267587167541344,0.7106747954553371,,,,,,,,,,,"{g:32,h:18}","{g:2466,h:1338}","{g:9866,h:5350}","{g:9834,h:5332}","{g:6,h:4}"
2026-07-07T11:42:14.893531+00:00,MagicTelescope,1120,self_training_catboost,2,100,15116,80,20,3804,2,10,10,0.0,0.0,0.0,"{0: 50, 1: 30}",0.0,,,,,no_candidates,,,,,stratified_labeled_val,2,True,37,63,1.3617,success,,0.7988958990536278,0.7602778959772185,0.7697702188016003,0.4519482794140274,0.8515763562325048,0.7829172404143397,,,,,,,,,,,"{g:63,h:37}","{g:2466,h:1338}","{g:9866,h:5350}","{g:9803,h:5313}","{g:13,h:7}"
2026-07-07T11:42:16.263223+00:00,MagicTelescope,1120,self_training_catboost,2,250,14966,200,50,3804,2,10,10,0.0,0.0,0.0,"{0: 129, 1: 71}",0.0,,,,,no_candidates,,,,,stratified_labeled_val,2,True,89,161,2.1123,success,,0.826235541535226,0.7818774799151873,0.7966485281255219,0.4062884409022909,0.8835838555324007,0.8391034883115833,,,,,,,,,,,"{g:161,h:89}","{g:2466,h:1338}","{g:9866,h:5350}","{g:9705,h:5261}","{g:32,h:18}"
2026-07-07T11:42:18.382067+00:00,MagicTelescope,1120,self_training_catboost,2,500,14716,400,100,3804,2,10,10,0.0,0.0,0.0,"{0: 258, 1: 142}",0.0,,,,,no_candidates,,,,,stratified_labeled_val,2,True,177,323,2.5763,success,,0.8259726603575184,0.7791107037776541,0.7949312118160106,0.394550694953002,0.8896362730443448,0.8480895538793608,,,,,,,,,,,"{g:323,h:177}","{g:2466,h:1338}","{g:9866,h:5350}","{g:9543,h:5173}","{g:65,h:35}"
2026-07-07T11:42:20.984674+00:00,MagicTelescope,1120,rpl_lr,0,50,15166,40,10,3804,2,10,10,,,,,,,,,,,,,,,stratified_labeled_val,2,True,18,32,0.4137,success,,0.7444794952681388,0.6740350379511126,0.684016435471631,2.098474502563477,0.7723384819797375,0.6925045655535405,,,,,,,,,,,"{g:32,h:18}","{g:2466,h:1338}","{g:9866,h:5350}","{g:9834,h:5332}","{g:6,h:4}"
2026-07-07T11:42:21.407892+00:00,MagicTelescope,1120,rpl_lr,0,100,15116,80,20,3804,2,10,10,,,,,,,,,,,,,,,stratified_labeled_val,2,True,37,63,0.2705,success,,0.7815457413249212,0.734930480544372,0.745769512470035,1.5433228015899658,0.8019033443774041,0.7490045230221896,,,,,,,,,,,"{g:63,h:37}","{g:2466,h:1338}","{g:9866,h:5350}","{g:9803,h:5313}","{g:13,h:7}"
2026-07-07T11:42:21.683371+00:00,MagicTelescope,1120,rpl_lr,0,250,14966,200,50,3804,2,10,10,,,,,,,,,,,,,,,stratified_labeled_val,2,True,89,161,0.389,success,,0.7728706624605678,0.7183252775868403,0.7303879571292491,1.2932976484298706,0.7926922741208688,0.7325567355091352,,,,,,,,,,,"{g:161,h:89}","{g:2466,h:1338}","{g:9866,h:5350}","{g:9705,h:5261}","{g:32,h:18}"
2026-07-07T11:42:22.081660+00:00,MagicTelescope,1120,rpl_lr,0,500,14716,400,100,3804,2,10,10,,,,,,,,,,,,,,,stratified_labeled_val,2,True,177,323,0.3818,success,,0.786540483701367,0.7339967049632854,0.7471144742784179,1.0509182214736938,0.8183160943995287,0.7583337916897205,,,,,,,,,,,"{g:323,h:177}","{g:2466,h:1338}","{g:9866,h:5350}","{g:9543,h:5173}","{g:65,h:35}"
2026-07-07T11:42:22.470647+00:00,MagicTelescope,1120,rpl_lr,1,50,15166,40,10,3804,2,10,10,,,,,,,,,,,,,,,stratified_labeled_val,2,True,18,32,0.4182,success,,0.7794426919032598,0.7112578602628028,0.7262367316353018,1.811721920967102,0.8308381128337922,0.7739667190409995,,,,,,,,,,,"{g:32,h:18}","{g:2466,h:1338}","{g:9866,h:5350}","{g:9834,h:5332}","{g:6,h:4}"
2026-07-07T11:42:22.901713+00:00,MagicTelescope,1120,rpl_lr,1,100,15116,80,20,3804,2,10,10,,,,,,,,,,,,,,,stratified_labeled_val,2,True,37,63,0.4632,success,,0.7860147213459516,0.728463152688219,0.7427512391981401,1.667875051498413,0.8125990299159753,0.7644529263912405,,,,,,,,,,,"{g:63,h:37}","{g:2466,h:1338}","{g:9866,h:5350}","{g:9803,h:5313}","{g:13,h:7}"
2026-07-07T11:42:23.372647+00:00,MagicTelescope,1120,rpl_lr,1,250,14966,200,50,3804,2,10,10,,,,,,,,,,,,,,,stratified_labeled_val,2,True,89,161,0.4865,success,,0.7920609884332281,0.7391092853843664,0.7529839104321585,1.1861644983291626,0.8279088882342458,0.7813028613852557,,,,,,,,,,,"{g:161,h:89}","{g:2466,h:1338}","{g:9866,h:5350}","{g:9705,h:5261}","{g:32,h:18}"
2026-07-07T11:42:23.866405+00:00,MagicTelescope,1120,rpl_lr,1,500,14716,400,100,3804,2,10,10,,,,,,,,,,,,,,,stratified_labeled_val,2,True,177,323,0.5415,success,,0.795478443743428,0.7514884037256464,0.7627963610809037,0.9079801440238952,0.8446175914712133,0.7919198366319657,,,,,,,,,,,"{g:323,h:177}","{g:2466,h:1338}","{g:9866,h:5350}","{g:9543,h:5173}","{g:65,h:35}"
2026-07-07T11:42:24.421004+00:00,MagicTelescope,1120,rpl_lr,2,50,15166,40,10,3804,2,10,10,,,,,,,,,,,,,,,stratified_labeled_val,2,True,18,32,0.5905,success,,0.732912723449001,0.6781047356151281,0.6861761282141892,2.391824960708618,0.7663713802178992,0.6042089804059014,,,,,,,,,,,"{g:32,h:18}","{g:2466,h:1338}","{g:9866,h:5350}","{g:9834,h:5332}","{g:6,h:4}"
2026-07-07T11:42:25.030063+00:00,MagicTelescope,1120,rpl_lr,2,100,15116,80,20,3804,2,10,10,,,,,,,,,,,,,,,stratified_labeled_val,2,True,37,63,0.8694,success,,0.7757623554153522,0.7253417782287541,0.7367119675441576,1.796338438987732,0.811195638864946,0.7247923920720993,,,,,,,,,,,"{g:63,h:37}","{g:2466,h:1338}","{g:9866,h:5350}","{g:9803,h:5313}","{g:13,h:7}"
2026-07-07T11:42:25.934763+00:00,MagicTelescope,1120,rpl_lr,2,250,14966,200,50,3804,2,10,10,,,,,,,,,,,,,,,stratified_labeled_val,2,True,89,161,0.9818,success,,0.7844374342797056,0.7431435232161886,0.7524182887011913,1.3429924249649048,0.8174796060503565,0.755351649870171,,,,,,,,,,,"{g:161,h:89}","{g:2466,h:1338}","{g:9866,h:5350}","{g:9705,h:5261}","{g:32,h:18}"
2026-07-07T11:42:26.931196+00:00,MagicTelescope,1120,rpl_lr,2,500,14716,400,100,3804,2,10,10,,,,,,,,,,,,,,,stratified_labeled_val,2,True,177,323,0.5028,success,,0.7836487907465826,0.7377490825904953,0.7485625252235231,1.007015585899353,0.8279923855314186,0.7663685732640331,,,,,,,,,,,"{g:323,h:177}","{g:2466,h:1338}","{g:9866,h:5350}","{g:9543,h:5173}","{g:65,h:35}"
2026-07-07T11:42:27.451978+00:00,MagicTelescope,1120,rpl_lite_xgboost,0,50,15166,40,10,3804,2,10,10,3000.0,1000.0,3.0,"{0: 1500, 1: 1500}",0.1978108927864961,0.9965691766937572,,,0.4596367171724732,max_iter,,,,,stratified_labeled_val,2,True,18,32,11.586,success,,0.7547318611987381,0.7251890281823836,0.727777344416042,0.9167903065681458,0.7790211449707046,0.701075939412986,,,,,,,,,,,"{g:32,h:18}","{g:2466,h:1338}","{g:9866,h:5350}","{g:9834,h:5332}","{g:6,h:4}"
2026-07-07T11:42:39.050688+00:00,MagicTelescope,1120,rpl_lite_xgboost,0,100,15116,80,20,3804,2,10,10,3000.0,1000.0,3.0,"{0: 1500, 1: 1500}",0.1984652024345065,0.9983036113580068,,,0.4475212615876792,max_iter,,,,,stratified_labeled_val,2,True,37,63,11.2583,success,,0.8031019978969506,0.7848888379722068,0.7844499141528136,0.6498600840568542,0.8503066214720497,0.7965956602356212,,,,,,,,,,,"{g:63,h:37}","{g:2466,h:1338}","{g:9866,h:5350}","{g:9803,h:5313}","{g:13,h:7}"
2026-07-07T11:42:50.318299+00:00,MagicTelescope,1120,rpl_lite_xgboost,0,250,14966,200,50,3804,2,10,10,3000.0,1000.0,3.0,"{0: 1500, 1: 1500}",0.2004543632233061,0.9985982320308684,,,0.4675469385764917,max_iter,,,,,stratified_labeled_val,2,True,89,161,12.3167,success,,0.8257097791798107,0.8076249549932899,0.8084124641151106,0.5668904781341553,0.8786362997149878,0.8366700774917046,,,,,,,,,,,"{g:161,h:89}","{g:2466,h:1338}","{g:9866,h:5350}","{g:9705,h:5261}","{g:32,h:18}"
2026-07-07T11:43:02.643784+00:00,MagicTelescope,1120,rpl_lite_xgboost,0,500,14716,400,100,3804,2,10,10,3000.0,1000.0,3.0,"{0: 1500, 1: 1500}",0.2038597444957869,0.9990389811396598,,,0.4524736945567139,max_iter,,,,,stratified_labeled_val,2,True,177,323,13.6627,success,,0.8543638275499474,0.8328023450769024,0.8377882596353381,0.4735198616981506,0.9058338394693995,0.8682762241724771,,,,,,,,,,,"{g:323,h:177}","{g:2466,h:1338}","{g:9866,h:5350}","{g:9543,h:5173}","{g:65,h:35}"
2026-07-07T11:43:16.314745+00:00,MagicTelescope,1120,rpl_lite_xgboost,1,50,15166,40,10,3804,2,10,10,3000.0,1000.0,3.0,"{0: 1500, 1: 1500}",0.1978108927864961,0.9902138233184814,,,0.4520359820910997,max_iter,,,,,stratified_labeled_val,2,True,18,32,9.3416,success,,0.7386961093585699,0.7220512876465219,0.7181094576025344,1.0448434352874756,0.7778200568084697,0.6770930831385202,,,,,,,,,,,"{g:32,h:18}","{g:2466,h:1338}","{g:9866,h:5350}","{g:9834,h:5332}","{g:6,h:4}"
2026-07-07T11:43:25.664746+00:00,MagicTelescope,1120,rpl_lite_xgboost,1,100,15116,80,20,3804,2,10,10,3000.0,1000.0,3.0,"{0: 1500, 1: 1500}",0.1984652024345065,0.997355184495449,,,0.3994271308242006,max_iter,,,,,stratified_labeled_val,2,True,37,63,10.0366,success,,0.729758149316509,0.7084910841252696,0.7064451696359616,0.9453845024108888,0.7798603609992762,0.7279503355976384,,,,,,,,,,,"{g:63,h:37}","{g:2466,h:1338}","{g:9866,h:5350}","{g:9803,h:5313}","{g:13,h:7}"
2026-07-07T11:43:35.709439+00:00,MagicTelescope,1120,rpl_lite_xgboost,1,250,14966,200,50,3804,2,10,10,3000.0,1000.0,3.0,"{0: 1500, 1: 1500}",0.2004543632233061,0.9981742058793704,,,0.4169261251472927,max_iter,,,,,stratified_labeled_val,2,True,89,161,12.3462,success,,0.8293901156677181,0.8017458966609567,0.8084026530936138,0.5455459356307983,0.8799851371780277,0.8386101300562436,,,,,,,,,,,"{g:161,h:89}","{g:2466,h:1338}","{g:9866,h:5350}","{g:9705,h:5261}","{g:32,h:18}"
2026-07-07T11:43:48.063718+00:00,MagicTelescope,1120,rpl_lite_xgboost,1,500,14716,400,100,3804,2,10,10,3000.0,1000.0,3.0,"{0: 1500, 1: 1500}",0.2038597444957869,0.9985608741641044,,,0.4153263529262617,max_iter,,,,,stratified_labeled_val,2,True,177,323,13.4163,success,,0.8388538380651945,0.8177628300946687,0.8212752239624127,0.4776796102523803,0.8959672169305242,0.8571765922411884,,,,,,,,,,,"{g:323,h:177}","{g:2466,h:1338}","{g:9866,h:5350}","{g:9543,h:5173}","{g:65,h:35}"
2026-07-07T11:44:01.488412+00:00,MagicTelescope,1120,rpl_lite_xgboost,2,50,15166,40,10,3804,2,10,10,3000.0,1000.0,3.0,"{0: 1500, 1: 1500}",0.1978108927864961,0.996331796725591,,,0.4232873518755289,max_iter,,,,,stratified_labeled_val,2,True,18,32,8.4385,success,,0.7605152471083071,0.7120434319298514,0.7214226509110966,0.9265601634979248,0.7733612102167958,0.7194231723409881,,,,,,,,,,,"{g:32,h:18}","{g:2466,h:1338}","{g:9866,h:5350}","{g:9834,h:5332}","{g:6,h:4}"
2026-07-07T11:44:09.934767+00:00,MagicTelescope,1120,rpl_lite_xgboost,2,100,15116,80,20,3804,2,10,10,3000.0,1000.0,3.0,"{0: 1500, 1: 1500}",0.1984652024345065,0.9977924987077712,,,0.4497337047288644,max_iter,,,,,stratified_labeled_val,2,True,37,63,9.2901,success,,0.7860147213459516,0.7563254885273805,0.7608482150442628,0.8002916574478149,0.8336979331463964,0.7830987983599151,,,,,,,,,,,"{g:63,h:37}","{g:2466,h:1338}","{g:9866,h:5350}","{g:9803,h:5313}","{g:13,h:7}"
2026-07-07T11:44:19.233213+00:00,MagicTelescope,1120,rpl_lite_xgboost,2,250,14966,200,50,3804,2,10,10,3000.0,1000.0,3.0,"{0: 1500, 1: 1500}",0.2004543632233061,0.9987756477793058,,,0.4235389301544578,max_iter,,,,,stratified_labeled_val,2,True,89,161,11.2177,success,,0.8159831756046267,0.7953367592986591,0.7970453436128733,0.6194523572921753,0.868406441202749,0.8250400892982598,,,,,,,,,,,"{g:161,h:89}","{g:2466,h:1338}","{g:9866,h:5350}","{g:9705,h:5261}","{g:32,h:18}"
2026-07-07T11:44:30.459474+00:00,MagicTelescope,1120,rpl_lite_xgboost,2,500,14716,400,100,3804,2,10,10,3000.0,1000.0,3.0,"{0: 1500, 1: 1500}",0.2038597444957869,0.9988818503022194,,,0.4118298489355854,max_iter,,,,,stratified_labeled_val,2,True,177,323,13.2467,success,,0.8222923238696109,0.7902887339566991,0.7987114421271444,0.5727521181106567,0.8805340068882997,0.8360080799331648,,,,,,,,,,,"{g:323,h:177}","{g:2466,h:1338}","{g:9866,h:5350}","{g:9543,h:5173}","{g:65,h:35}"
2026-07-07T11:44:43.717402+00:00,MagicTelescope,1120,sslae,0,50,15166,40,10,3804,2,10,10,,,,,,,,,,,,,,,stratified_labeled_val,2,True,18,32,24.8289,success,,0.7544689800210305,0.6875515986019733,0.6989154660072574,0.5280675164906014,0.7719923697714932,0.709356558162557,8.0,0.4693790078163147,18.0,0.2136503905057907,,sslae,internal_stratified_val,,style_baseline,supervised_autoencoder,"{g:32,h:18}","{g:2466,h:1338}","{g:9866,h:5350}","{g:9834,h:5332}","{g:6,h:4}"
2026-07-07T11:45:08.554373+00:00,MagicTelescope,1120,sslae,0,100,15116,80,20,3804,2,10,10,,,,,,,,,,,,,,,stratified_labeled_val,2,True,37,63,13.9229,success,,0.7386961093585699,0.6661556813924985,0.6751927535191111,0.5874932967377952,0.7567003929070636,0.6796497030128064,1.0,0.6300595998764038,11.0,0.4225808084011078,,sslae,internal_stratified_val,,style_baseline,supervised_autoencoder,"{g:63,h:37}","{g:2466,h:1338}","{g:9866,h:5350}","{g:9803,h:5313}","{g:13,h:7}"
2026-07-07T11:45:22.484738+00:00,MagicTelescope,1120,sslae,0,250,14966,200,50,3804,2,10,10,,,,,,,,,,,,,,,stratified_labeled_val,2,True,89,161,35.6603,success,,0.8120399579390115,0.747681472510447,0.7672320281252956,0.4347702294110674,0.8681118518276058,0.8198747743414027,23.0,0.3727695047855377,33.0,0.4185064733028412,,sslae,internal_stratified_val,,style_baseline,supervised_autoencoder,"{g:161,h:89}","{g:2466,h:1338}","{g:9866,h:5350}","{g:9705,h:5261}","{g:32,h:18}"
2026-07-07T11:45:58.152127+00:00,MagicTelescope,1120,sslae,0,500,14716,400,100,3804,2,10,10,,,,,,,,,,,,,,,stratified_labeled_val,2,True,177,323,69.3079,success,,0.8367507886435331,0.8009275928411145,0.8127051363603532,0.3792553095512487,0.8987661190698734,0.8480168061876747,39.0,0.324643075466156,49.0,0.3638673275709152,,sslae,internal_stratified_val,,style_baseline,supervised_autoencoder,"{g:323,h:177}","{g:2466,h:1338}","{g:9866,h:5350}","{g:9543,h:5173}","{g:65,h:35}"
2026-07-07T11:47:07.490715+00:00,MagicTelescope,1120,sslae,1,50,15166,40,10,3804,2,10,10,,,,,,,,,,,,,,,stratified_labeled_val,2,True,18,32,66.7478,success,,0.7681388012618297,0.6927960168606956,0.7060750008410052,0.5683783436820492,0.7930738461613065,0.7346737721002151,27.0,0.3427360951900482,37.0,0.1677590608596801,,sslae,internal_stratified_val,,style_baseline,supervised_autoencoder,"{g:32,h:18}","{g:2466,h:1338}","{g:9866,h:5350}","{g:9834,h:5332}","{g:6,h:4}"
2026-07-07T11:48:14.247240+00:00,MagicTelescope,1120,sslae,1,100,15116,80,20,3804,2,10,10,,,,,,,,,,,,,,,stratified_labeled_val,2,True,37,63,41.0691,success,,0.7731335436382755,0.732202801144898,0.7403878067711779,0.4927047353437188,0.8036592122219435,0.746615180972772,8.0,0.4787830114364624,18.0,0.3132261633872986,,sslae,internal_stratified_val,,style_baseline,supervised_autoencoder,"{g:63,h:37}","{g:2466,h:1338}","{g:9866,h:5350}","{g:9803,h:5313}","{g:13,h:7}"
2026-07-07T11:48:55.349154+00:00,MagicTelescope,1120,sslae,1,250,14966,200,50,3804,2,10,10,,,,,,,,,,,,,,,stratified_labeled_val,2,True,89,161,37.1787,success,,0.7878548895899053,0.7273184365669063,0.7424642451971715,0.4852751858847564,0.8164887007396255,0.7708214980953012,5.0,0.5721737146377563,15.0,0.3920243382453918,,sslae,internal_stratified_val,,style_baseline,supervised_autoencoder,"{g:161,h:89}","{g:2466,h:1338}","{g:9866,h:5350}","{g:9705,h:5261}","{g:32,h:18}"
2026-07-07T11:49:32.538177+00:00,MagicTelescope,1120,sslae,1,500,14716,400,100,3804,2,10,10,,,,,,,,,,,,,,,stratified_labeled_val,2,True,177,323,50.9108,success,,0.8296529968454258,0.8081022988881978,0.8112429428369796,0.3900610938587833,0.8941936191698885,0.853441403171563,29.0,0.3794257640838623,39.0,0.4821807444095611,,sslae,internal_stratified_val,,style_baseline,supervised_autoencoder,"{g:323,h:177}","{g:2466,h:1338}","{g:9866,h:5350}","{g:9543,h:5173}","{g:65,h:35}"
2026-07-07T11:50:23.455742+00:00,MagicTelescope,1120,sslae,2,50,15166,40,10,3804,2,10,10,,,,,,,,,,,,,,,stratified_labeled_val,2,True,18,32,23.367,success,,0.7565720294426919,0.7113951534592431,0.719556845384719,0.5769064021180942,0.7784657591374229,0.667690294405083,11.0,0.5522190928459167,21.0,0.1718295812606811,,sslae,internal_stratified_val,,style_baseline,supervised_autoencoder,"{g:32,h:18}","{g:2466,h:1338}","{g:9866,h:5350}","{g:9834,h:5332}","{g:6,h:4}"
2026-07-07T11:50:46.830419+00:00,MagicTelescope,1120,sslae,2,100,15116,80,20,3804,2,10,10,,,,,,,,,,,,,,,stratified_labeled_val,2,True,37,63,53.7198,success,,0.7781282860147214,0.7257991191413993,0.7379189238873511,0.6134978971119699,0.7856474359207494,0.7218449886660258,29.0,0.3519089519977569,39.0,0.2266373336315155,,sslae,internal_stratified_val,,style_baseline,supervised_autoencoder,"{g:63,h:37}","{g:2466,h:1338}","{g:9866,h:5350}","{g:9803,h:5313}","{g:13,h:7}"
2026-07-07T11:51:40.590219+00:00,MagicTelescope,1120,sslae,2,250,14966,200,50,3804,2,10,10,,,,,,,,,,,,,,,stratified_labeled_val,2,True,89,161,79.1791,success,,0.8036277602523659,0.7811919231594529,0.783148699371292,0.4657941487303452,0.856424351751837,0.8041679748807076,58.0,0.3163383901119232,68.0,0.2261728197336197,,sslae,internal_stratified_val,,style_baseline,supervised_autoencoder,"{g:161,h:89}","{g:2466,h:1338}","{g:9866,h:5350}","{g:9705,h:5261}","{g:32,h:18}"
2026-07-07T11:52:59.778110+00:00,MagicTelescope,1120,sslae,2,500,14716,400,100,3804,2,10,10,,,,,,,,,,,,,,,stratified_labeled_val,2,True,177,323,26.1113,success,,0.814931650893796,0.7765775988420092,0.7874420429824862,0.4178616128812401,0.8760763725985814,0.8180432694281712,16.0,0.3402839303016662,26.0,0.6303240060806274,,sslae,internal_stratified_val,,style_baseline,supervised_autoencoder,"{g:323,h:177}","{g:2466,h:1338}","{g:9866,h:5350}","{g:9543,h:5173}","{g:65,h:35}"
2026-07-07T11:53:25.896713+00:00,MagicTelescope,1120,scarf,0,50,15166,40,10,3804,2,10,10,,,,,,,,,,,,,,,stratified_labeled_val,2,True,18,32,104.3638,success,,0.7594637223974764,0.6920877294432988,0.7041359811995369,0.5622207463873997,0.7752840726556808,0.7159672528716737,21.0,0.4957212209701538,31.0,0.1289663314819336,31.0,scarf,internal_stratified_val,50.0,paper_faithful_core,SCARF,"{g:32,h:18}","{g:2466,h:1338}","{g:9866,h:5350}","{g:9834,h:5332}","{g:6,h:4}"
2026-07-07T11:55:10.265747+00:00,MagicTelescope,1120,scarf,0,100,15116,80,20,3804,2,10,10,,,,,,,,,,,,,,,stratified_labeled_val,2,True,37,63,98.3587,success,,0.7917981072555205,0.7455729763346535,0.7573100178346166,0.5288904462707853,0.8370957124516746,0.7790279321349028,12.0,0.6331412196159363,22.0,0.3131423592567444,22.0,scarf,internal_stratified_val,50.0,paper_faithful_core,SCARF,"{g:63,h:37}","{g:2466,h:1338}","{g:9866,h:5350}","{g:9803,h:5313}","{g:13,h:7}"
2026-07-07T11:56:48.632029+00:00,MagicTelescope,1120,scarf,0,250,14966,200,50,3804,2,10,10,,,,,,,,,,,,,,,stratified_labeled_val,2,True,89,161,108.3743,success,,0.8272870662460567,0.7984144908877324,0.8055828191031098,0.4352493651174687,0.8704897821129696,0.8289165103032483,50.0,0.3275090157985687,60.0,0.1728174388408661,60.0,scarf,internal_stratified_val,50.0,paper_faithful_core,SCARF,"{g:161,h:89}","{g:2466,h:1338}","{g:9866,h:5350}","{g:9705,h:5261}","{g:32,h:18}"
2026-07-07T11:58:37.051483+00:00,MagicTelescope,1120,scarf,0,500,14716,400,100,3804,2,10,10,,,,,,,,,,,,,,,stratified_labeled_val,2,True,177,323,110.0682,success,,0.833596214511041,0.8058446895718998,0.8129062731081458,0.4165286060377488,0.8953895550488132,0.8440668572207617,44.0,0.3303989768028259,54.0,0.178676500916481,54.0,scarf,internal_stratified_val,50.0,paper_faithful_core,SCARF,"{g:323,h:177}","{g:2466,h:1338}","{g:9866,h:5350}","{g:9543,h:5173}","{g:65,h:35}"
2026-07-07T12:00:27.125198+00:00,MagicTelescope,1120,scarf,1,50,15166,40,10,3804,2,10,10,,,,,,,,,,,,,,,stratified_labeled_val,2,True,18,32,117.4877,success,,0.7794426919032598,0.7256163646216345,0.7382540543665863,0.4690822835183457,0.8396636710685351,0.7715925857805837,34.0,0.4535481333732605,44.0,0.1608429253101349,44.0,scarf,internal_stratified_val,50.0,paper_faithful_core,SCARF,"{g:32,h:18}","{g:2466,h:1338}","{g:9866,h:5350}","{g:9834,h:5332}","{g:6,h:4}"
2026-07-07T12:02:24.619382+00:00,MagicTelescope,1120,scarf,1,100,15116,80,20,3804,2,10,10,,,,,,,,,,,,,,,stratified_labeled_val,2,True,37,63,111.7099,success,,0.7626182965299685,0.7242634356394954,0.7307337538366387,0.51646734177111,0.791064607208105,0.7255782682637523,18.0,0.4491878449916839,28.0,0.2571006119251251,28.0,scarf,internal_stratified_val,50.0,paper_faithful_core,SCARF,"{g:63,h:37}","{g:2466,h:1338}","{g:9866,h:5350}","{g:9803,h:5313}","{g:13,h:7}"
2026-07-07T12:04:16.336053+00:00,MagicTelescope,1120,scarf,1,250,14966,200,50,3804,2,10,10,,,,,,,,,,,,,,,stratified_labeled_val,2,True,89,161,113.4585,success,,0.7841745531019979,0.713881887845097,0.7297567694627651,0.4672361715115544,0.8368223383607497,0.7854413051034492,18.0,0.5831189155578613,28.0,0.3181509971618652,28.0,scarf,internal_stratified_val,50.0,paper_faithful_core,SCARF,"{g:161,h:89}","{g:2466,h:1338}","{g:9866,h:5350}","{g:9705,h:5261}","{g:32,h:18}"
2026-07-07T12:06:09.805148+00:00,MagicTelescope,1120,scarf,1,500,14716,400,100,3804,2,10,10,,,,,,,,,,,,,,,stratified_labeled_val,2,True,177,323,113.6006,success,,0.842534174553102,0.8141059212464403,0.8223223721603481,0.3815836928755297,0.8956729306308697,0.8602011524741299,42.0,0.3545895516872406,52.0,0.2348623946309089,52.0,scarf,internal_stratified_val,50.0,paper_faithful_core,SCARF,"{g:323,h:177}","{g:2466,h:1338}","{g:9866,h:5350}","{g:9543,h:5173}","{g:65,h:35}"
2026-07-07T12:08:03.410908+00:00,MagicTelescope,1120,scarf,2,50,15166,40,10,3804,2,10,10,,,,,,,,,,,,,,,stratified_labeled_val,2,True,18,32,136.7194,success,,0.7279179810725552,0.6472446801159446,0.6532739960076409,0.5725393621197455,0.7307595556670874,0.6413685263688355,13.0,0.6382932066917419,23.0,0.2325125783681869,23.0,scarf,internal_stratified_val,50.0,paper_faithful_core,SCARF,"{g:32,h:18}","{g:2466,h:1338}","{g:9866,h:5350}","{g:9834,h:5332}","{g:6,h:4}"
2026-07-07T12:10:20.134405+00:00,MagicTelescope,1120,scarf,2,100,15116,80,20,3804,2,10,10,,,,,,,,,,,,,,,stratified_labeled_val,2,True,37,63,123.6552,success,,0.7741850683491062,0.7227577566109857,0.7342259823692814,0.7483680477828785,0.8066817840720495,0.7372259791673252,40.0,0.3548654913902282,50.0,0.1177530139684677,50.0,scarf,internal_stratified_val,50.0,paper_faithful_core,SCARF,"{g:63,h:37}","{g:2466,h:1338}","{g:9866,h:5350}","{g:9803,h:5313}","{g:13,h:7}"
2026-07-07T12:12:23.797163+00:00,MagicTelescope,1120,scarf,2,250,14966,200,50,3804,2,10,10,,,,,,,,,,,,,,,stratified_labeled_val,2,True,89,161,137.1728,success,,0.8220294426919033,0.7861544812135628,0.7965149671614435,0.4544505433378104,0.8663370417650146,0.8227323650901928,50.0,0.3623156547546386,60.0,0.1247135996818542,60.0,scarf,internal_stratified_val,50.0,paper_faithful_core,SCARF,"{g:161,h:89}","{g:2466,h:1338}","{g:9866,h:5350}","{g:9705,h:5261}","{g:32,h:18}"
2026-07-07T12:14:40.977914+00:00,MagicTelescope,1120,scarf,2,500,14716,400,100,3804,2,10,10,,,,,,,,,,,,,,,stratified_labeled_val,2,True,177,323,114.7208,success,,0.825446898002103,0.7838332260446103,0.797277813929911,0.404979009522098,0.88049763782964,0.8362147198071413,23.0,0.3732616305351257,33.0,0.2444564923644065,33.0,scarf,internal_stratified_val,50.0,paper_faithful_core,SCARF,"{g:323,h:177}","{g:2466,h:1338}","{g:9866,h:5350}","{g:9543,h:5173}","{g:65,h:35}"
2026-07-07T12:16:35.704927+00:00,MagicTelescope,1120,vime,0,50,15166,40,10,3804,2,10,10,,,,,,,,,,,,,,,stratified_labeled_val,2,True,18,32,142.9271,success,,0.7560462670872765,0.692015900552446,0.7034519118428308,0.5775876606002147,0.76812421730755,0.6999927342594363,23.0,0.3444425761699676,33.0,0.171592965722084,33.0,vime,internal_stratified_val,50.0,paper_faithful_core,VIME,"{g:32,h:18}","{g:2466,h:1338}","{g:9866,h:5350}","{g:9834,h:5332}","{g:6,h:4}"
2026-07-07T12:18:58.639526+00:00,MagicTelescope,1120,vime,0,100,15116,80,20,3804,2,10,10,,,,,,,,,,,,,,,stratified_labeled_val,2,True,37,63,130.0281,success,,0.7636698212407992,0.7052460548663619,0.716983750670652,0.5137818277999313,0.8120565247909689,0.7422915187487305,15.0,0.5402165055274963,25.0,0.3158637881278991,25.0,vime,internal_stratified_val,50.0,paper_faithful_core,VIME,"{g:63,h:37}","{g:2466,h:1338}","{g:9866,h:5350}","{g:9803,h:5313}","{g:13,h:7}"
2026-07-07T12:21:08.674659+00:00,MagicTelescope,1120,vime,0,250,14966,200,50,3804,2,10,10,,,,,,,,,,,,,,,stratified_labeled_val,2,True,89,161,124.2076,success,,0.8338590956887487,0.8012612789543169,0.8110368119048644,0.4546694663580341,0.8790443908606981,0.833033111345667,77.0,0.2698885798454284,87.0,0.1202328652143478,87.0,vime,internal_stratified_val,50.0,paper_faithful_core,VIME,"{g:161,h:89}","{g:2466,h:1338}","{g:9866,h:5350}","{g:9705,h:5261}","{g:32,h:18}"
2026-07-07T12:23:12.889253+00:00,MagicTelescope,1120,vime,0,500,14716,400,100,3804,2,10,10,,,,,,,,,,,,,,,stratified_labeled_val,2,True,177,323,129.0324,success,,0.8422712933753943,0.8109972759575064,0.8208274718649518,0.3877315596561343,0.8945003315645849,0.8453100669894021,30.0,0.3285152018070221,40.0,0.2704846113920212,40.0,vime,internal_stratified_val,50.0,paper_faithful_core,VIME,"{g:323,h:177}","{g:2466,h:1338}","{g:9866,h:5350}","{g:9543,h:5173}","{g:65,h:35}"
2026-07-07T12:25:21.929515+00:00,MagicTelescope,1120,vime,1,50,15166,40,10,3804,2,10,10,,,,,,,,,,,,,,,stratified_labeled_val,2,True,18,32,100.8239,success,,0.7647213459516299,0.6981940943922549,0.7109259280486112,0.51609831897496,0.8148563361567845,0.7429257453628162,34.0,0.4156374633312225,44.0,0.1812829226255417,44.0,vime,internal_stratified_val,50.0,paper_faithful_core,VIME,"{g:32,h:18}","{g:2466,h:1338}","{g:9866,h:5350}","{g:9834,h:5332}","{g:6,h:4}"
2026-07-07T12:27:02.760304+00:00,MagicTelescope,1120,vime,1,100,15116,80,20,3804,2,10,10,,,,,,,,,,,,,,,stratified_labeled_val,2,True,37,63,124.425,success,,0.7718191377497371,0.7164886401245276,0.7286004412920764,0.4859163054926207,0.8097464834151031,0.7499075828310008,21.0,0.4011389315128326,31.0,0.2873992919921875,31.0,vime,internal_stratified_val,50.0,paper_faithful_core,VIME,"{g:63,h:37}","{g:2466,h:1338}","{g:9866,h:5350}","{g:9803,h:5313}","{g:13,h:7}"
2026-07-07T12:29:07.192832+00:00,MagicTelescope,1120,vime,1,250,14966,200,50,3804,2,10,10,,,,,,,,,,,,,,,stratified_labeled_val,2,True,89,161,115.6105,success,,0.7899579390115667,0.7246671321906175,0.7409176797534069,0.4732688058361513,0.8242086395911148,0.7793174686231239,20.0,0.5860757827758789,30.0,0.3422635495662689,30.0,vime,internal_stratified_val,50.0,paper_faithful_core,VIME,"{g:161,h:89}","{g:2466,h:1338}","{g:9866,h:5350}","{g:9705,h:5261}","{g:32,h:18}"
2026-07-07T12:31:02.810572+00:00,MagicTelescope,1120,vime,1,500,14716,400,100,3804,2,10,10,,,,,,,,,,,,,,,stratified_labeled_val,2,True,177,323,102.4131,success,,0.8406940063091483,0.8162762448219554,0.8219582534604708,0.378096698018141,0.9008676445094238,0.8666033669236742,60.0,0.3564218878746032,70.0,0.1742410734295845,70.0,vime,internal_stratified_val,50.0,paper_faithful_core,VIME,"{g:323,h:177}","{g:2466,h:1338}","{g:9866,h:5350}","{g:9543,h:5173}","{g:65,h:35}"
2026-07-07T12:32:45.230828+00:00,MagicTelescope,1120,vime,2,50,15166,40,10,3804,2,10,10,,,,,,,,,,,,,,,stratified_labeled_val,2,True,18,32,109.9177,success,,0.7631440588853838,0.7144128761015278,0.7241005244048071,0.508184742736504,0.8055576770839774,0.7071815503751592,22.0,0.4991625845432281,32.0,0.2010043561458587,32.0,vime,internal_stratified_val,50.0,paper_faithful_core,VIME,"{g:32,h:18}","{g:2466,h:1338}","{g:9866,h:5350}","{g:9834,h:5332}","{g:6,h:4}"
2026-07-07T12:34:35.157998+00:00,MagicTelescope,1120,vime,2,100,15116,80,20,3804,2,10,10,,,,,,,,,,,,,,,stratified_labeled_val,2,True,37,63,137.4377,success,,0.7760252365930599,0.7255445357307817,0.7369580708466504,0.618098381815801,0.8055167618929853,0.7366321256831692,30.0,0.4625250101089477,40.0,0.15963876247406,40.0,vime,internal_stratified_val,50.0,paper_faithful_core,VIME,"{g:63,h:37}","{g:2466,h:1338}","{g:9866,h:5350}","{g:9803,h:5313}","{g:13,h:7}"
2026-07-07T12:36:52.602688+00:00,MagicTelescope,1120,vime,2,250,14966,200,50,3804,2,10,10,,,,,,,,,,,,,,,stratified_labeled_val,2,True,89,161,127.2605,success,,0.8086225026288117,0.7729079608232501,0.7819699632705261,0.4813059156936176,0.8529198898744903,0.8086042466965426,41.0,0.3966857492923736,51.0,0.1304150819778442,51.0,vime,internal_stratified_val,50.0,paper_faithful_core,VIME,"{g:161,h:89}","{g:2466,h:1338}","{g:9866,h:5350}","{g:9705,h:5261}","{g:32,h:18}"
2026-07-07T12:38:59.870760+00:00,MagicTelescope,1120,vime,2,500,14716,400,100,3804,2,10,10,,,,,,,,,,,,,,,stratified_labeled_val,2,True,177,323,118.5026,success,,0.8307045215562566,0.7882302452365626,0.8026611761180469,0.3961246201089329,0.8848522264531561,0.8395814265276265,23.0,0.332231730222702,33.0,0.2649666517972946,33.0,vime,internal_stratified_val,50.0,paper_faithful_core,VIME,"{g:323,h:177}","{g:2466,h:1338}","{g:9866,h:5350}","{g:9543,h:5173}","{g:65,h:35}"
2026-07-07T12:41:47.634269+00:00,bank-marketing,1461,logistic_regression,0,50,36118,40,10,9043,2,16,51,,,,,,,,,,,,,,,stratified_labeled_val,2,True,8,42,0.7138,success,,0.8564635629768882,0.562456602822163,0.5732194409660563,0.3828436434268951,0.7318925016542123,0.234142896652921,,,,,,,,,,,"{1:42,2:8}","{1:7985,2:1058}","{1:31937,2:4231}","{1:31895,2:4223}","{1:8,2:2}"
2026-07-07T12:41:48.358009+00:00,bank-marketing,1461,logistic_regression,0,100,36068,80,20,9043,2,16,51,,,,,,,,,,,,,,,stratified_labeled_val,2,True,16,84,0.6099,success,,0.8772531239632865,0.6254752235110018,0.6467183269075965,0.337941974401474,0.7789282361895473,0.3492630870387332,,,,,,,,,,,"{1:84,2:16}","{1:7985,2:1058}","{1:31937,2:4231}","{1:31853,2:4215}","{1:17,2:3}"
2026-07-07T12:41:48.975240+00:00,bank-marketing,1461,logistic_regression,0,250,35918,200,50,9043,2,16,51,,,,,,,,,,,,,,,stratified_labeled_val,2,True,33,217,0.718,success,,0.8751520513104059,0.6439641672180707,0.6605840361234397,0.3355173468589782,0.821141779305006,0.367858084281367,,,,,,,,,,,"{1:217,2:33}","{1:7985,2:1058}","{1:31937,2:4231}","{1:31720,2:4198}","{1:43,2:7}"
2026-07-07T12:41:49.703275+00:00,bank-marketing,1461,logistic_regression,0,500,35668,400,100,9043,2,16,51,,,,,,,,,,,,,,,stratified_labeled_val,2,True,62,438,0.7276,success,,0.8901913081941834,0.6610895547298633,0.6873276000478148,0.288833886384964,0.8425930945664898,0.4342715735152481,,,,,,,,,,,"{1:438,2:62}","{1:7985,2:1058}","{1:31937,2:4231}","{1:31499,2:4169}","{1:88,2:12}"
2026-07-07T12:41:50.438024+00:00,bank-marketing,1461,logistic_regression,1,50,36118,40,10,9043,2,16,51,,,,,,,,,,,,,,,stratified_labeled_val,2,True,8,42,0.8001,success,,0.8920712153046555,0.6240266189085631,0.6568532402720302,0.2803277969360351,0.8589402625196346,0.4386818036480679,,,,,,,,,,,"{1:42,2:8}","{1:7985,2:1058}","{1:31937,2:4231}","{1:31895,2:4223}","{1:8,2:2}"
2026-07-07T12:41:51.247682+00:00,bank-marketing,1461,logistic_regression,1,100,36068,80,20,9043,2,16,51,,,,,,,,,,,,,,,stratified_labeled_val,2,True,16,84,0.7923,success,,0.872055733716687,0.6368812388066944,0.6524984883839301,0.3250400125980377,0.8025847140136337,0.3500087575215618,,,,,,,,,,,"{1:84,2:16}","{1:7985,2:1058}","{1:31937,2:4231}","{1:31853,2:4215}","{1:17,2:3}"
2026-07-07T12:41:52.052530+00:00,bank-marketing,1461,logistic_regression,1,250,35918,200,50,9043,2,16,51,,,,,,,,,,,,,,,stratified_labeled_val,2,True,33,217,1.0525,success,,0.8941722879575362,0.604717730432652,0.6382741488859193,0.2772629857063293,0.83359003708513,0.4435955296337773,,,,,,,,,,,"{1:217,2:33}","{1:7985,2:1058}","{1:31937,2:4231}","{1:31720,2:4198}","{1:43,2:7}"
2026-07-07T12:41:53.116937+00:00,bank-marketing,1461,logistic_regression,1,500,35668,400,100,9043,2,16,51,,,,,,,,,,,,,,,stratified_labeled_val,2,True,62,438,0.9716,success,,0.894061705186332,0.6378628761631273,0.6715700442799952,0.2637133300304413,0.8762275201731035,0.4711828936915576,,,,,,,,,,,"{1:438,2:62}","{1:7985,2:1058}","{1:31937,2:4231}","{1:31499,2:4169}","{1:88,2:12}"
2026-07-07T12:41:54.099745+00:00,bank-marketing,1461,logistic_regression,2,50,36118,40,10,9043,2,16,51,,,,,,,,,,,,,,,stratified_labeled_val,2,True,8,42,0.8637,success,,0.8444100409156253,0.6306562517385504,0.6287947156312758,0.3757358193397522,0.7524706651057689,0.3176852568787396,,,,,,,,,,,"{1:42,2:8}","{1:7985,2:1058}","{1:31937,2:4231}","{1:31895,2:4223}","{1:8,2:2}"
2026-07-07T12:41:54.973421+00:00,bank-marketing,1461,logistic_regression,2,100,36068,80,20,9043,2,16,51,,,,,,,,,,,,,,,stratified_labeled_val,2,True,16,84,1.0407,success,,0.880128276014597,0.6574412325567907,0.6751989704562835,0.3276136517524719,0.8042701165820128,0.4015997022124493,,,,,,,,,,,"{1:84,2:16}","{1:7985,2:1058}","{1:31937,2:4231}","{1:31853,2:4215}","{1:17,2:3}"
2026-07-07T12:41:56.026334+00:00,bank-marketing,1461,logistic_regression,2,250,35918,200,50,9043,2,16,51,,,,,,,,,,,,,,,stratified_labeled_val,2,True,33,217,0.9176,success,,0.8959416122968041,0.6668054942336351,0.6975474884851978,0.2759824991226196,0.864156446456198,0.4747085479181068,,,,,,,,,,,"{1:217,2:33}","{1:7985,2:1058}","{1:31937,2:4231}","{1:31720,2:4198}","{1:43,2:7}"
2026-07-07T12:41:56.954100+00:00,bank-marketing,1461,logistic_regression,2,500,35668,400,100,9043,2,16,51,,,,,,,,,,,,,,,stratified_labeled_val,2,True,62,438,0.8823,success,,0.8952781156695787,0.6496209220265313,0.6830112205616785,0.2684038281440735,0.8725694325253042,0.4802791938489744,,,,,,,,,,,"{1:438,2:62}","{1:7985,2:1058}","{1:31937,2:4231}","{1:31499,2:4169}","{1:88,2:12}"
2026-07-07T12:41:57.847843+00:00,bank-marketing,1461,random_forest,0,50,36118,40,10,9043,2,16,51,,,,,,,,,,,,,,,stratified_labeled_val,2,True,8,42,2.819,success,,0.8754837996240186,0.5096810773508457,0.4951463252008721,0.3546183748614124,0.6696894460667626,0.1905306633281053,,,,,,,,,,,"{1:42,2:8}","{1:7985,2:1058}","{1:31937,2:4231}","{1:31895,2:4223}","{1:8,2:2}"
2026-07-07T12:42:00.681816+00:00,bank-marketing,1461,random_forest,0,100,36068,80,20,9043,2,16,51,,,,,,,,,,,,,,,stratified_labeled_val,2,True,16,84,3.0196,success,,0.8848833351763795,0.5289426180705079,0.5269915781378184,0.3043814700663509,0.7978676937973257,0.3590823427903744,,,,,,,,,,,"{1:84,2:16}","{1:7985,2:1058}","{1:31937,2:4231}","{1:31853,2:4215}","{1:17,2:3}"
2026-07-07T12:42:03.711342+00:00,bank-marketing,1461,random_forest,0,250,35918,200,50,9043,2,16,51,,,,,,,,,,,,,,,stratified_labeled_val,2,True,33,217,1.9734,success,,0.8885325666261197,0.5642167556607203,0.5840530639735556,0.2783262559825781,0.8387546711520776,0.4138235681828627,,,,,,,,,,,"{1:217,2:33}","{1:7985,2:1058}","{1:31937,2:4231}","{1:31720,2:4198}","{1:43,2:7}"
2026-07-07T12:42:05.693904+00:00,bank-marketing,1461,random_forest,0,500,35668,400,100,9043,2,16,51,,,,,,,,,,,,,,,stratified_labeled_val,2,True,62,438,2.4062,success,,0.8932876257879022,0.5968372882519564,0.6286264900431711,0.2548542509960358,0.8741784276520368,0.5065516300453756,,,,,,,,,,,"{1:438,2:62}","{1:7985,2:1058}","{1:31937,2:4231}","{1:31499,2:4169}","{1:88,2:12}"
2026-07-07T12:42:08.115787+00:00,bank-marketing,1461,random_forest,1,50,36118,40,10,9043,2,16,51,,,,,,,,,,,,,,,stratified_labeled_val,2,True,8,42,3.3167,success,,0.8897489771093664,0.5521964032276966,0.5661222375688946,0.2837200450675109,0.8300987319087182,0.4372773840459161,,,,,,,,,,,"{1:42,2:8}","{1:7985,2:1058}","{1:31937,2:4231}","{1:31895,2:4223}","{1:8,2:2}"
2026-07-07T12:42:11.446920+00:00,bank-marketing,1461,random_forest,1,100,36068,80,20,9043,2,16,51,,,,,,,,,,,,,,,stratified_labeled_val,2,True,16,84,2.7946,success,,0.8917394669910428,0.5930908378540577,0.6232386878261809,0.2962575699385931,0.8339329532097636,0.4275696098288547,,,,,,,,,,,"{1:84,2:16}","{1:7985,2:1058}","{1:31937,2:4231}","{1:31853,2:4215}","{1:17,2:3}"
2026-07-07T12:42:14.253685+00:00,bank-marketing,1461,random_forest,1,250,35918,200,50,9043,2,16,51,,,,,,,,,,,,,,,stratified_labeled_val,2,True,33,217,3.2432,success,,0.8928452947030853,0.5674787793274961,0.5899905319446852,0.2632490786099461,0.8637899748228307,0.4858755518192328,,,,,,,,,,,"{1:217,2:33}","{1:7985,2:1058}","{1:31937,2:4231}","{1:31720,2:4198}","{1:43,2:7}"
2026-07-07T12:42:17.515367+00:00,bank-marketing,1461,random_forest,1,500,35668,400,100,9043,2,16,51,,,,,,,,,,,,,,,stratified_labeled_val,2,True,62,438,3.6398,success,,0.8896383943381622,0.5603332335084805,0.5786390710679484,0.2486718219837248,0.8924456654904696,0.5103920373977175,,,,,,,,,,,"{1:438,2:62}","{1:7985,2:1058}","{1:31937,2:4231}","{1:31499,2:4169}","{1:88,2:12}"
2026-07-07T12:42:21.169732+00:00,bank-marketing,1461,random_forest,2,50,36118,40,10,9043,2,16,51,,,,,,,,,,,,,,,stratified_labeled_val,2,True,8,42,3.5923,success,,0.8785801172177374,0.5819496148851876,0.603303667314429,0.3566534438916872,0.7209634558180331,0.2944859632015265,,,,,,,,,,,"{1:42,2:8}","{1:7985,2:1058}","{1:31937,2:4231}","{1:31895,2:4223}","{1:8,2:2}"
2026-07-07T12:42:24.779546+00:00,bank-marketing,1461,random_forest,2,100,36068,80,20,9043,2,16,51,,,,,,,,,,,,,,,stratified_labeled_val,2,True,16,84,3.1964,success,,0.8901913081941834,0.5737654368481546,0.5978953999527757,0.3025622646463609,0.8130660868144786,0.4178001460023087,,,,,,,,,,,"{1:84,2:16}","{1:7985,2:1058}","{1:31937,2:4231}","{1:31853,2:4215}","{1:17,2:3}"
2026-07-07T12:42:27.987154+00:00,bank-marketing,1461,random_forest,2,250,35918,200,50,9043,2,16,51,,,,,,,,,,,,,,,stratified_labeled_val,2,True,33,217,3.2554,success,,0.8929558774742895,0.5950095464913537,0.6262573475137916,0.2705311271613841,0.8505914918449409,0.4776312991040376,,,,,,,,,,,"{1:217,2:33}","{1:7985,2:1058}","{1:31937,2:4231}","{1:31720,2:4198}","{1:43,2:7}"
2026-07-07T12:42:31.253569+00:00,bank-marketing,1461,random_forest,2,500,35668,400,100,9043,2,16,51,,,,,,,,,,,,,,,stratified_labeled_val,2,True,62,438,3.6062,success,,0.894061705186332,0.6124445883290148,0.6466362053746968,0.2699291005042334,0.8564508950501472,0.4765458546391666,,,,,,,,,,,"{1:438,2:62}","{1:7985,2:1058}","{1:31937,2:4231}","{1:31499,2:4169}","{1:88,2:12}"
2026-07-07T12:42:34.869680+00:00,bank-marketing,1461,xgboost,0,50,36118,40,10,9043,2,16,51,,,,,,,,,,,,,,,stratified_labeled_val,2,True,8,42,4.074,success,,0.8048214088245051,0.5008264550853265,0.5006053568961798,0.5368974804878235,0.5131614925433202,0.1228392329543441,,,,,,,,,,,"{1:42,2:8}","{1:7985,2:1058}","{1:31937,2:4231}","{1:31895,2:4223}","{1:8,2:2}"
2026-07-07T12:42:38.958881+00:00,bank-marketing,1461,xgboost,0,100,36068,80,20,9043,2,16,51,,,,,,,,,,,,,,,stratified_labeled_val,2,True,16,84,2.6069,success,,0.8514873382726971,0.5698881290889226,0.5796772429026024,0.4151073694229126,0.7213404031424706,0.2387874689521935,,,,,,,,,,,"{1:84,2:16}","{1:7985,2:1058}","{1:31937,2:4231}","{1:31853,2:4215}","{1:17,2:3}"
2026-07-07T12:42:41.582111+00:00,bank-marketing,1461,xgboost,0,250,35918,200,50,9043,2,16,51,,,,,,,,,,,,,,,stratified_labeled_val,2,True,33,217,3.7783,success,,0.8722768992590955,0.6066685171748067,0.626036064598837,0.3461616635322571,0.8172961945424608,0.3651006363624494,,,,,,,,,,,"{1:217,2:33}","{1:7985,2:1058}","{1:31937,2:4231}","{1:31720,2:4198}","{1:43,2:7}"
2026-07-07T12:42:45.376716+00:00,bank-marketing,1461,xgboost,0,500,35668,400,100,9043,2,16,51,,,,,,,,,,,,,,,stratified_labeled_val,2,True,62,438,3.0123,success,,0.8825610969810903,0.6481595335299054,0.6701108828722374,0.3204201757907867,0.8517295543510812,0.4315008564933885,,,,,,,,,,,"{1:438,2:62}","{1:7985,2:1058}","{1:31937,2:4231}","{1:31499,2:4169}","{1:88,2:12}"
2026-07-07T12:42:48.404000+00:00,bank-marketing,1461,xgboost,1,50,36118,40,10,9043,2,16,51,,,,,,,,,,,,,,,stratified_labeled_val,2,True,8,42,2.6337,success,,0.8694017472077851,0.5550238336768019,0.5673172961173272,0.430659681558609,0.7371460903182124,0.2732544087347942,,,,,,,,,,,"{1:42,2:8}","{1:7985,2:1058}","{1:31937,2:4231}","{1:31895,2:4223}","{1:8,2:2}"
2026-07-07T12:42:51.051756+00:00,bank-marketing,1461,xgboost,1,100,36068,80,20,9043,2,16,51,,,,,,,,,,,,,,,stratified_labeled_val,2,True,16,84,2.6286,success,,0.8195289173946699,0.6100077768689639,0.6000412799740525,0.4737800061702728,0.7016838637663009,0.2354694719905031,,,,,,,,,,,"{1:84,2:16}","{1:7985,2:1058}","{1:31937,2:4231}","{1:31853,2:4215}","{1:17,2:3}"
2026-07-07T12:42:53.693124+00:00,bank-marketing,1461,xgboost,1,250,35918,200,50,9043,2,16,51,,,,,,,,,,,,,,,stratified_labeled_val,2,True,33,217,2.8686,success,,0.8879796527700984,0.604080962295798,0.6333510949745629,0.3073432147502899,0.8470094565306168,0.4277139710283722,,,,,,,,,,,"{1:217,2:33}","{1:7985,2:1058}","{1:31937,2:4231}","{1:31720,2:4198}","{1:43,2:7}"
2026-07-07T12:42:56.579895+00:00,bank-marketing,1461,xgboost,1,500,35668,400,100,9043,2,16,51,,,,,,,,,,,,,,,stratified_labeled_val,2,True,62,438,3.842,success,,0.8858785801172178,0.6578275310630873,0.6807025956888786,0.304947555065155,0.8680769590430071,0.4483743456969101,,,,,,,,,,,"{1:438,2:62}","{1:7985,2:1058}","{1:31937,2:4231}","{1:31499,2:4169}","{1:88,2:12}"
2026-07-07T12:43:00.436277+00:00,bank-marketing,1461,xgboost,2,50,36118,40,10,9043,2,16,51,,,,,,,,,,,,,,,stratified_labeled_val,2,True,8,42,3.0008,success,,0.8233993143868186,0.5679223686188541,0.5685621119058031,0.4435981512069702,0.6614264932002705,0.2072571696987016,,,,,,,,,,,"{1:42,2:8}","{1:7985,2:1058}","{1:31937,2:4231}","{1:31895,2:4223}","{1:8,2:2}"
2026-07-07T12:43:03.451674+00:00,bank-marketing,1461,xgboost,2,100,36068,80,20,9043,2,16,51,,,,,,,,,,,,,,,stratified_labeled_val,2,True,16,84,2.7207,success,,0.8525931659847396,0.5996223424592189,0.6085783369266822,0.4547731578350067,0.7216979378868459,0.2679106124654479,,,,,,,,,,,"{1:84,2:16}","{1:7985,2:1058}","{1:31937,2:4231}","{1:31853,2:4215}","{1:17,2:3}"
2026-07-07T12:43:06.184479+00:00,bank-marketing,1461,xgboost,2,250,35918,200,50,9043,2,16,51,,,,,,,,,,,,,,,stratified_labeled_val,2,True,33,217,2.9589,success,,0.8884219838549154,0.6363092779112064,0.6651895119815716,0.3243586421012878,0.8358157367370057,0.4190780083983302,,,,,,,,,,,"{1:217,2:33}","{1:7985,2:1058}","{1:31937,2:4231}","{1:31720,2:4198}","{1:43,2:7}"
2026-07-07T12:43:09.161836+00:00,bank-marketing,1461,xgboost,2,500,35668,400,100,9043,2,16,51,,,,,,,,,,,,,,,stratified_labeled_val,2,True,62,438,4.8555,success,,0.8900807254229791,0.6388884285634809,0.6689103615282909,0.3124014437198639,0.8537517770204768,0.4527744934148958,,,,,,,,,,,"{1:438,2:62}","{1:7985,2:1058}","{1:31937,2:4231}","{1:31499,2:4169}","{1:88,2:12}"
2026-07-07T12:43:14.031489+00:00,bank-marketing,1461,lightgbm,0,50,36118,40,10,9043,2,16,51,,,,,,,,,,,,,,,stratified_labeled_val,2,True,8,42,2.6666,success,,0.8830034280659074,0.5,0.4689335212591026,0.3654613066514426,0.5,0.1169965719340926,,,,,,,,,,,"{1:42,2:8}","{1:7985,2:1058}","{1:31937,2:4231}","{1:31895,2:4223}","{1:8,2:2}"
2026-07-07T12:43:16.706194+00:00,bank-marketing,1461,lightgbm,0,100,36068,80,20,9043,2,16,51,,,,,,,,,,,,,,,stratified_labeled_val,2,True,16,84,2.4778,success,,0.8248368904124738,0.5884150693703813,0.5862493991939957,0.5588257670976553,0.6912053318308312,0.2174996346459152,,,,,,,,,,,"{1:84,2:16}","{1:7985,2:1058}","{1:31937,2:4231}","{1:31853,2:4215}","{1:17,2:3}"
2026-07-07T12:43:19.197875+00:00,bank-marketing,1461,lightgbm,0,250,35918,200,50,9043,2,16,51,,,,,,,,,,,,,,,stratified_labeled_val,2,True,33,217,4.542,success,,0.8731615614287294,0.6321777718856125,0.6494614523114196,0.5710737064355468,0.8138747273065163,0.3769517064688664,,,,,,,,,,,"{1:217,2:33}","{1:7985,2:1058}","{1:31937,2:4231}","{1:31720,2:4198}","{1:43,2:7}"
2026-07-07T12:43:23.757276+00:00,bank-marketing,1461,lightgbm,0,500,35668,400,100,9043,2,16,51,,,,,,,,,,,,,,,stratified_labeled_val,2,True,62,438,11.7527,success,,0.8806811898706182,0.6614440710547778,0.6786836570246157,0.5986292888296034,0.8347919598775112,0.4167652648477498,,,,,,,,,,,"{1:438,2:62}","{1:7985,2:1058}","{1:31937,2:4231}","{1:31499,2:4169}","{1:88,2:12}"
2026-07-07T12:43:35.523607+00:00,bank-marketing,1461,lightgbm,1,50,36118,40,10,9043,2,16,51,,,,,,,,,,,,,,,stratified_labeled_val,2,True,8,42,1.0084,success,,0.8830034280659074,0.5,0.4689335212591026,0.3654613066514426,0.5,0.1169965719340926,,,,,,,,,,,"{1:42,2:8}","{1:7985,2:1058}","{1:31937,2:4231}","{1:31895,2:4223}","{1:8,2:2}"
2026-07-07T12:43:36.543324+00:00,bank-marketing,1461,lightgbm,1,100,36068,80,20,9043,2,16,51,,,,,,,,,,,,,,,stratified_labeled_val,2,True,16,84,1.4618,success,,0.8164325998009511,0.5951353731535854,0.5877763896068346,0.4895125256260831,0.6898207650687195,0.2206885473330545,,,,,,,,,,,"{1:84,2:16}","{1:7985,2:1058}","{1:31937,2:4231}","{1:31853,2:4215}","{1:17,2:3}"
2026-07-07T12:43:38.017550+00:00,bank-marketing,1461,lightgbm,1,250,35918,200,50,9043,2,16,51,,,,,,,,,,,,,,,stratified_labeled_val,2,True,33,217,4.6622,success,,0.8820081831250691,0.62365807581086,0.6486070533872217,0.5285127375370469,0.8341532386457121,0.3971476269118869,,,,,,,,,,,"{1:217,2:33}","{1:7985,2:1058}","{1:31937,2:4231}","{1:31720,2:4198}","{1:43,2:7}"
2026-07-07T12:43:42.693996+00:00,bank-marketing,1461,lightgbm,1,500,35668,400,100,9043,2,16,51,,,,,,,,,,,,,,,stratified_labeled_val,2,True,62,438,6.1125,success,,0.8841092557779497,0.6601054316162275,0.6808076317345868,0.5720820608583979,0.8635881550118192,0.4429776039132563,,,,,,,,,,,"{1:438,2:62}","{1:7985,2:1058}","{1:31937,2:4231}","{1:31499,2:4169}","{1:88,2:12}"
2026-07-07T12:43:48.822761+00:00,bank-marketing,1461,lightgbm,2,50,36118,40,10,9043,2,16,51,,,,,,,,,,,,,,,stratified_labeled_val,2,True,8,42,1.2401,success,,0.8830034280659074,0.5,0.4689335212591026,0.3650792456989577,0.5278608402096086,0.1233316493797272,,,,,,,,,,,"{1:42,2:8}","{1:7985,2:1058}","{1:31937,2:4231}","{1:31895,2:4223}","{1:8,2:2}"
2026-07-07T12:43:50.076551+00:00,bank-marketing,1461,lightgbm,2,100,36068,80,20,9043,2,16,51,,,,,,,,,,,,,,,stratified_labeled_val,2,True,16,84,1.5613,success,,0.8353422536768771,0.5972335297870653,0.5980726330398558,0.5812124370658442,0.6954159086093609,0.2483256605844179,,,,,,,,,,,"{1:84,2:16}","{1:7985,2:1058}","{1:31937,2:4231}","{1:31853,2:4215}","{1:17,2:3}"
2026-07-07T12:43:51.687773+00:00,bank-marketing,1461,lightgbm,2,250,35918,200,50,9043,2,16,51,,,,,,,,,,,,,,,stratified_labeled_val,2,True,33,217,4.1183,success,,0.8806811898706182,0.6245465564568726,0.648424519866053,0.5507006973414583,0.8188942405005604,0.3917397345215694,,,,,,,,,,,"{1:217,2:33}","{1:7985,2:1058}","{1:31937,2:4231}","{1:31720,2:4198}","{1:43,2:7}"
2026-07-07T12:43:55.823306+00:00,bank-marketing,1461,lightgbm,2,500,35668,400,100,9043,2,16,51,,,,,,,,,,,,,,,stratified_labeled_val,2,True,62,438,5.4587,success,,0.8785801172177374,0.6085978198725635,0.6318619250585064,0.5804861126719614,0.829130115185254,0.3810391401055567,,,,,,,,,,,"{1:438,2:62}","{1:7985,2:1058}","{1:31937,2:4231}","{1:31499,2:4169}","{1:88,2:12}"
2026-07-07T12:44:01.293351+00:00,bank-marketing,1461,catboost,0,50,36118,40,10,9043,2,16,51,,,,,,,,,,,,,,,stratified_labeled_val,2,True,8,42,5.4852,success,,0.837996240185779,0.5462598823644996,0.5513999877759159,0.5673984500875491,0.581223181934937,0.1609860961841708,,,,,,,,,,,"{1:42,2:8}","{1:7985,2:1058}","{1:31937,2:4231}","{1:31895,2:4223}","{1:8,2:2}"
2026-07-07T12:44:06.788328+00:00,bank-marketing,1461,catboost,0,100,36068,80,20,9043,2,16,51,,,,,,,,,,,,,,,stratified_labeled_val,2,True,16,84,3.2069,success,,0.8816764348114564,0.609121190133201,0.6344106294357326,0.3700285114435814,0.8107316056926208,0.3841446460524308,,,,,,,,,,,"{1:84,2:16}","{1:7985,2:1058}","{1:31937,2:4231}","{1:31853,2:4215}","{1:17,2:3}"
2026-07-07T12:44:10.006415+00:00,bank-marketing,1461,catboost,0,250,35918,200,50,9043,2,16,51,,,,,,,,,,,,,,,stratified_labeled_val,2,True,33,217,3.7912,success,,0.8809023554130266,0.6045831444355141,0.6293083534953995,0.3972342231938561,0.817969302082236,0.372266251065146,,,,,,,,,,,"{1:217,2:33}","{1:7985,2:1058}","{1:31937,2:4231}","{1:31720,2:4198}","{1:43,2:7}"
2026-07-07T12:44:13.810311+00:00,bank-marketing,1461,catboost,0,500,35668,400,100,9043,2,16,51,,,,,,,,,,,,,,,stratified_labeled_val,2,True,62,438,3.6455,success,,0.8906336392790003,0.652730604287576,0.6811229984409356,0.3043043749021819,0.8735778213640177,0.4659942505990272,,,,,,,,,,,"{1:438,2:62}","{1:7985,2:1058}","{1:31937,2:4231}","{1:31499,2:4169}","{1:88,2:12}"
2026-07-07T12:44:17.465777+00:00,bank-marketing,1461,catboost,1,50,36118,40,10,9043,2,16,51,,,,,,,,,,,,,,,stratified_labeled_val,2,True,8,42,3.4422,success,,0.8946146190423532,0.6377659908169027,0.6719878002610173,0.4437538769647197,0.8131663456883358,0.4334925222197046,,,,,,,,,,,"{1:42,2:8}","{1:7985,2:1058}","{1:31937,2:4231}","{1:31895,2:4223}","{1:8,2:2}"
2026-07-07T12:44:20.927587+00:00,bank-marketing,1461,catboost,1,100,36068,80,20,9043,2,16,51,,,,,,,,,,,,,,,stratified_labeled_val,2,True,16,84,4.0298,success,,0.8752626340816101,0.6579658456960298,0.6713619633799333,0.3711642375588506,0.7974397884502251,0.3852822059756215,,,,,,,,,,,"{1:84,2:16}","{1:7985,2:1058}","{1:31937,2:4231}","{1:31853,2:4215}","{1:17,2:3}"
2026-07-07T12:44:24.969206+00:00,bank-marketing,1461,catboost,1,250,35918,200,50,9043,2,16,51,,,,,,,,,,,,,,,stratified_labeled_val,2,True,33,217,3.6193,success,,0.8921817980758597,0.5974410313288266,0.6286347884596553,0.3610861198855668,0.8612945113297262,0.4736566277402777,,,,,,,,,,,"{1:217,2:33}","{1:7985,2:1058}","{1:31937,2:4231}","{1:31720,2:4198}","{1:43,2:7}"
2026-07-07T12:44:28.598693+00:00,bank-marketing,1461,catboost,1,500,35668,400,100,9043,2,16,51,,,,,,,,,,,,,,,stratified_labeled_val,2,True,62,438,3.7351,success,,0.8912971359062258,0.6412171095851982,0.6720385197899708,0.2841304695426637,0.8882223640024479,0.4770160968617611,,,,,,,,,,,"{1:438,2:62}","{1:7985,2:1058}","{1:31937,2:4231}","{1:31499,2:4169}","{1:88,2:12}"
2026-07-07T12:44:32.343314+00:00,bank-marketing,1461,catboost,2,50,36118,40,10,9043,2,16,51,,,,,,,,,,,,,,,stratified_labeled_val,2,True,8,42,4.2519,success,,0.7479818644255225,0.5551452806715806,0.5347537466731638,0.6269745248318281,0.6631321961191412,0.2209278943056208,,,,,,,,,,,"{1:42,2:8}","{1:7985,2:1058}","{1:31937,2:4231}","{1:31895,2:4223}","{1:8,2:2}"
2026-07-07T12:44:36.606396+00:00,bank-marketing,1461,catboost,2,100,36068,80,20,9043,2,16,51,,,,,,,,,,,,,,,stratified_labeled_val,2,True,16,84,3.4714,success,,0.8824505142098861,0.6501467780443719,0.6715998892158414,0.3843311245538538,0.8225713856202496,0.4070791083555816,,,,,,,,,,,"{1:84,2:16}","{1:7985,2:1058}","{1:31937,2:4231}","{1:31853,2:4215}","{1:17,2:3}"
2026-07-07T12:44:40.090560+00:00,bank-marketing,1461,catboost,2,250,35918,200,50,9043,2,16,51,,,,,,,,,,,,,,,stratified_labeled_val,2,True,33,217,3.3403,success,,0.8948357845847617,0.6649494030039784,0.6949683949629575,0.3521414677727453,0.8681755607453957,0.4890737923877514,,,,,,,,,,,"{1:217,2:33}","{1:7985,2:1058}","{1:31937,2:4231}","{1:31720,2:4198}","{1:43,2:7}"
2026-07-07T12:44:43.448180+00:00,bank-marketing,1461,catboost,2,500,35668,400,100,9043,2,16,51,,,,,,,,,,,,,,,stratified_labeled_val,2,True,62,438,4.3277,success,,0.8921817980758597,0.6650864747583193,0.6923710189891072,0.3186454866014103,0.8803087783923779,0.49271796824654,,,,,,,,,,,"{1:438,2:62}","{1:7985,2:1058}","{1:31937,2:4231}","{1:31499,2:4169}","{1:88,2:12}"
2026-07-07T12:44:47.788105+00:00,bank-marketing,1461,mlp,0,50,36118,40,10,9043,2,16,51,,,,,,,,,,,,,,,stratified_labeled_val,2,True,8,42,0.6108,success,,0.7679973460134911,0.5021133671001748,0.5006150378140599,0.6473552584648132,0.4303314461306822,0.1150163679530357,,,,,,,,,,,"{1:42,2:8}","{1:7985,2:1058}","{1:31937,2:4231}","{1:31895,2:4223}","{1:8,2:2}"
2026-07-07T12:44:48.411344+00:00,bank-marketing,1461,mlp,0,100,36068,80,20,9043,2,16,51,,,,,,,,,,,,,,,stratified_labeled_val,2,True,16,84,0.819,success,,0.8661948468428619,0.5093408837221965,0.4992840266276565,0.6032463312149048,0.4530338074816556,0.1191724813868451,,,,,,,,,,,"{1:84,2:16}","{1:7985,2:1058}","{1:31937,2:4231}","{1:31853,2:4215}","{1:17,2:3}"
2026-07-07T12:44:49.239252+00:00,bank-marketing,1461,mlp,0,250,35918,200,50,9043,2,16,51,,,,,,,,,,,,,,,stratified_labeled_val,2,True,33,217,0.7018,success,,0.8685170850381511,0.5127057112047281,0.504106820549161,0.5991644263267517,0.45914379868681,0.1235317181783978,,,,,,,,,,,"{1:217,2:33}","{1:7985,2:1058}","{1:31937,2:4231}","{1:31720,2:4198}","{1:43,2:7}"
2026-07-07T12:44:49.953202+00:00,bank-marketing,1461,mlp,0,500,35668,400,100,9043,2,16,51,,,,,,,,,,,,,,,stratified_labeled_val,2,True,62,438,0.6826,success,,0.8827822625234988,0.4998747651847213,0.468871138259133,0.5246366262435913,0.4469698619694536,0.1179045771495532,,,,,,,,,,,"{1:438,2:62}","{1:7985,2:1058}","{1:31937,2:4231}","{1:31499,2:4169}","{1:88,2:12}"
2026-07-07T12:44:50.643458+00:00,bank-marketing,1461,mlp,1,50,36118,40,10,9043,2,16,51,,,,,,,,,,,,,,,stratified_labeled_val,2,True,8,42,0.6711,success,,0.8670795090124959,0.5016423752948878,0.4850278538335122,0.5689437389373779,0.4423517393790105,0.1089785559928641,,,,,,,,,,,"{1:42,2:8}","{1:7985,2:1058}","{1:31937,2:4231}","{1:31895,2:4223}","{1:8,2:2}"
2026-07-07T12:44:51.325043+00:00,bank-marketing,1461,mlp,1,100,36068,80,20,9043,2,16,51,,,,,,,,,,,,,,,stratified_labeled_val,2,True,16,84,0.7443,success,,0.8083600575030411,0.4970905987478886,0.4962533982322361,0.6086746454238892,0.4420088824390722,0.1119286092224956,,,,,,,,,,,"{1:84,2:16}","{1:7985,2:1058}","{1:31937,2:4231}","{1:31853,2:4215}","{1:17,2:3}"
2026-07-07T12:44:52.077640+00:00,bank-marketing,1461,mlp,1,250,35918,200,50,9043,2,16,51,,,,,,,,,,,,,,,stratified_labeled_val,2,True,33,217,0.7099,success,,0.8729403958863209,0.5012713464399814,0.4803821956808,0.5637061595916748,0.4392398672842392,0.1077008032742534,,,,,,,,,,,"{1:217,2:33}","{1:7985,2:1058}","{1:31937,2:4231}","{1:31720,2:4198}","{1:43,2:7}"
2026-07-07T12:44:52.798331+00:00,bank-marketing,1461,mlp,1,500,35668,400,100,9043,2,16,51,,,,,,,,,,,,,,,stratified_labeled_val,2,True,62,438,0.7754,success,,0.8825610969810903,0.4997495303694427,0.4688087406015037,0.5279635190963745,0.4323123578827503,0.1021739704304666,,,,,,,,,,,"{1:438,2:62}","{1:7985,2:1058}","{1:31937,2:4231}","{1:31499,2:4169}","{1:88,2:12}"
2026-07-07T12:44:53.584428+00:00,bank-marketing,1461,mlp,2,50,36118,40,10,9043,2,16,51,,,,,,,,,,,,,,,stratified_labeled_val,2,True,8,42,0.7435,success,,0.8738250580559549,0.496852617088042,0.4706564194829877,0.5847031474113464,0.4980817056555711,0.1160589136882109,,,,,,,,,,,"{1:42,2:8}","{1:7985,2:1058}","{1:31937,2:4231}","{1:31895,2:4223}","{1:8,2:2}"
2026-07-07T12:44:54.337141+00:00,bank-marketing,1461,mlp,2,100,36068,80,20,9043,2,16,51,,,,,,,,,,,,,,,stratified_labeled_val,2,True,16,84,0.6803,success,,0.8741568063695676,0.4982703864642234,0.4733274007437641,0.583906352519989,0.521214221372067,0.1224842321007776,,,,,,,,,,,"{1:84,2:16}","{1:7985,2:1058}","{1:31937,2:4231}","{1:31853,2:4215}","{1:17,2:3}"
2026-07-07T12:44:55.026295+00:00,bank-marketing,1461,mlp,2,250,35918,200,50,9043,2,16,51,,,,,,,,,,,,,,,stratified_labeled_val,2,True,33,217,0.7174,success,,0.8744885546831803,0.4972283215338779,0.4708681993943017,0.5811305642127991,0.5094749962417718,0.1190320429575798,,,,,,,,,,,"{1:217,2:33}","{1:7985,2:1058}","{1:31937,2:4231}","{1:31720,2:4198}","{1:43,2:7}"
2026-07-07T12:44:55.750690+00:00,bank-marketing,1461,mlp,2,500,35668,400,100,9043,2,16,51,,,,,,,,,,,,,,,stratified_labeled_val,2,True,62,438,0.776,success,,0.8813446864978436,0.4990607388854101,0.4684652912478693,0.5442956686019897,0.5196167672609204,0.1234992160891734,,,,,,,,,,,"{1:438,2:62}","{1:7985,2:1058}","{1:31937,2:4231}","{1:31499,2:4169}","{1:88,2:12}"
2026-07-07T12:44:56.531528+00:00,bank-marketing,1461,label_spreading,0,50,36118,40,10,9043,2,16,51,,,,,,,,,,,30.0,2.0,20000.0,19960.0,stratified_labeled_val,2,True,8,42,27.2232,success,,0.8451841203140551,0.5368009251751571,0.541645318151051,0.4602484288436417,0.6561059074611778,0.1793746793975122,,,,,,,,,,,"{1:42,2:8}","{1:7985,2:1058}","{1:31937,2:4231}","{1:31895,2:4223}","{1:8,2:2}"
2026-07-07T12:45:23.762475+00:00,bank-marketing,1461,label_spreading,0,100,36068,80,20,9043,2,16,51,,,,,,,,,,,30.0,2.0,20000.0,19920.0,stratified_labeled_val,2,True,16,84,24.6458,success,,0.8663054296140661,0.5549104358005855,0.5665890030341977,0.3908116393479023,0.7364092408615872,0.2596693122730527,,,,,,,,,,,"{1:84,2:16}","{1:7985,2:1058}","{1:31937,2:4231}","{1:31853,2:4215}","{1:17,2:3}"
2026-07-07T12:45:48.418447+00:00,bank-marketing,1461,label_spreading,0,250,35918,200,50,9043,2,16,51,,,,,,,,,,,15.0,1.0,20000.0,19800.0,stratified_labeled_val,2,True,33,217,17.6743,success,,0.8686276678093553,0.5488458984414302,0.5590757531730044,0.4188971710954544,0.7487135614627143,0.2596645770865298,,,,,,,,,,,"{1:217,2:33}","{1:7985,2:1058}","{1:31937,2:4231}","{1:31720,2:4198}","{1:43,2:7}"
2026-07-07T12:46:06.100082+00:00,bank-marketing,1461,label_spreading,0,500,35668,400,100,9043,2,16,51,,,,,,,,,,,15.0,1.0,20000.0,19600.0,stratified_labeled_val,2,True,62,438,17.5178,success,,0.8789118655313503,0.5595889859649413,0.5752827217255435,0.3839784272018798,0.7989700679321932,0.3288721730296902,,,,,,,,,,,"{1:438,2:62}","{1:7985,2:1058}","{1:31937,2:4231}","{1:31499,2:4169}","{1:88,2:12}"
2026-07-07T12:46:23.625430+00:00,bank-marketing,1461,label_spreading,1,50,36118,40,10,9043,2,16,51,,,,,,,,,,,30.0,2.0,20000.0,19960.0,stratified_labeled_val,2,True,8,42,23.5323,success,,0.8844410040915626,0.6016672328669185,0.6284791447397415,0.404025670477206,0.7812251942145776,0.3561065953268205,,,,,,,,,,,"{1:42,2:8}","{1:7985,2:1058}","{1:31937,2:4231}","{1:31895,2:4223}","{1:8,2:2}"
2026-07-07T12:46:47.167595+00:00,bank-marketing,1461,label_spreading,1,100,36068,80,20,9043,2,16,51,,,,,,,,,,,30.0,2.0,20000.0,19920.0,stratified_labeled_val,2,True,16,84,23.7196,success,,0.8664160123852703,0.6025298498010803,0.6186616309078078,0.3618639409346905,0.7611968565824626,0.300701732877678,,,,,,,,,,,"{1:84,2:16}","{1:7985,2:1058}","{1:31937,2:4231}","{1:31853,2:4215}","{1:17,2:3}"
2026-07-07T12:47:10.894049+00:00,bank-marketing,1461,label_spreading,1,250,35918,200,50,9043,2,16,51,,,,,,,,,,,15.0,1.0,20000.0,19800.0,stratified_labeled_val,2,True,33,217,19.1773,success,,0.8807917726418224,0.5577836752038617,0.5731804346150882,0.4064980765231909,0.7918368917144979,0.3106981920643094,,,,,,,,,,,"{1:217,2:33}","{1:7985,2:1058}","{1:31937,2:4231}","{1:31720,2:4198}","{1:43,2:7}"
2026-07-07T12:47:30.081152+00:00,bank-marketing,1461,label_spreading,1,500,35668,400,100,9043,2,16,51,,,,,,,,,,,15.0,1.0,20000.0,19600.0,stratified_labeled_val,2,True,62,438,19.8105,success,,0.8845515868627668,0.5566328879882294,0.5722164525232313,0.3371533407481729,0.8251746836282112,0.3598273467776681,,,,,,,,,,,"{1:438,2:62}","{1:7985,2:1058}","{1:31937,2:4231}","{1:31499,2:4169}","{1:88,2:12}"
2026-07-07T12:47:49.898937+00:00,bank-marketing,1461,label_spreading,2,50,36118,40,10,9043,2,16,51,,,,,,,,,,,30.0,2.0,20000.0,19960.0,stratified_labeled_val,2,True,8,42,25.6143,success,,0.8354528364480814,0.5677781355163806,0.572353457152664,0.4850372496432721,0.7118481841543631,0.2043711288041436,,,,,,,,,,,"{1:42,2:8}","{1:7985,2:1058}","{1:31937,2:4231}","{1:31895,2:4223}","{1:8,2:2}"
2026-07-07T12:48:15.520284+00:00,bank-marketing,1461,label_spreading,2,100,36068,80,20,9043,2,16,51,,,,,,,,,,,15.0,1.0,20000.0,19920.0,stratified_labeled_val,2,True,16,84,19.6841,success,,0.8051531571381179,0.5522608553608905,0.549717166003582,0.6661913672642289,0.6573554147485894,0.1684415559848612,,,,,,,,,,,"{1:84,2:16}","{1:7985,2:1058}","{1:31937,2:4231}","{1:31853,2:4215}","{1:17,2:3}"
2026-07-07T12:48:35.213957+00:00,bank-marketing,1461,label_spreading,2,250,35918,200,50,9043,2,16,51,,,,,,,,,,,15.0,1.0,20000.0,19800.0,stratified_labeled_val,2,True,33,217,20.1008,success,,0.8782483689041247,0.5711024806673193,0.5900905034660573,0.3709082971407106,0.8024678834250893,0.3277910763200026,,,,,,,,,,,"{1:217,2:33}","{1:7985,2:1058}","{1:31937,2:4231}","{1:31720,2:4198}","{1:43,2:7}"
2026-07-07T12:48:55.323601+00:00,bank-marketing,1461,label_spreading,2,500,35668,400,100,9043,2,16,51,,,,,,,,,,,15.0,1.0,20000.0,19600.0,stratified_labeled_val,2,True,62,438,19.8741,success,,0.8809023554130266,0.5705554365285572,0.5903100289482847,0.3551537924406212,0.8138881622323519,0.353110326642465,,,,,,,,,,,"{1:438,2:62}","{1:7985,2:1058}","{1:31937,2:4231}","{1:31499,2:4169}","{1:88,2:12}"
2026-07-07T12:49:15.206573+00:00,bank-marketing,1461,label_propagation,0,50,36118,40,10,9043,2,16,51,,,,,,,,,,,15.0,1.0,20000.0,19960.0,stratified_labeled_val,2,True,8,42,23.7265,success,,0.8771425411920822,0.4991411117016429,0.4725950866085417,0.366555959174731,0.6586584841852575,0.1658217051782626,,,,,,,,,,,"{1:42,2:8}","{1:7985,2:1058}","{1:31937,2:4231}","{1:31895,2:4223}","{1:8,2:2}"
2026-07-07T12:49:38.941785+00:00,bank-marketing,1461,label_propagation,0,100,36068,80,20,9043,2,16,51,,,,,,,,,,,15.0,1.0,20000.0,19920.0,stratified_labeled_val,2,True,16,84,23.3434,success,,0.8813446864978436,0.4990607388854101,0.4684652912478693,0.4069073351414334,0.6129454092207387,0.1390776155658837,,,,,,,,,,,"{1:84,2:16}","{1:7985,2:1058}","{1:31937,2:4231}","{1:31853,2:4215}","{1:17,2:3}"
2026-07-07T12:50:02.466484+00:00,bank-marketing,1461,label_propagation,0,250,35918,200,50,9043,2,16,51,,,,,,,,,,,15.0,1.0,20000.0,19800.0,stratified_labeled_val,2,True,33,217,24.0869,success,,0.8830034280659074,0.5,0.4689335212591026,0.4217623913648675,0.6351590825425272,0.1571801049436263,,,,,,,,,,,"{1:217,2:33}","{1:7985,2:1058}","{1:31937,2:4231}","{1:31720,2:4198}","{1:43,2:7}"
2026-07-07T12:50:26.563859+00:00,bank-marketing,1461,label_propagation,0,500,35668,400,100,9043,2,16,51,,,,,,,,,,,15.0,1.0,20000.0,19600.0,stratified_labeled_val,2,True,62,438,24.6035,success,,0.8830034280659074,0.5,0.4689335212591026,0.4189223642582556,0.7466246376417028,0.2638237584571589,,,,,,,,,,,"{1:438,2:62}","{1:7985,2:1058}","{1:31937,2:4231}","{1:31499,2:4169}","{1:88,2:12}"
2026-07-07T12:50:51.177770+00:00,bank-marketing,1461,label_propagation,1,50,36118,40,10,9043,2,16,51,,,,,,,,,,,15.0,1.0,20000.0,19960.0,stratified_labeled_val,2,True,8,42,21.6913,success,,0.8830034280659074,0.5,0.4689335212591026,0.4246135697673062,0.5814314528777375,0.1470211042476908,,,,,,,,,,,"{1:42,2:8}","{1:7985,2:1058}","{1:31937,2:4231}","{1:31895,2:4223}","{1:8,2:2}"
2026-07-07T12:51:12.879271+00:00,bank-marketing,1461,label_propagation,1,100,36068,80,20,9043,2,16,51,,,,,,,,,,,15.0,1.0,20000.0,19920.0,stratified_labeled_val,2,True,16,84,22.462,success,,0.8830034280659074,0.5,0.4689335212591026,0.4274216779718697,0.6463721557315051,0.150446449657874,,,,,,,,,,,"{1:84,2:16}","{1:7985,2:1058}","{1:31937,2:4231}","{1:31853,2:4215}","{1:17,2:3}"
2026-07-07T12:51:35.347862+00:00,bank-marketing,1461,label_propagation,1,250,35918,200,50,9043,2,16,51,,,,,,,,,,,15.0,1.0,20000.0,19800.0,stratified_labeled_val,2,True,33,217,22.0243,success,,0.8830034280659074,0.5,0.4689335212591026,0.4300433597769613,0.7212864858850421,0.2232214611943345,,,,,,,,,,,"{1:217,2:33}","{1:7985,2:1058}","{1:31937,2:4231}","{1:31720,2:4198}","{1:43,2:7}"
2026-07-07T12:51:57.378131+00:00,bank-marketing,1461,label_propagation,1,500,35668,400,100,9043,2,16,51,,,,,,,,,,,15.0,1.0,20000.0,19600.0,stratified_labeled_val,2,True,62,438,22.9093,success,,0.8830034280659074,0.5,0.4689335212591026,0.4331046278488329,0.761662758503953,0.2896817055456754,,,,,,,,,,,"{1:438,2:62}","{1:7985,2:1058}","{1:31937,2:4231}","{1:31499,2:4169}","{1:88,2:12}"
2026-07-07T12:52:20.294790+00:00,bank-marketing,1461,label_propagation,2,50,36118,40,10,9043,2,16,51,,,,,,,,,,,15.0,1.0,20000.0,19960.0,stratified_labeled_val,2,True,8,42,23.5419,success,,0.8367798297025324,0.4996541838252962,0.4945551559701065,0.4228757606754556,0.6550559709663558,0.1586338078885222,,,,,,,,,,,"{1:42,2:8}","{1:7985,2:1058}","{1:31937,2:4231}","{1:31895,2:4223}","{1:8,2:2}"
2026-07-07T12:52:43.844393+00:00,bank-marketing,1461,label_propagation,2,100,36068,80,20,9043,2,16,51,,,,,,,,,,,15.0,1.0,20000.0,19920.0,stratified_labeled_val,2,True,16,84,24.5142,success,,0.6894835784584762,0.4982422737339506,0.4837106873636119,0.6565698765197248,0.5717881945471956,0.1263919803041606,,,,,,,,,,,"{1:84,2:16}","{1:7985,2:1058}","{1:31937,2:4231}","{1:31853,2:4215}","{1:17,2:3}"
2026-07-07T12:53:08.367194+00:00,bank-marketing,1461,label_propagation,2,250,35918,200,50,9043,2,16,51,,,,,,,,,,,15.0,1.0,20000.0,19800.0,stratified_labeled_val,2,True,33,217,22.7345,success,,0.8830034280659074,0.5,0.4689335212591026,0.429379553054948,0.7517200847998314,0.282328686319635,,,,,,,,,,,"{1:217,2:33}","{1:7985,2:1058}","{1:31937,2:4231}","{1:31720,2:4198}","{1:43,2:7}"
2026-07-07T12:53:31.109650+00:00,bank-marketing,1461,label_propagation,2,500,35668,400,100,9043,2,16,51,,,,,,,,,,,15.0,1.0,20000.0,19600.0,stratified_labeled_val,2,True,62,438,22.4757,success,,0.8830034280659074,0.5,0.4689335212591026,0.4116746107401701,0.7740291638504617,0.2857869754609269,,,,,,,,,,,"{1:438,2:62}","{1:7985,2:1058}","{1:31937,2:4231}","{1:31499,2:4169}","{1:88,2:12}"
2026-07-07T12:53:53.593123+00:00,bank-marketing,1461,self_training_lr,0,50,36118,40,10,9043,2,16,51,4829.0,1000.0,5.0,"{0: 2534, 1: 2335}",0.1337006478764051,0.9926335120403535,0.950317680835724,1.0,,max_iter,,,,,stratified_labeled_val,2,True,8,42,0.5918,success,,0.775627557226584,0.725769193892613,0.6347618548170845,0.8594943881034851,0.809148947755302,0.2951823570081512,,,,,,,,,,,"{1:42,2:8}","{1:7985,2:1058}","{1:31937,2:4231}","{1:31895,2:4223}","{1:8,2:2}"
2026-07-07T12:53:54.189633+00:00,bank-marketing,1461,self_training_lr,0,100,36068,80,20,9043,2,16,51,4828.0,1000.0,5.0,"{0: 2567, 1: 2341}",0.1338582677165354,0.9914145374110442,0.9501901268959044,1.0,,max_iter,,,,,stratified_labeled_val,2,True,16,84,0.8213,success,,0.8211876589627336,0.7384484495385369,0.672605849287957,0.6418538093566895,0.8205117582234176,0.3963405587953842,,,,,,,,,,,"{1:84,2:16}","{1:7985,2:1058}","{1:31937,2:4231}","{1:31853,2:4215}","{1:17,2:3}"
2026-07-07T12:53:55.018707+00:00,bank-marketing,1461,self_training_lr,0,250,35918,200,50,9043,2,16,51,5000.0,1000.0,5.0,"{0: 2674, 1: 2526}",0.1392059691519572,0.9883813655614851,0.9569043517112732,1.0,,max_iter,,,,,stratified_labeled_val,2,True,33,217,0.8937,success,,0.8372221607873493,0.7335889125759192,0.6832365192781904,0.6137003898620605,0.8389444764699407,0.3754137636610533,,,,,,,,,,,"{1:217,2:33}","{1:7985,2:1058}","{1:31937,2:4231}","{1:31720,2:4198}","{1:43,2:7}"
2026-07-07T12:53:55.919271+00:00,bank-marketing,1461,self_training_lr,0,500,35668,400,100,9043,2,16,51,4010.0,829.0,5.0,"{0: 2850, 1: 1560}",0.1124257037120107,0.987104669324775,0.9500277042388916,1.0,,max_iter,,,,,stratified_labeled_val,2,True,62,438,0.6879,success,,0.8658630985292491,0.7305381190867091,0.707074193220611,0.3999260365962982,0.8501046977260056,0.4350470359383975,,,,,,,,,,,"{1:438,2:62}","{1:7985,2:1058}","{1:31937,2:4231}","{1:31499,2:4169}","{1:88,2:12}"
2026-07-07T12:53:56.616421+00:00,bank-marketing,1461,self_training_lr,1,50,36118,40,10,9043,2,16,51,4730.0,1000.0,5.0,"{0: 2534, 1: 2236}",0.1309596323162966,0.9923466484592026,0.950011134147644,1.0,,max_iter,,,,,stratified_labeled_val,2,True,8,42,0.8412,success,,0.8141103616056619,0.7258315153767756,0.6616745620040209,0.6819543242454529,0.8262076341154788,0.3743651878881609,,,,,,,,,,,"{1:42,2:8}","{1:7985,2:1058}","{1:31937,2:4231}","{1:31895,2:4223}","{1:8,2:2}"
2026-07-07T12:53:57.465614+00:00,bank-marketing,1461,self_training_lr,1,100,36068,80,20,9043,2,16,51,4670.0,1000.0,5.0,"{0: 2567, 1: 2183}",0.1294776533215038,0.9912701721237354,0.9502155184745787,1.0,,max_iter,,,,,stratified_labeled_val,2,True,16,84,0.8973,success,,0.801172177374765,0.7308044502156099,0.6544130299861419,0.7246060371398926,0.8116358294675864,0.3237303569368276,,,,,,,,,,,"{1:84,2:16}","{1:7985,2:1058}","{1:31937,2:4231}","{1:31853,2:4215}","{1:17,2:3}"
2026-07-07T12:53:58.370870+00:00,bank-marketing,1461,self_training_lr,1,250,35918,200,50,9043,2,16,51,2878.0,658.0,5.0,"{0: 2674, 1: 404}",0.0801269558438665,0.994154975304925,0.9500505328178406,1.0,,max_iter,,,,,stratified_labeled_val,2,True,33,217,0.8353,success,,0.8814552692690479,0.700829769428264,0.7058623058419161,0.3116735517978668,0.8488791010554998,0.4391293943957045,,,,,,,,,,,"{1:217,2:33}","{1:7985,2:1058}","{1:31937,2:4231}","{1:31720,2:4198}","{1:43,2:7}"
2026-07-07T12:53:59.212556+00:00,bank-marketing,1461,self_training_lr,1,500,35668,400,100,9043,2,16,51,3272.0,648.0,5.0,"{0: 2850, 1: 822}",0.0917348884153863,0.9914052974441816,0.9500625729560852,1.0,,max_iter,,,,,stratified_labeled_val,2,True,62,438,0.8829,success,,0.8847727524051753,0.7047581535795495,0.7116450311832497,0.307470440864563,0.8804727791830854,0.4646503462857438,,,,,,,,,,,"{1:438,2:62}","{1:7985,2:1058}","{1:31937,2:4231}","{1:31499,2:4169}","{1:88,2:12}"
2026-07-07T12:54:00.106018+00:00,bank-marketing,1461,self_training_lr,2,50,36118,40,10,9043,2,16,51,4771.0,1000.0,5.0,"{0: 2534, 1: 2277}",0.1320948003765435,0.99437128951579,0.9502355456352234,1.0,,max_iter,,,,,stratified_labeled_val,2,True,8,42,0.6819,success,,0.7139223708946146,0.6711500059776543,0.576284419223579,0.9560474753379822,0.7384586884908259,0.2985999547057505,,,,,,,,,,,"{1:42,2:8}","{1:7985,2:1058}","{1:31937,2:4231}","{1:31895,2:4223}","{1:8,2:2}"
2026-07-07T12:54:00.794736+00:00,bank-marketing,1461,self_training_lr,2,100,36068,80,20,9043,2,16,51,5000.0,1000.0,5.0,"{0: 2567, 1: 2513}",0.1386270378174559,0.9923555379986764,0.9521461129188538,1.0,,max_iter,,,,,stratified_labeled_val,2,True,16,84,0.8169,success,,0.8212982417339378,0.7303116192577529,0.6690948087684117,0.6972769498825073,0.7977534081506795,0.3761093448499667,,,,,,,,,,,"{1:84,2:16}","{1:7985,2:1058}","{1:31937,2:4231}","{1:31853,2:4215}","{1:17,2:3}"
2026-07-07T12:54:01.616454+00:00,bank-marketing,1461,self_training_lr,2,250,35918,200,50,9043,2,16,51,4746.0,1000.0,5.0,"{0: 2674, 1: 2272}",0.1321343059190378,0.9861639401754948,0.950035274028778,1.0,,max_iter,,,,,stratified_labeled_val,2,True,33,217,0.8246,success,,0.8593387150281986,0.7502121179479956,0.7104099875168124,0.4853607416152954,0.8518994144266246,0.4517164233041254,,,,,,,,,,,"{1:217,2:33}","{1:7985,2:1058}","{1:31937,2:4231}","{1:31720,2:4198}","{1:43,2:7}"
2026-07-07T12:54:02.446540+00:00,bank-marketing,1461,self_training_lr,2,500,35668,400,100,9043,2,16,51,3828.0,814.0,5.0,"{0: 2850, 1: 1378}",0.1073230907255803,0.9880220661934392,0.9500061273574828,1.0,,max_iter,,,,,stratified_labeled_val,2,True,62,438,0.6671,success,,0.8826716797522945,0.7142277048293527,0.7150203935498755,0.3575124740600586,0.8675225760020264,0.4619108224714875,,,,,,,,,,,"{1:438,2:62}","{1:7985,2:1058}","{1:31937,2:4231}","{1:31499,2:4169}","{1:88,2:12}"
2026-07-07T12:54:03.122101+00:00,bank-marketing,1461,self_training_xgboost,0,50,36118,40,10,9043,2,16,51,2032.0,1000.0,3.0,"{0: 1534, 1: 538}",0.0562600365468741,0.9949856849577952,0.9504755139350892,0.999905288219452,,max_iter,,,,,stratified_labeled_val,2,True,8,42,5.0619,success,,0.7768439677098308,0.4940036434098434,0.4939994001895702,1.046566367149353,0.480274747192574,0.1108151258128447,,,,,,,,,,,"{1:42,2:8}","{1:7985,2:1058}","{1:31937,2:4231}","{1:31895,2:4223}","{1:8,2:2}"
2026-07-07T12:54:08.196072+00:00,bank-marketing,1461,self_training_xgboost,0,100,36068,80,20,9043,2,16,51,2634.0,1000.0,3.0,"{0: 1567, 1: 1147}",0.0730287235222357,0.9956429718386158,0.9502511620521544,0.999988853931427,,max_iter,,,,,stratified_labeled_val,2,True,16,84,5.3181,success,,0.7768439677098308,0.6083859386633491,0.5785370164051342,0.9065219163894652,0.6746062146297465,0.2135048902226661,,,,,,,,,,,"{1:84,2:16}","{1:7985,2:1058}","{1:31937,2:4231}","{1:31853,2:4215}","{1:17,2:3}"
2026-07-07T12:54:13.530350+00:00,bank-marketing,1461,self_training_xgboost,0,250,35918,200,50,9043,2,16,51,2693.0,1000.0,3.0,"{0: 1674, 1: 1219}",0.0749763349852441,0.9940726392958804,0.9500631093978882,0.9999491572380066,,max_iter,,,,,stratified_labeled_val,2,True,33,217,8.0785,success,,0.8426407165763574,0.697299816645814,0.669416912457371,0.5737680792808533,0.8276401404807929,0.3699611523029152,,,,,,,,,,,"{1:217,2:33}","{1:7985,2:1058}","{1:31937,2:4231}","{1:31720,2:4198}","{1:43,2:7}"
2026-07-07T12:54:21.621327+00:00,bank-marketing,1461,self_training_xgboost,0,500,35668,400,100,9043,2,16,51,2804.0,1000.0,3.0,"{0: 1850, 1: 1354}",0.0786138835931367,0.994625143993768,0.9505451917648317,0.9999680519104004,,max_iter,,,,,stratified_labeled_val,2,True,62,438,9.6378,success,,0.8741568063695676,0.724575142664708,0.7120581346910644,0.4808238744735718,0.8488571435335394,0.4373142129690817,,,,,,,,,,,"{1:438,2:62}","{1:7985,2:1058}","{1:31937,2:4231}","{1:31499,2:4169}","{1:88,2:12}"
2026-07-07T12:54:31.271831+00:00,bank-marketing,1461,self_training_xgboost,1,50,36118,40,10,9043,2,16,51,2581.0,1000.0,3.0,"{0: 1534, 1: 1087}",0.0714602137438396,0.9953956161760996,0.9508050680160522,0.9999282956123352,,max_iter,,,,,stratified_labeled_val,2,True,8,42,4.0246,success,,0.84739577573814,0.5794604841544816,0.5876850064031147,0.747234046459198,0.7460796057825816,0.2624731682721121,,,,,,,,,,,"{1:42,2:8}","{1:7985,2:1058}","{1:31937,2:4231}","{1:31895,2:4223}","{1:8,2:2}"
2026-07-07T12:54:35.311662+00:00,bank-marketing,1461,self_training_xgboost,1,100,36068,80,20,9043,2,16,51,2979.0,1000.0,3.0,"{0: 1567, 1: 1492}",0.0825939891316402,0.9948708572696624,0.9500550627708436,0.9999505877494812,,max_iter,,,,,stratified_labeled_val,2,True,16,84,6.1312,success,,0.7563861550370452,0.6144305307801845,0.572377856805165,1.0090134143829346,0.6649296353157443,0.2044283221545605,,,,,,,,,,,"{1:84,2:16}","{1:7985,2:1058}","{1:31937,2:4231}","{1:31853,2:4215}","{1:17,2:3}"
2026-07-07T12:54:41.456043+00:00,bank-marketing,1461,self_training_xgboost,1,250,35918,200,50,9043,2,16,51,2425.0,1000.0,3.0,"{0: 1674, 1: 951}",0.0675148950386992,0.9928007463081596,0.9504531025886536,0.9999743103981018,,max_iter,,,,,stratified_labeled_val,2,True,33,217,7.8515,success,,0.85546831803605,0.7291617789972455,0.6967731739514653,0.4532523155212402,0.8576723487919811,0.4325222212086276,,,,,,,,,,,"{1:217,2:33}","{1:7985,2:1058}","{1:31937,2:4231}","{1:31720,2:4198}","{1:43,2:7}"
2026-07-07T12:54:49.321146+00:00,bank-marketing,1461,self_training_xgboost,1,500,35668,400,100,9043,2,16,51,2721.0,1000.0,3.0,"{0: 1850, 1: 1271}",0.0762868677806437,0.994292760061806,0.9500557780265808,0.9999764561653136,,max_iter,,,,,stratified_labeled_val,2,True,62,438,9.5111,success,,0.8695123299789893,0.7371141897674396,0.7139233884735688,0.4558140933513641,0.8633838494436046,0.4496039443363305,,,,,,,,,,,"{1:438,2:62}","{1:7985,2:1058}","{1:31937,2:4231}","{1:31499,2:4169}","{1:88,2:12}"
2026-07-07T12:54:58.846197+00:00,bank-marketing,1461,self_training_xgboost,2,50,36118,40,10,9043,2,16,51,2571.0,1000.0,3.0,"{0: 1534, 1: 1077}",0.0711833434852428,0.9921073882740232,0.951190948486328,0.9995119571685792,,max_iter,,,,,stratified_labeled_val,2,True,8,42,3.3735,success,,0.7130377087249806,0.559136578153982,0.524965501342932,1.0528419017791748,0.65126063401013,0.2106088730631522,,,,,,,,,,,"{1:42,2:8}","{1:7985,2:1058}","{1:31937,2:4231}","{1:31895,2:4223}","{1:8,2:2}"
2026-07-07T12:55:02.231834+00:00,bank-marketing,1461,self_training_xgboost,2,100,36068,80,20,9043,2,16,51,3000.0,1000.0,3.0,"{0: 1567, 1: 1513}",0.0831762226904735,0.995419344941775,0.9583014845848083,0.999984860420227,,max_iter,,,,,stratified_labeled_val,2,True,16,84,5.7086,success,,0.8208559106491209,0.6296179154440095,0.6141240512762808,0.749951183795929,0.723525561278058,0.26323622017822,,,,,,,,,,,"{1:84,2:16}","{1:7985,2:1058}","{1:31937,2:4231}","{1:31853,2:4215}","{1:17,2:3}"
2026-07-07T12:55:07.953620+00:00,bank-marketing,1461,self_training_xgboost,2,250,35918,200,50,9043,2,16,51,2737.0,1000.0,3.0,"{0: 1674, 1: 1263}",0.0762013475137814,0.994702718229158,0.9503043293952942,0.9999750256538392,,max_iter,,,,,stratified_labeled_val,2,True,33,217,7.5671,success,,0.8643149397323897,0.7255617515355469,0.7030595189283964,0.521498441696167,0.8298283762205364,0.4146225667052388,,,,,,,,,,,"{1:217,2:33}","{1:7985,2:1058}","{1:31937,2:4231}","{1:31720,2:4198}","{1:43,2:7}"
2026-07-07T12:55:15.533378+00:00,bank-marketing,1461,self_training_xgboost,2,500,35668,400,100,9043,2,16,51,2700.0,1000.0,3.0,"{0: 1850, 1: 1250}",0.0756981047437479,0.9940298533439637,0.9500898122787476,0.9999704957008362,,max_iter,,,,,stratified_labeled_val,2,True,62,438,9.0817,success,,0.8857679973460135,0.7110613236301998,0.7164429744620406,0.4242347180843353,0.8536263646511122,0.4737705751419437,,,,,,,,,,,"{1:438,2:62}","{1:7985,2:1058}","{1:31937,2:4231}","{1:31499,2:4169}","{1:88,2:12}"
2026-07-07T12:55:24.629084+00:00,bank-marketing,1461,self_training_lightgbm,0,50,36118,40,10,9043,2,16,51,0.0,0.0,0.0,"{0: 34, 1: 6}",0.0,,,,,no_candidates,,,,,stratified_labeled_val,2,True,8,42,0.8035,success,,0.8830034280659074,0.5,0.4689335212591026,0.3654613066514426,0.5,0.1169965719340926,,,,,,,,,,,"{1:42,2:8}","{1:7985,2:1058}","{1:31937,2:4231}","{1:31895,2:4223}","{1:8,2:2}"
2026-07-07T12:55:25.440761+00:00,bank-marketing,1461,self_training_lightgbm,0,100,36068,80,20,9043,2,16,51,3000.0,1000.0,3.0,"{0: 1567, 1: 1513}",0.0831762226904735,0.9972402887169252,0.9642725076683016,0.9999999946848476,,max_iter,,,,,stratified_labeled_val,2,True,16,84,11.1795,success,,0.8049319915957094,0.6189611192062622,0.5986608149233543,1.6712378490340103,0.7328955638703477,0.2410667805473597,,,,,,,,,,,"{1:84,2:16}","{1:7985,2:1058}","{1:31937,2:4231}","{1:31853,2:4215}","{1:17,2:3}"
2026-07-07T12:55:36.628721+00:00,bank-marketing,1461,self_training_lightgbm,0,250,35918,200,50,9043,2,16,51,3000.0,1000.0,3.0,"{0: 1674, 1: 1526}",0.0835235814911743,0.9994302470360396,0.990717943247926,0.99999999964496,,max_iter,,,,,stratified_labeled_val,2,True,33,217,16.3034,success,,0.8455158686276678,0.7231162399252853,0.6851314722621777,1.2036956106865668,0.8281952337381173,0.4079476170414663,,,,,,,,,,,"{1:217,2:33}","{1:7985,2:1058}","{1:31937,2:4231}","{1:31720,2:4198}","{1:43,2:7}"
2026-07-07T12:55:52.941978+00:00,bank-marketing,1461,self_training_lightgbm,0,500,35668,400,100,9043,2,16,51,3000.0,1000.0,3.0,"{0: 1850, 1: 1550}",0.084109005270831,0.9998082174177962,0.9967964940335976,0.9999999998522292,,max_iter,,,,,stratified_labeled_val,2,True,62,438,20.6244,success,,0.8763684617936526,0.7340269385059179,0.7192474643038677,0.969337028108216,0.8539727726727689,0.4546985858112604,,,,,,,,,,,"{1:438,2:62}","{1:7985,2:1058}","{1:31937,2:4231}","{1:31499,2:4169}","{1:88,2:12}"
2026-07-07T12:56:13.578206+00:00,bank-marketing,1461,self_training_lightgbm,1,50,36118,40,10,9043,2,16,51,0.0,0.0,0.0,"{0: 34, 1: 6}",0.0,,,,,no_candidates,,,,,stratified_labeled_val,2,True,8,42,0.7698,success,,0.8830034280659074,0.5,0.4689335212591026,0.3654613066514426,0.5,0.1169965719340926,,,,,,,,,,,"{1:42,2:8}","{1:7985,2:1058}","{1:31937,2:4231}","{1:31895,2:4223}","{1:8,2:2}"
2026-07-07T12:56:14.357017+00:00,bank-marketing,1461,self_training_lightgbm,1,100,36068,80,20,9043,2,16,51,2925.0,1000.0,3.0,"{0: 1567, 1: 1438}",0.0810968171232117,0.9956986304977092,0.9502063809774304,0.999999994031846,,max_iter,,,,,stratified_labeled_val,2,True,16,84,13.4818,success,,0.7514099303328542,0.6222720294313653,0.5740781464808205,1.7821418418792028,0.7298725280032385,0.2234238300240202,,,,,,,,,,,"{1:84,2:16}","{1:7985,2:1058}","{1:31937,2:4231}","{1:31853,2:4215}","{1:17,2:3}"
2026-07-07T12:56:27.849873+00:00,bank-marketing,1461,self_training_lightgbm,1,250,35918,200,50,9043,2,16,51,3000.0,1000.0,3.0,"{0: 1674, 1: 1526}",0.0835235814911743,0.998794328647648,0.9806219207386369,0.999999999229784,,max_iter,,,,,stratified_labeled_val,2,True,33,217,15.4482,success,,0.8488333517637952,0.7672219177498452,0.7081909228112131,1.031136904466144,0.8680240479253989,0.4393358235206183,,,,,,,,,,,"{1:217,2:33}","{1:7985,2:1058}","{1:31937,2:4231}","{1:31720,2:4198}","{1:43,2:7}"
2026-07-07T12:56:43.313914+00:00,bank-marketing,1461,self_training_lightgbm,1,500,35668,400,100,9043,2,16,51,3000.0,1000.0,3.0,"{0: 1850, 1: 1550}",0.084109005270831,0.9996375853920902,0.9939472921040116,0.9999999999582442,,max_iter,,,,,stratified_labeled_val,2,True,62,438,19.3392,success,,0.871171071547053,0.7593720148719303,0.7262150245446601,0.92903365254797,0.8797949368676855,0.4673136783880151,,,,,,,,,,,"{1:438,2:62}","{1:7985,2:1058}","{1:31937,2:4231}","{1:31499,2:4169}","{1:88,2:12}"
2026-07-07T12:57:02.667904+00:00,bank-marketing,1461,self_training_lightgbm,2,50,36118,40,10,9043,2,16,51,0.0,0.0,0.0,"{0: 34, 1: 6}",0.0,,,,,no_candidates,,,,,stratified_labeled_val,2,True,8,42,0.702,success,,0.8830034280659074,0.5,0.4689335212591026,0.3650792456989577,0.5278608402096086,0.1233316493797272,,,,,,,,,,,"{1:42,2:8}","{1:7985,2:1058}","{1:31937,2:4231}","{1:31895,2:4223}","{1:8,2:2}"
2026-07-07T12:57:03.378456+00:00,bank-marketing,1461,self_training_lightgbm,2,100,36068,80,20,9043,2,16,51,3000.0,1000.0,3.0,"{0: 1567, 1: 1513}",0.0831762226904735,0.99803772960749,0.976300510604353,0.9999999955638204,,max_iter,,,,,stratified_labeled_val,2,True,16,84,13.7922,success,,0.8288178701758266,0.6234670867990905,0.6144474740964752,1.4725887988520674,0.7479626852333001,0.2755684717566739,,,,,,,,,,,"{1:84,2:16}","{1:7985,2:1058}","{1:31937,2:4231}","{1:31853,2:4215}","{1:17,2:3}"
2026-07-07T12:57:17.184723+00:00,bank-marketing,1461,self_training_lightgbm,2,250,35918,200,50,9043,2,16,51,3000.0,1000.0,3.0,"{0: 1674, 1: 1526}",0.0835235814911743,0.9979949228590635,0.9715077657301976,0.9999999998635009,,max_iter,,,,,stratified_labeled_val,2,True,33,217,17.7439,success,,0.8499391794758376,0.7461195554519165,0.6999127690861917,1.116639638059821,0.8403900034682232,0.4439286244761603,,,,,,,,,,,"{1:217,2:33}","{1:7985,2:1058}","{1:31937,2:4231}","{1:31720,2:4198}","{1:43,2:7}"
2026-07-07T12:57:34.940741+00:00,bank-marketing,1461,self_training_lightgbm,2,500,35668,400,100,9043,2,16,51,3000.0,1000.0,3.0,"{0: 1850, 1: 1550}",0.084109005270831,0.9988592474764156,0.9794241154308316,0.9999999999260416,,max_iter,,,,,stratified_labeled_val,2,True,62,438,18.3151,success,,0.8695123299789893,0.7358842726141761,0.7133080123322202,0.96090387471865,0.8562773063387993,0.4467768082238816,,,,,,,,,,,"{1:438,2:62}","{1:7985,2:1058}","{1:31937,2:4231}","{1:31499,2:4169}","{1:88,2:12}"
2026-07-07T12:57:53.265617+00:00,bank-marketing,1461,self_training_catboost,0,50,36118,40,10,9043,2,16,51,750.0,250.0,3.0,"{0: 784, 1: 6}",0.0207652693947616,0.998351309342583,0.9950422145491152,0.999860646294263,,max_iter,,,,,stratified_labeled_val,2,True,8,42,3.5866,success,,0.8660842640716576,0.5207574930783498,0.5182528430305253,0.5377883416965078,0.5910625191610451,0.1659635917433412,,,,,,,,,,,"{1:42,2:8}","{1:7985,2:1058}","{1:31937,2:4231}","{1:31895,2:4223}","{1:8,2:2}"
2026-07-07T12:57:56.861500+00:00,bank-marketing,1461,self_training_catboost,0,100,36068,80,20,9043,2,16,51,750.0,250.0,3.0,"{0: 817, 1: 13}",0.0207940556726183,0.9989086848554992,0.9971640608722698,0.9998284754648176,,max_iter,,,,,stratified_labeled_val,2,True,16,84,4.8816,success,,0.8849939179475838,0.5859913969126895,0.6111008559426716,0.325027190628121,0.8293854379608269,0.4126747993513067,,,,,,,,,,,"{1:84,2:16}","{1:7985,2:1058}","{1:31937,2:4231}","{1:31853,2:4215}","{1:17,2:3}"
2026-07-07T12:58:01.754912+00:00,bank-marketing,1461,self_training_catboost,0,250,35918,200,50,9043,2,16,51,827.0,293.0,3.0,"{0: 924, 1: 103}",0.0230246672977337,0.996884297057717,0.9701173928329796,0.999697272700652,,max_iter,,,,,stratified_labeled_val,2,True,33,217,4.5063,success,,0.8826716797522945,0.6158343325682725,0.6417081606329307,0.306868864565,0.8393585325983384,0.4125103650427729,,,,,,,,,,,"{1:217,2:33}","{1:7985,2:1058}","{1:31937,2:4231}","{1:31720,2:4198}","{1:43,2:7}"
2026-07-07T12:58:06.268469+00:00,bank-marketing,1461,self_training_catboost,0,500,35668,400,100,9043,2,16,51,817.0,296.0,3.0,"{0: 1100, 1: 117}",0.0229056857687563,0.9970942934737574,0.970016453380454,0.999703161145561,,max_iter,,,,,stratified_labeled_val,2,True,62,438,5.8163,success,,0.8945040362711489,0.6651715231654816,0.6947982893181726,0.2573135752356789,0.8825372005402378,0.5004206734276823,,,,,,,,,,,"{1:438,2:62}","{1:7985,2:1058}","{1:31937,2:4231}","{1:31499,2:4169}","{1:88,2:12}"
2026-07-07T12:58:12.096175+00:00,bank-marketing,1461,self_training_catboost,1,50,36118,40,10,9043,2,16,51,750.0,250.0,3.0,"{0: 784, 1: 6}",0.0207652693947616,0.998567841026105,0.9957624139420586,0.9999018038954692,,max_iter,,,,,stratified_labeled_val,2,True,8,42,3.8694,success,,0.8947252018135574,0.6439781939908595,0.6776235771743963,0.5332150546631175,0.7889949610150412,0.4125562989683116,,,,,,,,,,,"{1:42,2:8}","{1:7985,2:1058}","{1:31937,2:4231}","{1:31895,2:4223}","{1:8,2:2}"
2026-07-07T12:58:15.974560+00:00,bank-marketing,1461,self_training_catboost,1,100,36068,80,20,9043,2,16,51,750.0,250.0,3.0,"{0: 817, 1: 13}",0.0207940556726183,0.9976525080602296,0.9936281381589418,0.9996903272938436,,max_iter,,,,,stratified_labeled_val,2,True,16,84,4.8766,success,,0.8883114010837112,0.6440361358075692,0.6717760532067907,0.2970585994223544,0.83816477729391,0.4370339194652611,,,,,,,,,,,"{1:84,2:16}","{1:7985,2:1058}","{1:31937,2:4231}","{1:31853,2:4215}","{1:17,2:3}"
2026-07-07T12:58:20.863067+00:00,bank-marketing,1461,self_training_catboost,1,250,35918,200,50,9043,2,16,51,755.0,250.0,3.0,"{0: 924, 1: 31}",0.0210201013419455,0.998838022246831,0.9705799570417613,0.9997441119626056,,max_iter,,,,,stratified_labeled_val,2,True,33,217,4.5417,success,,0.8942828707287405,0.6002706516116585,0.6332810841407694,0.2856948401483682,0.8694751382850405,0.4859630558876521,,,,,,,,,,,"{1:217,2:33}","{1:7985,2:1058}","{1:31937,2:4231}","{1:31720,2:4198}","{1:43,2:7}"
2026-07-07T12:58:25.416814+00:00,bank-marketing,1461,self_training_catboost,1,500,35668,400,100,9043,2,16,51,750.0,250.0,3.0,"{0: 1100, 1: 50}",0.0210272513177077,0.999155930969981,0.99824599918316,0.9997053540838692,,max_iter,,,,,stratified_labeled_val,2,True,62,438,5.3438,success,,0.891850049762247,0.6280011079374962,0.6604920669872241,0.2443974174683418,0.8949635007984016,0.4936380375799218,,,,,,,,,,,"{1:438,2:62}","{1:7985,2:1058}","{1:31937,2:4231}","{1:31499,2:4169}","{1:88,2:12}"
2026-07-07T12:58:30.773604+00:00,bank-marketing,1461,self_training_catboost,2,50,36118,40,10,9043,2,16,51,752.0,251.0,3.0,"{0: 784, 1: 8}",0.0208206434464809,0.997364906284847,0.97006124944649,0.9998296767235004,,max_iter,,,,,stratified_labeled_val,2,True,8,42,4.4181,success,,0.7654539422757934,0.5625789967720667,0.5453482902206945,0.5206074760973883,0.7016245015169037,0.2433941549071952,,,,,,,,,,,"{1:42,2:8}","{1:7985,2:1058}","{1:31937,2:4231}","{1:31895,2:4223}","{1:8,2:2}"
2026-07-07T12:58:35.200631+00:00,bank-marketing,1461,self_training_catboost,2,100,36068,80,20,9043,2,16,51,769.0,263.0,3.0,"{0: 817, 1: 32}",0.0213208384163247,0.998394407454193,0.9701736208256864,0.9998749667690418,,max_iter,,,,,stratified_labeled_val,2,True,16,84,5.0814,success,,0.8797965277009842,0.6347048991907085,0.6566838791440928,0.3378672710329338,0.826507522966621,0.3953558982935714,,,,,,,,,,,"{1:84,2:16}","{1:7985,2:1058}","{1:31937,2:4231}","{1:31853,2:4215}","{1:17,2:3}"
2026-07-07T12:58:40.290058+00:00,bank-marketing,1461,self_training_catboost,2,250,35918,200,50,9043,2,16,51,754.0,253.0,3.0,"{0: 924, 1: 30}",0.0209922601481151,0.998621009822055,0.9706903164771128,0.9996355113166522,,max_iter,,,,,stratified_labeled_val,2,True,33,217,5.1211,success,,0.8978215194072764,0.6682799625479248,0.7006715546606461,0.2769119609577734,0.8730315466262947,0.5189893559135145,,,,,,,,,,,"{1:217,2:33}","{1:7985,2:1058}","{1:31937,2:4231}","{1:31720,2:4198}","{1:43,2:7}"
2026-07-07T12:58:45.421453+00:00,bank-marketing,1461,self_training_catboost,2,500,35668,400,100,9043,2,16,51,756.0,253.0,3.0,"{0: 1100, 1: 56}",0.0211954693282494,0.9980647218431116,0.9705843630385548,0.999636479869104,,max_iter,,,,,stratified_labeled_val,2,True,62,438,5.8179,success,,0.8964945261528254,0.665068719349726,0.6967841722536415,0.2529991790828146,0.8930919623632686,0.5183864601900288,,,,,,,,,,,"{1:438,2:62}","{1:7985,2:1058}","{1:31937,2:4231}","{1:31499,2:4169}","{1:88,2:12}"
2026-07-07T12:58:51.251461+00:00,bank-marketing,1461,rpl_lr,0,50,36118,40,10,9043,2,16,51,,,,,,,,,,,,,,,stratified_labeled_val,2,True,8,42,0.9454,success,,0.8670795090124959,0.5266506907445789,0.5272602570525935,1.4767451286315918,0.7425479958286626,0.2397683254858969,,,,,,,,,,,"{1:42,2:8}","{1:7985,2:1058}","{1:31937,2:4231}","{1:31895,2:4223}","{1:8,2:2}"
2026-07-07T12:58:52.202548+00:00,bank-marketing,1461,rpl_lr,0,100,36068,80,20,9043,2,16,51,,,,,,,,,,,,,,,stratified_labeled_val,2,True,16,84,1.1808,success,,0.8841092557779497,0.5920500158023136,0.6176822364998406,1.0983011722564695,0.8054774843663628,0.3670219216541729,,,,,,,,,,,"{1:84,2:16}","{1:7985,2:1058}","{1:31937,2:4231}","{1:31853,2:4215}","{1:17,2:3}"
2026-07-07T12:58:53.388815+00:00,bank-marketing,1461,rpl_lr,0,250,35918,200,50,9043,2,16,51,,,,,,,,,,,,,,,stratified_labeled_val,2,True,33,217,0.9985,success,,0.8762578790224483,0.6126124953096129,0.6342282426245647,1.0114848613739014,0.8232524239091964,0.363751255169402,,,,,,,,,,,"{1:217,2:33}","{1:7985,2:1058}","{1:31937,2:4231}","{1:31720,2:4198}","{1:43,2:7}"
2026-07-07T12:58:54.397580+00:00,bank-marketing,1461,rpl_lr,0,500,35668,400,100,9043,2,16,51,,,,,,,,,,,,,,,stratified_labeled_val,2,True,62,438,1.5222,success,,0.8903018909653876,0.613185403160226,0.6445926085105803,0.7232861518859863,0.8486131842194663,0.4332624819925599,,,,,,,,,,,"{1:438,2:62}","{1:7985,2:1058}","{1:31937,2:4231}","{1:31499,2:4169}","{1:88,2:12}"
2026-07-07T12:58:55.930439+00:00,bank-marketing,1461,rpl_lr,1,50,36118,40,10,9043,2,16,51,,,,,,,,,,,,,,,stratified_labeled_val,2,True,8,42,1.2476,success,,0.8886431493973239,0.5806782684452062,0.6063141985272072,1.1233059167861938,0.8505547381491525,0.4199598418146953,,,,,,,,,,,"{1:42,2:8}","{1:7985,2:1058}","{1:31937,2:4231}","{1:31895,2:4223}","{1:8,2:2}"
2026-07-07T12:58:57.185350+00:00,bank-marketing,1461,rpl_lr,1,100,36068,80,20,9043,2,16,51,,,,,,,,,,,,,,,stratified_labeled_val,2,True,16,84,1.1142,success,,0.8739356408271591,0.5748099875357032,0.5930223744486922,1.066645622253418,0.816938955721562,0.3410856327693286,,,,,,,,,,,"{1:84,2:16}","{1:7985,2:1058}","{1:31937,2:4231}","{1:31853,2:4215}","{1:17,2:3}"
2026-07-07T12:58:58.309817+00:00,bank-marketing,1461,rpl_lr,1,250,35918,200,50,9043,2,16,51,,,,,,,,,,,,,,,stratified_labeled_val,2,True,33,217,1.5467,success,,0.8880902355413026,0.542237749655841,0.5497614672255062,0.7907934784889221,0.8576731773777155,0.4649124065061185,,,,,,,,,,,"{1:217,2:33}","{1:7985,2:1058}","{1:31937,2:4231}","{1:31720,2:4198}","{1:43,2:7}"
2026-07-07T12:58:59.863891+00:00,bank-marketing,1461,rpl_lr,1,500,35668,400,100,9043,2,16,51,,,,,,,,,,,,,,,stratified_labeled_val,2,True,62,438,1.078,success,,0.8911865531350216,0.5935976955847033,0.6235148014675046,0.6612091660499573,0.8829506648216824,0.4714860062646899,,,,,,,,,,,"{1:438,2:62}","{1:7985,2:1058}","{1:31937,2:4231}","{1:31499,2:4169}","{1:88,2:12}"
2026-07-07T12:59:00.947979+00:00,bank-marketing,1461,rpl_lr,2,50,36118,40,10,9043,2,16,51,,,,,,,,,,,,,,,stratified_labeled_val,2,True,8,42,1.0729,success,,0.8789118655313503,0.6014061691759005,0.6248142226849802,1.1913071870803833,0.7720652381059476,0.3461192306916272,,,,,,,,,,,"{1:42,2:8}","{1:7985,2:1058}","{1:31937,2:4231}","{1:31895,2:4223}","{1:8,2:2}"
2026-07-07T12:59:02.030039+00:00,bank-marketing,1461,rpl_lr,2,100,36068,80,20,9043,2,16,51,,,,,,,,,,,,,,,stratified_labeled_val,2,True,16,84,0.838,success,,0.8836669246931328,0.6217275302345016,0.6480574198591169,1.0872265100479126,0.800238218398628,0.3925752633739137,,,,,,,,,,,"{1:84,2:16}","{1:7985,2:1058}","{1:31937,2:4231}","{1:31853,2:4215}","{1:17,2:3}"
2026-07-07T12:59:02.873023+00:00,bank-marketing,1461,rpl_lr,2,250,35918,200,50,9043,2,16,51,,,,,,,,,,,,,,,stratified_labeled_val,2,True,33,217,0.8945,success,,0.8948357845847617,0.6383011980166025,0.6726761784346563,0.8639578223228455,0.8635921203864051,0.4713563635781684,,,,,,,,,,,"{1:217,2:33}","{1:7985,2:1058}","{1:31937,2:4231}","{1:31720,2:4198}","{1:43,2:7}"
2026-07-07T12:59:03.773203+00:00,bank-marketing,1461,rpl_lr,2,500,35668,400,100,9043,2,16,51,,,,,,,,,,,,,,,stratified_labeled_val,2,True,62,438,1.4023,success,,0.8949463673559659,0.6244247543539221,0.6596400988760598,0.6539318561553955,0.8735040772336602,0.4743050481679254,,,,,,,,,,,"{1:438,2:62}","{1:7985,2:1058}","{1:31937,2:4231}","{1:31499,2:4169}","{1:88,2:12}"
2026-07-07T12:59:05.186851+00:00,bank-marketing,1461,rpl_lite_xgboost,0,50,36118,40,10,9043,2,16,51,2653.0,1000.0,3.0,"{0: 1500, 1: 1153}",0.0734536796057367,0.9919143588058552,,,0.2091008573043556,max_iter,,,,,stratified_labeled_val,2,True,8,42,15.8396,success,,0.7541744996129603,0.5123249760597908,0.5068620144329522,1.2236089706420898,0.5018892938437264,0.1165184747158804,,,,,,,,,,,"{1:42,2:8}","{1:7985,2:1058}","{1:31937,2:4231}","{1:31895,2:4223}","{1:8,2:2}"
2026-07-07T12:59:21.036834+00:00,bank-marketing,1461,rpl_lite_xgboost,0,100,36068,80,20,9043,2,16,51,2850.0,1000.0,3.0,"{0: 1500, 1: 1350}",0.0790174115559498,0.9911724073426764,,,0.1824655314268441,max_iter,,,,,stratified_labeled_val,2,True,16,84,16.5313,success,,0.7677761804710826,0.6225200133047195,0.5821819132289809,0.950038194656372,0.686864607907312,0.2253788358868353,,,,,,,,,,,"{1:84,2:16}","{1:7985,2:1058}","{1:31937,2:4231}","{1:31853,2:4215}","{1:17,2:3}"
2026-07-07T12:59:37.582178+00:00,bank-marketing,1461,rpl_lite_xgboost,0,250,35918,200,50,9043,2,16,51,2921.0,1000.0,3.0,"{0: 1500, 1: 1421}",0.0813241271785734,0.9898386824339148,,,0.1960179674922017,max_iter,,,,,stratified_labeled_val,2,True,33,217,18.2568,success,,0.8368904124737366,0.7014232143681501,0.6671226177833164,0.6011608839035034,0.8294287611577946,0.3744949673368724,,,,,,,,,,,"{1:217,2:33}","{1:7985,2:1058}","{1:31937,2:4231}","{1:31720,2:4198}","{1:43,2:7}"
2026-07-07T12:59:55.854144+00:00,bank-marketing,1461,rpl_lite_xgboost,0,500,35668,400,100,9043,2,16,51,3000.0,1000.0,3.0,"{0: 1500, 1: 1500}",0.084109005270831,0.9913059521516164,,,0.1858031383365847,max_iter,,,,,stratified_labeled_val,2,True,62,438,18.4594,success,,0.872055733716687,0.7406042520652499,0.7181881515269661,0.4942779242992401,0.8565068245872163,0.4500420024377958,,,,,,,,,,,"{1:438,2:62}","{1:7985,2:1058}","{1:31937,2:4231}","{1:31499,2:4169}","{1:88,2:12}"
2026-07-07T13:00:14.329297+00:00,bank-marketing,1461,rpl_lite_xgboost,1,50,36118,40,10,9043,2,16,51,2740.0,1000.0,3.0,"{0: 1500, 1: 1240}",0.0758624508555291,0.993535517928374,,,0.1955589432193615,max_iter,,,,,stratified_labeled_val,2,True,8,42,14.9187,success,,0.849165100077408,0.5763626388324989,0.5853686642141044,0.741374135017395,0.7372139751637345,0.2502823556051603,,,,,,,,,,,"{1:42,2:8}","{1:7985,2:1058}","{1:31937,2:4231}","{1:31895,2:4223}","{1:8,2:2}"
2026-07-07T13:00:29.258859+00:00,bank-marketing,1461,rpl_lite_xgboost,1,100,36068,80,20,9043,2,16,51,3000.0,1000.0,3.0,"{0: 1500, 1: 1500}",0.0831762226904735,0.9945479721824328,,,0.1900584608133778,max_iter,,,,,stratified_labeled_val,2,True,16,84,15.8902,success,,0.7577131482914962,0.6135420501341717,0.5725262675178364,1.0143928527832031,0.6590244231563672,0.2020490609324476,,,,,,,,,,,"{1:84,2:16}","{1:7985,2:1058}","{1:31937,2:4231}","{1:31853,2:4215}","{1:17,2:3}"
2026-07-07T13:00:45.164322+00:00,bank-marketing,1461,rpl_lite_xgboost,1,250,35918,200,50,9043,2,16,51,2717.0,1000.0,3.0,"{0: 1500, 1: 1217}",0.0756445236371735,0.9907687063334748,,,0.2054438048460364,max_iter,,,,,stratified_labeled_val,2,True,33,217,17.4551,success,,0.8438571270596041,0.7496451285669137,0.6961480741989163,0.5177775621414185,0.8555031705241277,0.4327437582943665,,,,,,,,,,,"{1:217,2:33}","{1:7985,2:1058}","{1:31937,2:4231}","{1:31720,2:4198}","{1:43,2:7}"
2026-07-07T13:01:02.634239+00:00,bank-marketing,1461,rpl_lite_xgboost,1,500,35668,400,100,9043,2,16,51,3000.0,1000.0,3.0,"{0: 1500, 1: 1500}",0.084109005270831,0.98874742714564,,,0.1905348633918396,max_iter,,,,,stratified_labeled_val,2,True,62,438,18.2284,success,,0.8645361052747982,0.7412659369588299,0.7111258081928095,0.48465695977211,0.8625221794645679,0.4439629913332804,,,,,,,,,,,"{1:438,2:62}","{1:7985,2:1058}","{1:31937,2:4231}","{1:31499,2:4169}","{1:88,2:12}"
2026-07-07T13:01:20.878374+00:00,bank-marketing,1461,rpl_lite_xgboost,2,50,36118,40,10,9043,2,16,51,2912.0,1000.0,3.0,"{0: 1500, 1: 1412}",0.0806246193033944,0.9870512436174756,,,0.145681929986159,max_iter,,,,,stratified_labeled_val,2,True,8,42,15.5001,success,,0.7124847948689594,0.5645631044976818,0.5276307806052132,1.1280585527420044,0.6512783302340281,0.2098042432200617,,,,,,,,,,,"{1:42,2:8}","{1:7985,2:1058}","{1:31937,2:4231}","{1:31895,2:4223}","{1:8,2:2}"
2026-07-07T13:01:36.392114+00:00,bank-marketing,1461,rpl_lite_xgboost,2,100,36068,80,20,9043,2,16,51,3000.0,1000.0,3.0,"{0: 1500, 1: 1500}",0.0831762226904735,0.995424613336722,,,0.1799679480898723,max_iter,,,,,stratified_labeled_val,2,True,16,84,16.1106,success,,0.8209664934203251,0.6268107261607007,0.6123322967631137,0.7494754195213318,0.721559327330427,0.2630055226011838,,,,,,,,,,,"{1:84,2:16}","{1:7985,2:1058}","{1:31937,2:4231}","{1:31853,2:4215}","{1:17,2:3}"
2026-07-07T13:01:52.515740+00:00,bank-marketing,1461,rpl_lite_xgboost,2,250,35918,200,50,9043,2,16,51,2964.0,1000.0,3.0,"{0: 1500, 1: 1464}",0.0825212985132802,0.9900787164848022,,,0.1782074723318464,max_iter,,,,,stratified_labeled_val,2,True,33,217,17.8077,success,,0.8628773637067345,0.7370468967688708,0.7074880301246644,0.5332435965538025,0.835868292746442,0.4304556295902355,,,,,,,,,,,"{1:217,2:33}","{1:7985,2:1058}","{1:31937,2:4231}","{1:31720,2:4198}","{1:43,2:7}"
2026-07-07T13:02:10.337724+00:00,bank-marketing,1461,rpl_lite_xgboost,2,500,35668,400,100,9043,2,16,51,2978.0,1000.0,3.0,"{0: 1500, 1: 1478}",0.0834922058988449,0.9889766214036396,,,0.1590953867996093,max_iter,,,,,stratified_labeled_val,2,True,62,438,18.4195,success,,0.8853256662611965,0.7194202740724871,0.7207760964623993,0.4368586838245392,0.8544612239631729,0.4738562741052282,,,,,,,,,,,"{1:438,2:62}","{1:7985,2:1058}","{1:31937,2:4231}","{1:31499,2:4169}","{1:88,2:12}"
2026-07-07T13:02:28.771825+00:00,bank-marketing,1461,sslae,0,50,36118,40,10,9043,2,16,51,,,,,,,,,,,,,,,stratified_labeled_val,2,True,8,42,40.6609,success,,0.8830034280659074,0.5,0.4689335212591026,0.3486497004562917,0.759343842956962,0.3074795664361058,2.0,0.3890215158462524,12.0,0.1003759056329727,,sslae,internal_stratified_val,,style_baseline,supervised_autoencoder,"{1:42,2:8}","{1:7985,2:1058}","{1:31937,2:4231}","{1:31895,2:4223}","{1:8,2:2}"
2026-07-07T13:03:09.448828+00:00,bank-marketing,1461,sslae,0,100,36068,80,20,9043,2,16,51,,,,,,,,,,,,,,,stratified_labeled_val,2,True,16,84,48.137,success,,0.8833351763795201,0.5325756705921902,0.5338648178582943,0.3384653387394017,0.740286903728991,0.2792571478360462,4.0,0.4222252368927002,14.0,0.1430801004171371,,sslae,internal_stratified_val,,style_baseline,supervised_autoencoder,"{1:84,2:16}","{1:7985,2:1058}","{1:31937,2:4231}","{1:31853,2:4215}","{1:17,2:3}"
2026-07-07T13:03:57.600805+00:00,bank-marketing,1461,sslae,0,250,35918,200,50,9043,2,16,51,,,,,,,,,,,,,,,stratified_labeled_val,2,True,33,217,89.9368,success,,0.8824505142098861,0.6427672751247909,0.6656254233942325,0.2931019118716662,0.8411063750202706,0.4134901879257927,17.0,0.2656046748161316,27.0,0.1511139273643493,,sslae,internal_stratified_val,,style_baseline,supervised_autoencoder,"{1:217,2:33}","{1:7985,2:1058}","{1:31937,2:4231}","{1:31720,2:4198}","{1:43,2:7}"
2026-07-07T13:05:27.553251+00:00,bank-marketing,1461,sslae,0,500,35668,400,100,9043,2,16,51,,,,,,,,,,,,,,,stratified_labeled_val,2,True,62,438,135.1491,success,,0.8886431493973239,0.6479137394902778,0.6753193725278283,0.2747111062304879,0.8631307756864536,0.4502653249205282,28.0,0.2449235469102859,38.0,0.4395347535610199,,sslae,internal_stratified_val,,style_baseline,supervised_autoencoder,"{1:438,2:62}","{1:7985,2:1058}","{1:31937,2:4231}","{1:31499,2:4169}","{1:88,2:12}"
2026-07-07T13:07:42.716288+00:00,bank-marketing,1461,sslae,1,50,36118,40,10,9043,2,16,51,,,,,,,,,,,,,,,stratified_labeled_val,2,True,8,42,177.0123,success,,0.8880902355413026,0.5897945462486964,0.6172419215873255,0.3023231848442451,0.7956273163410128,0.3844246198683075,19.0,0.3618311285972595,29.0,0.0724895000457763,,sslae,internal_stratified_val,,style_baseline,supervised_autoencoder,"{1:42,2:8}","{1:7985,2:1058}","{1:31937,2:4231}","{1:31895,2:4223}","{1:8,2:2}"
2026-07-07T13:10:39.740228+00:00,bank-marketing,1461,sslae,1,100,36068,80,20,9043,2,16,51,,,,,,,,,,,,,,,stratified_labeled_val,2,True,16,84,149.9177,success,,0.8255003870396992,0.690873897537088,0.6530989110451908,0.408438091163547,0.7828418833517004,0.3409021017655219,29.0,0.3100989758968353,39.0,0.1270558834075927,,sslae,internal_stratified_val,,style_baseline,supervised_autoencoder,"{1:84,2:16}","{1:7985,2:1058}","{1:31937,2:4231}","{1:31853,2:4215}","{1:17,2:3}"
2026-07-07T13:13:09.669694+00:00,bank-marketing,1461,sslae,1,250,35918,200,50,9043,2,16,51,,,,,,,,,,,,,,,stratified_labeled_val,2,True,33,217,82.1328,success,,0.8867632422868517,0.560755042831964,0.5786405151670689,0.2877079442889867,0.8476993133391649,0.4169770848030329,12.0,0.3057227432727813,22.0,0.2229467928409576,,sslae,internal_stratified_val,,style_baseline,supervised_autoencoder,"{1:217,2:33}","{1:7985,2:1058}","{1:31937,2:4231}","{1:31720,2:4198}","{1:43,2:7}"
2026-07-07T13:14:31.819137+00:00,bank-marketing,1461,sslae,1,500,35668,400,100,9043,2,16,51,,,,,,,,,,,,,,,stratified_labeled_val,2,True,62,438,68.6641,success,,0.8832245936083158,0.5095545996569655,0.4897830604741262,0.2836563373580834,0.8424480920629772,0.4064632875230222,6.0,0.3203957378864288,16.0,0.2861524671316147,,sslae,internal_stratified_val,,style_baseline,supervised_autoencoder,"{1:438,2:62}","{1:7985,2:1058}","{1:31937,2:4231}","{1:31499,2:4169}","{1:88,2:12}"
2026-07-07T13:15:40.498083+00:00,bank-marketing,1461,sslae,2,50,36118,40,10,9043,2,16,51,,,,,,,,,,,,,,,stratified_labeled_val,2,True,8,42,76.6494,success,,0.8471746101957315,0.5994238961758401,0.605658918740171,0.3723235036014654,0.7130980465499467,0.2791938502940592,8.0,0.3078122138977051,18.0,0.0875963643193245,,sslae,internal_stratified_val,,style_baseline,supervised_autoencoder,"{1:42,2:8}","{1:7985,2:1058}","{1:31937,2:4231}","{1:31895,2:4223}","{1:8,2:2}"
2026-07-07T13:16:57.162970+00:00,bank-marketing,1461,sslae,2,100,36068,80,20,9043,2,16,51,,,,,,,,,,,,,,,stratified_labeled_val,2,True,16,84,237.3476,success,,0.8708393232334403,0.6493115636241393,0.6612617651473265,0.3497706768417411,0.7841458405587982,0.3668623048447732,32.0,0.2138624191284179,42.0,0.0870945453643798,,sslae,internal_stratified_val,,style_baseline,supervised_autoencoder,"{1:84,2:16}","{1:7985,2:1058}","{1:31937,2:4231}","{1:31853,2:4215}","{1:17,2:3}"
2026-07-07T13:20:54.559690+00:00,bank-marketing,1461,sslae,2,250,35918,200,50,9043,2,16,51,,,,,,,,,,,,,,,stratified_labeled_val,2,True,33,217,209.9929,success,,0.8911865531350216,0.6157362043434464,0.6478783216517561,0.2806329161819602,0.847119776802677,0.435674085564342,29.0,0.1741534322500229,39.0,0.1924254447221756,,sslae,internal_stratified_val,,style_baseline,supervised_autoencoder,"{1:217,2:33}","{1:7985,2:1058}","{1:31937,2:4231}","{1:31720,2:4198}","{1:43,2:7}"
2026-07-07T13:24:24.566377+00:00,bank-marketing,1461,sslae,2,500,35668,400,100,9043,2,16,51,,,,,,,,,,,,,,,stratified_labeled_val,2,True,62,438,188.0317,success,,0.8863209112020347,0.627330071862057,0.6553315655374723,0.2743327537581643,0.8635660199357728,0.4412793968448937,25.0,0.2793382108211517,35.0,0.2168015390634536,,sslae,internal_stratified_val,,style_baseline,supervised_autoencoder,"{1:438,2:62}","{1:7985,2:1058}","{1:31937,2:4231}","{1:31499,2:4169}","{1:88,2:12}"
2026-07-07T13:27:32.608428+00:00,bank-marketing,1461,scarf,0,50,36118,40,10,9043,2,16,51,,,,,,,,,,,,,,,stratified_labeled_val,2,True,8,42,310.79,success,,0.8823399314386818,0.5020841298606911,0.4743004880138296,0.3730084281700527,0.61163843359418,0.1872038283636069,7.0,0.4457719326019287,17.0,0.1452450603246688,17.0,scarf,internal_stratified_val,50.0,paper_faithful_core,SCARF,"{1:42,2:8}","{1:7985,2:1058}","{1:31937,2:4231}","{1:31895,2:4223}","{1:8,2:2}"
2026-07-07T13:32:43.408825+00:00,bank-marketing,1461,scarf,0,100,36068,80,20,9043,2,16,51,,,,,,,,,,,,,,,stratified_labeled_val,2,True,16,84,321.034,success,,0.8830034280659074,0.5,0.4689335212591026,0.3794390658214444,0.5620241994382189,0.1452836870161424,7.0,0.4930149018764496,17.0,0.2221405506134033,17.0,scarf,internal_stratified_val,50.0,paper_faithful_core,SCARF,"{1:84,2:16}","{1:7985,2:1058}","{1:31937,2:4231}","{1:31853,2:4215}","{1:17,2:3}"
2026-07-07T13:38:04.456050+00:00,bank-marketing,1461,scarf,0,250,35918,200,50,9043,2,16,51,,,,,,,,,,,,,,,stratified_labeled_val,2,True,33,217,422.8225,success,,0.8849939179475838,0.523675594480672,0.5171222607874145,0.3160393165108648,0.7626177627474956,0.3261163660654441,19.0,0.2726927697658539,29.0,0.1755401790142059,29.0,scarf,internal_stratified_val,50.0,paper_faithful_core,SCARF,"{1:217,2:33}","{1:7985,2:1058}","{1:31937,2:4231}","{1:31720,2:4198}","{1:43,2:7}"
2026-07-07T13:45:07.292798+00:00,bank-marketing,1461,scarf,0,500,35668,400,100,9043,2,16,51,,,,,,,,,,,,,,,stratified_labeled_val,2,True,62,438,383.3856,success,,0.8898595598805706,0.6756607083461074,0.6978199948413362,0.2753243210833965,0.8705433036660184,0.4701709305280572,27.0,0.2553688287734985,37.0,0.1047813147306442,37.0,scarf,internal_stratified_val,50.0,paper_faithful_core,SCARF,"{1:438,2:62}","{1:7985,2:1058}","{1:31937,2:4231}","{1:31499,2:4169}","{1:88,2:12}"
2026-07-07T13:51:30.694089+00:00,bank-marketing,1461,scarf,1,50,36118,40,10,9043,2,16,51,,,,,,,,,,,,,,,stratified_labeled_val,2,True,8,42,511.6914,success,,0.8832245936083158,0.5066847929660173,0.4836434044143601,0.3480040031037001,0.6573637006059329,0.2571571908094063,13.0,0.500232994556427,23.0,0.0937635079026222,23.0,scarf,internal_stratified_val,50.0,paper_faithful_core,SCARF,"{1:42,2:8}","{1:7985,2:1058}","{1:31937,2:4231}","{1:31895,2:4223}","{1:8,2:2}"
2026-07-07T14:00:02.413091+00:00,bank-marketing,1461,scarf,1,100,36068,80,20,9043,2,16,51,,,,,,,,,,,,,,,stratified_labeled_val,2,True,16,84,408.9667,success,,0.8597810461130156,0.6106620044909347,0.6222227757166698,0.5059021979794807,0.7288630738400096,0.2908488625025956,55.0,0.1951734721660614,65.0,0.0047367331571877,65.0,scarf,internal_stratified_val,50.0,paper_faithful_core,SCARF,"{1:84,2:16}","{1:7985,2:1058}","{1:31937,2:4231}","{1:31853,2:4215}","{1:17,2:3}"
2026-07-07T14:06:51.393051+00:00,bank-marketing,1461,scarf,1,250,35918,200,50,9043,2,16,51,,,,,,,,,,,,,,,stratified_labeled_val,2,True,33,217,649.2391,success,,0.8869844078292602,0.5600603328784003,0.5776795434489042,0.2991919896703844,0.7899885536799269,0.3790324217406965,29.0,0.3419422507286072,39.0,0.1589678227901458,39.0,scarf,internal_stratified_val,50.0,paper_faithful_core,SCARF,"{1:217,2:33}","{1:7985,2:1058}","{1:31937,2:4231}","{1:31720,2:4198}","{1:43,2:7}"
2026-07-07T14:17:40.646352+00:00,bank-marketing,1461,scarf,1,500,35668,400,100,9043,2,16,51,,,,,,,,,,,,,,,stratified_labeled_val,2,True,62,438,498.0917,success,,0.885989162888422,0.5574469142875406,0.5736589152611167,0.2753345890946652,0.8425912006562398,0.4122541434562212,22.0,0.3378559947013855,32.0,0.1716040894389152,32.0,scarf,internal_stratified_val,50.0,paper_faithful_core,SCARF,"{1:438,2:62}","{1:7985,2:1058}","{1:31937,2:4231}","{1:31499,2:4169}","{1:88,2:12}"
2026-07-07T14:25:58.789968+00:00,bank-marketing,1461,scarf,2,50,36118,40,10,9043,2,16,51,,,,,,,,,,,,,,,stratified_labeled_val,2,True,8,42,535.5877,success,,0.8823399314386818,0.5139733290089049,0.4994814698291181,0.3329887777772056,0.7346701577745607,0.277001814989476,24.0,0.3169741630554199,34.0,0.0789882391691207,34.0,scarf,internal_stratified_val,50.0,paper_faithful_core,SCARF,"{1:42,2:8}","{1:7985,2:1058}","{1:31937,2:4231}","{1:31895,2:4223}","{1:8,2:2}"
2026-07-07T14:34:54.392211+00:00,bank-marketing,1461,scarf,2,100,36068,80,20,9043,2,16,51,,,,,,,,,,,,,,,stratified_labeled_val,2,True,16,84,434.323,success,,0.872055733716687,0.6172025643544784,0.6356878481926703,0.3356534208986065,0.7858257389505132,0.3416164296847434,30.0,0.3335110545158386,40.0,0.0568895079195499,40.0,scarf,internal_stratified_val,50.0,paper_faithful_core,SCARF,"{1:84,2:16}","{1:7985,2:1058}","{1:31937,2:4231}","{1:31853,2:4215}","{1:17,2:3}"
2026-07-07T14:42:08.728287+00:00,bank-marketing,1461,scarf,2,250,35918,200,50,9043,2,16,51,,,,,,,,,,,,,,,stratified_labeled_val,2,True,33,217,458.3024,success,,0.8909653875926131,0.6299600029829087,0.6615888279806332,0.2688536570791897,0.8743737963312591,0.4715211436147576,40.0,0.1772384941577911,50.0,0.0904426127672195,50.0,scarf,internal_stratified_val,50.0,paper_faithful_core,SCARF,"{1:217,2:33}","{1:7985,2:1058}","{1:31937,2:4231}","{1:31720,2:4198}","{1:43,2:7}"
2026-07-07T14:49:47.064575+00:00,bank-marketing,1461,scarf,2,500,35668,400,100,9043,2,16,51,,,,,,,,,,,,,,,stratified_labeled_val,2,True,62,438,439.9025,success,,0.8885325666261197,0.5625768661230355,0.5816888796862386,0.2532367032479627,0.8804855038925774,0.4661395967331764,22.0,0.2492413073778152,32.0,0.1549414247274398,32.0,scarf,internal_stratified_val,50.0,paper_faithful_core,SCARF,"{1:438,2:62}","{1:7985,2:1058}","{1:31937,2:4231}","{1:31499,2:4169}","{1:88,2:12}"
2026-07-07T14:57:06.981956+00:00,bank-marketing,1461,vime,0,50,36118,40,10,9043,2,16,51,,,,,,,,,,,,,,,stratified_labeled_val,2,True,8,42,963.3957,success,,0.8830034280659074,0.5,0.4689335212591026,0.3357204874463753,0.7349621750612266,0.2963580903668938,7.0,0.4214233756065368,17.0,0.2167596966028213,17.0,vime,internal_stratified_val,50.0,paper_faithful_core,VIME,"{1:42,2:8}","{1:7985,2:1058}","{1:31937,2:4231}","{1:31895,2:4223}","{1:8,2:2}"
2026-07-07T15:13:10.393519+00:00,bank-marketing,1461,vime,0,100,36068,80,20,9043,2,16,51,,,,,,,,,,,,,,,stratified_labeled_val,2,True,16,84,701.3213,success,,0.8717239854030742,0.6096352092119794,0.6285105973079637,0.3267043332226487,0.7716675761381512,0.3287059645294243,20.0,0.4134056866168976,30.0,0.0862256959080696,30.0,vime,internal_stratified_val,50.0,paper_faithful_core,VIME,"{1:84,2:16}","{1:7985,2:1058}","{1:31937,2:4231}","{1:31853,2:4215}","{1:17,2:3}"
2026-07-07T15:24:51.725394+00:00,bank-marketing,1461,vime,0,250,35918,200,50,9043,2,16,51,,,,,,,,,,,,,,,stratified_labeled_val,2,True,33,217,476.2321,success,,0.8843304213203583,0.5544577912508448,0.5689811326394729,0.2918767657496016,0.8100016216606514,0.3693675781445203,19.0,0.2673887610435486,29.0,0.1841359734535217,29.0,vime,internal_stratified_val,50.0,paper_faithful_core,VIME,"{1:217,2:33}","{1:7985,2:1058}","{1:31937,2:4231}","{1:31720,2:4198}","{1:43,2:7}"
2026-07-07T15:32:47.968350+00:00,bank-marketing,1461,vime,0,500,35668,400,100,9043,2,16,51,,,,,,,,,,,,,,,stratified_labeled_val,2,True,62,438,510.4199,success,,0.8907442220502045,0.647053608313319,0.6765325530951704,0.2630482362629759,0.8738540955217309,0.4687678227229664,24.0,0.2288537919521331,34.0,0.1259383410215377,34.0,vime,internal_stratified_val,50.0,paper_faithful_core,VIME,"{1:438,2:62}","{1:7985,2:1058}","{1:31937,2:4231}","{1:31499,2:4169}","{1:88,2:12}"
2026-07-07T15:41:18.402065+00:00,bank-marketing,1461,vime,1,50,36118,40,10,9043,2,16,51,,,,,,,,,,,,,,,stratified_labeled_val,2,True,8,42,430.5594,success,,0.8830034280659074,0.5,0.4689335212591026,0.4074756254267975,0.4267952789552244,0.0969756740833665,9.0,0.4308662116527557,19.0,0.2567649483680725,19.0,vime,internal_stratified_val,50.0,paper_faithful_core,VIME,"{1:42,2:8}","{1:7985,2:1058}","{1:31937,2:4231}","{1:31895,2:4223}","{1:8,2:2}"
2026-07-07T15:48:28.971126+00:00,bank-marketing,1461,vime,1,100,36068,80,20,9043,2,16,51,,,,,,,,,,,,,,,stratified_labeled_val,2,True,16,84,506.2737,success,,0.8830034280659074,0.5,0.4689335212591026,0.356337684207995,0.6500031959735468,0.1714185772669279,31.0,0.4009933173656463,41.0,0.2002439796924591,41.0,vime,internal_stratified_val,50.0,paper_faithful_core,VIME,"{1:84,2:16}","{1:7985,2:1058}","{1:31937,2:4231}","{1:31853,2:4215}","{1:17,2:3}"
2026-07-07T15:56:55.255170+00:00,bank-marketing,1461,vime,1,250,35918,200,50,9043,2,16,51,,,,,,,,,,,,,,,stratified_labeled_val,2,True,33,217,467.1504,success,,0.8877584872276899,0.583457108259461,0.6093843392682059,0.2670860465188193,0.8576448279086613,0.4363060372662271,45.0,0.336133062839508,55.0,0.1290948539972305,55.0,vime,internal_stratified_val,50.0,paper_faithful_core,VIME,"{1:217,2:33}","{1:7985,2:1058}","{1:31937,2:4231}","{1:31720,2:4198}","{1:43,2:7}"
2026-07-07T16:04:42.416279+00:00,bank-marketing,1461,vime,1,500,35668,400,100,9043,2,16,51,,,,,,,,,,,,,,,stratified_labeled_val,2,True,62,438,501.8643,success,,0.8839986730067455,0.5099929215104408,0.4901352824715959,0.2841750390256072,0.8479587790434094,0.422299029220378,18.0,0.3602616190910339,28.0,0.1847006306052208,28.0,vime,internal_stratified_val,50.0,paper_faithful_core,VIME,"{1:438,2:62}","{1:7985,2:1058}","{1:31937,2:4231}","{1:31499,2:4169}","{1:88,2:12}"
2026-07-07T16:13:04.290483+00:00,bank-marketing,1461,vime,2,50,36118,40,10,9043,2,16,51,,,,,,,,,,,,,,,stratified_labeled_val,2,True,8,42,536.7869,success,,0.8830034280659074,0.5,0.4689335212591026,0.3570472186585587,0.6449474617459721,0.1798875675034228,8.0,0.2339338660240173,18.0,0.2340796440839767,18.0,vime,internal_stratified_val,50.0,paper_faithful_core,VIME,"{1:42,2:8}","{1:7985,2:1058}","{1:31937,2:4231}","{1:31895,2:4223}","{1:8,2:2}"
2026-07-07T16:22:01.090531+00:00,bank-marketing,1461,vime,2,100,36068,80,20,9043,2,16,51,,,,,,,,,,,,,,,stratified_labeled_val,2,True,16,84,457.8608,success,,0.8828928452947031,0.4999373825923607,0.4689023315910025,0.3956825900614912,0.6465526690522045,0.1667866321887185,5.0,0.4985781908035278,15.0,0.3292829990386963,15.0,vime,internal_stratified_val,50.0,paper_faithful_core,VIME,"{1:84,2:16}","{1:7985,2:1058}","{1:31937,2:4231}","{1:31853,2:4215}","{1:17,2:3}"
2026-07-07T16:29:38.965314+00:00,bank-marketing,1461,vime,2,250,35918,200,50,9043,2,16,51,,,,,,,,,,,,,,,stratified_labeled_val,2,True,33,217,462.9401,success,,0.8935087913303107,0.6445193196600905,0.6769474511152784,0.2725192042741049,0.8698372302509549,0.4676657940262624,40.0,0.1525685787200927,50.0,0.1173859238624572,50.0,vime,internal_stratified_val,50.0,paper_faithful_core,VIME,"{1:217,2:33}","{1:7985,2:1058}","{1:31937,2:4231}","{1:31720,2:4198}","{1:43,2:7}"
2026-07-07T16:37:21.915773+00:00,bank-marketing,1461,vime,2,500,35668,400,100,9043,2,16,51,,,,,,,,,,,,,,,stratified_labeled_val,2,True,62,438,523.7562,success,,0.8886431493973239,0.5773984893698368,0.6020942538777596,0.2602557175808536,0.8767931483061934,0.471912783558691,20.0,0.2530952095985412,30.0,0.1701562330126762,30.0,vime,internal_stratified_val,50.0,paper_faithful_core,VIME,"{1:438,2:62}","{1:7985,2:1058}","{1:31937,2:4231}","{1:31499,2:4169}","{1:88,2:12}"
2026-07-07T16:46:39.586826+00:00,electricity,151,logistic_regression,0,50,36199,40,10,9063,2,8,14,,,,,,,,,,,,,,,stratified_labeled_val,2,True,22,28,0.3905,success,,0.6686527639854353,0.6559150150593104,0.6571220105391163,0.607014000415802,0.7384905657556664,0.6799698179872867,,,,,,,,,,,"{DOWN:28,UP:22}","{DOWN:5215,UP:3848}","{DOWN:20860,UP:15389}","{DOWN:20832,UP:15367}","{DOWN:6,UP:4}"
2026-07-07T16:46:39.989580+00:00,electricity,151,logistic_regression,0,100,36149,80,20,9063,2,8,14,,,,,,,,,,,,,,,stratified_labeled_val,2,True,43,57,0.3413,success,,0.7300011033873993,0.7057145647749674,0.7091984884305649,0.5434526205062866,0.7912347538186464,0.7586778073760412,,,,,,,,,,,"{DOWN:57,UP:43}","{DOWN:5215,UP:3848}","{DOWN:20860,UP:15389}","{DOWN:20803,UP:15346}","{DOWN:11,UP:9}"
2026-07-07T16:46:40.336229+00:00,electricity,151,logistic_regression,0,250,35999,200,50,9063,2,8,14,,,,,,,,,,,,,,,stratified_labeled_val,2,True,107,143,0.2853,success,,0.7515171576740594,0.7335047480181709,0.7376310477246496,0.5288903117179871,0.8030989937869132,0.7776375354762333,,,,,,,,,,,"{DOWN:143,UP:107}","{DOWN:5215,UP:3848}","{DOWN:20860,UP:15389}","{DOWN:20717,UP:15282}","{DOWN:29,UP:21}"
2026-07-07T16:46:40.626466+00:00,electricity,151,logistic_regression,0,500,35749,400,100,9063,2,8,14,,,,,,,,,,,,,,,stratified_labeled_val,2,True,213,287,0.3404,success,,0.762109676707492,0.7408697075643385,0.7459008795600139,0.5114597082138062,0.8206468028615679,0.7895321372405685,,,,,,,,,,,"{DOWN:287,UP:213}","{DOWN:5215,UP:3848}","{DOWN:20860,UP:15389}","{DOWN:20573,UP:15176}","{DOWN:57,UP:43}"
2026-07-07T16:46:40.974036+00:00,electricity,151,logistic_regression,1,50,36199,40,10,9063,2,8,14,,,,,,,,,,,,,,,stratified_labeled_val,2,True,22,28,0.3317,success,,0.6797969767185259,0.6793590025972576,0.6762016579333322,0.6360241770744324,0.7332224233230945,0.7031120035493033,,,,,,,,,,,"{DOWN:28,UP:22}","{DOWN:5215,UP:3848}","{DOWN:20860,UP:15389}","{DOWN:20832,UP:15367}","{DOWN:6,UP:4}"
2026-07-07T16:46:41.315270+00:00,electricity,151,logistic_regression,1,100,36149,80,20,9063,2,8,14,,,,,,,,,,,,,,,stratified_labeled_val,2,True,43,57,0.3489,success,,0.715546728456361,0.7092992487287789,0.7091407799410384,0.614525556564331,0.7679323397444202,0.736357084815348,,,,,,,,,,,"{DOWN:57,UP:43}","{DOWN:5215,UP:3848}","{DOWN:20860,UP:15389}","{DOWN:20803,UP:15346}","{DOWN:11,UP:9}"
2026-07-07T16:46:41.670403+00:00,electricity,151,logistic_regression,1,250,35999,200,50,9063,2,8,14,,,,,,,,,,,,,,,stratified_labeled_val,2,True,107,143,0.3281,success,,0.7431314134392585,0.7302712569491093,0.7329334693374538,0.5260609984397888,0.8094878140180153,0.7725056995857238,,,,,,,,,,,"{DOWN:143,UP:107}","{DOWN:5215,UP:3848}","{DOWN:20860,UP:15389}","{DOWN:20717,UP:15282}","{DOWN:29,UP:21}"
2026-07-07T16:46:42.006581+00:00,electricity,151,logistic_regression,1,500,35749,400,100,9063,2,8,14,,,,,,,,,,,,,,,stratified_labeled_val,2,True,213,287,0.3649,success,,0.7479863179962485,0.7279843297460747,0.7322522130052117,0.518427848815918,0.8139016321063302,0.7809878736698282,,,,,,,,,,,"{DOWN:287,UP:213}","{DOWN:5215,UP:3848}","{DOWN:20860,UP:15389}","{DOWN:20573,UP:15176}","{DOWN:57,UP:43}"
2026-07-07T16:46:42.378352+00:00,electricity,151,logistic_regression,2,50,36199,40,10,9063,2,8,14,,,,,,,,,,,,,,,stratified_labeled_val,2,True,22,28,0.3399,success,,0.6767074920004413,0.676980982014539,0.6734222268267263,0.6139340996742249,0.7512828818197945,0.691420004255785,,,,,,,,,,,"{DOWN:28,UP:22}","{DOWN:5215,UP:3848}","{DOWN:20860,UP:15389}","{DOWN:20832,UP:15367}","{DOWN:6,UP:4}"
2026-07-07T16:46:42.724337+00:00,electricity,151,logistic_regression,2,100,36149,80,20,9063,2,8,14,,,,,,,,,,,,,,,stratified_labeled_val,2,True,43,57,0.3444,success,,0.7441244620986428,0.7304870057386836,0.7333966952480276,0.5290852785110474,0.8057476284825278,0.7693563232728784,,,,,,,,,,,"{DOWN:57,UP:43}","{DOWN:5215,UP:3848}","{DOWN:20860,UP:15389}","{DOWN:20803,UP:15346}","{DOWN:11,UP:9}"
2026-07-07T16:46:43.078450+00:00,electricity,151,logistic_regression,2,250,35999,200,50,9063,2,8,14,,,,,,,,,,,,,,,stratified_labeled_val,2,True,107,143,0.3671,success,,0.750524109014675,0.73482171510695,0.738440273072612,0.5210948586463928,0.8106966949248828,0.7781747126412435,,,,,,,,,,,"{DOWN:143,UP:107}","{DOWN:5215,UP:3848}","{DOWN:20860,UP:15389}","{DOWN:20717,UP:15282}","{DOWN:29,UP:21}"
2026-07-07T16:46:43.452601+00:00,electricity,151,logistic_regression,2,500,35749,400,100,9063,2,8,14,,,,,,,,,,,,,,,stratified_labeled_val,2,True,213,287,0.3259,success,,0.7554893523115966,0.7394086753986082,0.7432730184442071,0.5127906203269958,0.8177206024521461,0.7841762887113228,,,,,,,,,,,"{DOWN:287,UP:213}","{DOWN:5215,UP:3848}","{DOWN:20860,UP:15389}","{DOWN:20573,UP:15176}","{DOWN:57,UP:43}"
2026-07-07T16:46:43.783386+00:00,electricity,151,random_forest,0,50,36199,40,10,9063,2,8,14,,,,,,,,,,,,,,,stratified_labeled_val,2,True,22,28,1.5845,success,,0.6918238993710691,0.6742099841932057,0.6763775795691118,0.5703084369276858,0.7598743379783649,0.7241990405664345,,,,,,,,,,,"{DOWN:28,UP:22}","{DOWN:5215,UP:3848}","{DOWN:20860,UP:15389}","{DOWN:20832,UP:15367}","{DOWN:6,UP:4}"
2026-07-07T16:46:45.373982+00:00,electricity,151,random_forest,0,100,36149,80,20,9063,2,8,14,,,,,,,,,,,,,,,stratified_labeled_val,2,True,43,57,1.9825,success,,0.7453381882378903,0.71624855735594,0.7199866026679004,0.5201822894906759,0.8092513350063686,0.7869356798081875,,,,,,,,,,,"{DOWN:57,UP:43}","{DOWN:5215,UP:3848}","{DOWN:20860,UP:15389}","{DOWN:20803,UP:15346}","{DOWN:11,UP:9}"
2026-07-07T16:46:47.364789+00:00,electricity,151,random_forest,0,250,35999,200,50,9063,2,8,14,,,,,,,,,,,,,,,stratified_labeled_val,2,True,107,143,1.9647,success,,0.7671852587443452,0.7460293900730142,0.7512926638103347,0.480621001741508,0.8428873162933566,0.8106053873030331,,,,,,,,,,,"{DOWN:143,UP:107}","{DOWN:5215,UP:3848}","{DOWN:20860,UP:15389}","{DOWN:20717,UP:15282}","{DOWN:29,UP:21}"
2026-07-07T16:46:49.342006+00:00,electricity,151,random_forest,0,500,35749,400,100,9063,2,8,14,,,,,,,,,,,,,,,stratified_labeled_val,2,True,213,287,1.8052,success,,0.7843981021736732,0.7700122388041851,0.7743001931609108,0.4646346206673892,0.8595322643980362,0.8204414054494711,,,,,,,,,,,"{DOWN:287,UP:213}","{DOWN:5215,UP:3848}","{DOWN:20860,UP:15389}","{DOWN:20573,UP:15176}","{DOWN:57,UP:43}"
2026-07-07T16:46:51.155305+00:00,electricity,151,random_forest,1,50,36199,40,10,9063,2,8,14,,,,,,,,,,,,,,,stratified_labeled_val,2,True,22,28,2.0598,success,,0.6428334988414433,0.6455030367782045,0.6405522841316087,0.6841834036058452,0.709957682440904,0.6609701800675485,,,,,,,,,,,"{DOWN:28,UP:22}","{DOWN:5215,UP:3848}","{DOWN:20860,UP:15389}","{DOWN:20832,UP:15367}","{DOWN:6,UP:4}"
2026-07-07T16:46:53.230836+00:00,electricity,151,random_forest,1,100,36149,80,20,9063,2,8,14,,,,,,,,,,,,,,,stratified_labeled_val,2,True,43,57,1.7361,success,,0.7334216043252786,0.7241161002067042,0.7254000347736367,0.5650285873232652,0.7825652603337167,0.7486889902487118,,,,,,,,,,,"{DOWN:57,UP:43}","{DOWN:5215,UP:3848}","{DOWN:20860,UP:15389}","{DOWN:20803,UP:15346}","{DOWN:11,UP:9}"
2026-07-07T16:46:54.976490+00:00,electricity,151,random_forest,1,250,35999,200,50,9063,2,8,14,,,,,,,,,,,,,,,stratified_labeled_val,2,True,107,143,1.8627,success,,0.7740262606201037,0.7586836707642077,0.762950756962733,0.4899655189743204,0.8413035472599231,0.7940230329425684,,,,,,,,,,,"{DOWN:143,UP:107}","{DOWN:5215,UP:3848}","{DOWN:20860,UP:15389}","{DOWN:20717,UP:15282}","{DOWN:29,UP:21}"
2026-07-07T16:46:56.847347+00:00,electricity,151,random_forest,1,500,35749,400,100,9063,2,8,14,,,,,,,,,,,,,,,stratified_labeled_val,2,True,213,287,2.2831,success,,0.7842877634337416,0.7662719037719037,0.7716762767791252,0.4739939564409068,0.853158543343107,0.8172341090437116,,,,,,,,,,,"{DOWN:287,UP:213}","{DOWN:5215,UP:3848}","{DOWN:20860,UP:15389}","{DOWN:20573,UP:15176}","{DOWN:57,UP:43}"
2026-07-07T16:46:59.144796+00:00,electricity,151,random_forest,2,50,36199,40,10,9063,2,8,14,,,,,,,,,,,,,,,stratified_labeled_val,2,True,22,28,1.7033,success,,0.7372834602228843,0.7267565374947925,0.7285458304430242,0.5335886152177647,0.8014119723012341,0.7530766468133516,,,,,,,,,,,"{DOWN:28,UP:22}","{DOWN:5215,UP:3848}","{DOWN:20860,UP:15389}","{DOWN:20832,UP:15367}","{DOWN:6,UP:4}"
2026-07-07T16:47:00.863866+00:00,electricity,151,random_forest,2,100,36149,80,20,9063,2,8,14,,,,,,,,,,,,,,,stratified_labeled_val,2,True,43,57,1.7594,success,,0.7474346242965906,0.7326480566413451,0.7359514091290711,0.5256258575473504,0.8028360040105007,0.7624159089822706,,,,,,,,,,,"{DOWN:57,UP:43}","{DOWN:5215,UP:3848}","{DOWN:20860,UP:15389}","{DOWN:20803,UP:15346}","{DOWN:11,UP:9}"
2026-07-07T16:47:02.633260+00:00,electricity,151,random_forest,2,250,35999,200,50,9063,2,8,14,,,,,,,,,,,,,,,stratified_labeled_val,2,True,107,143,1.8204,success,,0.7651991614255765,0.7531252304742238,0.7560515360733389,0.5028142967069683,0.8269802843628346,0.7785087963338873,,,,,,,,,,,"{DOWN:143,UP:107}","{DOWN:5215,UP:3848}","{DOWN:20860,UP:15389}","{DOWN:20717,UP:15282}","{DOWN:29,UP:21}"
2026-07-07T16:47:04.462149+00:00,electricity,151,random_forest,2,500,35749,400,100,9063,2,8,14,,,,,,,,,,,,,,,stratified_labeled_val,2,True,213,287,1.9131,success,,0.7775571002979146,0.7651918392690205,0.7685381468121442,0.4740205328784913,0.8514153359790945,0.8078031866874273,,,,,,,,,,,"{DOWN:287,UP:213}","{DOWN:5215,UP:3848}","{DOWN:20860,UP:15389}","{DOWN:20573,UP:15176}","{DOWN:57,UP:43}"
2026-07-07T16:47:06.383502+00:00,electricity,151,xgboost,0,50,36199,40,10,9063,2,8,14,,,,,,,,,,,,,,,stratified_labeled_val,2,True,22,28,1.1657,success,,0.6913825444113428,0.67924207118838,0.6806961996815555,0.6603243350982666,0.7560143058465206,0.7015108236996486,,,,,,,,,,,"{DOWN:28,UP:22}","{DOWN:5215,UP:3848}","{DOWN:20860,UP:15389}","{DOWN:20832,UP:15367}","{DOWN:6,UP:4}"
2026-07-07T16:47:07.559647+00:00,electricity,151,xgboost,0,100,36149,80,20,9063,2,8,14,,,,,,,,,,,,,,,stratified_labeled_val,2,True,43,57,1.5091,success,,0.7433520909191217,0.7262735881024471,0.7299499902692244,0.589462161064148,0.8168305234580403,0.7824261540179178,,,,,,,,,,,"{DOWN:57,UP:43}","{DOWN:5215,UP:3848}","{DOWN:20860,UP:15389}","{DOWN:20803,UP:15346}","{DOWN:11,UP:9}"
2026-07-07T16:47:09.077761+00:00,electricity,151,xgboost,0,250,35999,200,50,9063,2,8,14,,,,,,,,,,,,,,,stratified_labeled_val,2,True,107,143,1.9035,success,,0.7785501489572989,0.7640451739445028,0.7681896699568135,0.6061004400253296,0.8445613066418437,0.8061608134760472,,,,,,,,,,,"{DOWN:143,UP:107}","{DOWN:5215,UP:3848}","{DOWN:20860,UP:15389}","{DOWN:20717,UP:15282}","{DOWN:29,UP:21}"
2026-07-07T16:47:10.993496+00:00,electricity,151,xgboost,0,500,35749,400,100,9063,2,8,14,,,,,,,,,,,,,,,stratified_labeled_val,2,True,213,287,2.2188,success,,0.7878186031115525,0.779762444611438,0.7814253904996784,0.5491468906402588,0.8613441157065317,0.8234305416041886,,,,,,,,,,,"{DOWN:287,UP:213}","{DOWN:5215,UP:3848}","{DOWN:20860,UP:15389}","{DOWN:20573,UP:15176}","{DOWN:57,UP:43}"
2026-07-07T16:47:13.223079+00:00,electricity,151,xgboost,1,50,36199,40,10,9063,2,8,14,,,,,,,,,,,,,,,stratified_labeled_val,2,True,22,28,1.2358,success,,0.6427231601015116,0.6399575030447513,0.6379464341232632,0.8972253799438477,0.6830921617834369,0.6356282851932137,,,,,,,,,,,"{DOWN:28,UP:22}","{DOWN:5215,UP:3848}","{DOWN:20860,UP:15389}","{DOWN:20832,UP:15367}","{DOWN:6,UP:4}"
2026-07-07T16:47:14.468399+00:00,electricity,151,xgboost,1,100,36149,80,20,9063,2,8,14,,,,,,,,,,,,,,,stratified_labeled_val,2,True,43,57,1.531,success,,0.7195189230938983,0.7140451241122383,0.713580381183581,0.7701433300971985,0.7661438099357563,0.7211226241640278,,,,,,,,,,,"{DOWN:57,UP:43}","{DOWN:5215,UP:3848}","{DOWN:20860,UP:15389}","{DOWN:20803,UP:15346}","{DOWN:11,UP:9}"
2026-07-07T16:47:16.010598+00:00,electricity,151,xgboost,1,250,35999,200,50,9063,2,8,14,,,,,,,,,,,,,,,stratified_labeled_val,2,True,107,143,2.3112,success,,0.7647578064658501,0.7557390324168848,0.7574320830983268,0.6016327738761902,0.835185939128892,0.792309657911354,,,,,,,,,,,"{DOWN:143,UP:107}","{DOWN:5215,UP:3848}","{DOWN:20860,UP:15389}","{DOWN:20717,UP:15282}","{DOWN:29,UP:21}"
2026-07-07T16:47:18.333922+00:00,electricity,151,xgboost,1,500,35749,400,100,9063,2,8,14,,,,,,,,,,,,,,,stratified_labeled_val,2,True,213,287,2.5911,success,,0.7759020191989408,0.7645030078754911,0.7674276713309833,0.5681178569793701,0.8488556269596539,0.8139383913126226,,,,,,,,,,,"{DOWN:287,UP:213}","{DOWN:5215,UP:3848}","{DOWN:20860,UP:15389}","{DOWN:20573,UP:15176}","{DOWN:57,UP:43}"
2026-07-07T16:47:20.938203+00:00,electricity,151,xgboost,2,50,36199,40,10,9063,2,8,14,,,,,,,,,,,,,,,stratified_labeled_val,2,True,22,28,1.3906,success,,0.7302217808672625,0.718985494824421,0.720880303261138,0.6085113286972046,0.7940245633198655,0.7521342261163787,,,,,,,,,,,"{DOWN:28,UP:22}","{DOWN:5215,UP:3848}","{DOWN:20860,UP:15389}","{DOWN:20832,UP:15367}","{DOWN:6,UP:4}"
2026-07-07T16:47:22.338249+00:00,electricity,151,xgboost,2,100,36149,80,20,9063,2,8,14,,,,,,,,,,,,,,,stratified_labeled_val,2,True,43,57,1.9877,success,,0.7309941520467836,0.7201334807039506,0.7219217903249759,0.6770690679550171,0.7828931317186351,0.7409163278060531,,,,,,,,,,,"{DOWN:57,UP:43}","{DOWN:5215,UP:3848}","{DOWN:20860,UP:15389}","{DOWN:20803,UP:15346}","{DOWN:11,UP:9}"
2026-07-07T16:47:24.337617+00:00,electricity,151,xgboost,2,250,35999,200,50,9063,2,8,14,,,,,,,,,,,,,,,stratified_labeled_val,2,True,107,143,2.7276,success,,0.768840339843319,0.7607851471945432,0.7621137441495778,0.6324243545532227,0.8260126414488832,0.7736914654497641,,,,,,,,,,,"{DOWN:143,UP:107}","{DOWN:5215,UP:3848}","{DOWN:20860,UP:15389}","{DOWN:20717,UP:15282}","{DOWN:29,UP:21}"
2026-07-07T16:47:27.077936+00:00,electricity,151,xgboost,2,500,35749,400,100,9063,2,8,14,,,,,,,,,,,,,,,stratified_labeled_val,2,True,213,287,2.5099,success,,0.7759020191989408,0.7662741462238107,0.7684487953086023,0.5517449378967285,0.8520758128140679,0.8140637990677485,,,,,,,,,,,"{DOWN:287,UP:213}","{DOWN:5215,UP:3848}","{DOWN:20860,UP:15389}","{DOWN:20573,UP:15176}","{DOWN:57,UP:43}"
2026-07-07T16:47:29.601310+00:00,electricity,151,lightgbm,0,50,36199,40,10,9063,2,8,14,,,,,,,,,,,,,,,stratified_labeled_val,2,True,22,28,1.3749,success,,0.5754165287432418,0.5,0.3652472335060933,0.6640642776362654,0.6245283874478506,0.500833730601211,,,,,,,,,,,"{DOWN:28,UP:22}","{DOWN:5215,UP:3848}","{DOWN:20860,UP:15389}","{DOWN:20832,UP:15367}","{DOWN:6,UP:4}"
2026-07-07T16:47:30.987922+00:00,electricity,151,lightgbm,0,100,36149,80,20,9063,2,8,14,,,,,,,,,,,,,,,stratified_labeled_val,2,True,43,57,1.193,success,,0.7494207216153591,0.741185918199341,0.7422856670982967,0.5646774297911303,0.8114244951493274,0.7579584481240622,,,,,,,,,,,"{DOWN:57,UP:43}","{DOWN:5215,UP:3848}","{DOWN:20860,UP:15389}","{DOWN:20803,UP:15346}","{DOWN:11,UP:9}"
2026-07-07T16:47:32.190799+00:00,electricity,151,lightgbm,0,250,35999,200,50,9063,2,8,14,,,,,,,,,,,,,,,stratified_labeled_val,2,True,107,143,3.0106,success,,0.7665232263047556,0.7560809565004196,0.758408440474116,0.7790377564470611,0.8372266700286835,0.7943367251472823,,,,,,,,,,,"{DOWN:143,UP:107}","{DOWN:5215,UP:3848}","{DOWN:20860,UP:15389}","{DOWN:20717,UP:15282}","{DOWN:29,UP:21}"
2026-07-07T16:47:35.213842+00:00,electricity,151,lightgbm,0,500,35749,400,100,9063,2,8,14,,,,,,,,,,,,,,,stratified_labeled_val,2,True,213,287,3.985,success,,0.7834050535142889,0.7752461464709787,0.7768788567607221,0.7103616642405396,0.8544769555675595,0.8148189970336351,,,,,,,,,,,"{DOWN:287,UP:213}","{DOWN:5215,UP:3848}","{DOWN:20860,UP:15389}","{DOWN:20573,UP:15176}","{DOWN:57,UP:43}"
2026-07-07T16:47:39.210661+00:00,electricity,151,lightgbm,1,50,36199,40,10,9063,2,8,14,,,,,,,,,,,,,,,stratified_labeled_val,2,True,22,28,1.1918,success,,0.5754165287432418,0.5,0.3652472335060933,0.6636219220076297,0.6198866116651351,0.5018632848958431,,,,,,,,,,,"{DOWN:28,UP:22}","{DOWN:5215,UP:3848}","{DOWN:20860,UP:15389}","{DOWN:20832,UP:15367}","{DOWN:6,UP:4}"
2026-07-07T16:47:40.412579+00:00,electricity,151,lightgbm,1,100,36149,80,20,9063,2,8,14,,,,,,,,,,,,,,,stratified_labeled_val,2,True,43,57,1.2862,success,,0.7162087608959505,0.7093976674513587,0.709482766958129,0.7303954167518104,0.7550885967832277,0.6928801214921393,,,,,,,,,,,"{DOWN:57,UP:43}","{DOWN:5215,UP:3848}","{DOWN:20860,UP:15389}","{DOWN:20803,UP:15346}","{DOWN:11,UP:9}"
2026-07-07T16:47:41.710511+00:00,electricity,151,lightgbm,1,250,35999,200,50,9063,2,8,14,,,,,,,,,,,,,,,stratified_labeled_val,2,True,107,143,2.3351,success,,0.7602339181286549,0.7531023574647735,0.7538638136519298,0.7114083798626722,0.8287333335991054,0.7801263759816821,,,,,,,,,,,"{DOWN:143,UP:107}","{DOWN:5215,UP:3848}","{DOWN:20860,UP:15389}","{DOWN:20717,UP:15282}","{DOWN:29,UP:21}"
2026-07-07T16:47:44.056689+00:00,electricity,151,lightgbm,1,500,35749,400,100,9063,2,8,14,,,,,,,,,,,,,,,stratified_labeled_val,2,True,213,287,3.074,success,,0.768288646143661,0.757172208346705,0.7598076977441058,0.7337386246650532,0.8369316381061348,0.7996831694739658,,,,,,,,,,,"{DOWN:287,UP:213}","{DOWN:5215,UP:3848}","{DOWN:20860,UP:15389}","{DOWN:20573,UP:15176}","{DOWN:57,UP:43}"
2026-07-07T16:47:47.140109+00:00,electricity,151,lightgbm,2,50,36199,40,10,9063,2,8,14,,,,,,,,,,,,,,,stratified_labeled_val,2,True,22,28,0.4479,success,,0.5754165287432418,0.5,0.3652472335060933,0.6830384612144486,0.5,0.4245834712567582,,,,,,,,,,,"{DOWN:28,UP:22}","{DOWN:5215,UP:3848}","{DOWN:20860,UP:15389}","{DOWN:20832,UP:15367}","{DOWN:6,UP:4}"
2026-07-07T16:47:47.595779+00:00,electricity,151,lightgbm,2,100,36149,80,20,9063,2,8,14,,,,,,,,,,,,,,,stratified_labeled_val,2,True,43,57,1.1543,success,,0.7315458457464415,0.724700109431653,0.7249640945480403,0.6099714633175508,0.7882436219684541,0.741287465466359,,,,,,,,,,,"{DOWN:57,UP:43}","{DOWN:5215,UP:3848}","{DOWN:20860,UP:15389}","{DOWN:20803,UP:15346}","{DOWN:11,UP:9}"
2026-07-07T16:47:48.760236+00:00,electricity,151,lightgbm,2,250,35999,200,50,9063,2,8,14,,,,,,,,,,,,,,,stratified_labeled_val,2,True,107,143,1.9122,success,,0.7634337415866711,0.7534985738005873,0.755555835112574,0.7299306813375461,0.8214612613941473,0.767088006149889,,,,,,,,,,,"{DOWN:143,UP:107}","{DOWN:5215,UP:3848}","{DOWN:20860,UP:15389}","{DOWN:20717,UP:15282}","{DOWN:29,UP:21}"
2026-07-07T16:47:50.681690+00:00,electricity,151,lightgbm,2,500,35749,400,100,9063,2,8,14,,,,,,,,,,,,,,,stratified_labeled_val,2,True,213,287,3.6747,success,,0.7729228732207878,0.7623911663341194,0.7648921857143159,0.7110942095273891,0.8508429875040614,0.8151662795545953,,,,,,,,,,,"{DOWN:287,UP:213}","{DOWN:5215,UP:3848}","{DOWN:20860,UP:15389}","{DOWN:20573,UP:15176}","{DOWN:57,UP:43}"
2026-07-07T16:47:54.367518+00:00,electricity,151,catboost,0,50,36199,40,10,9063,2,8,14,,,,,,,,,,,,,,,stratified_labeled_val,2,True,22,28,3.8519,success,,0.7269116186693148,0.7083434160615368,0.7116659157392463,0.9872157939628042,0.7624618284853184,0.6917714034769679,,,,,,,,,,,"{DOWN:28,UP:22}","{DOWN:5215,UP:3848}","{DOWN:20860,UP:15389}","{DOWN:20832,UP:15367}","{DOWN:6,UP:4}"
2026-07-07T16:47:58.230203+00:00,electricity,151,catboost,0,100,36149,80,20,9063,2,8,14,,,,,,,,,,,,,,,stratified_labeled_val,2,True,43,57,2.8146,success,,0.7361800728235683,0.7177935818036489,0.7214219348627173,0.7671410336737098,0.8040172030943843,0.7777860667237113,,,,,,,,,,,"{DOWN:57,UP:43}","{DOWN:5215,UP:3848}","{DOWN:20860,UP:15389}","{DOWN:20803,UP:15346}","{DOWN:11,UP:9}"
2026-07-07T16:48:01.056004+00:00,electricity,151,catboost,0,250,35999,200,50,9063,2,8,14,,,,,,,,,,,,,,,stratified_labeled_val,2,True,107,143,3.5314,success,,0.771819485821472,0.7557783749897844,0.760175385886314,0.632176452237301,0.8473854256572377,0.8068053955374878,,,,,,,,,,,"{DOWN:143,UP:107}","{DOWN:5215,UP:3848}","{DOWN:20860,UP:15389}","{DOWN:20717,UP:15282}","{DOWN:29,UP:21}"
2026-07-07T16:48:04.599280+00:00,electricity,151,catboost,0,500,35749,400,100,9063,2,8,14,,,,,,,,,,,,,,,stratified_labeled_val,2,True,213,287,4.2186,success,,0.7802052300562727,0.7724316450826518,0.7738179799053952,0.5380819245077767,0.8563521187682261,0.8170616652143945,,,,,,,,,,,"{DOWN:287,UP:213}","{DOWN:5215,UP:3848}","{DOWN:20860,UP:15389}","{DOWN:20573,UP:15176}","{DOWN:57,UP:43}"
2026-07-07T16:48:08.827866+00:00,electricity,151,catboost,1,50,36199,40,10,9063,2,8,14,,,,,,,,,,,,,,,stratified_labeled_val,2,True,22,28,2.2623,success,,0.6536466953547391,0.6612001752102423,0.6527906980065007,1.2570845184894428,0.7182138422071308,0.6673220752218261,,,,,,,,,,,"{DOWN:28,UP:22}","{DOWN:5215,UP:3848}","{DOWN:20860,UP:15389}","{DOWN:20832,UP:15367}","{DOWN:6,UP:4}"
2026-07-07T16:48:11.099831+00:00,electricity,151,catboost,1,100,36149,80,20,9063,2,8,14,,,,,,,,,,,,,,,stratified_labeled_val,2,True,43,57,2.6895,success,,0.7269116186693148,0.7188680650928974,0.7195742234604732,0.816928829049784,0.783523036459278,0.7387082377985816,,,,,,,,,,,"{DOWN:57,UP:43}","{DOWN:5215,UP:3848}","{DOWN:20860,UP:15389}","{DOWN:20803,UP:15346}","{DOWN:11,UP:9}"
2026-07-07T16:48:13.797425+00:00,electricity,151,catboost,1,250,35999,200,50,9063,2,8,14,,,,,,,,,,,,,,,stratified_labeled_val,2,True,107,143,3.1445,success,,0.7680679686637979,0.7569123330868297,0.7595582604695459,0.5763053482941678,0.8382250843660239,0.8007820030865803,,,,,,,,,,,"{DOWN:143,UP:107}","{DOWN:5215,UP:3848}","{DOWN:20860,UP:15389}","{DOWN:20717,UP:15282}","{DOWN:29,UP:21}"
2026-07-07T16:48:16.953372+00:00,electricity,151,catboost,1,500,35749,400,100,9063,2,8,14,,,,,,,,,,,,,,,stratified_labeled_val,2,True,213,287,4.0503,success,,0.7789915039170253,0.7667788473996529,0.7701035093328228,0.535080091771051,0.8465571386712327,0.8137150615116207,,,,,,,,,,,"{DOWN:287,UP:213}","{DOWN:5215,UP:3848}","{DOWN:20860,UP:15389}","{DOWN:20573,UP:15176}","{DOWN:57,UP:43}"
2026-07-07T16:48:21.011412+00:00,electricity,151,catboost,2,50,36199,40,10,9063,2,8,14,,,,,,,,,,,,,,,stratified_labeled_val,2,True,22,28,1.9825,success,,0.7195189230938983,0.7178258232788435,0.7154557742671285,0.99732289795277,0.7701141707014191,0.7223527243145098,,,,,,,,,,,"{DOWN:28,UP:22}","{DOWN:5215,UP:3848}","{DOWN:20860,UP:15389}","{DOWN:20832,UP:15367}","{DOWN:6,UP:4}"
2026-07-07T16:48:23.005761+00:00,electricity,151,catboost,2,100,36149,80,20,9063,2,8,14,,,,,,,,,,,,,,,stratified_labeled_val,2,True,43,57,2.2422,success,,0.72658060244952,0.7161962085619804,0.7177506988958928,0.8353316941562359,0.8011383931685946,0.7604793805953811,,,,,,,,,,,"{DOWN:57,UP:43}","{DOWN:5215,UP:3848}","{DOWN:20860,UP:15389}","{DOWN:20803,UP:15346}","{DOWN:11,UP:9}"
2026-07-07T16:48:25.260515+00:00,electricity,151,catboost,2,250,35999,200,50,9063,2,8,14,,,,,,,,,,,,,,,stratified_labeled_val,2,True,107,143,3.7035,success,,0.7530619000331016,0.7444861097545661,0.7457885332960345,0.6640239737093274,0.8225557274214992,0.7735897981962746,,,,,,,,,,,"{DOWN:143,UP:107}","{DOWN:5215,UP:3848}","{DOWN:20860,UP:15389}","{DOWN:20717,UP:15282}","{DOWN:29,UP:21}"
2026-07-07T16:48:28.973606+00:00,electricity,151,catboost,2,500,35749,400,100,9063,2,8,14,,,,,,,,,,,,,,,stratified_labeled_val,2,True,213,287,4.5905,success,,0.7759020191989408,0.7654907581082078,0.7680060537630675,0.5195996911474978,0.8536299067339336,0.814790864272675,,,,,,,,,,,"{DOWN:287,UP:213}","{DOWN:5215,UP:3848}","{DOWN:20860,UP:15389}","{DOWN:20573,UP:15176}","{DOWN:57,UP:43}"
2026-07-07T16:48:33.573361+00:00,electricity,151,mlp,0,50,36199,40,10,9063,2,8,14,,,,,,,,,,,,,,,stratified_labeled_val,2,True,22,28,0.4016,success,,0.6288204788701313,0.6243006290825083,0.623011644128925,0.6676636338233948,0.6820058433313467,0.6212962288486858,,,,,,,,,,,"{DOWN:28,UP:22}","{DOWN:5215,UP:3848}","{DOWN:20860,UP:15389}","{DOWN:20832,UP:15367}","{DOWN:6,UP:4}"
2026-07-07T16:48:33.982821+00:00,electricity,151,mlp,0,100,36149,80,20,9063,2,8,14,,,,,,,,,,,,,,,stratified_labeled_val,2,True,43,57,0.5965,success,,0.6861966236345581,0.652835032281341,0.6504841524944756,0.6528465151786804,0.7253253299394238,0.6800085152169291,,,,,,,,,,,"{DOWN:57,UP:43}","{DOWN:5215,UP:3848}","{DOWN:20860,UP:15389}","{DOWN:20803,UP:15346}","{DOWN:11,UP:9}"
2026-07-07T16:48:34.590054+00:00,electricity,151,mlp,0,250,35999,200,50,9063,2,8,14,,,,,,,,,,,,,,,stratified_labeled_val,2,True,107,143,0.7294,success,,0.6599360035308397,0.6416308206576663,0.6429455969517358,0.6623436212539673,0.7027490716249105,0.6491941588711154,,,,,,,,,,,"{DOWN:143,UP:107}","{DOWN:5215,UP:3848}","{DOWN:20860,UP:15389}","{DOWN:20717,UP:15282}","{DOWN:29,UP:21}"
2026-07-07T16:48:35.332082+00:00,electricity,151,mlp,0,500,35749,400,100,9063,2,8,14,,,,,,,,,,,,,,,stratified_labeled_val,2,True,213,287,0.6983,success,,0.7181948582147192,0.6846585642726583,0.6847740953616941,0.5738000273704529,0.7824258296573734,0.7337390779955105,,,,,,,,,,,"{DOWN:287,UP:213}","{DOWN:5215,UP:3848}","{DOWN:20860,UP:15389}","{DOWN:20573,UP:15176}","{DOWN:57,UP:43}"
2026-07-07T16:48:36.040771+00:00,electricity,151,mlp,1,50,36199,40,10,9063,2,8,14,,,,,,,,,,,,,,,stratified_labeled_val,2,True,22,28,0.4148,success,,0.5286329030122476,0.5036264932238086,0.4993742749958467,0.6867312788963318,0.5254835722956529,0.427506260839654,,,,,,,,,,,"{DOWN:28,UP:22}","{DOWN:5215,UP:3848}","{DOWN:20860,UP:15389}","{DOWN:20832,UP:15367}","{DOWN:6,UP:4}"
2026-07-07T16:48:36.460503+00:00,electricity,151,mlp,1,100,36149,80,20,9063,2,8,14,,,,,,,,,,,,,,,stratified_labeled_val,2,True,43,57,0.4665,success,,0.6094008606421715,0.5865472320170306,0.5855300241279432,0.6718006730079651,0.6227014369631819,0.5443982412861799,,,,,,,,,,,"{DOWN:57,UP:43}","{DOWN:5215,UP:3848}","{DOWN:20860,UP:15389}","{DOWN:20803,UP:15346}","{DOWN:11,UP:9}"
2026-07-07T16:48:36.931017+00:00,electricity,151,mlp,1,250,35999,200,50,9063,2,8,14,,,,,,,,,,,,,,,stratified_labeled_val,2,True,107,143,0.4824,success,,0.6888447533929163,0.6541823970515246,0.6512111015641803,0.6217230558395386,0.7307590899033852,0.6872139782684703,,,,,,,,,,,"{DOWN:143,UP:107}","{DOWN:5215,UP:3848}","{DOWN:20860,UP:15389}","{DOWN:20717,UP:15282}","{DOWN:29,UP:21}"
2026-07-07T16:48:37.422639+00:00,electricity,151,mlp,1,500,35749,400,100,9063,2,8,14,,,,,,,,,,,,,,,stratified_labeled_val,2,True,213,287,0.7265,success,,0.7422487035198058,0.719524555346703,0.7236867452444113,0.5394096970558167,0.7985554872299838,0.7661371187950089,,,,,,,,,,,"{DOWN:287,UP:213}","{DOWN:5215,UP:3848}","{DOWN:20860,UP:15389}","{DOWN:20573,UP:15176}","{DOWN:57,UP:43}"
2026-07-07T16:48:38.157997+00:00,electricity,151,mlp,2,50,36199,40,10,9063,2,8,14,,,,,,,,,,,,,,,stratified_labeled_val,2,True,22,28,0.3948,success,,0.6325719960278053,0.6551834026666241,0.6316105493410934,0.6683744192123413,0.7242275749826086,0.6468928986804682,,,,,,,,,,,"{DOWN:28,UP:22}","{DOWN:5215,UP:3848}","{DOWN:20860,UP:15389}","{DOWN:20832,UP:15367}","{DOWN:6,UP:4}"
2026-07-07T16:48:38.558914+00:00,electricity,151,mlp,2,100,36149,80,20,9063,2,8,14,,,,,,,,,,,,,,,stratified_labeled_val,2,True,43,57,0.4658,success,,0.6165728787377248,0.6209131064835762,0.6149520935516792,0.6771999001502991,0.673485672227283,0.6049343746307996,,,,,,,,,,,"{DOWN:57,UP:43}","{DOWN:5215,UP:3848}","{DOWN:20860,UP:15389}","{DOWN:20803,UP:15346}","{DOWN:11,UP:9}"
2026-07-07T16:48:39.033683+00:00,electricity,151,mlp,2,250,35999,200,50,9063,2,8,14,,,,,,,,,,,,,,,stratified_labeled_val,2,True,107,143,0.4492,success,,0.7100297914597815,0.6773933440040822,0.6772827736466711,0.654215931892395,0.7810776426548238,0.7389305507607564,,,,,,,,,,,"{DOWN:143,UP:107}","{DOWN:5215,UP:3848}","{DOWN:20860,UP:15389}","{DOWN:20717,UP:15282}","{DOWN:29,UP:21}"
2026-07-07T16:48:39.491783+00:00,electricity,151,mlp,2,500,35749,400,100,9063,2,8,14,,,,,,,,,,,,,,,stratified_labeled_val,2,True,213,287,0.4742,success,,0.6824451064768841,0.67965049642902,0.6777234101229438,0.6635224223136902,0.7429909674037191,0.6841075671264885,,,,,,,,,,,"{DOWN:287,UP:213}","{DOWN:5215,UP:3848}","{DOWN:20860,UP:15389}","{DOWN:20573,UP:15176}","{DOWN:57,UP:43}"
2026-07-07T16:48:39.974278+00:00,electricity,151,label_spreading,0,50,36199,40,10,9063,2,8,14,,,,,,,,,,,,,,,stratified_labeled_val,2,True,22,28,47.8828,failed_graph_ssl_nan,"GraphSSLNanError: Graph SSL failed after retries. tried_neighbors=[7, 15, 30, 50, 5, 3], n_graph_rows=20000, n_labeled=40, n_unlabeled_used=19960, n_classes=2, min_labeled_per_class=18, last_error=invalid outputs for n_neighbors=3",,,,,,,,,,,,,,,,,"{DOWN:28,UP:22}","{DOWN:5215,UP:3848}","{DOWN:20860,UP:15389}","{DOWN:20832,UP:15367}","{DOWN:6,UP:4}"
2026-07-07T16:49:27.862842+00:00,electricity,151,label_spreading,0,100,36149,80,20,9063,2,8,14,,,,,,,,,,,,,,,stratified_labeled_val,2,True,43,57,61.7456,failed_graph_ssl_nan,"GraphSSLNanError: Graph SSL failed after retries. tried_neighbors=[7, 15, 30, 50, 5, 3], n_graph_rows=20000, n_labeled=80, n_unlabeled_used=19920, n_classes=2, min_labeled_per_class=34, last_error=invalid outputs for n_neighbors=3",,,,,,,,,,,,,,,,,"{DOWN:57,UP:43}","{DOWN:5215,UP:3848}","{DOWN:20860,UP:15389}","{DOWN:20803,UP:15346}","{DOWN:11,UP:9}"
2026-07-07T16:50:29.616653+00:00,electricity,151,label_spreading,0,250,35999,200,50,9063,2,8,14,,,,,,,,,,,30.0,2.0,20000.0,19800.0,stratified_labeled_val,2,True,107,143,38.482,success,,0.6387509654639744,0.6219962107546,0.6229197738148613,1.4083010690427535,0.6810967034960324,0.5636299852307762,,,,,,,,,,,"{DOWN:143,UP:107}","{DOWN:5215,UP:3848}","{DOWN:20860,UP:15389}","{DOWN:20717,UP:15282}","{DOWN:29,UP:21}"
2026-07-07T16:51:08.107336+00:00,electricity,151,label_spreading,0,500,35749,400,100,9063,2,8,14,,,,,,,,,,,15.0,1.0,20000.0,19600.0,stratified_labeled_val,2,True,213,287,21.8087,success,,0.64261282136158,0.627225234859463,0.6282402729550738,1.518638055879738,0.6898063368700953,0.5962729834277458,,,,,,,,,,,"{DOWN:287,UP:213}","{DOWN:5215,UP:3848}","{DOWN:20860,UP:15389}","{DOWN:20573,UP:15176}","{DOWN:57,UP:43}"
2026-07-07T16:51:29.925472+00:00,electricity,151,label_spreading,1,50,36199,40,10,9063,2,8,14,,,,,,,,,,,,,,,stratified_labeled_val,2,True,22,28,58.9663,failed_graph_ssl_nan,"GraphSSLNanError: Graph SSL failed after retries. tried_neighbors=[7, 15, 30, 50, 5, 3], n_graph_rows=20000, n_labeled=40, n_unlabeled_used=19960, n_classes=2, min_labeled_per_class=18, last_error=invalid outputs for n_neighbors=3",,,,,,,,,,,,,,,,,"{DOWN:28,UP:22}","{DOWN:5215,UP:3848}","{DOWN:20860,UP:15389}","{DOWN:20832,UP:15367}","{DOWN:6,UP:4}"
2026-07-07T16:52:28.900161+00:00,electricity,151,label_spreading,1,100,36149,80,20,9063,2,8,14,,,,,,,,,,,,,,,stratified_labeled_val,2,True,43,57,55.2393,failed_graph_ssl_nan,"GraphSSLNanError: Graph SSL failed after retries. tried_neighbors=[7, 15, 30, 50, 5, 3], n_graph_rows=20000, n_labeled=80, n_unlabeled_used=19920, n_classes=2, min_labeled_per_class=34, last_error=invalid outputs for n_neighbors=3",,,,,,,,,,,,,,,,,"{DOWN:57,UP:43}","{DOWN:5215,UP:3848}","{DOWN:20860,UP:15389}","{DOWN:20803,UP:15346}","{DOWN:11,UP:9}"
2026-07-07T16:53:24.146801+00:00,electricity,151,label_spreading,1,250,35999,200,50,9063,2,8,14,,,,,,,,,,,30.0,2.0,20000.0,19800.0,stratified_labeled_val,2,True,107,143,37.2816,success,,0.6501158556769282,0.6390242443933719,0.6397131603169752,1.4546128841939778,0.6894230520069446,0.5716245357792692,,,,,,,,,,,"{DOWN:143,UP:107}","{DOWN:5215,UP:3848}","{DOWN:20860,UP:15389}","{DOWN:20717,UP:15282}","{DOWN:29,UP:21}"
2026-07-07T16:54:01.436577+00:00,electricity,151,label_spreading,1,500,35749,400,100,9063,2,8,14,,,,,,,,,,,30.0,2.0,20000.0,19600.0,stratified_labeled_val,2,True,213,287,35.8684,success,,0.674390378461878,0.6620586854647257,0.6632838152247149,0.931128124014598,0.7251192236930492,0.6146223214401684,,,,,,,,,,,"{DOWN:287,UP:213}","{DOWN:5215,UP:3848}","{DOWN:20860,UP:15389}","{DOWN:20573,UP:15176}","{DOWN:57,UP:43}"
2026-07-07T16:54:37.317890+00:00,electricity,151,label_spreading,2,50,36199,40,10,9063,2,8,14,,,,,,,,,,,,,,,stratified_labeled_val,2,True,22,28,55.9868,failed_graph_ssl_nan,"GraphSSLNanError: Graph SSL failed after retries. tried_neighbors=[7, 15, 30, 50, 5, 3], n_graph_rows=20000, n_labeled=40, n_unlabeled_used=19960, n_classes=2, min_labeled_per_class=18, last_error=invalid outputs for n_neighbors=3",,,,,,,,,,,,,,,,,"{DOWN:28,UP:22}","{DOWN:5215,UP:3848}","{DOWN:20860,UP:15389}","{DOWN:20832,UP:15367}","{DOWN:6,UP:4}"
2026-07-07T16:55:33.311939+00:00,electricity,151,label_spreading,2,100,36149,80,20,9063,2,8,14,,,,,,,,,,,,,,,stratified_labeled_val,2,True,43,57,53.7136,failed_graph_ssl_nan,"GraphSSLNanError: Graph SSL failed after retries. tried_neighbors=[7, 15, 30, 50, 5, 3], n_graph_rows=20000, n_labeled=80, n_unlabeled_used=19920, n_classes=2, min_labeled_per_class=34, last_error=invalid outputs for n_neighbors=3",,,,,,,,,,,,,,,,,"{DOWN:57,UP:43}","{DOWN:5215,UP:3848}","{DOWN:20860,UP:15389}","{DOWN:20803,UP:15346}","{DOWN:11,UP:9}"
2026-07-07T16:56:27.033953+00:00,electricity,151,label_spreading,2,250,35999,200,50,9063,2,8,14,,,,,,,,,,,30.0,2.0,20000.0,19800.0,stratified_labeled_val,2,True,107,143,36.1532,success,,0.6257309941520468,0.6144293308722839,0.6149134176705757,1.5046175557089214,0.6651276054799545,0.5677587093291296,,,,,,,,,,,"{DOWN:143,UP:107}","{DOWN:5215,UP:3848}","{DOWN:20860,UP:15389}","{DOWN:20717,UP:15282}","{DOWN:29,UP:21}"
2026-07-07T16:57:03.195670+00:00,electricity,151,label_spreading,2,500,35749,400,100,9063,2,8,14,,,,,,,,,,,30.0,2.0,20000.0,19600.0,stratified_labeled_val,2,True,213,287,35.3944,success,,0.6689837802052301,0.6566794918304986,0.6578200865360655,1.0163833041168642,0.7176032723851515,0.6202267677644677,,,,,,,,,,,"{DOWN:287,UP:213}","{DOWN:5215,UP:3848}","{DOWN:20860,UP:15389}","{DOWN:20573,UP:15176}","{DOWN:57,UP:43}"
2026-07-07T16:57:38.598585+00:00,electricity,151,label_propagation,0,50,36199,40,10,9063,2,8,14,,,,,,,,,,,15.0,1.0,20000.0,19960.0,stratified_labeled_val,2,True,22,28,24.3763,success,,0.5152819154805253,0.5074887428914274,0.507180589625466,2.897087306973515,0.5143110041599974,0.4191458326651426,,,,,,,,,,,"{DOWN:28,UP:22}","{DOWN:5215,UP:3848}","{DOWN:20860,UP:15389}","{DOWN:20832,UP:15367}","{DOWN:6,UP:4}"
2026-07-07T16:58:02.984105+00:00,electricity,151,label_propagation,0,100,36149,80,20,9063,2,8,14,,,,,,,,,,,15.0,1.0,20000.0,19920.0,stratified_labeled_val,2,True,43,57,24.998,success,,0.5589760564934348,0.5354764612314948,0.5328316355248053,1.7645775370380514,0.5390863353950601,0.4477549075753067,,,,,,,,,,,"{DOWN:57,UP:43}","{DOWN:5215,UP:3848}","{DOWN:20860,UP:15389}","{DOWN:20803,UP:15346}","{DOWN:11,UP:9}"
2026-07-07T16:58:27.990763+00:00,electricity,151,label_propagation,0,250,35999,200,50,9063,2,8,14,,,,,,,,,,,15.0,1.0,20000.0,19800.0,stratified_labeled_val,2,True,107,143,23.9659,success,,0.5764095774026261,0.5516468815965461,0.5487975222342272,1.081639536501233,0.5811380642756482,0.5000667460041675,,,,,,,,,,,"{DOWN:143,UP:107}","{DOWN:5215,UP:3848}","{DOWN:20860,UP:15389}","{DOWN:20717,UP:15282}","{DOWN:29,UP:21}"
2026-07-07T16:58:51.964018+00:00,electricity,151,label_propagation,0,500,35749,400,100,9063,2,8,14,,,,,,,,,,,15.0,1.0,20000.0,19600.0,stratified_labeled_val,2,True,213,287,23.6424,success,,0.6133730552797088,0.5913952884590469,0.5907916013189197,0.862633179928214,0.638448233246891,0.5350371547601833,,,,,,,,,,,"{DOWN:287,UP:213}","{DOWN:5215,UP:3848}","{DOWN:20860,UP:15389}","{DOWN:20573,UP:15176}","{DOWN:57,UP:43}"
2026-07-07T16:59:15.617757+00:00,electricity,151,label_propagation,1,50,36199,40,10,9063,2,8,14,,,,,,,,,,,15.0,1.0,20000.0,19960.0,stratified_labeled_val,2,True,22,28,24.0801,success,,0.5061238000662033,0.5156755361453348,0.5060205934651787,3.302673243873329,0.5108001217900546,0.4219280962083901,,,,,,,,,,,"{DOWN:28,UP:22}","{DOWN:5215,UP:3848}","{DOWN:20860,UP:15389}","{DOWN:20832,UP:15367}","{DOWN:6,UP:4}"
2026-07-07T16:59:39.705158+00:00,electricity,151,label_propagation,1,100,36149,80,20,9063,2,8,14,,,,,,,,,,,15.0,1.0,20000.0,19920.0,stratified_labeled_val,2,True,43,57,23.1916,success,,0.5536797969767185,0.5499822098815388,0.5484646602354328,1.5417538633104362,0.55495247995248,0.4473770444665952,,,,,,,,,,,"{DOWN:57,UP:43}","{DOWN:5215,UP:3848}","{DOWN:20860,UP:15389}","{DOWN:20803,UP:15346}","{DOWN:11,UP:9}"
2026-07-07T17:00:02.903907+00:00,electricity,151,label_propagation,1,250,35999,200,50,9063,2,8,14,,,,,,,,,,,15.0,1.0,20000.0,19800.0,stratified_labeled_val,2,True,107,143,24.5405,success,,0.6097318768619663,0.5809424228048389,0.5769178569995143,1.3450620383940386,0.640053081328249,0.5269158011795196,,,,,,,,,,,"{DOWN:143,UP:107}","{DOWN:5215,UP:3848}","{DOWN:20860,UP:15389}","{DOWN:20717,UP:15282}","{DOWN:29,UP:21}"
2026-07-07T17:00:27.450713+00:00,electricity,151,label_propagation,1,500,35749,400,100,9063,2,8,14,,,,,,,,,,,15.0,1.0,20000.0,19600.0,stratified_labeled_val,2,True,213,287,24.4059,success,,0.6408474015226746,0.6197646970297976,0.620182115707903,0.7059697416253906,0.688847987673491,0.5694820822701209,,,,,,,,,,,"{DOWN:287,UP:213}","{DOWN:5215,UP:3848}","{DOWN:20860,UP:15389}","{DOWN:20573,UP:15176}","{DOWN:57,UP:43}"
2026-07-07T17:00:51.866784+00:00,electricity,151,label_propagation,2,50,36199,40,10,9063,2,8,14,,,,,,,,,,,15.0,1.0,20000.0,19960.0,stratified_labeled_val,2,True,22,28,24.2916,success,,0.5334878075692375,0.5433019207348067,0.5333548155162738,2.169996176947784,0.5262863451621841,0.4272246967404761,,,,,,,,,,,"{DOWN:28,UP:22}","{DOWN:5215,UP:3848}","{DOWN:20860,UP:15389}","{DOWN:20832,UP:15367}","{DOWN:6,UP:4}"
2026-07-07T17:01:16.165085+00:00,electricity,151,label_propagation,2,100,36149,80,20,9063,2,8,14,,,,,,,,,,,15.0,1.0,20000.0,19920.0,stratified_labeled_val,2,True,43,57,24.2401,success,,0.5643826547500828,0.5434442416824967,0.5420592999961298,1.466332865496679,0.5481012412220466,0.4523346048057501,,,,,,,,,,,"{DOWN:57,UP:43}","{DOWN:5215,UP:3848}","{DOWN:20860,UP:15389}","{DOWN:20803,UP:15346}","{DOWN:11,UP:9}"
2026-07-07T17:01:40.412041+00:00,electricity,151,label_propagation,2,250,35999,200,50,9063,2,8,14,,,,,,,,,,,15.0,1.0,20000.0,19800.0,stratified_labeled_val,2,True,107,143,23.8259,success,,0.5862297252565376,0.5654933743020991,0.5646227272182249,1.1106238387704044,0.5960580934574223,0.488265438893834,,,,,,,,,,,"{DOWN:143,UP:107}","{DOWN:5215,UP:3848}","{DOWN:20860,UP:15389}","{DOWN:20717,UP:15282}","{DOWN:29,UP:21}"
2026-07-07T17:02:04.245120+00:00,electricity,151,label_propagation,2,500,35749,400,100,9063,2,8,14,,,,,,,,,,,15.0,1.0,20000.0,19600.0,stratified_labeled_val,2,True,213,287,23.1977,success,,0.6300342050093788,0.607371412824433,0.6070474733944796,0.8561429039363411,0.6568335482765012,0.5338068289519087,,,,,,,,,,,"{DOWN:287,UP:213}","{DOWN:5215,UP:3848}","{DOWN:20860,UP:15389}","{DOWN:20573,UP:15176}","{DOWN:57,UP:43}"
2026-07-07T17:02:27.449009+00:00,electricity,151,self_training_lr,0,50,36199,40,10,9063,2,8,14,5000.0,1000.0,5.0,"{0: 2522, 1: 2518}",0.1381253625790767,0.9942151628494262,0.9720460772514344,1.0,,max_iter,,,,,stratified_labeled_val,2,True,22,28,0.4055,success,,0.6801279929383206,0.6781479789030125,0.675809626178558,0.8441631197929382,0.7623574298909869,0.7132051202712696,,,,,,,,,,,"{DOWN:28,UP:22}","{DOWN:5215,UP:3848}","{DOWN:20860,UP:15389}","{DOWN:20832,UP:15367}","{DOWN:6,UP:4}"
2026-07-07T17:02:27.863688+00:00,electricity,151,self_training_lr,0,100,36149,80,20,9063,2,8,14,5000.0,1000.0,5.0,"{0: 2546, 1: 2534}",0.1383164126255221,0.9916674027085304,0.9661328196525574,1.0,,max_iter,,,,,stratified_labeled_val,2,True,43,57,0.4192,success,,0.7275736511089044,0.7193070873440001,0.7201097259129918,0.6995908617973328,0.7918892507818682,0.7541530233688103,,,,,,,,,,,"{DOWN:57,UP:43}","{DOWN:5215,UP:3848}","{DOWN:20860,UP:15389}","{DOWN:20803,UP:15346}","{DOWN:11,UP:9}"
2026-07-07T17:02:28.288181+00:00,electricity,151,self_training_lr,0,250,35999,200,50,9063,2,8,14,5000.0,1000.0,5.0,"{0: 2614, 1: 2586}",0.1388927470207505,0.9915052070498468,0.9689974188804626,1.0,,max_iter,,,,,stratified_labeled_val,2,True,107,143,0.4796,success,,0.7512964801941961,0.7385923481561065,0.741399495964526,0.6350672841072083,0.8073067554611179,0.7778562660985652,,,,,,,,,,,"{DOWN:143,UP:107}","{DOWN:5215,UP:3848}","{DOWN:20860,UP:15389}","{DOWN:20717,UP:15282}","{DOWN:29,UP:21}"
2026-07-07T17:02:28.778985+00:00,electricity,151,self_training_lr,0,500,35749,400,100,9063,2,8,14,4906.0,1000.0,5.0,"{0: 2636, 1: 2670}",0.1372346079610618,0.9831596729320942,0.9500004053115844,1.0,,max_iter,,,,,stratified_labeled_val,2,True,213,287,0.4849,success,,0.7619993379675604,0.7485736510904296,0.7518832085704681,0.5706191062927246,0.8180858729516448,0.7847918045121421,,,,,,,,,,,"{DOWN:287,UP:213}","{DOWN:5215,UP:3848}","{DOWN:20860,UP:15389}","{DOWN:20573,UP:15176}","{DOWN:57,UP:43}"
2026-07-07T17:02:29.270733+00:00,electricity,151,self_training_lr,1,50,36199,40,10,9063,2,8,14,5000.0,1000.0,5.0,"{0: 2522, 1: 2518}",0.1381253625790767,0.9949108732819556,0.9736002683639526,1.0,,max_iter,,,,,stratified_labeled_val,2,True,22,28,0.3882,success,,0.6964581264481959,0.6982302569550891,0.6937771977047333,0.895504891872406,0.7600113517898752,0.7372609900758644,,,,,,,,,,,"{DOWN:28,UP:22}","{DOWN:5215,UP:3848}","{DOWN:20860,UP:15389}","{DOWN:20832,UP:15367}","{DOWN:6,UP:4}"
2026-07-07T17:02:29.664573+00:00,electricity,151,self_training_lr,1,100,36149,80,20,9063,2,8,14,5000.0,1000.0,5.0,"{0: 2546, 1: 2534}",0.1383164126255221,0.9971246436595916,0.9920998215675354,1.0,,max_iter,,,,,stratified_labeled_val,2,True,43,57,0.4311,success,,0.707492000441355,0.7041735269084263,0.7026031739351492,0.8544973731040955,0.7641002385968828,0.7269901466794736,,,,,,,,,,,"{DOWN:57,UP:43}","{DOWN:5215,UP:3848}","{DOWN:20860,UP:15389}","{DOWN:20803,UP:15346}","{DOWN:11,UP:9}"
2026-07-07T17:02:30.100806+00:00,electricity,151,self_training_lr,1,250,35999,200,50,9063,2,8,14,5000.0,1000.0,5.0,"{0: 2614, 1: 2586}",0.1388927470207505,0.9904841634988784,0.9550588726997375,1.0,,max_iter,,,,,stratified_labeled_val,2,True,107,143,0.4889,success,,0.7293390709478098,0.7203983391902855,0.7214842720603356,0.6505025625228882,0.8025034733088425,0.7616785262836732,,,,,,,,,,,"{DOWN:143,UP:107}","{DOWN:5215,UP:3848}","{DOWN:20860,UP:15389}","{DOWN:20717,UP:15282}","{DOWN:29,UP:21}"
2026-07-07T17:02:30.598598+00:00,electricity,151,self_training_lr,1,500,35749,400,100,9063,2,8,14,4844.0,1000.0,5.0,"{0: 2574, 1: 2670}",0.1355002937145095,0.9851053043720056,0.9500092267990112,1.0,,max_iter,,,,,stratified_labeled_val,2,True,213,287,0.4087,success,,0.7453381882378903,0.7332106130763849,0.735696499873998,0.6043835282325745,0.803366667796198,0.7685109071089766,,,,,,,,,,,"{DOWN:287,UP:213}","{DOWN:5215,UP:3848}","{DOWN:20860,UP:15389}","{DOWN:20573,UP:15176}","{DOWN:57,UP:43}"
2026-07-07T17:02:31.012927+00:00,electricity,151,self_training_lr,2,50,36199,40,10,9063,2,8,14,5000.0,1000.0,5.0,"{0: 2522, 1: 2518}",0.1381253625790767,0.994569218337536,0.9673867225646972,1.0,,max_iter,,,,,stratified_labeled_val,2,True,22,28,0.4098,success,,0.6667770054065982,0.669578199779542,0.6644977516537149,0.9248890280723572,0.7385456553241788,0.670138099600859,,,,,,,,,,,"{DOWN:28,UP:22}","{DOWN:5215,UP:3848}","{DOWN:20860,UP:15389}","{DOWN:20832,UP:15367}","{DOWN:6,UP:4}"
2026-07-07T17:02:31.430420+00:00,electricity,151,self_training_lr,2,100,36149,80,20,9063,2,8,14,4980.0,1000.0,5.0,"{0: 2526, 1: 2534}",0.13776314697502,0.992725576083344,0.9500324130058287,1.0,,max_iter,,,,,stratified_labeled_val,2,True,43,57,0.6255,success,,0.7254772150502041,0.7189500142520276,0.7190094665313783,0.7063407897949219,0.7952862165949415,0.7543536181026893,,,,,,,,,,,"{DOWN:57,UP:43}","{DOWN:5215,UP:3848}","{DOWN:20860,UP:15389}","{DOWN:20803,UP:15346}","{DOWN:11,UP:9}"
2026-07-07T17:02:32.073956+00:00,electricity,151,self_training_lr,2,250,35999,200,50,9063,2,8,14,4803.0,1000.0,5.0,"{0: 2417, 1: 2586}",0.133420372788133,0.9899281604374892,0.95017272233963,1.0,,max_iter,,,,,stratified_labeled_val,2,True,107,143,1.1529,success,,0.7436831071389165,0.7324536609771509,0.7346071315943719,0.6228890419006348,0.8083025536045669,0.7729723158122219,,,,,,,,,,,"{DOWN:143,UP:107}","{DOWN:5215,UP:3848}","{DOWN:20860,UP:15389}","{DOWN:20717,UP:15282}","{DOWN:29,UP:21}"
2026-07-07T17:02:33.234924+00:00,electricity,151,self_training_lr,2,500,35749,400,100,9063,2,8,14,5000.0,1000.0,5.0,"{0: 2730, 1: 2670}",0.1398640521413186,0.9864000028371812,0.9571574330329896,1.0,,max_iter,,,,,stratified_labeled_val,2,True,213,287,0.5692,success,,0.742469380999669,0.7323186404562243,0.734066660692513,0.5943130254745483,0.8088855661842239,0.773162135444557,,,,,,,,,,,"{DOWN:287,UP:213}","{DOWN:5215,UP:3848}","{DOWN:20860,UP:15389}","{DOWN:20573,UP:15176}","{DOWN:57,UP:43}"
2026-07-07T17:02:33.812840+00:00,electricity,151,self_training_xgboost,0,50,36199,40,10,9063,2,8,14,3000.0,1000.0,3.0,"{0: 1522, 1: 1518}",0.082875217547446,0.9946723199884095,0.9709713459014891,0.9998348355293274,,max_iter,,,,,stratified_labeled_val,2,True,22,28,5.6087,success,,0.6811210415977049,0.6732887351175942,0.6734281602723327,1.0405397415161133,0.7541981938794019,0.7100397084064501,,,,,,,,,,,"{DOWN:28,UP:22}","{DOWN:5215,UP:3848}","{DOWN:20860,UP:15389}","{DOWN:20832,UP:15367}","{DOWN:6,UP:4}"
2026-07-07T17:02:39.436562+00:00,electricity,151,self_training_xgboost,0,100,36149,80,20,9063,2,8,14,3000.0,1000.0,3.0,"{0: 1546, 1: 1534}",0.0829898475753132,0.9986092845400174,0.9927029609680176,0.9999027252197266,,max_iter,,,,,stratified_labeled_val,2,True,43,57,7.6589,success,,0.7612269667880392,0.7508998212018346,0.7530721673782782,0.727936327457428,0.8217464763605704,0.7926229142038463,,,,,,,,,,,"{DOWN:57,UP:43}","{DOWN:5215,UP:3848}","{DOWN:20860,UP:15389}","{DOWN:20803,UP:15346}","{DOWN:11,UP:9}"
2026-07-07T17:02:47.107674+00:00,electricity,151,self_training_xgboost,0,250,35999,200,50,9063,2,8,14,3000.0,1000.0,3.0,"{0: 1614, 1: 1586}",0.0833356482124503,0.9995264754692712,0.9986542463302612,0.9999603033065796,,max_iter,,,,,stratified_labeled_val,2,True,107,143,9.1622,success,,0.766964581264482,0.7544889651433275,0.7576038540532528,0.7106081247329712,0.8365999296368424,0.7954617686946861,,,,,,,,,,,"{DOWN:143,UP:107}","{DOWN:5215,UP:3848}","{DOWN:20860,UP:15389}","{DOWN:20717,UP:15282}","{DOWN:29,UP:21}"
2026-07-07T17:02:56.284873+00:00,electricity,151,self_training_xgboost,0,500,35749,400,100,9063,2,8,14,3000.0,1000.0,3.0,"{0: 1730, 1: 1670}",0.0839184312847911,0.9992458757360776,0.9970255494117736,0.9999364614486694,,max_iter,,,,,stratified_labeled_val,2,True,213,287,10.991,success,,0.7867152157122366,0.7796211203090397,0.7807738534076993,0.6054360866546631,0.8598146140092449,0.8268272334120955,,,,,,,,,,,"{DOWN:287,UP:213}","{DOWN:5215,UP:3848}","{DOWN:20860,UP:15389}","{DOWN:20573,UP:15176}","{DOWN:57,UP:43}"
2026-07-07T17:03:07.288735+00:00,electricity,151,self_training_xgboost,1,50,36199,40,10,9063,2,8,14,3000.0,1000.0,3.0,"{0: 1522, 1: 1518}",0.082875217547446,0.9940006360212962,0.9683367013931274,0.9998003840446472,,max_iter,,,,,stratified_labeled_val,2,True,22,28,5.7333,success,,0.6649012468277612,0.6648147336066799,0.6614580574221187,1.2206326723098757,0.7227262534309513,0.693325420272005,,,,,,,,,,,"{DOWN:28,UP:22}","{DOWN:5215,UP:3848}","{DOWN:20860,UP:15389}","{DOWN:20832,UP:15367}","{DOWN:6,UP:4}"
2026-07-07T17:03:13.037256+00:00,electricity,151,self_training_xgboost,1,100,36149,80,20,9063,2,8,14,3000.0,1000.0,3.0,"{0: 1546, 1: 1534}",0.0829898475753132,0.9986705962220828,0.9952977299690248,0.9998934268951416,,max_iter,,,,,stratified_labeled_val,2,True,43,57,7.2913,success,,0.7121262275184818,0.7079278897231918,0.7068134734855185,1.0145821571350098,0.7697153381717141,0.7376189603595088,,,,,,,,,,,"{DOWN:57,UP:43}","{DOWN:5215,UP:3848}","{DOWN:20860,UP:15389}","{DOWN:20803,UP:15346}","{DOWN:11,UP:9}"
2026-07-07T17:03:20.341968+00:00,electricity,151,self_training_xgboost,1,250,35999,200,50,9063,2,8,14,3000.0,1000.0,3.0,"{0: 1614, 1: 1586}",0.0833356482124503,0.9993655495643616,0.99807608127594,0.9999048709869384,,max_iter,,,,,stratified_labeled_val,2,True,107,143,9.5376,success,,0.7612269667880392,0.7551914256612243,0.7554326404657306,0.7266625761985779,0.8280802817715568,0.7837144296829369,,,,,,,,,,,"{DOWN:143,UP:107}","{DOWN:5215,UP:3848}","{DOWN:20860,UP:15389}","{DOWN:20717,UP:15282}","{DOWN:29,UP:21}"
2026-07-07T17:03:29.894279+00:00,electricity,151,self_training_xgboost,1,500,35749,400,100,9063,2,8,14,3000.0,1000.0,3.0,"{0: 1730, 1: 1670}",0.0839184312847911,0.9992870260278384,0.9980265498161316,0.9998867511749268,,max_iter,,,,,stratified_labeled_val,2,True,213,287,12.0375,success,,0.7765640516385303,0.7657594785950491,0.7684555209257633,0.6343262195587158,0.8485764666133795,0.8179180485643759,,,,,,,,,,,"{DOWN:287,UP:213}","{DOWN:5215,UP:3848}","{DOWN:20860,UP:15389}","{DOWN:20573,UP:15176}","{DOWN:57,UP:43}"
2026-07-07T17:03:41.944864+00:00,electricity,151,self_training_xgboost,2,50,36199,40,10,9063,2,8,14,3000.0,1000.0,3.0,"{0: 1522, 1: 1518}",0.082875217547446,0.99706665400664,0.9883725047111512,0.9997816681861876,,max_iter,,,,,stratified_labeled_val,2,True,22,28,6.9844,success,,0.7089264040604656,0.7054199315105356,0.7039502190661446,1.0323984622955322,0.761284067827692,0.7230694689725747,,,,,,,,,,,"{DOWN:28,UP:22}","{DOWN:5215,UP:3848}","{DOWN:20860,UP:15389}","{DOWN:20832,UP:15367}","{DOWN:6,UP:4}"
2026-07-07T17:03:48.944352+00:00,electricity,151,self_training_xgboost,2,100,36149,80,20,9063,2,8,14,3000.0,1000.0,3.0,"{0: 1546, 1: 1534}",0.0829898475753132,0.99862810866038,0.9935497641563416,0.9998902082443236,,max_iter,,,,,stratified_labeled_val,2,True,43,57,6.5431,success,,0.7163190996358821,0.7081992513200567,0.7088034768362776,0.9356757402420044,0.7744740951955718,0.7349636684532339,,,,,,,,,,,"{DOWN:57,UP:43}","{DOWN:5215,UP:3848}","{DOWN:20860,UP:15389}","{DOWN:20803,UP:15346}","{DOWN:11,UP:9}"
2026-07-07T17:03:55.501056+00:00,electricity,151,self_training_xgboost,2,250,35999,200,50,9063,2,8,14,3000.0,1000.0,3.0,"{0: 1614, 1: 1586}",0.0833356482124503,0.9995635150472324,0.9986125230789183,0.9999555349349976,,max_iter,,,,,stratified_labeled_val,2,True,107,143,9.3217,success,,0.7504137702747434,0.7445692798041791,0.7445859284423684,0.7999982237815857,0.8111219385548245,0.7491296417939873,,,,,,,,,,,"{DOWN:143,UP:107}","{DOWN:5215,UP:3848}","{DOWN:20860,UP:15389}","{DOWN:20717,UP:15282}","{DOWN:29,UP:21}"
2026-07-07T17:04:04.835958+00:00,electricity,151,self_training_xgboost,2,500,35749,400,100,9063,2,8,14,3000.0,1000.0,3.0,"{0: 1730, 1: 1670}",0.0839184312847911,0.9994082284172376,0.9984020590782166,0.9998997449874878,,max_iter,,,,,stratified_labeled_val,2,True,213,287,12.6255,success,,0.7785501489572989,0.7693926493423138,0.7714077761320894,0.600670337677002,0.8516975859257738,0.8209012653918241,,,,,,,,,,,"{DOWN:287,UP:213}","{DOWN:5215,UP:3848}","{DOWN:20860,UP:15389}","{DOWN:20573,UP:15176}","{DOWN:57,UP:43}"
2026-07-07T17:04:17.476435+00:00,electricity,151,self_training_lightgbm,0,50,36199,40,10,9063,2,8,14,0.0,0.0,0.0,"{0: 22, 1: 18}",0.0,,,,,no_candidates,,,,,stratified_labeled_val,2,True,22,28,1.2775,success,,0.5754165287432418,0.5,0.3652472335060933,0.6640642776362654,0.6245283874478506,0.500833730601211,,,,,,,,,,,"{DOWN:28,UP:22}","{DOWN:5215,UP:3848}","{DOWN:20860,UP:15389}","{DOWN:20832,UP:15367}","{DOWN:6,UP:4}"
2026-07-07T17:04:18.763033+00:00,electricity,151,self_training_lightgbm,0,100,36149,80,20,9063,2,8,14,3000.0,1000.0,3.0,"{0: 1546, 1: 1534}",0.0829898475753132,0.9965765411251704,0.976413835864177,0.9999999953339744,,max_iter,,,,,stratified_labeled_val,2,True,43,57,13.6031,success,,0.7668542425245504,0.7528603719878888,0.756487046227716,1.439172256396868,0.8362926888094674,0.8015016810222266,,,,,,,,,,,"{DOWN:57,UP:43}","{DOWN:5215,UP:3848}","{DOWN:20860,UP:15389}","{DOWN:20803,UP:15346}","{DOWN:11,UP:9}"
2026-07-07T17:04:32.383530+00:00,electricity,151,self_training_lightgbm,0,250,35999,200,50,9063,2,8,14,3000.0,1000.0,3.0,"{0: 1614, 1: 1586}",0.0833356482124503,0.9999841633613078,0.9998861504528186,0.9999999957873746,,max_iter,,,,,stratified_labeled_val,2,True,107,143,20.9195,success,,0.7757916804590091,0.7635556217770982,0.766806552223688,1.371227623605321,0.8450497375832946,0.8043069835522149,,,,,,,,,,,"{DOWN:143,UP:107}","{DOWN:5215,UP:3848}","{DOWN:20860,UP:15389}","{DOWN:20717,UP:15282}","{DOWN:29,UP:21}"
2026-07-07T17:04:53.316451+00:00,electricity,151,self_training_lightgbm,0,500,35749,400,100,9063,2,8,14,3000.0,1000.0,3.0,"{0: 1730, 1: 1670}",0.0839184312847911,0.9999700171505236,0.999699195739196,0.9999999998444922,,max_iter,,,,,stratified_labeled_val,2,True,213,287,21.1282,success,,0.7782191327375041,0.7694115606867284,0.771258235096814,1.2019596425453398,0.8554221490463102,0.8171408970404928,,,,,,,,,,,"{DOWN:287,UP:213}","{DOWN:5215,UP:3848}","{DOWN:20860,UP:15389}","{DOWN:20573,UP:15176}","{DOWN:57,UP:43}"
2026-07-07T17:05:14.457277+00:00,electricity,151,self_training_lightgbm,1,50,36199,40,10,9063,2,8,14,0.0,0.0,0.0,"{0: 22, 1: 18}",0.0,,,,,no_candidates,,,,,stratified_labeled_val,2,True,22,28,1.1721,success,,0.5754165287432418,0.5,0.3652472335060933,0.6636219220076297,0.6198866116651351,0.5018632848958431,,,,,,,,,,,"{DOWN:28,UP:22}","{DOWN:5215,UP:3848}","{DOWN:20860,UP:15389}","{DOWN:20832,UP:15367}","{DOWN:6,UP:4}"
2026-07-07T17:05:15.638342+00:00,electricity,151,self_training_lightgbm,1,100,36149,80,20,9063,2,8,14,3000.0,1000.0,3.0,"{0: 1546, 1: 1534}",0.0829898475753132,0.9980217207248738,0.9913439440224998,0.999999997762703,,max_iter,,,,,stratified_labeled_val,2,True,43,57,14.4584,success,,0.7205119717532826,0.7182459341855315,0.7161931778670136,2.0237584405629607,0.7842200652603337,0.7427744748993439,,,,,,,,,,,"{DOWN:57,UP:43}","{DOWN:5215,UP:3848}","{DOWN:20860,UP:15389}","{DOWN:20803,UP:15346}","{DOWN:11,UP:9}"
2026-07-07T17:05:30.109570+00:00,electricity,151,self_training_lightgbm,1,250,35999,200,50,9063,2,8,14,3000.0,1000.0,3.0,"{0: 1614, 1: 1586}",0.0833356482124503,0.9999796875519478,0.9998597181774588,0.999999999781849,,max_iter,,,,,stratified_labeled_val,2,True,107,143,18.413,success,,0.765861193865166,0.7576855554204547,0.7590202720990238,1.3776765765851295,0.8323086989194373,0.790425402954529,,,,,,,,,,,"{DOWN:143,UP:107}","{DOWN:5215,UP:3848}","{DOWN:20860,UP:15389}","{DOWN:20717,UP:15282}","{DOWN:29,UP:21}"
2026-07-07T17:05:48.531343+00:00,electricity,151,self_training_lightgbm,1,500,35749,400,100,9063,2,8,14,3000.0,1000.0,3.0,"{0: 1730, 1: 1670}",0.0839184312847911,0.9999771534924204,0.9997942494686808,0.999999999396156,,max_iter,,,,,stratified_labeled_val,2,True,213,287,20.6068,success,,0.7742469380999669,0.7610212275480732,0.7645966375536583,1.2003187911795414,0.8450789642064811,0.8154796670582464,,,,,,,,,,,"{DOWN:287,UP:213}","{DOWN:5215,UP:3848}","{DOWN:20860,UP:15389}","{DOWN:20573,UP:15176}","{DOWN:57,UP:43}"
2026-07-07T17:06:09.146309+00:00,electricity,151,self_training_lightgbm,2,50,36199,40,10,9063,2,8,14,0.0,0.0,0.0,"{0: 22, 1: 18}",0.0,,,,,no_candidates,,,,,stratified_labeled_val,2,True,22,28,0.5702,success,,0.5754165287432418,0.5,0.3652472335060933,0.6830384612144486,0.5,0.4245834712567582,,,,,,,,,,,"{DOWN:28,UP:22}","{DOWN:5215,UP:3848}","{DOWN:20860,UP:15389}","{DOWN:20832,UP:15367}","{DOWN:6,UP:4}"
2026-07-07T17:06:09.726375+00:00,electricity,151,self_training_lightgbm,2,100,36149,80,20,9063,2,8,14,3000.0,1000.0,3.0,"{0: 1546, 1: 1534}",0.0829898475753132,0.997840438428534,0.982525587057506,0.99999999149165,,max_iter,,,,,stratified_labeled_val,2,True,43,57,13.787,success,,0.7355180403839788,0.7275045447025312,0.7283119570454968,1.6255800642589933,0.8026814741579842,0.7628976934344764,,,,,,,,,,,"{DOWN:57,UP:43}","{DOWN:5215,UP:3848}","{DOWN:20860,UP:15389}","{DOWN:20803,UP:15346}","{DOWN:11,UP:9}"
2026-07-07T17:06:23.522561+00:00,electricity,151,self_training_lightgbm,2,250,35999,200,50,9063,2,8,14,3000.0,1000.0,3.0,"{0: 1614, 1: 1586}",0.0833356482124503,0.9999650868335448,0.9997598067119616,0.9999999996880828,,max_iter,,,,,stratified_labeled_val,2,True,107,143,19.5699,success,,0.750524109014675,0.7435411654371386,0.744099661579712,1.4544934344673317,0.8168412872271933,0.7689842204452818,,,,,,,,,,,"{DOWN:143,UP:107}","{DOWN:5215,UP:3848}","{DOWN:20860,UP:15389}","{DOWN:20717,UP:15282}","{DOWN:29,UP:21}"
2026-07-07T17:06:43.100214+00:00,electricity,151,self_training_lightgbm,2,500,35749,400,100,9063,2,8,14,3000.0,1000.0,3.0,"{0: 1730, 1: 1670}",0.0839184312847911,0.9999964760427138,0.9999760694001584,0.999999998968346,,max_iter,,,,,stratified_labeled_val,2,True,213,287,20.8118,success,,0.766964581264482,0.7566688277258746,0.7589456456197778,1.1382819050354702,0.8489206829810858,0.8119932476934274,,,,,,,,,,,"{DOWN:287,UP:213}","{DOWN:5215,UP:3848}","{DOWN:20860,UP:15389}","{DOWN:20573,UP:15176}","{DOWN:57,UP:43}"
2026-07-07T17:07:03.919986+00:00,electricity,151,self_training_catboost,0,50,36199,40,10,9063,2,8,14,0.0,0.0,0.0,"{0: 22, 1: 18}",0.0,,,,,no_candidates,,,,,stratified_labeled_val,2,True,22,28,1.0285,success,,0.69535473904888,0.6829320756334178,0.684514108446981,0.5737747507923401,0.7649383425390137,0.7073883545526913,,,,,,,,,,,"{DOWN:28,UP:22}","{DOWN:5215,UP:3848}","{DOWN:20860,UP:15389}","{DOWN:20832,UP:15367}","{DOWN:6,UP:4}"
2026-07-07T17:07:04.956337+00:00,electricity,151,self_training_catboost,0,100,36149,80,20,9063,2,8,14,0.0,0.0,0.0,"{0: 46, 1: 34}",0.0,,,,,no_candidates,,,,,stratified_labeled_val,2,True,43,57,1.4327,success,,0.7390488800617897,0.7140533464358968,0.7179644168487944,0.5273230106550088,0.8021364088478182,0.7774228216837714,,,,,,,,,,,"{DOWN:57,UP:43}","{DOWN:5215,UP:3848}","{DOWN:20860,UP:15389}","{DOWN:20803,UP:15346}","{DOWN:11,UP:9}"
2026-07-07T17:07:06.400008+00:00,electricity,151,self_training_catboost,0,250,35999,200,50,9063,2,8,14,0.0,0.0,0.0,"{0: 114, 1: 86}",0.0,,,,,no_candidates,,,,,stratified_labeled_val,2,True,107,143,1.8791,success,,0.7702747434624296,0.7465340912488563,0.7522110787423164,0.4794162120930884,0.848790247028502,0.8189527266590989,,,,,,,,,,,"{DOWN:143,UP:107}","{DOWN:5215,UP:3848}","{DOWN:20860,UP:15389}","{DOWN:20717,UP:15282}","{DOWN:29,UP:21}"
2026-07-07T17:07:08.292410+00:00,electricity,151,self_training_catboost,0,500,35749,400,100,9063,2,8,14,0.0,0.0,0.0,"{0: 230, 1: 170}",0.0,,,,,no_candidates,,,,,stratified_labeled_val,2,True,213,287,2.2083,success,,0.7875979256316893,0.773167343721035,0.7775736642394155,0.4623714093474137,0.8639862472916164,0.8321494006426545,,,,,,,,,,,"{DOWN:287,UP:213}","{DOWN:5215,UP:3848}","{DOWN:20860,UP:15389}","{DOWN:20573,UP:15176}","{DOWN:57,UP:43}"
2026-07-07T17:07:10.510480+00:00,electricity,151,self_training_catboost,1,50,36199,40,10,9063,2,8,14,0.0,0.0,0.0,"{0: 22, 1: 18}",0.0,,,,,no_candidates,,,,,stratified_labeled_val,2,True,22,28,1.1824,success,,0.6565155025929604,0.6614450011262092,0.6549626533165877,0.6387978951339358,0.7179197072653448,0.6629350622900516,,,,,,,,,,,"{DOWN:28,UP:22}","{DOWN:5215,UP:3848}","{DOWN:20860,UP:15389}","{DOWN:20832,UP:15367}","{DOWN:6,UP:4}"
2026-07-07T17:07:11.705899+00:00,electricity,151,self_training_catboost,1,100,36149,80,20,9063,2,8,14,0.0,0.0,0.0,"{0: 46, 1: 34}",0.0,,,,,no_candidates,,,,,stratified_labeled_val,2,True,43,57,1.4011,success,,0.7311044907867152,0.7158696328159415,0.7188246352837981,0.5435890251175305,0.7892358571049847,0.7482215286050022,,,,,,,,,,,"{DOWN:57,UP:43}","{DOWN:5215,UP:3848}","{DOWN:20860,UP:15389}","{DOWN:20803,UP:15346}","{DOWN:11,UP:9}"
2026-07-07T17:07:13.116145+00:00,electricity,151,self_training_catboost,1,250,35999,200,50,9063,2,8,14,0.0,0.0,0.0,"{0: 114, 1: 86}",0.0,,,,,no_candidates,,,,,stratified_labeled_val,2,True,107,143,1.9114,success,,0.771819485821472,0.7543137798171355,0.7590937579210448,0.486061339853847,0.8423083650432642,0.7985499138058731,,,,,,,,,,,"{DOWN:143,UP:107}","{DOWN:5215,UP:3848}","{DOWN:20860,UP:15389}","{DOWN:20717,UP:15282}","{DOWN:29,UP:21}"
2026-07-07T17:07:15.037517+00:00,electricity,151,self_training_catboost,1,500,35749,400,100,9063,2,8,14,0.0,0.0,0.0,"{0: 230, 1: 170}",0.0,,,,,no_candidates,,,,,stratified_labeled_val,2,True,213,287,2.0454,success,,0.7794328588767516,0.7607249498189095,0.7660974769205886,0.4824876581442038,0.8461685715880346,0.8137958593769299,,,,,,,,,,,"{DOWN:287,UP:213}","{DOWN:5215,UP:3848}","{DOWN:20860,UP:15389}","{DOWN:20573,UP:15176}","{DOWN:57,UP:43}"
2026-07-07T17:07:17.093537+00:00,electricity,151,self_training_catboost,2,50,36199,40,10,9063,2,8,14,0.0,0.0,0.0,"{0: 22, 1: 18}",0.0,,,,,no_candidates,,,,,stratified_labeled_val,2,True,22,28,1.2665,success,,0.748648350435838,0.7429671226651092,0.7428840751753625,0.524289121480422,0.8183828234163804,0.7651766050848838,,,,,,,,,,,"{DOWN:28,UP:22}","{DOWN:5215,UP:3848}","{DOWN:20860,UP:15389}","{DOWN:20832,UP:15367}","{DOWN:6,UP:4}"
2026-07-07T17:07:18.372017+00:00,electricity,151,self_training_catboost,2,100,36149,80,20,9063,2,8,14,0.0,0.0,0.0,"{0: 46, 1: 34}",0.0,,,,,no_candidates,,,,,stratified_labeled_val,2,True,43,57,1.4297,success,,0.7420280260399427,0.7215126633750795,0.7255770740459425,0.5367453878765677,0.8067763159206112,0.7691628985167323,,,,,,,,,,,"{DOWN:57,UP:43}","{DOWN:5215,UP:3848}","{DOWN:20860,UP:15389}","{DOWN:20803,UP:15346}","{DOWN:11,UP:9}"
2026-07-07T17:07:19.810850+00:00,electricity,151,self_training_catboost,2,250,35999,200,50,9063,2,8,14,0.0,0.0,0.0,"{0: 114, 1: 86}",0.0,,,,,no_candidates,,,,,stratified_labeled_val,2,True,107,143,1.8768,success,,0.7623303541873552,0.7449784026965235,0.7493691122924657,0.5009632337328873,0.8279568970844138,0.7831260760160706,,,,,,,,,,,"{DOWN:143,UP:107}","{DOWN:5215,UP:3848}","{DOWN:20860,UP:15389}","{DOWN:20717,UP:15282}","{DOWN:29,UP:21}"
2026-07-07T17:07:21.694902+00:00,electricity,151,self_training_catboost,2,500,35749,400,100,9063,2,8,14,0.0,0.0,0.0,"{0: 230, 1: 170}",0.0,,,,,no_candidates,,,,,stratified_labeled_val,2,True,213,287,2.2662,success,,0.7713781308617456,0.7520569513019177,0.7572146486019593,0.4784068888201809,0.8491550690376193,0.8083629448250299,,,,,,,,,,,"{DOWN:287,UP:213}","{DOWN:5215,UP:3848}","{DOWN:20860,UP:15389}","{DOWN:20573,UP:15176}","{DOWN:57,UP:43}"
2026-07-07T17:07:23.970251+00:00,electricity,151,rpl_lr,0,50,36199,40,10,9063,2,8,14,,,,,,,,,,,,,,,stratified_labeled_val,2,True,22,28,0.6713,success,,0.6698664901246828,0.6574805704000335,0.6586480211363455,3.012284994125366,0.7371272546608116,0.6624232849907431,,,,,,,,,,,"{DOWN:28,UP:22}","{DOWN:5215,UP:3848}","{DOWN:20860,UP:15389}","{DOWN:20832,UP:15367}","{DOWN:6,UP:4}"
2026-07-07T17:07:24.647925+00:00,electricity,151,rpl_lr,0,100,36149,80,20,9063,2,8,14,,,,,,,,,,,,,,,stratified_labeled_val,2,True,43,57,0.6055,success,,0.7303321196071941,0.7076030331902815,0.7111943556222902,2.143971443176269,0.7897522190307424,0.7506049818291872,,,,,,,,,,,"{DOWN:57,UP:43}","{DOWN:5215,UP:3848}","{DOWN:20860,UP:15389}","{DOWN:20803,UP:15346}","{DOWN:11,UP:9}"
2026-07-07T17:07:25.796817+00:00,electricity,151,rpl_lr,0,500,35749,400,100,9063,2,8,14,,,,,,,,,,,,,,,stratified_labeled_val,2,True,213,287,0.6913,success,,0.7633234028467395,0.7422990214936525,0.747362349337094,1.3403372764587402,0.8209690930328514,0.7885002946219387,,,,,,,,,,,"{DOWN:287,UP:213}","{DOWN:5215,UP:3848}","{DOWN:20860,UP:15389}","{DOWN:20573,UP:15176}","{DOWN:57,UP:43}"
2026-07-07T17:07:26.498421+00:00,electricity,151,rpl_lr,1,50,36199,40,10,9063,2,8,14,,,,,,,,,,,,,,,stratified_labeled_val,2,True,22,28,0.7364,success,,0.6425024826216484,0.6491323455249629,0.6414586930453527,3.24357533454895,0.722917086088227,0.6886391631381151,,,,,,,,,,,"{DOWN:28,UP:22}","{DOWN:5215,UP:3848}","{DOWN:20860,UP:15389}","{DOWN:20832,UP:15367}","{DOWN:6,UP:4}"
2026-07-07T17:07:27.244331+00:00,electricity,151,rpl_lr,1,100,36149,80,20,9063,2,8,14,,,,,,,,,,,,,,,stratified_labeled_val,2,True,43,57,0.8637,success,,0.7005406598256648,0.6940460161097746,0.6938581454329332,2.764561176300049,0.751939596318791,0.6977297110044091,,,,,,,,,,,"{DOWN:57,UP:43}","{DOWN:5215,UP:3848}","{DOWN:20860,UP:15389}","{DOWN:20803,UP:15346}","{DOWN:11,UP:9}"
2026-07-07T17:07:28.114491+00:00,electricity,151,rpl_lr,1,250,35999,200,50,9063,2,8,14,,,,,,,,,,,,,,,stratified_labeled_val,2,True,107,143,0.6166,success,,0.733862959285005,0.7228987727309875,0.7247735987598923,1.76175856590271,0.8033223918291033,0.7551086887810914,,,,,,,,,,,"{DOWN:143,UP:107}","{DOWN:5215,UP:3848}","{DOWN:20860,UP:15389}","{DOWN:20717,UP:15282}","{DOWN:29,UP:21}"
2026-07-07T17:07:28.738455+00:00,electricity,151,rpl_lr,1,500,35749,400,100,9063,2,8,14,,,,,,,,,,,,,,,stratified_labeled_val,2,True,213,287,0.516,success,,0.7482069954761117,0.7297428605314511,0.7338203353165542,1.4305251836776731,0.8098663648160292,0.77259543950335,,,,,,,,,,,"{DOWN:287,UP:213}","{DOWN:5215,UP:3848}","{DOWN:20860,UP:15389}","{DOWN:20573,UP:15176}","{DOWN:57,UP:43}"
2026-07-07T17:07:29.265716+00:00,electricity,151,rpl_lr,2,50,36199,40,10,9063,2,8,14,,,,,,,,,,,,,,,stratified_labeled_val,2,True,22,28,1.6029,success,,0.6578395674721395,0.6624592870398239,0.6561887639256341,3.032737493515014,0.7318985295495364,0.6373991140957875,,,,,,,,,,,"{DOWN:28,UP:22}","{DOWN:5215,UP:3848}","{DOWN:20860,UP:15389}","{DOWN:20832,UP:15367}","{DOWN:6,UP:4}"
2026-07-07T17:07:30.876148+00:00,electricity,151,rpl_lr,2,100,36149,80,20,9063,2,8,14,,,,,,,,,,,,,,,stratified_labeled_val,2,True,43,57,0.6377,success,,0.733311265585347,0.7221809638755947,0.7240998003000996,1.989063143730164,0.7986782739299517,0.7503619020172392,,,,,,,,,,,"{DOWN:57,UP:43}","{DOWN:5215,UP:3848}","{DOWN:20860,UP:15389}","{DOWN:20803,UP:15346}","{DOWN:11,UP:9}"
2026-07-07T17:07:31.522110+00:00,electricity,151,rpl_lr,2,250,35999,200,50,9063,2,8,14,,,,,,,,,,,,,,,stratified_labeled_val,2,True,107,143,0.7128,success,,0.7542756261723491,0.7372981544122483,0.7413232535110298,1.6749353408813477,0.8109034739068295,0.7738104223530963,,,,,,,,,,,"{DOWN:143,UP:107}","{DOWN:5215,UP:3848}","{DOWN:20860,UP:15389}","{DOWN:20717,UP:15282}","{DOWN:29,UP:21}"
2026-07-07T17:07:32.245616+00:00,electricity,151,rpl_lr,2,500,35749,400,100,9063,2,8,14,,,,,,,,,,,,,,,stratified_labeled_val,2,True,213,287,0.9304,success,,0.7504137702747434,0.7352026827697968,0.7386986248290239,1.3532220125198364,0.8149599946579813,0.7798270020028654,,,,,,,,,,,"{DOWN:287,UP:213}","{DOWN:5215,UP:3848}","{DOWN:20860,UP:15389}","{DOWN:20573,UP:15176}","{DOWN:57,UP:43}"
2026-07-07T17:07:33.187202+00:00,electricity,151,rpl_lite_xgboost,0,50,36199,40,10,9063,2,8,14,3000.0,1000.0,3.0,"{0: 1500, 1: 1500}",0.082875217547446,0.9946652034719784,,,0.2741679130651404,max_iter,,,,,stratified_labeled_val,2,True,22,28,20.6729,success,,0.6852035749751738,0.6773470996625359,0.6775306884895926,1.0452462434768677,0.7536890327158785,0.7096025529494256,,,,,,,,,,,"{DOWN:28,UP:22}","{DOWN:5215,UP:3848}","{DOWN:20860,UP:15389}","{DOWN:20832,UP:15367}","{DOWN:6,UP:4}"
2026-07-07T17:07:53.872330+00:00,electricity,151,rpl_lite_xgboost,0,100,36149,80,20,9063,2,8,14,3000.0,1000.0,3.0,"{0: 1500, 1: 1500}",0.0829898475753132,0.9985810249646504,,,0.2542135024460745,max_iter,,,,,stratified_labeled_val,2,True,43,57,24.6319,success,,0.7490897053955644,0.7401489586053345,0.7415396022662459,0.7307046055793762,0.8148918739522766,0.7841730341173856,,,,,,,,,,,"{DOWN:57,UP:43}","{DOWN:5215,UP:3848}","{DOWN:20860,UP:15389}","{DOWN:20803,UP:15346}","{DOWN:11,UP:9}"
2026-07-07T17:08:18.516997+00:00,electricity,151,rpl_lite_xgboost,0,250,35999,200,50,9063,2,8,14,3000.0,1000.0,3.0,"{0: 1500, 1: 1500}",0.0833356482124503,0.9995297642946244,,,0.3186583799532891,max_iter,,,,,stratified_labeled_val,2,True,107,143,31.7314,success,,0.7664128875648241,0.7547929668735038,0.757579704681286,0.7158845067024231,0.8358936320345717,0.7937994744036541,,,,,,,,,,,"{DOWN:143,UP:107}","{DOWN:5215,UP:3848}","{DOWN:20860,UP:15389}","{DOWN:20717,UP:15282}","{DOWN:29,UP:21}"
2026-07-07T17:08:50.261147+00:00,electricity,151,rpl_lite_xgboost,0,500,35749,400,100,9063,2,8,14,3000.0,1000.0,3.0,"{0: 1500, 1: 1500}",0.0839184312847911,0.9992273016969364,,,0.2966298539214942,max_iter,,,,,stratified_labeled_val,2,True,213,287,23.0805,success,,0.7810879399757255,0.7735392668278575,0.7748290498280079,0.6141578555107117,0.8595245403970236,0.8243466888011828,,,,,,,,,,,"{DOWN:287,UP:213}","{DOWN:5215,UP:3848}","{DOWN:20860,UP:15389}","{DOWN:20573,UP:15176}","{DOWN:57,UP:43}"
2026-07-07T17:09:13.354436+00:00,electricity,151,rpl_lite_xgboost,1,50,36199,40,10,9063,2,8,14,3000.0,1000.0,3.0,"{1: 1500, 0: 1500}",0.082875217547446,0.9940036473274232,,,0.1940899499852099,max_iter,,,,,stratified_labeled_val,2,True,22,28,20.954,success,,0.6641288756482401,0.6647226186655717,0.6609832598963034,1.2088487148284912,0.7223012091300682,0.6858666835542397,,,,,,,,,,,"{DOWN:28,UP:22}","{DOWN:5215,UP:3848}","{DOWN:20860,UP:15389}","{DOWN:20832,UP:15367}","{DOWN:6,UP:4}"
2026-07-07T17:09:34.320835+00:00,electricity,151,rpl_lite_xgboost,1,100,36149,80,20,9063,2,8,14,3000.0,1000.0,3.0,"{1: 1500, 0: 1500}",0.0829898475753132,0.9986443810860316,,,0.1545570040658925,max_iter,,,,,stratified_labeled_val,2,True,43,57,22.1083,success,,0.7144433410570451,0.7093622865434945,0.7086776656260312,1.0269616842269895,0.7648143598646955,0.7361369074361502,,,,,,,,,,,"{DOWN:57,UP:43}","{DOWN:5215,UP:3848}","{DOWN:20860,UP:15389}","{DOWN:20803,UP:15346}","{DOWN:11,UP:9}"
2026-07-07T17:09:56.442363+00:00,electricity,151,rpl_lite_xgboost,1,250,35999,200,50,9063,2,8,14,3000.0,1000.0,3.0,"{0: 1500, 1: 1500}",0.0833356482124503,0.9993740218083064,,,0.1871647131902362,max_iter,,,,,stratified_labeled_val,2,True,107,143,24.2,success,,0.7576961271102284,0.7503181540933219,0.7511584645002787,0.7386030554771423,0.8235229965934664,0.7799253553554805,,,,,,,,,,,"{DOWN:143,UP:107}","{DOWN:5215,UP:3848}","{DOWN:20860,UP:15389}","{DOWN:20717,UP:15282}","{DOWN:29,UP:21}"
2026-07-07T17:10:20.655907+00:00,electricity,151,rpl_lite_xgboost,1,500,35749,400,100,9063,2,8,14,3000.0,1000.0,3.0,"{0: 1500, 1: 1500}",0.0839184312847911,0.9992809703350068,,,0.1871432334223186,max_iter,,,,,stratified_labeled_val,2,True,213,287,26.0164,success,,0.7768950678583251,0.7658427483091912,0.768649383222779,0.6301894783973694,0.8503143419250803,0.8184202367306957,,,,,,,,,,,"{DOWN:287,UP:213}","{DOWN:5215,UP:3848}","{DOWN:20860,UP:15389}","{DOWN:20573,UP:15176}","{DOWN:57,UP:43}"
2026-07-07T17:10:46.685731+00:00,electricity,151,rpl_lite_xgboost,2,50,36199,40,10,9063,2,8,14,3000.0,1000.0,3.0,"{0: 1500, 1: 1500}",0.082875217547446,0.9970748624801636,,,0.1323125274591025,max_iter,,,,,stratified_labeled_val,2,True,22,28,21.1558,success,,0.707492000441355,0.7049228546711768,0.702972015209417,1.019726276397705,0.7634336573094962,0.7235319617399604,,,,,,,,,,,"{DOWN:28,UP:22}","{DOWN:5215,UP:3848}","{DOWN:20860,UP:15389}","{DOWN:20832,UP:15367}","{DOWN:6,UP:4}"
2026-07-07T17:11:07.854389+00:00,electricity,151,rpl_lite_xgboost,2,100,36149,80,20,9063,2,8,14,3000.0,1000.0,3.0,"{0: 1500, 1: 1500}",0.0829898475753132,0.9986083816488583,,,0.2901801652776384,max_iter,,,,,stratified_labeled_val,2,True,43,57,22.0637,success,,0.7170914708154033,0.7092450561410293,0.7097539331269986,0.9302307963371276,0.7753140429314926,0.7360738094502449,,,,,,,,,,,"{DOWN:57,UP:43}","{DOWN:5215,UP:3848}","{DOWN:20860,UP:15389}","{DOWN:20803,UP:15346}","{DOWN:11,UP:9}"
2026-07-07T17:11:29.930451+00:00,electricity,151,rpl_lite_xgboost,2,250,35999,200,50,9063,2,8,14,3000.0,1000.0,3.0,"{0: 1500, 1: 1500}",0.0833356482124503,0.9995460039377212,,,0.3344730938182746,max_iter,,,,,stratified_labeled_val,2,True,107,143,24.8922,success,,0.7543859649122807,0.7493151551876385,0.7489883756138727,0.7806689143180847,0.8140845165174024,0.7499885408109837,,,,,,,,,,,"{DOWN:143,UP:107}","{DOWN:5215,UP:3848}","{DOWN:20860,UP:15389}","{DOWN:20717,UP:15282}","{DOWN:29,UP:21}"
2026-07-07T17:11:54.837274+00:00,electricity,151,rpl_lite_xgboost,2,500,35749,400,100,9063,2,8,14,3000.0,1000.0,3.0,"{0: 1500, 1: 1500}",0.0839184312847911,0.9993982571562132,,,0.2395664356336614,max_iter,,,,,stratified_labeled_val,2,True,213,287,24.3433,success,,0.776122696678804,0.7662274783080152,0.7685245570641301,0.6049331426620483,0.8509876007359228,0.8194659896651717,,,,,,,,,,,"{DOWN:287,UP:213}","{DOWN:5215,UP:3848}","{DOWN:20860,UP:15389}","{DOWN:20573,UP:15176}","{DOWN:57,UP:43}"
2026-07-07T17:12:19.195072+00:00,electricity,151,sslae,0,50,36199,40,10,9063,2,8,14,,,,,,,,,,,,,,,stratified_labeled_val,2,True,22,28,167.5537,success,,0.6880723822133952,0.6646489914946291,0.6662794267645918,0.6861171855202696,0.7564253721971842,0.7023111355901366,42.0,0.374491423368454,52.0,0.119570218026638,,sslae,internal_stratified_val,,style_baseline,supervised_autoencoder,"{DOWN:28,UP:22}","{DOWN:5215,UP:3848}","{DOWN:20860,UP:15389}","{DOWN:20832,UP:15367}","{DOWN:6,UP:4}"
2026-07-07T17:15:06.758353+00:00,electricity,151,sslae,0,100,36149,80,20,9063,2,8,14,,,,,,,,,,,,,,,stratified_labeled_val,2,True,43,57,119.3318,success,,0.7367317665232263,0.7147306914924365,0.7186259540474952,0.5391429536066825,0.7989850662669453,0.7666765812434186,27.0,0.4444845020771026,37.0,0.3361775577068329,,sslae,internal_stratified_val,,style_baseline,supervised_autoencoder,"{DOWN:57,UP:43}","{DOWN:5215,UP:3848}","{DOWN:20860,UP:15389}","{DOWN:20803,UP:15346}","{DOWN:11,UP:9}"
2026-07-07T17:17:06.126785+00:00,electricity,151,sslae,0,250,35999,200,50,9063,2,8,14,,,,,,,,,,,,,,,stratified_labeled_val,2,True,107,143,272.4034,success,,0.7573651108904337,0.7423669428702986,0.7460134948854176,0.5194948268861685,0.814719902807151,0.7835378608510983,62.0,0.4772191643714905,72.0,0.3838823437690735,,sslae,internal_stratified_val,,style_baseline,supervised_autoencoder,"{DOWN:143,UP:107}","{DOWN:5215,UP:3848}","{DOWN:20860,UP:15389}","{DOWN:20717,UP:15282}","{DOWN:29,UP:21}"
2026-07-07T17:21:38.549273+00:00,electricity,151,sslae,0,500,35749,400,100,9063,2,8,14,,,,,,,,,,,,,,,stratified_labeled_val,2,True,213,287,51.7955,success,,0.7464415756372063,0.7195234341207495,0.7236830415993214,0.5469227155866486,0.8082114851410154,0.772587749723306,3.0,0.5353471636772156,13.0,0.5524089634418488,,sslae,internal_stratified_val,,style_baseline,supervised_autoencoder,"{DOWN:287,UP:213}","{DOWN:5215,UP:3848}","{DOWN:20860,UP:15389}","{DOWN:20573,UP:15176}","{DOWN:57,UP:43}"
2026-07-07T17:22:30.362778+00:00,electricity,151,sslae,1,50,36199,40,10,9063,2,8,14,,,,,,,,,,,,,,,stratified_labeled_val,2,True,22,28,65.1608,success,,0.6943616903894958,0.6855092757777321,0.6861151851847777,0.5991339901850492,0.737701372181238,0.6931428164662897,6.0,0.6250742673873901,16.0,0.2519237995147705,,sslae,internal_stratified_val,,style_baseline,supervised_autoencoder,"{DOWN:28,UP:22}","{DOWN:5215,UP:3848}","{DOWN:20860,UP:15389}","{DOWN:20832,UP:15367}","{DOWN:6,UP:4}"
2026-07-07T17:23:35.534098+00:00,electricity,151,sslae,1,100,36149,80,20,9063,2,8,14,,,,,,,,,,,,,,,stratified_labeled_val,2,True,43,57,210.6309,success,,0.7288977159880834,0.7208322785503993,0.721572804824843,0.6191061801026413,0.7756033441436126,0.7312666542850457,36.0,0.3575649261474609,46.0,0.2301554381847381,,sslae,internal_stratified_val,,style_baseline,supervised_autoencoder,"{DOWN:57,UP:43}","{DOWN:5215,UP:3848}","{DOWN:20860,UP:15389}","{DOWN:20803,UP:15346}","{DOWN:11,UP:9}"
2026-07-07T17:27:06.176589+00:00,electricity,151,sslae,1,250,35999,200,50,9063,2,8,14,,,,,,,,,,,,,,,stratified_labeled_val,2,True,107,143,133.2115,success,,0.7287873772481518,0.7140265117614111,0.7168215723961193,0.5441418168666567,0.7911947385101746,0.7494562143824547,20.0,0.5714905261993408,30.0,0.4421204626560211,,sslae,internal_stratified_val,,style_baseline,supervised_autoencoder,"{DOWN:143,UP:107}","{DOWN:5215,UP:3848}","{DOWN:20860,UP:15389}","{DOWN:20717,UP:15282}","{DOWN:29,UP:21}"
2026-07-07T17:29:19.398105+00:00,electricity,151,sslae,1,500,35749,400,100,9063,2,8,14,,,,,,,,,,,,,,,stratified_labeled_val,2,True,213,287,81.293,success,,0.7426900584795322,0.7201805472778627,0.7243621766280107,0.5327710593439445,0.8054771887825579,0.7702309456464568,9.0,0.6613124012947083,19.0,0.4715168923139572,,sslae,internal_stratified_val,,style_baseline,supervised_autoencoder,"{DOWN:287,UP:213}","{DOWN:5215,UP:3848}","{DOWN:20860,UP:15389}","{DOWN:20573,UP:15176}","{DOWN:57,UP:43}"
2026-07-07T17:30:40.701249+00:00,electricity,151,sslae,2,50,36199,40,10,9063,2,8,14,,,,,,,,,,,,,,,stratified_labeled_val,2,True,22,28,86.9518,success,,0.6797969767185259,0.6743180703751174,0.6735775452630713,0.5804578252280306,0.7506426867165122,0.6845037566001615,11.0,0.4515159130096435,21.0,0.2119384557008743,,sslae,internal_stratified_val,,style_baseline,supervised_autoencoder,"{DOWN:28,UP:22}","{DOWN:5215,UP:3848}","{DOWN:20860,UP:15389}","{DOWN:20832,UP:15367}","{DOWN:6,UP:4}"
2026-07-07T17:32:07.662732+00:00,electricity,151,sslae,2,100,36149,80,20,9063,2,8,14,,,,,,,,,,,,,,,stratified_labeled_val,2,True,43,57,45.5744,success,,0.6197727021957409,0.5565946524000216,0.4911158103439174,0.6238276210611433,0.744164093660738,0.6700706777457324,1.0,0.614490270614624,11.0,0.4218684136867523,,sslae,internal_stratified_val,,style_baseline,supervised_autoencoder,"{DOWN:57,UP:43}","{DOWN:5215,UP:3848}","{DOWN:20860,UP:15389}","{DOWN:20803,UP:15346}","{DOWN:11,UP:9}"
2026-07-07T17:32:53.287688+00:00,electricity,151,sslae,2,250,35999,200,50,9063,2,8,14,,,,,,,,,,,,,,,stratified_labeled_val,2,True,107,143,227.607,success,,0.7504137702747434,0.73510050171124,0.7386217859305595,0.5120169290228845,0.818797303277169,0.7777801990458209,41.0,0.5118834972381592,51.0,0.3842955827713012,,sslae,internal_stratified_val,,style_baseline,supervised_autoencoder,"{DOWN:143,UP:107}","{DOWN:5215,UP:3848}","{DOWN:20860,UP:15389}","{DOWN:20717,UP:15282}","{DOWN:29,UP:21}"
2026-07-07T17:36:40.937962+00:00,electricity,151,sslae,2,500,35749,400,100,9063,2,8,14,,,,,,,,,,,,,,,stratified_labeled_val,2,True,213,287,99.6551,success,,0.7460002206774798,0.7196848906580451,0.7238833668278022,0.5134371884427827,0.8262581151842897,0.7858042625762395,14.0,0.5216471552848816,24.0,0.4276501536369324,,sslae,internal_stratified_val,,style_baseline,supervised_autoencoder,"{DOWN:287,UP:213}","{DOWN:5215,UP:3848}","{DOWN:20860,UP:15389}","{DOWN:20573,UP:15176}","{DOWN:57,UP:43}"
2026-07-07T17:38:20.601336+00:00,electricity,151,scarf,0,50,36199,40,10,9063,2,8,14,,,,,,,,,,,,,,,stratified_labeled_val,2,True,22,28,414.0788,success,,0.6850932362352422,0.6676802632339545,0.6696589161970898,0.6609993692199196,0.7436464360961005,0.6852320602056299,24.0,0.3977678716182709,34.0,0.1486559808254242,34.0,scarf,internal_stratified_val,50.0,paper_faithful_core,SCARF,"{DOWN:28,UP:22}","{DOWN:5215,UP:3848}","{DOWN:20860,UP:15389}","{DOWN:20832,UP:15367}","{DOWN:6,UP:4}"
2026-07-07T17:45:14.687782+00:00,electricity,151,scarf,0,100,36149,80,20,9063,2,8,14,,,,,,,,,,,,,,,stratified_labeled_val,2,True,43,57,272.4887,success,,0.7464415756372063,0.7275957377467445,0.7316615954061801,0.6080834308504346,0.79098646456029,0.7690455037679735,43.0,0.3367371261119842,53.0,0.1681126207113266,53.0,scarf,internal_stratified_val,50.0,paper_faithful_core,SCARF,"{DOWN:57,UP:43}","{DOWN:5215,UP:3848}","{DOWN:20860,UP:15389}","{DOWN:20803,UP:15346}","{DOWN:11,UP:9}"
2026-07-07T17:49:47.192221+00:00,electricity,151,scarf,0,250,35999,200,50,9063,2,8,14,,,,,,,,,,,,,,,stratified_labeled_val,2,True,107,143,313.5035,success,,0.75295156129317,0.7401667487237957,0.7430395371665255,0.5482626808126133,0.8107920987954547,0.7799100165324068,36.0,0.4824187159538269,46.0,0.3084224462509155,46.0,scarf,internal_stratified_val,50.0,paper_faithful_core,SCARF,"{DOWN:143,UP:107}","{DOWN:5215,UP:3848}","{DOWN:20860,UP:15389}","{DOWN:20717,UP:15282}","{DOWN:29,UP:21}"
2026-07-07T17:55:00.702751+00:00,electricity,151,scarf,0,500,35749,400,100,9063,2,8,14,,,,,,,,,,,,,,,stratified_labeled_val,2,True,213,287,282.3652,success,,0.7567030784508441,0.7400546012123193,0.7440906673820822,0.5288634516197617,0.8133156545069297,0.7753673807739354,12.0,0.534328818321228,22.0,0.4470211118459701,22.0,scarf,internal_stratified_val,50.0,paper_faithful_core,SCARF,"{DOWN:287,UP:213}","{DOWN:5215,UP:3848}","{DOWN:20860,UP:15389}","{DOWN:20573,UP:15176}","{DOWN:57,UP:43}"
2026-07-07T17:59:43.075132+00:00,electricity,151,scarf,1,50,36199,40,10,9063,2,8,14,,,,,,,,,,,,,,,stratified_labeled_val,2,True,22,28,292.7647,success,,0.6681010702857774,0.632581131909991,0.6272897855363821,0.6393434878623405,0.7007679899458423,0.629476434641498,9.0,0.6476141214370728,19.0,0.330670952796936,19.0,scarf,internal_stratified_val,50.0,paper_faithful_core,SCARF,"{DOWN:28,UP:22}","{DOWN:5215,UP:3848}","{DOWN:20860,UP:15389}","{DOWN:20832,UP:15367}","{DOWN:6,UP:4}"
2026-07-07T18:04:35.848331+00:00,electricity,151,scarf,1,100,36149,80,20,9063,2,8,14,,,,,,,,,,,,,,,stratified_labeled_val,2,True,43,57,251.0046,success,,0.7006509985655964,0.6958449110294748,0.6949403668362858,0.7676189608402977,0.7494239390212545,0.6859303059853494,30.0,0.336465060710907,40.0,0.1478091478347778,40.0,scarf,internal_stratified_val,50.0,paper_faithful_core,SCARF,"{DOWN:57,UP:43}","{DOWN:5215,UP:3848}","{DOWN:20860,UP:15389}","{DOWN:20803,UP:15346}","{DOWN:11,UP:9}"
2026-07-07T18:08:46.862802+00:00,electricity,151,scarf,1,250,35999,200,50,9063,2,8,14,,,,,,,,,,,,,,,stratified_labeled_val,2,True,107,143,272.1441,success,,0.7506344477546066,0.7394476193133912,0.7417280621717439,0.5316479055399365,0.8175425019384752,0.7743250335100602,28.0,0.5314897298812866,38.0,0.3259487748146057,38.0,scarf,internal_stratified_val,50.0,paper_faithful_core,SCARF,"{DOWN:143,UP:107}","{DOWN:5215,UP:3848}","{DOWN:20860,UP:15389}","{DOWN:20717,UP:15282}","{DOWN:29,UP:21}"
2026-07-07T18:13:19.017008+00:00,electricity,151,scarf,1,500,35749,400,100,9063,2,8,14,,,,,,,,,,,,,,,stratified_labeled_val,2,True,213,287,198.8454,success,,0.6912722056714112,0.6647727250076243,0.6658239039885736,0.6063457613515568,0.7413181730295824,0.674915849301345,4.0,0.660317599773407,14.0,0.493264228105545,14.0,scarf,internal_stratified_val,50.0,paper_faithful_core,SCARF,"{DOWN:287,UP:213}","{DOWN:5215,UP:3848}","{DOWN:20860,UP:15389}","{DOWN:20573,UP:15176}","{DOWN:57,UP:43}"
2026-07-07T18:16:37.874751+00:00,electricity,151,scarf,2,50,36199,40,10,9063,2,8,14,,,,,,,,,,,,,,,stratified_labeled_val,2,True,22,28,168.8666,success,,0.7346353304645261,0.7212538096766286,0.723863592699352,0.555124757141225,0.7805844028998392,0.7482264262459355,12.0,0.5026930570602417,22.0,0.246180310845375,22.0,scarf,internal_stratified_val,50.0,paper_faithful_core,SCARF,"{DOWN:28,UP:22}","{DOWN:5215,UP:3848}","{DOWN:20860,UP:15389}","{DOWN:20832,UP:15367}","{DOWN:6,UP:4}"
2026-07-07T18:19:26.752408+00:00,electricity,151,scarf,2,100,36149,80,20,9063,2,8,14,,,,,,,,,,,,,,,stratified_labeled_val,2,True,43,57,139.6471,success,,0.7202912942734194,0.7073932891885912,0.7095611118130756,0.541317033710465,0.7905470187349382,0.7588129859082352,15.0,0.5577660202980042,25.0,0.2962803244590759,25.0,scarf,internal_stratified_val,50.0,paper_faithful_core,SCARF,"{DOWN:57,UP:43}","{DOWN:5215,UP:3848}","{DOWN:20860,UP:15389}","{DOWN:20803,UP:15346}","{DOWN:11,UP:9}"
2026-07-07T18:21:46.410958+00:00,electricity,151,scarf,2,250,35999,200,50,9063,2,8,14,,,,,,,,,,,,,,,stratified_labeled_val,2,True,107,143,143.6055,success,,0.7212843429328037,0.7060763220998121,0.708765854501504,0.5704076894335747,0.7777723682086098,0.7224583109091892,11.0,0.6309231519699097,21.0,0.464940458536148,21.0,scarf,internal_stratified_val,50.0,paper_faithful_core,SCARF,"{DOWN:143,UP:107}","{DOWN:5215,UP:3848}","{DOWN:20860,UP:15389}","{DOWN:20717,UP:15282}","{DOWN:29,UP:21}"
2026-07-07T18:24:10.030123+00:00,electricity,151,scarf,2,500,35749,400,100,9063,2,8,14,,,,,,,,,,,,,,,stratified_labeled_val,2,True,213,287,152.1556,success,,0.7421383647798742,0.7189177727768332,0.7230730036582598,0.5460920464036926,0.7925788296593665,0.7567589089177306,8.0,0.5823355317115784,18.0,0.4300515502691269,18.0,scarf,internal_stratified_val,50.0,paper_faithful_core,SCARF,"{DOWN:287,UP:213}","{DOWN:5215,UP:3848}","{DOWN:20860,UP:15389}","{DOWN:20573,UP:15176}","{DOWN:57,UP:43}"
2026-07-07T18:26:42.197399+00:00,electricity,151,vime,0,50,36199,40,10,9063,2,8,14,,,,,,,,,,,,,,,stratified_labeled_val,2,True,22,28,206.9582,success,,0.6810107028577733,0.6680838049126641,0.6695192314399148,0.5849360194698715,0.7550638799799874,0.6977947532693947,14.0,0.5548182129859924,24.0,0.2538954019546509,24.0,vime,internal_stratified_val,50.0,paper_faithful_core,VIME,"{DOWN:28,UP:22}","{DOWN:5215,UP:3848}","{DOWN:20860,UP:15389}","{DOWN:20832,UP:15367}","{DOWN:6,UP:4}"
2026-07-07T18:30:09.170382+00:00,electricity,151,vime,0,100,36149,80,20,9063,2,8,14,,,,,,,,,,,,,,,stratified_labeled_val,2,True,43,57,205.8852,success,,0.7088160653205341,0.6887026020415282,0.6914518184750968,0.9767858057589872,0.7704066860946055,0.7304722667718151,66.0,0.255090057849884,76.0,0.0405835062265396,76.0,vime,internal_stratified_val,50.0,paper_faithful_core,VIME,"{DOWN:57,UP:43}","{DOWN:5215,UP:3848}","{DOWN:20860,UP:15389}","{DOWN:20803,UP:15346}","{DOWN:11,UP:9}"
2026-07-07T18:33:35.068815+00:00,electricity,151,vime,0,250,35999,200,50,9063,2,8,14,,,,,,,,,,,,,,,stratified_labeled_val,2,True,107,143,214.5272,success,,0.7194085843539667,0.7052638568578167,0.707698454328973,0.5510906728217067,0.7856539388418582,0.7393638148034569,21.0,0.5177493691444397,31.0,0.3987679779529571,31.0,vime,internal_stratified_val,50.0,paper_faithful_core,VIME,"{DOWN:143,UP:107}","{DOWN:5215,UP:3848}","{DOWN:20860,UP:15389}","{DOWN:20717,UP:15282}","{DOWN:29,UP:21}"
2026-07-07T18:37:09.608459+00:00,electricity,151,vime,0,500,35749,400,100,9063,2,8,14,,,,,,,,,,,,,,,stratified_labeled_val,2,True,213,287,243.6864,success,,0.7476553017764537,0.7365523896564166,0.7387420438868544,0.5359385998925095,0.805500884024374,0.7580125878531603,7.0,0.5391867160797119,17.0,0.4785374850034714,17.0,vime,internal_stratified_val,50.0,paper_faithful_core,VIME,"{DOWN:287,UP:213}","{DOWN:5215,UP:3848}","{DOWN:20860,UP:15389}","{DOWN:20573,UP:15176}","{DOWN:57,UP:43}"
2026-07-07T18:41:13.309362+00:00,electricity,151,vime,1,50,36199,40,10,9063,2,8,14,,,,,,,,,,,,,,,stratified_labeled_val,2,True,22,28,301.8348,success,,0.6796866379785943,0.6522192051554467,0.6523360414280817,0.6051089704567143,0.7352131973776268,0.6710227916595214,5.0,0.6173388957977295,15.0,0.3097404837608337,15.0,vime,internal_stratified_val,50.0,paper_faithful_core,VIME,"{DOWN:28,UP:22}","{DOWN:5215,UP:3848}","{DOWN:20860,UP:15389}","{DOWN:20832,UP:15367}","{DOWN:6,UP:4}"
2026-07-07T18:46:15.159942+00:00,electricity,151,vime,1,100,36149,80,20,9063,2,8,14,,,,,,,,,,,,,,,stratified_labeled_val,2,True,43,57,337.4883,success,,0.7064989517819706,0.7031062692975445,0.7015677399554527,0.6924339304144712,0.7575614979977396,0.6956476145167327,25.0,0.3186848759651184,35.0,0.2074326127767563,35.0,vime,internal_stratified_val,50.0,paper_faithful_core,VIME,"{DOWN:57,UP:43}","{DOWN:5215,UP:3848}","{DOWN:20860,UP:15389}","{DOWN:20803,UP:15346}","{DOWN:11,UP:9}"
2026-07-07T18:51:52.663161+00:00,electricity,151,vime,1,250,35999,200,50,9063,2,8,14,,,,,,,,,,,,,,,stratified_labeled_val,2,True,107,143,271.0276,success,,0.7019750634447754,0.6820088830994872,0.684516560192735,0.5883391865403913,0.7605601046876215,0.6954433983327144,4.0,0.5906397104263306,14.0,0.4683664739131927,14.0,vime,internal_stratified_val,50.0,paper_faithful_core,VIME,"{DOWN:143,UP:107}","{DOWN:5215,UP:3848}","{DOWN:20860,UP:15389}","{DOWN:20717,UP:15282}","{DOWN:29,UP:21}"
2026-07-07T18:56:23.703779+00:00,electricity,151,vime,1,500,35749,400,100,9063,2,8,14,,,,,,,,,,,,,,,stratified_labeled_val,2,True,213,287,298.804,success,,0.6736180072823569,0.6459241443301846,0.6456300769483347,0.6048574628859502,0.7343690637314798,0.6657772863099886,2.0,0.6705774068832397,12.0,0.5035054981708527,12.0,vime,internal_stratified_val,50.0,paper_faithful_core,VIME,"{DOWN:287,UP:213}","{DOWN:5215,UP:3848}","{DOWN:20860,UP:15389}","{DOWN:20573,UP:15176}","{DOWN:57,UP:43}"
2026-07-07T19:01:22.522135+00:00,electricity,151,vime,2,50,36199,40,10,9063,2,8,14,,,,,,,,,,,,,,,stratified_labeled_val,2,True,22,28,287.6138,success,,0.6807900253779102,0.6844453818447107,0.6787851949798955,0.7587080958163571,0.7578361236079356,0.6878602866985767,40.0,0.4817737936973572,50.0,0.0260925702750682,50.0,vime,internal_stratified_val,50.0,paper_faithful_core,VIME,"{DOWN:28,UP:22}","{DOWN:5215,UP:3848}","{DOWN:20860,UP:15389}","{DOWN:20832,UP:15367}","{DOWN:6,UP:4}"
2026-07-07T19:06:10.148874+00:00,electricity,151,vime,2,100,36149,80,20,9063,2,8,14,,,,,,,,,,,,,,,stratified_labeled_val,2,True,43,57,259.3424,success,,0.7073816617014234,0.6884439476721356,0.6911283024943236,0.5661290916984613,0.7712989327922214,0.7178065631946045,14.0,0.5818424820899963,24.0,0.2733800411224365,24.0,vime,internal_stratified_val,50.0,paper_faithful_core,VIME,"{DOWN:57,UP:43}","{DOWN:5215,UP:3848}","{DOWN:20860,UP:15389}","{DOWN:20803,UP:15346}","{DOWN:11,UP:9}"
2026-07-07T19:10:29.502437+00:00,electricity,151,vime,2,250,35999,200,50,9063,2,8,14,,,,,,,,,,,,,,,stratified_labeled_val,2,True,107,143,347.9819,success,,0.7456692044576851,0.7388797806583042,0.7392869928324629,0.5300506142376974,0.8104016879184666,0.7700092685909152,26.0,0.5464701652526855,36.0,0.3596065938472748,36.0,vime,internal_stratified_val,50.0,paper_faithful_core,VIME,"{DOWN:143,UP:107}","{DOWN:5215,UP:3848}","{DOWN:20860,UP:15389}","{DOWN:20717,UP:15282}","{DOWN:29,UP:21}"
2026-07-07T19:16:17.498429+00:00,electricity,151,vime,2,500,35749,400,100,9063,2,8,14,,,,,,,,,,,,,,,stratified_labeled_val,2,True,213,287,543.1935,success,,0.7466622531170694,0.7372903307467066,0.7388142738123222,0.5265161370842961,0.8110756194648812,0.7602117162483777,11.0,0.5562785863876343,21.0,0.428202211856842,21.0,vime,internal_stratified_val,50.0,paper_faithful_core,VIME,"{DOWN:287,UP:213}","{DOWN:5215,UP:3848}","{DOWN:20860,UP:15389}","{DOWN:20573,UP:15176}","{DOWN:57,UP:43}"
2026-07-14T09:52:41.124279+00:00,electricity,151,rpl_lr,0,250,35999,200,50,9063,2,8,14,,,,,,,,,,,,,,,stratified_labeled_val,2,True,107,143,0.5185,success,,0.7562617234911178,0.7364012982301573,0.7410000901834821,1.8211818933486936,0.806147482573657,0.7759764826295049,,,,,,,,,,,"{DOWN:143,UP:107}","{DOWN:5215,UP:3848}","{DOWN:20860,UP:15389}","{DOWN:20717,UP:15282}","{DOWN:29,UP:21}"
2026-07-07T19:25:38.290538+00:00,adult,1590,logistic_regression,0,50,39023,40,10,9769,2,14,108,,,,,,,,,,,,,,,stratified_labeled_val,2,True,14,36,0.7539,success,,0.8099088954857201,0.7010691403397715,0.7163746818562566,0.4110874235630035,0.8553788092538608,0.6250072972411738,,,,,,,,,,,"{<=50K:36,>50K:14}","{<=50K:7431,>50K:2338}","{<=50K:29724,>50K:9349}","{<=50K:29688,>50K:9335}","{<=50K:7,>50K:3}"
2026-07-07T19:25:39.059143+00:00,adult,1590,logistic_regression,0,100,38973,80,20,9769,2,14,108,,,,,,,,,,,,,,,stratified_labeled_val,2,True,27,73,0.6798,success,,0.8188146176681339,0.7401949086428332,0.745510264347073,0.3920291066169739,0.8633355009802761,0.674352667684662,,,,,,,,,,,"{<=50K:73,>50K:27}","{<=50K:7431,>50K:2338}","{<=50K:29724,>50K:9349}","{<=50K:29651,>50K:9322}","{<=50K:15,>50K:5}"
2026-07-07T19:25:39.748325+00:00,adult,1590,logistic_regression,0,250,38823,200,50,9769,2,14,108,,,,,,,,,,,,,,,stratified_labeled_val,2,True,62,188,0.6864,success,,0.8146176681338929,0.7430059426679831,0.7441830193796087,0.3926862478256225,0.8613786326648853,0.6747571832044497,,,,,,,,,,,"{<=50K:188,>50K:62}","{<=50K:7431,>50K:2338}","{<=50K:29724,>50K:9349}","{<=50K:29536,>50K:9287}","{<=50K:38,>50K:12}"
2026-07-07T19:25:40.445710+00:00,adult,1590,logistic_regression,0,500,38573,400,100,9769,2,14,108,,,,,,,,,,,,,,,stratified_labeled_val,2,True,122,378,0.8272,success,,0.8367284266557478,0.7395112595041764,0.757325443179117,0.3529143929481506,0.8838465867733936,0.7180161890813312,,,,,,,,,,,"{<=50K:378,>50K:122}","{<=50K:7431,>50K:2338}","{<=50K:29724,>50K:9349}","{<=50K:29346,>50K:9227}","{<=50K:76,>50K:24}"
2026-07-07T19:25:41.279606+00:00,adult,1590,logistic_regression,1,50,39023,40,10,9769,2,14,108,,,,,,,,,,,,,,,stratified_labeled_val,2,True,14,36,0.7647,success,,0.8150271266250384,0.7256864090608793,0.7349321159873645,0.416226863861084,0.8413961626317696,0.6499994312969642,,,,,,,,,,,"{<=50K:36,>50K:14}","{<=50K:7431,>50K:2338}","{<=50K:29724,>50K:9349}","{<=50K:29688,>50K:9335}","{<=50K:7,>50K:3}"
2026-07-07T19:25:42.052994+00:00,adult,1590,logistic_regression,1,100,38973,80,20,9769,2,14,108,,,,,,,,,,,,,,,stratified_labeled_val,2,True,27,73,0.7506,success,,0.8127751049237384,0.7420879447633368,0.7424784432453436,0.4030726552009582,0.8551191348199271,0.6583878010507956,,,,,,,,,,,"{<=50K:73,>50K:27}","{<=50K:7431,>50K:2338}","{<=50K:29724,>50K:9349}","{<=50K:29651,>50K:9322}","{<=50K:15,>50K:5}"
2026-07-07T19:25:42.812288+00:00,adult,1590,logistic_regression,1,250,38823,200,50,9769,2,14,108,,,,,,,,,,,,,,,stratified_labeled_val,2,True,62,188,1.014,success,,0.8410277408127751,0.7396989572386456,0.7604404908557669,0.3635353446006775,0.8770349030297442,0.7117104219265319,,,,,,,,,,,"{<=50K:188,>50K:62}","{<=50K:7431,>50K:2338}","{<=50K:29724,>50K:9349}","{<=50K:29536,>50K:9287}","{<=50K:38,>50K:12}"
2026-07-07T19:25:43.835627+00:00,adult,1590,logistic_regression,1,500,38573,400,100,9769,2,14,108,,,,,,,,,,,,,,,stratified_labeled_val,2,True,122,378,0.8491,success,,0.8397993653393387,0.7419695472656971,0.7608888353376948,0.3512260019779205,0.8873124907690818,0.7298321379103493,,,,,,,,,,,"{<=50K:378,>50K:122}","{<=50K:7431,>50K:2338}","{<=50K:29724,>50K:9349}","{<=50K:29346,>50K:9227}","{<=50K:76,>50K:24}"
2026-07-07T19:25:44.697755+00:00,adult,1590,logistic_regression,2,50,39023,40,10,9769,2,14,108,,,,,,,,,,,,,,,stratified_labeled_val,2,True,14,36,0.7707,success,,0.8106254478452247,0.703299007843935,0.7182826547169934,0.4111867547035217,0.838610454274564,0.6329222945823009,,,,,,,,,,,"{<=50K:36,>50K:14}","{<=50K:7431,>50K:2338}","{<=50K:29724,>50K:9349}","{<=50K:29688,>50K:9335}","{<=50K:7,>50K:3}"
2026-07-07T19:25:45.479092+00:00,adult,1590,logistic_regression,2,100,38973,80,20,9769,2,14,108,,,,,,,,,,,,,,,stratified_labeled_val,2,True,27,73,0.837,success,,0.8163578667212611,0.7064807175544522,0.7237093963347545,0.4394263327121734,0.8410341206968381,0.6401468147488829,,,,,,,,,,,"{<=50K:73,>50K:27}","{<=50K:7431,>50K:2338}","{<=50K:29724,>50K:9349}","{<=50K:29651,>50K:9322}","{<=50K:15,>50K:5}"
2026-07-07T19:25:46.330812+00:00,adult,1590,logistic_regression,2,250,38823,200,50,9769,2,14,108,,,,,,,,,,,,,,,stratified_labeled_val,2,True,62,188,0.7483,success,,0.8251612242808886,0.7087495520522482,0.7304349371414243,0.3791188299655914,0.8628725017235844,0.6663452040269774,,,,,,,,,,,"{<=50K:188,>50K:62}","{<=50K:7431,>50K:2338}","{<=50K:29724,>50K:9349}","{<=50K:29536,>50K:9287}","{<=50K:38,>50K:12}"
2026-07-07T19:25:47.087252+00:00,adult,1590,logistic_regression,2,500,38573,400,100,9769,2,14,108,,,,,,,,,,,,,,,stratified_labeled_val,2,True,122,378,0.7126,success,,0.8417442931722796,0.7495505845106603,0.7665214180626957,0.3384969532489776,0.8943851440092306,0.7323977189751629,,,,,,,,,,,"{<=50K:378,>50K:122}","{<=50K:7431,>50K:2338}","{<=50K:29724,>50K:9349}","{<=50K:29346,>50K:9227}","{<=50K:76,>50K:24}"
2026-07-07T19:25:47.809616+00:00,adult,1590,random_forest,0,50,39023,40,10,9769,2,14,108,,,,,,,,,,,,,,,stratified_labeled_val,2,True,14,36,2.469,success,,0.8022315487767427,0.6315308997899005,0.6522971074149959,0.4073369308203234,0.8570594838928176,0.6346456722056543,,,,,,,,,,,"{<=50K:36,>50K:14}","{<=50K:7431,>50K:2338}","{<=50K:29724,>50K:9349}","{<=50K:29688,>50K:9335}","{<=50K:7,>50K:3}"
2026-07-07T19:25:50.287989+00:00,adult,1590,random_forest,0,100,38973,80,20,9769,2,14,108,,,,,,,,,,,,,,,stratified_labeled_val,2,True,27,73,2.5807,success,,0.8309960077797113,0.7121451197610547,0.7363055533688134,0.3923264341491105,0.865018880861036,0.6674654227851251,,,,,,,,,,,"{<=50K:73,>50K:27}","{<=50K:7431,>50K:2338}","{<=50K:29724,>50K:9349}","{<=50K:29651,>50K:9322}","{<=50K:15,>50K:5}"
2026-07-07T19:25:52.888506+00:00,adult,1590,random_forest,0,250,38823,200,50,9769,2,14,108,,,,,,,,,,,,,,,stratified_labeled_val,2,True,62,188,2.6903,success,,0.8251612242808886,0.7338134159042202,0.7461970595250265,0.3882473065733831,0.8601158027678422,0.6508100430901248,,,,,,,,,,,"{<=50K:188,>50K:62}","{<=50K:7431,>50K:2338}","{<=50K:29724,>50K:9349}","{<=50K:29536,>50K:9287}","{<=50K:38,>50K:12}"
2026-07-07T19:25:55.591140+00:00,adult,1590,random_forest,0,500,38573,400,100,9769,2,14,108,,,,,,,,,,,,,,,stratified_labeled_val,2,True,122,378,2.3214,success,,0.8357047804278841,0.7150936894306433,0.7412655466588751,0.364818816788942,0.8790225650550216,0.6999019502291044,,,,,,,,,,,"{<=50K:378,>50K:122}","{<=50K:7431,>50K:2338}","{<=50K:29724,>50K:9349}","{<=50K:29346,>50K:9227}","{<=50K:76,>50K:24}"
2026-07-07T19:25:57.922633+00:00,adult,1590,random_forest,1,50,39023,40,10,9769,2,14,108,,,,,,,,,,,,,,,stratified_labeled_val,2,True,14,36,2.1878,success,,0.8232162964479476,0.7005822255943733,0.7235312745986561,0.4003300386537893,0.8478445957154266,0.6473531997310676,,,,,,,,,,,"{<=50K:36,>50K:14}","{<=50K:7431,>50K:2338}","{<=50K:29724,>50K:9349}","{<=50K:29688,>50K:9335}","{<=50K:7,>50K:3}"
2026-07-07T19:26:00.122095+00:00,adult,1590,random_forest,1,100,38973,80,20,9769,2,14,108,,,,,,,,,,,,,,,stratified_labeled_val,2,True,27,73,2.2317,success,,0.8194288054048521,0.7175867712064192,0.7327728305841642,0.3974829974088322,0.8627273108204261,0.6537529533327247,,,,,,,,,,,"{<=50K:73,>50K:27}","{<=50K:7431,>50K:2338}","{<=50K:29724,>50K:9349}","{<=50K:29651,>50K:9322}","{<=50K:15,>50K:5}"
2026-07-07T19:26:02.365525+00:00,adult,1590,random_forest,1,250,38823,200,50,9769,2,14,108,,,,,,,,,,,,,,,stratified_labeled_val,2,True,62,188,2.2138,success,,0.8333503941037977,0.7175035706313885,0.741410983732496,0.3635859139630928,0.8758805130381718,0.6974779005406528,,,,,,,,,,,"{<=50K:188,>50K:62}","{<=50K:7431,>50K:2338}","{<=50K:29724,>50K:9349}","{<=50K:29536,>50K:9287}","{<=50K:38,>50K:12}"
2026-07-07T19:26:04.591215+00:00,adult,1590,random_forest,1,500,38573,400,100,9769,2,14,108,,,,,,,,,,,,,,,stratified_labeled_val,2,True,122,378,2.3165,success,,0.8414371993039206,0.7398215277156628,0.7608005699871504,0.3489616972255974,0.8891115916848465,0.7150226793968094,,,,,,,,,,,"{<=50K:378,>50K:122}","{<=50K:7431,>50K:2338}","{<=50K:29724,>50K:9349}","{<=50K:29346,>50K:9227}","{<=50K:76,>50K:24}"
2026-07-07T19:26:06.921331+00:00,adult,1590,random_forest,2,50,39023,40,10,9769,2,14,108,,,,,,,,,,,,,,,stratified_labeled_val,2,True,14,36,2.3098,success,,0.7871839492271471,0.6971246387782714,0.70131277073274,0.4352064044103539,0.8199136647979777,0.571979630074789,,,,,,,,,,,"{<=50K:36,>50K:14}","{<=50K:7431,>50K:2338}","{<=50K:29724,>50K:9349}","{<=50K:29688,>50K:9335}","{<=50K:7,>50K:3}"
2026-07-07T19:26:09.244328+00:00,adult,1590,random_forest,2,100,38973,80,20,9769,2,14,108,,,,,,,,,,,,,,,stratified_labeled_val,2,True,27,73,2.1852,success,,0.8274132459821886,0.7130147111049255,0.7347002554784312,0.3852079046599386,0.8543024395870581,0.6722282495761492,,,,,,,,,,,"{<=50K:73,>50K:27}","{<=50K:7431,>50K:2338}","{<=50K:29724,>50K:9349}","{<=50K:29651,>50K:9322}","{<=50K:15,>50K:5}"
2026-07-07T19:26:11.437296+00:00,adult,1590,random_forest,2,250,38823,200,50,9769,2,14,108,,,,,,,,,,,,,,,stratified_labeled_val,2,True,62,188,2.1542,success,,0.8210666393694339,0.7069375580691665,0.726768542098819,0.3796618596217168,0.8658830329421323,0.6551147310863039,,,,,,,,,,,"{<=50K:188,>50K:62}","{<=50K:7431,>50K:2338}","{<=50K:29724,>50K:9349}","{<=50K:29536,>50K:9287}","{<=50K:38,>50K:12}"
2026-07-07T19:26:13.600457+00:00,adult,1590,random_forest,2,500,38573,400,100,9769,2,14,108,,,,,,,,,,,,,,,stratified_labeled_val,2,True,122,378,2.2896,success,,0.8358071450506704,0.7455014418938811,0.7600542323132464,0.3455843480210319,0.890226698111937,0.7131052859696076,,,,,,,,,,,"{<=50K:378,>50K:122}","{<=50K:7431,>50K:2338}","{<=50K:29724,>50K:9349}","{<=50K:29346,>50K:9227}","{<=50K:76,>50K:24}"
2026-07-07T19:26:15.896941+00:00,adult,1590,xgboost,0,50,39023,40,10,9769,2,14,108,,,,,,,,,,,,,,,stratified_labeled_val,2,True,14,36,1.574,success,,0.7667110246698741,0.5985089915906119,0.609365887370636,0.5645409822463989,0.7566636724820156,0.4586394857230311,,,,,,,,,,,"{<=50K:36,>50K:14}","{<=50K:7431,>50K:2338}","{<=50K:29724,>50K:9349}","{<=50K:29688,>50K:9335}","{<=50K:7,>50K:3}"
2026-07-07T19:26:17.486042+00:00,adult,1590,xgboost,0,100,38973,80,20,9769,2,14,108,,,,,,,,,,,,,,,stratified_labeled_val,2,True,27,73,1.7555,success,,0.7920974511208926,0.7070966780896941,0.7101653806164496,0.5079485774040222,0.8197725893158605,0.5895313820946679,,,,,,,,,,,"{<=50K:73,>50K:27}","{<=50K:7431,>50K:2338}","{<=50K:29724,>50K:9349}","{<=50K:29651,>50K:9322}","{<=50K:15,>50K:5}"
2026-07-07T19:26:19.257287+00:00,adult,1590,xgboost,0,250,38823,200,50,9769,2,14,108,,,,,,,,,,,,,,,stratified_labeled_val,2,True,62,188,2.4917,success,,0.7971133176374245,0.7210934552833315,0.7212230918119678,0.5069695711135864,0.8383857465298943,0.6061996563457078,,,,,,,,,,,"{<=50K:188,>50K:62}","{<=50K:7431,>50K:2338}","{<=50K:29724,>50K:9349}","{<=50K:29536,>50K:9287}","{<=50K:38,>50K:12}"
2026-07-07T19:26:21.764339+00:00,adult,1590,xgboost,0,500,38573,400,100,9769,2,14,108,,,,,,,,,,,,,,,stratified_labeled_val,2,True,122,378,3.1814,success,,0.8167673252124066,0.7082155833669761,0.7251088151255854,0.4642695486545563,0.8534695992408746,0.6558035216376964,,,,,,,,,,,"{<=50K:378,>50K:122}","{<=50K:7431,>50K:2338}","{<=50K:29724,>50K:9349}","{<=50K:29346,>50K:9227}","{<=50K:76,>50K:24}"
2026-07-07T19:26:24.969746+00:00,adult,1590,xgboost,1,50,39023,40,10,9769,2,14,108,,,,,,,,,,,,,,,stratified_labeled_val,2,True,14,36,1.9273,success,,0.7679394001433105,0.6742148668808067,0.6766830866419608,0.6036092638969421,0.7733881392299317,0.5269825831384167,,,,,,,,,,,"{<=50K:36,>50K:14}","{<=50K:7431,>50K:2338}","{<=50K:29724,>50K:9349}","{<=50K:29688,>50K:9335}","{<=50K:7,>50K:3}"
2026-07-07T19:26:26.914707+00:00,adult,1590,xgboost,1,100,38973,80,20,9769,2,14,108,,,,,,,,,,,,,,,stratified_labeled_val,2,True,27,73,1.795,success,,0.8012079025488791,0.7366832457698365,0.7321250337466522,0.4592868685722351,0.8418429016584744,0.6043677055204777,,,,,,,,,,,"{<=50K:73,>50K:27}","{<=50K:7431,>50K:2338}","{<=50K:29724,>50K:9349}","{<=50K:29651,>50K:9322}","{<=50K:15,>50K:5}"
2026-07-07T19:26:28.723859+00:00,adult,1590,xgboost,1,250,38823,200,50,9769,2,14,108,,,,,,,,,,,,,,,stratified_labeled_val,2,True,62,188,2.5652,success,,0.8307912785341386,0.7260814894808112,0.7452882129386241,0.4446727633476257,0.8737710863525846,0.6942381385918437,,,,,,,,,,,"{<=50K:188,>50K:62}","{<=50K:7431,>50K:2338}","{<=50K:29724,>50K:9349}","{<=50K:29536,>50K:9287}","{<=50K:38,>50K:12}"
2026-07-07T19:26:31.302148+00:00,adult,1590,xgboost,1,500,38573,400,100,9769,2,14,108,,,,,,,,,,,,,,,stratified_labeled_val,2,True,122,378,2.7216,success,,0.8370355205241069,0.7493868886024018,0.7630410947716899,0.4343878626823425,0.8847288985095729,0.7159954779802924,,,,,,,,,,,"{<=50K:378,>50K:122}","{<=50K:7431,>50K:2338}","{<=50K:29724,>50K:9349}","{<=50K:29346,>50K:9227}","{<=50K:76,>50K:24}"
2026-07-07T19:26:34.038315+00:00,adult,1590,xgboost,2,50,39023,40,10,9769,2,14,108,,,,,,,,,,,,,,,stratified_labeled_val,2,True,14,36,1.2587,success,,0.7554509161633739,0.6787578024641645,0.6735108112692509,0.5044404864311218,0.8009839942929758,0.5422907132518576,,,,,,,,,,,"{<=50K:36,>50K:14}","{<=50K:7431,>50K:2338}","{<=50K:29724,>50K:9349}","{<=50K:29688,>50K:9335}","{<=50K:7,>50K:3}"
2026-07-07T19:26:35.307817+00:00,adult,1590,xgboost,2,100,38973,80,20,9769,2,14,108,,,,,,,,,,,,,,,stratified_labeled_val,2,True,27,73,1.8084,success,,0.8068379568021292,0.6975848464556555,0.7122969247703426,0.5525280237197876,0.8124556584967213,0.6046905422648022,,,,,,,,,,,"{<=50K:73,>50K:27}","{<=50K:7431,>50K:2338}","{<=50K:29724,>50K:9349}","{<=50K:29651,>50K:9322}","{<=50K:15,>50K:5}"
2026-07-07T19:26:37.127274+00:00,adult,1590,xgboost,2,250,38823,200,50,9769,2,14,108,,,,,,,,,,,,,,,stratified_labeled_val,2,True,62,188,2.0235,success,,0.8058143105742656,0.7043871769696664,0.7162714318165704,0.4800853729248047,0.8385558889718112,0.6080617393507681,,,,,,,,,,,"{<=50K:188,>50K:62}","{<=50K:7431,>50K:2338}","{<=50K:29724,>50K:9349}","{<=50K:29536,>50K:9287}","{<=50K:38,>50K:12}"
2026-07-07T19:26:39.165786+00:00,adult,1590,xgboost,2,500,38573,400,100,9769,2,14,108,,,,,,,,,,,,,,,stratified_labeled_val,2,True,122,378,2.6349,success,,0.8259801412631794,0.732885978432431,0.7462048010637352,0.4337132573127746,0.8743595052239371,0.6808470370017027,,,,,,,,,,,"{<=50K:378,>50K:122}","{<=50K:7431,>50K:2338}","{<=50K:29724,>50K:9349}","{<=50K:29346,>50K:9227}","{<=50K:76,>50K:24}"
2026-07-07T19:26:41.814763+00:00,adult,1590,lightgbm,0,50,39023,40,10,9769,2,14,108,,,,,,,,,,,,,,,stratified_labeled_val,2,True,14,36,1.9241,success,,0.7606715119254785,0.5,0.4320348837209302,0.5549104705296997,0.4946197632994004,0.2374067996447642,,,,,,,,,,,"{<=50K:36,>50K:14}","{<=50K:7431,>50K:2338}","{<=50K:29724,>50K:9349}","{<=50K:29688,>50K:9335}","{<=50K:7,>50K:3}"
2026-07-07T19:26:43.750846+00:00,adult,1590,lightgbm,0,100,38973,80,20,9769,2,14,108,,,,,,,,,,,,,,,stratified_labeled_val,2,True,27,73,1.3789,success,,0.777356945439656,0.6994595502460677,0.6973835013198505,0.4845506435657117,0.8071662488507039,0.5622273819178006,,,,,,,,,,,"{<=50K:73,>50K:27}","{<=50K:7431,>50K:2338}","{<=50K:29724,>50K:9349}","{<=50K:29651,>50K:9322}","{<=50K:15,>50K:5}"
2026-07-07T19:26:45.152333+00:00,adult,1590,lightgbm,0,250,38823,200,50,9769,2,14,108,,,,,,,,,,,,,,,stratified_labeled_val,2,True,62,188,2.5517,success,,0.7847271982802744,0.7097272955099088,0.7074848232584128,0.6763513165734036,0.8221588715987485,0.5792111259863788,,,,,,,,,,,"{<=50K:188,>50K:62}","{<=50K:7431,>50K:2338}","{<=50K:29724,>50K:9349}","{<=50K:29536,>50K:9287}","{<=50K:38,>50K:12}"
2026-07-07T19:26:47.729318+00:00,adult,1590,lightgbm,0,500,38573,400,100,9769,2,14,108,,,,,,,,,,,,,,,stratified_labeled_val,2,True,122,378,3.4082,success,,0.8044835704780428,0.6919332509788658,0.7070956458466923,0.6783271523824684,0.8331567443577578,0.6034365683414074,,,,,,,,,,,"{<=50K:378,>50K:122}","{<=50K:7431,>50K:2338}","{<=50K:29724,>50K:9349}","{<=50K:29346,>50K:9227}","{<=50K:76,>50K:24}"
2026-07-07T19:26:51.150887+00:00,adult,1590,lightgbm,1,50,39023,40,10,9769,2,14,108,,,,,,,,,,,,,,,stratified_labeled_val,2,True,14,36,0.7811,success,,0.7606715119254785,0.5,0.4320348837209302,0.5535887938178896,0.5,0.2393284880745214,,,,,,,,,,,"{<=50K:36,>50K:14}","{<=50K:7431,>50K:2338}","{<=50K:29724,>50K:9349}","{<=50K:29688,>50K:9335}","{<=50K:7,>50K:3}"
2026-07-07T19:26:51.939595+00:00,adult,1590,lightgbm,1,100,38973,80,20,9769,2,14,108,,,,,,,,,,,,,,,stratified_labeled_val,2,True,27,73,1.3215,success,,0.7977275053741427,0.7333695260151593,0.7281952039344477,0.4531833784726236,0.8254270051511257,0.5595767150039668,,,,,,,,,,,"{<=50K:73,>50K:27}","{<=50K:7431,>50K:2338}","{<=50K:29724,>50K:9349}","{<=50K:29651,>50K:9322}","{<=50K:15,>50K:5}"
2026-07-07T19:26:53.272295+00:00,adult,1590,lightgbm,1,250,38823,200,50,9769,2,14,108,,,,,,,,,,,,,,,stratified_labeled_val,2,True,62,188,2.372,success,,0.8169720544579793,0.7152390530088102,0.7297889482311489,0.5951222272671185,0.8594712932978268,0.6604044829876929,,,,,,,,,,,"{<=50K:188,>50K:62}","{<=50K:7431,>50K:2338}","{<=50K:29724,>50K:9349}","{<=50K:29536,>50K:9287}","{<=50K:38,>50K:12}"
2026-07-07T19:26:55.654270+00:00,adult,1590,lightgbm,1,500,38573,400,100,9769,2,14,108,,,,,,,,,,,,,,,stratified_labeled_val,2,True,122,378,3.7182,success,,0.8323267478759341,0.7480506142683201,0.7589828238445453,0.626039592574634,0.8764983729985095,0.695010888715321,,,,,,,,,,,"{<=50K:378,>50K:122}","{<=50K:7431,>50K:2338}","{<=50K:29724,>50K:9349}","{<=50K:29346,>50K:9227}","{<=50K:76,>50K:24}"
2026-07-07T19:26:59.380846+00:00,adult,1590,lightgbm,2,50,39023,40,10,9769,2,14,108,,,,,,,,,,,,,,,stratified_labeled_val,2,True,14,36,0.6707,success,,0.7606715119254785,0.5,0.4320348837209302,0.5535887938178896,0.5,0.2393284880745214,,,,,,,,,,,"{<=50K:36,>50K:14}","{<=50K:7431,>50K:2338}","{<=50K:29724,>50K:9349}","{<=50K:29688,>50K:9335}","{<=50K:7,>50K:3}"
2026-07-07T19:27:00.059661+00:00,adult,1590,lightgbm,2,100,38973,80,20,9769,2,14,108,,,,,,,,,,,,,,,stratified_labeled_val,2,True,27,73,1.1315,success,,0.7798136963865289,0.691986924127407,0.6941520434895778,0.6710101053034137,0.7943912336812045,0.5569130017882337,,,,,,,,,,,"{<=50K:73,>50K:27}","{<=50K:7431,>50K:2338}","{<=50K:29724,>50K:9349}","{<=50K:29651,>50K:9322}","{<=50K:15,>50K:5}"
2026-07-07T19:27:01.204856+00:00,adult,1590,lightgbm,2,250,38823,200,50,9769,2,14,108,,,,,,,,,,,,,,,stratified_labeled_val,2,True,62,188,2.0682,success,,0.7966014945234927,0.7047806457561836,0.7113058635746629,0.605517742548994,0.8202998524549608,0.5880466501700867,,,,,,,,,,,"{<=50K:188,>50K:62}","{<=50K:7431,>50K:2338}","{<=50K:29724,>50K:9349}","{<=50K:29536,>50K:9287}","{<=50K:38,>50K:12}"
2026-07-07T19:27:03.287332+00:00,adult,1590,lightgbm,2,500,38573,400,100,9769,2,14,108,,,,,,,,,,,,,,,stratified_labeled_val,2,True,122,378,3.8392,success,,0.8234210256935203,0.731496980662356,0.7437133985323209,0.5639301249841036,0.8708455975758271,0.6732467123132765,,,,,,,,,,,"{<=50K:378,>50K:122}","{<=50K:7431,>50K:2338}","{<=50K:29724,>50K:9349}","{<=50K:29346,>50K:9227}","{<=50K:76,>50K:24}"
2026-07-07T19:27:07.143449+00:00,adult,1590,catboost,0,50,39023,40,10,9769,2,14,108,,,,,,,,,,,,,,,stratified_labeled_val,2,True,14,36,4.3238,success,,0.7948612959361244,0.6757880513268405,0.6904831258701917,0.6356270459814067,0.8068195174332113,0.5407880815662861,,,,,,,,,,,"{<=50K:36,>50K:14}","{<=50K:7431,>50K:2338}","{<=50K:29724,>50K:9349}","{<=50K:29688,>50K:9335}","{<=50K:7,>50K:3}"
2026-07-07T19:27:11.480149+00:00,adult,1590,catboost,0,100,38973,80,20,9769,2,14,108,,,,,,,,,,,,,,,stratified_labeled_val,2,True,27,73,2.6907,success,,0.8217831917289384,0.7312998433607438,0.7425278313969061,0.4471218535884729,0.857811224543243,0.6606490878410356,,,,,,,,,,,"{<=50K:73,>50K:27}","{<=50K:7431,>50K:2338}","{<=50K:29724,>50K:9349}","{<=50K:29651,>50K:9322}","{<=50K:15,>50K:5}"
2026-07-07T19:27:14.192233+00:00,adult,1590,catboost,0,250,38823,200,50,9769,2,14,108,,,,,,,,,,,,,,,stratified_labeled_val,2,True,62,188,3.3857,success,,0.8074521445388474,0.7338987749168598,0.7346879265860962,0.4789674329153843,0.8507935395142008,0.6471312054916134,,,,,,,,,,,"{<=50K:188,>50K:62}","{<=50K:7431,>50K:2338}","{<=50K:29724,>50K:9349}","{<=50K:29536,>50K:9287}","{<=50K:38,>50K:12}"
2026-07-07T19:27:17.592105+00:00,adult,1590,catboost,0,500,38573,400,100,9769,2,14,108,,,,,,,,,,,,,,,stratified_labeled_val,2,True,122,378,3.5556,success,,0.8362166035418159,0.7356570957514005,0.7547218368871341,0.3935110951226228,0.8773152984647234,0.717592387728667,,,,,,,,,,,"{<=50K:378,>50K:122}","{<=50K:7431,>50K:2338}","{<=50K:29724,>50K:9349}","{<=50K:29346,>50K:9227}","{<=50K:76,>50K:24}"
2026-07-07T19:27:21.162167+00:00,adult,1590,catboost,1,50,39023,40,10,9769,2,14,108,,,,,,,,,,,,,,,stratified_labeled_val,2,True,14,36,3.3419,success,,0.8196335346504248,0.7184542041126813,0.7334434620673131,0.6740986535437168,0.7759802789023718,0.5683748624955816,,,,,,,,,,,"{<=50K:36,>50K:14}","{<=50K:7431,>50K:2338}","{<=50K:29724,>50K:9349}","{<=50K:29688,>50K:9335}","{<=50K:7,>50K:3}"
2026-07-07T19:27:24.513568+00:00,adult,1590,catboost,1,100,38973,80,20,9769,2,14,108,,,,,,,,,,,,,,,stratified_labeled_val,2,True,27,73,3.0561,success,,0.8033575596273927,0.7168432613980759,0.7225543783468023,0.490157735934942,0.8421123897887367,0.6033603289726958,,,,,,,,,,,"{<=50K:73,>50K:27}","{<=50K:7431,>50K:2338}","{<=50K:29724,>50K:9349}","{<=50K:29651,>50K:9322}","{<=50K:15,>50K:5}"
2026-07-07T19:27:27.579829+00:00,adult,1590,catboost,1,250,38823,200,50,9769,2,14,108,,,,,,,,,,,,,,,stratified_labeled_val,2,True,62,188,3.455,success,,0.8361142389190296,0.7180011336689905,0.743504809175462,0.4337050612695717,0.879563124169793,0.7194585262140364,,,,,,,,,,,"{<=50K:188,>50K:62}","{<=50K:7431,>50K:2338}","{<=50K:29724,>50K:9349}","{<=50K:29536,>50K:9287}","{<=50K:38,>50K:12}"
2026-07-07T19:27:31.046961+00:00,adult,1590,catboost,1,500,38573,400,100,9769,2,14,108,,,,,,,,,,,,,,,stratified_labeled_val,2,True,122,378,3.8506,success,,0.8452246903470161,0.7557957503298955,0.7724350145258494,0.3942652986376477,0.8920903507017914,0.7467285492631897,,,,,,,,,,,"{<=50K:378,>50K:122}","{<=50K:7431,>50K:2338}","{<=50K:29724,>50K:9349}","{<=50K:29346,>50K:9227}","{<=50K:76,>50K:24}"
2026-07-07T19:27:34.913914+00:00,adult,1590,catboost,2,50,39023,40,10,9769,2,14,108,,,,,,,,,,,,,,,stratified_labeled_val,2,True,14,36,2.605,success,,0.7348756269833145,0.6768125897118618,0.6620451729314181,0.7804974835907058,0.78313921208854,0.5477993376746857,,,,,,,,,,,"{<=50K:36,>50K:14}","{<=50K:7431,>50K:2338}","{<=50K:29724,>50K:9349}","{<=50K:29688,>50K:9335}","{<=50K:7,>50K:3}"
2026-07-07T19:27:37.530272+00:00,adult,1590,catboost,2,100,38973,80,20,9769,2,14,108,,,,,,,,,,,,,,,stratified_labeled_val,2,True,27,73,2.8169,success,,0.8231139318251612,0.7216213515641305,0.7375918134670696,0.570116816690377,0.8442628843472293,0.6444651243917512,,,,,,,,,,,"{<=50K:73,>50K:27}","{<=50K:7431,>50K:2338}","{<=50K:29724,>50K:9349}","{<=50K:29651,>50K:9322}","{<=50K:15,>50K:5}"
2026-07-07T19:27:40.357803+00:00,adult,1590,catboost,2,250,38823,200,50,9769,2,14,108,,,,,,,,,,,,,,,stratified_labeled_val,2,True,62,188,3.2009,success,,0.8158460436073293,0.7118606089050343,0.7269519855738975,0.4537368379004532,0.85700713458601,0.6457514763261181,,,,,,,,,,,"{<=50K:188,>50K:62}","{<=50K:7431,>50K:2338}","{<=50K:29724,>50K:9349}","{<=50K:29536,>50K:9287}","{<=50K:38,>50K:12}"
2026-07-07T19:27:43.574979+00:00,adult,1590,catboost,2,500,38573,400,100,9769,2,14,108,,,,,,,,,,,,,,,stratified_labeled_val,2,True,122,378,3.7563,success,,0.8347834988228069,0.7449751572464967,0.7590438523040404,0.3879661504805106,0.8872183253309978,0.7211675645967073,,,,,,,,,,,"{<=50K:378,>50K:122}","{<=50K:7431,>50K:2338}","{<=50K:29724,>50K:9349}","{<=50K:29346,>50K:9227}","{<=50K:76,>50K:24}"
2026-07-07T19:27:47.343131+00:00,adult,1590,mlp,0,50,39023,40,10,9769,2,14,108,,,,,,,,,,,,,,,stratified_labeled_val,2,True,14,36,0.7801,success,,0.7385607534036237,0.4995372309766533,0.4589118235819297,0.6343836784362793,0.4908366840918773,0.2319869872268084,,,,,,,,,,,"{<=50K:36,>50K:14}","{<=50K:7431,>50K:2338}","{<=50K:29724,>50K:9349}","{<=50K:29688,>50K:9335}","{<=50K:7,>50K:3}"
2026-07-07T19:27:48.138746+00:00,adult,1590,mlp,0,100,38973,80,20,9769,2,14,108,,,,,,,,,,,,,,,stratified_labeled_val,2,True,27,73,0.7376,success,,0.717064182618487,0.5002110376398136,0.478010069587017,0.6484697461128235,0.506372772650673,0.2422578836657831,,,,,,,,,,,"{<=50K:73,>50K:27}","{<=50K:7431,>50K:2338}","{<=50K:29724,>50K:9349}","{<=50K:29651,>50K:9322}","{<=50K:15,>50K:5}"
2026-07-07T19:27:48.889167+00:00,adult,1590,mlp,0,250,38823,200,50,9769,2,14,108,,,,,,,,,,,,,,,stratified_labeled_val,2,True,62,188,0.9338,success,,0.7571911147507422,0.5031354615873507,0.4457375496064872,0.6196441054344177,0.5319512655869413,0.2611695305579131,,,,,,,,,,,"{<=50K:188,>50K:62}","{<=50K:7431,>50K:2338}","{<=50K:29724,>50K:9349}","{<=50K:29536,>50K:9287}","{<=50K:38,>50K:12}"
2026-07-07T19:27:49.836421+00:00,adult,1590,mlp,0,500,38573,400,100,9769,2,14,108,,,,,,,,,,,,,,,stratified_labeled_val,2,True,122,378,0.9081,success,,0.7552461869178012,0.4983392981037176,0.4355520396490631,0.6211984157562256,0.500803341698862,0.2335259047883429,,,,,,,,,,,"{<=50K:378,>50K:122}","{<=50K:7431,>50K:2338}","{<=50K:29724,>50K:9349}","{<=50K:29346,>50K:9227}","{<=50K:76,>50K:24}"
2026-07-07T19:27:50.760536+00:00,adult,1590,mlp,1,50,39023,40,10,9769,2,14,108,,,,,,,,,,,,,,,stratified_labeled_val,2,True,14,36,0.73,success,,0.4107892312416829,0.5765001803302674,0.4106128412826189,0.7067394256591797,0.656248751703583,0.386669882354815,,,,,,,,,,,"{<=50K:36,>50K:14}","{<=50K:7431,>50K:2338}","{<=50K:29724,>50K:9349}","{<=50K:29688,>50K:9335}","{<=50K:7,>50K:3}"
2026-07-07T19:27:51.507826+00:00,adult,1590,mlp,1,100,38973,80,20,9769,2,14,108,,,,,,,,,,,,,,,stratified_labeled_val,2,True,27,73,0.9235,success,,0.6293377008905722,0.6266420098265895,0.583462271031888,0.6732820868492126,0.67824849752597,0.3952760925277543,,,,,,,,,,,"{<=50K:73,>50K:27}","{<=50K:7431,>50K:2338}","{<=50K:29724,>50K:9349}","{<=50K:29651,>50K:9322}","{<=50K:15,>50K:5}"
2026-07-07T19:27:52.444387+00:00,adult,1590,mlp,1,250,38823,200,50,9769,2,14,108,,,,,,,,,,,,,,,stratified_labeled_val,2,True,62,188,0.8479,success,,0.7627188043812059,0.5155632273143315,0.4705422897614065,0.6196010708808899,0.6563900574190451,0.3575915166974632,,,,,,,,,,,"{<=50K:188,>50K:62}","{<=50K:7431,>50K:2338}","{<=50K:29724,>50K:9349}","{<=50K:29536,>50K:9287}","{<=50K:38,>50K:12}"
2026-07-07T19:27:53.298539+00:00,adult,1590,mlp,1,500,38573,400,100,9769,2,14,108,,,,,,,,,,,,,,,stratified_labeled_val,2,True,122,378,0.9005,success,,0.7687583171256014,0.5377080489232045,0.5147371501169928,0.6190375089645386,0.713130374581594,0.4284882145245541,,,,,,,,,,,"{<=50K:378,>50K:122}","{<=50K:7431,>50K:2338}","{<=50K:29724,>50K:9349}","{<=50K:29346,>50K:9227}","{<=50K:76,>50K:24}"
2026-07-07T19:27:54.209263+00:00,adult,1590,mlp,2,50,39023,40,10,9769,2,14,108,,,,,,,,,,,,,,,stratified_labeled_val,2,True,14,36,0.6803,success,,0.7667110246698741,0.5650905064546494,0.5645784335440176,0.624000072479248,0.6512161385746875,0.4083971211371843,,,,,,,,,,,"{<=50K:36,>50K:14}","{<=50K:7431,>50K:2338}","{<=50K:29724,>50K:9349}","{<=50K:29688,>50K:9335}","{<=50K:7,>50K:3}"
2026-07-07T19:27:54.901157+00:00,adult,1590,mlp,2,100,38973,80,20,9769,2,14,108,,,,,,,,,,,,,,,stratified_labeled_val,2,True,27,73,1.0971,success,,0.7764356638345787,0.5434873375689362,0.5211282248520391,0.5931992530822754,0.6996762861611685,0.482728743489932,,,,,,,,,,,"{<=50K:73,>50K:27}","{<=50K:7431,>50K:2338}","{<=50K:29724,>50K:9349}","{<=50K:29651,>50K:9322}","{<=50K:15,>50K:5}"
2026-07-07T19:27:56.014703+00:00,adult,1590,mlp,2,250,38823,200,50,9769,2,14,108,,,,,,,,,,,,,,,stratified_labeled_val,2,True,62,188,0.7757,success,,0.7637424506090695,0.5232715548198833,0.4876893768978589,0.6160708069801331,0.6156965727118922,0.367714432198789,,,,,,,,,,,"{<=50K:188,>50K:62}","{<=50K:7431,>50K:2338}","{<=50K:29724,>50K:9349}","{<=50K:29536,>50K:9287}","{<=50K:38,>50K:12}"
2026-07-07T19:27:56.799320+00:00,adult,1590,mlp,2,500,38573,400,100,9769,2,14,108,,,,,,,,,,,,,,,stratified_labeled_val,2,True,122,378,1.0164,success,,0.8075545091616337,0.6199328087006102,0.6392117684369801,0.4172999262809753,0.8599538911680072,0.6670363315431649,,,,,,,,,,,"{<=50K:378,>50K:122}","{<=50K:7431,>50K:2338}","{<=50K:29724,>50K:9349}","{<=50K:29346,>50K:9227}","{<=50K:76,>50K:24}"
2026-07-07T19:27:57.833356+00:00,adult,1590,label_spreading,0,50,39023,40,10,9769,2,14,108,,,,,,,,,,,,,,,stratified_labeled_val,2,True,14,36,49.556,failed_graph_ssl_nan,"GraphSSLNanError: Graph SSL failed after retries. tried_neighbors=[7, 15, 30, 50, 5, 3], n_graph_rows=20000, n_labeled=40, n_unlabeled_used=19960, n_classes=2, min_labeled_per_class=11, last_error=invalid outputs for n_neighbors=3",,,,,,,,,,,,,,,,,"{<=50K:36,>50K:14}","{<=50K:7431,>50K:2338}","{<=50K:29724,>50K:9349}","{<=50K:29688,>50K:9335}","{<=50K:7,>50K:3}"
2026-07-07T19:28:47.396190+00:00,adult,1590,label_spreading,0,100,38973,80,20,9769,2,14,108,,,,,,,,,,,,,,,stratified_labeled_val,2,True,27,73,44.4105,failed_graph_ssl_nan,"GraphSSLNanError: Graph SSL failed after retries. tried_neighbors=[7, 15, 30, 50, 5, 3], n_graph_rows=20000, n_labeled=80, n_unlabeled_used=19920, n_classes=2, min_labeled_per_class=22, last_error=invalid outputs for n_neighbors=3",,,,,,,,,,,,,,,,,"{<=50K:73,>50K:27}","{<=50K:7431,>50K:2338}","{<=50K:29724,>50K:9349}","{<=50K:29651,>50K:9322}","{<=50K:15,>50K:5}"
2026-07-07T19:29:31.817502+00:00,adult,1590,label_spreading,0,250,38823,200,50,9769,2,14,108,,,,,,,,,,,,,,,stratified_labeled_val,2,True,62,188,44.2089,failed_graph_ssl_nan,"GraphSSLNanError: Graph SSL failed after retries. tried_neighbors=[7, 15, 30, 50, 5, 3], n_graph_rows=20000, n_labeled=200, n_unlabeled_used=19800, n_classes=2, min_labeled_per_class=50, last_error=invalid outputs for n_neighbors=3",,,,,,,,,,,,,,,,,"{<=50K:188,>50K:62}","{<=50K:7431,>50K:2338}","{<=50K:29724,>50K:9349}","{<=50K:29536,>50K:9287}","{<=50K:38,>50K:12}"
2026-07-07T19:30:16.040078+00:00,adult,1590,label_spreading,0,500,38573,400,100,9769,2,14,108,,,,,,,,,,,15.0,1.0,20000.0,19600.0,stratified_labeled_val,2,True,122,378,27.0763,success,,0.7927116388576108,0.6947486018792337,0.7027619966106959,0.6829846306302512,0.8080234651522838,0.5873996402919895,,,,,,,,,,,"{<=50K:378,>50K:122}","{<=50K:7431,>50K:2338}","{<=50K:29724,>50K:9349}","{<=50K:29346,>50K:9227}","{<=50K:76,>50K:24}"
2026-07-07T19:30:43.129430+00:00,adult,1590,label_spreading,1,50,39023,40,10,9769,2,14,108,,,,,,,,,,,,,,,stratified_labeled_val,2,True,14,36,41.7862,failed_graph_ssl_nan,"GraphSSLNanError: Graph SSL failed after retries. tried_neighbors=[7, 15, 30, 50, 5, 3], n_graph_rows=20000, n_labeled=40, n_unlabeled_used=19960, n_classes=2, min_labeled_per_class=11, last_error=invalid outputs for n_neighbors=3",,,,,,,,,,,,,,,,,"{<=50K:36,>50K:14}","{<=50K:7431,>50K:2338}","{<=50K:29724,>50K:9349}","{<=50K:29688,>50K:9335}","{<=50K:7,>50K:3}"
2026-07-07T19:31:24.927206+00:00,adult,1590,label_spreading,1,100,38973,80,20,9769,2,14,108,,,,,,,,,,,30.0,2.0,20000.0,19920.0,stratified_labeled_val,2,True,27,73,34.2948,success,,0.7680417647660969,0.6564003315820635,0.6640588170091493,0.7689868133854455,0.7703977246498985,0.509825201302405,,,,,,,,,,,"{<=50K:73,>50K:27}","{<=50K:7431,>50K:2338}","{<=50K:29724,>50K:9349}","{<=50K:29651,>50K:9322}","{<=50K:15,>50K:5}"
2026-07-07T19:31:59.235247+00:00,adult,1590,label_spreading,1,250,38823,200,50,9769,2,14,108,,,,,,,,,,,30.0,2.0,20000.0,19800.0,stratified_labeled_val,2,True,62,188,33.5102,success,,0.7981369638652882,0.7068159373046974,0.7134399696310867,0.5903398315595522,0.8257194302783786,0.5882351880516855,,,,,,,,,,,"{<=50K:188,>50K:62}","{<=50K:7431,>50K:2338}","{<=50K:29724,>50K:9349}","{<=50K:29536,>50K:9287}","{<=50K:38,>50K:12}"
2026-07-07T19:32:32.753919+00:00,adult,1590,label_spreading,1,500,38573,400,100,9769,2,14,108,,,,,,,,,,,15.0,1.0,20000.0,19600.0,stratified_labeled_val,2,True,122,378,23.1169,success,,0.8017197256628109,0.7047737675350032,0.7141976354253474,0.77075442877461,0.8252360553706589,0.5660323848393893,,,,,,,,,,,"{<=50K:378,>50K:122}","{<=50K:7431,>50K:2338}","{<=50K:29724,>50K:9349}","{<=50K:29346,>50K:9227}","{<=50K:76,>50K:24}"
2026-07-07T19:32:55.880880+00:00,adult,1590,label_spreading,2,50,39023,40,10,9769,2,14,108,,,,,,,,,,,50.0,3.0,20000.0,19960.0,stratified_labeled_val,2,True,14,36,38.1277,success,,0.7642542737230014,0.7264640509626114,0.7039848757344078,0.8230116409646399,0.7869056569368904,0.5873426690649408,,,,,,,,,,,"{<=50K:36,>50K:14}","{<=50K:7431,>50K:2338}","{<=50K:29724,>50K:9349}","{<=50K:29688,>50K:9335}","{<=50K:7,>50K:3}"
2026-07-07T19:33:34.019809+00:00,adult,1590,label_spreading,2,100,38973,80,20,9769,2,14,108,,,,,,,,,,,30.0,2.0,20000.0,19920.0,stratified_labeled_val,2,True,27,73,30.2807,success,,0.8090899785034292,0.7113772052181466,0.7226374009139827,0.7618907084030317,0.8072231452660745,0.6141535389828534,,,,,,,,,,,"{<=50K:73,>50K:27}","{<=50K:7431,>50K:2338}","{<=50K:29724,>50K:9349}","{<=50K:29651,>50K:9322}","{<=50K:15,>50K:5}"
2026-07-07T19:34:04.308130+00:00,adult,1590,label_spreading,2,250,38823,200,50,9769,2,14,108,,,,,,,,,,,,,,,stratified_labeled_val,2,True,62,188,37.0529,failed_graph_ssl_nan,"GraphSSLNanError: Graph SSL failed after retries. tried_neighbors=[7, 15, 30, 50, 5, 3], n_graph_rows=20000, n_labeled=200, n_unlabeled_used=19800, n_classes=2, min_labeled_per_class=50, last_error=invalid outputs for n_neighbors=3",,,,,,,,,,,,,,,,,"{<=50K:188,>50K:62}","{<=50K:7431,>50K:2338}","{<=50K:29724,>50K:9349}","{<=50K:29536,>50K:9287}","{<=50K:38,>50K:12}"
2026-07-07T19:34:41.367842+00:00,adult,1590,label_spreading,2,500,38573,400,100,9769,2,14,108,,,,,,,,,,,15.0,1.0,20000.0,19600.0,stratified_labeled_val,2,True,122,378,24.1623,success,,0.8033575596273927,0.7282759010498525,0.7290459898840462,0.7303527677391899,0.816673619713684,0.6049250478065744,,,,,,,,,,,"{<=50K:378,>50K:122}","{<=50K:7431,>50K:2338}","{<=50K:29724,>50K:9349}","{<=50K:29346,>50K:9227}","{<=50K:76,>50K:24}"
2026-07-07T19:35:05.538603+00:00,adult,1590,label_propagation,0,50,39023,40,10,9769,2,14,108,,,,,,,,,,,,,,,stratified_labeled_val,2,True,14,36,53.0632,failed_graph_ssl_nan,"GraphSSLNanError: Graph SSL failed after retries. tried_neighbors=[7, 15, 30, 50, 5, 3], n_graph_rows=20000, n_labeled=40, n_unlabeled_used=19960, n_classes=2, min_labeled_per_class=11, last_error=invalid outputs for n_neighbors=3",,,,,,,,,,,,,,,,,"{<=50K:36,>50K:14}","{<=50K:7431,>50K:2338}","{<=50K:29724,>50K:9349}","{<=50K:29688,>50K:9335}","{<=50K:7,>50K:3}"
2026-07-07T19:35:58.612832+00:00,adult,1590,label_propagation,0,100,38973,80,20,9769,2,14,108,,,,,,,,,,,,,,,stratified_labeled_val,2,True,27,73,51.293,failed_graph_ssl_nan,"GraphSSLNanError: Graph SSL failed after retries. tried_neighbors=[7, 15, 30, 50, 5, 3], n_graph_rows=20000, n_labeled=80, n_unlabeled_used=19920, n_classes=2, min_labeled_per_class=22, last_error=invalid outputs for n_neighbors=3",,,,,,,,,,,,,,,,,"{<=50K:73,>50K:27}","{<=50K:7431,>50K:2338}","{<=50K:29724,>50K:9349}","{<=50K:29651,>50K:9322}","{<=50K:15,>50K:5}"
2026-07-07T19:36:49.914746+00:00,adult,1590,label_propagation,0,250,38823,200,50,9769,2,14,108,,,,,,,,,,,,,,,stratified_labeled_val,2,True,62,188,54.1766,failed_graph_ssl_nan,"GraphSSLNanError: Graph SSL failed after retries. tried_neighbors=[7, 15, 30, 50, 5, 3], n_graph_rows=20000, n_labeled=200, n_unlabeled_used=19800, n_classes=2, min_labeled_per_class=50, last_error=invalid outputs for n_neighbors=3",,,,,,,,,,,,,,,,,"{<=50K:188,>50K:62}","{<=50K:7431,>50K:2338}","{<=50K:29724,>50K:9349}","{<=50K:29536,>50K:9287}","{<=50K:38,>50K:12}"
2026-07-07T19:37:44.099549+00:00,adult,1590,label_propagation,0,500,38573,400,100,9769,2,14,108,,,,,,,,,,,15.0,1.0,20000.0,19600.0,stratified_labeled_val,2,True,122,378,27.8976,success,,0.8023339133995291,0.7051774817053706,0.7148033346891205,0.4706088773778713,0.833885634348697,0.6309355763583636,,,,,,,,,,,"{<=50K:378,>50K:122}","{<=50K:7431,>50K:2338}","{<=50K:29724,>50K:9349}","{<=50K:29346,>50K:9227}","{<=50K:76,>50K:24}"
2026-07-07T19:38:12.006720+00:00,adult,1590,label_propagation,1,50,39023,40,10,9769,2,14,108,,,,,,,,,,,,,,,stratified_labeled_val,2,True,14,36,51.8773,failed_graph_ssl_nan,"GraphSSLNanError: Graph SSL failed after retries. tried_neighbors=[7, 15, 30, 50, 5, 3], n_graph_rows=20000, n_labeled=40, n_unlabeled_used=19960, n_classes=2, min_labeled_per_class=11, last_error=invalid outputs for n_neighbors=3",,,,,,,,,,,,,,,,,"{<=50K:36,>50K:14}","{<=50K:7431,>50K:2338}","{<=50K:29724,>50K:9349}","{<=50K:29688,>50K:9335}","{<=50K:7,>50K:3}"
2026-07-07T19:39:03.899885+00:00,adult,1590,label_propagation,1,100,38973,80,20,9769,2,14,108,,,,,,,,,,,30.0,2.0,20000.0,19920.0,stratified_labeled_val,2,True,27,73,35.1791,success,,0.7240249769679599,0.6695337337321435,0.6525413854426673,0.6776915105926384,0.7273884666217482,0.4906147903603366,,,,,,,,,,,"{<=50K:73,>50K:27}","{<=50K:7431,>50K:2338}","{<=50K:29724,>50K:9349}","{<=50K:29651,>50K:9322}","{<=50K:15,>50K:5}"
2026-07-07T19:39:39.091486+00:00,adult,1590,label_propagation,1,250,38823,200,50,9769,2,14,108,,,,,,,,,,,15.0,1.0,20000.0,19800.0,stratified_labeled_val,2,True,62,188,26.0463,success,,0.7772545808168697,0.6925033662992948,0.6931239748107323,0.5726373822615155,0.791679372669391,0.5442003297257794,,,,,,,,,,,"{<=50K:188,>50K:62}","{<=50K:7431,>50K:2338}","{<=50K:29724,>50K:9349}","{<=50K:29536,>50K:9287}","{<=50K:38,>50K:12}"
2026-07-07T19:40:05.147363+00:00,adult,1590,label_propagation,1,500,38573,400,100,9769,2,14,108,,,,,,,,,,,15.0,1.0,20000.0,19600.0,stratified_labeled_val,2,True,122,378,26.0289,success,,0.7967038591462791,0.6932687194962402,0.7039037351541586,0.5293403197383749,0.8258795863489584,0.5793210452934242,,,,,,,,,,,"{<=50K:378,>50K:122}","{<=50K:7431,>50K:2338}","{<=50K:29724,>50K:9349}","{<=50K:29346,>50K:9227}","{<=50K:76,>50K:24}"
2026-07-07T19:40:31.186136+00:00,adult,1590,label_propagation,2,50,39023,40,10,9769,2,14,108,,,,,,,,,,,15.0,1.0,20000.0,19960.0,stratified_labeled_val,2,True,14,36,26.3372,success,,0.7395843996314874,0.6513261325552367,0.648593743548731,0.784801906886811,0.7228265943457683,0.5342185714343626,,,,,,,,,,,"{<=50K:36,>50K:14}","{<=50K:7431,>50K:2338}","{<=50K:29724,>50K:9349}","{<=50K:29688,>50K:9335}","{<=50K:7,>50K:3}"
2026-07-07T19:40:57.533549+00:00,adult,1590,label_propagation,2,100,38973,80,20,9769,2,14,108,,,,,,,,,,,15.0,1.0,20000.0,19920.0,stratified_labeled_val,2,True,27,73,25.7149,success,,0.8070426860477019,0.7006508639103362,0.7144918772609494,0.6823633994160166,0.786973748448659,0.5869753404483804,,,,,,,,,,,"{<=50K:73,>50K:27}","{<=50K:7431,>50K:2338}","{<=50K:29724,>50K:9349}","{<=50K:29651,>50K:9322}","{<=50K:15,>50K:5}"
2026-07-07T19:41:23.256015+00:00,adult,1590,label_propagation,2,250,38823,200,50,9769,2,14,108,,,,,,,,,,,,,,,stratified_labeled_val,2,True,62,188,48.7679,failed_graph_ssl_nan,"GraphSSLNanError: Graph SSL failed after retries. tried_neighbors=[7, 15, 30, 50, 5, 3], n_graph_rows=20000, n_labeled=200, n_unlabeled_used=19800, n_classes=2, min_labeled_per_class=50, last_error=invalid outputs for n_neighbors=3",,,,,,,,,,,,,,,,,"{<=50K:188,>50K:62}","{<=50K:7431,>50K:2338}","{<=50K:29724,>50K:9349}","{<=50K:29536,>50K:9287}","{<=50K:38,>50K:12}"
2026-07-07T19:42:12.030944+00:00,adult,1590,label_propagation,2,500,38573,400,100,9769,2,14,108,,,,,,,,,,,15.0,1.0,20000.0,19600.0,stratified_labeled_val,2,True,122,378,25.7723,success,,0.7989558808475791,0.7121911088717081,0.7171801405178516,0.5171618998287203,0.8221317904015488,0.6048319394206242,,,,,,,,,,,"{<=50K:378,>50K:122}","{<=50K:7431,>50K:2338}","{<=50K:29724,>50K:9349}","{<=50K:29346,>50K:9227}","{<=50K:76,>50K:24}"
2026-07-07T19:42:37.810763+00:00,adult,1590,self_training_lr,0,50,39023,40,10,9769,2,14,108,5000.0,1000.0,5.0,"{0: 2529, 1: 2511}",0.1281295646157394,0.9970351821422576,0.9832720160484314,1.0,,max_iter,,,,,stratified_labeled_val,2,True,14,36,0.7885,success,,0.7841130105435562,0.7233945224494203,0.7145699316462265,0.6558567881584167,0.8278376921685783,0.5667957150795369,,,,,,,,,,,"{<=50K:36,>50K:14}","{<=50K:7431,>50K:2338}","{<=50K:29724,>50K:9349}","{<=50K:29688,>50K:9335}","{<=50K:7,>50K:3}"
2026-07-07T19:42:38.609334+00:00,adult,1590,self_training_lr,0,100,38973,80,20,9769,2,14,108,5000.0,1000.0,5.0,"{0: 2558, 1: 2522}",0.1282939470915762,0.996458802986145,0.9858340620994568,0.9999998807907104,,max_iter,,,,,stratified_labeled_val,2,True,27,73,0.7916,success,,0.7881052308322244,0.7587042881766314,0.7337170463186118,0.5885741710662842,0.8506385636938822,0.6482678354199635,,,,,,,,,,,"{<=50K:73,>50K:27}","{<=50K:7431,>50K:2338}","{<=50K:29724,>50K:9349}","{<=50K:29651,>50K:9322}","{<=50K:15,>50K:5}"
2026-07-07T19:42:39.407082+00:00,adult,1590,self_training_lr,0,250,38823,200,50,9769,2,14,108,5000.0,1000.0,5.0,"{0: 2650, 1: 2550}",0.1287896350101743,0.9942452458381652,0.97958242893219,0.9999996423721312,,max_iter,,,,,stratified_labeled_val,2,True,62,188,0.802,success,,0.7994677039615109,0.7660264280251999,0.7445973090531519,0.5254619717597961,0.8601267100725593,0.6648909475041185,,,,,,,,,,,"{<=50K:188,>50K:62}","{<=50K:7431,>50K:2338}","{<=50K:29724,>50K:9349}","{<=50K:29536,>50K:9287}","{<=50K:38,>50K:12}"
2026-07-07T19:42:40.216556+00:00,adult,1590,self_training_lr,0,500,38573,400,100,9769,2,14,108,5000.0,1000.0,5.0,"{0: 2802, 1: 2598}",0.1296243486376481,0.9886197179079056,0.9619176983833312,1.0,,max_iter,,,,,stratified_labeled_val,2,True,122,378,0.8997,success,,0.8239328488074521,0.771114786402741,0.7641943317092657,0.422447144985199,0.8817327856542524,0.7181733026345655,,,,,,,,,,,"{<=50K:378,>50K:122}","{<=50K:7431,>50K:2338}","{<=50K:29724,>50K:9349}","{<=50K:29346,>50K:9227}","{<=50K:76,>50K:24}"
2026-07-07T19:42:41.125115+00:00,adult,1590,self_training_lr,1,50,39023,40,10,9769,2,14,108,5000.0,1000.0,5.0,"{0: 2529, 1: 2511}",0.1281295646157394,0.9971936757326126,0.9811539053916932,1.0,,max_iter,,,,,stratified_labeled_val,2,True,14,36,0.8121,success,,0.7661992015559422,0.7385888296076397,0.7106927173448514,0.7013081908226013,0.8291967596038099,0.6210036336581471,,,,,,,,,,,"{<=50K:36,>50K:14}","{<=50K:7431,>50K:2338}","{<=50K:29724,>50K:9349}","{<=50K:29688,>50K:9335}","{<=50K:7,>50K:3}"
2026-07-07T19:42:41.948482+00:00,adult,1590,self_training_lr,1,100,38973,80,20,9769,2,14,108,5000.0,1000.0,5.0,"{0: 2558, 1: 2522}",0.1282939470915762,0.9954063314795494,0.9703298211097716,0.9999998807907104,,max_iter,,,,,stratified_labeled_val,2,True,27,73,0.7478,success,,0.7812468011055379,0.7613781894656964,0.7301780963766191,0.583302915096283,0.8562779568033896,0.6654070348612433,,,,,,,,,,,"{<=50K:73,>50K:27}","{<=50K:7431,>50K:2338}","{<=50K:29724,>50K:9349}","{<=50K:29651,>50K:9322}","{<=50K:15,>50K:5}"
2026-07-07T19:42:42.705168+00:00,adult,1590,self_training_lr,1,250,38823,200,50,9769,2,14,108,5000.0,1000.0,5.0,"{0: 2650, 1: 2550}",0.1287896350101743,0.991111529135704,0.961750626564026,1.0,,max_iter,,,,,stratified_labeled_val,2,True,62,188,1.0772,success,,0.8224997440884431,0.7663619067879581,0.761016835235724,0.4724771976470947,0.8719218521259575,0.7059918891064071,,,,,,,,,,,"{<=50K:188,>50K:62}","{<=50K:7431,>50K:2338}","{<=50K:29724,>50K:9349}","{<=50K:29536,>50K:9287}","{<=50K:38,>50K:12}"
2026-07-07T19:42:43.794275+00:00,adult,1590,self_training_lr,1,500,38573,400,100,9769,2,14,108,5000.0,1000.0,5.0,"{0: 2802, 1: 2598}",0.1296243486376481,0.9901062655448912,0.9546726942062378,1.0,,max_iter,,,,,stratified_labeled_val,2,True,122,378,0.9048,success,,0.8351929573139523,0.7720670315174484,0.7729455879803672,0.4112377762794494,0.8844982334771025,0.7246148751729086,,,,,,,,,,,"{<=50K:378,>50K:122}","{<=50K:7431,>50K:2338}","{<=50K:29724,>50K:9349}","{<=50K:29346,>50K:9227}","{<=50K:76,>50K:24}"
2026-07-07T19:42:44.710227+00:00,adult,1590,self_training_lr,2,50,39023,40,10,9769,2,14,108,4931.0,1000.0,5.0,"{0: 2529, 1: 2442}",0.1263613766240422,0.9953559977823088,0.9500269889831544,0.9999312162399292,,max_iter,,,,,stratified_labeled_val,2,True,14,36,0.9964,success,,0.7595455010748285,0.7541490926676551,0.7127771564614549,0.669321596622467,0.8429644833983915,0.6305912955006265,,,,,,,,,,,"{<=50K:36,>50K:14}","{<=50K:7431,>50K:2338}","{<=50K:29724,>50K:9349}","{<=50K:29688,>50K:9335}","{<=50K:7,>50K:3}"
2026-07-07T19:42:45.714831+00:00,adult,1590,self_training_lr,2,100,38973,80,20,9769,2,14,108,5000.0,1000.0,5.0,"{0: 2558, 1: 2522}",0.1282939470915762,0.9962634724736212,0.984481930732727,1.0,,max_iter,,,,,stratified_labeled_val,2,True,27,73,0.7607,success,,0.7801207902548879,0.7279524232001997,0.7144443257793764,0.6824604272842407,0.8164650570823287,0.5981673571951313,,,,,,,,,,,"{<=50K:73,>50K:27}","{<=50K:7431,>50K:2338}","{<=50K:29724,>50K:9349}","{<=50K:29651,>50K:9322}","{<=50K:15,>50K:5}"
2026-07-07T19:42:46.482235+00:00,adult,1590,self_training_lr,2,250,38823,200,50,9769,2,14,108,4828.0,1000.0,5.0,"{0: 2650, 1: 2378}",0.1243592715658243,0.9914484237750504,0.9506074786186218,0.999963879585266,,max_iter,,,,,stratified_labeled_val,2,True,62,188,0.8128,success,,0.8112396355819429,0.7215845430081069,0.7301564580108469,0.4874415397644043,0.8515373083350571,0.6301151590018199,,,,,,,,,,,"{<=50K:188,>50K:62}","{<=50K:7431,>50K:2338}","{<=50K:29724,>50K:9349}","{<=50K:29536,>50K:9287}","{<=50K:38,>50K:12}"
2026-07-07T19:42:47.301499+00:00,adult,1590,self_training_lr,2,500,38573,400,100,9769,2,14,108,5000.0,1000.0,5.0,"{0: 2802, 1: 2598}",0.1296243486376481,0.990301605308056,0.9651789665222168,1.0,,max_iter,,,,,stratified_labeled_val,2,True,122,378,1.0776,success,,0.8314054662708568,0.7750006360196154,0.7714337484601705,0.3975275754928589,0.8925446010913751,0.724636162479052,,,,,,,,,,,"{<=50K:378,>50K:122}","{<=50K:7431,>50K:2338}","{<=50K:29724,>50K:9349}","{<=50K:29346,>50K:9227}","{<=50K:76,>50K:24}"
2026-07-07T19:42:48.386158+00:00,adult,1590,self_training_xgboost,0,50,39023,40,10,9769,2,14,108,2740.0,1000.0,3.0,"{0: 1529, 1: 1251}",0.0702150014094252,0.9953274275699672,0.9500053524971008,0.999890387058258,,max_iter,,,,,stratified_labeled_val,2,True,14,36,4.074,success,,0.7645613675913604,0.6568974917113117,0.6629943979738777,0.8080456256866455,0.7777655658174394,0.4653664022004418,,,,,,,,,,,"{<=50K:36,>50K:14}","{<=50K:7431,>50K:2338}","{<=50K:29724,>50K:9349}","{<=50K:29688,>50K:9335}","{<=50K:7,>50K:3}"
2026-07-07T19:42:52.471345+00:00,adult,1590,self_training_xgboost,0,100,38973,80,20,9769,2,14,108,3000.0,1000.0,3.0,"{0: 1558, 1: 1522}",0.0769763682549457,0.9984023225903512,0.9877775311470032,0.9999518394470216,,max_iter,,,,,stratified_labeled_val,2,True,27,73,5.8415,success,,0.777356945439656,0.7136770636591745,0.7054012437534989,0.7359980344772339,0.8185263362196536,0.5887903329726515,,,,,,,,,,,"{<=50K:73,>50K:27}","{<=50K:7431,>50K:2338}","{<=50K:29724,>50K:9349}","{<=50K:29651,>50K:9322}","{<=50K:15,>50K:5}"
2026-07-07T19:42:58.323447+00:00,adult,1590,self_training_xgboost,0,250,38823,200,50,9769,2,14,108,3000.0,1000.0,3.0,"{0: 1650, 1: 1550}",0.0772737810061046,0.99883208578825,0.9920147657394408,0.99995756149292,,max_iter,,,,,stratified_labeled_val,2,True,62,188,6.9245,success,,0.794451837444979,0.7282849377086418,0.7234854546243936,0.6222205758094788,0.8391535747352978,0.6078356592879325,,,,,,,,,,,"{<=50K:188,>50K:62}","{<=50K:7431,>50K:2338}","{<=50K:29724,>50K:9349}","{<=50K:29536,>50K:9287}","{<=50K:38,>50K:12}"
2026-07-07T19:43:05.260620+00:00,adult,1590,self_training_xgboost,0,500,38573,400,100,9769,2,14,108,3000.0,1000.0,3.0,"{0: 1802, 1: 1598}",0.0777746091825888,0.9980104106068612,0.9883729815483092,0.9999811053276062,,max_iter,,,,,stratified_labeled_val,2,True,122,378,8.5575,success,,0.8242399426758112,0.7433213335713946,0.7508491446582735,0.5098559856414795,0.8614824679034572,0.6887708764650522,,,,,,,,,,,"{<=50K:378,>50K:122}","{<=50K:7431,>50K:2338}","{<=50K:29724,>50K:9349}","{<=50K:29346,>50K:9227}","{<=50K:76,>50K:24}"
2026-07-07T19:43:13.829620+00:00,adult,1590,self_training_xgboost,1,50,39023,40,10,9769,2,14,108,3000.0,1000.0,3.0,"{0: 1529, 1: 1511}",0.0768777387694436,0.997472619454066,0.9854975342750548,0.999849498271942,,max_iter,,,,,stratified_labeled_val,2,True,14,36,3.5994,success,,0.771726891186406,0.7077777658823883,0.69895661068972,0.9936906099319458,0.7890995504809055,0.5300934525764653,,,,,,,,,,,"{<=50K:36,>50K:14}","{<=50K:7431,>50K:2338}","{<=50K:29724,>50K:9349}","{<=50K:29688,>50K:9335}","{<=50K:7,>50K:3}"
2026-07-07T19:43:17.442515+00:00,adult,1590,self_training_xgboost,1,100,38973,80,20,9769,2,14,108,3000.0,1000.0,3.0,"{0: 1558, 1: 1522}",0.0769763682549457,0.9968439889351528,0.9774492383003236,0.9999547004699708,,max_iter,,,,,stratified_labeled_val,2,True,27,73,5.9598,success,,0.7743883713788514,0.7430922513931708,0.7179153785806782,0.731056272983551,0.8290111627486131,0.5766905552719117,,,,,,,,,,,"{<=50K:73,>50K:27}","{<=50K:7431,>50K:2338}","{<=50K:29724,>50K:9349}","{<=50K:29651,>50K:9322}","{<=50K:15,>50K:5}"
2026-07-07T19:43:23.412972+00:00,adult,1590,self_training_xgboost,1,250,38823,200,50,9769,2,14,108,3000.0,1000.0,3.0,"{0: 1650, 1: 1550}",0.0772737810061046,0.9985576750040054,0.9910545945167542,0.9999549984931946,,max_iter,,,,,stratified_labeled_val,2,True,62,188,7.026,success,,0.8248541304125294,0.7457770599869527,0.7525754030114828,0.5659936666488647,0.8679496937838954,0.6889987384894666,,,,,,,,,,,"{<=50K:188,>50K:62}","{<=50K:7431,>50K:2338}","{<=50K:29724,>50K:9349}","{<=50K:29536,>50K:9287}","{<=50K:38,>50K:12}"
2026-07-07T19:43:30.447643+00:00,adult,1590,self_training_xgboost,1,500,38573,400,100,9769,2,14,108,3000.0,1000.0,3.0,"{0: 1802, 1: 1598}",0.0777746091825888,0.9988212249875068,0.9945518374443054,0.9999792575836182,,max_iter,,,,,stratified_labeled_val,2,True,122,378,8.0519,success,,0.8357047804278841,0.7627296879797127,0.7689126301327356,0.4883444309234619,0.8868115030104736,0.7285111329115705,,,,,,,,,,,"{<=50K:378,>50K:122}","{<=50K:7431,>50K:2338}","{<=50K:29724,>50K:9349}","{<=50K:29346,>50K:9227}","{<=50K:76,>50K:24}"
2026-07-07T19:43:38.509563+00:00,adult,1590,self_training_xgboost,2,50,39023,40,10,9769,2,14,108,2857.0,1000.0,3.0,"{0: 1529, 1: 1368}",0.0732132332214335,0.993517999741678,0.9500109553337096,0.999784290790558,,max_iter,,,,,stratified_labeled_val,2,True,14,36,5.3717,success,,0.750435049646842,0.7167941929164336,0.6911174429100567,0.7341027855873108,0.8246553205371943,0.5741794630973704,,,,,,,,,,,"{<=50K:36,>50K:14}","{<=50K:7431,>50K:2338}","{<=50K:29724,>50K:9349}","{<=50K:29688,>50K:9335}","{<=50K:7,>50K:3}"
2026-07-07T19:43:43.895152+00:00,adult,1590,self_training_xgboost,2,100,38973,80,20,9769,2,14,108,3000.0,1000.0,3.0,"{0: 1558, 1: 1522}",0.0769763682549457,0.9990664753317832,0.9941145777702332,0.9999217987060548,,max_iter,,,,,stratified_labeled_val,2,True,27,73,5.9289,success,,0.7912785341386017,0.7067049648324322,0.7094641946437623,0.7568304538726807,0.7974071466041905,0.577557434981135,,,,,,,,,,,"{<=50K:73,>50K:27}","{<=50K:7431,>50K:2338}","{<=50K:29724,>50K:9349}","{<=50K:29651,>50K:9322}","{<=50K:15,>50K:5}"
2026-07-07T19:43:49.836910+00:00,adult,1590,self_training_xgboost,2,250,38823,200,50,9769,2,14,108,3000.0,1000.0,3.0,"{0: 1650, 1: 1550}",0.0772737810061046,0.9988277369538944,0.9921985268592834,0.9999381303787231,,max_iter,,,,,stratified_labeled_val,2,True,62,188,7.3845,success,,0.8010031733033064,0.7248228901214815,0.7256802620859406,0.5912636518478394,0.8407958579639844,0.6150435389370709,,,,,,,,,,,"{<=50K:188,>50K:62}","{<=50K:7431,>50K:2338}","{<=50K:29724,>50K:9349}","{<=50K:29536,>50K:9287}","{<=50K:38,>50K:12}"
2026-07-07T19:43:57.230841+00:00,adult,1590,self_training_xgboost,2,500,38573,400,100,9769,2,14,108,3000.0,1000.0,3.0,"{0: 1802, 1: 1598}",0.0777746091825888,0.9982522675593694,0.9893643856048584,0.9999711513519288,,max_iter,,,,,stratified_labeled_val,2,True,122,378,8.4857,success,,0.8256730473948204,0.7540836776185216,0.7574139762742436,0.5095705389976501,0.8772742018126503,0.692418196875471,,,,,,,,,,,"{<=50K:378,>50K:122}","{<=50K:7431,>50K:2338}","{<=50K:29724,>50K:9349}","{<=50K:29346,>50K:9227}","{<=50K:76,>50K:24}"
2026-07-07T19:44:05.727523+00:00,adult,1590,self_training_lightgbm,0,50,39023,40,10,9769,2,14,108,0.0,0.0,0.0,"{0: 29, 1: 11}",0.0,,,,,no_candidates,,,,,stratified_labeled_val,2,True,14,36,1.3223,success,,0.7606715119254785,0.5,0.4320348837209302,0.5549104705296997,0.4946197632994004,0.2374067996447642,,,,,,,,,,,"{<=50K:36,>50K:14}","{<=50K:7431,>50K:2338}","{<=50K:29724,>50K:9349}","{<=50K:29688,>50K:9335}","{<=50K:7,>50K:3}"
2026-07-07T19:44:07.058732+00:00,adult,1590,self_training_lightgbm,0,100,38973,80,20,9769,2,14,108,3000.0,1000.0,3.0,"{0: 1558, 1: 1522}",0.0769763682549457,0.9953462170772808,0.9681370074314396,0.9999999987337868,,max_iter,,,,,stratified_labeled_val,2,True,27,73,12.4957,success,,0.8074521445388474,0.7404945285621156,0.7381390066519473,1.1833416395019372,0.8520428144230598,0.6451951683239795,,,,,,,,,,,"{<=50K:73,>50K:27}","{<=50K:7431,>50K:2338}","{<=50K:29724,>50K:9349}","{<=50K:29651,>50K:9322}","{<=50K:15,>50K:5}"
2026-07-07T19:44:19.563149+00:00,adult,1590,self_training_lightgbm,0,250,38823,200,50,9769,2,14,108,3000.0,1000.0,3.0,"{0: 1650, 1: 1550}",0.0772737810061046,0.9998236321813514,0.998190907256652,0.9999999997748994,,max_iter,,,,,stratified_labeled_val,2,True,62,188,15.6141,success,,0.7937352850854744,0.7304522393013155,0.7241691863008968,1.1844943821998848,0.8425524808276059,0.6151351997533053,,,,,,,,,,,"{<=50K:188,>50K:62}","{<=50K:7431,>50K:2338}","{<=50K:29724,>50K:9349}","{<=50K:29536,>50K:9287}","{<=50K:38,>50K:12}"
2026-07-07T19:44:35.195621+00:00,adult,1590,self_training_lightgbm,0,500,38573,400,100,9769,2,14,108,3000.0,1000.0,3.0,"{0: 1802, 1: 1598}",0.0777746091825888,0.999814368470602,0.9974994115964316,0.9999999999605824,,max_iter,,,,,stratified_labeled_val,2,True,122,378,17.0975,success,,0.8246494011669567,0.744469910171007,0.7517421689240386,0.9835592695947506,0.8648389535019585,0.6974236113424229,,,,,,,,,,,"{<=50K:378,>50K:122}","{<=50K:7431,>50K:2338}","{<=50K:29724,>50K:9349}","{<=50K:29346,>50K:9227}","{<=50K:76,>50K:24}"
2026-07-07T19:44:52.337166+00:00,adult,1590,self_training_lightgbm,1,50,39023,40,10,9769,2,14,108,0.0,0.0,0.0,"{0: 29, 1: 11}",0.0,,,,,no_candidates,,,,,stratified_labeled_val,2,True,14,36,0.7854,success,,0.7606715119254785,0.5,0.4320348837209302,0.5535887938178896,0.5,0.2393284880745214,,,,,,,,,,,"{<=50K:36,>50K:14}","{<=50K:7431,>50K:2338}","{<=50K:29724,>50K:9349}","{<=50K:29688,>50K:9335}","{<=50K:7,>50K:3}"
2026-07-07T19:44:53.139111+00:00,adult,1590,self_training_lightgbm,1,100,38973,80,20,9769,2,14,108,2898.0,1000.0,3.0,"{0: 1558, 1: 1420}",0.0743591717342775,0.9940069311948164,0.9504574529167238,0.9999999975868848,,max_iter,,,,,stratified_labeled_val,2,True,27,73,10.362,success,,0.7904596171563107,0.7313771154271421,0.7225899286284216,1.29096110046721,0.8364942932636372,0.5746272294437992,,,,,,,,,,,"{<=50K:73,>50K:27}","{<=50K:7431,>50K:2338}","{<=50K:29724,>50K:9349}","{<=50K:29651,>50K:9322}","{<=50K:15,>50K:5}"
2026-07-07T19:45:03.511993+00:00,adult,1590,self_training_lightgbm,1,250,38823,200,50,9769,2,14,108,3000.0,1000.0,3.0,"{0: 1650, 1: 1550}",0.0772737810061046,0.9997222712299516,0.9969960520685188,0.9999999996576088,,max_iter,,,,,stratified_labeled_val,2,True,62,188,12.7064,success,,0.8276179752277613,0.7516977982439872,0.7575757629343551,1.0826038715196196,0.8701239311560857,0.6930366346921527,,,,,,,,,,,"{<=50K:188,>50K:62}","{<=50K:7431,>50K:2338}","{<=50K:29724,>50K:9349}","{<=50K:29536,>50K:9287}","{<=50K:38,>50K:12}"
2026-07-07T19:45:16.228166+00:00,adult,1590,self_training_lightgbm,1,500,38573,400,100,9769,2,14,108,3000.0,1000.0,3.0,"{0: 1802, 1: 1598}",0.0777746091825888,0.9999350685875606,0.999223440525339,0.9999999999529252,,max_iter,,,,,stratified_labeled_val,2,True,122,378,15.8993,success,,0.8408230115672024,0.7712240033457509,0.776801376124554,0.9350923153401748,0.8894664963860848,0.7421682125698689,,,,,,,,,,,"{<=50K:378,>50K:122}","{<=50K:7431,>50K:2338}","{<=50K:29724,>50K:9349}","{<=50K:29346,>50K:9227}","{<=50K:76,>50K:24}"
2026-07-07T19:45:32.139845+00:00,adult,1590,self_training_lightgbm,2,50,39023,40,10,9769,2,14,108,0.0,0.0,0.0,"{0: 29, 1: 11}",0.0,,,,,no_candidates,,,,,stratified_labeled_val,2,True,14,36,0.8047,success,,0.7606715119254785,0.5,0.4320348837209302,0.5535887938178896,0.5,0.2393284880745214,,,,,,,,,,,"{<=50K:36,>50K:14}","{<=50K:7431,>50K:2338}","{<=50K:29724,>50K:9349}","{<=50K:29688,>50K:9335}","{<=50K:7,>50K:3}"
2026-07-07T19:45:32.954055+00:00,adult,1590,self_training_lightgbm,2,100,38973,80,20,9769,2,14,108,3000.0,1000.0,3.0,"{0: 1558, 1: 1522}",0.0769763682549457,0.999393577777382,0.993904426353076,0.9999999963226208,,max_iter,,,,,stratified_labeled_val,2,True,27,73,10.7763,success,,0.8040741119868974,0.7214182857538858,0.7256512169446816,1.3732733622162996,0.8255444241570496,0.6125688790271998,,,,,,,,,,,"{<=50K:73,>50K:27}","{<=50K:7431,>50K:2338}","{<=50K:29724,>50K:9349}","{<=50K:29651,>50K:9322}","{<=50K:15,>50K:5}"
2026-07-07T19:45:43.739830+00:00,adult,1590,self_training_lightgbm,2,250,38823,200,50,9769,2,14,108,3000.0,1000.0,3.0,"{0: 1650, 1: 1550}",0.0772737810061046,0.9998780925098806,0.9983481295962277,0.9999999996452164,,max_iter,,,,,stratified_labeled_val,2,True,62,188,13.3836,success,,0.8027433718906746,0.7201038548084061,0.724083656099177,1.157473509109084,0.8354915982672179,0.6093749483619493,,,,,,,,,,,"{<=50K:188,>50K:62}","{<=50K:7431,>50K:2338}","{<=50K:29724,>50K:9349}","{<=50K:29536,>50K:9287}","{<=50K:38,>50K:12}"
2026-07-07T19:45:57.133794+00:00,adult,1590,self_training_lightgbm,2,500,38573,400,100,9769,2,14,108,3000.0,1000.0,3.0,"{0: 1802, 1: 1598}",0.0777746091825888,0.9997432951497508,0.99705144052977,0.9999999999653788,,max_iter,,,,,stratified_labeled_val,2,True,122,378,15.5625,success,,0.8296652676834886,0.7627172841582537,0.7644934141785964,0.9842970968725108,0.8824126359427176,0.7092742490017434,,,,,,,,,,,"{<=50K:378,>50K:122}","{<=50K:7431,>50K:2338}","{<=50K:29724,>50K:9349}","{<=50K:29346,>50K:9227}","{<=50K:76,>50K:24}"
2026-07-07T19:46:12.707326+00:00,adult,1590,self_training_catboost,0,50,39023,40,10,9769,2,14,108,1047.0,500.0,3.0,"{0: 779, 1: 308}",0.0268303308305358,0.9957854020315284,0.97002502032203,0.9997887723248836,,max_iter,,,,,stratified_labeled_val,2,True,14,36,3.119,success,,0.7851366567714197,0.69695150330287,0.7000970579468017,0.5842053904832637,0.8271653532429921,0.5332298002425969,,,,,,,,,,,"{<=50K:36,>50K:14}","{<=50K:7431,>50K:2338}","{<=50K:29724,>50K:9349}","{<=50K:29688,>50K:9335}","{<=50K:7,>50K:3}"
2026-07-07T19:46:15.837710+00:00,adult,1590,self_training_catboost,0,100,38973,80,20,9769,2,14,108,1319.0,500.0,3.0,"{0: 808, 1: 591}",0.0338439432427578,0.9946446940798668,0.9701643416277578,0.9998008889047294,,max_iter,,,,,stratified_labeled_val,2,True,27,73,4.0493,success,,0.8011055379260927,0.7426254245071193,0.7350422874009451,0.4901851497752043,0.8596587895781191,0.6452081227873763,,,,,,,,,,,"{<=50K:73,>50K:27}","{<=50K:7431,>50K:2338}","{<=50K:29724,>50K:9349}","{<=50K:29651,>50K:9322}","{<=50K:15,>50K:5}"
2026-07-07T19:46:19.898806+00:00,adult,1590,self_training_catboost,0,250,38823,200,50,9769,2,14,108,1372.0,500.0,3.0,"{0: 900, 1: 672}",0.0353398758467918,0.9925177397220476,0.9701176492358904,0.9996187935081372,,max_iter,,,,,stratified_labeled_val,2,True,62,188,3.903,success,,0.8214760978605794,0.7577741454630389,0.7562660735497482,0.4051799539215058,0.8705504959859391,0.7012275082585381,,,,,,,,,,,"{<=50K:188,>50K:62}","{<=50K:7431,>50K:2338}","{<=50K:29724,>50K:9349}","{<=50K:29536,>50K:9287}","{<=50K:38,>50K:12}"
2026-07-07T19:46:23.811473+00:00,adult,1590,self_training_catboost,0,500,38573,400,100,9769,2,14,108,1415.0,500.0,3.0,"{0: 1052, 1: 763}",0.0366836906644544,0.9927400451821164,0.9700190845483913,0.9997077954380654,,max_iter,,,,,stratified_labeled_val,2,True,122,378,4.0732,success,,0.8511618384686253,0.7495848317207214,0.7734716328525097,0.3330507592902985,0.8947569708613226,0.7586237776509034,,,,,,,,,,,"{<=50K:378,>50K:122}","{<=50K:7431,>50K:2338}","{<=50K:29724,>50K:9349}","{<=50K:29346,>50K:9227}","{<=50K:76,>50K:24}"
2026-07-07T19:46:27.895166+00:00,adult,1590,self_training_catboost,1,50,39023,40,10,9769,2,14,108,1406.0,500.0,3.0,"{0: 779, 1: 667}",0.0360300335699459,0.9960548226150656,0.9700287326678552,0.999864785648048,,max_iter,,,,,stratified_labeled_val,2,True,14,36,3.9044,success,,0.7991606100931518,0.7133516863844259,0.7179916274898006,0.5746175880045146,0.8305002544654045,0.5939689542654149,,,,,,,,,,,"{<=50K:36,>50K:14}","{<=50K:7431,>50K:2338}","{<=50K:29724,>50K:9349}","{<=50K:29688,>50K:9335}","{<=50K:7,>50K:3}"
2026-07-07T19:46:31.813295+00:00,adult,1590,self_training_catboost,1,100,38973,80,20,9769,2,14,108,1282.0,500.0,3.0,"{0: 808, 1: 554}",0.0328945680342801,0.9944846921045932,0.970324631766267,0.9996627854301092,,max_iter,,,,,stratified_labeled_val,2,True,27,73,3.7875,success,,0.8220902855972976,0.7460123584654901,0.7508022868771922,0.4156921363791432,0.8652127948958188,0.6827823538965371,,,,,,,,,,,"{<=50K:73,>50K:27}","{<=50K:7431,>50K:2338}","{<=50K:29724,>50K:9349}","{<=50K:29651,>50K:9322}","{<=50K:15,>50K:5}"
2026-07-07T19:46:35.614103+00:00,adult,1590,self_training_catboost,1,250,38823,200,50,9769,2,14,108,1500.0,500.0,3.0,"{0: 900, 1: 800}",0.0386368905030523,0.994577531370492,0.9733954814598068,0.9997258581474976,,max_iter,,,,,stratified_labeled_val,2,True,62,188,4.1332,success,,0.8431773978912888,0.7535706026093036,0.7697382697218995,0.3617900731259294,0.8871882511003139,0.7284914841054081,,,,,,,,,,,"{<=50K:188,>50K:62}","{<=50K:7431,>50K:2338}","{<=50K:29724,>50K:9349}","{<=50K:29536,>50K:9287}","{<=50K:38,>50K:12}"
2026-07-07T19:46:39.761472+00:00,adult,1590,self_training_catboost,1,500,38573,400,100,9769,2,14,108,1500.0,500.0,3.0,"{0: 1052, 1: 848}",0.0388873045912944,0.9955536282568368,0.977436725031891,0.999766210448362,,max_iter,,,,,stratified_labeled_val,2,True,122,378,4.0275,success,,0.8507523799774798,0.7597223224696579,0.7786698299820539,0.3472314190681908,0.8950759016024126,0.7535499655985067,,,,,,,,,,,"{<=50K:378,>50K:122}","{<=50K:7431,>50K:2338}","{<=50K:29724,>50K:9349}","{<=50K:29346,>50K:9227}","{<=50K:76,>50K:24}"
2026-07-07T19:46:43.800668+00:00,adult,1590,self_training_catboost,2,50,39023,40,10,9769,2,14,108,1500.0,500.0,3.0,"{0: 779, 1: 761}",0.0384388693847218,0.9950570417557434,0.979266680206814,0.9994843966551809,,max_iter,,,,,stratified_labeled_val,2,True,14,36,4.2506,success,,0.753505988330433,0.6914037430646522,0.6798798586949434,0.7116759261443732,0.7991142980778163,0.5544807838069908,,,,,,,,,,,"{<=50K:36,>50K:14}","{<=50K:7431,>50K:2338}","{<=50K:29724,>50K:9349}","{<=50K:29688,>50K:9335}","{<=50K:7,>50K:3}"
2026-07-07T19:46:48.063039+00:00,adult,1590,self_training_catboost,2,100,38973,80,20,9769,2,14,108,1500.0,500.0,3.0,"{0: 808, 1: 772}",0.0384881841274728,0.9965075077850758,0.9805462833649996,0.9997954692522468,,max_iter,,,,,stratified_labeled_val,2,True,27,73,3.8021,success,,0.8019244549083837,0.7315844981126045,0.7299238442423482,0.5461627350234711,0.8387764525162721,0.6312769662564417,,,,,,,,,,,"{<=50K:73,>50K:27}","{<=50K:7431,>50K:2338}","{<=50K:29724,>50K:9349}","{<=50K:29651,>50K:9322}","{<=50K:15,>50K:5}"
2026-07-07T19:46:51.874496+00:00,adult,1590,self_training_catboost,2,250,38823,200,50,9769,2,14,108,1433.0,500.0,3.0,"{0: 900, 1: 733}",0.0369111093939159,0.99436727861752,0.9700355888256552,0.9995545854594396,,max_iter,,,,,stratified_labeled_val,2,True,62,188,3.994,success,,0.8198382638959976,0.7074492804574829,0.726396340714327,0.4248401185147837,0.8658055882007253,0.6627433343964982,,,,,,,,,,,"{<=50K:188,>50K:62}","{<=50K:7431,>50K:2338}","{<=50K:29724,>50K:9349}","{<=50K:29536,>50K:9287}","{<=50K:38,>50K:12}"
2026-07-07T19:46:55.880294+00:00,adult,1590,self_training_catboost,2,500,38573,400,100,9769,2,14,108,1354.0,500.0,3.0,"{0: 1052, 1: 702}",0.0351022736110751,0.9940831585094584,0.9700955791026632,0.9995413613102532,,max_iter,,,,,stratified_labeled_val,2,True,122,378,4.3834,success,,0.8430750332685024,0.7529170277013307,0.7693136585966605,0.3353148831004096,0.8978628186846793,0.7452382930599896,,,,,,,,,,,"{<=50K:378,>50K:122}","{<=50K:7431,>50K:2338}","{<=50K:29724,>50K:9349}","{<=50K:29346,>50K:9227}","{<=50K:76,>50K:24}"
2026-07-07T19:47:00.273759+00:00,adult,1590,rpl_lr,0,50,39023,40,10,9769,2,14,108,,,,,,,,,,,,,,,stratified_labeled_val,2,True,14,36,1.0707,success,,0.8013102671716654,0.6687409827671492,0.6878295134505028,1.701923966407776,0.8526277222359019,0.5994785807469449,,,,,,,,,,,"{<=50K:36,>50K:14}","{<=50K:7431,>50K:2338}","{<=50K:29724,>50K:9349}","{<=50K:29688,>50K:9335}","{<=50K:7,>50K:3}"
2026-07-07T19:47:01.350580+00:00,adult,1590,rpl_lr,0,100,38973,80,20,9769,2,14,108,,,,,,,,,,,,,,,stratified_labeled_val,2,True,27,73,1.4462,success,,0.8217831917289384,0.7330587109994786,0.7435356591631848,1.4308738708496094,0.8638646347653041,0.6629620542241547,,,,,,,,,,,"{<=50K:73,>50K:27}","{<=50K:7431,>50K:2338}","{<=50K:29724,>50K:9349}","{<=50K:29651,>50K:9322}","{<=50K:15,>50K:5}"
2026-07-07T19:47:02.803355+00:00,adult,1590,rpl_lr,0,250,38823,200,50,9769,2,14,108,,,,,,,,,,,,,,,stratified_labeled_val,2,True,62,188,1.3681,success,,0.8230115672023749,0.7391427422564181,0.7477526328408861,1.2156943082809448,0.8683608329796374,0.6818723408817796,,,,,,,,,,,"{<=50K:188,>50K:62}","{<=50K:7431,>50K:2338}","{<=50K:29724,>50K:9349}","{<=50K:29536,>50K:9287}","{<=50K:38,>50K:12}"
2026-07-07T19:47:04.179101+00:00,adult,1590,rpl_lr,0,500,38573,400,100,9769,2,14,108,,,,,,,,,,,,,,,stratified_labeled_val,2,True,122,378,1.5913,success,,0.8328385709898659,0.7253751911368451,0.7461854454911823,0.9698026180267334,0.8842721731115311,0.7111013845713712,,,,,,,,,,,"{<=50K:378,>50K:122}","{<=50K:7431,>50K:2338}","{<=50K:29724,>50K:9349}","{<=50K:29346,>50K:9227}","{<=50K:76,>50K:24}"
2026-07-07T19:47:05.779088+00:00,adult,1590,rpl_lr,1,50,39023,40,10,9769,2,14,108,,,,,,,,,,,,,,,stratified_labeled_val,2,True,14,36,1.1894,success,,0.8155389497389702,0.7085807334520646,0.7246300470695033,1.7527774572372437,0.8415293526218226,0.627133710871669,,,,,,,,,,,"{<=50K:36,>50K:14}","{<=50K:7431,>50K:2338}","{<=50K:29724,>50K:9349}","{<=50K:29688,>50K:9335}","{<=50K:7,>50K:3}"
2026-07-07T19:47:06.976871+00:00,adult,1590,rpl_lr,1,100,38973,80,20,9769,2,14,108,,,,,,,,,,,,,,,stratified_labeled_val,2,True,27,73,1.7754,success,,0.8228068379568021,0.7457504968147792,0.7511560662891834,1.415568232536316,0.8628876107868466,0.6590485803439574,,,,,,,,,,,"{<=50K:73,>50K:27}","{<=50K:7431,>50K:2338}","{<=50K:29724,>50K:9349}","{<=50K:29651,>50K:9322}","{<=50K:15,>50K:5}"
2026-07-07T19:47:08.763224+00:00,adult,1590,rpl_lr,1,250,38823,200,50,9769,2,14,108,,,,,,,,,,,,,,,stratified_labeled_val,2,True,62,188,1.2883,success,,0.8405159176988433,0.7236792923179536,0.7501531901973507,1.1182698011398315,0.878549579426993,0.7154899611174167,,,,,,,,,,,"{<=50K:188,>50K:62}","{<=50K:7431,>50K:2338}","{<=50K:29724,>50K:9349}","{<=50K:29536,>50K:9287}","{<=50K:38,>50K:12}"
2026-07-07T19:47:10.058311+00:00,adult,1590,rpl_lr,1,500,38573,400,100,9769,2,14,108,,,,,,,,,,,,,,,stratified_labeled_val,2,True,122,378,1.7462,success,,0.8397993653393387,0.7302437630074645,0.753877485844259,0.9707127213478088,0.8834369728735619,0.7233981634583367,,,,,,,,,,,"{<=50K:378,>50K:122}","{<=50K:7431,>50K:2338}","{<=50K:29724,>50K:9349}","{<=50K:29346,>50K:9227}","{<=50K:76,>50K:24}"
2026-07-07T19:47:11.813175+00:00,adult,1590,rpl_lr,2,50,39023,40,10,9769,2,14,108,,,,,,,,,,,,,,,stratified_labeled_val,2,True,14,36,1.0791,success,,0.8142082096427474,0.683961306293348,0.7061508626550879,1.7126319408416748,0.8355547685412381,0.621211452200184,,,,,,,,,,,"{<=50K:36,>50K:14}","{<=50K:7431,>50K:2338}","{<=50K:29724,>50K:9349}","{<=50K:29688,>50K:9335}","{<=50K:7,>50K:3}"
2026-07-07T19:47:12.900498+00:00,adult,1590,rpl_lr,2,100,38973,80,20,9769,2,14,108,,,,,,,,,,,,,,,stratified_labeled_val,2,True,27,73,1.3253,success,,0.8159484082301157,0.6893557599029981,0.711219967120696,1.6976181268692017,0.8359666559953511,0.6213751201706637,,,,,,,,,,,"{<=50K:73,>50K:27}","{<=50K:7431,>50K:2338}","{<=50K:29724,>50K:9349}","{<=50K:29651,>50K:9322}","{<=50K:15,>50K:5}"
2026-07-07T19:47:14.234515+00:00,adult,1590,rpl_lr,2,250,38823,200,50,9769,2,14,108,,,,,,,,,,,,,,,stratified_labeled_val,2,True,62,188,1.4857,success,,0.8261848705087522,0.7029732276608327,0.7269640827849931,1.1522973775863647,0.8696524420447991,0.6815215941576678,,,,,,,,,,,"{<=50K:188,>50K:62}","{<=50K:7431,>50K:2338}","{<=50K:29724,>50K:9349}","{<=50K:29536,>50K:9287}","{<=50K:38,>50K:12}"
2026-07-07T19:47:15.727883+00:00,adult,1590,rpl_lr,2,500,38573,400,100,9769,2,14,108,,,,,,,,,,,,,,,stratified_labeled_val,2,True,122,378,1.7903,success,,0.8375473436380387,0.7283237608064337,0.7511565190907329,0.9318161606788636,0.8935977747486745,0.7294439048634476,,,,,,,,,,,"{<=50K:378,>50K:122}","{<=50K:7431,>50K:2338}","{<=50K:29724,>50K:9349}","{<=50K:29346,>50K:9227}","{<=50K:76,>50K:24}"
2026-07-07T19:47:17.527847+00:00,adult,1590,rpl_lite_xgboost,0,50,39023,40,10,9769,2,14,108,3000.0,1000.0,3.0,"{0: 1500, 1: 1500}",0.0768777387694436,0.9907609891295434,,,0.070244965780854,max_iter,,,,,stratified_labeled_val,2,True,14,36,19.7426,success,,0.7611833350394104,0.6555564975936586,0.6606058410235834,0.833766520023346,0.7733776060544002,0.4535452791501259,,,,,,,,,,,"{<=50K:36,>50K:14}","{<=50K:7431,>50K:2338}","{<=50K:29724,>50K:9349}","{<=50K:29688,>50K:9335}","{<=50K:7,>50K:3}"
2026-07-07T19:47:37.281884+00:00,adult,1590,rpl_lite_xgboost,0,100,38973,80,20,9769,2,14,108,3000.0,1000.0,3.0,"{0: 1500, 1: 1500}",0.0769763682549457,0.9983998822967212,,,0.0492319167874222,max_iter,,,,,stratified_labeled_val,2,True,27,73,20.4247,success,,0.777356945439656,0.7135304913559466,0.7053223239544083,0.7320712208747864,0.8197970516087613,0.5908685665796173,,,,,,,,,,,"{<=50K:73,>50K:27}","{<=50K:7431,>50K:2338}","{<=50K:29724,>50K:9349}","{<=50K:29651,>50K:9322}","{<=50K:15,>50K:5}"
2026-07-07T19:47:57.717201+00:00,adult,1590,rpl_lite_xgboost,0,250,38823,200,50,9769,2,14,108,3000.0,1000.0,3.0,"{0: 1500, 1: 1500}",0.0772737810061046,0.998832358678182,,,0.0743760751105559,max_iter,,,,,stratified_labeled_val,2,True,62,188,22.2934,success,,0.7927116388576108,0.725382213253866,0.7208716347949826,0.6228029727935791,0.838000019339601,0.6055593317955922,,,,,,,,,,,"{<=50K:188,>50K:62}","{<=50K:7431,>50K:2338}","{<=50K:29724,>50K:9349}","{<=50K:29536,>50K:9287}","{<=50K:38,>50K:12}"
2026-07-07T19:48:20.021340+00:00,adult,1590,rpl_lite_xgboost,0,500,38573,400,100,9769,2,14,108,3000.0,1000.0,3.0,"{0: 1500, 1: 1500}",0.0777746091825888,0.998032339155674,,,0.06214414561153,max_iter,,,,,stratified_labeled_val,2,True,122,378,23.7429,success,,0.8256730473948204,0.7432373271796565,0.7517830542494031,0.5100064873695374,0.8619785344243169,0.6879846188024038,,,,,,,,,,,"{<=50K:378,>50K:122}","{<=50K:7431,>50K:2338}","{<=50K:29724,>50K:9349}","{<=50K:29346,>50K:9227}","{<=50K:76,>50K:24}"
2026-07-07T19:48:43.781504+00:00,adult,1590,rpl_lite_xgboost,1,50,39023,40,10,9769,2,14,108,3000.0,1000.0,3.0,"{0: 1500, 1: 1500}",0.0768777387694436,0.9974812791744868,,,0.0619654997788508,max_iter,,,,,stratified_labeled_val,2,True,14,36,20.6447,success,,0.7701914218446105,0.7032507451790001,0.6955936006020559,1.0092531442642212,0.7845956394495166,0.5276694254909614,,,,,,,,,,,"{<=50K:36,>50K:14}","{<=50K:7431,>50K:2338}","{<=50K:29724,>50K:9349}","{<=50K:29688,>50K:9335}","{<=50K:7,>50K:3}"
2026-07-07T19:49:04.436624+00:00,adult,1590,rpl_lite_xgboost,1,100,38973,80,20,9769,2,14,108,3000.0,1000.0,3.0,"{1: 1500, 0: 1500}",0.0769763682549457,0.996844305674235,,,0.0653848269986376,max_iter,,,,,stratified_labeled_val,2,True,27,73,22.0897,success,,0.7743883713788514,0.744264829818994,0.7184304158314081,0.7277222871780396,0.8306229976174301,0.5790578894239266,,,,,,,,,,,"{<=50K:73,>50K:27}","{<=50K:7431,>50K:2338}","{<=50K:29724,>50K:9349}","{<=50K:29651,>50K:9322}","{<=50K:15,>50K:5}"
2026-07-07T19:49:26.543909+00:00,adult,1590,rpl_lite_xgboost,1,250,38823,200,50,9769,2,14,108,3000.0,1000.0,3.0,"{0: 1500, 1: 1500}",0.0772737810061046,0.998571817278862,,,0.0704988534474353,max_iter,,,,,stratified_labeled_val,2,True,62,188,23.1533,success,,0.8236257549390931,0.746435354678497,0.7520764971858113,0.5646752715110779,0.8683239380861094,0.6885846354310755,,,,,,,,,,,"{<=50K:188,>50K:62}","{<=50K:7431,>50K:2338}","{<=50K:29724,>50K:9349}","{<=50K:29536,>50K:9287}","{<=50K:38,>50K:12}"
2026-07-07T19:49:49.707789+00:00,adult,1590,rpl_lite_xgboost,1,500,38573,400,100,9769,2,14,108,3000.0,1000.0,3.0,"{0: 1500, 1: 1500}",0.0777746091825888,0.9988180335362752,,,0.0656453458201623,max_iter,,,,,stratified_labeled_val,2,True,122,378,22.5258,success,,0.8365236974101751,0.7634145458434305,0.769850565442707,0.4869161248207092,0.8862799805544916,0.7282445402862254,,,,,,,,,,,"{<=50K:378,>50K:122}","{<=50K:7431,>50K:2338}","{<=50K:29724,>50K:9349}","{<=50K:29346,>50K:9227}","{<=50K:76,>50K:24}"
2026-07-07T19:50:12.250404+00:00,adult,1590,rpl_lite_xgboost,2,50,39023,40,10,9769,2,14,108,3000.0,1000.0,3.0,"{0: 1500, 1: 1500}",0.0768777387694436,0.9915118080377578,,,0.0676749269975744,max_iter,,,,,stratified_labeled_val,2,True,14,36,19.7809,success,,0.744804995393592,0.7207152394559171,0.6895289652824197,0.7413025498390198,0.8236010532715065,0.5747521345131665,,,,,,,,,,,"{<=50K:36,>50K:14}","{<=50K:7431,>50K:2338}","{<=50K:29724,>50K:9349}","{<=50K:29688,>50K:9335}","{<=50K:7,>50K:3}"
2026-07-07T19:50:32.041897+00:00,adult,1590,rpl_lite_xgboost,2,100,38973,80,20,9769,2,14,108,3000.0,1000.0,3.0,"{0: 1500, 1: 1500}",0.0769763682549457,0.9990779432257016,,,0.0672243305103348,max_iter,,,,,stratified_labeled_val,2,True,27,73,19.3156,success,,0.7916879926297472,0.7080001137352724,0.7104715728983049,0.7532365918159485,0.7990051099139744,0.5785974347610059,,,,,,,,,,,"{<=50K:73,>50K:27}","{<=50K:7431,>50K:2338}","{<=50K:29724,>50K:9349}","{<=50K:29651,>50K:9322}","{<=50K:15,>50K:5}"
2026-07-07T19:50:51.374938+00:00,adult,1590,rpl_lite_xgboost,2,250,38823,200,50,9769,2,14,108,3000.0,1000.0,3.0,"{0: 1500, 1: 1500}",0.0772737810061046,0.9988420328895252,,,0.0794405559299979,max_iter,,,,,stratified_labeled_val,2,True,62,188,22.1708,success,,0.8026410072678882,0.7248734551198658,0.7267220691004039,0.583651065826416,0.8417892860682694,0.6164805606224305,,,,,,,,,,,"{<=50K:188,>50K:62}","{<=50K:7431,>50K:2338}","{<=50K:29724,>50K:9349}","{<=50K:29536,>50K:9287}","{<=50K:38,>50K:12}"
2026-07-07T19:51:13.556351+00:00,adult,1590,rpl_lite_xgboost,2,500,38573,400,100,9769,2,14,108,3000.0,1000.0,3.0,"{0: 1500, 1: 1500}",0.0777746091825888,0.9982435511946678,,,0.0626806748108424,max_iter,,,,,stratified_labeled_val,2,True,122,378,23.6988,success,,0.8275156106049749,0.7560276816457632,0.7596872523121764,0.5129177570343018,0.8762338636643316,0.69112878345112,,,,,,,,,,,"{<=50K:378,>50K:122}","{<=50K:7431,>50K:2338}","{<=50K:29724,>50K:9349}","{<=50K:29346,>50K:9227}","{<=50K:76,>50K:24}"
2026-07-07T19:51:37.265973+00:00,adult,1590,sslae,0,50,39023,40,10,9769,2,14,108,,,,,,,,,,,,,,,stratified_labeled_val,2,True,14,36,79.6353,success,,0.80090080868052,0.6755073105418439,0.693087840282894,0.5141873888211761,0.83357812893735,0.6024032450686176,21.0,0.2540130019187927,31.0,0.0861345529556274,,sslae,internal_stratified_val,,style_baseline,supervised_autoencoder,"{<=50K:36,>50K:14}","{<=50K:7431,>50K:2338}","{<=50K:29724,>50K:9349}","{<=50K:29688,>50K:9335}","{<=50K:7,>50K:3}"
2026-07-07T19:52:56.911606+00:00,adult,1590,sslae,0,100,38973,80,20,9769,2,14,108,,,,,,,,,,,,,,,stratified_labeled_val,2,True,27,73,211.3435,success,,0.8116490940730884,0.7381232114466494,0.7396615798671096,0.446515059321085,0.8500723335611492,0.6456383904755677,42.0,0.1467509120702743,52.0,0.2080306410789489,,sslae,internal_stratified_val,,style_baseline,supervised_autoencoder,"{<=50K:73,>50K:27}","{<=50K:7431,>50K:2338}","{<=50K:29724,>50K:9349}","{<=50K:29651,>50K:9322}","{<=50K:15,>50K:5}"
2026-07-07T19:56:28.286833+00:00,adult,1590,sslae,0,250,38823,200,50,9769,2,14,108,,,,,,,,,,,,,,,stratified_labeled_val,2,True,62,188,394.7944,success,,0.7771522161940834,0.7485732727405217,0.7221011710746268,0.4523209012704621,0.8411288617182845,0.6163234727437926,50.0,0.335109531879425,60.0,0.2551849484443664,,sslae,internal_stratified_val,,style_baseline,supervised_autoencoder,"{<=50K:188,>50K:62}","{<=50K:7431,>50K:2338}","{<=50K:29724,>50K:9349}","{<=50K:29536,>50K:9287}","{<=50K:38,>50K:12}"
2026-07-07T20:03:03.107032+00:00,adult,1590,sslae,0,500,38573,400,100,9769,2,14,108,,,,,,,,,,,,,,,stratified_labeled_val,2,True,122,378,190.2066,success,,0.8300747261746341,0.7676767406417916,0.767127934067348,0.3654198159032356,0.8790649855488284,0.700682723842167,26.0,0.3748446106910705,36.0,0.3636693507432937,,sslae,internal_stratified_val,,style_baseline,supervised_autoencoder,"{<=50K:378,>50K:122}","{<=50K:7431,>50K:2338}","{<=50K:29724,>50K:9349}","{<=50K:29346,>50K:9227}","{<=50K:76,>50K:24}"
2026-07-07T20:06:13.335492+00:00,adult,1590,sslae,1,50,39023,40,10,9769,2,14,108,,,,,,,,,,,,,,,stratified_labeled_val,2,True,14,36,107.8177,success,,0.8163578667212611,0.6847880166767222,0.7078832969703952,0.5250943434673699,0.830446494979359,0.6281349330381807,13.0,0.2875271439552307,23.0,0.0635427758097648,,sslae,internal_stratified_val,,style_baseline,supervised_autoencoder,"{<=50K:36,>50K:14}","{<=50K:7431,>50K:2338}","{<=50K:29724,>50K:9349}","{<=50K:29688,>50K:9335}","{<=50K:7,>50K:3}"
2026-07-07T20:08:01.174081+00:00,adult,1590,sslae,1,100,38973,80,20,9769,2,14,108,,,,,,,,,,,,,,,stratified_labeled_val,2,True,27,73,76.3462,success,,0.8021291841539564,0.6094777686106534,0.6249972172886948,0.4503703056758774,0.8187772617864795,0.6233413266812833,5.0,0.5263746976852417,15.0,0.2495702356100082,,sslae,internal_stratified_val,,style_baseline,supervised_autoencoder,"{<=50K:73,>50K:27}","{<=50K:7431,>50K:2338}","{<=50K:29724,>50K:9349}","{<=50K:29651,>50K:9322}","{<=50K:15,>50K:5}"
2026-07-07T20:09:17.543823+00:00,adult,1590,sslae,1,250,38823,200,50,9769,2,14,108,,,,,,,,,,,,,,,stratified_labeled_val,2,True,62,188,130.8775,success,,0.8067355921793428,0.7889786779748076,0.7589104412215288,0.3908521647299631,0.8833250794679168,0.7227740472149167,12.0,0.2860368192195892,22.0,0.3909041285514831,,sslae,internal_stratified_val,,style_baseline,supervised_autoencoder,"{<=50K:188,>50K:62}","{<=50K:7431,>50K:2338}","{<=50K:29724,>50K:9349}","{<=50K:29536,>50K:9287}","{<=50K:38,>50K:12}"
2026-07-07T20:11:28.558316+00:00,adult,1590,sslae,1,500,38573,400,100,9769,2,14,108,,,,,,,,,,,,,,,stratified_labeled_val,2,True,122,378,206.8359,success,,0.8366260620329614,0.7611366746868453,0.7688073965860542,0.3499327207590239,0.8873103323314728,0.7283332117920707,19.0,0.2554515898227691,29.0,0.2878815084695816,,sslae,internal_stratified_val,,style_baseline,supervised_autoencoder,"{<=50K:378,>50K:122}","{<=50K:7431,>50K:2338}","{<=50K:29724,>50K:9349}","{<=50K:29346,>50K:9227}","{<=50K:76,>50K:24}"
2026-07-07T20:14:55.415313+00:00,adult,1590,sslae,2,50,39023,40,10,9769,2,14,108,,,,,,,,,,,,,,,stratified_labeled_val,2,True,14,36,71.6014,success,,0.7312928651857918,0.7339659454952485,0.6866309063358416,0.5740231165203068,0.808728813783702,0.6219791694429487,6.0,0.2599121034145355,16.0,0.0895905196666717,,sslae,internal_stratified_val,,style_baseline,supervised_autoencoder,"{<=50K:36,>50K:14}","{<=50K:7431,>50K:2338}","{<=50K:29724,>50K:9349}","{<=50K:29688,>50K:9335}","{<=50K:7,>50K:3}"
2026-07-07T20:16:07.035706+00:00,adult,1590,sslae,2,100,38973,80,20,9769,2,14,108,,,,,,,,,,,,,,,stratified_labeled_val,2,True,27,73,88.9175,success,,0.8200429931415703,0.6861842955763311,0.710864181285388,0.5021070765765729,0.8351975615065502,0.6491220567562899,13.0,0.1716839522123336,23.0,0.0964714512228965,,sslae,internal_stratified_val,,style_baseline,supervised_autoencoder,"{<=50K:73,>50K:27}","{<=50K:7431,>50K:2338}","{<=50K:29724,>50K:9349}","{<=50K:29651,>50K:9322}","{<=50K:15,>50K:5}"
2026-07-07T20:17:35.968264+00:00,adult,1590,sslae,2,250,38823,200,50,9769,2,14,108,,,,,,,,,,,,,,,stratified_labeled_val,2,True,62,188,117.8829,success,,0.7881052308322244,0.7405293225763709,0.7255816653682507,0.4329377660381063,0.8505775230783027,0.6492606140112482,40.0,0.4010392725467682,50.0,0.3745118081569671,,sslae,internal_stratified_val,,style_baseline,supervised_autoencoder,"{<=50K:188,>50K:62}","{<=50K:7431,>50K:2338}","{<=50K:29724,>50K:9349}","{<=50K:29536,>50K:9287}","{<=50K:38,>50K:12}"
2026-07-07T20:19:33.873834+00:00,adult,1590,sslae,2,500,38573,400,100,9769,2,14,108,,,,,,,,,,,,,,,stratified_labeled_val,2,True,122,378,36.76,success,,0.8320196540075749,0.7390544189894621,0.7538146875658667,0.3529925189644464,0.8839406370948051,0.7111961855624263,10.0,0.3162426352500915,20.0,0.3155899494886398,,sslae,internal_stratified_val,,style_baseline,supervised_autoencoder,"{<=50K:378,>50K:122}","{<=50K:7431,>50K:2338}","{<=50K:29724,>50K:9349}","{<=50K:29346,>50K:9227}","{<=50K:76,>50K:24}"
2026-07-07T20:20:10.646657+00:00,adult,1590,scarf,0,50,39023,40,10,9769,2,14,108,,,,,,,,,,,,,,,stratified_labeled_val,2,True,14,36,317.5662,success,,0.8122632818098066,0.7251888460232773,0.7329017485026627,0.4836068869250262,0.8512384654533139,0.6450883047740166,33.0,0.2072680592536926,43.0,0.0118602132424712,43.0,scarf,internal_stratified_val,50.0,paper_faithful_core,SCARF,"{<=50K:36,>50K:14}","{<=50K:7431,>50K:2338}","{<=50K:29724,>50K:9349}","{<=50K:29688,>50K:9335}","{<=50K:7,>50K:3}"
2026-07-07T20:25:28.230929+00:00,adult,1590,scarf,0,100,38973,80,20,9769,2,14,108,,,,,,,,,,,,,,,stratified_labeled_val,2,True,27,73,296.2165,success,,0.8159484082301157,0.7264385526196583,0.7359540484758309,0.4884675615215282,0.8538817169283327,0.6613866137767688,35.0,0.0901352316141128,45.0,0.0508921705186367,45.0,scarf,internal_stratified_val,50.0,paper_faithful_core,SCARF,"{<=50K:73,>50K:27}","{<=50K:7431,>50K:2338}","{<=50K:29724,>50K:9349}","{<=50K:29651,>50K:9322}","{<=50K:15,>50K:5}"
2026-07-07T20:30:24.464755+00:00,adult,1590,scarf,0,250,38823,200,50,9769,2,14,108,,,,,,,,,,,,,,,stratified_labeled_val,2,True,62,188,254.6664,success,,0.8222950148428703,0.7396977485135847,0.747574576236271,0.3904189400229956,0.8617733101764634,0.65613664099535,29.0,0.2993438839912414,39.0,0.1850749552249908,39.0,scarf,internal_stratified_val,50.0,paper_faithful_core,SCARF,"{<=50K:188,>50K:62}","{<=50K:7431,>50K:2338}","{<=50K:29724,>50K:9349}","{<=50K:29536,>50K:9287}","{<=50K:38,>50K:12}"
2026-07-07T20:34:39.144863+00:00,adult,1590,scarf,0,500,38573,400,100,9769,2,14,108,,,,,,,,,,,,,,,stratified_labeled_val,2,True,122,378,289.3509,success,,0.8356024158050978,0.7493243226909121,0.7619842759570866,0.37116936695905,0.8789505020180529,0.6985791556818415,24.0,0.3703035116195678,34.0,0.2315110191702842,34.0,scarf,internal_stratified_val,50.0,paper_faithful_core,SCARF,"{<=50K:378,>50K:122}","{<=50K:7431,>50K:2338}","{<=50K:29724,>50K:9349}","{<=50K:29346,>50K:9227}","{<=50K:76,>50K:24}"
2026-07-07T20:39:28.511141+00:00,adult,1590,scarf,1,50,39023,40,10,9769,2,14,108,,,,,,,,,,,,,,,stratified_labeled_val,2,True,14,36,270.0698,success,,0.7916879926297472,0.6235744670759985,0.6412544526458815,0.4524230895777243,0.8056417875362949,0.5613705557080119,19.0,0.3242654800415039,29.0,0.0864495560526847,29.0,scarf,internal_stratified_val,50.0,paper_faithful_core,SCARF,"{<=50K:36,>50K:14}","{<=50K:7431,>50K:2338}","{<=50K:29724,>50K:9349}","{<=50K:29688,>50K:9335}","{<=50K:7,>50K:3}"
2026-07-07T20:43:58.597003+00:00,adult,1590,scarf,1,100,38973,80,20,9769,2,14,108,,,,,,,,,,,,,,,stratified_labeled_val,2,True,27,73,277.3793,success,,0.7814515303511107,0.5510349334205458,0.533216462966003,0.4353034289548971,0.8284108580808278,0.6074749474327438,13.0,0.4614433050155639,23.0,0.2832417786121368,23.0,scarf,internal_stratified_val,50.0,paper_faithful_core,SCARF,"{<=50K:73,>50K:27}","{<=50K:7431,>50K:2338}","{<=50K:29724,>50K:9349}","{<=50K:29651,>50K:9322}","{<=50K:15,>50K:5}"
2026-07-07T20:48:35.992305+00:00,adult,1590,scarf,1,250,38823,200,50,9769,2,14,108,,,,,,,,,,,,,,,stratified_labeled_val,2,True,62,188,256.5102,success,,0.8308936431569249,0.7003520498077609,0.7277470903142645,0.3765589243463835,0.8741382797586096,0.6758577622082195,29.0,0.3340817987918854,39.0,0.259792685508728,39.0,scarf,internal_stratified_val,50.0,paper_faithful_core,SCARF,"{<=50K:188,>50K:62}","{<=50K:7431,>50K:2338}","{<=50K:29724,>50K:9349}","{<=50K:29536,>50K:9287}","{<=50K:38,>50K:12}"
2026-07-07T20:52:52.516262+00:00,adult,1590,scarf,1,500,38573,400,100,9769,2,14,108,,,,,,,,,,,,,,,stratified_labeled_val,2,True,122,378,311.8414,success,,0.8375473436380387,0.7356523759678291,0.7556326641108302,0.3763787616373158,0.8843324942479076,0.70468750314674,21.0,0.2868426442146301,31.0,0.2222811430692672,31.0,scarf,internal_stratified_val,50.0,paper_faithful_core,SCARF,"{<=50K:378,>50K:122}","{<=50K:7431,>50K:2338}","{<=50K:29724,>50K:9349}","{<=50K:29346,>50K:9227}","{<=50K:76,>50K:24}"
2026-07-07T20:58:04.369542+00:00,adult,1590,scarf,2,50,39023,40,10,9769,2,14,108,,,,,,,,,,,,,,,stratified_labeled_val,2,True,14,36,295.7523,success,,0.7870815846043607,0.6872370087669404,0.6948366706855464,0.4709876971160284,0.7936612500818767,0.5589699062422265,21.0,0.3871947228908539,31.0,0.0721770897507667,31.0,scarf,internal_stratified_val,50.0,paper_faithful_core,SCARF,"{<=50K:36,>50K:14}","{<=50K:7431,>50K:2338}","{<=50K:29724,>50K:9349}","{<=50K:29688,>50K:9335}","{<=50K:7,>50K:3}"
2026-07-07T21:03:00.136735+00:00,adult,1590,scarf,2,100,38973,80,20,9769,2,14,108,,,,,,,,,,,,,,,stratified_labeled_val,2,True,27,73,303.9101,success,,0.8257754120176067,0.7441840466940852,0.75236160591943,0.4815629228190375,0.8656006517445528,0.6730820598792088,34.0,0.2552558779716491,44.0,0.0289967488497495,44.0,scarf,internal_stratified_val,50.0,paper_faithful_core,SCARF,"{<=50K:73,>50K:27}","{<=50K:7431,>50K:2338}","{<=50K:29724,>50K:9349}","{<=50K:29651,>50K:9322}","{<=50K:15,>50K:5}"
2026-07-07T21:08:04.061782+00:00,adult,1590,scarf,2,250,38823,200,50,9769,2,14,108,,,,,,,,,,,,,,,stratified_labeled_val,2,True,62,188,241.1687,success,,0.8203500870099294,0.6935681955196822,0.716753553265641,0.379267064171757,0.8646823084898891,0.6458680676653126,25.0,0.3780912756919861,35.0,0.2807172238826751,35.0,scarf,internal_stratified_val,50.0,paper_faithful_core,SCARF,"{<=50K:188,>50K:62}","{<=50K:7431,>50K:2338}","{<=50K:29724,>50K:9349}","{<=50K:29536,>50K:9287}","{<=50K:38,>50K:12}"
2026-07-07T21:12:05.243814+00:00,adult,1590,scarf,2,500,38573,400,100,9769,2,14,108,,,,,,,,,,,,,,,stratified_labeled_val,2,True,122,378,245.162,success,,0.8349882280683796,0.7600601035658656,0.7670735786804043,0.3612251324996567,0.8858866844429832,0.7042973849900593,23.0,0.3581897318363189,33.0,0.1977041661739349,33.0,scarf,internal_stratified_val,50.0,paper_faithful_core,SCARF,"{<=50K:378,>50K:122}","{<=50K:7431,>50K:2338}","{<=50K:29724,>50K:9349}","{<=50K:29346,>50K:9227}","{<=50K:76,>50K:24}"
2026-07-07T21:16:10.422053+00:00,adult,1590,vime,0,50,39023,40,10,9769,2,14,108,,,,,,,,,,,,,,,stratified_labeled_val,2,True,14,36,501.6615,success,,0.8042788412324701,0.7145173865890688,0.7217187283970041,0.5388612130897399,0.8453751704158441,0.6186506668113769,31.0,0.165099412202835,41.0,0.0252242404967546,41.0,vime,internal_stratified_val,50.0,paper_faithful_core,VIME,"{<=50K:36,>50K:14}","{<=50K:7431,>50K:2338}","{<=50K:29724,>50K:9349}","{<=50K:29688,>50K:9335}","{<=50K:7,>50K:3}"
2026-07-07T21:24:32.101945+00:00,adult,1590,vime,0,100,38973,80,20,9769,2,14,108,,,,,,,,,,,,,,,stratified_labeled_val,2,True,27,73,536.8458,success,,0.8213737332377931,0.7367470204063872,0.7453371695954698,0.6129296193230553,0.8661963517454393,0.6747641691261977,45.0,0.0566643811762332,55.0,0.0438197404146194,55.0,vime,internal_stratified_val,50.0,paper_faithful_core,VIME,"{<=50K:73,>50K:27}","{<=50K:7431,>50K:2338}","{<=50K:29724,>50K:9349}","{<=50K:29651,>50K:9322}","{<=50K:15,>50K:5}"
2026-07-07T21:33:28.964335+00:00,adult,1590,vime,0,250,38823,200,50,9769,2,14,108,,,,,,,,,,,,,,,stratified_labeled_val,2,True,62,188,596.495,success,,0.8088852492578564,0.7458336973898101,0.7417817016052888,0.4165020792451783,0.858750979498987,0.6569851927419863,30.0,0.2981138527393341,40.0,0.1966392397880554,40.0,vime,internal_stratified_val,50.0,paper_faithful_core,VIME,"{<=50K:188,>50K:62}","{<=50K:7431,>50K:2338}","{<=50K:29724,>50K:9349}","{<=50K:29536,>50K:9287}","{<=50K:38,>50K:12}"
2026-07-07T21:43:25.470940+00:00,adult,1590,vime,0,500,38573,400,100,9769,2,14,108,,,,,,,,,,,,,,,stratified_labeled_val,2,True,122,378,594.0788,success,,0.8332480294810114,0.7401549919366527,0.755283633120616,0.3682753119419319,0.8784218286997145,0.6974705174787378,17.0,0.3664632439613342,27.0,0.2983260974287987,27.0,vime,internal_stratified_val,50.0,paper_faithful_core,VIME,"{<=50K:378,>50K:122}","{<=50K:7431,>50K:2338}","{<=50K:29724,>50K:9349}","{<=50K:29346,>50K:9227}","{<=50K:76,>50K:24}"
2026-07-07T21:53:19.562018+00:00,adult,1590,vime,1,50,39023,40,10,9769,2,14,108,,,,,,,,,,,,,,,stratified_labeled_val,2,True,14,36,596.4975,success,,0.8180980653086294,0.7369390350160743,0.7432719123237155,0.4164690567796795,0.8528080237241649,0.6552313264507026,26.0,0.251529335975647,36.0,0.0440338365733623,36.0,vime,internal_stratified_val,50.0,paper_faithful_core,VIME,"{<=50K:36,>50K:14}","{<=50K:7431,>50K:2338}","{<=50K:29724,>50K:9349}","{<=50K:29688,>50K:9335}","{<=50K:7,>50K:3}"
2026-07-07T22:03:16.070211+00:00,adult,1590,vime,1,100,38973,80,20,9769,2,14,108,,,,,,,,,,,,,,,stratified_labeled_val,2,True,27,73,489.8454,success,,0.8034599242501791,0.6104990549496774,0.6264225098697938,0.4493564842274649,0.8038107993022549,0.6150701557730279,13.0,0.5134109854698181,23.0,0.2735981941223144,23.0,vime,internal_stratified_val,50.0,paper_faithful_core,VIME,"{<=50K:73,>50K:27}","{<=50K:7431,>50K:2338}","{<=50K:29724,>50K:9349}","{<=50K:29651,>50K:9322}","{<=50K:15,>50K:5}"
2026-07-07T22:11:25.932620+00:00,adult,1590,vime,1,250,38823,200,50,9769,2,14,108,,,,,,,,,,,,,,,stratified_labeled_val,2,True,62,188,506.7481,success,,0.8331456648582249,0.7135581193573405,0.7386069961628252,0.354814617320651,0.8850358571167256,0.7131972630668969,26.0,0.3142304122447967,36.0,0.2900648713111877,36.0,vime,internal_stratified_val,50.0,paper_faithful_core,VIME,"{<=50K:188,>50K:62}","{<=50K:7431,>50K:2338}","{<=50K:29724,>50K:9349}","{<=50K:29536,>50K:9287}","{<=50K:38,>50K:12}"
2026-07-07T22:19:52.698389+00:00,adult,1590,vime,1,500,38573,400,100,9769,2,14,108,,,,,,,,,,,,,,,stratified_labeled_val,2,True,122,378,559.2358,success,,0.8349882280683796,0.7525849161012423,0.7632691469093658,0.3540568032255403,0.8850046029401488,0.7136064447887702,17.0,0.2845059037208557,27.0,0.2727040946483612,27.0,vime,internal_stratified_val,50.0,paper_faithful_core,VIME,"{<=50K:378,>50K:122}","{<=50K:7431,>50K:2338}","{<=50K:29724,>50K:9349}","{<=50K:29346,>50K:9227}","{<=50K:76,>50K:24}"
2026-07-07T22:29:11.948160+00:00,adult,1590,vime,2,50,39023,40,10,9769,2,14,108,,,,,,,,,,,,,,,stratified_labeled_val,2,True,14,36,655.2937,success,,0.8109325417135838,0.6878176284837327,0.7074555077924098,0.4502397824252119,0.7957781017928386,0.619172602992396,17.0,0.3187749087810516,27.0,0.0852182358503341,27.0,vime,internal_stratified_val,50.0,paper_faithful_core,VIME,"{<=50K:36,>50K:14}","{<=50K:7431,>50K:2338}","{<=50K:29724,>50K:9349}","{<=50K:29688,>50K:9335}","{<=50K:7,>50K:3}"
2026-07-07T22:40:07.253418+00:00,adult,1590,vime,2,100,38973,80,20,9769,2,14,108,,,,,,,,,,,,,,,stratified_labeled_val,2,True,27,73,591.7629,success,,0.8252635889036749,0.7397435937283976,0.7496010636360992,0.4373908314516431,0.8693204743405514,0.6860305697130088,25.0,0.2340954542160034,35.0,0.071880355477333,35.0,vime,internal_stratified_val,50.0,paper_faithful_core,VIME,"{<=50K:73,>50K:27}","{<=50K:7431,>50K:2338}","{<=50K:29724,>50K:9349}","{<=50K:29651,>50K:9322}","{<=50K:15,>50K:5}"
2026-07-07T22:49:59.028154+00:00,adult,1590,vime,2,250,38823,200,50,9769,2,14,108,,,,,,,,,,,,,,,stratified_labeled_val,2,True,62,188,626.4329,success,,0.8271061521138294,0.709295118742272,0.7319755778341407,0.3700142495436971,0.8683645454923246,0.689867076399801,23.0,0.3578037321567535,33.0,0.3025206327438354,33.0,vime,internal_stratified_val,50.0,paper_faithful_core,VIME,"{<=50K:188,>50K:62}","{<=50K:7431,>50K:2338}","{<=50K:29724,>50K:9349}","{<=50K:29536,>50K:9287}","{<=50K:38,>50K:12}"
2026-07-07T23:00:25.478283+00:00,adult,1590,vime,2,500,38573,400,100,9769,2,14,108,,,,,,,,,,,,,,,stratified_labeled_val,2,True,122,378,657.1724,success,,0.8438939502507933,0.7593182053909369,0.7732774494085344,0.3369036305953785,0.8965350342051925,0.7295018662104443,23.0,0.3234559595584869,33.0,0.2473701983690261,33.0,vime,internal_stratified_val,50.0,paper_faithful_core,VIME,"{<=50K:378,>50K:122}","{<=50K:7431,>50K:2338}","{<=50K:29724,>50K:9349}","{<=50K:29346,>50K:9227}","{<=50K:76,>50K:24}"
2026-07-07T23:12:07.952591+00:00,jannis,41168,logistic_regression,0,50,66936,40,10,16747,4,54,54,,,,,,,,,,,,,,,stratified_labeled_val,4,True,4,20,0.8458,success,,0.47315937182779,0.3589112665432498,0.3568748764638473,1.7137207984924316,0.6594309601841399,,,,,,,,,,,,"{0:4,1:16,2:10,3:20}","{0:337,1:5758,2:2947,3:7705}","{0:1350,1:23032,2:11787,3:30817}","{0:1346,1:23016,2:11777,3:30797}","{0:1,1:3,2:2,3:4}"
2026-07-07T23:12:08.807372+00:00,jannis,41168,logistic_regression,0,100,66886,80,20,16747,4,54,54,,,,,,,,,,,,,,,stratified_labeled_val,4,True,7,42,0.8074,success,,0.4729802352660178,0.3819201959219026,0.3685448382053319,1.9368774890899656,0.6699301902542899,,,,,,,,,,,,"{0:7,1:32,2:19,3:42}","{0:337,1:5758,2:2947,3:7705}","{0:1350,1:23032,2:11787,3:30817}","{0:1343,1:23000,2:11768,3:30775}","{0:2,1:6,2:4,3:8}"
2026-07-07T23:12:09.623758+00:00,jannis,41168,logistic_regression,0,250,66736,200,50,16747,4,54,54,,,,,,,,,,,,,,,stratified_labeled_val,4,True,10,111,0.9298,success,,0.4948348958022332,0.3866381034066013,0.3776424202714236,1.504638433456421,0.6708667764967947,,,,,,,,,,,,"{0:10,1:84,2:45,3:111}","{0:337,1:5758,2:2947,3:7705}","{0:1350,1:23032,2:11787,3:30817}","{0:1340,1:22948,2:11742,3:30706}","{0:2,1:17,2:9,3:22}"
2026-07-07T23:12:10.568240+00:00,jannis,41168,logistic_regression,0,500,66486,400,100,16747,4,54,54,,,,,,,,,,,,,,,stratified_labeled_val,4,True,15,226,1.4684,success,,0.5819549770108079,0.4285353004569625,0.4300848541738491,1.0099124908447266,0.7350565367184001,,,,,,,,,,,,"{0:15,1:170,2:89,3:226}","{0:337,1:5758,2:2947,3:7705}","{0:1350,1:23032,2:11787,3:30817}","{0:1335,1:22862,2:11698,3:30591}","{0:3,1:34,2:18,3:45}"
2026-07-07T23:12:12.050545+00:00,jannis,41168,logistic_regression,1,50,66936,40,10,16747,4,54,54,,,,,,,,,,,,,,,stratified_labeled_val,4,True,4,20,1.286,success,,0.4668298799785036,0.3288070006196826,0.3328453033306698,1.6607515811920166,0.6345476208739418,,,,,,,,,,,,"{0:4,1:16,2:10,3:20}","{0:337,1:5758,2:2947,3:7705}","{0:1350,1:23032,2:11787,3:30817}","{0:1346,1:23016,2:11777,3:30797}","{0:1,1:3,2:2,3:4}"
2026-07-07T23:12:13.346243+00:00,jannis,41168,logistic_regression,1,100,66886,80,20,16747,4,54,54,,,,,,,,,,,,,,,stratified_labeled_val,4,True,7,42,1.2509,success,,0.4638442706156326,0.3613617570369153,0.3494604082912074,1.8748353719711304,0.6291603523409728,,,,,,,,,,,,"{0:7,1:32,2:19,3:42}","{0:337,1:5758,2:2947,3:7705}","{0:1350,1:23032,2:11787,3:30817}","{0:1343,1:23000,2:11768,3:30775}","{0:2,1:6,2:4,3:8}"
2026-07-07T23:12:14.608702+00:00,jannis,41168,logistic_regression,1,250,66736,200,50,16747,4,54,54,,,,,,,,,,,,,,,stratified_labeled_val,4,True,10,111,1.2026,success,,0.4824744730399474,0.3560399561852336,0.3543643199683998,1.7032462358474731,0.642850529186485,,,,,,,,,,,,"{0:10,1:84,2:45,3:111}","{0:337,1:5758,2:2947,3:7705}","{0:1350,1:23032,2:11787,3:30817}","{0:1340,1:22948,2:11742,3:30706}","{0:2,1:17,2:9,3:22}"
2026-07-07T23:12:15.823451+00:00,jannis,41168,logistic_regression,1,500,66486,400,100,16747,4,54,54,,,,,,,,,,,,,,,stratified_labeled_val,4,True,15,226,1.2572,success,,0.5517406102585538,0.4026424967883056,0.4035175588167348,1.129861831665039,0.7063990703939996,,,,,,,,,,,,"{0:15,1:170,2:89,3:226}","{0:337,1:5758,2:2947,3:7705}","{0:1350,1:23032,2:11787,3:30817}","{0:1335,1:22862,2:11698,3:30591}","{0:3,1:34,2:18,3:45}"
2026-07-07T23:12:17.089159+00:00,jannis,41168,logistic_regression,2,50,66936,40,10,16747,4,54,54,,,,,,,,,,,,,,,stratified_labeled_val,4,True,4,20,1.1262,success,,0.4662327581059294,0.3263966547857165,0.3285288149537858,1.937388777732849,0.5967486722174672,,,,,,,,,,,,"{0:4,1:16,2:10,3:20}","{0:337,1:5758,2:2947,3:7705}","{0:1350,1:23032,2:11787,3:30817}","{0:1346,1:23016,2:11777,3:30797}","{0:1,1:3,2:2,3:4}"
2026-07-07T23:12:18.226270+00:00,jannis,41168,logistic_regression,2,100,66886,80,20,16747,4,54,54,,,,,,,,,,,,,,,stratified_labeled_val,4,True,7,42,1.3165,success,,0.4589478712605243,0.3438612556547282,0.3414356815766247,2.233877658843994,0.6314313991611336,,,,,,,,,,,,"{0:7,1:32,2:19,3:42}","{0:337,1:5758,2:2947,3:7705}","{0:1350,1:23032,2:11787,3:30817}","{0:1343,1:23000,2:11768,3:30775}","{0:2,1:6,2:4,3:8}"
2026-07-07T23:12:19.554556+00:00,jannis,41168,logistic_regression,2,250,66736,200,50,16747,4,54,54,,,,,,,,,,,,,,,stratified_labeled_val,4,True,10,111,1.2949,success,,0.5165104197766764,0.3750666437331812,0.3761630077526266,1.6372458934783936,0.6591323927701,,,,,,,,,,,,"{0:10,1:84,2:45,3:111}","{0:337,1:5758,2:2947,3:7705}","{0:1350,1:23032,2:11787,3:30817}","{0:1340,1:22948,2:11742,3:30706}","{0:2,1:17,2:9,3:22}"
2026-07-07T23:12:20.862713+00:00,jannis,41168,logistic_regression,2,500,66486,400,100,16747,4,54,54,,,,,,,,,,,,,,,stratified_labeled_val,4,True,15,226,0.9472,success,,0.534961485639219,0.3939485996772861,0.3962645388651665,1.138125777244568,0.7065915497552662,,,,,,,,,,,,"{0:15,1:170,2:89,3:226}","{0:337,1:5758,2:2947,3:7705}","{0:1350,1:23032,2:11787,3:30817}","{0:1335,1:22862,2:11698,3:30591}","{0:3,1:34,2:18,3:45}"
2026-07-07T23:12:21.817848+00:00,jannis,41168,random_forest,0,50,66936,40,10,16747,4,54,54,,,,,,,,,,,,,,,stratified_labeled_val,4,True,4,20,1.8407,success,,0.5191377560160029,0.3327687944106989,0.3207296504099501,1.066888348218665,0.7023272080894191,,,,,,,,,,,,"{0:4,1:16,2:10,3:20}","{0:337,1:5758,2:2947,3:7705}","{0:1350,1:23032,2:11787,3:30817}","{0:1346,1:23016,2:11777,3:30797}","{0:1,1:3,2:2,3:4}"
2026-07-07T23:12:23.665723+00:00,jannis,41168,random_forest,0,100,66886,80,20,16747,4,54,54,,,,,,,,,,,,,,,stratified_labeled_val,4,True,7,42,2.1016,success,,0.5606377261599093,0.393095635556029,0.3896754357478814,0.9945106415833028,0.7176800859533214,,,,,,,,,,,,"{0:7,1:32,2:19,3:42}","{0:337,1:5758,2:2947,3:7705}","{0:1350,1:23032,2:11787,3:30817}","{0:1343,1:23000,2:11768,3:30775}","{0:2,1:6,2:4,3:8}"
2026-07-07T23:12:25.782824+00:00,jannis,41168,random_forest,0,250,66736,200,50,16747,4,54,54,,,,,,,,,,,,,,,stratified_labeled_val,4,True,10,111,2.2517,success,,0.5985549650683705,0.4159065994718293,0.420884861569188,0.93061934509353,0.7510551016938427,,,,,,,,,,,,"{0:10,1:84,2:45,3:111}","{0:337,1:5758,2:2947,3:7705}","{0:1350,1:23032,2:11787,3:30817}","{0:1340,1:22948,2:11742,3:30706}","{0:2,1:17,2:9,3:22}"
2026-07-07T23:12:28.043800+00:00,jannis,41168,random_forest,0,500,66486,400,100,16747,4,54,54,,,,,,,,,,,,,,,stratified_labeled_val,4,True,15,226,1.8849,success,,0.6168268943691407,0.4262665459755635,0.4317993403809944,0.8891034573302113,0.7662888313955153,,,,,,,,,,,,"{0:15,1:170,2:89,3:226}","{0:337,1:5758,2:2947,3:7705}","{0:1350,1:23032,2:11787,3:30817}","{0:1335,1:22862,2:11698,3:30591}","{0:3,1:34,2:18,3:45}"
2026-07-07T23:12:29.940788+00:00,jannis,41168,random_forest,1,50,66936,40,10,16747,4,54,54,,,,,,,,,,,,,,,stratified_labeled_val,4,True,4,20,2.3727,success,,0.5433211918552576,0.3604456892474512,0.3543483143078512,1.036109940917215,0.6924384500001883,,,,,,,,,,,,"{0:4,1:16,2:10,3:20}","{0:337,1:5758,2:2947,3:7705}","{0:1350,1:23032,2:11787,3:30817}","{0:1346,1:23016,2:11777,3:30797}","{0:1,1:3,2:2,3:4}"
2026-07-07T23:12:32.327475+00:00,jannis,41168,random_forest,1,100,66886,80,20,16747,4,54,54,,,,,,,,,,,,,,,stratified_labeled_val,4,True,7,42,2.1049,success,,0.5682211739416014,0.3866830542622909,0.3870818834822817,0.9919436177251506,0.7213856068665123,,,,,,,,,,,,"{0:7,1:32,2:19,3:42}","{0:337,1:5758,2:2947,3:7705}","{0:1350,1:23032,2:11787,3:30817}","{0:1343,1:23000,2:11768,3:30775}","{0:2,1:6,2:4,3:8}"
2026-07-07T23:12:34.442096+00:00,jannis,41168,random_forest,1,250,66736,200,50,16747,4,54,54,,,,,,,,,,,,,,,stratified_labeled_val,4,True,10,111,2.6914,success,,0.5988535260046576,0.422026519135944,0.4262487631656258,0.937771195181958,0.7440751894732309,,,,,,,,,,,,"{0:10,1:84,2:45,3:111}","{0:337,1:5758,2:2947,3:7705}","{0:1350,1:23032,2:11787,3:30817}","{0:1340,1:22948,2:11742,3:30706}","{0:2,1:17,2:9,3:22}"
2026-07-07T23:12:37.143568+00:00,jannis,41168,random_forest,1,500,66486,400,100,16747,4,54,54,,,,,,,,,,,,,,,stratified_labeled_val,4,True,15,226,2.8075,success,,0.6217830059115066,0.4308515115527573,0.4368535789212511,0.8960258039735085,0.7642820704875745,,,,,,,,,,,,"{0:15,1:170,2:89,3:226}","{0:337,1:5758,2:2947,3:7705}","{0:1350,1:23032,2:11787,3:30817}","{0:1335,1:22862,2:11698,3:30591}","{0:3,1:34,2:18,3:45}"
2026-07-07T23:12:39.961437+00:00,jannis,41168,random_forest,2,50,66936,40,10,16747,4,54,54,,,,,,,,,,,,,,,stratified_labeled_val,4,True,4,20,2.6501,success,,0.533408968770526,0.3579037890438212,0.3621003946241586,1.0733152355843276,0.638078658160805,,,,,,,,,,,,"{0:4,1:16,2:10,3:20}","{0:337,1:5758,2:2947,3:7705}","{0:1350,1:23032,2:11787,3:30817}","{0:1346,1:23016,2:11777,3:30797}","{0:1,1:3,2:2,3:4}"
2026-07-07T23:12:42.626686+00:00,jannis,41168,random_forest,2,100,66886,80,20,16747,4,54,54,,,,,,,,,,,,,,,stratified_labeled_val,4,True,7,42,2.6815,success,,0.5644593061443841,0.3883060296557484,0.3910311105445092,1.0155012543562902,0.69159578813562,,,,,,,,,,,,"{0:7,1:32,2:19,3:42}","{0:337,1:5758,2:2947,3:7705}","{0:1350,1:23032,2:11787,3:30817}","{0:1343,1:23000,2:11768,3:30775}","{0:2,1:6,2:4,3:8}"
2026-07-07T23:12:45.319581+00:00,jannis,41168,random_forest,2,250,66736,200,50,16747,4,54,54,,,,,,,,,,,,,,,stratified_labeled_val,4,True,10,111,2.7036,success,,0.6163491968710814,0.4274195125582318,0.4333652320996431,0.9159521599758996,0.7358462254128992,,,,,,,,,,,,"{0:10,1:84,2:45,3:111}","{0:337,1:5758,2:2947,3:7705}","{0:1350,1:23032,2:11787,3:30817}","{0:1340,1:22948,2:11742,3:30706}","{0:2,1:17,2:9,3:22}"
2026-07-07T23:12:48.035113+00:00,jannis,41168,random_forest,2,500,66486,400,100,16747,4,54,54,,,,,,,,,,,,,,,stratified_labeled_val,4,True,15,226,2.7041,success,,0.6230966740311698,0.4316326603393066,0.4386124319363782,0.895558223754238,0.7699812869337351,,,,,,,,,,,,"{0:15,1:170,2:89,3:226}","{0:337,1:5758,2:2947,3:7705}","{0:1350,1:23032,2:11787,3:30817}","{0:1335,1:22862,2:11698,3:30591}","{0:3,1:34,2:18,3:45}"
2026-07-07T23:12:50.756004+00:00,jannis,41168,xgboost,0,50,66936,40,10,16747,4,54,54,,,,,,,,,,,,,,,stratified_labeled_val,4,True,4,20,3.8544,success,,0.4773989371230668,0.3364279302379265,0.3382648711884957,1.3412312269210815,0.6492717732726538,,,,,,,,,,,,"{0:4,1:16,2:10,3:20}","{0:337,1:5758,2:2947,3:7705}","{0:1350,1:23032,2:11787,3:30817}","{0:1346,1:23016,2:11777,3:30797}","{0:1,1:3,2:2,3:4}"
2026-07-07T23:12:54.629677+00:00,jannis,41168,xgboost,0,100,66886,80,20,16747,4,54,54,,,,,,,,,,,,,,,stratified_labeled_val,4,True,7,42,3.8975,success,,0.5440377381023467,0.3911798382640732,0.3883374352007886,1.1630975008010864,0.7060390583232584,,,,,,,,,,,,"{0:7,1:32,2:19,3:42}","{0:337,1:5758,2:2947,3:7705}","{0:1350,1:23032,2:11787,3:30817}","{0:1343,1:23000,2:11768,3:30775}","{0:2,1:6,2:4,3:8}"
2026-07-07T23:12:58.544464+00:00,jannis,41168,xgboost,0,250,66736,200,50,16747,4,54,54,,,,,,,,,,,,,,,stratified_labeled_val,4,True,10,111,6.2581,success,,0.5746700901654027,0.4163218980708728,0.4131511078665076,1.097881317138672,0.729420596944039,,,,,,,,,,,,"{0:10,1:84,2:45,3:111}","{0:337,1:5758,2:2947,3:7705}","{0:1350,1:23032,2:11787,3:30817}","{0:1340,1:22948,2:11742,3:30706}","{0:2,1:17,2:9,3:22}"
2026-07-07T23:13:04.813914+00:00,jannis,41168,xgboost,0,500,66486,400,100,16747,4,54,54,,,,,,,,,,,,,,,stratified_labeled_val,4,True,15,226,9.2577,success,,0.6133635875082104,0.4407951807446823,0.4411701606988778,1.0225813388824463,0.7613515560759662,,,,,,,,,,,,"{0:15,1:170,2:89,3:226}","{0:337,1:5758,2:2947,3:7705}","{0:1350,1:23032,2:11787,3:30817}","{0:1335,1:22862,2:11698,3:30591}","{0:3,1:34,2:18,3:45}"
2026-07-07T23:13:14.089448+00:00,jannis,41168,xgboost,1,50,66936,40,10,16747,4,54,54,,,,,,,,,,,,,,,stratified_labeled_val,4,True,4,20,3.0778,success,,0.5095240938675584,0.3651715412176354,0.3616395515070588,1.228813409805298,0.6637277107308056,,,,,,,,,,,,"{0:4,1:16,2:10,3:20}","{0:337,1:5758,2:2947,3:7705}","{0:1350,1:23032,2:11787,3:30817}","{0:1346,1:23016,2:11777,3:30797}","{0:1,1:3,2:2,3:4}"
2026-07-07T23:13:17.178229+00:00,jannis,41168,xgboost,1,100,66886,80,20,16747,4,54,54,,,,,,,,,,,,,,,stratified_labeled_val,4,True,7,42,4.4145,success,,0.5231981847495074,0.3827102132592642,0.3802485013300068,1.1997342109680176,0.6827440018677158,,,,,,,,,,,,"{0:7,1:32,2:19,3:42}","{0:337,1:5758,2:2947,3:7705}","{0:1350,1:23032,2:11787,3:30817}","{0:1343,1:23000,2:11768,3:30775}","{0:2,1:6,2:4,3:8}"
2026-07-07T23:13:21.612351+00:00,jannis,41168,xgboost,1,250,66736,200,50,16747,4,54,54,,,,,,,,,,,,,,,stratified_labeled_val,4,True,10,111,6.3983,success,,0.5742521048546009,0.4116530806729557,0.412632678634997,1.1455365419387815,0.730387677500532,,,,,,,,,,,,"{0:10,1:84,2:45,3:111}","{0:337,1:5758,2:2947,3:7705}","{0:1350,1:23032,2:11787,3:30817}","{0:1340,1:22948,2:11742,3:30706}","{0:2,1:17,2:9,3:22}"
2026-07-07T23:13:28.030116+00:00,jannis,41168,xgboost,1,500,66486,400,100,16747,4,54,54,,,,,,,,,,,,,,,stratified_labeled_val,4,True,15,226,9.1613,success,,0.6115722218904879,0.4333023512083422,0.4356641842995861,1.0682008266448977,0.7615865140625595,,,,,,,,,,,,"{0:15,1:170,2:89,3:226}","{0:337,1:5758,2:2947,3:7705}","{0:1350,1:23032,2:11787,3:30817}","{0:1335,1:22862,2:11698,3:30591}","{0:3,1:34,2:18,3:45}"
2026-07-07T23:13:37.203158+00:00,jannis,41168,xgboost,2,50,66936,40,10,16747,4,54,54,,,,,,,,,,,,,,,stratified_labeled_val,4,True,4,20,2.115,success,,0.5313787544037738,0.3698871315138357,0.3744356192019203,1.3352172374725342,0.6233171628233536,,,,,,,,,,,,"{0:4,1:16,2:10,3:20}","{0:337,1:5758,2:2947,3:7705}","{0:1350,1:23032,2:11787,3:30817}","{0:1346,1:23016,2:11777,3:30797}","{0:1,1:3,2:2,3:4}"
2026-07-07T23:13:39.331930+00:00,jannis,41168,xgboost,2,100,66886,80,20,16747,4,54,54,,,,,,,,,,,,,,,stratified_labeled_val,4,True,7,42,4.4189,success,,0.527855735355586,0.3711631917620485,0.3758210960507016,1.2791651487350464,0.6663476358305216,,,,,,,,,,,,"{0:7,1:32,2:19,3:42}","{0:337,1:5758,2:2947,3:7705}","{0:1350,1:23032,2:11787,3:30817}","{0:1343,1:23000,2:11768,3:30775}","{0:2,1:6,2:4,3:8}"
2026-07-07T23:13:43.769962+00:00,jannis,41168,xgboost,2,250,66736,200,50,16747,4,54,54,,,,,,,,,,,,,,,stratified_labeled_val,4,True,10,111,6.5547,success,,0.5980772675703111,0.4248244148825619,0.4297315491465112,1.1251850128173828,0.733458968475048,,,,,,,,,,,,"{0:10,1:84,2:45,3:111}","{0:337,1:5758,2:2947,3:7705}","{0:1350,1:23032,2:11787,3:30817}","{0:1340,1:22948,2:11742,3:30706}","{0:2,1:17,2:9,3:22}"
2026-07-07T23:13:50.344886+00:00,jannis,41168,xgboost,2,500,66486,400,100,16747,4,54,54,,,,,,,,,,,,,,,stratified_labeled_val,4,True,15,226,9.4283,success,,0.605601003164746,0.4303090737182309,0.4343528794375154,1.0577577352523804,0.7562820398412314,,,,,,,,,,,,"{0:15,1:170,2:89,3:226}","{0:337,1:5758,2:2947,3:7705}","{0:1350,1:23032,2:11787,3:30817}","{0:1335,1:22862,2:11698,3:30591}","{0:3,1:34,2:18,3:45}"
2026-07-07T23:13:59.793584+00:00,jannis,41168,lightgbm,0,50,66936,40,10,16747,4,54,54,,,,,,,,,,,,,,,stratified_labeled_val,4,True,4,20,3.7229,success,,0.4076551024064011,0.2599358337060276,0.2462064268174048,1.3014186109573915,0.5130818053787228,,,,,,,,,,,,"{0:4,1:16,2:10,3:20}","{0:337,1:5758,2:2947,3:7705}","{0:1350,1:23032,2:11787,3:30817}","{0:1346,1:23016,2:11777,3:30797}","{0:1,1:3,2:2,3:4}"
2026-07-07T23:14:03.529604+00:00,jannis,41168,lightgbm,0,100,66886,80,20,16747,4,54,54,,,,,,,,,,,,,,,stratified_labeled_val,4,True,7,42,3.8246,success,,0.5058219382575984,0.367646463323015,0.3648358615023439,2.034004143687448,0.6675280035865261,,,,,,,,,,,,"{0:7,1:32,2:19,3:42}","{0:337,1:5758,2:2947,3:7705}","{0:1350,1:23032,2:11787,3:30817}","{0:1343,1:23000,2:11768,3:30775}","{0:2,1:6,2:4,3:8}"
2026-07-07T23:14:07.366658+00:00,jannis,41168,lightgbm,0,250,66736,200,50,16747,4,54,54,,,,,,,,,,,,,,,stratified_labeled_val,4,True,10,111,5.9118,success,,0.5617722577178001,0.4103883113670018,0.408148454481917,1.9813915780163207,0.7188449037880504,,,,,,,,,,,,"{0:10,1:84,2:45,3:111}","{0:337,1:5758,2:2947,3:7705}","{0:1350,1:23032,2:11787,3:30817}","{0:1340,1:22948,2:11742,3:30706}","{0:2,1:17,2:9,3:22}"
2026-07-07T23:14:13.290092+00:00,jannis,41168,lightgbm,0,500,66486,400,100,16747,4,54,54,,,,,,,,,,,,,,,stratified_labeled_val,4,True,15,226,8.4219,success,,0.5962859019525886,0.4353832873345247,0.4366283051237479,1.8724967573232751,0.7487301338560635,,,,,,,,,,,,"{0:15,1:170,2:89,3:226}","{0:337,1:5758,2:2947,3:7705}","{0:1350,1:23032,2:11787,3:30817}","{0:1335,1:22862,2:11698,3:30591}","{0:3,1:34,2:18,3:45}"
2026-07-07T23:14:21.728839+00:00,jannis,41168,lightgbm,1,50,66936,40,10,16747,4,54,54,,,,,,,,,,,,,,,stratified_labeled_val,4,True,4,20,2.4112,success,,0.4048486296053024,0.2940171228599979,0.2890979599070848,1.241364618176775,0.5857450756735936,,,,,,,,,,,,"{0:4,1:16,2:10,3:20}","{0:337,1:5758,2:2947,3:7705}","{0:1350,1:23032,2:11787,3:30817}","{0:1346,1:23016,2:11777,3:30797}","{0:1,1:3,2:2,3:4}"
2026-07-07T23:14:24.155821+00:00,jannis,41168,lightgbm,1,100,66886,80,20,16747,4,54,54,,,,,,,,,,,,,,,stratified_labeled_val,4,True,7,42,3.3254,success,,0.4618737684361378,0.3400220266333565,0.3371555209459808,2.187246890914017,0.6120729084436146,,,,,,,,,,,,"{0:7,1:32,2:19,3:42}","{0:337,1:5758,2:2947,3:7705}","{0:1350,1:23032,2:11787,3:30817}","{0:1343,1:23000,2:11768,3:30775}","{0:2,1:6,2:4,3:8}"
2026-07-07T23:14:27.497143+00:00,jannis,41168,lightgbm,1,250,66736,200,50,16747,4,54,54,,,,,,,,,,,,,,,stratified_labeled_val,4,True,10,111,6.2493,success,,0.556338448677375,0.405564569363152,0.4086736933956936,2.203000697625875,0.7114417831206536,,,,,,,,,,,,"{0:10,1:84,2:45,3:111}","{0:337,1:5758,2:2947,3:7705}","{0:1350,1:23032,2:11787,3:30817}","{0:1340,1:22948,2:11742,3:30706}","{0:2,1:17,2:9,3:22}"
2026-07-07T23:14:33.757850+00:00,jannis,41168,lightgbm,1,500,66486,400,100,16747,4,54,54,,,,,,,,,,,,,,,stratified_labeled_val,4,True,15,226,9.5003,success,,0.5990923747536873,0.4289873485447903,0.4315955893451388,1.943999570831887,0.7538812142885163,,,,,,,,,,,,"{0:15,1:170,2:89,3:226}","{0:337,1:5758,2:2947,3:7705}","{0:1350,1:23032,2:11787,3:30817}","{0:1335,1:22862,2:11698,3:30591}","{0:3,1:34,2:18,3:45}"
2026-07-07T23:14:43.271432+00:00,jannis,41168,lightgbm,2,50,66936,40,10,16747,4,54,54,,,,,,,,,,,,,,,stratified_labeled_val,4,True,4,20,2.3236,success,,0.467307577476563,0.331021585956794,0.3369054513034595,1.256840528455352,0.5877443790957149,,,,,,,,,,,,"{0:4,1:16,2:10,3:20}","{0:337,1:5758,2:2947,3:7705}","{0:1350,1:23032,2:11787,3:30817}","{0:1346,1:23016,2:11777,3:30797}","{0:1,1:3,2:2,3:4}"
2026-07-07T23:14:45.606491+00:00,jannis,41168,lightgbm,2,100,66886,80,20,16747,4,54,54,,,,,,,,,,,,,,,stratified_labeled_val,4,True,7,42,3.5628,success,,0.5017615095240938,0.3579620662303882,0.36014360882978,2.27425299176205,0.6382194929277469,,,,,,,,,,,,"{0:7,1:32,2:19,3:42}","{0:337,1:5758,2:2947,3:7705}","{0:1350,1:23032,2:11787,3:30817}","{0:1343,1:23000,2:11768,3:30775}","{0:2,1:6,2:4,3:8}"
2026-07-07T23:14:49.183102+00:00,jannis,41168,lightgbm,2,250,66736,200,50,16747,4,54,54,,,,,,,,,,,,,,,stratified_labeled_val,4,True,10,111,6.7787,success,,0.5829103720069266,0.4169488903014252,0.4182216755785166,2.029463004931048,0.721176356493767,,,,,,,,,,,,"{0:10,1:84,2:45,3:111}","{0:337,1:5758,2:2947,3:7705}","{0:1350,1:23032,2:11787,3:30817}","{0:1340,1:22948,2:11742,3:30706}","{0:2,1:17,2:9,3:22}"
2026-07-07T23:14:55.975025+00:00,jannis,41168,lightgbm,2,500,66486,400,100,16747,4,54,54,,,,,,,,,,,,,,,stratified_labeled_val,4,True,15,226,8.9017,success,,0.5935988535260046,0.4236452258487028,0.4284852241558876,1.932024517795444,0.7456073107734293,,,,,,,,,,,,"{0:15,1:170,2:89,3:226}","{0:337,1:5758,2:2947,3:7705}","{0:1350,1:23032,2:11787,3:30817}","{0:1335,1:22862,2:11698,3:30591}","{0:3,1:34,2:18,3:45}"
2026-07-07T23:15:04.890804+00:00,jannis,41168,catboost,0,50,66936,40,10,16747,4,54,54,,,,,,,,,,,,,,,stratified_labeled_val,4,True,4,20,8.0213,success,,0.4978802173523616,0.3407425399560705,0.3406912264393479,1.1529820004117373,0.6474166116758958,,,,,,,,,,,,"{0:4,1:16,2:10,3:20}","{0:337,1:5758,2:2947,3:7705}","{0:1350,1:23032,2:11787,3:30817}","{0:1346,1:23016,2:11777,3:30797}","{0:1,1:3,2:2,3:4}"
2026-07-07T23:15:12.922779+00:00,jannis,41168,catboost,0,100,66886,80,20,16747,4,54,54,,,,,,,,,,,,,,,stratified_labeled_val,4,True,7,42,7.8986,success,,0.5701916761210963,0.4054486520011299,0.3981695154646709,0.979081636027913,0.7186559253756486,,,,,,,,,,,,"{0:7,1:32,2:19,3:42}","{0:337,1:5758,2:2947,3:7705}","{0:1350,1:23032,2:11787,3:30817}","{0:1343,1:23000,2:11768,3:30775}","{0:2,1:6,2:4,3:8}"
2026-07-07T23:15:20.836558+00:00,jannis,41168,catboost,0,250,66736,200,50,16747,4,54,54,,,,,,,,,,,,,,,stratified_labeled_val,4,True,10,111,14.0733,success,,0.5932405804024602,0.4196770353815099,0.4204362421911493,0.9184330516850818,0.738684337341288,,,,,,,,,,,,"{0:10,1:84,2:45,3:111}","{0:337,1:5758,2:2947,3:7705}","{0:1350,1:23032,2:11787,3:30817}","{0:1340,1:22948,2:11742,3:30706}","{0:2,1:17,2:9,3:22}"
2026-07-07T23:15:34.920416+00:00,jannis,41168,catboost,0,500,66486,400,100,16747,4,54,54,,,,,,,,,,,,,,,stratified_labeled_val,4,True,15,226,17.6004,success,,0.6171851674926853,0.4363462573664169,0.4371052837873284,0.8739238362878446,0.7646636643854204,,,,,,,,,,,,"{0:15,1:170,2:89,3:226}","{0:337,1:5758,2:2947,3:7705}","{0:1350,1:23032,2:11787,3:30817}","{0:1335,1:22862,2:11698,3:30591}","{0:3,1:34,2:18,3:45}"
2026-07-07T23:15:52.531850+00:00,jannis,41168,catboost,1,50,66936,40,10,16747,4,54,54,,,,,,,,,,,,,,,stratified_labeled_val,4,True,4,20,5.0496,success,,0.52684062817221,0.3591860471367738,0.3578691395365376,1.115178401149463,0.6537892439560913,,,,,,,,,,,,"{0:4,1:16,2:10,3:20}","{0:337,1:5758,2:2947,3:7705}","{0:1350,1:23032,2:11787,3:30817}","{0:1346,1:23016,2:11777,3:30797}","{0:1,1:3,2:2,3:4}"
2026-07-07T23:15:57.593418+00:00,jannis,41168,catboost,1,100,66886,80,20,16747,4,54,54,,,,,,,,,,,,,,,stratified_labeled_val,4,True,7,42,8.2131,success,,0.5510837761987222,0.3727924051094872,0.3719177528736639,0.9986599937318332,0.7042693891663612,,,,,,,,,,,,"{0:7,1:32,2:19,3:42}","{0:337,1:5758,2:2947,3:7705}","{0:1350,1:23032,2:11787,3:30817}","{0:1343,1:23000,2:11768,3:30775}","{0:2,1:6,2:4,3:8}"
2026-07-07T23:16:05.816127+00:00,jannis,41168,catboost,1,250,66736,200,50,16747,4,54,54,,,,,,,,,,,,,,,stratified_labeled_val,4,True,10,111,14.3034,success,,0.5847017376246492,0.4066322459270454,0.4080742768942111,0.9418271558228244,0.731814055681896,,,,,,,,,,,,"{0:10,1:84,2:45,3:111}","{0:337,1:5758,2:2947,3:7705}","{0:1350,1:23032,2:11787,3:30817}","{0:1340,1:22948,2:11742,3:30706}","{0:2,1:17,2:9,3:22}"
2026-07-07T23:16:20.135096+00:00,jannis,41168,catboost,1,500,66486,400,100,16747,4,54,54,,,,,,,,,,,,,,,stratified_labeled_val,4,True,15,226,17.1146,success,,0.6216635815369917,0.4327758847413466,0.4380243338304825,0.8775367338218644,0.7681634419514818,,,,,,,,,,,,"{0:15,1:170,2:89,3:226}","{0:337,1:5758,2:2947,3:7705}","{0:1350,1:23032,2:11787,3:30817}","{0:1335,1:22862,2:11698,3:30591}","{0:3,1:34,2:18,3:45}"
2026-07-07T23:16:37.259591+00:00,jannis,41168,catboost,2,50,66936,40,10,16747,4,54,54,,,,,,,,,,,,,,,stratified_labeled_val,4,True,4,20,4.6147,success,,0.536394578133397,0.3451323990156909,0.3430536200849499,1.1094984211394816,0.6345659007542317,,,,,,,,,,,,"{0:4,1:16,2:10,3:20}","{0:337,1:5758,2:2947,3:7705}","{0:1350,1:23032,2:11787,3:30817}","{0:1346,1:23016,2:11777,3:30797}","{0:1,1:3,2:2,3:4}"
2026-07-07T23:16:41.883817+00:00,jannis,41168,catboost,2,100,66886,80,20,16747,4,54,54,,,,,,,,,,,,,,,stratified_labeled_val,4,True,7,42,8.1577,success,,0.5544276586851377,0.3652684877516157,0.3664375065108856,1.0495024265370017,0.6836742009055754,,,,,,,,,,,,"{0:7,1:32,2:19,3:42}","{0:337,1:5758,2:2947,3:7705}","{0:1350,1:23032,2:11787,3:30817}","{0:1343,1:23000,2:11768,3:30775}","{0:2,1:6,2:4,3:8}"
2026-07-07T23:16:50.051833+00:00,jannis,41168,catboost,2,250,66736,200,50,16747,4,54,54,,,,,,,,,,,,,,,stratified_labeled_val,4,True,10,111,14.5603,success,,0.602913954738162,0.4155317444728016,0.4200822853229945,0.932802315140452,0.7275248824400611,,,,,,,,,,,,"{0:10,1:84,2:45,3:111}","{0:337,1:5758,2:2947,3:7705}","{0:1350,1:23032,2:11787,3:30817}","{0:1340,1:22948,2:11742,3:30706}","{0:2,1:17,2:9,3:22}"
2026-07-07T23:17:04.622533+00:00,jannis,41168,catboost,2,500,66486,400,100,16747,4,54,54,,,,,,,,,,,,,,,stratified_labeled_val,4,True,15,226,17.1797,success,,0.610736251268884,0.4257474839573994,0.4314830454591485,0.8953491569336764,0.7577200897217206,,,,,,,,,,,,"{0:15,1:170,2:89,3:226}","{0:337,1:5758,2:2947,3:7705}","{0:1350,1:23032,2:11787,3:30817}","{0:1335,1:22862,2:11698,3:30591}","{0:3,1:34,2:18,3:45}"
2026-07-07T23:17:21.813870+00:00,jannis,41168,mlp,0,50,66936,40,10,16747,4,54,54,,,,,,,,,,,,,,,stratified_labeled_val,4,True,4,20,1.268,success,,0.51388308353735,0.3261606793892775,0.3106717204258913,1.0932486057281494,0.6683870139579384,,,,,,,,,,,,"{0:4,1:16,2:10,3:20}","{0:337,1:5758,2:2947,3:7705}","{0:1350,1:23032,2:11787,3:30817}","{0:1346,1:23016,2:11777,3:30797}","{0:1,1:3,2:2,3:4}"
2026-07-07T23:17:23.093480+00:00,jannis,41168,mlp,0,100,66886,80,20,16747,4,54,54,,,,,,,,,,,,,,,stratified_labeled_val,4,True,7,42,1.2092,success,,0.3736191556696722,0.2638589654449484,0.2156471430548032,1.32072651386261,0.5284715073401227,,,,,,,,,,,,"{0:7,1:32,2:19,3:42}","{0:337,1:5758,2:2947,3:7705}","{0:1350,1:23032,2:11787,3:30817}","{0:1343,1:23000,2:11768,3:30775}","{0:2,1:6,2:4,3:8}"
2026-07-07T23:17:24.313619+00:00,jannis,41168,mlp,0,250,66736,200,50,16747,4,54,54,,,,,,,,,,,,,,,stratified_labeled_val,4,True,10,111,1.2813,success,,0.5358571684480803,0.3429465640281019,0.3320090283133539,1.0039218664169312,0.6931550087528396,,,,,,,,,,,,"{0:10,1:84,2:45,3:111}","{0:337,1:5758,2:2947,3:7705}","{0:1350,1:23032,2:11787,3:30817}","{0:1340,1:22948,2:11742,3:30706}","{0:2,1:17,2:9,3:22}"
2026-07-07T23:17:25.604165+00:00,jannis,41168,mlp,0,500,66486,400,100,16747,4,54,54,,,,,,,,,,,,,,,stratified_labeled_val,4,True,15,226,1.2774,success,,0.5384845046874067,0.3251804942488608,0.2948216539666085,1.0001206398010254,0.694436985682283,,,,,,,,,,,,"{0:15,1:170,2:89,3:226}","{0:337,1:5758,2:2947,3:7705}","{0:1350,1:23032,2:11787,3:30817}","{0:1335,1:22862,2:11698,3:30591}","{0:3,1:34,2:18,3:45}"
2026-07-07T23:17:26.891495+00:00,jannis,41168,mlp,1,50,66936,40,10,16747,4,54,54,,,,,,,,,,,,,,,stratified_labeled_val,4,True,4,20,1.1397,success,,0.4385263032184869,0.3139243413564123,0.3114367741131653,1.24087393283844,0.5896166623466585,,,,,,,,,,,,"{0:4,1:16,2:10,3:20}","{0:337,1:5758,2:2947,3:7705}","{0:1350,1:23032,2:11787,3:30817}","{0:1346,1:23016,2:11777,3:30797}","{0:1,1:3,2:2,3:4}"
2026-07-07T23:17:28.043307+00:00,jannis,41168,mlp,1,100,66886,80,20,16747,4,54,54,,,,,,,,,,,,,,,stratified_labeled_val,4,True,7,42,1.386,success,,0.5202722875738939,0.3403064264083403,0.337935665253351,1.1008554697036743,0.6565578748961649,,,,,,,,,,,,"{0:7,1:32,2:19,3:42}","{0:337,1:5758,2:2947,3:7705}","{0:1350,1:23032,2:11787,3:30817}","{0:1343,1:23000,2:11768,3:30775}","{0:2,1:6,2:4,3:8}"
2026-07-07T23:17:29.437826+00:00,jannis,41168,mlp,1,250,66736,200,50,16747,4,54,54,,,,,,,,,,,,,,,stratified_labeled_val,4,True,10,111,1.0906,success,,0.4728608108915029,0.3130497548902278,0.3099155325941495,1.1892398595809937,0.6057407392613372,,,,,,,,,,,,"{0:10,1:84,2:45,3:111}","{0:337,1:5758,2:2947,3:7705}","{0:1350,1:23032,2:11787,3:30817}","{0:1340,1:22948,2:11742,3:30706}","{0:2,1:17,2:9,3:22}"
2026-07-07T23:17:30.537254+00:00,jannis,41168,mlp,1,500,66486,400,100,16747,4,54,54,,,,,,,,,,,,,,,stratified_labeled_val,4,True,15,226,1.2393,success,,0.5359765928225951,0.32706392435541,0.3080676488231196,1.0243746042251587,0.6872615125391697,,,,,,,,,,,,"{0:15,1:170,2:89,3:226}","{0:337,1:5758,2:2947,3:7705}","{0:1350,1:23032,2:11787,3:30817}","{0:1335,1:22862,2:11698,3:30591}","{0:3,1:34,2:18,3:45}"
2026-07-07T23:17:31.785765+00:00,jannis,41168,mlp,2,50,66936,40,10,16747,4,54,54,,,,,,,,,,,,,,,stratified_labeled_val,4,True,4,20,1.0919,success,,0.4635457096793455,0.2762598967766119,0.2448529382551103,1.1987954378128052,0.5753052561405779,,,,,,,,,,,,"{0:4,1:16,2:10,3:20}","{0:337,1:5758,2:2947,3:7705}","{0:1350,1:23032,2:11787,3:30817}","{0:1346,1:23016,2:11777,3:30797}","{0:1,1:3,2:2,3:4}"
2026-07-07T23:17:32.885675+00:00,jannis,41168,mlp,2,100,66886,80,20,16747,4,54,54,,,,,,,,,,,,,,,stratified_labeled_val,4,True,7,42,1.2786,success,,0.5181823610198841,0.3333642765412673,0.3299880668653985,1.0683501958847046,0.6610675131609677,,,,,,,,,,,,"{0:7,1:32,2:19,3:42}","{0:337,1:5758,2:2947,3:7705}","{0:1350,1:23032,2:11787,3:30817}","{0:1343,1:23000,2:11768,3:30775}","{0:2,1:6,2:4,3:8}"
2026-07-07T23:17:34.173009+00:00,jannis,41168,mlp,2,250,66736,200,50,16747,4,54,54,,,,,,,,,,,,,,,stratified_labeled_val,4,True,10,111,1.477,success,,0.50277661670747,0.3112866779243127,0.2927624430674445,1.1085546016693115,0.6379041175430741,,,,,,,,,,,,"{0:10,1:84,2:45,3:111}","{0:337,1:5758,2:2947,3:7705}","{0:1350,1:23032,2:11787,3:30817}","{0:1340,1:22948,2:11742,3:30706}","{0:2,1:17,2:9,3:22}"
2026-07-07T23:17:35.660421+00:00,jannis,41168,mlp,2,500,66486,400,100,16747,4,54,54,,,,,,,,,,,,,,,stratified_labeled_val,4,True,15,226,1.2269,success,,0.5117334447960828,0.3157730962241136,0.3001275564738788,1.0737571716308594,0.6468763501232837,,,,,,,,,,,,"{0:15,1:170,2:89,3:226}","{0:337,1:5758,2:2947,3:7705}","{0:1350,1:23032,2:11787,3:30817}","{0:1335,1:22862,2:11698,3:30591}","{0:3,1:34,2:18,3:45}"
2026-07-07T23:17:36.898999+00:00,jannis,41168,label_spreading,0,50,66936,40,10,16747,4,54,54,,,,,,,,,,,7.0,0.0,20000.0,19960.0,stratified_labeled_val,4,True,4,20,13.7268,success,,0.3735594434824147,0.3625550329716506,0.3007793111608833,1.7398883015751971,0.6567680728471945,,,,,,,,,,,,"{0:4,1:16,2:10,3:20}","{0:337,1:5758,2:2947,3:7705}","{0:1350,1:23032,2:11787,3:30817}","{0:1346,1:23016,2:11777,3:30797}","{0:1,1:3,2:2,3:4}"
2026-07-07T23:17:50.638399+00:00,jannis,41168,label_spreading,0,100,66886,80,20,16747,4,54,54,,,,,,,,,,,7.0,0.0,20000.0,19920.0,stratified_labeled_val,4,True,7,42,11.0796,success,,0.3801277840807309,0.3524280914044069,0.3007498120438929,1.3965378972789249,0.6322254735560175,,,,,,,,,,,,"{0:7,1:32,2:19,3:42}","{0:337,1:5758,2:2947,3:7705}","{0:1350,1:23032,2:11787,3:30817}","{0:1343,1:23000,2:11768,3:30775}","{0:2,1:6,2:4,3:8}"
2026-07-07T23:18:01.729248+00:00,jannis,41168,label_spreading,0,250,66736,200,50,16747,4,54,54,,,,,,,,,,,7.0,0.0,20000.0,19800.0,stratified_labeled_val,4,True,10,111,10.9075,success,,0.4982982026631635,0.3530228678582393,0.3543460839611976,1.1681743203095396,0.6595527970019215,,,,,,,,,,,,"{0:10,1:84,2:45,3:111}","{0:337,1:5758,2:2947,3:7705}","{0:1350,1:23032,2:11787,3:30817}","{0:1340,1:22948,2:11742,3:30706}","{0:2,1:17,2:9,3:22}"
2026-07-07T23:18:12.650486+00:00,jannis,41168,label_spreading,0,500,66486,400,100,16747,4,54,54,,,,,,,,,,,7.0,0.0,20000.0,19600.0,stratified_labeled_val,4,True,15,226,11.5658,success,,0.4931629545590255,0.3511454319065865,0.3492570883801836,1.1221491808884043,0.6692455705021575,,,,,,,,,,,,"{0:15,1:170,2:89,3:226}","{0:337,1:5758,2:2947,3:7705}","{0:1350,1:23032,2:11787,3:30817}","{0:1335,1:22862,2:11698,3:30591}","{0:3,1:34,2:18,3:45}"
2026-07-07T23:18:24.228318+00:00,jannis,41168,label_spreading,1,50,66936,40,10,16747,4,54,54,,,,,,,,,,,15.0,1.0,20000.0,19960.0,stratified_labeled_val,4,True,4,20,15.5064,success,,0.5341852272048725,0.3359740648602401,0.3244807111825215,1.0832365218321809,0.6692815569486472,,,,,,,,,,,,"{0:4,1:16,2:10,3:20}","{0:337,1:5758,2:2947,3:7705}","{0:1350,1:23032,2:11787,3:30817}","{0:1346,1:23016,2:11777,3:30797}","{0:1,1:3,2:2,3:4}"
2026-07-07T23:18:39.743854+00:00,jannis,41168,label_spreading,1,100,66886,80,20,16747,4,54,54,,,,,,,,,,,7.0,0.0,20000.0,19920.0,stratified_labeled_val,4,True,7,42,11.3572,success,,0.4688003821579984,0.3489887873634997,0.3265338725536506,1.4649194708450752,0.6456415337794122,,,,,,,,,,,,"{0:7,1:32,2:19,3:42}","{0:337,1:5758,2:2947,3:7705}","{0:1350,1:23032,2:11787,3:30817}","{0:1343,1:23000,2:11768,3:30775}","{0:2,1:6,2:4,3:8}"
2026-07-07T23:18:51.110884+00:00,jannis,41168,label_spreading,1,250,66736,200,50,16747,4,54,54,,,,,,,,,,,7.0,0.0,20000.0,19800.0,stratified_labeled_val,4,True,10,111,11.7503,success,,0.5042097092016481,0.3607046397376721,0.3596117776815541,1.133390391277715,0.664167284533854,,,,,,,,,,,,"{0:10,1:84,2:45,3:111}","{0:337,1:5758,2:2947,3:7705}","{0:1350,1:23032,2:11787,3:30817}","{0:1340,1:22948,2:11742,3:30706}","{0:2,1:17,2:9,3:22}"
2026-07-07T23:19:02.872010+00:00,jannis,41168,label_spreading,1,500,66486,400,100,16747,4,54,54,,,,,,,,,,,7.0,0.0,20000.0,19600.0,stratified_labeled_val,4,True,15,226,10.9702,success,,0.5234370334985371,0.343664294723955,0.3398799444908623,1.1464584882937918,0.6621074907964368,,,,,,,,,,,,"{0:15,1:170,2:89,3:226}","{0:337,1:5758,2:2947,3:7705}","{0:1350,1:23032,2:11787,3:30817}","{0:1335,1:22862,2:11698,3:30591}","{0:3,1:34,2:18,3:45}"
2026-07-07T23:19:13.859816+00:00,jannis,41168,label_spreading,2,50,66936,40,10,16747,4,54,54,,,,,,,,,,,7.0,0.0,20000.0,19960.0,stratified_labeled_val,4,True,4,20,11.2592,success,,0.4812205171075416,0.3169950903465266,0.3069346150502999,1.3002857068175515,0.5850698293599943,,,,,,,,,,,,"{0:4,1:16,2:10,3:20}","{0:337,1:5758,2:2947,3:7705}","{0:1350,1:23032,2:11787,3:30817}","{0:1346,1:23016,2:11777,3:30797}","{0:1,1:3,2:2,3:4}"
2026-07-07T23:19:25.128520+00:00,jannis,41168,label_spreading,2,100,66886,80,20,16747,4,54,54,,,,,,,,,,,15.0,1.0,20000.0,19920.0,stratified_labeled_val,4,True,7,42,15.0025,success,,0.5473219084015047,0.3579133597057445,0.3526746655577116,1.0324614753333805,0.6983197664382521,,,,,,,,,,,,"{0:7,1:32,2:19,3:42}","{0:337,1:5758,2:2947,3:7705}","{0:1350,1:23032,2:11787,3:30817}","{0:1343,1:23000,2:11768,3:30775}","{0:2,1:6,2:4,3:8}"
2026-07-07T23:19:40.141215+00:00,jannis,41168,label_spreading,2,250,66736,200,50,16747,4,54,54,,,,,,,,,,,7.0,0.0,20000.0,19800.0,stratified_labeled_val,4,True,10,111,10.5762,success,,0.5385442168746641,0.3893332638315652,0.3849034814395735,1.113602002239375,0.6936045844247988,,,,,,,,,,,,"{0:10,1:84,2:45,3:111}","{0:337,1:5758,2:2947,3:7705}","{0:1350,1:23032,2:11787,3:30817}","{0:1340,1:22948,2:11742,3:30706}","{0:2,1:17,2:9,3:22}"
2026-07-07T23:19:50.728272+00:00,jannis,41168,label_spreading,2,500,66486,400,100,16747,4,54,54,,,,,,,,,,,7.0,0.0,20000.0,19600.0,stratified_labeled_val,4,True,15,226,10.8776,success,,0.5108974741744791,0.3636717320422307,0.359150878537503,1.1034692973167084,0.682554805733218,,,,,,,,,,,,"{0:15,1:170,2:89,3:226}","{0:337,1:5758,2:2947,3:7705}","{0:1350,1:23032,2:11787,3:30817}","{0:1335,1:22862,2:11698,3:30591}","{0:3,1:34,2:18,3:45}"
2026-07-07T23:20:01.615034+00:00,jannis,41168,label_propagation,0,50,66936,40,10,16747,4,54,54,,,,,,,,,,,7.0,0.0,20000.0,19960.0,stratified_labeled_val,4,True,4,20,12.2571,success,,0.4594255687585836,0.2542285904015391,0.1679098048025808,1.286014782019396,0.6957556973348517,,,,,,,,,,,,"{0:4,1:16,2:10,3:20}","{0:337,1:5758,2:2947,3:7705}","{0:1350,1:23032,2:11787,3:30817}","{0:1346,1:23016,2:11777,3:30797}","{0:1,1:3,2:2,3:4}"
2026-07-07T23:20:13.887288+00:00,jannis,41168,label_propagation,0,100,66886,80,20,16747,4,54,54,,,,,,,,,,,7.0,0.0,20000.0,19920.0,stratified_labeled_val,4,True,7,42,12.4879,success,,0.5064190601301726,0.3261437699956832,0.2900128865671914,1.273214142436792,0.6467254473559776,,,,,,,,,,,,"{0:7,1:32,2:19,3:42}","{0:337,1:5758,2:2947,3:7705}","{0:1350,1:23032,2:11787,3:30817}","{0:1343,1:23000,2:11768,3:30775}","{0:2,1:6,2:4,3:8}"
2026-07-07T23:20:26.383936+00:00,jannis,41168,label_propagation,0,250,66736,200,50,16747,4,54,54,,,,,,,,,,,7.0,0.0,20000.0,19800.0,stratified_labeled_val,4,True,10,111,12.5945,success,,0.4685615334089688,0.3160331402019545,0.2543159957816774,1.0782382407923286,0.6958880350703807,,,,,,,,,,,,"{0:10,1:84,2:45,3:111}","{0:337,1:5758,2:2947,3:7705}","{0:1350,1:23032,2:11787,3:30817}","{0:1340,1:22948,2:11742,3:30706}","{0:2,1:17,2:9,3:22}"
2026-07-07T23:20:38.987305+00:00,jannis,41168,label_propagation,0,500,66486,400,100,16747,4,54,54,,,,,,,,,,,7.0,0.0,20000.0,19600.0,stratified_labeled_val,4,True,15,226,12.3026,success,,0.5111363229235086,0.3453578010070054,0.3239141247302352,1.0684305430899024,0.7024818345168825,,,,,,,,,,,,"{0:15,1:170,2:89,3:226}","{0:337,1:5758,2:2947,3:7705}","{0:1350,1:23032,2:11787,3:30817}","{0:1335,1:22862,2:11698,3:30591}","{0:3,1:34,2:18,3:45}"
2026-07-07T23:20:51.299179+00:00,jannis,41168,label_propagation,1,50,66936,40,10,16747,4,54,54,,,,,,,,,,,7.0,0.0,20000.0,19960.0,stratified_labeled_val,4,True,4,20,12.8136,success,,0.3468083835910909,0.2510847250525691,0.1340664804298166,1.130158462027638,0.6951953131907302,,,,,,,,,,,,"{0:4,1:16,2:10,3:20}","{0:337,1:5758,2:2947,3:7705}","{0:1350,1:23032,2:11787,3:30817}","{0:1346,1:23016,2:11777,3:30797}","{0:1,1:3,2:2,3:4}"
2026-07-07T23:21:04.122489+00:00,jannis,41168,label_propagation,1,100,66886,80,20,16747,4,54,54,,,,,,,,,,,7.0,0.0,20000.0,19920.0,stratified_labeled_val,4,True,7,42,12.8674,success,,0.4606795246909894,0.2524068541229567,0.1636278051069792,1.302075708693192,0.6851244946618789,,,,,,,,,,,,"{0:7,1:32,2:19,3:42}","{0:337,1:5758,2:2947,3:7705}","{0:1350,1:23032,2:11787,3:30817}","{0:1343,1:23000,2:11768,3:30775}","{0:2,1:6,2:4,3:8}"
2026-07-07T23:21:17.000619+00:00,jannis,41168,label_propagation,1,250,66736,200,50,16747,4,54,54,,,,,,,,,,,7.0,0.0,20000.0,19800.0,stratified_labeled_val,4,True,10,111,12.7283,success,,0.4665910312294739,0.2606100247938382,0.1857428390927675,1.0840114758838624,0.7027570726983923,,,,,,,,,,,,"{0:10,1:84,2:45,3:111}","{0:337,1:5758,2:2947,3:7705}","{0:1350,1:23032,2:11787,3:30817}","{0:1340,1:22948,2:11742,3:30706}","{0:2,1:17,2:9,3:22}"
2026-07-07T23:21:29.739277+00:00,jannis,41168,label_propagation,1,500,66486,400,100,16747,4,54,54,,,,,,,,,,,7.0,0.0,20000.0,19600.0,stratified_labeled_val,4,True,15,226,11.7793,success,,0.5137039469755778,0.2964995020089822,0.2530083231303101,1.0433482826901483,0.6998918335832294,,,,,,,,,,,,"{0:15,1:170,2:89,3:226}","{0:337,1:5758,2:2947,3:7705}","{0:1350,1:23032,2:11787,3:30817}","{0:1335,1:22862,2:11698,3:30591}","{0:3,1:34,2:18,3:45}"
2026-07-07T23:21:41.529264+00:00,jannis,41168,label_propagation,2,50,66936,40,10,16747,4,54,54,,,,,,,,,,,7.0,0.0,20000.0,19960.0,stratified_labeled_val,4,True,4,20,12.6925,success,,0.3460321251567445,0.2510334769109368,0.1317620096161233,1.1764845422962125,0.5904355154573937,,,,,,,,,,,,"{0:4,1:16,2:10,3:20}","{0:337,1:5758,2:2947,3:7705}","{0:1350,1:23032,2:11787,3:30817}","{0:1346,1:23016,2:11777,3:30797}","{0:1,1:3,2:2,3:4}"
2026-07-07T23:21:54.232407+00:00,jannis,41168,label_propagation,2,100,66886,80,20,16747,4,54,54,,,,,,,,,,,7.0,0.0,20000.0,19920.0,stratified_labeled_val,4,True,7,42,12.4841,success,,0.4613960709380784,0.2511746205769858,0.1612692593071427,1.2631545786234242,0.7035834772318483,,,,,,,,,,,,"{0:7,1:32,2:19,3:42}","{0:337,1:5758,2:2947,3:7705}","{0:1350,1:23032,2:11787,3:30817}","{0:1343,1:23000,2:11768,3:30775}","{0:2,1:6,2:4,3:8}"
2026-07-07T23:22:06.725305+00:00,jannis,41168,label_propagation,2,250,66736,200,50,16747,4,54,54,,,,,,,,,,,7.0,0.0,20000.0,19800.0,stratified_labeled_val,4,True,10,111,12.3653,success,,0.4661133337314145,0.2562055549982098,0.1742391007095006,1.08514466500744,0.7205458011480601,,,,,,,,,,,,"{0:10,1:84,2:45,3:111}","{0:337,1:5758,2:2947,3:7705}","{0:1350,1:23032,2:11787,3:30817}","{0:1340,1:22948,2:11742,3:30706}","{0:2,1:17,2:9,3:22}"
2026-07-07T23:22:19.100028+00:00,jannis,41168,label_propagation,2,500,66486,400,100,16747,4,54,54,,,,,,,,,,,7.0,0.0,20000.0,19600.0,stratified_labeled_val,4,True,15,226,12.1075,success,,0.4672478652893055,0.258595246447909,0.1834429003039405,1.0388872562380045,0.7091676073887425,,,,,,,,,,,,"{0:15,1:170,2:89,3:226}","{0:337,1:5758,2:2947,3:7705}","{0:1350,1:23032,2:11787,3:30817}","{0:1335,1:22862,2:11698,3:30591}","{0:3,1:34,2:18,3:45}"
2026-07-07T23:22:31.216328+00:00,jannis,41168,self_training_lr,0,50,66936,40,10,16747,4,54,54,7500.0,1500.0,5.0,"{0: 3, 1: 2513, 2: 2508, 3: 2516}",0.1120473287916816,0.998534705845515,0.9894341826438904,1.0,,max_iter,,,,,stratified_labeled_val,4,True,4,20,1.4612,success,,0.47315937182779,0.3702967800396894,0.360254975606186,2.623781442642212,0.6514065014949855,,,,,,,,,,,,"{0:4,1:16,2:10,3:20}","{0:337,1:5758,2:2947,3:7705}","{0:1350,1:23032,2:11787,3:30817}","{0:1346,1:23016,2:11777,3:30797}","{0:1,1:3,2:2,3:4}"
2026-07-07T23:22:32.691271+00:00,jannis,41168,self_training_lr,0,100,66886,80,20,16747,4,54,54,9631.0,2000.0,5.0,"{0: 2136, 1: 2526, 2: 2515, 3: 2534}",0.1439912687258918,0.9963510100832362,0.9500235319137572,1.0,,max_iter,,,,,stratified_labeled_val,4,True,7,42,1.6777,success,,0.4108198483310443,0.3836864718539274,0.3418893975237588,3.4188389778137207,0.6525644408019258,,,,,,,,,,,,"{0:7,1:32,2:19,3:42}","{0:337,1:5758,2:2947,3:7705}","{0:1350,1:23032,2:11787,3:30817}","{0:1343,1:23000,2:11768,3:30775}","{0:2,1:6,2:4,3:8}"
2026-07-07T23:22:34.377757+00:00,jannis,41168,self_training_lr,0,250,66736,200,50,16747,4,54,54,9601.0,2000.0,5.0,"{0: 2109, 1: 2567, 2: 2536, 3: 2589}",0.143865380004795,0.991875528028987,0.9500842094421388,1.0,,max_iter,,,,,stratified_labeled_val,4,True,10,111,1.8552,success,,0.4548874425270198,0.3895275995538156,0.3635948241410341,2.5126194953918457,0.657731465684507,,,,,,,,,,,,"{0:10,1:84,2:45,3:111}","{0:337,1:5758,2:2947,3:7705}","{0:1350,1:23032,2:11787,3:30817}","{0:1340,1:22948,2:11742,3:30706}","{0:2,1:17,2:9,3:22}"
2026-07-07T23:22:36.242002+00:00,jannis,41168,self_training_lr,0,500,66486,400,100,16747,4,54,54,7660.0,1877.0,5.0,"{0: 1049, 1: 2008, 2: 2322, 3: 2681}",0.1152122251301025,0.97985530140817,0.9500222206115724,1.0,,max_iter,,,,,stratified_labeled_val,4,True,15,226,1.6618,success,,0.5506657908879202,0.4335180894935029,0.4232598585115247,1.568069338798523,0.7159172261198522,,,,,,,,,,,,"{0:15,1:170,2:89,3:226}","{0:337,1:5758,2:2947,3:7705}","{0:1350,1:23032,2:11787,3:30817}","{0:1335,1:22862,2:11698,3:30591}","{0:3,1:34,2:18,3:45}"
2026-07-07T23:22:37.912981+00:00,jannis,41168,self_training_lr,1,50,66936,40,10,16747,4,54,54,8146.0,1740.0,5.0,"{0: 649, 1: 2513, 2: 2508, 3: 2516}",0.1216983387116051,0.9966465027171916,0.9501829147338868,1.0,,max_iter,,,,,stratified_labeled_val,4,True,4,20,1.6473,success,,0.4484385263032185,0.3572349847733903,0.3484225185618673,2.8557069301605225,0.6371704728339923,,,,,,,,,,,,"{0:4,1:16,2:10,3:20}","{0:337,1:5758,2:2947,3:7705}","{0:1350,1:23032,2:11787,3:30817}","{0:1346,1:23016,2:11777,3:30797}","{0:1,1:3,2:2,3:4}"
2026-07-07T23:22:39.573060+00:00,jannis,41168,self_training_lr,1,100,66886,80,20,16747,4,54,54,9489.0,2000.0,5.0,"{0: 1994, 1: 2526, 2: 2515, 3: 2534}",0.1418682534461621,0.9963415060119716,0.950020432472229,1.0,,max_iter,,,,,stratified_labeled_val,4,True,7,42,1.5032,success,,0.4009673374335702,0.3459798100803907,0.3248849635380549,3.51339054107666,0.6052681422678701,,,,,,,,,,,,"{0:7,1:32,2:19,3:42}","{0:337,1:5758,2:2947,3:7705}","{0:1350,1:23032,2:11787,3:30817}","{0:1343,1:23000,2:11768,3:30775}","{0:2,1:6,2:4,3:8}"
2026-07-07T23:22:41.087511+00:00,jannis,41168,self_training_lr,1,250,66736,200,50,16747,4,54,54,9755.0,2000.0,5.0,"{0: 2263, 1: 2567, 2: 2536, 3: 2589}",0.1461729801006952,0.9936641289783344,0.9500654935836792,1.0,,max_iter,,,,,stratified_labeled_val,4,True,10,111,1.7238,success,,0.4327342210545172,0.3386804503025279,0.331530944641475,2.9379196166992188,0.6136318692032804,,,,,,,,,,,,"{0:10,1:84,2:45,3:111}","{0:337,1:5758,2:2947,3:7705}","{0:1350,1:23032,2:11787,3:30817}","{0:1340,1:22948,2:11742,3:30706}","{0:2,1:17,2:9,3:22}"
2026-07-07T23:22:42.819844+00:00,jannis,41168,self_training_lr,1,500,66486,400,100,16747,4,54,54,8380.0,1953.0,5.0,"{0: 1061, 1: 2489, 2: 2549, 3: 2681}",0.1260415726619138,0.9832480710915564,0.9500091075897216,0.9999608993530272,,max_iter,,,,,stratified_labeled_val,4,True,15,226,1.6609,success,,0.5069564698154894,0.3924131734781585,0.3841788553887502,1.9152441024780276,0.6782919798974094,,,,,,,,,,,,"{0:15,1:170,2:89,3:226}","{0:337,1:5758,2:2947,3:7705}","{0:1350,1:23032,2:11787,3:30817}","{0:1335,1:22862,2:11698,3:30591}","{0:3,1:34,2:18,3:45}"
2026-07-07T23:22:44.491788+00:00,jannis,41168,self_training_lr,2,50,66936,40,10,16747,4,54,54,8889.0,2000.0,5.0,"{0: 1392, 1: 2513, 2: 2508, 3: 2516}",0.132798494083901,0.9957989858808528,0.9500181674957277,1.0,,max_iter,,,,,stratified_labeled_val,4,True,4,20,1.5241,success,,0.3998328058756792,0.3488196446762904,0.3297320318736263,3.456637382507324,0.6148189018702719,,,,,,,,,,,,"{0:4,1:16,2:10,3:20}","{0:337,1:5758,2:2947,3:7705}","{0:1350,1:23032,2:11787,3:30817}","{0:1346,1:23016,2:11777,3:30797}","{0:1,1:3,2:2,3:4}"
2026-07-07T23:22:46.030285+00:00,jannis,41168,self_training_lr,2,100,66886,80,20,16747,4,54,54,9254.0,2000.0,5.0,"{0: 1759, 1: 2526, 2: 2515, 3: 2534}",0.1383548126663278,0.9967113352952932,0.9505888223648072,1.0,,max_iter,,,,,stratified_labeled_val,4,True,7,42,1.5068,success,,0.3957126649549173,0.359661855534572,0.3290543074458183,3.6197152137756343,0.6182395600914949,,,,,,,,,,,,"{0:7,1:32,2:19,3:42}","{0:337,1:5758,2:2947,3:7705}","{0:1350,1:23032,2:11787,3:30817}","{0:1343,1:23000,2:11768,3:30775}","{0:2,1:6,2:4,3:8}"
2026-07-07T23:22:47.550396+00:00,jannis,41168,self_training_lr,2,250,66736,200,50,16747,4,54,54,7969.0,1752.0,5.0,"{0: 477, 1: 2567, 2: 2536, 3: 2589}",0.119410812754735,0.9957733649444006,0.9502038955688475,1.0,,max_iter,,,,,stratified_labeled_val,4,True,10,111,1.5368,success,,0.4880277064548874,0.3719522665761609,0.3693668050266548,2.398739814758301,0.6437979485321321,,,,,,,,,,,,"{0:10,1:84,2:45,3:111}","{0:337,1:5758,2:2947,3:7705}","{0:1350,1:23032,2:11787,3:30817}","{0:1340,1:22948,2:11742,3:30706}","{0:2,1:17,2:9,3:22}"
2026-07-07T23:22:49.095745+00:00,jannis,41168,self_training_lr,2,500,66486,400,100,16747,4,54,54,7641.0,1885.0,5.0,"{0: 1054, 1: 2386, 2: 1920, 3: 2681}",0.1149264506813464,0.9808639079827692,0.950036883354187,1.0,,max_iter,,,,,stratified_labeled_val,4,True,15,226,1.8262,success,,0.4994924464083119,0.4027115675334539,0.3891693885318364,1.852506756782532,0.6888855329004535,,,,,,,,,,,,"{0:15,1:170,2:89,3:226}","{0:337,1:5758,2:2947,3:7705}","{0:1350,1:23032,2:11787,3:30817}","{0:1335,1:22862,2:11698,3:30591}","{0:3,1:34,2:18,3:45}"
2026-07-07T23:22:50.930351+00:00,jannis,41168,self_training_xgboost,0,50,66936,40,10,16747,4,54,54,4027.0,1500.0,3.0,"{0: 3, 1: 1513, 2: 1035, 3: 1516}",0.0601619457392135,0.9925433311001788,0.9501435160636902,0.999840259552002,,max_iter,,,,,stratified_labeled_val,4,True,4,20,22.724,success,,0.4526183794112378,0.3351169633051664,0.3321460234840369,2.579192876815796,0.6248100870860317,,,,,,,,,,,,"{0:4,1:16,2:10,3:20}","{0:337,1:5758,2:2947,3:7705}","{0:1350,1:23032,2:11787,3:30817}","{0:1346,1:23016,2:11777,3:30797}","{0:1,1:3,2:2,3:4}"
2026-07-07T23:23:13.669128+00:00,jannis,41168,self_training_xgboost,0,100,66886,80,20,16747,4,54,54,4267.0,1500.0,3.0,"{0: 5, 1: 1526, 2: 1282, 3: 1534}",0.0637951140746942,0.9925670293837484,0.9500196576118468,0.999918818473816,,max_iter,,,,,stratified_labeled_val,4,True,7,42,33.3304,success,,0.5050456798232519,0.3790689035443983,0.3687049495862555,2.2562777996063232,0.6658809658319217,,,,,,,,,,,,"{0:7,1:32,2:19,3:42}","{0:337,1:5758,2:2947,3:7705}","{0:1350,1:23032,2:11787,3:30817}","{0:1343,1:23000,2:11768,3:30775}","{0:2,1:6,2:4,3:8}"
2026-07-07T23:23:47.020047+00:00,jannis,41168,self_training_xgboost,0,250,66736,200,50,16747,4,54,54,4500.0,1500.0,3.0,"{0: 8, 1: 1567, 2: 1536, 3: 1589}",0.0674298729321505,0.9934397628307342,0.9519569873809814,0.9999160766601562,,max_iter,,,,,stratified_labeled_val,4,True,10,111,44.5737,success,,0.5458888159073266,0.4081144547150484,0.4020061507711109,1.8232160806655884,0.6960807935324741,,,,,,,,,,,,"{0:10,1:84,2:45,3:111}","{0:337,1:5758,2:2947,3:7705}","{0:1350,1:23032,2:11787,3:30817}","{0:1340,1:22948,2:11742,3:30706}","{0:2,1:17,2:9,3:22}"
2026-07-07T23:24:31.614817+00:00,jannis,41168,self_training_xgboost,0,500,66486,400,100,16747,4,54,54,4500.0,1500.0,3.0,"{0: 12, 1: 1636, 2: 1571, 3: 1681}",0.06768342207382,0.9938818474080828,0.9579198956489564,0.9998960494995116,,max_iter,,,,,stratified_labeled_val,4,True,15,226,57.0261,success,,0.6051233056666866,0.4476568949901586,0.4449742792717955,1.4474602937698364,0.7572268215195692,,,,,,,,,,,,"{0:15,1:170,2:89,3:226}","{0:337,1:5758,2:2947,3:7705}","{0:1350,1:23032,2:11787,3:30817}","{0:1335,1:22862,2:11698,3:30591}","{0:3,1:34,2:18,3:45}"
2026-07-07T23:25:28.655170+00:00,jannis,41168,self_training_xgboost,1,50,66936,40,10,16747,4,54,54,3732.0,1500.0,3.0,"{0: 3, 1: 1147, 2: 1106, 3: 1516}",0.0557547508067407,0.9941194287929505,0.950018048286438,0.9997983574867249,,max_iter,,,,,stratified_labeled_val,4,True,4,20,21.8022,success,,0.509762942616588,0.3844803681004751,0.3767574790685482,2.144812822341919,0.6637878334719758,,,,,,,,,,,,"{0:4,1:16,2:10,3:20}","{0:337,1:5758,2:2947,3:7705}","{0:1350,1:23032,2:11787,3:30817}","{0:1346,1:23016,2:11777,3:30797}","{0:1,1:3,2:2,3:4}"
2026-07-07T23:25:50.477414+00:00,jannis,41168,self_training_xgboost,1,100,66886,80,20,16747,4,54,54,4455.0,1501.0,3.0,"{0: 7, 1: 1526, 2: 1468, 3: 1534}",0.0666058666985617,0.9920831672939252,0.950015664100647,0.9999313354492188,,max_iter,,,,,stratified_labeled_val,4,True,7,42,33.63,success,,0.5057622260703409,0.3833852094186802,0.3759448506014693,2.1841607093811035,0.662310190178946,,,,,,,,,,,,"{0:7,1:32,2:19,3:42}","{0:337,1:5758,2:2947,3:7705}","{0:1350,1:23032,2:11787,3:30817}","{0:1343,1:23000,2:11768,3:30775}","{0:2,1:6,2:4,3:8}"
2026-07-07T23:26:24.125486+00:00,jannis,41168,self_training_xgboost,1,250,66736,200,50,16747,4,54,54,4501.0,1500.0,3.0,"{0: 9, 1: 1567, 2: 1536, 3: 1589}",0.0674448573483577,0.9940638044785722,0.9513193964958192,0.9999239444732666,,max_iter,,,,,stratified_labeled_val,4,True,10,111,42.6866,success,,0.5678031886307996,0.4295041901988322,0.4256082694652936,1.7573226690292358,0.7135053638367838,,,,,,,,,,,,"{0:10,1:84,2:45,3:111}","{0:337,1:5758,2:2947,3:7705}","{0:1350,1:23032,2:11787,3:30817}","{0:1340,1:22948,2:11742,3:30706}","{0:2,1:17,2:9,3:22}"
2026-07-07T23:27:06.831783+00:00,jannis,41168,self_training_xgboost,1,500,66486,400,100,16747,4,54,54,4500.0,1500.0,3.0,"{0: 12, 1: 1636, 2: 1571, 3: 1681}",0.06768342207382,0.9947667844692866,0.9613577723503112,0.9999350309371948,,max_iter,,,,,stratified_labeled_val,4,True,15,226,53.9685,success,,0.6081089150295576,0.4447717304296043,0.445663177917378,1.564569115638733,0.7310478437162434,,,,,,,,,,,,"{0:15,1:170,2:89,3:226}","{0:337,1:5758,2:2947,3:7705}","{0:1350,1:23032,2:11787,3:30817}","{0:1335,1:22862,2:11698,3:30591}","{0:3,1:34,2:18,3:45}"
2026-07-07T23:28:00.815925+00:00,jannis,41168,self_training_xgboost,2,50,66936,40,10,16747,4,54,54,4030.0,1500.0,3.0,"{0: 3, 1: 1513, 2: 1038, 3: 1516}",0.0602067646707302,0.9935926206946076,0.9501654505729676,0.999842405319214,,max_iter,,,,,stratified_labeled_val,4,True,4,20,23.2916,success,,0.5368125634441989,0.3845090821653628,0.3842776767317379,2.240356922149658,0.6353447683577291,,,,,,,,,,,,"{0:4,1:16,2:10,3:20}","{0:337,1:5758,2:2947,3:7705}","{0:1350,1:23032,2:11787,3:30817}","{0:1346,1:23016,2:11777,3:30797}","{0:1,1:3,2:2,3:4}"
2026-07-07T23:28:24.127024+00:00,jannis,41168,self_training_xgboost,2,100,66886,80,20,16747,4,54,54,4068.0,1500.0,3.0,"{0: 5, 1: 1526, 2: 1083, 3: 1534}",0.0608199025207068,0.9954476795922104,0.9501611590385436,0.9999228715896606,,max_iter,,,,,stratified_labeled_val,4,True,7,42,30.7656,success,,0.5523377321311279,0.4149680886946069,0.4117354737879387,2.089477777481079,0.6812342313275246,,,,,,,,,,,,"{0:7,1:32,2:19,3:42}","{0:337,1:5758,2:2947,3:7705}","{0:1350,1:23032,2:11787,3:30817}","{0:1343,1:23000,2:11768,3:30775}","{0:2,1:6,2:4,3:8}"
2026-07-07T23:28:54.912414+00:00,jannis,41168,self_training_xgboost,2,250,66736,200,50,16747,4,54,54,4500.0,1500.0,3.0,"{0: 8, 1: 1567, 2: 1536, 3: 1589}",0.0674298729321505,0.996216930270195,0.9697667956352234,0.9999285936355592,,max_iter,,,,,stratified_labeled_val,4,True,10,111,42.0769,success,,0.5907326685376485,0.433150356972896,0.4319481718133,1.7253507375717163,0.709562337193846,,,,,,,,,,,,"{0:10,1:84,2:45,3:111}","{0:337,1:5758,2:2947,3:7705}","{0:1350,1:23032,2:11787,3:30817}","{0:1340,1:22948,2:11742,3:30706}","{0:2,1:17,2:9,3:22}"
2026-07-07T23:29:37.000581+00:00,jannis,41168,self_training_xgboost,2,500,66486,400,100,16747,4,54,54,4500.0,1500.0,3.0,"{0: 12, 1: 1636, 2: 1571, 3: 1681}",0.06768342207382,0.9938917631573148,0.9507973194122314,0.9999184608459472,,max_iter,,,,,stratified_labeled_val,4,True,15,226,55.9241,success,,0.5919866244700543,0.4379561265209538,0.434837877088341,1.5674430131912231,0.7349288469979349,,,,,,,,,,,,"{0:15,1:170,2:89,3:226}","{0:337,1:5758,2:2947,3:7705}","{0:1350,1:23032,2:11787,3:30817}","{0:1335,1:22862,2:11698,3:30591}","{0:3,1:34,2:18,3:45}"
2026-07-07T23:30:32.939873+00:00,jannis,41168,self_training_lightgbm,0,50,66936,40,10,16747,4,54,54,0.0,0.0,0.0,"{0: 3, 1: 13, 2: 8, 3: 16}",0.0,,,,,no_candidates,,,,,stratified_labeled_val,4,True,4,20,3.6227,success,,0.4076551024064011,0.2599358337060276,0.2462064268174048,1.3014186109573915,0.5130818053787228,,,,,,,,,,,,"{0:4,1:16,2:10,3:20}","{0:337,1:5758,2:2947,3:7705}","{0:1350,1:23032,2:11787,3:30817}","{0:1346,1:23016,2:11777,3:30797}","{0:1,1:3,2:2,3:4}"
2026-07-07T23:30:36.594704+00:00,jannis,41168,self_training_lightgbm,0,100,66886,80,20,16747,4,54,54,5181.0,2000.0,3.0,"{0: 686, 1: 1526, 2: 1515, 3: 1534}",0.0774601560864755,0.9991262302281751,0.9505090292155768,0.9999999712871936,,max_iter,,,,,stratified_labeled_val,4,True,7,42,36.3697,success,,0.4424075953902191,0.370744719066826,0.3516734574002145,4.328766717656224,0.6493792524489219,,,,,,,,,,,,"{0:7,1:32,2:19,3:42}","{0:337,1:5758,2:2947,3:7705}","{0:1350,1:23032,2:11787,3:30817}","{0:1343,1:23000,2:11768,3:30775}","{0:2,1:6,2:4,3:8}"
2026-07-07T23:31:12.975381+00:00,jannis,41168,self_training_lightgbm,0,250,66736,200,50,16747,4,54,54,5555.0,2000.0,3.0,"{0: 1063, 1: 1567, 2: 1536, 3: 1589}",0.083238432030688,0.998988032405007,0.9501756014014484,0.9999999949231136,,max_iter,,,,,stratified_labeled_val,4,True,10,111,42.0154,success,,0.5163312832149042,0.4273687028886589,0.4098894232188895,3.648468852119783,0.6986930189690544,,,,,,,,,,,,"{0:10,1:84,2:45,3:111}","{0:337,1:5758,2:2947,3:7705}","{0:1350,1:23032,2:11787,3:30817}","{0:1340,1:22948,2:11742,3:30706}","{0:2,1:17,2:9,3:22}"
2026-07-07T23:31:55.001546+00:00,jannis,41168,self_training_lightgbm,0,500,66486,400,100,16747,4,54,54,5255.0,2000.0,3.0,"{0: 767, 1: 1636, 2: 1571, 3: 1681}",0.0790391962217609,0.9990919206966156,0.9502066809298844,0.9999999979838994,,max_iter,,,,,stratified_labeled_val,4,True,15,226,47.5838,success,,0.5716844808025318,0.4514296316388071,0.4452311630774391,2.8900728557411064,0.7383137451356486,,,,,,,,,,,,"{0:15,1:170,2:89,3:226}","{0:337,1:5758,2:2947,3:7705}","{0:1350,1:23032,2:11787,3:30817}","{0:1335,1:22862,2:11698,3:30591}","{0:3,1:34,2:18,3:45}"
2026-07-07T23:32:42.596797+00:00,jannis,41168,self_training_lightgbm,1,50,66936,40,10,16747,4,54,54,0.0,0.0,0.0,"{0: 3, 1: 13, 2: 8, 3: 16}",0.0,,,,,no_candidates,,,,,stratified_labeled_val,4,True,4,20,3.8061,success,,0.4048486296053024,0.2940171228599979,0.2890979599070848,1.241364618176775,0.5857450756735936,,,,,,,,,,,,"{0:4,1:16,2:10,3:20}","{0:337,1:5758,2:2947,3:7705}","{0:1350,1:23032,2:11787,3:30817}","{0:1346,1:23016,2:11777,3:30797}","{0:1,1:3,2:2,3:4}"
2026-07-07T23:32:46.413594+00:00,jannis,41168,self_training_lightgbm,1,100,66886,80,20,16747,4,54,54,5578.0,2000.0,3.0,"{0: 1083, 1: 1526, 2: 1515, 3: 1534}",0.0833956283826211,0.9993421834678136,0.9509706083597862,0.9999999691003648,,max_iter,,,,,stratified_labeled_val,4,True,7,42,36.4818,success,,0.4149399892518063,0.3380238456625576,0.329074005711973,4.541554401344938,0.6036954592425389,,,,,,,,,,,,"{0:7,1:32,2:19,3:42}","{0:337,1:5758,2:2947,3:7705}","{0:1350,1:23032,2:11787,3:30817}","{0:1343,1:23000,2:11768,3:30775}","{0:2,1:6,2:4,3:8}"
2026-07-07T23:33:22.905913+00:00,jannis,41168,self_training_lightgbm,1,250,66736,200,50,16747,4,54,54,5724.0,2000.0,3.0,"{0: 1232, 1: 1567, 2: 1536, 3: 1589}",0.0857707983696955,0.9991967349073,0.950426449761512,0.9999999995334894,,max_iter,,,,,stratified_labeled_val,4,True,10,111,43.5626,success,,0.5163909954021616,0.4370541988039529,0.4141164792465712,3.551068596152158,0.6979793012941984,,,,,,,,,,,,"{0:10,1:84,2:45,3:111}","{0:337,1:5758,2:2947,3:7705}","{0:1350,1:23032,2:11787,3:30817}","{0:1340,1:22948,2:11742,3:30706}","{0:2,1:17,2:9,3:22}"
2026-07-07T23:34:06.480269+00:00,jannis,41168,self_training_lightgbm,1,500,66486,400,100,16747,4,54,54,5104.0,2000.0,3.0,"{0: 616, 1: 1636, 2: 1571, 3: 1681}",0.0767680413921727,0.9984951774000068,0.9509202428558352,0.99999999970027,,max_iter,,,,,stratified_labeled_val,4,True,15,226,49.6931,success,,0.572998148922195,0.4530145853162171,0.4439169037477942,3.036188248454363,0.7307103585441885,,,,,,,,,,,,"{0:15,1:170,2:89,3:226}","{0:337,1:5758,2:2947,3:7705}","{0:1350,1:23032,2:11787,3:30817}","{0:1335,1:22862,2:11698,3:30591}","{0:3,1:34,2:18,3:45}"
2026-07-07T23:34:56.186624+00:00,jannis,41168,self_training_lightgbm,2,50,66936,40,10,16747,4,54,54,3395.0,1767.0,3.0,"{0: 288, 1: 1013, 2: 1008, 3: 1126}",0.0507200908330345,0.9969099276395532,0.9501627555317188,0.9999999873169892,,max_iter,,,,,stratified_labeled_val,4,True,4,20,22.8325,success,,0.4797277124261062,0.3511509840504206,0.3637920019644974,4.074925808918343,0.5972679483369163,,,,,,,,,,,,"{0:4,1:16,2:10,3:20}","{0:337,1:5758,2:2947,3:7705}","{0:1350,1:23032,2:11787,3:30817}","{0:1346,1:23016,2:11777,3:30797}","{0:1,1:3,2:2,3:4}"
2026-07-07T23:35:19.031932+00:00,jannis,41168,self_training_lightgbm,2,100,66886,80,20,16747,4,54,54,5674.0,2000.0,3.0,"{0: 1179, 1: 1526, 2: 1515, 3: 1534}",0.084830906318213,0.9992167430916304,0.9504035027722136,0.9999999817451124,,max_iter,,,,,stratified_labeled_val,4,True,7,42,34.9342,success,,0.4877888577058578,0.3969843574871806,0.375042281381191,4.399474844131924,0.6544935651442866,,,,,,,,,,,,"{0:7,1:32,2:19,3:42}","{0:337,1:5758,2:2947,3:7705}","{0:1350,1:23032,2:11787,3:30817}","{0:1343,1:23000,2:11768,3:30775}","{0:2,1:6,2:4,3:8}"
2026-07-07T23:35:53.977194+00:00,jannis,41168,self_training_lightgbm,2,250,66736,200,50,16747,4,54,54,4782.0,1750.0,3.0,"{0: 290, 1: 1567, 2: 1536, 3: 1589}",0.0716554783025653,0.9989443024324942,0.950010377348223,0.999999995040308,,max_iter,,,,,stratified_labeled_val,4,True,10,111,36.6795,success,,0.5569952827372067,0.4595879044504029,0.4375158232821078,3.2227720460838563,0.7143781010029312,,,,,,,,,,,,"{0:10,1:84,2:45,3:111}","{0:337,1:5758,2:2947,3:7705}","{0:1350,1:23032,2:11787,3:30817}","{0:1340,1:22948,2:11742,3:30706}","{0:2,1:17,2:9,3:22}"
2026-07-07T23:36:30.671047+00:00,jannis,41168,self_training_lightgbm,2,500,66486,400,100,16747,4,54,54,4505.0,1503.0,3.0,"{0: 17, 1: 1636, 2: 1571, 3: 1681}",0.0677586258761243,0.9999218024724223,0.9515001850578444,0.9999999987584418,,max_iter,,,,,stratified_labeled_val,4,True,15,226,45.4381,success,,0.5930017316534305,0.4388503779444984,0.4339902338945504,2.765862097513843,0.7319480117416396,,,,,,,,,,,,"{0:15,1:170,2:89,3:226}","{0:337,1:5758,2:2947,3:7705}","{0:1350,1:23032,2:11787,3:30817}","{0:1335,1:22862,2:11698,3:30591}","{0:3,1:34,2:18,3:45}"
2026-07-07T23:37:16.121218+00:00,jannis,41168,self_training_catboost,0,50,66936,40,10,16747,4,54,54,0.0,0.0,0.0,"{0: 3, 1: 13, 2: 8, 3: 16}",0.0,,,,,no_candidates,,,,,stratified_labeled_val,4,True,4,20,4.0208,success,,0.5079715769988654,0.3315850340479593,0.3222592533185019,1.1676424158096612,0.6644023242781784,,,,,,,,,,,,"{0:4,1:16,2:10,3:20}","{0:337,1:5758,2:2947,3:7705}","{0:1350,1:23032,2:11787,3:30817}","{0:1346,1:23016,2:11777,3:30797}","{0:1,1:3,2:2,3:4}"
2026-07-07T23:37:20.152728+00:00,jannis,41168,self_training_catboost,0,100,66886,80,20,16747,4,54,54,0.0,0.0,0.0,"{0: 5, 1: 26, 2: 15, 3: 34}",0.0,,,,,no_candidates,,,,,stratified_labeled_val,4,True,7,42,5.5493,success,,0.5613542724069983,0.3858875873236009,0.3825282356988249,1.0559950331052566,0.7108208102467904,,,,,,,,,,,,"{0:7,1:32,2:19,3:42}","{0:337,1:5758,2:2947,3:7705}","{0:1350,1:23032,2:11787,3:30817}","{0:1343,1:23000,2:11768,3:30775}","{0:2,1:6,2:4,3:8}"
2026-07-07T23:37:25.712124+00:00,jannis,41168,self_training_catboost,0,250,66736,200,50,16747,4,54,54,0.0,0.0,0.0,"{0: 8, 1: 67, 2: 36, 3: 89}",0.0,,,,,no_candidates,,,,,stratified_labeled_val,4,True,10,111,9.1839,success,,0.5897175613542724,0.4070055664673921,0.4108250302382836,0.9504943008386236,0.7358661417234023,,,,,,,,,,,,"{0:10,1:84,2:45,3:111}","{0:337,1:5758,2:2947,3:7705}","{0:1350,1:23032,2:11787,3:30817}","{0:1340,1:22948,2:11742,3:30706}","{0:2,1:17,2:9,3:22}"
2026-07-07T23:37:34.905587+00:00,jannis,41168,self_training_catboost,0,500,66486,400,100,16747,4,54,54,0.0,0.0,0.0,"{0: 12, 1: 136, 2: 71, 3: 181}",0.0,,,,,no_candidates,,,,,stratified_labeled_val,4,True,15,226,10.8687,success,,0.6150355287514182,0.4236255007824523,0.427772639217262,0.8894267176655162,0.7525472265267319,,,,,,,,,,,,"{0:15,1:170,2:89,3:226}","{0:337,1:5758,2:2947,3:7705}","{0:1350,1:23032,2:11787,3:30817}","{0:1335,1:22862,2:11698,3:30591}","{0:3,1:34,2:18,3:45}"
2026-07-07T23:37:45.784756+00:00,jannis,41168,self_training_catboost,1,50,66936,40,10,16747,4,54,54,0.0,0.0,0.0,"{0: 3, 1: 13, 2: 8, 3: 16}",0.0,,,,,no_candidates,,,,,stratified_labeled_val,4,True,4,20,3.5328,success,,0.5353794709500209,0.3593449240229309,0.3550166002523672,1.1244545465611395,0.682091550634487,,,,,,,,,,,,"{0:4,1:16,2:10,3:20}","{0:337,1:5758,2:2947,3:7705}","{0:1350,1:23032,2:11787,3:30817}","{0:1346,1:23016,2:11777,3:30797}","{0:1,1:3,2:2,3:4}"
2026-07-07T23:37:49.330104+00:00,jannis,41168,self_training_catboost,1,100,66886,80,20,16747,4,54,54,0.0,0.0,0.0,"{0: 5, 1: 26, 2: 15, 3: 34}",0.0,,,,,no_candidates,,,,,stratified_labeled_val,4,True,7,42,5.8598,success,,0.5620708186540873,0.3764013468503693,0.3749179429943763,1.0525992853695565,0.7099856621224463,,,,,,,,,,,,"{0:7,1:32,2:19,3:42}","{0:337,1:5758,2:2947,3:7705}","{0:1350,1:23032,2:11787,3:30817}","{0:1343,1:23000,2:11768,3:30775}","{0:2,1:6,2:4,3:8}"
2026-07-07T23:37:55.201340+00:00,jannis,41168,self_training_catboost,1,250,66736,200,50,16747,4,54,54,0.0,0.0,0.0,"{0: 8, 1: 67, 2: 36, 3: 89}",0.0,,,,,no_candidates,,,,,stratified_labeled_val,4,True,10,111,10.2589,success,,0.5868513763659163,0.4048540701732067,0.4063110578510153,0.966528801642688,0.7264115683711404,,,,,,,,,,,,"{0:10,1:84,2:45,3:111}","{0:337,1:5758,2:2947,3:7705}","{0:1350,1:23032,2:11787,3:30817}","{0:1340,1:22948,2:11742,3:30706}","{0:2,1:17,2:9,3:22}"
2026-07-07T23:38:05.472826+00:00,jannis,41168,self_training_catboost,1,500,66486,400,100,16747,4,54,54,0.0,0.0,0.0,"{0: 12, 1: 136, 2: 71, 3: 181}",0.0,,,,,no_candidates,,,,,stratified_labeled_val,4,True,15,226,11.6844,success,,0.6216038693497343,0.427724608806258,0.4346169322175872,0.889087326898809,0.7526368439001418,,,,,,,,,,,,"{0:15,1:170,2:89,3:226}","{0:337,1:5758,2:2947,3:7705}","{0:1350,1:23032,2:11787,3:30817}","{0:1335,1:22862,2:11698,3:30591}","{0:3,1:34,2:18,3:45}"
2026-07-07T23:38:17.166498+00:00,jannis,41168,self_training_catboost,2,50,66936,40,10,16747,4,54,54,0.0,0.0,0.0,"{0: 3, 1: 13, 2: 8, 3: 16}",0.0,,,,,no_candidates,,,,,stratified_labeled_val,4,True,4,20,3.9666,success,,0.5430823431062279,0.348856945061673,0.3463557809143812,1.1530697658982665,0.6283418752519375,,,,,,,,,,,,"{0:4,1:16,2:10,3:20}","{0:337,1:5758,2:2947,3:7705}","{0:1350,1:23032,2:11787,3:30817}","{0:1346,1:23016,2:11777,3:30797}","{0:1,1:3,2:2,3:4}"
2026-07-07T23:38:21.147353+00:00,jannis,41168,self_training_catboost,2,100,66886,80,20,16747,4,54,54,0.0,0.0,0.0,"{0: 5, 1: 26, 2: 15, 3: 34}",0.0,,,,,no_candidates,,,,,stratified_labeled_val,4,True,7,42,5.8134,success,,0.5502478055771183,0.3531500210800766,0.3496302743654219,1.0672199368366997,0.6941426478049731,,,,,,,,,,,,"{0:7,1:32,2:19,3:42}","{0:337,1:5758,2:2947,3:7705}","{0:1350,1:23032,2:11787,3:30817}","{0:1343,1:23000,2:11768,3:30775}","{0:2,1:6,2:4,3:8}"
2026-07-07T23:38:26.969618+00:00,jannis,41168,self_training_catboost,2,250,66736,200,50,16747,4,54,54,0.0,0.0,0.0,"{0: 8, 1: 67, 2: 36, 3: 89}",0.0,,,,,no_candidates,,,,,stratified_labeled_val,4,True,10,111,9.6668,success,,0.6006448916223801,0.4094784075443803,0.4143718221709059,0.9390818061954624,0.7255485748776653,,,,,,,,,,,,"{0:10,1:84,2:45,3:111}","{0:337,1:5758,2:2947,3:7705}","{0:1350,1:23032,2:11787,3:30817}","{0:1340,1:22948,2:11742,3:30706}","{0:2,1:17,2:9,3:22}"
2026-07-07T23:38:36.646303+00:00,jannis,41168,self_training_catboost,2,500,66486,400,100,16747,4,54,54,0.0,0.0,0.0,"{0: 12, 1: 136, 2: 71, 3: 181}",0.0,,,,,no_candidates,,,,,stratified_labeled_val,4,True,15,226,12.2529,success,,0.6144981190661014,0.4221237844943279,0.4283768523914587,0.9014059903907944,0.7466511889621633,,,,,,,,,,,,"{0:15,1:170,2:89,3:226}","{0:337,1:5758,2:2947,3:7705}","{0:1350,1:23032,2:11787,3:30817}","{0:1335,1:22862,2:11698,3:30591}","{0:3,1:34,2:18,3:45}"
2026-07-07T23:38:48.909938+00:00,jannis,41168,rpl_lr,0,50,66936,40,10,16747,4,54,54,,,,,,,,,,,,,,,stratified_labeled_val,4,True,4,20,2.6702,success,,0.4921478473756493,0.3585859509826508,0.356625807817052,6.582481384277344,0.6486043079784978,,,,,,,,,,,,"{0:4,1:16,2:10,3:20}","{0:337,1:5758,2:2947,3:7705}","{0:1350,1:23032,2:11787,3:30817}","{0:1346,1:23016,2:11777,3:30797}","{0:1,1:3,2:2,3:4}"
2026-07-07T23:38:51.590617+00:00,jannis,41168,rpl_lr,0,100,66886,80,20,16747,4,54,54,,,,,,,,,,,,,,,stratified_labeled_val,4,True,7,42,3.1124,success,,0.4840269899086403,0.3787114747622153,0.3696505099328435,6.467196941375732,0.6671088965460067,,,,,,,,,,,,"{0:7,1:32,2:19,3:42}","{0:337,1:5758,2:2947,3:7705}","{0:1350,1:23032,2:11787,3:30817}","{0:1343,1:23000,2:11768,3:30775}","{0:2,1:6,2:4,3:8}"
2026-07-07T23:38:54.711496+00:00,jannis,41168,rpl_lr,0,250,66736,200,50,16747,4,54,54,,,,,,,,,,,,,,,stratified_labeled_val,4,True,10,111,2.9959,success,,0.489102525825521,0.3824262281920865,0.3702364381526412,5.860607147216797,0.6630869372731866,,,,,,,,,,,,"{0:10,1:84,2:45,3:111}","{0:337,1:5758,2:2947,3:7705}","{0:1350,1:23032,2:11787,3:30817}","{0:1340,1:22948,2:11742,3:30706}","{0:2,1:17,2:9,3:22}"
2026-07-07T23:38:57.716686+00:00,jannis,41168,rpl_lr,0,500,66486,400,100,16747,4,54,54,,,,,,,,,,,,,,,stratified_labeled_val,4,True,15,226,2.9581,success,,0.5691168567504628,0.4219757611784361,0.4176248906102857,3.8349509239196777,0.7299502825077289,,,,,,,,,,,,"{0:15,1:170,2:89,3:226}","{0:337,1:5758,2:2947,3:7705}","{0:1350,1:23032,2:11787,3:30817}","{0:1335,1:22862,2:11698,3:30591}","{0:3,1:34,2:18,3:45}"
2026-07-07T23:39:00.683215+00:00,jannis,41168,rpl_lr,1,50,66936,40,10,16747,4,54,54,,,,,,,,,,,,,,,stratified_labeled_val,4,True,4,20,2.6817,success,,0.4791903027407894,0.3360129090009041,0.3379877233226913,6.65347957611084,0.6295584160337675,,,,,,,,,,,,"{0:4,1:16,2:10,3:20}","{0:337,1:5758,2:2947,3:7705}","{0:1350,1:23032,2:11787,3:30817}","{0:1346,1:23016,2:11777,3:30797}","{0:1,1:3,2:2,3:4}"
2026-07-07T23:39:03.373413+00:00,jannis,41168,rpl_lr,1,100,66886,80,20,16747,4,54,54,,,,,,,,,,,,,,,stratified_labeled_val,4,True,7,42,3.1134,success,,0.4651579387352959,0.3632771241913196,0.3483584709737327,6.663222312927246,0.6309419913774065,,,,,,,,,,,,"{0:7,1:32,2:19,3:42}","{0:337,1:5758,2:2947,3:7705}","{0:1350,1:23032,2:11787,3:30817}","{0:1343,1:23000,2:11768,3:30775}","{0:2,1:6,2:4,3:8}"
2026-07-07T23:39:06.495324+00:00,jannis,41168,rpl_lr,1,250,66736,200,50,16747,4,54,54,,,,,,,,,,,,,,,stratified_labeled_val,4,True,10,111,3.1257,success,,0.4765032543142055,0.3462590283435982,0.345577240302697,6.078030586242676,0.6368382683136844,,,,,,,,,,,,"{0:10,1:84,2:45,3:111}","{0:337,1:5758,2:2947,3:7705}","{0:1350,1:23032,2:11787,3:30817}","{0:1340,1:22948,2:11742,3:30706}","{0:2,1:17,2:9,3:22}"
2026-07-07T23:39:09.629887+00:00,jannis,41168,rpl_lr,1,500,66486,400,100,16747,4,54,54,,,,,,,,,,,,,,,stratified_labeled_val,4,True,15,226,3.0611,success,,0.5445751477876635,0.3973494132826446,0.3947210394340384,4.304234504699707,0.7027874552177786,,,,,,,,,,,,"{0:15,1:170,2:89,3:226}","{0:337,1:5758,2:2947,3:7705}","{0:1350,1:23032,2:11787,3:30817}","{0:1335,1:22862,2:11698,3:30591}","{0:3,1:34,2:18,3:45}"
2026-07-07T23:39:12.702540+00:00,jannis,41168,rpl_lr,2,50,66936,40,10,16747,4,54,54,,,,,,,,,,,,,,,stratified_labeled_val,4,True,4,20,2.4948,success,,0.4765629665014629,0.3296360134352548,0.3307912462114919,6.88561487197876,0.5981931478177955,,,,,,,,,,,,"{0:4,1:16,2:10,3:20}","{0:337,1:5758,2:2947,3:7705}","{0:1350,1:23032,2:11787,3:30817}","{0:1346,1:23016,2:11777,3:30797}","{0:1,1:3,2:2,3:4}"
2026-07-07T23:39:15.207598+00:00,jannis,41168,rpl_lr,2,100,66886,80,20,16747,4,54,54,,,,,,,,,,,,,,,stratified_labeled_val,4,True,7,42,2.6663,success,,0.468740669970741,0.3462954121814022,0.3432187222108002,6.808053016662598,0.6276189872212519,,,,,,,,,,,,"{0:7,1:32,2:19,3:42}","{0:337,1:5758,2:2947,3:7705}","{0:1350,1:23032,2:11787,3:30817}","{0:1343,1:23000,2:11768,3:30775}","{0:2,1:6,2:4,3:8}"
2026-07-07T23:39:17.886834+00:00,jannis,41168,rpl_lr,2,250,66736,200,50,16747,4,54,54,,,,,,,,,,,,,,,stratified_labeled_val,4,True,10,111,3.2772,success,,0.515316176031528,0.3713859466115654,0.3722596439173987,5.668882846832275,0.6484627467728984,,,,,,,,,,,,"{0:10,1:84,2:45,3:111}","{0:337,1:5758,2:2947,3:7705}","{0:1350,1:23032,2:11787,3:30817}","{0:1340,1:22948,2:11742,3:30706}","{0:2,1:17,2:9,3:22}"
2026-07-07T23:39:21.173281+00:00,jannis,41168,rpl_lr,2,500,66486,400,100,16747,4,54,54,,,,,,,,,,,,,,,stratified_labeled_val,4,True,15,226,3.1688,success,,0.5242730041201409,0.3866841644879677,0.3859590033877494,4.404026985168457,0.6983846933415708,,,,,,,,,,,,"{0:15,1:170,2:89,3:226}","{0:337,1:5758,2:2947,3:7705}","{0:1350,1:23032,2:11787,3:30817}","{0:1335,1:22862,2:11698,3:30591}","{0:3,1:34,2:18,3:45}"
2026-07-07T23:39:24.350577+00:00,jannis,41168,rpl_lite_xgboost,0,50,66936,40,10,16747,4,54,54,4330.0,1500.0,3.0,"{3: 1500, 1: 1500, 2: 1330}",0.0646886578223975,0.9893772366140512,,,0.6399381299524869,max_iter,,,,,stratified_labeled_val,4,True,4,20,39.4329,success,,0.4526780915984952,0.3332946156712283,0.328472818780898,2.566174268722534,0.6242462884797289,,,,,,,,,,,,"{0:4,1:16,2:10,3:20}","{0:337,1:5758,2:2947,3:7705}","{0:1350,1:23032,2:11787,3:30817}","{0:1346,1:23016,2:11777,3:30797}","{0:1,1:3,2:2,3:4}"
2026-07-07T23:40:03.800097+00:00,jannis,41168,rpl_lite_xgboost,0,100,66886,80,20,16747,4,54,54,4500.0,1500.0,3.0,"{3: 1500, 2: 1500, 1: 1500}",0.0672786532308704,0.9899055645598306,,,0.6531781203757631,max_iter,,,,,stratified_labeled_val,4,True,7,42,46.255,success,,0.5036722995163313,0.385739629853328,0.3704187427562561,2.306304931640625,0.6681068235965262,,,,,,,,,,,,"{0:7,1:32,2:19,3:42}","{0:337,1:5758,2:2947,3:7705}","{0:1350,1:23032,2:11787,3:30817}","{0:1343,1:23000,2:11768,3:30775}","{0:2,1:6,2:4,3:8}"
2026-07-07T23:40:50.069478+00:00,jannis,41168,rpl_lite_xgboost,0,250,66736,200,50,16747,4,54,54,4500.0,1500.0,3.0,"{3: 1500, 2: 1500, 1: 1500}",0.0674298729321505,0.9934446698559656,,,0.6603942793764987,max_iter,,,,,stratified_labeled_val,4,True,10,111,53.8283,success,,0.5447542843494357,0.4069361494458923,0.4001990660693917,1.821942687034607,0.6947343232728181,,,,,,,,,,,,"{0:10,1:84,2:45,3:111}","{0:337,1:5758,2:2947,3:7705}","{0:1350,1:23032,2:11787,3:30817}","{0:1340,1:22948,2:11742,3:30706}","{0:2,1:17,2:9,3:22}"
2026-07-07T23:41:43.918230+00:00,jannis,41168,rpl_lite_xgboost,0,500,66486,400,100,16747,4,54,54,4500.0,1500.0,3.0,"{3: 1500, 2: 1500, 1: 1500}",0.06768342207382,0.9938849721484714,,,0.6632356735307696,max_iter,,,,,stratified_labeled_val,4,True,15,226,63.0025,success,,0.6049441691049143,0.4469249001415646,0.4443483991671825,1.445284724235535,0.7580074100731999,,,,,,,,,,,,"{0:15,1:170,2:89,3:226}","{0:337,1:5758,2:2947,3:7705}","{0:1350,1:23032,2:11787,3:30817}","{0:1335,1:22862,2:11698,3:30591}","{0:3,1:34,2:18,3:45}"
2026-07-07T23:42:46.936312+00:00,jannis,41168,rpl_lite_xgboost,1,50,66936,40,10,16747,4,54,54,4500.0,1500.0,3.0,"{3: 1500, 2: 1500, 1: 1500}",0.0672283972750089,0.9842630826102364,,,0.645988545158956,max_iter,,,,,stratified_labeled_val,4,True,4,20,39.9466,success,,0.5217053800680719,0.3882429518675209,0.385531266195997,2.238541841506958,0.6661894313273652,,,,,,,,,,,,"{0:4,1:16,2:10,3:20}","{0:337,1:5758,2:2947,3:7705}","{0:1350,1:23032,2:11787,3:30817}","{0:1346,1:23016,2:11777,3:30797}","{0:1,1:3,2:2,3:4}"
2026-07-07T23:43:26.897379+00:00,jannis,41168,rpl_lite_xgboost,1,100,66886,80,20,16747,4,54,54,4508.0,1506.0,3.0,"{3: 1500, 1: 1500, 2: 1500, 0: 8}",0.067398259725503,0.9915417472054288,,,0.6642830584222791,max_iter,,,,,stratified_labeled_val,4,True,7,42,46.5707,success,,0.5030154654564997,0.3830611786217375,0.3749487265676999,2.2119531631469727,0.6608930385292427,,,,,,,,,,,,"{0:7,1:32,2:19,3:42}","{0:337,1:5758,2:2947,3:7705}","{0:1350,1:23032,2:11787,3:30817}","{0:1343,1:23000,2:11768,3:30775}","{0:2,1:6,2:4,3:8}"
2026-07-07T23:44:13.482487+00:00,jannis,41168,rpl_lite_xgboost,1,250,66736,200,50,16747,4,54,54,4516.0,1514.0,3.0,"{2: 1500, 3: 1500, 1: 1500, 0: 16}",0.0676696235914648,0.9938017678165774,,,0.6837156733146095,max_iter,,,,,stratified_labeled_val,4,True,10,111,54.24,success,,0.5640413208335822,0.4311057720158473,0.4270395332249601,1.760634183883667,0.7126017152344412,,,,,,,,,,,,"{0:10,1:84,2:45,3:111}","{0:337,1:5758,2:2947,3:7705}","{0:1350,1:23032,2:11787,3:30817}","{0:1340,1:22948,2:11742,3:30706}","{0:2,1:17,2:9,3:22}"
2026-07-07T23:45:07.738032+00:00,jannis,41168,rpl_lite_xgboost,1,500,66486,400,100,16747,4,54,54,4500.0,1500.0,3.0,"{3: 1500, 1: 1500, 2: 1500}",0.06768342207382,0.9947671823104224,,,0.6642319050721892,max_iter,,,,,stratified_labeled_val,4,True,15,226,69.6392,success,,0.6093628709619633,0.4461531804674757,0.4458879988716278,1.5669182538986206,0.7318508447217832,,,,,,,,,,,,"{0:15,1:170,2:89,3:226}","{0:337,1:5758,2:2947,3:7705}","{0:1350,1:23032,2:11787,3:30817}","{0:1335,1:22862,2:11698,3:30591}","{0:3,1:34,2:18,3:45}"
2026-07-07T23:46:17.400456+00:00,jannis,41168,rpl_lite_xgboost,2,50,66936,40,10,16747,4,54,54,4279.0,1501.0,3.0,"{3: 1500, 1: 1500, 2: 1278, 0: 1}",0.063926735986614,0.9904702450104144,,,0.6507558139851355,max_iter,,,,,stratified_labeled_val,4,True,4,20,39.9013,success,,0.5429629187317131,0.3912270870498407,0.3876459031753489,2.243671417236328,0.6367118627314747,,,,,,,,,,,,"{0:4,1:16,2:10,3:20}","{0:337,1:5758,2:2947,3:7705}","{0:1350,1:23032,2:11787,3:30817}","{0:1346,1:23016,2:11777,3:30797}","{0:1,1:3,2:2,3:4}"
2026-07-07T23:46:57.316492+00:00,jannis,41168,rpl_lite_xgboost,2,100,66886,80,20,16747,4,54,54,4366.0,1503.0,3.0,"{3: 1500, 1: 1500, 2: 1361, 0: 5}",0.0652752444457734,0.9912181214569796,,,0.6467351008152502,max_iter,,,,,stratified_labeled_val,4,True,7,42,45.4691,success,,0.5490535618319698,0.4241745044900055,0.4107974956571025,2.1382412910461426,0.6848749879812417,,,,,,,,,,,,"{0:7,1:32,2:19,3:42}","{0:337,1:5758,2:2947,3:7705}","{0:1350,1:23032,2:11787,3:30817}","{0:1343,1:23000,2:11768,3:30775}","{0:2,1:6,2:4,3:8}"
2026-07-07T23:47:42.799964+00:00,jannis,41168,rpl_lite_xgboost,2,250,66736,200,50,16747,4,54,54,4502.0,1501.0,3.0,"{3: 1500, 2: 1500, 1: 1500, 0: 2}",0.0674598417645648,0.9961881213906288,,,0.6775398234826164,max_iter,,,,,stratified_labeled_val,4,True,10,111,58.835,success,,0.5878664835492924,0.4325225340485832,0.4311444581444023,1.7391067743301392,0.7080967973931435,,,,,,,,,,,,"{0:10,1:84,2:45,3:111}","{0:337,1:5758,2:2947,3:7705}","{0:1350,1:23032,2:11787,3:30817}","{0:1340,1:22948,2:11742,3:30706}","{0:2,1:17,2:9,3:22}"
2026-07-07T23:48:41.651247+00:00,jannis,41168,rpl_lite_xgboost,2,500,66486,400,100,16747,4,54,54,4500.0,1500.0,3.0,"{3: 1500, 2: 1500, 1: 1500}",0.06768342207382,0.9938971611791186,,,0.6809214887073429,max_iter,,,,,stratified_labeled_val,4,True,15,226,60.7442,success,,0.5928823072789157,0.4392324639066353,0.4357815473093603,1.567225217819214,0.7344538425785737,,,,,,,,,,,,"{0:15,1:170,2:89,3:226}","{0:337,1:5758,2:2947,3:7705}","{0:1350,1:23032,2:11787,3:30817}","{0:1335,1:22862,2:11698,3:30591}","{0:3,1:34,2:18,3:45}"
2026-07-07T23:49:42.410828+00:00,jannis,41168,sslae,0,50,66936,40,10,16747,4,54,54,,,,,,,,,,,,,,,stratified_labeled_val,4,True,4,20,53.3314,success,,0.5046874066997075,0.3493791644653418,0.3470245209052314,1.1348882512867786,0.6549015083008722,,5.0,0.9368519186973572,15.0,0.5060729384422302,,sslae,internal_stratified_val,,style_baseline,supervised_autoencoder,"{0:4,1:16,2:10,3:20}","{0:337,1:5758,2:2947,3:7705}","{0:1350,1:23032,2:11787,3:30817}","{0:1346,1:23016,2:11777,3:30797}","{0:1,1:3,2:2,3:4}"
2026-07-07T23:50:35.756231+00:00,jannis,41168,sslae,0,100,66886,80,20,16747,4,54,54,,,,,,,,,,,,,,,stratified_labeled_val,4,True,7,42,42.9476,success,,0.5428434943571983,0.3870731704184271,0.3764893344417382,1.064742511421532,0.687225301453988,,5.0,1.188977837562561,15.0,0.8261979222297668,,sslae,internal_stratified_val,,style_baseline,supervised_autoencoder,"{0:7,1:32,2:19,3:42}","{0:337,1:5758,2:2947,3:7705}","{0:1350,1:23032,2:11787,3:30817}","{0:1343,1:23000,2:11768,3:30775}","{0:2,1:6,2:4,3:8}"
2026-07-07T23:51:18.720062+00:00,jannis,41168,sslae,0,250,66736,200,50,16747,4,54,54,,,,,,,,,,,,,,,stratified_labeled_val,4,True,10,111,48.2187,success,,0.5526960052546724,0.3777965118833873,0.3810129671096365,1.014067207054803,0.6899857530844402,,7.0,1.011288046836853,17.0,1.0032365322113037,,sslae,internal_stratified_val,,style_baseline,supervised_autoencoder,"{0:10,1:84,2:45,3:111}","{0:337,1:5758,2:2947,3:7705}","{0:1350,1:23032,2:11787,3:30817}","{0:1340,1:22948,2:11742,3:30706}","{0:2,1:17,2:9,3:22}"
2026-07-07T23:52:06.953568+00:00,jannis,41168,sslae,0,500,66486,400,100,16747,4,54,54,,,,,,,,,,,,,,,stratified_labeled_val,4,True,15,226,85.9926,success,,0.5872096494894607,0.4066437570632448,0.4051681854203591,0.950769737707866,0.7257684585691572,,16.0,0.8941253423690796,26.0,1.0492632985115051,,sslae,internal_stratified_val,,style_baseline,supervised_autoencoder,"{0:15,1:170,2:89,3:226}","{0:337,1:5758,2:2947,3:7705}","{0:1350,1:23032,2:11787,3:30817}","{0:1335,1:22862,2:11698,3:30591}","{0:3,1:34,2:18,3:45}"
2026-07-07T23:53:32.961332+00:00,jannis,41168,sslae,1,50,66936,40,10,16747,4,54,54,,,,,,,,,,,,,,,stratified_labeled_val,4,True,4,20,46.8611,success,,0.5189586194542306,0.3435137223527275,0.3424441849752326,1.1115747609634568,0.6499464234454578,,5.0,1.104735255241394,15.0,0.4938016235828399,,sslae,internal_stratified_val,,style_baseline,supervised_autoencoder,"{0:4,1:16,2:10,3:20}","{0:337,1:5758,2:2947,3:7705}","{0:1350,1:23032,2:11787,3:30817}","{0:1346,1:23016,2:11777,3:30797}","{0:1,1:3,2:2,3:4}"
2026-07-07T23:54:19.835823+00:00,jannis,41168,sslae,1,100,66886,80,20,16747,4,54,54,,,,,,,,,,,,,,,stratified_labeled_val,4,True,7,42,39.6119,success,,0.5037320117035887,0.3021063292297636,0.2780419700600151,1.1087197925459262,0.6393251380811712,,1.0,1.234422206878662,11.0,0.8306777477264404,,sslae,internal_stratified_val,,style_baseline,supervised_autoencoder,"{0:7,1:32,2:19,3:42}","{0:337,1:5758,2:2947,3:7705}","{0:1350,1:23032,2:11787,3:30817}","{0:1343,1:23000,2:11768,3:30775}","{0:2,1:6,2:4,3:8}"
2026-07-07T23:54:59.475301+00:00,jannis,41168,sslae,1,250,66736,200,50,16747,4,54,54,,,,,,,,,,,,,,,stratified_labeled_val,4,True,10,111,71.1207,success,,0.5447542843494357,0.3788928698379887,0.3706737771099287,1.0251227195039985,0.6888749577827782,,11.0,0.9956077337265016,21.0,1.012670397758484,,sslae,internal_stratified_val,,style_baseline,supervised_autoencoder,"{0:10,1:84,2:45,3:111}","{0:337,1:5758,2:2947,3:7705}","{0:1350,1:23032,2:11787,3:30817}","{0:1340,1:22948,2:11742,3:30706}","{0:2,1:17,2:9,3:22}"
2026-07-07T23:56:10.608866+00:00,jannis,41168,sslae,1,500,66486,400,100,16747,4,54,54,,,,,,,,,,,,,,,stratified_labeled_val,4,True,15,226,92.3433,success,,0.562608228339404,0.3840022570746234,0.3817928209735441,1.040966354429438,0.7159293644965827,,22.0,1.0892013311386108,32.0,0.8746235370635986,,sslae,internal_stratified_val,,style_baseline,supervised_autoencoder,"{0:15,1:170,2:89,3:226}","{0:337,1:5758,2:2947,3:7705}","{0:1350,1:23032,2:11787,3:30817}","{0:1335,1:22862,2:11698,3:30591}","{0:3,1:34,2:18,3:45}"
2026-07-07T23:57:42.967576+00:00,jannis,41168,sslae,2,50,66936,40,10,16747,4,54,54,,,,,,,,,,,,,,,stratified_labeled_val,4,True,4,20,43.3347,success,,0.4822953364781752,0.328591823913436,0.3280546586866775,1.1527384267040872,0.6154393240303055,,3.0,1.306024432182312,13.0,0.592612087726593,,sslae,internal_stratified_val,,style_baseline,supervised_autoencoder,"{0:4,1:16,2:10,3:20}","{0:337,1:5758,2:2947,3:7705}","{0:1350,1:23032,2:11787,3:30817}","{0:1346,1:23016,2:11777,3:30797}","{0:1,1:3,2:2,3:4}"
2026-07-07T23:58:26.316712+00:00,jannis,41168,sslae,2,100,66886,80,20,16747,4,54,54,,,,,,,,,,,,,,,stratified_labeled_val,4,True,7,42,44.7468,success,,0.5160924344658745,0.36186731182322,0.3575358627232194,1.1139955043722245,0.6525912294619973,,5.0,1.14570951461792,15.0,0.7592207193374634,,sslae,internal_stratified_val,,style_baseline,supervised_autoencoder,"{0:7,1:32,2:19,3:42}","{0:337,1:5758,2:2947,3:7705}","{0:1350,1:23032,2:11787,3:30817}","{0:1343,1:23000,2:11768,3:30775}","{0:2,1:6,2:4,3:8}"
2026-07-07T23:59:11.078115+00:00,jannis,41168,sslae,2,250,66736,200,50,16747,4,54,54,,,,,,,,,,,,,,,stratified_labeled_val,4,True,10,111,106.8447,success,,0.5607571505344241,0.388159411066595,0.3893073839872692,1.0239557201307992,0.6857871543871616,,18.0,0.8978840112686157,28.0,1.000052571296692,,sslae,internal_stratified_val,,style_baseline,supervised_autoencoder,"{0:10,1:84,2:45,3:111}","{0:337,1:5758,2:2947,3:7705}","{0:1350,1:23032,2:11787,3:30817}","{0:1340,1:22948,2:11742,3:30706}","{0:2,1:17,2:9,3:22}"
2026-07-08T00:00:57.936134+00:00,jannis,41168,sslae,2,500,66486,400,100,16747,4,54,54,,,,,,,,,,,,,,,stratified_labeled_val,4,True,15,226,139.3453,success,,0.5589657849167015,0.3969600630974457,0.3965336730621327,0.9763112234041732,0.7160581680679166,,11.0,1.013359546661377,21.0,1.0634552240371704,,sslae,internal_stratified_val,,style_baseline,supervised_autoencoder,"{0:15,1:170,2:89,3:226}","{0:337,1:5758,2:2947,3:7705}","{0:1350,1:23032,2:11787,3:30817}","{0:1335,1:22862,2:11698,3:30591}","{0:3,1:34,2:18,3:45}"
2026-07-08T00:03:17.297470+00:00,jannis,41168,scarf,0,50,66936,40,10,16747,4,54,54,,,,,,,,,,,,,,,stratified_labeled_val,4,True,4,20,723.742,success,,0.5140025079118649,0.3350726422036322,0.3322305096637877,1.1241697772941412,0.6906698625448896,,9.0,0.9083957076072692,19.0,0.2670677006244659,19.0,scarf,internal_stratified_val,50.0,paper_faithful_core,SCARF,"{0:4,1:16,2:10,3:20}","{0:337,1:5758,2:2947,3:7705}","{0:1350,1:23032,2:11787,3:30817}","{0:1346,1:23016,2:11777,3:30797}","{0:1,1:3,2:2,3:4}"
2026-07-08T00:15:21.055284+00:00,jannis,41168,scarf,0,100,66886,80,20,16747,4,54,54,,,,,,,,,,,,,,,stratified_labeled_val,4,True,7,42,732.7123,success,,0.4997312951573416,0.3752630873309505,0.3623447953566603,1.1273410788755869,0.6805320157803705,,21.0,1.0441113710403442,31.0,0.4347889423370361,31.0,scarf,internal_stratified_val,50.0,paper_faithful_core,SCARF,"{0:7,1:32,2:19,3:42}","{0:337,1:5758,2:2947,3:7705}","{0:1350,1:23032,2:11787,3:30817}","{0:1343,1:23000,2:11768,3:30775}","{0:2,1:6,2:4,3:8}"
2026-07-08T00:27:33.782537+00:00,jannis,41168,scarf,0,250,66736,200,50,16747,4,54,54,,,,,,,,,,,,,,,stratified_labeled_val,4,True,10,111,630.3904,success,,0.5538902489998209,0.3902493811606288,0.3918593215453797,1.0107856489193676,0.7110441685074069,,14.0,1.020597219467163,24.0,0.6256359815597534,24.0,scarf,internal_stratified_val,50.0,paper_faithful_core,SCARF,"{0:10,1:84,2:45,3:111}","{0:337,1:5758,2:2947,3:7705}","{0:1350,1:23032,2:11787,3:30817}","{0:1340,1:22948,2:11742,3:30706}","{0:2,1:17,2:9,3:22}"
2026-07-08T00:38:04.185009+00:00,jannis,41168,scarf,0,500,66486,400,100,16747,4,54,54,,,,,,,,,,,,,,,stratified_labeled_val,4,True,15,226,529.3044,success,,0.5933600047769749,0.407787272604961,0.4115850766591921,0.9177455706884672,0.7570512682282321,,13.0,0.8540529012680054,23.0,0.6922633945941925,23.0,scarf,internal_stratified_val,50.0,paper_faithful_core,SCARF,"{0:15,1:170,2:89,3:226}","{0:337,1:5758,2:2947,3:7705}","{0:1350,1:23032,2:11787,3:30817}","{0:1335,1:22862,2:11698,3:30591}","{0:3,1:34,2:18,3:45}"
2026-07-08T00:46:53.507929+00:00,jannis,41168,scarf,1,50,66936,40,10,16747,4,54,54,,,,,,,,,,,,,,,stratified_labeled_val,4,True,4,20,524.4191,success,,0.5159730100913597,0.3282216965841092,0.3212902249630548,1.0791589259993273,0.6734224063436499,,11.0,1.1917587518692017,21.0,0.2759601771831512,21.0,scarf,internal_stratified_val,50.0,paper_faithful_core,SCARF,"{0:4,1:16,2:10,3:20}","{0:337,1:5758,2:2947,3:7705}","{0:1350,1:23032,2:11787,3:30817}","{0:1346,1:23016,2:11777,3:30797}","{0:1,1:3,2:2,3:4}"
2026-07-08T00:55:37.941327+00:00,jannis,41168,scarf,1,100,66886,80,20,16747,4,54,54,,,,,,,,,,,,,,,stratified_labeled_val,4,True,7,42,527.2435,success,,0.47686152743775,0.3071620404781945,0.3004111444453106,1.1481574840507085,0.6337201353866041,,4.0,1.202670335769653,14.0,0.7116752862930298,14.0,scarf,internal_stratified_val,50.0,paper_faithful_core,SCARF,"{0:7,1:32,2:19,3:42}","{0:337,1:5758,2:2947,3:7705}","{0:1350,1:23032,2:11787,3:30817}","{0:1343,1:23000,2:11768,3:30775}","{0:2,1:6,2:4,3:8}"
2026-07-08T01:04:25.197374+00:00,jannis,41168,scarf,1,250,66736,200,50,16747,4,54,54,,,,,,,,,,,,,,,stratified_labeled_val,4,True,10,111,467.6853,success,,0.5418283871738222,0.387574460162489,0.385638711655633,1.03320495683164,0.7045027734812535,,21.0,0.901889979839325,31.0,0.4942519068717956,31.0,scarf,internal_stratified_val,50.0,paper_faithful_core,SCARF,"{0:10,1:84,2:45,3:111}","{0:337,1:5758,2:2947,3:7705}","{0:1350,1:23032,2:11787,3:30817}","{0:1340,1:22948,2:11742,3:30706}","{0:2,1:17,2:9,3:22}"
2026-07-08T01:12:12.895054+00:00,jannis,41168,scarf,1,500,66486,400,100,16747,4,54,54,,,,,,,,,,,,,,,stratified_labeled_val,4,True,15,226,470.7255,success,,0.5850002985609363,0.3935562826372544,0.3953173579929389,0.9282810264958092,0.7373350880904741,,9.0,0.969459354877472,19.0,0.6526663601398468,19.0,scarf,internal_stratified_val,50.0,paper_faithful_core,SCARF,"{0:15,1:170,2:89,3:226}","{0:337,1:5758,2:2947,3:7705}","{0:1350,1:23032,2:11787,3:30817}","{0:1335,1:22862,2:11698,3:30591}","{0:3,1:34,2:18,3:45}"
2026-07-08T01:20:03.636436+00:00,jannis,41168,scarf,2,50,66936,40,10,16747,4,54,54,,,,,,,,,,,,,,,stratified_labeled_val,4,True,4,20,459.9089,success,,0.4099838777094405,0.3004995904009216,0.2986426176586146,1.2708348206146045,0.5777116536390376,,4.0,1.1757915019989014,14.0,0.458652913570404,14.0,scarf,internal_stratified_val,50.0,paper_faithful_core,SCARF,"{0:4,1:16,2:10,3:20}","{0:337,1:5758,2:2947,3:7705}","{0:1350,1:23032,2:11787,3:30817}","{0:1346,1:23016,2:11777,3:30797}","{0:1,1:3,2:2,3:4}"
2026-07-08T01:27:43.559667+00:00,jannis,41168,scarf,2,100,66886,80,20,16747,4,54,54,,,,,,,,,,,,,,,stratified_labeled_val,4,True,7,42,477.755,success,,0.5477398937123067,0.4107831191952498,0.3967614152370356,1.1160946735524842,0.6847882180826361,,20.0,0.9505897760391236,30.0,0.2441116571426391,30.0,scarf,internal_stratified_val,50.0,paper_faithful_core,SCARF,"{0:7,1:32,2:19,3:42}","{0:337,1:5758,2:2947,3:7705}","{0:1350,1:23032,2:11787,3:30817}","{0:1343,1:23000,2:11768,3:30775}","{0:2,1:6,2:4,3:8}"
2026-07-08T01:35:41.333818+00:00,jannis,41168,scarf,2,250,66736,200,50,16747,4,54,54,,,,,,,,,,,,,,,stratified_labeled_val,4,True,10,111,429.3859,success,,0.5793276407714815,0.4078124061734943,0.4079458113385901,1.0113003394735138,0.7253576053012298,,31.0,0.8553937077522278,41.0,0.4084742963314056,41.0,scarf,internal_stratified_val,50.0,paper_faithful_core,SCARF,"{0:10,1:84,2:45,3:111}","{0:337,1:5758,2:2947,3:7705}","{0:1350,1:23032,2:11787,3:30817}","{0:1340,1:22948,2:11742,3:30706}","{0:2,1:17,2:9,3:22}"
2026-07-08T01:42:50.749711+00:00,jannis,41168,scarf,2,500,66486,400,100,16747,4,54,54,,,,,,,,,,,,,,,stratified_labeled_val,4,True,15,226,449.7348,success,,0.5790290798351944,0.4166207627533339,0.4185004590154274,0.9345476021821912,0.7398816980332177,,11.0,1.007393479347229,21.0,0.676462322473526,21.0,scarf,internal_stratified_val,50.0,paper_faithful_core,SCARF,"{0:15,1:170,2:89,3:226}","{0:337,1:5758,2:2947,3:7705}","{0:1350,1:23032,2:11787,3:30817}","{0:1335,1:22862,2:11698,3:30591}","{0:3,1:34,2:18,3:45}"
2026-07-08T01:50:20.497304+00:00,jannis,41168,vime,0,50,66936,40,10,16747,4,54,54,,,,,,,,,,,,,,,stratified_labeled_val,4,True,4,20,923.6855,success,,0.4902370573834119,0.3255914610232221,0.3216920447174016,1.1235321931380822,0.6459481073765556,,14.0,0.9116429686546326,24.0,0.2328075170516967,24.0,vime,internal_stratified_val,50.0,paper_faithful_core,VIME,"{0:4,1:16,2:10,3:20}","{0:337,1:5758,2:2947,3:7705}","{0:1350,1:23032,2:11787,3:30817}","{0:1346,1:23016,2:11777,3:30797}","{0:1,1:3,2:2,3:4}"
2026-07-08T02:05:44.199392+00:00,jannis,41168,vime,0,100,66886,80,20,16747,4,54,54,,,,,,,,,,,,,,,stratified_labeled_val,4,True,7,42,993.2675,success,,0.503493162954559,0.3187928006094863,0.3045747740999021,1.0750238050467054,0.6512749976811825,,9.0,1.1688144207000732,19.0,0.5861068964004517,19.0,vime,internal_stratified_val,50.0,paper_faithful_core,VIME,"{0:7,1:32,2:19,3:42}","{0:337,1:5758,2:2947,3:7705}","{0:1350,1:23032,2:11787,3:30817}","{0:1343,1:23000,2:11768,3:30775}","{0:2,1:6,2:4,3:8}"
2026-07-08T02:22:17.484771+00:00,jannis,41168,vime,0,250,66736,200,50,16747,4,54,54,,,,,,,,,,,,,,,stratified_labeled_val,4,True,10,111,944.302,success,,0.5519794590075835,0.3874841684521568,0.3899337713796246,1.0178317110263344,0.7118193222376067,,23.0,1.1063692569732666,33.0,0.5431489944458008,33.0,vime,internal_stratified_val,50.0,paper_faithful_core,VIME,"{0:10,1:84,2:45,3:111}","{0:337,1:5758,2:2947,3:7705}","{0:1350,1:23032,2:11787,3:30817}","{0:1340,1:22948,2:11742,3:30706}","{0:2,1:17,2:9,3:22}"
2026-07-08T02:38:01.804207+00:00,jannis,41168,vime,0,500,66486,400,100,16747,4,54,54,,,,,,,,,,,,,,,stratified_labeled_val,4,True,15,226,959.7246,success,,0.5870902251149459,0.3893446497175234,0.3887278709135201,0.9205509854326352,0.7442791851134175,,16.0,0.8609932661056519,26.0,0.6611374914646149,26.0,vime,internal_stratified_val,50.0,paper_faithful_core,VIME,"{0:15,1:170,2:89,3:226}","{0:337,1:5758,2:2947,3:7705}","{0:1350,1:23032,2:11787,3:30817}","{0:1335,1:22862,2:11698,3:30591}","{0:3,1:34,2:18,3:45}"
2026-07-08T02:54:01.548568+00:00,jannis,41168,vime,1,50,66936,40,10,16747,4,54,54,,,,,,,,,,,,,,,stratified_labeled_val,4,True,4,20,1023.8224,success,,0.4926255448737087,0.318981225980115,0.3170277802373375,1.1104001020839134,0.6328284602431707,,6.0,1.3918681144714355,16.0,0.3790838718414306,16.0,vime,internal_stratified_val,50.0,paper_faithful_core,VIME,"{0:4,1:16,2:10,3:20}","{0:337,1:5758,2:2947,3:7705}","{0:1350,1:23032,2:11787,3:30817}","{0:1346,1:23016,2:11777,3:30797}","{0:1,1:3,2:2,3:4}"
2026-07-08T03:11:05.384724+00:00,jannis,41168,vime,1,100,66886,80,20,16747,4,54,54,,,,,,,,,,,,,,,stratified_labeled_val,4,True,7,42,928.0374,success,,0.4768018152504926,0.2971427327261106,0.2838970566981956,1.15730194381044,0.6120242285493197,,4.0,1.262808322906494,14.0,0.6799978017807007,14.0,vime,internal_stratified_val,50.0,paper_faithful_core,VIME,"{0:7,1:32,2:19,3:42}","{0:337,1:5758,2:2947,3:7705}","{0:1350,1:23032,2:11787,3:30817}","{0:1343,1:23000,2:11768,3:30775}","{0:2,1:6,2:4,3:8}"
2026-07-08T03:26:33.449190+00:00,jannis,41168,vime,1,250,66736,200,50,16747,4,54,54,,,,,,,,,,,,,,,stratified_labeled_val,4,True,10,111,807.6825,success,,0.5601600286618499,0.3956042601008495,0.3923593627913222,0.9930678730039144,0.7074219158303151,,21.0,1.0161702632904053,31.0,0.5214127898216248,31.0,vime,internal_stratified_val,50.0,paper_faithful_core,VIME,"{0:10,1:84,2:45,3:111}","{0:337,1:5758,2:2947,3:7705}","{0:1350,1:23032,2:11787,3:30817}","{0:1340,1:22948,2:11742,3:30706}","{0:2,1:17,2:9,3:22}"
2026-07-08T03:40:01.159872+00:00,jannis,41168,vime,1,500,66486,400,100,16747,4,54,54,,,,,,,,,,,,,,,stratified_labeled_val,4,True,15,226,821.8237,success,,0.5900161222905596,0.4068212832362269,0.4092816380036995,0.919602119843334,0.7444302053397012,,14.0,1.0054030418395996,24.0,0.6840592920780182,24.0,vime,internal_stratified_val,50.0,paper_faithful_core,VIME,"{0:15,1:170,2:89,3:226}","{0:337,1:5758,2:2947,3:7705}","{0:1350,1:23032,2:11787,3:30817}","{0:1335,1:22862,2:11698,3:30591}","{0:3,1:34,2:18,3:45}"
2026-07-08T03:53:43.010601+00:00,jannis,41168,vime,2,50,66936,40,10,16747,4,54,54,,,,,,,,,,,,,,,stratified_labeled_val,4,True,4,20,848.4703,success,,0.5021197826476383,0.3222598424535039,0.3165537967656365,1.13084747206888,0.6196484189075974,,8.0,1.386694312095642,18.0,0.4462003409862518,18.0,vime,internal_stratified_val,50.0,paper_faithful_core,VIME,"{0:4,1:16,2:10,3:20}","{0:337,1:5758,2:2947,3:7705}","{0:1350,1:23032,2:11787,3:30817}","{0:1346,1:23016,2:11777,3:30797}","{0:1,1:3,2:2,3:4}"
2026-07-08T04:07:51.505796+00:00,jannis,41168,vime,2,100,66886,80,20,16747,4,54,54,,,,,,,,,,,,,,,stratified_labeled_val,4,True,7,42,1285.2053,success,,0.521585955693557,0.3385932869253008,0.3359523436294406,1.0804496608291774,0.6513478147743468,,9.0,1.1341053247451782,19.0,0.5163555145263672,19.0,vime,internal_stratified_val,50.0,paper_faithful_core,VIME,"{0:7,1:32,2:19,3:42}","{0:337,1:5758,2:2947,3:7705}","{0:1350,1:23032,2:11787,3:30817}","{0:1343,1:23000,2:11768,3:30775}","{0:2,1:6,2:4,3:8}"
2026-07-08T04:29:16.737062+00:00,jannis,41168,vime,2,250,66736,200,50,16747,4,54,54,,,,,,,,,,,,,,,stratified_labeled_val,4,True,10,111,1208.3762,success,,0.5642801695826118,0.3965989199128888,0.3972685858019027,1.054571086652991,0.7092978366049613,,30.0,0.8045543432235718,40.0,0.3751232028007507,40.0,vime,internal_stratified_val,50.0,paper_faithful_core,VIME,"{0:10,1:84,2:45,3:111}","{0:337,1:5758,2:2947,3:7705}","{0:1350,1:23032,2:11787,3:30817}","{0:1340,1:22948,2:11742,3:30706}","{0:2,1:17,2:9,3:22}"
2026-07-08T04:49:25.139714+00:00,jannis,41168,vime,2,500,66486,400,100,16747,4,54,54,,,,,,,,,,,,,,,stratified_labeled_val,4,True,15,226,1062.6808,success,,0.5858362691825402,0.4163318025595152,0.4152408067775683,0.922491177287375,0.7491765628135263,,14.0,1.0224745273590088,24.0,0.6453180313110352,24.0,vime,internal_stratified_val,50.0,paper_faithful_core,VIME,"{0:15,1:170,2:89,3:226}","{0:337,1:5758,2:2947,3:7705}","{0:1350,1:23032,2:11787,3:30817}","{0:1335,1:22862,2:11698,3:30591}","{0:3,1:34,2:18,3:45}"
