timestamp_utc,dataset,dataset_id,method,seed,n_labeled,n_unlabeled,train_labeled_size,val_size,test_size,n_classes,n_features_before_preprocessing,n_features_after_preprocessing,n_pseudo_added_total,n_pseudo_added_last_iter,self_training_iterations,pseudo_label_class_distribution,pseudo_label_fraction,mean_selected_confidence,min_selected_confidence,max_selected_confidence,mean_selected_density,stopped_reason,graph_n_neighbors_used,graph_retry_count,graph_n_rows,graph_n_unlabeled_used,validation_strategy,labeled_classes_present,all_classes_present_in_labeled,min_labeled_per_class,max_labeled_per_class,runtime_seconds,status,error_message,metric_accuracy,metric_balanced_accuracy,metric_macro_f1,metric_log_loss,metric_roc_auc,metric_average_precision
2026-06-29T11:17:09.650323+00:00,phoneme,1489,logistic_regression,0,50,4273,40,10,1081,2,5,5,,,,,,,,,,,,,,,stratified_labeled_val,2,True,15,35,0.1274,success,,0.7215541165587419,0.5649185756519729,0.5544660743211509,0.5325736999511719,0.756990437181033,0.5155103461173063
2026-06-29T11:17:09.784757+00:00,phoneme,1489,logistic_regression,0,100,4223,80,20,1081,2,5,5,,,,,,,,,,,,,,,stratified_labeled_val,2,True,30,70,0.083,success,,0.7428307123034228,0.6593348968569871,0.6680796826126142,0.49859026074409485,0.7890935967099938,0.5436624605737574
2026-06-29T11:17:09.873691+00:00,phoneme,1489,logistic_regression,0,250,4073,200,50,1081,2,5,5,,,,,,,,,,,,,,,stratified_labeled_val,2,True,74,176,0.0779,success,,0.7335800185013877,0.6361793317587989,0.6454284542845428,0.4848199784755707,0.8027152460072341,0.580999261768317
2026-06-29T11:17:09.955800+00:00,phoneme,1489,logistic_regression,0,500,3823,400,100,1081,2,5,5,,,,,,,,,,,,,,,stratified_labeled_val,2,True,147,353,0.0856,success,,0.7400555041628122,0.652757362049317,0.6617967157335934,0.48462197184562683,0.7966538391662674,0.5576269903891635
2026-06-29T11:17:10.046163+00:00,phoneme,1489,logistic_regression,1,50,4273,40,10,1081,2,5,5,,,,,,,,,,,,,,,stratified_labeled_val,2,True,15,35,0.0719,success,,0.755781683626272,0.7109476935273424,0.7085943945693818,0.5269907712936401,0.7657109353064561,0.4897712284973896
2026-06-29T11:17:10.123557+00:00,phoneme,1489,logistic_regression,1,100,4223,80,20,1081,2,5,5,,,,,,,,,,,,,,,stratified_labeled_val,2,True,30,70,0.0806,success,,0.7752081406105458,0.7329966802649182,0.7310551572256856,0.5387507081031799,0.7791178753695476,0.5267474395073285
2026-06-29T11:17:10.209662+00:00,phoneme,1489,logistic_regression,1,250,4073,200,50,1081,2,5,5,,,,,,,,,,,,,,,stratified_labeled_val,2,True,74,176,0.0852,success,,0.7382053654024052,0.648679951112359,0.6577985089235278,0.48121482133865356,0.7981444167341074,0.5868583189900209
2026-06-29T11:17:10.298590+00:00,phoneme,1489,logistic_regression,1,500,3823,400,100,1081,2,5,5,,,,,,,,,,,,,,,stratified_labeled_val,2,True,147,353,0.0928,success,,0.7419056429232193,0.6559119361818091,0.6649782224014342,0.47965022921562195,0.8028804069565791,0.5841970820539464
2026-06-29T11:17:10.396134+00:00,phoneme,1489,logistic_regression,2,50,4273,40,10,1081,2,5,5,,,,,,,,,,,,,,,stratified_labeled_val,2,True,15,35,0.0657,success,,0.7317298797409806,0.7160800700282426,0.6980563260903067,0.5526778101921082,0.7813805803755761,0.5115932096260478
2026-06-29T11:17:10.465403+00:00,phoneme,1489,logistic_regression,2,100,4223,80,20,1081,2,5,5,,,,,,,,,,,,,,,stratified_labeled_val,2,True,30,70,0.1167,success,,0.7400555041628122,0.6638314037029085,0.6707358448639362,0.4965892732143402,0.8002254446958561,0.5999475938771114
2026-06-29T11:17:10.589164+00:00,phoneme,1489,logistic_regression,2,250,4073,200,50,1081,2,5,5,,,,,,,,,,,,,,,stratified_labeled_val,2,True,74,176,0.0804,success,,0.7493061979648473,0.6832956215832329,0.68837552668558,0.470234215259552,0.8171255388375972,0.5990215645319882
2026-06-29T11:17:10.675332+00:00,phoneme,1489,logistic_regression,2,500,3823,400,100,1081,2,5,5,,,,,,,,,,,,,,,stratified_labeled_val,2,True,147,353,0.069,success,,0.7419056429232193,0.6540662625728773,0.6634228978090052,0.4650449752807617,0.8208912084826665,0.5922171977662385
2026-06-29T11:17:10.748025+00:00,phoneme,1489,random_forest,0,50,4273,40,10,1081,2,5,5,,,,,,,,,,,,,,,stratified_labeled_val,2,True,15,35,1.3845,success,,0.7483811285846439,0.6051228797463127,0.6092784929890397,0.5061276784279808,0.7865872793036813,0.5909214029560469
2026-06-29T11:17:12.136716+00:00,phoneme,1489,random_forest,0,100,4223,80,20,1081,2,5,5,,,,,,,,,,,,,,,stratified_labeled_val,2,True,30,70,1.2798,success,,0.7567067530064755,0.6534634251077676,0.6665916124575915,0.4698327016587243,0.818461278015426,0.5775974185412389
2026-06-29T11:17:13.421908+00:00,phoneme,1489,random_forest,0,250,4073,200,50,1081,2,5,5,,,,,,,,,,,,,,,stratified_labeled_val,2,True,74,176,1.5322,success,,0.7955596669750231,0.7261693395213635,0.7381978575929427,0.40033374904726265,0.8739347118767239,0.6870838004049444
2026-06-29T11:17:14.958939+00:00,phoneme,1489,random_forest,0,500,3823,400,100,1081,2,5,5,,,,,,,,,,,,,,,stratified_labeled_val,2,True,147,353,2.1097,success,,0.8390379278445883,0.7883049531768709,0.7984712900820283,0.3644454868644062,0.9004884635076882,0.756293110045112
2026-06-29T11:17:17.081243+00:00,phoneme,1489,random_forest,1,50,4273,40,10,1081,2,5,5,,,,,,,,,,,,,,,stratified_labeled_val,2,True,15,35,2.3836,success,,0.7493061979648473,0.7054437048904157,0.7021829675060819,0.5958701960755367,0.77504665796819,0.5011878897296527
2026-06-29T11:17:19.481880+00:00,phoneme,1489,random_forest,1,100,4223,80,20,1081,2,5,5,,,,,,,,,,,,,,,stratified_labeled_val,2,True,30,70,5.2946,success,,0.7604070305272895,0.6994545559647877,0.7039693289221455,0.5194030570360548,0.82210720597222,0.5666775744187537
2026-06-29T11:17:24.787732+00:00,phoneme,1489,random_forest,1,250,4073,200,50,1081,2,5,5,,,,,,,,,,,,,,,stratified_labeled_val,2,True,74,176,2.5248,success,,0.8094357076780758,0.7350632566435992,0.7511977225395292,0.43845837246123326,0.8726526500074323,0.7025431833646796
2026-06-29T11:17:27.323923+00:00,phoneme,1489,random_forest,1,500,3823,400,100,1081,2,5,5,,,,,,,,,,,,,,,stratified_labeled_val,2,True,147,353,2.1933,success,,0.8334875115633672,0.7899152724329859,0.7952806605560185,0.39007006725957344,0.9002448511074042,0.7701815284847341
2026-06-29T11:17:29.530847+00:00,phoneme,1489,random_forest,2,50,4273,40,10,1081,2,5,5,,,,,,,,,,,,,,,stratified_labeled_val,2,True,15,35,2.2837,success,,0.7493061979648473,0.7063665416948817,0.7027016055783726,0.45705982472709483,0.8188824384362561,0.5663536966054947
2026-06-29T11:17:31.826586+00:00,phoneme,1489,random_forest,2,100,4223,80,20,1081,2,5,5,,,,,,,,,,,,,,,stratified_labeled_val,2,True,30,70,2.2449,success,,0.7779833487511564,0.7155804581564735,0.7226047609679324,0.4458550564161789,0.8521603052174345,0.6662896428369796
2026-06-29T11:17:34.081957+00:00,phoneme,1489,random_forest,2,250,4073,200,50,1081,2,5,5,,,,,,,,,,,,,,,stratified_labeled_val,2,True,74,176,2.2615,success,,0.7974098057354302,0.7579318545923002,0.7567409270682093,0.4682212238846611,0.8811646324343073,0.7383905291605405
2026-06-29T11:17:36.352436+00:00,phoneme,1489,random_forest,2,500,3823,400,100,1081,2,5,5,,,,,,,,,,,,,,,stratified_labeled_val,2,True,147,353,2.2386,success,,0.8307123034227567,0.7879519216476456,0.7924784818492234,0.40478909872633384,0.9057839364460668,0.7693180577035343
2026-06-29T11:17:38.601958+00:00,phoneme,1489,xgboost,0,50,4273,40,10,1081,2,5,5,,,,,,,,,,,,,,,stratified_labeled_val,2,True,15,35,1.8558,success,,0.7178538390379279,0.5752204898673758,0.5727333634847427,0.6989253759384155,0.7174364543247395,0.4894596274630001
2026-06-29T11:17:40.473716+00:00,phoneme,1489,xgboost,0,100,4223,80,20,1081,2,5,5,,,,,,,,,,,,,,,stratified_labeled_val,2,True,30,70,1.698,success,,0.7400555041628122,0.6490660148314533,0.6586099663174031,0.6025485396385193,0.7993831238541959,0.5520599712647642
2026-06-29T11:17:42.187234+00:00,phoneme,1489,xgboost,0,250,4073,200,50,1081,2,5,5,,,,,,,,,,,,,,,stratified_labeled_val,2,True,74,176,0.9112,success,,0.793709528214616,0.7433171750871224,0.7471185871714581,0.5339430570602417,0.8572018431961947,0.6652710939969073
2026-06-29T11:17:43.105830+00:00,phoneme,1489,xgboost,0,500,3823,400,100,1081,2,5,5,,,,,,,,,,,,,,,stratified_labeled_val,2,True,147,353,1.3114,success,,0.8279370952821462,0.7859885708623053,0.7896887159533074,0.4273487329483032,0.8899986787124052,0.7472636467802053
2026-06-29T11:17:44.431645+00:00,phoneme,1489,xgboost,1,50,4273,40,10,1081,2,5,5,,,,,,,,,,,,,,,stratified_labeled_val,2,True,15,35,2.1076,success,,0.7446808510638298,0.6975572695591854,0.6953486852316263,0.620797872543335,0.7815560638842551,0.5156570162605432
2026-06-29T11:17:46.553233+00:00,phoneme,1489,xgboost,1,100,4223,80,20,1081,2,5,5,,,,,,,,,,,,,,,stratified_labeled_val,2,True,30,70,1.6553,success,,0.7585568917668826,0.7036826762680232,0.7057343733866501,0.673229455947876,0.8120860653707037,0.5458235649329903
2026-06-29T11:17:48.220508+00:00,phoneme,1489,xgboost,1,250,4073,200,50,1081,2,5,5,,,,,,,,,,,,,,,stratified_labeled_val,2,True,74,176,1.1153,success,,0.8011100832562442,0.7365558987233058,0.7475278554179698,0.48700928688049316,0.8681189819479083,0.6953111528673974
2026-06-29T11:17:49.343267+00:00,phoneme,1489,xgboost,1,500,3823,400,100,1081,2,5,5,,,,,,,,,,,,,,,stratified_labeled_val,2,True,147,353,1.7938,success,,0.8353376503237743,0.7930698465654781,0.7979515633137884,0.4306551516056061,0.897645630667085,0.7701586913295899
2026-06-29T11:17:51.162733+00:00,phoneme,1489,xgboost,2,50,4273,40,10,1081,2,5,5,,,,,,,,,,,,,,,stratified_labeled_val,2,True,15,35,0.6276,success,,0.7465309898242368,0.7136315589542008,0.7051434692236018,0.6212489008903503,0.8223260442301022,0.606971559230674
2026-06-29T11:17:51.798259+00:00,phoneme,1489,xgboost,2,100,4223,80,20,1081,2,5,5,,,,,,,,,,,,,,,stratified_labeled_val,2,True,30,70,0.616,success,,0.786308973172988,0.7316217153616199,0.7364975450081833,0.5093028545379639,0.8382991725436438,0.6818048318456955
2026-06-29T11:17:52.446077+00:00,phoneme,1489,xgboost,2,250,4073,200,50,1081,2,5,5,,,,,,,,,,,,,,,stratified_labeled_val,2,True,74,176,1.3005,success,,0.8103607770582794,0.7689398318661536,0.7701805638953101,0.5082789659500122,0.8692709795695905,0.7209928149713579
2026-06-29T11:17:53.753173+00:00,phoneme,1489,xgboost,2,500,3823,400,100,1081,2,5,5,,,,,,,,,,,,,,,stratified_labeled_val,2,True,147,353,2.3011,success,,0.8344125809435707,0.7878012122813682,0.7949972719134217,0.43378177285194397,0.9016672997836391,0.7499272185154656
2026-06-29T11:17:56.064379+00:00,phoneme,1489,lightgbm,0,50,4273,40,10,1081,2,5,5,,,,,,,,,,,,,,,stratified_labeled_val,2,True,15,35,1.0459,success,,0.7067530064754857,0.5,0.4140921409214092,0.6051424941170336,0.5,0.29324699352451433
2026-06-29T11:17:57.117598+00:00,phoneme,1489,lightgbm,0,100,4223,80,20,1081,2,5,5,,,,,,,,,,,,,,,stratified_labeled_val,2,True,30,70,0.7736,success,,0.7659574468085106,0.6978442367086726,0.7054340462334983,0.6489962353223561,0.8015632483855517,0.5737991162100589
2026-06-29T11:17:57.897572+00:00,phoneme,1489,lightgbm,0,250,4073,200,50,1081,2,5,5,,,,,,,,,,,,,,,stratified_labeled_val,2,True,74,176,1.815,success,,0.7927844588344126,0.7500454192610699,0.7500454192610699,0.8270080807540554,0.8499388904487424,0.6616143027808177
2026-06-29T11:17:59.719384+00:00,phoneme,1489,lightgbm,0,500,3823,400,100,1081,2,5,5,,,,,,,,,,,,,,,stratified_labeled_val,2,True,147,353,4.3717,success,,0.8344125809435707,0.7905697226947661,0.7962175249621658,0.6693191303831689,0.8859563644771831,0.7481501094751634
2026-06-29T11:18:04.097881+00:00,phoneme,1489,lightgbm,1,50,4273,40,10,1081,2,5,5,,,,,,,,,,,,,,,stratified_labeled_val,2,True,15,35,0.2256,success,,0.7067530064754857,0.5,0.4140921409214092,0.5761794105518369,0.6447202173518093,0.37918122287149036
2026-06-29T11:18:04.329386+00:00,phoneme,1489,lightgbm,1,100,4223,80,20,1081,2,5,5,,,,,,,,,,,,,,,stratified_labeled_val,2,True,30,70,0.6708,success,,0.7613320999074931,0.7268712735560804,0.7200763597822422,0.7173270987544416,0.8039766627578575,0.5472675288715231
2026-06-29T11:18:05.006578+00:00,phoneme,1489,lightgbm,1,250,4073,200,50,1081,2,5,5,,,,,,,,,,,,,,,stratified_labeled_val,2,True,74,176,3.5135,success,,0.7974098057354302,0.7403979553074471,0.747656319117934,0.7430448948005086,0.8576188745932913,0.6646898351826592
2026-06-29T11:18:08.532205+00:00,phoneme,1489,lightgbm,1,500,3823,400,100,1081,2,5,5,,,,,,,,,,,,,,,stratified_labeled_val,2,True,147,353,4.0598,success,,0.8381128584643849,0.7941103605463524,0.8003769280365025,0.6888447628990183,0.8974928567889409,0.7575685766560208
2026-06-29T11:18:12.625868+00:00,phoneme,1489,lightgbm,2,50,4273,40,10,1081,2,5,5,,,,,,,,,,,,,,,stratified_labeled_val,2,True,15,35,0.2835,success,,0.7067530064754857,0.5,0.4140921409214092,0.6051424941170336,0.5,0.29324699352451433
2026-06-29T11:18:12.917693+00:00,phoneme,1489,lightgbm,2,100,4223,80,20,1081,2,5,5,,,,,,,,,,,,,,,stratified_labeled_val,2,True,30,70,0.6107,success,,0.7844588344125809,0.7358498356648554,0.737802992843201,0.5666645483754739,0.8147245115364923,0.6485338314911423
2026-06-29T11:18:13.532837+00:00,phoneme,1489,lightgbm,2,250,4073,200,50,1081,2,5,5,,,,,,,,,,,,,,,stratified_labeled_val,2,True,74,176,1.477,success,,0.8038852913968547,0.7634358432292269,0.7634358432292269,0.7647849077595217,0.8676193700761392,0.7283966267933096
2026-06-29T11:18:15.016697+00:00,phoneme,1489,lightgbm,2,500,3823,400,100,1081,2,5,5,,,,,,,,,,,,,,,stratified_labeled_val,2,True,147,353,3.9172,success,,0.8362627197039778,0.7900329496093943,0.797287805188132,0.6643697957479381,0.8993963367301434,0.7416603907741481
2026-06-29T11:18:18.944513+00:00,phoneme,1489,catboost,0,50,4273,40,10,1081,2,5,5,,,,,,,,,,,,,,,stratified_labeled_val,2,True,15,35,3.8138,success,,0.7696577243293247,0.6515516871190976,0.6671011834604934,0.6975903983388685,0.793627264769518,0.607332611866867
2026-06-29T11:18:22.765377+00:00,phoneme,1489,catboost,0,100,4223,80,20,1081,2,5,5,,,,,,,,,,,,,,,stratified_labeled_val,2,True,30,70,1.5976,success,,0.755781683626272,0.6611145060861809,0.6733660519713589,0.7324582456642603,0.825495069945662,0.5882385878974816
2026-06-29T11:18:24.368976+00:00,phoneme,1489,catboost,0,250,4073,200,50,1081,2,5,5,,,,,,,,,,,,,,,stratified_labeled_val,2,True,74,176,2.3284,success,,0.7927844588344126,0.7408170512164104,0.7452381553586007,0.5343746150470556,0.869733430227757,0.6717264378115148
2026-06-29T11:18:26.703159+00:00,phoneme,1489,catboost,0,500,3823,400,100,1081,2,5,5,,,,,,,,,,,,,,,stratified_labeled_val,2,True,147,353,3.0028,success,,0.8251618871415356,0.7701826680099757,0.7804113639368154,0.4042372229105427,0.8949782813351611,0.7635521643965519
2026-06-29T11:18:29.712701+00:00,phoneme,1489,catboost,1,50,4273,40,10,1081,2,5,5,,,,,,,,,,,,,,,stratified_labeled_val,2,True,15,35,1.5385,success,,0.7409805735430157,0.6820197532495417,0.6840105232388191,0.8032868949836679,0.7736902736716932,0.49016959656558295
2026-06-29T11:18:31.259316+00:00,phoneme,1489,catboost,1,100,4223,80,20,1081,2,5,5,,,,,,,,,,,,,,,stratified_labeled_val,2,True,30,70,2.2287,success,,0.7622571692876966,0.7081461509240755,0.7102441914190386,0.8932677885892628,0.8230795910614894,0.5435447021252191
2026-06-29T11:18:33.538869+00:00,phoneme,1489,catboost,1,250,4073,200,50,1081,2,5,5,,,,,,,,,,,,,,,stratified_labeled_val,2,True,74,176,4.3586,success,,0.8149861239592969,0.753755347085735,0.7653957671406497,0.46778016838488057,0.8791723784828315,0.6978053869873138
2026-06-29T11:18:37.909647+00:00,phoneme,1489,catboost,1,500,3823,400,100,1081,2,5,5,,,,,,,,,,,,,,,stratified_labeled_val,2,True,147,353,3.2797,success,,0.8371877890841813,0.7953015838935042,0.800221770467566,0.4206711982921,0.8982113069185922,0.7649412694595895
2026-06-29T11:18:41.202205+00:00,phoneme,1489,catboost,2,50,4273,40,10,1081,2,5,5,,,,,,,,,,,,,,,stratified_labeled_val,2,True,15,35,3.3155,success,,0.7400555041628122,0.6952078550547509,0.6917311851200099,0.6641556587458769,0.8153645102152048,0.5685941680945976
2026-06-29T11:18:44.531728+00:00,phoneme,1489,catboost,2,100,4223,80,20,1081,2,5,5,,,,,,,,,,,,,,,stratified_labeled_val,2,True,30,70,4.3208,success,,0.7659574468085106,0.7199923200158554,0.718974678302543,0.58758550495887,0.8450852230498621,0.6578522159650071
2026-06-29T11:18:48.865774+00:00,phoneme,1489,catboost,2,250,4073,200,50,1081,2,5,5,,,,,,,,,,,,,,,stratified_labeled_val,2,True,74,176,4.0657,success,,0.8075855689176689,0.771590665103143,0.7695851778980161,0.4896933406190403,0.885601268436091,0.7466725363757941
2026-06-29T11:18:52.943529+00:00,phoneme,1489,catboost,2,500,3823,400,100,1081,2,5,5,,,,,,,,,,,,,,,stratified_labeled_val,2,True,147,353,3.9544,success,,0.8344125809435707,0.7896468858903001,0.7958141149630511,0.3876741953980498,0.9088476720564189,0.7795626182913828
2026-06-29T11:18:56.911505+00:00,phoneme,1489,mlp,0,50,4273,40,10,1081,2,5,5,,,,,,,,,,,,,,,stratified_labeled_val,2,True,15,35,0.3563,success,,0.7067530064754857,0.5,0.4140921409214092,0.6253673434257507,0.7114803375889804,0.4781134256532181
2026-06-29T11:18:57.285981+00:00,phoneme,1489,mlp,0,100,4223,80,20,1081,2,5,5,,,,,,,,,,,,,,,stratified_labeled_val,2,True,30,70,0.5211,success,,0.7132284921369103,0.5590285232959519,0.5484617706345869,0.5224124789237976,0.798937189290964,0.561507673054279
2026-06-29T11:18:57.819088+00:00,phoneme,1489,mlp,0,250,4073,200,50,1081,2,5,5,,,,,,,,,,,,,,,stratified_labeled_val,2,True,74,176,0.3817,success,,0.7224791859389454,0.5572674946735594,0.5398694665153234,0.5253142714500427,0.8022280212066659,0.5870010079356894
2026-06-29T11:18:58.211570+00:00,phoneme,1489,mlp,0,500,3823,400,100,1081,2,5,5,,,,,,,,,,,,,,,stratified_labeled_val,2,True,147,353,0.5468,success,,0.7687326549491211,0.7044217715163427,0.7110466260082628,0.46528133749961853,0.8163637339587428,0.5863552115899504
2026-06-29T11:18:58.767372+00:00,phoneme,1489,mlp,1,50,4273,40,10,1081,2,5,5,,,,,,,,,,,,,,,stratified_labeled_val,2,True,15,35,0.1938,success,,0.7039777983348752,0.5146477116950469,0.461968220787139,0.6436046957969666,0.5549738219895288,0.348131180606822
2026-06-29T11:18:58.971484+00:00,phoneme,1489,mlp,1,100,4223,80,20,1081,2,5,5,,,,,,,,,,,,,,,stratified_labeled_val,2,True,30,70,0.3107,success,,0.7030527289546716,0.5130704246288007,0.4590660732519077,0.6416028738021851,0.5612458090409104,0.3575524514868684
2026-06-29T11:18:59.292910+00:00,phoneme,1489,mlp,1,250,4073,200,50,1081,2,5,5,,,,,,,,,,,,,,,stratified_labeled_val,2,True,74,176,0.3219,success,,0.7493061979648473,0.6159285348572183,0.6240289533294404,0.5232842564582825,0.7954068739987118,0.5984606709962267
2026-06-29T11:18:59.624719+00:00,phoneme,1489,mlp,1,500,3823,400,100,1081,2,5,5,,,,,,,,,,,,,,,stratified_labeled_val,2,True,147,353,0.3548,success,,0.7446808510638298,0.5969680578723967,0.5979853183714388,0.5678489208221436,0.7486704543577716,0.5599692823441828
2026-06-29T11:18:59.990643+00:00,phoneme,1489,mlp,2,50,4273,40,10,1081,2,5,5,,,,,,,,,,,,,,,stratified_labeled_val,2,True,15,35,0.2505,success,,0.6919518963922294,0.552281698515203,0.5466432078910148,0.6614837646484375,0.6130733149454144,0.3702783564611365
2026-06-29T11:19:00.250331+00:00,phoneme,1489,mlp,2,100,4223,80,20,1081,2,5,5,,,,,,,,,,,,,,,stratified_labeled_val,2,True,30,70,0.278,success,,0.4801110083256244,0.38857003650056976,0.3912556413277862,0.6948748230934143,0.37192594183031363,0.22333209689819078
2026-06-29T11:19:00.539123+00:00,phoneme,1489,mlp,2,250,4073,200,50,1081,2,5,5,,,,,,,,,,,,,,,stratified_labeled_val,2,True,74,176,0.3563,success,,0.730804810360777,0.5576205262027846,0.5344909486694182,0.5730918049812317,0.7895725634630947,0.6097554111469476
2026-06-29T11:19:00.905609+00:00,phoneme,1489,mlp,2,500,3823,400,100,1081,2,5,5,,,,,,,,,,,,,,,stratified_labeled_val,2,True,147,353,0.4714,success,,0.7631822386679001,0.6949580491188663,0.7022551213634016,0.45331209897994995,0.8306604786364312,0.6282271956129122
2026-06-29T11:19:01.390151+00:00,phoneme,1489,label_spreading,0,50,4273,40,10,1081,2,5,5,,,,,,,,,,,30,2,4313,4273,stratified_labeled_val,2,True,15,35,2.9319,success,,0.7206290471785384,0.6196343336581498,0.6272754258574234,1.0694937164879854,0.7321997786843278,0.49887812883738497
2026-06-29T11:19:04.332573+00:00,phoneme,1489,label_spreading,0,100,4223,80,20,1081,2,5,5,,,,,,,,,,,15,1,4303,4223,stratified_labeled_val,2,True,30,70,1.4127,success,,0.7261794634597595,0.6558603233851388,0.6599733059024561,1.2120790406453843,0.7824252233801839,0.5336475332282942
2026-06-29T11:19:05.756037+00:00,phoneme,1489,label_spreading,0,250,4073,200,50,1081,2,5,5,,,,,,,,,,,15,1,4273,4073,stratified_labeled_val,2,True,74,176,1.5403,success,,0.782608695652174,0.7225440566832377,0.7292202511082853,0.7404221464751042,0.8478702495581945,0.6347861768196392
2026-06-29T11:19:07.312791+00:00,phoneme,1489,label_spreading,0,500,3823,400,100,1081,2,5,5,,,,,,,,,,,15,1,4223,3823,stratified_labeled_val,2,True,147,353,1.612,success,,0.7964847363552267,0.737897831436735,0.7457210308872713,0.509016085050379,0.8674707252217284,0.7115438501413902
2026-06-29T11:19:08.930845+00:00,phoneme,1489,label_spreading,1,50,4273,40,10,1081,2,5,5,,,,,,,,,,,30,2,4313,4273,stratified_labeled_val,2,True,15,35,2.5008,success,,0.7058279370952821,0.7115980147653889,0.68074542698783,1.2613477984814592,0.7554399887690555,0.43730344514659936
2026-06-29T11:19:11.441067+00:00,phoneme,1489,label_spreading,1,100,4223,80,20,1081,2,5,5,,,,,,,,,,,15,1,4303,4223,stratified_labeled_val,2,True,30,70,1.7712,success,,0.7659574468085106,0.7209151568203214,0.719483138299891,1.6238281235832133,0.814183609427387,0.5399081945667615
2026-06-29T11:19:13.218255+00:00,phoneme,1489,label_spreading,1,250,4073,200,50,1081,2,5,5,,,,,,,,,,,30,2,4273,4073,stratified_labeled_val,2,True,74,176,2.4001,success,,0.7696577243293247,0.6986163641468611,0.707602027902672,0.5047216867777846,0.8438155482517713,0.6723437605495916
2026-06-29T11:19:15.629781+00:00,phoneme,1489,label_spreading,1,500,3823,400,100,1081,2,5,5,,,,,,,,,,,15,1,4223,3823,stratified_labeled_val,2,True,147,353,1.6112,success,,0.8149861239592969,0.7685207359571903,0.7729792846222342,0.4879831927089157,0.8748162584438535,0.7243065752684335
2026-06-29T11:19:17.252389+00:00,phoneme,1489,label_spreading,2,50,4273,40,10,1081,2,5,5,,,,,,,,,,,30,2,4313,4273,stratified_labeled_val,2,True,15,35,2.0757,success,,0.7474560592044404,0.6459960856855005,0.6575004787354422,0.97516405172808,0.7937965547425966,0.5544887971157484
2026-06-29T11:19:19.333159+00:00,phoneme,1489,label_spreading,2,100,4223,80,20,1081,2,5,5,,,,,,,,,,,15,1,4303,4223,stratified_labeled_val,2,True,30,70,1.4903,success,,0.7604070305272895,0.6985317191603218,0.7033759409250067,0.862543153391143,0.8388978809850198,0.6088682514843166
2026-06-29T11:19:20.835603+00:00,phoneme,1489,label_spreading,2,250,4073,200,50,1081,2,5,5,,,,,,,,,,,15,1,4273,4073,stratified_labeled_val,2,True,74,176,1.8065,success,,0.782608695652174,0.7271582407055676,0.731934731934732,0.6260923000928402,0.8598072571721143,0.6618624827618184
2026-06-29T11:19:22.653744+00:00,phoneme,1489,label_spreading,2,500,3823,400,100,1081,2,5,5,,,,,,,,,,,15,1,4223,3823,stratified_labeled_val,2,True,147,353,1.4149,success,,0.8260869565217391,0.7717599550762217,0.781801862159005,0.4222874250978453,0.8971625348902506,0.7451465898540682
2026-06-29T11:19:24.081145+00:00,phoneme,1489,label_propagation,0,50,4273,40,10,1081,2,5,5,,,,,,,,,,,15,1,4313,4273,stratified_labeled_val,2,True,15,35,3.7072,success,,0.7437557816836263,0.6018506284374122,0.6054645759136503,0.6564298097370243,0.7379308636266043,0.5348427862213693
2026-06-29T11:19:27.797397+00:00,phoneme,1489,label_propagation,0,100,4223,80,20,1081,2,5,5,,,,,,,,,,,15,1,4303,4223,stratified_labeled_val,2,True,30,70,3.6622,success,,0.7317298797409806,0.5951884486432029,0.5983122168235029,0.6063522169615828,0.7762358168034751,0.5420097225206013
2026-06-29T11:19:31.464968+00:00,phoneme,1489,label_propagation,0,250,4073,200,50,1081,2,5,5,,,,,,,,,,,15,1,4273,4073,stratified_labeled_val,2,True,74,176,3.5557,success,,0.7705827937095282,0.6965023039952434,0.706538111251226,0.5182568508310299,0.8327580226931145,0.6148117271962534
2026-06-29T11:19:35.029886+00:00,phoneme,1489,label_propagation,0,500,3823,400,100,1081,2,5,5,,,,,,,,,,,15,1,4223,3823,stratified_labeled_val,2,True,147,353,2.7077,success,,0.793709528214616,0.7211690917799396,0.7340484567257675,0.4305599892510285,0.8631847985862222,0.6943441195863734
2026-06-29T11:19:37.749039+00:00,phoneme,1489,label_propagation,1,50,4273,40,10,1081,2,5,5,,,,,,,,,,,15,1,4313,4273,stratified_labeled_val,2,True,15,35,2.4638,success,,0.6901017576318224,0.6884754818570697,0.6619405778661093,0.804178222983654,0.7316299734090871,0.410321679860002
2026-06-29T11:19:40.218525+00:00,phoneme,1489,label_propagation,1,100,4223,80,20,1081,2,5,5,,,,,,,,,,,15,1,4303,4223,stratified_labeled_val,2,True,30,70,2.163,success,,0.7437557816836263,0.6987484929063372,0.6955892324693163,0.5010834026206524,0.8193882438436255,0.5659719539753181
2026-06-29T11:19:42.385105+00:00,phoneme,1489,label_propagation,1,250,4073,200,50,1081,2,5,5,,,,,,,,,,,15,1,4273,4073,stratified_labeled_val,2,True,74,176,1.6023,success,,0.7659574468085106,0.6692362957702281,0.6834047764849969,0.4786043591593839,0.8401448461525757,0.6345541628850772
2026-06-29T11:19:43.994101+00:00,phoneme,1489,label_propagation,1,500,3823,400,100,1081,2,5,5,,,,,,,,,,,15,1,4223,3823,stratified_labeled_val,2,True,147,353,1.4022,success,,0.8001850138760407,0.7423613060927874,0.750344284871139,0.41828253452664316,0.8697582043701587,0.7292917755715189
2026-06-29T11:19:45.401498+00:00,phoneme,1489,label_propagation,2,50,4273,40,10,1081,2,5,5,,,,,,,,,,,15,1,4313,4273,stratified_labeled_val,2,True,15,35,2.2653,success,,0.7224791859389454,0.5904896196343337,0.5934459933808043,0.5975255861407099,0.8102589723685732,0.5592065136035872
2026-06-29T11:19:47.671590+00:00,phoneme,1489,label_propagation,2,100,4223,80,20,1081,2,5,5,,,,,,,,,,,15,1,4303,4223,stratified_labeled_val,2,True,30,70,2.1168,success,,0.7659574468085106,0.67108196937916,0.6850091620338218,0.5330862545126955,0.8453370934976134,0.655786394432977
2026-06-29T11:19:49.795452+00:00,phoneme,1489,label_propagation,2,250,4073,200,50,1081,2,5,5,,,,,,,,,,,15,1,4273,4073,stratified_labeled_val,2,True,74,176,2.1317,success,,0.7715078630897317,0.6639346292962491,0.6800307258318683,0.4712764838565628,0.859976547145193,0.6394717499457158
2026-06-29T11:19:51.931440+00:00,phoneme,1489,label_propagation,2,500,3823,400,100,1081,2,5,5,,,,,,,,,,,15,1,4223,3823,stratified_labeled_val,2,True,147,353,1.4961,success,,0.8029602220166513,0.7304821048111385,0.7448168856428813,0.41636243556371855,0.8800312154194263,0.6938883696633157
2026-06-29T11:19:53.433532+00:00,phoneme,1489,self_training_lr,0,50,4273,40,10,1081,2,5,5,2116.0,506.0,5.0,"{0: 2136, 1: 20}",0.4952024338871987,0.9838168831482276,0.9501460790634155,0.9957894682884216,,max_iter,,,,,stratified_labeled_val,2,True,15,35,0.2002,success,,0.7187789084181314,0.5611095512577007,0.5492076730608841,0.9141955971717834,0.770157893867574,0.517856183146066
2026-06-29T11:19:53.639674+00:00,phoneme,1489,self_training_lr,0,100,4223,80,20,1081,2,5,5,2111.0,159.0,5.0,"{0: 2112, 1: 79}",0.4998816007577552,0.9740326806359356,0.9500470161437988,0.9969437718391418,,max_iter,,,,,stratified_labeled_val,2,True,30,70,0.1882,success,,0.7326549491211841,0.633679207888087,0.6428782906205668,0.7436176538467407,0.7960014534163542,0.5499290190983781
2026-06-29T11:19:53.832394+00:00,phoneme,1489,self_training_lr,0,250,4073,200,50,1081,2,5,5,1767.0,128.0,5.0,"{0: 1899, 1: 68}",0.4338325558556347,0.9700679732839739,0.9500084519386292,0.9919138550758362,,max_iter,,,,,stratified_labeled_val,2,True,74,176,0.1326,success,,0.7317298797409806,0.6256420631905792,0.6347598542255031,0.5812085270881653,0.7992881563083225,0.5692267053061957
2026-06-29T11:19:53.969513+00:00,phoneme,1489,self_training_lr,0,500,3823,400,100,1081,2,5,5,1485.0,47.0,5.0,"{0: 1767, 1: 118}",0.388438399162961,0.9650666644276192,0.9500049948692322,0.9878822565078735,,max_iter,,,,,stratified_labeled_val,2,True,147,353,0.1369,success,,0.7243293246993524,0.6296348291409979,0.6375258799171842,0.5309350490570068,0.7869341172973063,0.5426038928546016
2026-06-29T11:19:54.111015+00:00,phoneme,1489,self_training_lr,1,50,4273,40,10,1081,2,5,5,2136.0,106.0,5.0,"{0: 2134, 1: 42}",0.4998829861923707,0.9855143560396598,0.9519546031951904,0.9970828294754028,,max_iter,,,,,stratified_labeled_val,2,True,15,35,0.1226,success,,0.7030527289546716,0.6062769418798619,0.6118491921005387,0.7638890147209167,0.760888235585578,0.4909603274113836
2026-06-29T11:19:54.239554+00:00,phoneme,1489,self_training_lr,1,100,4223,80,20,1081,2,5,5,2111.0,332.0,4.0,"{0: 1857, 1: 334}",0.4998816007577552,0.9823425355707509,0.9500224590301514,0.9948469400405884,,max_total_pseudo_fraction,,,,,stratified_labeled_val,2,True,30,70,0.1496,success,,0.7733580018501388,0.7316877797413579,0.7293260361893374,0.8612346649169922,0.7831684476522371,0.5305927377352733
2026-06-29T11:19:54.396190+00:00,phoneme,1489,self_training_lr,1,250,4073,200,50,1081,2,5,5,1913.0,113.0,5.0,"{0: 2049, 1: 64}",0.46967836975202554,0.9728983316942466,0.9500067830085754,0.990675687789917,,max_iter,,,,,stratified_labeled_val,2,True,74,176,0.1773,success,,0.7141535615171137,0.6113618346078253,0.6181639854732013,0.6083618402481079,0.7822848365732407,0.5529021161203038
2026-06-29T11:19:54.578946+00:00,phoneme,1489,self_training_lr,1,500,3823,400,100,1081,2,5,5,1431.0,132.0,5.0,"{0: 1712, 1: 119}",0.37431336646612606,0.9615776276855016,0.9500346779823303,0.9781062602996826,,max_iter,,,,,stratified_labeled_val,2,True,147,353,0.1301,success,,0.7252543940795559,0.6330577898161759,0.6408698132519002,0.5211670398712158,0.7885815977670241,0.5543438771985711
2026-06-29T11:19:54.713993+00:00,phoneme,1489,self_training_lr,2,50,4273,40,10,1081,2,5,5,2136.0,254.0,4.0,"{0: 1648, 1: 528}",0.4998829861923707,0.985715457451031,0.9501006603240967,0.9981406331062317,,max_total_pseudo_fraction,,,,,stratified_labeled_val,2,True,15,35,0.1889,success,,0.7428307123034228,0.7350075148231952,0.7129064924146892,0.9438706636428833,0.7909227542239914,0.5211141479599869
2026-06-29T11:19:54.909889+00:00,phoneme,1489,self_training_lr,2,100,4223,80,20,1081,2,5,5,2111.0,324.0,4.0,"{0: 1810, 1: 381}",0.4998816007577552,0.979814487969576,0.95035719871521,0.9955135583877563,,max_total_pseudo_fraction,,,,,stratified_labeled_val,2,True,30,70,0.1458,success,,0.7437557816836263,0.6821374304259501,0.685268629027596,0.753884494304657,0.8052628536508827,0.5978296633421497
2026-06-29T11:19:55.061795+00:00,phoneme,1489,self_training_lr,2,250,4073,200,50,1081,2,5,5,1822.0,147.0,5.0,"{0: 1832, 1: 190}",0.447336115885097,0.9695542903553641,0.9500643014907837,0.9859105348587036,,max_iter,,,,,stratified_labeled_val,2,True,74,176,0.1423,success,,0.7465309898242368,0.6841007812112905,0.6877566940754797,0.5792331099510193,0.8097015541645334,0.5863090036412919
2026-06-29T11:19:55.208554+00:00,phoneme,1489,self_training_lr,2,500,3823,400,100,1081,2,5,5,1560.0,80.0,5.0,"{0: 1835, 1: 125}",0.4080565001307873,0.9648990787756748,0.950001060962677,0.9857752919197083,,max_iter,,,,,stratified_labeled_val,2,True,147,353,0.2913,success,,0.7372802960222017,0.645256990437181,0.6545548654244306,0.5156462788581848,0.8128396122020908,0.568870270431301
2026-06-29T11:19:55.524375+00:00,phoneme,1489,self_training_xgboost,0,50,4273,40,10,1081,2,5,5,1631.0,589.0,3.0,"{0: 1528, 1: 143}",0.38169904048677744,0.9941809342581388,0.9505071640014648,0.9998363256454468,,max_iter,,,,,stratified_labeled_val,2,True,15,35,8.5346,success,,0.7409805735430157,0.6349550762217782,0.645507355007964,1.0709506273269653,0.741876145804086,0.5273529978982499
2026-06-29T11:20:04.068938+00:00,phoneme,1489,self_training_xgboost,0,100,4223,80,20,1081,2,5,5,1948.0,569.0,3.0,"{0: 1556, 1: 472}",0.46128344778593416,0.9949816970242612,0.9501196146011353,0.999845564365387,,max_iter,,,,,stratified_labeled_val,2,True,30,70,5.3281,success,,0.7650323774283071,0.7156465225362115,0.71604409696368,0.8420788645744324,0.819437792128429,0.5907771194176744
2026-06-29T11:20:09.427946+00:00,phoneme,1489,self_training_xgboost,0,250,4073,200,50,1081,2,5,5,1989.0,522.0,3.0,"{0: 1641, 1: 548}",0.48833783452000984,0.9965423173854074,0.9678768515586853,0.9998683929443359,,max_iter,,,,,stratified_labeled_val,2,True,74,176,11.7895,success,,0.790009250693802,0.7619246205427188,0.753915350017299,0.7719103097915649,0.8481551521958148,0.6470559577836558
2026-06-29T11:20:21.239381+00:00,phoneme,1489,self_training_xgboost,0,500,3823,400,100,1081,2,5,5,1867.0,490.0,3.0,"{0: 1761, 1: 506}",0.48835992675908974,0.9959541591783226,0.9687668085098267,0.999881386756897,,max_iter,,,,,stratified_labeled_val,2,True,147,353,7.1969,success,,0.8233117483811286,0.7882533403802006,0.7874555421159637,0.537536084651947,0.8853948172494096,0.7364058933853442
2026-06-29T11:20:28.447815+00:00,phoneme,1489,self_training_xgboost,1,50,4273,40,10,1081,2,5,5,1926.0,587.0,3.0,"{0: 1372, 1: 594}",0.4507371869880646,0.9956611216934794,0.9507728219032288,0.9998273253440857,,max_iter,,,,,stratified_labeled_val,2,True,15,35,7.4071,success,,0.7520814061054579,0.728632302178473,0.7156357725620146,1.124064326286316,0.7797785191669282,0.5137549885935052
2026-06-29T11:20:35.866760+00:00,phoneme,1489,self_training_xgboost,1,100,4223,80,20,1081,2,5,5,2062.0,541.0,3.0,"{0: 1430, 1: 712}",0.4882784750177599,0.9962821754289991,0.9731892347335815,0.999761700630188,,max_iter,,,,,stratified_labeled_val,2,True,30,70,6.0714,success,,0.7724329324699353,0.7485672287644309,0.7369548702609026,1.126977801322937,0.8038404049746477,0.5365046243877405
2026-06-29T11:20:41.945540+00:00,phoneme,1489,self_training_xgboost,1,250,4073,200,50,1081,2,5,5,1950.0,531.0,3.0,"{0: 1641, 1: 509}",0.47876258286275475,0.9947705486493232,0.95041424036026,0.999882161617279,,max_iter,,,,,stratified_labeled_val,2,True,74,176,8.1327,success,,0.8029602220166513,0.7747782714255042,0.7679277859137781,0.6438838243484497,0.8704787190116768,0.703947589964714
2026-06-29T11:20:50.086264+00:00,phoneme,1489,self_training_xgboost,1,500,3823,400,100,1081,2,5,5,1867.0,490.0,3.0,"{0: 1769, 1: 498}",0.48835992675908974,0.9964937656782628,0.9669790267944336,0.9999207854270935,,max_iter,,,,,stratified_labeled_val,2,True,147,353,7.7673,success,,0.8408880666049954,0.8099162633986821,0.8087733155612602,0.5159822106361389,0.900824978941979,0.7788850491532908
2026-06-29T11:20:57.861722+00:00,phoneme,1489,self_training_xgboost,2,50,4273,40,10,1081,2,5,5,2086.0,547.0,3.0,"{0: 1204, 1: 922}",0.48818160542944067,0.9950098247050325,0.9668629169464111,0.9998127222061157,,max_iter,,,,,stratified_labeled_val,2,True,15,35,2.0086,success,,0.7363552266419982,0.7230436685550068,0.7038774621610788,1.171667218208313,0.833329892480222,0.6290543266811283
2026-06-29T11:20:59.877870+00:00,phoneme,1489,self_training_xgboost,2,100,4223,80,20,1081,2,5,5,1996.0,557.0,3.0,"{0: 1556, 1: 520}",0.47264977504143973,0.9953554645628633,0.9504326581954956,0.9998801350593567,,max_iter,,,,,stratified_labeled_val,2,True,30,70,6.0908,success,,0.7733580018501388,0.7482988422217451,0.7374030921282897,0.7968224883079529,0.8504240507374435,0.6719581747335935
2026-06-29T11:21:05.984097+00:00,phoneme,1489,self_training_xgboost,2,250,4073,200,50,1081,2,5,5,1989.0,522.0,3.0,"{0: 1641, 1: 548}",0.48833783452000984,0.9963846126053428,0.9656530618667603,0.9998934268951416,,max_iter,,,,,stratified_labeled_val,2,True,74,176,7.5082,success,,0.8038852913968547,0.78096974251408,0.7711209651645894,0.6871671676635742,0.8737303252019093,0.7144873188086305
2026-06-29T11:21:13.499633+00:00,phoneme,1489,self_training_xgboost,2,500,3823,400,100,1081,2,5,5,1867.0,490.0,3.0,"{0: 1761, 1: 506}",0.48835992675908974,0.9965543461854789,0.9723486304283142,0.999915361404419,,max_iter,,,,,stratified_labeled_val,2,True,147,353,7.9243,success,,0.8353376503237743,0.7986068673922737,0.8002620018435629,0.500699520111084,0.9056724528052587,0.7557534843654053
2026-06-29T11:21:21.431745+00:00,phoneme,1489,self_training_lightgbm,0,50,4273,40,10,1081,2,5,5,0.0,0.0,0.0,"{0: 28, 1: 12}",0.0,,,,,no_candidates,,,,,stratified_labeled_val,2,True,15,35,0.2918,success,,0.7067530064754857,0.5,0.4140921409214092,0.6051424941170336,0.5,0.29324699352451433
2026-06-29T11:21:21.731542+00:00,phoneme,1489,self_training_lightgbm,0,100,4223,80,20,1081,2,5,5,2015.0,552.0,3.0,"{0: 1547, 1: 548}",0.47714894624674403,0.9966139250106085,0.9502845908295814,0.999999996495946,,max_iter,,,,,stratified_labeled_val,2,True,30,70,5.8282,success,,0.7770582793709528,0.7370740912018763,0.7342178421860733,1.658255130847138,0.8414620047236032,0.615274293177774
2026-06-29T11:21:27.567005+00:00,phoneme,1489,self_training_lightgbm,0,250,4073,200,50,1081,2,5,5,1989.0,522.0,3.0,"{0: 1641, 1: 548}",0.48833783452000984,0.9998489247224462,0.9970146903846143,0.9999999995071382,,max_iter,,,,,stratified_labeled_val,2,True,74,176,22.1493,success,,0.8029602220166513,0.7683184137942425,0.7650970970358242,1.4108067571917762,0.867066080895833,0.6722101204542068
2026-06-29T11:21:49.727088+00:00,phoneme,1489,self_training_lightgbm,0,500,3823,400,100,1081,2,5,5,1867.0,490.0,3.0,"{0: 1731, 1: 536}",0.48835992675908974,0.9999136383048233,0.9980124797797998,0.999999999311683,,max_iter,,,,,stratified_labeled_val,2,True,147,353,16.8153,success,,0.8316373728029602,0.7941433927362214,0.7957735075029688,1.0495740840729506,0.893479445719854,0.7587001593654432
2026-06-29T11:22:06.555012+00:00,phoneme,1489,self_training_lightgbm,1,50,4273,40,10,1081,2,5,5,0.0,0.0,0.0,"{0: 28, 1: 12}",0.0,,,,,no_candidates,,,,,stratified_labeled_val,2,True,15,35,0.468,success,,0.7067530064754857,0.5,0.4140921409214092,0.5761794105518369,0.6447202173518093,0.37918122287149036
2026-06-29T11:22:07.030182+00:00,phoneme,1489,self_training_lightgbm,1,100,4223,80,20,1081,2,5,5,2062.0,541.0,3.0,"{0: 1461, 1: 681}",0.4882784750177599,0.9976266131399227,0.971994847138204,0.9999999769922374,,max_iter,,,,,stratified_labeled_val,2,True,30,70,9.5851,success,,0.7659574468085106,0.7301435248649809,0.7243461494656613,2.30193740023815,0.8107379391216741,0.5387599758954992
2026-06-29T11:22:16.622427+00:00,phoneme,1489,self_training_lightgbm,1,250,4073,200,50,1081,2,5,5,1989.0,522.0,3.0,"{0: 1641, 1: 548}",0.48833783452000984,0.99932136238074,0.9879293634760589,0.9999999948973992,,max_iter,,,,,stratified_labeled_val,2,True,74,176,14.7788,success,,0.8103607770582794,0.7883194047599386,0.7784971128309849,1.37153705192666,0.8735692932762977,0.7009529293577784
2026-06-29T11:22:31.416731+00:00,phoneme,1489,self_training_lightgbm,1,500,3823,400,100,1081,2,5,5,1867.0,490.0,3.0,"{0: 1764, 1: 503}",0.48835992675908974,0.9999071585047588,0.9979564430652601,0.9999999991053217,,max_iter,,,,,stratified_labeled_val,2,True,147,353,14.3105,success,,0.849213691026827,0.8222661733859646,0.8195966692501513,1.0217814539232462,0.9007382694435727,0.7749275026087509
2026-06-29T11:22:45.735375+00:00,phoneme,1489,self_training_lightgbm,2,50,4273,40,10,1081,2,5,5,0.0,0.0,0.0,"{0: 28, 1: 12}",0.0,,,,,no_candidates,,,,,stratified_labeled_val,2,True,15,35,0.1628,success,,0.7067530064754857,0.5,0.4140921409214092,0.6051424941170336,0.5,0.29324699352451433
2026-06-29T11:22:45.904543+00:00,phoneme,1489,self_training_lightgbm,2,100,4223,80,20,1081,2,5,5,2036.0,547.0,3.0,"{0: 1529, 1: 587}",0.4821217144210277,0.9963393931211233,0.950127039133534,0.9999999830834154,,max_iter,,,,,stratified_labeled_val,2,True,30,70,6.0848,success,,0.7668825161887142,0.7547917320428759,0.7361371561410306,1.8007969278132374,0.8483822485011642,0.6739020032925753
2026-06-29T11:22:52.005160+00:00,phoneme,1489,self_training_lightgbm,2,250,4073,200,50,1081,2,5,5,1989.0,522.0,3.0,"{0: 1614, 1: 575}",0.48833783452000984,0.9997245285750467,0.9956294236101848,0.9999999990488695,,max_iter,,,,,stratified_labeled_val,2,True,74,176,8.7562,success,,0.8196114708603145,0.7948639073777396,0.7875395223154307,1.2592589203485054,0.8846474639536228,0.7482885800891947
2026-06-29T11:23:00.769061+00:00,phoneme,1489,self_training_lightgbm,2,500,3823,400,100,1081,2,5,5,1867.0,490.0,3.0,"{0: 1756, 1: 511}",0.48835992675908974,0.9999039469453831,0.9978871729356443,0.9999999999688476,,max_iter,,,,,stratified_labeled_val,2,True,147,353,9.939,success,,0.8297872340425532,0.7836061241680017,0.7899019773533885,1.017799053018773,0.9072538688952384,0.7689405223416618
2026-06-29T11:23:10.715981+00:00,phoneme,1489,self_training_catboost,0,50,4273,40,10,1081,2,5,5,0.0,0.0,0.0,"{0: 28, 1: 12}",0.0,,,,,no_candidates,,,,,stratified_labeled_val,2,True,15,35,0.4703,success,,0.7382053654024052,0.5988467636711976,0.6022516144718041,0.4899920431601623,0.8078249128775992,0.6048392223626845
2026-06-29T11:23:11.193345+00:00,phoneme,1489,self_training_catboost,0,100,4223,80,20,1081,2,5,5,0.0,0.0,0.0,"{0: 56, 1: 24}",0.0,,,,,min_added_fraction,,,,,stratified_labeled_val,2,True,30,70,0.6933,success,,0.7493061979648473,0.643613638991197,0.6555402044763747,0.4566050370197372,0.8356049845574512,0.5918052754718709
2026-06-29T11:23:11.902641+00:00,phoneme,1489,self_training_catboost,0,250,4073,200,50,1081,2,5,5,750.0,250.0,3.0,"{0: 891, 1: 59}",0.18413945494721334,0.9848340570039011,0.974302525346391,0.9936579066854497,,max_iter,,,,,stratified_labeled_val,2,True,74,176,3.0661,success,,0.7844588344125809,0.7155474259666045,0.7257961093492975,0.42134712821128434,0.8594851933208912,0.645258756321203
2026-06-29T11:23:15.018317+00:00,phoneme,1489,self_training_catboost,0,500,3823,400,100,1081,2,5,5,750.0,250.0,3.0,"{0: 1032, 1: 118}",0.19618100967826316,0.9807408207268966,0.9745227426765931,0.9921338799567566,,max_iter,,,,,stratified_labeled_val,2,True,147,353,4.282,success,,0.8075855689176689,0.7411370505557666,0.7538706739526411,0.3884141561491449,0.8790691528894907,0.7303413443830136
2026-06-29T11:23:19.313939+00:00,phoneme,1489,self_training_catboost,1,50,4273,40,10,1081,2,5,5,0.0,0.0,0.0,"{0: 28, 1: 12}",0.0,,,,,no_candidates,,,,,stratified_labeled_val,2,True,15,35,2.0251,success,,0.7391304347826086,0.670559647876856,0.6753961155123946,0.513547756631984,0.7790456174542092,0.5085409751364836
2026-06-29T11:23:21.379555+00:00,phoneme,1489,self_training_catboost,1,100,4223,80,20,1081,2,5,5,0.0,0.0,0.0,"{0: 56, 1: 24}",0.0,,,,,no_candidates,,,,,stratified_labeled_val,2,True,30,70,3.3239,success,,0.7493061979648473,0.6731444167341074,0.6810761615178524,0.49728516699727665,0.8284308058202718,0.5811439778345966
2026-06-29T11:23:24.739336+00:00,phoneme,1489,self_training_catboost,1,250,4073,200,50,1081,2,5,5,635.0,250.0,3.0,"{0: 776, 1: 59}",0.15590473852197398,0.9835263032189592,0.9700058392810724,0.9936755412188661,,max_iter,,,,,stratified_labeled_val,2,True,74,176,8.1031,success,,0.7946345975948196,0.7209007052372537,0.7343380536146018,0.40897098205633586,0.8690562703354419,0.6868204498925153
2026-06-29T11:23:32.853106+00:00,phoneme,1489,self_training_catboost,1,500,3823,400,100,1081,2,5,5,750.0,250.0,3.0,"{0: 1032, 1: 118}",0.19618100967826316,0.9851589274467818,0.9769378556949844,0.9946269263285902,,max_iter,,,,,stratified_labeled_val,2,True,147,353,5.8673,success,,0.818686401480111,0.766524352981981,0.7743887895050685,0.37239993215124745,0.8921375130064247,0.7497096883456442
2026-06-29T11:23:38.739273+00:00,phoneme,1489,self_training_catboost,2,50,4273,40,10,1081,2,5,5,0.0,0.0,0.0,"{0: 28, 1: 12}",0.0,,,,,no_candidates,,,,,stratified_labeled_val,2,True,15,35,0.9432,success,,0.7354301572617946,0.6882442565279865,0.6854232804232805,0.4741318309000996,0.8148855434621038,0.5757451243741565
2026-06-29T11:23:39.699452+00:00,phoneme,1489,self_training_catboost,2,100,4223,80,20,1081,2,5,5,0.0,0.0,0.0,"{0: 56, 1: 24}",0.0,,,,,no_candidates,,,,,stratified_labeled_val,2,True,30,70,3.6659,success,,0.7641073080481036,0.6697730688555997,0.6833171538695724,0.43354877104439976,0.8522532082514409,0.6690560647023848
2026-06-29T11:23:43.412036+00:00,phoneme,1489,self_training_catboost,2,250,4073,200,50,1081,2,5,5,750.0,250.0,3.0,"{0: 891, 1: 59}",0.18413945494721334,0.9859421108279729,0.9767788718502081,0.993880534419056,,max_iter,,,,,stratified_labeled_val,2,True,74,176,6.0167,success,,0.8085106382978723,0.7611710737113317,0.7652625450425643,0.38297288980791655,0.8829008869142979,0.733366195243503
2026-06-29T11:23:49.442390+00:00,phoneme,1489,self_training_catboost,2,500,3823,400,100,1081,2,5,5,750.0,250.0,3.0,"{0: 1032, 1: 118}",0.19618100967826316,0.9867279918423644,0.9815068609671886,0.9929388488598223,,max_iter,,,,,stratified_labeled_val,2,True,147,353,6.8488,success,,0.8288621646623496,0.7792603266883578,0.7872674259661708,0.35712459240150335,0.9006598179926338,0.7714734257638666
2026-06-29T11:23:56.313572+00:00,phoneme,1489,rpl_lr,0,50,4273,40,10,1081,2,5,5,,,,,,,,,,,,,,,stratified_labeled_val,2,True,15,35,0.429,success,,0.7058279370952821,0.5085739177828794,0.4424147461849891,1.8068393468856812,0.7249616000792773,0.4964536924138139
2026-06-29T11:23:56.757031+00:00,phoneme,1489,rpl_lr,0,100,4223,80,20,1081,2,5,5,,,,,,,,,,,,,,,stratified_labeled_val,2,True,30,70,0.6211,success,,0.7548566142460684,0.6743026078913902,0.6839589283960914,1.2010596990585327,0.7915008175466992,0.5518381916004673
2026-06-29T11:23:57.425297+00:00,phoneme,1489,rpl_lr,0,250,4073,200,50,1081,2,5,5,,,,,,,,,,,,,,,stratified_labeled_val,2,True,74,176,2.3718,success,,0.7400555041628122,0.6370691363733959,0.6474638627276894,0.8102508783340454,0.8030249227872562,0.591431136478525
2026-06-29T11:23:59.931720+00:00,phoneme,1489,rpl_lr,0,500,3823,400,100,1081,2,5,5,,,,,,,,,,,,,,,stratified_labeled_val,2,True,147,353,1.2662,success,,0.723404255319149,0.6169835004211603,0.6248814767102461,0.5748620629310608,0.7939906188580773,0.5576074079651097
2026-06-29T11:24:01.233064+00:00,phoneme,1489,rpl_lr,1,50,4273,40,10,1081,2,5,5,,,,,,,,,,,,,,,stratified_labeled_val,2,True,15,35,0.9446,success,,0.7548566142460684,0.7010648752209028,0.7023570178036147,1.5066238641738892,0.7633491337308207,0.4954668406474969
2026-06-29T11:24:02.188698+00:00,phoneme,1489,rpl_lr,1,100,4223,80,20,1081,2,5,5,,,,,,,,,,,,,,,stratified_labeled_val,2,True,30,70,0.3591,success,,0.7724329324699353,0.7338018398929758,0.7298927396091497,1.461627721786499,0.7703147967694518,0.5230090676487806
2026-06-29T11:24:02.568031+00:00,phoneme,1489,rpl_lr,1,250,4073,200,50,1081,2,5,5,,,,,,,,,,,,,,,stratified_labeled_val,2,True,74,176,1.1082,success,,0.7354301572617946,0.6181086593885742,0.6269139056224899,0.7172634601593018,0.795283003286703,0.5915062942226478
2026-06-29T11:24:03.714707+00:00,phoneme,1489,rpl_lr,1,500,3823,400,100,1081,2,5,5,,,,,,,,,,,,,,,stratified_labeled_val,2,True,147,353,1.117,success,,0.7261794634597595,0.6207925248154327,0.6291216942991729,0.5629090070724487,0.7909846895799957,0.5613815171731225
2026-06-29T11:24:04.868442+00:00,phoneme,1489,rpl_lr,2,50,4273,40,10,1081,2,5,5,,,,,,,,,,,,,,,stratified_labeled_val,2,True,15,35,1.3431,success,,0.7345050878815911,0.7171205840091168,0.7001300013048458,1.639054536819458,0.780356582489636,0.5038411238931675
2026-06-29T11:24:06.252424+00:00,phoneme,1489,rpl_lr,2,100,4223,80,20,1081,2,5,5,,,,,,,,,,,,,,,stratified_labeled_val,2,True,30,70,1.3741,success,,0.7483811285846439,0.6715671296678614,0.6795501111643925,1.205350637435913,0.8093216839810395,0.6118248646607161
2026-06-29T11:24:07.668971+00:00,phoneme,1489,rpl_lr,2,250,4073,200,50,1081,2,5,5,,,,,,,,,,,,,,,stratified_labeled_val,2,True,74,176,1.2421,success,,0.7548566142460684,0.6918365071762432,0.6965043411008757,0.7581986784934998,0.8171048937189291,0.6101029595194992
2026-06-29T11:24:08.942693+00:00,phoneme,1489,rpl_lr,2,500,3823,400,100,1081,2,5,5,,,,,,,,,,,,,,,stratified_labeled_val,2,True,147,353,2.4776,success,,0.7391304347826086,0.6410288701339455,0.6510955555148608,0.5979200005531311,0.8208375311741292,0.596056100794999
2026-06-29T11:24:11.451235+00:00,phoneme,1489,rpl_lite_xgboost,0,50,4273,40,10,1081,2,5,5,1809.0,617.0,3.0,"{0: 1500, 1: 309}",0.42335595600280834,0.9905628685532122,,,0.2698694997238245,max_iter,,,,,stratified_labeled_val,2,True,15,35,11.4358,success,,0.7474560592044404,0.6801410474507408,0.6854345895853697,1.074411392211914,0.7610079772738534,0.5492796653158916
2026-06-29T11:24:22.911845+00:00,phoneme,1489,rpl_lite_xgboost,0,100,4223,80,20,1081,2,5,5,2013.0,553.0,3.0,"{0: 1500, 1: 513}",0.4766753492777646,0.9920082583808805,,,0.24951126295116563,max_iter,,,,,stratified_labeled_val,2,True,30,70,8.7994,success,,0.7668825161887142,0.729875138322295,0.7247340425531915,0.872585654258728,0.8213226914628305,0.5868428931701175
2026-06-29T11:24:31.723550+00:00,phoneme,1489,rpl_lite_xgboost,0,250,4073,200,50,1081,2,5,5,1989.0,522.0,3.0,"{0: 1500, 1: 489}",0.48833783452000984,0.9965629636671988,,,0.2464455896587036,max_iter,,,,,stratified_labeled_val,2,True,74,176,7.2715,success,,0.7853839037927844,0.7577295324293525,0.7491176823656516,0.75687575340271,0.8528395296216162,0.6526391391636259
2026-06-29T11:24:39.008942+00:00,phoneme,1489,rpl_lite_xgboost,0,500,3823,400,100,1081,2,5,5,1867.0,490.0,3.0,"{0: 1474, 1: 393}",0.48835992675908974,0.9958800811402352,,,0.26069888041173067,max_iter,,,,,stratified_labeled_val,2,True,147,353,10.3794,success,,0.8149861239592969,0.774057756783986,0.7755752829702953,0.5428240299224854,0.8846887541909589,0.735415553149272
2026-06-29T11:24:49.402704+00:00,phoneme,1489,rpl_lite_xgboost,1,50,4273,40,10,1081,2,5,5,2086.0,547.0,3.0,"{0: 1429, 1: 657}",0.48818160542944067,0.9888695440150633,,,0.17707729501906022,max_iter,,,,,stratified_labeled_val,2,True,15,35,5.4689,success,,0.7465309898242368,0.7219370901943944,0.7092694092611642,1.11331307888031,0.788868564916511,0.5243953373017017
2026-06-29T11:24:54.886611+00:00,phoneme,1489,rpl_lite_xgboost,1,100,4223,80,20,1081,2,5,5,2062.0,541.0,3.0,"{0: 1361, 1: 701}",0.4882784750177599,0.9962874106650903,,,0.18201460242203354,max_iter,,,,,stratified_labeled_val,2,True,30,70,10.2699,success,,0.7705827937095282,0.7380299601962113,0.7309261132790544,1.1126863956451416,0.8101640048226997,0.554827403283398
2026-06-29T11:25:05.164058+00:00,phoneme,1489,rpl_lite_xgboost,1,250,4073,200,50,1081,2,5,5,1989.0,522.0,3.0,"{0: 1500, 1: 489}",0.48833783452000984,0.9932709947310842,,,0.19077420637081322,max_iter,,,,,stratified_labeled_val,2,True,74,176,8.0627,success,,0.8057354301572618,0.7767416222108445,0.7706117021276595,0.6523871421813965,0.8704353642624737,0.7055030522684359
2026-06-29T11:25:13.237670+00:00,phoneme,1489,rpl_lite_xgboost,1,500,3823,400,100,1081,2,5,5,1867.0,490.0,3.0,"{0: 1486, 1: 381}",0.48835992675908974,0.9964564868838122,,,0.26254107330136994,max_iter,,,,,stratified_labeled_val,2,True,147,353,9.2345,success,,0.8408880666049954,0.8080705897897501,0.8080705897897501,0.5076923370361328,0.9011553008406692,0.779155301096053
2026-06-29T11:25:22.485010+00:00,phoneme,1489,rpl_lite_xgboost,2,50,4273,40,10,1081,2,5,5,2086.0,547.0,3.0,"{0: 1200, 1: 886}",0.48818160542944067,0.9949795071139204,,,0.2613490243455173,max_iter,,,,,stratified_labeled_val,2,True,15,35,5.7177,success,,0.7456059204440333,0.7332795183906717,0.71387280177023,1.1693252325057983,0.8360344030257486,0.6319970454106105
2026-06-29T11:25:28.215936+00:00,phoneme,1489,rpl_lite_xgboost,2,100,4223,80,20,1081,2,5,5,2062.0,541.0,3.0,"{0: 1499, 1: 563}",0.4882784750177599,0.9920638388042653,,,0.29494335482190587,max_iter,,,,,stratified_labeled_val,2,True,30,70,8.5597,success,,0.7779833487511564,0.7607994615753051,0.7457308180834549,0.8206626772880554,0.8541071399078402,0.6842433180741145
2026-06-29T11:25:36.788552+00:00,phoneme,1489,rpl_lite_xgboost,2,250,4073,200,50,1081,2,5,5,1989.0,522.0,3.0,"{0: 1500, 1: 489}",0.48833783452000984,0.9963996410070202,,,0.2911714881407551,max_iter,,,,,stratified_labeled_val,2,True,74,176,7.3159,success,,0.8057354301572618,0.785969990255504,0.7743780263816997,0.681353747844696,0.875410837861496,0.7224795422470381
2026-06-29T11:25:44.119050+00:00,phoneme,1489,rpl_lite_xgboost,2,500,3823,400,100,1081,2,5,5,1867.0,490.0,3.0,"{0: 1481, 1: 386}",0.48835992675908974,0.9965376054851142,,,0.2918337694001043,max_iter,,,,,stratified_labeled_val,2,True,147,353,8.8809,success,,0.8399629972247918,0.8055704659190381,0.8064169860909405,0.4950944185256958,0.9080012221910252,0.7617774492053689
2026-06-29T11:25:53.130250+00:00,spambase,44,logistic_regression,0,50,3630,40,10,921,2,57,57,,,,,,,,,,,,,,,stratified_labeled_val,2,True,20,30,0.2925,success,,0.8849077090119435,0.8828756775970852,0.8802840045126796,0.3428041338920593,0.9405294390631633,0.8899128468838724
2026-06-29T11:25:53.437506+00:00,spambase,44,logistic_regression,0,100,3580,80,20,921,2,57,57,,,,,,,,,,,,,,,stratified_labeled_val,2,True,40,60,0.3094,success,,0.9077090119435396,0.9089131787079001,0.9043738708641104,0.3683435022830963,0.947194328426,0.8712324112516531
2026-06-29T11:25:53.762004+00:00,spambase,44,logistic_regression,0,250,3430,200,50,921,2,57,57,,,,,,,,,,,,,,,stratified_labeled_val,2,True,99,151,0.3018,success,,0.9250814332247557,0.9193992713054298,0.9212161785216179,0.29445770382881165,0.9594552563760775,0.9102750119157941
2026-06-29T11:25:54.076311+00:00,spambase,44,logistic_regression,0,500,3180,400,100,921,2,57,57,,,,,,,,,,,,,,,stratified_labeled_val,2,True,197,303,0.3062,success,,0.9163952225841476,0.9141562250066648,0.9127601651869794,0.30573371052742004,0.9592108770994402,0.9033491404687826
2026-06-29T11:25:54.395418+00:00,spambase,44,logistic_regression,1,50,3630,40,10,921,2,57,57,,,,,,,,,,,,,,,stratified_labeled_val,2,True,20,30,0.2867,success,,0.8675352877307275,0.8497659883290382,0.8576240002432869,0.3675488829612732,0.9160075831630085,0.8823608993600219
2026-06-29T11:25:54.692047+00:00,spambase,44,logistic_regression,1,100,3580,80,20,921,2,57,57,,,,,,,,,,,,,,,stratified_labeled_val,2,True,40,60,0.2892,success,,0.9033659066232356,0.8937764744216357,0.8977413499504108,0.30157482624053955,0.9462266852296177,0.9186932797339606
2026-06-29T11:25:54.992941+00:00,spambase,44,logistic_regression,1,250,3430,200,50,921,2,57,57,,,,,,,,,,,,,,,stratified_labeled_val,2,True,99,151,0.2976,success,,0.9044516829533116,0.8965979442519032,0.8992641940936661,0.30309465527534485,0.9484557204498554,0.9118672082118952
2026-06-29T11:25:55.301370+00:00,spambase,44,logistic_regression,1,500,3180,400,100,921,2,57,57,,,,,,,,,,,,,,,stratified_labeled_val,2,True,197,303,0.2532,success,,0.9120521172638436,0.9033516988062442,0.9070328807581829,0.29525133967399597,0.953227287538138,0.9214185674083513
2026-06-29T11:25:55.562408+00:00,spambase,44,logistic_regression,2,50,3630,40,10,921,2,57,57,,,,,,,,,,,,,,,stratified_labeled_val,2,True,20,30,0.2168,success,,0.7698154180238871,0.7359074617139134,0.7442872858714442,0.5367651581764221,0.8503263327310248,0.7560107474869454
2026-06-29T11:25:55.790415+00:00,spambase,44,logistic_regression,2,100,3580,80,20,921,2,57,57,,,,,,,,,,,,,,,stratified_labeled_val,2,True,40,60,0.241,success,,0.8306188925081434,0.807266210492017,0.8160735316708485,0.5121012926101685,0.9054449677616834,0.8125819657582002
2026-06-29T11:25:56.043518+00:00,spambase,44,logistic_regression,2,250,3430,200,50,921,2,57,57,,,,,,,,,,,,,,,stratified_labeled_val,2,True,99,151,0.4123,success,,0.8664495114006515,0.8628291714801979,0.8608974870607882,0.42545321583747864,0.926646721368129,0.8493473226676963
2026-06-29T11:25:56.476846+00:00,spambase,44,logistic_regression,2,500,3180,400,100,921,2,57,57,,,,,,,,,,,,,,,stratified_labeled_val,2,True,197,303,0.4134,success,,0.8914223669923995,0.8858452560798602,0.8862165073780133,0.292420357465744,0.9512451000720796,0.9157388452343058
2026-06-29T11:25:56.900057+00:00,spambase,44,random_forest,0,50,3630,40,10,921,2,57,57,,,,,,,,,,,,,,,stratified_labeled_val,2,True,20,30,3.1372,success,,0.8827361563517915,0.8637548505583696,0.8733278997503948,0.3867249793095098,0.943550855574316,0.9322214570299707
2026-06-29T11:26:00.079632+00:00,spambase,44,random_forest,0,100,3580,80,20,921,2,57,57,,,,,,,,,,,,,,,stratified_labeled_val,2,True,40,60,5.7599,success,,0.9250814332247557,0.9126603276163393,0.920005488301484,0.3015742787940277,0.9593614542294895,0.9516275883387296
2026-06-29T11:26:05.853025+00:00,spambase,44,random_forest,0,250,3430,200,50,921,2,57,57,,,,,,,,,,,,,,,stratified_labeled_val,2,True,99,151,2.9878,success,,0.9315960912052117,0.9218874966675553,0.9273765671994862,0.2515497008170229,0.9715285800329789,0.9612921392019658
2026-06-29T11:26:08.862936+00:00,spambase,44,random_forest,0,500,3180,400,100,921,2,57,57,,,,,,,,,,,,,,,stratified_labeled_val,2,True,197,303,2.2247,success,,0.9391965255157437,0.9353801949109868,0.936218836565097,0.22187669543730992,0.979346248407832,0.9680046850925158
2026-06-29T11:26:11.105775+00:00,spambase,44,random_forest,1,50,3630,40,10,921,2,57,57,,,,,,,,,,,,,,,stratified_labeled_val,2,True,20,30,2.0068,success,,0.8990228013029316,0.8834533013418644,0.8916663820874455,0.33232525902107496,0.9425906178105592,0.9293180958473912
2026-06-29T11:26:13.126292+00:00,spambase,44,random_forest,1,100,3580,80,20,921,2,57,57,,,,,,,,,,,,,,,stratified_labeled_val,2,True,40,60,1.9703,success,,0.9022801302931596,0.895287182677212,0.8971863619675124,0.31314002700483357,0.9455651332484178,0.9387602190576102
2026-06-29T11:26:15.109928+00:00,spambase,44,random_forest,1,250,3430,200,50,921,2,57,57,,,,,,,,,,,,,,,stratified_labeled_val,2,True,99,151,2.0946,success,,0.9109663409337676,0.9019742883379247,0.9058347963132904,0.3018810380797484,0.9603290974258716,0.9523629866301826
2026-06-29T11:26:17.215414+00:00,spambase,44,random_forest,1,500,3180,400,100,921,2,57,57,,,,,,,,,,,,,,,stratified_labeled_val,2,True,197,303,1.929,success,,0.9391965255157437,0.9324920761870908,0.9358283979495347,0.2720163801151418,0.9689514894793487,0.9601887265030937
2026-06-29T11:26:19.157563+00:00,spambase,44,random_forest,2,50,3630,40,10,921,2,57,57,,,,,,,,,,,,,,,stratified_labeled_val,2,True,20,30,2.7798,success,,0.8251900108577633,0.7873826238928878,0.801529077774967,0.39347073806299626,0.9233167451642524,0.9009163926340683
2026-06-29T11:26:21.945984+00:00,spambase,44,random_forest,2,100,3580,80,20,921,2,57,57,,,,,,,,,,,,,,,stratified_labeled_val,2,True,40,60,2.3564,success,,0.8794788273615635,0.8495142036197755,0.8655960558751028,0.344309494376481,0.9617287241920673,0.9568870834090925
2026-06-29T11:26:24.313476+00:00,spambase,44,random_forest,2,250,3430,200,50,921,2,57,57,,,,,,,,,,,,,,,stratified_labeled_val,2,True,99,151,2.8599,success,,0.9207383279044516,0.908594745105009,0.9154664477249381,0.25338439721107503,0.9711780562220445,0.9671240265079499
2026-06-29T11:26:27.184749+00:00,spambase,44,random_forest,2,500,3180,400,100,921,2,57,57,,,,,,,,,,,,,,,stratified_labeled_val,2,True,197,303,2.4117,success,,0.9261672095548317,0.9145190912053083,0.921301834631817,0.23496305212474172,0.9712496420707565,0.9694031772125902
2026-06-29T11:26:29.619303+00:00,spambase,44,xgboost,0,50,3630,40,10,921,2,57,57,,,,,,,,,,,,,,,stratified_labeled_val,2,True,20,30,1.3267,success,,0.8621064060803475,0.8553941171243225,0.8555650912234125,0.3465329110622406,0.921761604312924,0.8980456727714806
2026-06-29T11:26:30.958807+00:00,spambase,44,xgboost,0,100,3580,80,20,921,2,57,57,,,,,,,,,,,,,,,stratified_labeled_val,2,True,40,60,2.0394,success,,0.8555917480998915,0.8524245386415474,0.8498567735624956,0.36100122332572937,0.9262122693207737,0.9017515555790977
2026-06-29T11:26:33.011236+00:00,spambase,44,xgboost,0,250,3430,200,50,921,2,57,57,,,,,,,,,,,,,,,stratified_labeled_val,2,True,99,151,1.4641,success,,0.9098805646036916,0.89722740602506,0.9038865090571214,0.26440125703811646,0.9567325256474817,0.9470420568888973
2026-06-29T11:26:34.488861+00:00,spambase,44,xgboost,0,500,3180,400,100,921,2,57,57,,,,,,,,,,,,,,,stratified_labeled_val,2,True,197,303,2.5073,success,,0.9337676438653637,0.9352320862584792,0.9312573033226677,0.18946011364459991,0.9771764566485973,0.963046961722241
2026-06-29T11:26:37.008472+00:00,spambase,44,xgboost,1,50,3630,40,10,921,2,57,57,,,,,,,,,,,,,,,stratified_labeled_val,2,True,20,30,0.9637,success,,0.8653637350705755,0.8498992861162948,0.8561575510862118,0.35864681005477905,0.9150152551912084,0.8940331265496592
2026-06-29T11:26:37.985290+00:00,spambase,44,xgboost,1,100,3580,80,20,921,2,57,57,,,,,,,,,,,,,,,stratified_labeled_val,2,True,40,60,1.8395,success,,0.8512486427795874,0.844989484285672,0.8444902924287969,0.43393200635910034,0.9161507548604323,0.9077207091885928
2026-06-29T11:26:39.837947+00:00,spambase,44,xgboost,1,250,3430,200,50,921,2,57,57,,,,,,,,,,,,,,,stratified_labeled_val,2,True,99,151,1.4171,success,,0.8935939196525515,0.8842678989306556,0.8875810839087674,0.335371196269989,0.9441951282127234,0.932750378579808
2026-06-29T11:26:41.269089+00:00,spambase,44,xgboost,1,500,3180,400,100,921,2,57,57,,,,,,,,,,,,,,,stratified_labeled_val,2,True,197,303,2.8747,success,,0.9229098805646037,0.9176071566100892,0.9190141150331232,0.253015398979187,0.9608326668443969,0.9431783550423769
2026-06-29T11:26:44.156053+00:00,spambase,44,xgboost,2,50,3630,40,10,921,2,57,57,,,,,,,,,,,,,,,stratified_labeled_val,2,True,20,30,1.4932,success,,0.8251900108577633,0.7998978050297698,0.809281207997582,0.4296405017375946,0.8929766876980954,0.8546808984893199
2026-06-29T11:26:45.660283+00:00,spambase,44,xgboost,2,100,3580,80,20,921,2,57,57,,,,,,,,,,,,,,,stratified_labeled_val,2,True,40,60,0.9709,success,,0.8534201954397395,0.8241580023104951,0.8375336634012678,0.3697223365306854,0.9389940460321692,0.9252880166262663
2026-06-29T11:26:46.642812+00:00,spambase,44,xgboost,2,250,3430,200,50,921,2,57,57,,,,,,,,,,,,,,,stratified_labeled_val,2,True,99,151,2.2815,success,,0.9131378935939196,0.9013596374300187,0.9075199068170179,0.2299036681652069,0.9662114794079603,0.9577423830183149
2026-06-29T11:26:48.938250+00:00,spambase,44,xgboost,2,500,3180,400,100,921,2,57,57,,,,,,,,,,,,,,,stratified_labeled_val,2,True,197,303,2.8899,success,,0.9174809989142236,0.9068692793032969,0.9123419560382311,0.22089265286922455,0.968166513621059,0.9617245709330737
2026-06-29T11:26:51.841825+00:00,spambase,44,lightgbm,0,50,3630,40,10,921,2,57,57,,,,,,,,,,,,,,,stratified_labeled_val,2,True,20,30,0.3833,success,,0.7752442996742671,0.7413504546935632,0.7501274612471935,0.49787958446516545,0.8317559761841287,0.7186364140101472
2026-06-29T11:26:52.237596+00:00,spambase,44,lightgbm,0,100,3580,80,20,921,2,57,57,,,,,,,,,,,,,,,stratified_labeled_val,2,True,40,60,0.7635,success,,0.8295331161780674,0.8241802186083711,0.8224463859231199,0.5601435703833367,0.900031596512535,0.8740144750850133
2026-06-29T11:26:53.013202+00:00,spambase,44,lightgbm,0,250,3430,200,50,921,2,57,57,,,,,,,,,,,,,,,stratified_labeled_val,2,True,99,151,2.2554,success,,0.9066232356134636,0.8964646464646464,0.9010271405008248,0.41642453350247455,0.960642594073679,0.9498585299774462
2026-06-29T11:26:55.281021+00:00,spambase,44,lightgbm,0,500,3180,400,100,921,2,57,57,,,,,,,,,,,,,,,stratified_labeled_val,2,True,197,303,4.2948,success,,0.9402823018458197,0.9430151959477473,0.9381242693826597,0.28991253419186225,0.9825429268244518,0.9671005319692766
2026-06-29T11:26:59.588191+00:00,spambase,44,lightgbm,1,50,3630,40,10,921,2,57,57,,,,,,,,,,,,,,,stratified_labeled_val,2,True,20,30,0.9287,success,,0.6058631921824105,0.5288811872389585,0.49066951859926233,0.6580302086125479,0.5956090721486615,0.45782501301717854
2026-06-29T11:27:00.536008+00:00,spambase,44,lightgbm,1,100,3580,80,20,921,2,57,57,,,,,,,,,,,,,,,stratified_labeled_val,2,True,40,60,0.7073,success,,0.8284473398479913,0.8218401018987529,0.8209053315610693,0.7472487063730616,0.9032776444799906,0.8807525463147978
2026-06-29T11:27:01.254679+00:00,spambase,44,lightgbm,1,250,3430,200,50,921,2,57,57,,,,,,,,,,,,,,,stratified_labeled_val,2,True,99,151,2.5126,success,,0.8935939196525515,0.8876373707752008,0.8883829639889196,0.6476557507940729,0.9470783099815359,0.9321111987440198
2026-06-29T11:27:03.783564+00:00,spambase,44,lightgbm,1,500,3180,400,100,921,2,57,57,,,,,,,,,,,,,,,stratified_labeled_val,2,True,197,303,4.4091,success,,0.9272529858849077,0.9221540922420688,0.9235767001016798,0.4459026076421563,0.9661621098571244,0.9464599259684705
2026-06-29T11:27:08.206069+00:00,spambase,44,lightgbm,2,50,3630,40,10,921,2,57,57,,,,,,,,,,,,,,,stratified_labeled_val,2,True,20,30,0.4343,success,,0.7709011943539631,0.7599084688527504,0.7600333405365357,0.4937078147408937,0.8301983668552584,0.7245635498928724
2026-06-29T11:27:08.666579+00:00,spambase,44,lightgbm,2,100,3580,80,20,921,2,57,57,,,,,,,,,,,,,,,stratified_labeled_val,2,True,40,60,1.4943,success,,0.8360477741585234,0.811265144109719,0.8211270956995955,0.618863699252964,0.9132725100467035,0.890620795051551
2026-06-29T11:27:10.173194+00:00,spambase,44,lightgbm,2,250,3430,200,50,921,2,57,57,,,,,,,,,,,,,,,stratified_labeled_val,2,True,99,151,1.922,success,,0.8979370249728555,0.8830385971148434,0.8906993303639064,0.44468790856646334,0.9601192768348195,0.9494767064437971
2026-06-29T11:27:12.128550+00:00,spambase,44,lightgbm,2,500,3180,400,100,921,2,57,57,,,,,,,,,,,,,,,stratified_labeled_val,2,True,197,303,3.9905,success,,0.9239956568946797,0.9127269765099677,0.9190799184648907,0.34351447989665496,0.9730343513334716,0.967643719590517
2026-06-29T11:27:16.131691+00:00,spambase,44,catboost,0,50,3630,40,10,921,2,57,57,,,,,,,,,,,,,,,stratified_labeled_val,2,True,20,30,3.8717,success,,0.8490770901194354,0.8412719571077343,0.8417637265044738,0.4109858478124776,0.9194585147664327,0.8989813587124722
2026-06-29T11:27:20.016115+00:00,spambase,44,catboost,0,100,3580,80,20,921,2,57,57,,,,,,,,,,,,,,,stratified_labeled_val,2,True,40,60,4.2592,success,,0.8794788273615635,0.8682869753250986,0.8723256781109929,0.3989695319292362,0.925521095609072,0.9170129694767984
2026-06-29T11:27:24.304070+00:00,spambase,44,catboost,0,250,3430,200,50,921,2,57,57,,,,,,,,,,,,,,,stratified_labeled_val,2,True,99,151,4.1829,success,,0.9239956568946797,0.9141710358719156,0.9193520140105078,0.237902962753154,0.9677913050347068,0.9575075513991008
2026-06-29T11:27:28.495992+00:00,spambase,44,catboost,0,500,3180,400,100,921,2,57,57,,,,,,,,,,,,,,,stratified_labeled_val,2,True,197,303,5.5959,success,,0.9478827361563518,0.9478435380194912,0.9456914851796525,0.16736374332239,0.9816789596848248,0.9700125633355555
2026-06-29T11:27:34.101937+00:00,spambase,44,catboost,1,50,3630,40,10,921,2,57,57,,,,,,,,,,,,,,,stratified_labeled_val,2,True,20,30,3.162,success,,0.8968512486427795,0.8792544210432773,0.8887874855256586,0.36681675869883373,0.9331783129437088,0.9181269976237414
2026-06-29T11:27:37.274176+00:00,spambase,44,catboost,1,100,3580,80,20,921,2,57,57,,,,,,,,,,,,,,,stratified_labeled_val,2,True,40,60,3.668,success,,0.8479913137893594,0.8427826653633106,0.8414552572816967,0.5680140900371492,0.9108928976964168,0.8928525631397533
2026-06-29T11:27:40.951050+00:00,spambase,44,catboost,1,250,3430,200,50,921,2,57,57,,,,,,,,,,,,,,,stratified_labeled_val,2,True,99,151,4.3681,success,,0.9196525515743756,0.9115495127225333,0.915112247033151,0.27878968858263764,0.9587319924563327,0.943921498918904
2026-06-29T11:27:45.352770+00:00,spambase,44,catboost,1,500,3180,400,100,921,2,57,57,,,,,,,,,,,,,,,stratified_labeled_val,2,True,197,303,5.7665,success,,0.9402823018458197,0.9353135460173583,0.9372013017201302,0.20053473783485987,0.9721605102836774,0.9523376877244102
2026-06-29T11:27:51.128425+00:00,spambase,44,catboost,2,50,3630,40,10,921,2,57,57,,,,,,,,,,,,,,,stratified_labeled_val,2,True,20,30,2.3196,success,,0.761129207383279,0.7321084747770965,0.7388513687683662,0.6141904066301404,0.8600151070825559,0.8154231574054256
2026-06-29T11:27:53.459878+00:00,spambase,44,catboost,2,100,3580,80,20,921,2,57,57,,,,,,,,,,,,,,,stratified_labeled_val,2,True,40,60,3.2095,success,,0.8773072747014115,0.8554237388548239,0.8665041040434993,0.444820924138204,0.9433311610730966,0.9346943363084277
2026-06-29T11:27:56.677433+00:00,spambase,44,catboost,2,250,3430,200,50,921,2,57,57,,,,,,,,,,,,,,,stratified_labeled_val,2,True,99,151,6.1239,success,,0.9142236699239956,0.9017743416570396,0.9085184845242481,0.2356424645540344,0.970084520671031,0.9644082078348614
2026-06-29T11:28:02.812674+00:00,spambase,44,catboost,2,500,3180,400,100,921,2,57,57,,,,,,,,,,,,,,,stratified_labeled_val,2,True,197,303,7.9028,success,,0.9348534201954397,0.9245756687105661,0.9307185412529337,0.18073259922061916,0.9780502976983916,0.9735170698062628
2026-06-29T11:28:10.724773+00:00,spambase,44,mlp,0,50,3630,40,10,921,2,57,57,,,,,,,,,,,,,,,stratified_labeled_val,2,True,20,30,0.2364,success,,0.6634093376764386,0.6543514322106697,0.651966472928694,0.6430006623268127,0.7004848089892078,0.6148004346503019
2026-06-29T11:28:10.969577+00:00,spambase,44,mlp,0,100,3580,80,20,921,2,57,57,,,,,,,,,,,,,,,stratified_labeled_val,2,True,40,60,0.368,success,,0.8523344191096635,0.825187357445422,0.8374143302180685,0.4342552721500397,0.932171174106658,0.8699643539315273
2026-06-29T11:28:11.346827+00:00,spambase,44,mlp,0,250,3430,200,50,921,2,57,57,,,,,,,,,,,,,,,stratified_labeled_val,2,True,99,151,0.4142,success,,0.8621064060803475,0.8313264610918569,0.846222514379622,0.4152718186378479,0.9452590420332354,0.9250462726717686
2026-06-29T11:28:11.771053+00:00,spambase,44,mlp,0,500,3180,400,100,921,2,57,57,,,,,,,,,,,,,,,stratified_labeled_val,2,True,197,303,0.5935,success,,0.9022801302931596,0.8914363577120176,0.8963097322992244,0.31542354822158813,0.9594675987637864,0.9159057197197273
2026-06-29T11:28:12.374014+00:00,spambase,44,mlp,1,50,3630,40,10,921,2,57,57,,,,,,,,,,,,,,,stratified_labeled_val,2,True,20,30,0.2909,success,,0.7871878393051032,0.738691904381054,0.750052615837921,0.5291220545768738,0.861681329423265,0.8338129449220574
2026-06-29T11:28:12.673992+00:00,spambase,44,mlp,1,100,3580,80,20,921,2,57,57,,,,,,,,,,,,,,,stratified_labeled_val,2,True,40,60,0.2946,success,,0.7785016286644951,0.7344115643235878,0.7447283754700985,0.5757042765617371,0.8246245445658935,0.7665268960988898
2026-06-29T11:28:12.977596+00:00,spambase,44,mlp,1,250,3430,200,50,921,2,57,57,,,,,,,,,,,,,,,stratified_labeled_val,2,True,99,151,0.3793,success,,0.8631921824104235,0.8327038715601764,0.8475518118379015,0.42624014616012573,0.939137217729593,0.9158406752918786
2026-06-29T11:28:13.365106+00:00,spambase,44,mlp,1,500,3180,400,100,921,2,57,57,,,,,,,,,,,,,,,stratified_labeled_val,2,True,197,303,0.5797,success,,0.9163952225841476,0.9040478094730294,0.9108344722578114,0.3227075934410095,0.9547972392547173,0.9350518255024142
2026-06-29T11:28:13.954432+00:00,spambase,44,mlp,2,50,3630,40,10,921,2,57,57,,,,,,,,,,,,,,,stratified_labeled_val,2,True,20,30,0.2193,success,,0.7795874049945711,0.7511922746526852,0.7588635194063,0.48036324977874756,0.8545178075969865,0.7808390158234326
2026-06-29T11:28:14.180325+00:00,spambase,44,mlp,2,100,3580,80,20,921,2,57,57,,,,,,,,,,,,,,,stratified_labeled_val,2,True,40,60,0.4025,success,,0.7850162866449512,0.770594508131165,0.7728679042238364,0.5486456751823425,0.8499609980548398,0.7199819819787829
2026-06-29T11:28:14.590945+00:00,spambase,44,mlp,2,250,3430,200,50,921,2,57,57,,,,,,,,,,,,,,,stratified_labeled_val,2,True,99,151,0.4128,success,,0.757871878393051,0.7255694777688912,0.7328236529177838,0.5777803063392639,0.8290776780512852,0.7226574248284111
2026-06-29T11:28:15.014046+00:00,spambase,44,mlp,2,500,3180,400,100,921,2,57,57,,,,,,,,,,,,,,,stratified_labeled_val,2,True,197,303,0.599,success,,0.8718783930510315,0.856238336443615,0.8629561068124729,0.35827794671058655,0.935720844811754,0.8860756094913239
2026-06-29T11:28:15.624192+00:00,spambase,44,label_spreading,0,50,3630,40,10,921,2,57,57,,,,,,,,,,,,,,,stratified_labeled_val,2,True,20,30,7.9728,failed_graph_ssl_nan,"GraphSSLNanError: Graph SSL failed after retries. tried_neighbors=[7, 15, 30, 50, 5, 3], n_graph_rows=3670, n_labeled=40, n_unlabeled_used=3630, n_classes=2, min_labeled_per_class=16, last_error=invalid outputs for n_neighbors=3",,,,,,
2026-06-29T11:28:23.607185+00:00,spambase,44,label_spreading,0,100,3580,80,20,921,2,57,57,,,,,,,,,,,,,,,stratified_labeled_val,2,True,40,60,5.0141,failed_graph_ssl_nan,"GraphSSLNanError: Graph SSL failed after retries. tried_neighbors=[7, 15, 30, 50, 5, 3], n_graph_rows=3660, n_labeled=80, n_unlabeled_used=3580, n_classes=2, min_labeled_per_class=32, last_error=invalid outputs for n_neighbors=3",,,,,,
2026-06-29T11:28:28.632652+00:00,spambase,44,label_spreading,0,250,3430,200,50,921,2,57,57,,,,,,,,,,,30,2,3630,3430,stratified_labeled_val,2,True,99,151,3.311,success,,0.8501628664495114,0.8402426019728073,0.8421911317718577,0.4185836839186963,0.9245040828618541,0.8876092722437491
2026-06-29T11:28:31.956896+00:00,spambase,44,label_spreading,0,500,3180,400,100,921,2,57,57,,,,,,,,,,,30,2,3580,3180,stratified_labeled_val,2,True,197,303,3.2215,success,,0.8555917480998915,0.8403907106253148,0.8459868157180379,0.385262541933306,0.9407516020419248,0.9007608458420251
2026-06-29T11:28:35.192107+00:00,spambase,44,label_spreading,1,50,3630,40,10,921,2,57,57,,,,,,,,,,,,,,,stratified_labeled_val,2,True,20,30,6.372,failed_graph_ssl_nan,"GraphSSLNanError: Graph SSL failed after retries. tried_neighbors=[7, 15, 30, 50, 5, 3], n_graph_rows=3670, n_labeled=40, n_unlabeled_used=3630, n_classes=2, min_labeled_per_class=16, last_error=invalid outputs for n_neighbors=3",,,,,,
2026-06-29T11:28:41.576876+00:00,spambase,44,label_spreading,1,100,3580,80,20,921,2,57,57,,,,,,,,,,,30,2,3660,3580,stratified_labeled_val,2,True,40,60,3.1485,success,,0.8306188925081434,0.8289271009212358,0.8247169627171579,0.4240672603030541,0.8921670270643878,0.843326063871861
2026-06-29T11:28:44.738955+00:00,spambase,44,label_spreading,1,250,3430,200,50,921,2,57,57,,,,,,,,,,,30,2,3630,3430,stratified_labeled_val,2,True,99,151,3.4321,success,,0.8577633007600435,0.8373692941141622,0.8462529484400506,0.3442239804242666,0.9354838709677419,0.9112466629386918
2026-06-29T11:28:48.185319+00:00,spambase,44,label_spreading,1,500,3180,400,100,921,2,57,57,,,,,,,,,,,30,2,3580,3180,stratified_labeled_val,2,True,197,303,5.4231,success,,0.8545059717698155,0.8274608252614117,0.8398052959501557,0.3468382954107452,0.9423166168034204,0.9253830550314254
2026-06-29T11:28:53.621915+00:00,spambase,44,label_spreading,2,50,3630,40,10,921,2,57,57,,,,,,,,,,,,,,,stratified_labeled_val,2,True,20,30,6.6269,failed_graph_ssl_nan,"GraphSSLNanError: Graph SSL failed after retries. tried_neighbors=[7, 15, 30, 50, 5, 3], n_graph_rows=3670, n_labeled=40, n_unlabeled_used=3630, n_classes=2, min_labeled_per_class=16, last_error=invalid outputs for n_neighbors=3",,,,,,
2026-06-29T11:29:00.259033+00:00,spambase,44,label_spreading,2,100,3580,80,20,921,2,57,57,,,,,,,,,,,30,2,3660,3580,stratified_labeled_val,2,True,40,60,3.1853,success,,0.7242128121606949,0.6640969815456619,0.6635785780027612,0.8099624005968344,0.867938919991706,0.8167803290972017
2026-06-29T11:29:03.455551+00:00,spambase,44,label_spreading,2,250,3430,200,50,921,2,57,57,,,,,,,,,,,30,2,3630,3430,stratified_labeled_val,2,True,99,151,3.1968,success,,0.8110749185667753,0.7752525252525253,0.7874592833876222,0.49766532388569323,0.8776054780453606,0.846448301888738
2026-06-29T11:29:06.666802+00:00,spambase,44,label_spreading,2,500,3180,400,100,921,2,57,57,,,,,,,,,,,15,1,3580,3180,stratified_labeled_val,2,True,197,303,2.7469,success,,0.8490770901194354,0.8345330134186439,0.8394071490845685,0.41223533245693267,0.9115124855594063,0.8627354641303898
2026-06-29T11:29:09.427778+00:00,spambase,44,label_propagation,0,50,3630,40,10,921,2,57,57,,,,,,,,,,,,,,,stratified_labeled_val,2,True,20,30,8.9369,failed_graph_ssl_nan,"GraphSSLNanError: Graph SSL failed after retries. tried_neighbors=[7, 15, 30, 50, 5, 3], n_graph_rows=3670, n_labeled=40, n_unlabeled_used=3630, n_classes=2, min_labeled_per_class=16, last_error=invalid outputs for n_neighbors=3",,,,,,
2026-06-29T11:29:18.374756+00:00,spambase,44,label_propagation,0,100,3580,80,20,921,2,57,57,,,,,,,,,,,,,,,stratified_labeled_val,2,True,40,60,7.9926,failed_graph_ssl_nan,"GraphSSLNanError: Graph SSL failed after retries. tried_neighbors=[7, 15, 30, 50, 5, 3], n_graph_rows=3660, n_labeled=80, n_unlabeled_used=3580, n_classes=2, min_labeled_per_class=32, last_error=invalid outputs for n_neighbors=3",,,,,,
2026-06-29T11:29:26.383663+00:00,spambase,44,label_propagation,0,250,3430,200,50,921,2,57,57,,,,,,,,,,,30,2,3630,3430,stratified_labeled_val,2,True,99,151,4.1887,success,,0.6373507057546145,0.5404262567019166,0.46081064026698826,0.7442285774008806,0.9093229459798375,0.858445754189822
2026-06-29T11:29:30.591038+00:00,spambase,44,label_propagation,0,500,3180,400,100,921,2,57,57,,,,,,,,,,,30,2,3580,3180,stratified_labeled_val,2,True,197,303,4.291,success,,0.6677524429967426,0.5799564560561628,0.5327942229649081,0.595302857323756,0.9233833940578811,0.8730896127984238
2026-06-29T11:29:34.898277+00:00,spambase,44,label_propagation,1,50,3630,40,10,921,2,57,57,,,,,,,,,,,,,,,stratified_labeled_val,2,True,20,30,9.306,failed_graph_ssl_nan,"GraphSSLNanError: Graph SSL failed after retries. tried_neighbors=[7, 15, 30, 50, 5, 3], n_graph_rows=3670, n_labeled=40, n_unlabeled_used=3630, n_classes=2, min_labeled_per_class=16, last_error=invalid outputs for n_neighbors=3",,,,,,
2026-06-29T11:29:44.214267+00:00,spambase,44,label_propagation,1,100,3580,80,20,921,2,57,57,,,,,,,,,,,30,2,3660,3580,stratified_labeled_val,2,True,40,60,7.9906,success,,0.6340933767643865,0.5358126721763086,0.4508710813722871,0.7058168517174985,0.8697631248950896,0.7953584215504454
2026-06-29T11:29:52.221456+00:00,spambase,44,label_propagation,1,250,3430,200,50,921,2,57,57,,,,,,,,,,,30,2,3630,3430,stratified_labeled_val,2,True,99,151,6.3753,success,,0.6471226927252985,0.5523415977961432,0.4819941817904925,0.6149365045648766,0.9112829171480197,0.8911149765623962
2026-06-29T11:29:58.608103+00:00,spambase,44,label_propagation,1,500,3180,400,100,921,2,57,57,,,,,,,,,,,30,2,3580,3180,stratified_labeled_val,2,True,197,303,4.5535,success,,0.6786102062975027,0.5927678544980598,0.5524428684003152,0.537992199000572,0.9316922894635506,0.9141924579945993
2026-06-29T11:30:03.198543+00:00,spambase,44,label_propagation,2,50,3630,40,10,921,2,57,57,,,,,,,,,,,,,,,stratified_labeled_val,2,True,20,30,12.1715,failed_graph_ssl_nan,"GraphSSLNanError: Graph SSL failed after retries. tried_neighbors=[7, 15, 30, 50, 5, 3], n_graph_rows=3670, n_labeled=40, n_unlabeled_used=3630, n_classes=2, min_labeled_per_class=16, last_error=invalid outputs for n_neighbors=3",,,,,,
2026-06-29T11:30:15.381812+00:00,spambase,44,label_propagation,2,100,3580,80,20,921,2,57,57,,,,,,,,,,,30,2,3660,3580,stratified_labeled_val,2,True,40,60,8.3349,success,,0.6058631921824105,0.5,0.3772819472616633,1.5109525608858398,0.8651347295042311,0.8222426552497685
2026-06-29T11:30:23.736587+00:00,spambase,44,label_propagation,2,250,3430,200,50,921,2,57,57,,,,,,,,,,,30,2,3630,3430,stratified_labeled_val,2,True,99,151,7.4165,success,,0.6384364820846905,0.5413223140495868,0.4614290455644588,0.9040340853426623,0.8488773364139932,0.8340643944611196
2026-06-29T11:30:31.177058+00:00,spambase,44,label_propagation,2,500,3180,400,100,921,2,57,57,,,,,,,,,,,15,1,3580,3180,stratified_labeled_val,2,True,197,303,5.9087,success,,0.760043431053203,0.7076261145176101,0.7150423150423151,0.4566621535804728,0.895961077046121,0.8506124653909963
2026-06-29T11:30:37.099349+00:00,spambase,44,self_training_lr,0,50,3630,40,10,921,2,57,57,1815.0,43.0,4.0,"{0: 922, 1: 933}",0.5,0.9905332951177908,0.9710956811904907,1.0,,max_total_pseudo_fraction,,,,,stratified_labeled_val,2,True,20,30,0.3237,success,,0.8990228013029316,0.8998193074439409,0.8953737645924972,0.34903329610824585,0.9547108425407546,0.9156465651009997
2026-06-29T11:30:37.437959+00:00,spambase,44,self_training_lr,0,100,3580,80,20,921,2,57,57,1790.0,42.0,4.0,"{0: 958, 1: 912}",0.5,0.9943139282684752,0.9777265191078186,1.0,,max_total_pseudo_fraction,,,,,stratified_labeled_val,2,True,40,60,0.3962,success,,0.9120521172638436,0.9139414674605291,0.9089499976200386,0.3949728310108185,0.9518128499066916,0.8862820019335702
2026-06-29T11:30:37.844586+00:00,spambase,44,self_training_lr,0,250,3430,200,50,921,2,57,57,1715.0,41.0,4.0,"{0: 1100, 1: 815}",0.5,0.9962213898886745,0.9823293089866638,1.0,,max_total_pseudo_fraction,,,,,stratified_labeled_val,2,True,99,151,0.3285,success,,0.9250814332247557,0.919880624426079,0.9212954075674016,0.3069112300872803,0.9605981614779269,0.9133815525367319
2026-06-29T11:30:38.184045+00:00,spambase,44,self_training_lr,0,500,3180,400,100,921,2,57,57,1590.0,38.0,4.0,"{0: 1147, 1: 843}",0.5,0.9958781500282528,0.9787943959236145,1.0,,max_total_pseudo_fraction,,,,,stratified_labeled_val,2,True,197,303,0.3192,success,,0.9185667752442996,0.9164296928226547,0.9150261349223825,0.31601956486701965,0.9597341943383,0.9076380390898197
2026-06-29T11:30:38.512795+00:00,spambase,44,self_training_lr,1,50,3630,40,10,921,2,57,57,1815.0,43.0,4.0,"{0: 1154, 1: 701}",0.5,0.9908049434012947,0.9805259704589844,1.0,,max_total_pseudo_fraction,,,,,stratified_labeled_val,2,True,20,30,0.2846,success,,0.8805646036916395,0.8643695014662757,0.8719410456062291,0.4029432237148285,0.9392458307414319,0.9103771776478211
2026-06-29T11:30:38.807249+00:00,spambase,44,self_training_lr,1,100,3580,80,20,921,2,57,57,1790.0,42.0,4.0,"{0: 1113, 1: 757}",0.5,0.9926745788345124,0.9761351943016052,1.0,,max_total_pseudo_fraction,,,,,stratified_labeled_val,2,True,40,60,0.3002,success,,0.9098805646036916,0.9010782309902545,0.904737396332459,0.31391897797584534,0.953358116847853,0.9269752893538787
2026-06-29T11:30:39.117512+00:00,spambase,44,self_training_lr,1,250,3430,200,50,921,2,57,57,1715.0,41.0,4.0,"{0: 1115, 1: 800}",0.5,0.9957672412471938,0.982566237449646,1.0,,max_total_pseudo_fraction,,,,,stratified_labeled_val,2,True,99,151,0.3137,success,,0.9109663409337676,0.903899700820522,0.9062295130818285,0.31707850098609924,0.9518646879350693,0.9194152828142189
2026-06-29T11:30:39.439984+00:00,spambase,44,self_training_lr,1,500,3180,400,100,921,2,57,57,1590.0,38.0,4.0,"{0: 1207, 1: 783}",0.5,0.9958194638573149,0.9787951707839966,1.0,,max_total_pseudo_fraction,,,,,stratified_labeled_val,2,True,197,303,0.3326,success,,0.9131378935939196,0.9052104623952131,0.9083262827850496,0.3077114224433899,0.9532124766728872,0.9246876943124502
2026-06-29T11:30:39.780469+00:00,spambase,44,self_training_lr,2,50,3630,40,10,921,2,57,57,1815.0,43.0,4.0,"{0: 1420, 1: 435}",0.5,0.9921018768604793,0.9726217985153198,1.0,,max_total_pseudo_fraction,,,,,stratified_labeled_val,2,True,20,30,0.2832,success,,0.7795874049945711,0.7396397997571018,0.7497540545858279,0.8030532598495483,0.8724833871461437,0.7849307734054098
2026-06-29T11:30:40.071712+00:00,spambase,44,self_training_lr,2,100,3580,80,20,921,2,57,57,1790.0,42.0,4.0,"{0: 1326, 1: 544}",0.5,0.9967307539958528,0.9919187426567078,1.0,,max_total_pseudo_fraction,,,,,stratified_labeled_val,2,True,40,60,0.4278,success,,0.8338762214983714,0.8104357356556771,0.819490649350982,0.6557961702346802,0.9048253798986936,0.8097736672303744
2026-06-29T11:30:40.509744+00:00,spambase,44,self_training_lr,2,250,3430,200,50,921,2,57,57,1715.0,41.0,4.0,"{0: 1026, 1: 889}",0.5,0.9953035911387674,0.9766331315040588,1.0,,max_total_pseudo_fraction,,,,,stratified_labeled_val,2,True,99,151,0.3085,success,,0.8707926167209555,0.8702642258360733,0.8661234192097544,0.48065993189811707,0.9266195681151693,0.8513586875679751
2026-06-29T11:30:40.828070+00:00,spambase,44,self_training_lr,2,500,3180,400,100,921,2,57,57,1590.0,38.0,4.0,"{0: 1164, 1: 826}",0.5,0.9947923123086774,0.9729161262512207,1.0,,max_total_pseudo_fraction,,,,,stratified_labeled_val,2,True,197,303,0.3704,success,,0.8914223669923995,0.8863266092005095,0.8863266092005095,0.30115807056427,0.952363320398511,0.9192742365622838
2026-06-29T11:30:41.206710+00:00,spambase,44,self_training_xgboost,0,50,3630,40,10,921,2,57,57,1772.0,465.0,3.0,"{0: 1043, 1: 769}",0.4881542699724518,0.9946716956911991,0.9843616485595703,0.9997046589851379,,max_iter,,,,,stratified_labeled_val,2,True,20,30,4.5125,success,,0.8251900108577633,0.8162638111318463,0.8167191364548223,0.7427996397018433,0.8913129338349278,0.8572613629370114
2026-06-29T11:30:45.733372+00:00,spambase,44,self_training_xgboost,0,100,3580,80,20,921,2,57,57,1748.0,459.0,3.0,"{0: 987, 1: 841}",0.488268156424581,0.9970094076010401,0.9922924041748047,0.9997577667236328,,max_iter,,,,,stratified_labeled_val,2,True,40,60,6.9925,success,,0.8327904451682954,0.8326446280991735,0.8273836762114324,0.5800800919532776,0.9192091985347117,0.8896082019018713
2026-06-29T11:30:52.739674+00:00,spambase,44,self_training_xgboost,0,250,3430,200,50,921,2,57,57,1674.0,439.0,3.0,"{0: 1305, 1: 569}",0.4880466472303207,0.9987556660901689,0.9975433945655823,0.9998179078102112,,max_iter,,,,,stratified_labeled_val,2,True,99,151,6.2745,success,,0.8925081433224755,0.8790396634971416,0.8853586071886147,0.3812881410121918,0.9424844732762622,0.9287970700778622
2026-06-29T11:30:59.027175+00:00,spambase,44,self_training_xgboost,0,500,3180,400,100,921,2,57,57,1552.0,407.0,3.0,"{0: 1188, 1: 764}",0.4880503144654088,0.9986316138475212,0.9969673156738281,0.9998911619186401,,max_iter,,,,,stratified_labeled_val,2,True,197,303,8.2505,success,,0.9283387622149837,0.9278636807962322,0.9253932484977023,0.220949187874794,0.9749548268609852,0.9617251840301753
2026-06-29T11:31:07.288406+00:00,spambase,44,self_training_xgboost,1,50,3630,40,10,921,2,57,57,1772.0,465.0,3.0,"{0: 1124, 1: 688}",0.4881542699724518,0.9951214542103675,0.9812721610069275,0.9993770718574524,,max_iter,,,,,stratified_labeled_val,2,True,20,30,3.2291,success,,0.8371335504885994,0.8198628513877781,0.825791661202296,0.5861355662345886,0.903509681368919,0.8788365431257109
2026-06-29T11:31:10.540311+00:00,spambase,44,self_training_xgboost,1,100,3580,80,20,921,2,57,57,1748.0,459.0,3.0,"{0: 1149, 1: 679}",0.488268156424581,0.9990332387813987,0.9975020289421082,0.9998250007629395,,max_iter,,,,,stratified_labeled_val,2,True,40,60,5.7037,success,,0.8262757871878393,0.8234174590479575,0.819921985746268,0.618197500705719,0.910865744443457,0.8998430260036097
2026-06-29T11:31:16.257708+00:00,spambase,44,self_training_xgboost,1,250,3430,200,50,921,2,57,57,1674.0,439.0,3.0,"{0: 1139, 1: 735}",0.4880466472303207,0.9994044407507852,0.9981445670127869,0.9998815655708313,,max_iter,,,,,stratified_labeled_val,2,True,99,151,6.9745,success,,0.8838219326818675,0.8766847359222726,0.8779508494161155,0.4471280872821808,0.936263909870948,0.9264922287585067
2026-06-29T11:31:23.253102+00:00,spambase,44,self_training_xgboost,1,500,3180,400,100,921,2,57,57,1552.0,407.0,3.0,"{0: 1245, 1: 707}",0.4880503144654088,0.9990736599051461,0.9975847601890564,0.9999260306358337,,max_iter,,,,,stratified_labeled_val,2,True,197,303,7.1172,success,,0.9109663409337676,0.9058251133031192,0.9066061535417491,0.31694966554641724,0.9532420984033887,0.9394208381826907
2026-06-29T11:31:30.383838+00:00,spambase,44,self_training_xgboost,2,50,3630,40,10,921,2,57,57,1772.0,465.0,3.0,"{0: 1356, 1: 456}",0.4881542699724518,0.993490110132549,0.9633665680885315,0.9991409778594971,,max_iter,,,,,stratified_labeled_val,2,True,20,30,2.7553,success,,0.8447339847991314,0.8222844278562753,0.8315122486653694,0.5497325658798218,0.9081528876250284,0.8819776790382142
2026-06-29T11:31:33.150715+00:00,spambase,44,self_training_xgboost,2,100,3580,80,20,921,2,57,57,1748.0,459.0,3.0,"{0: 1439, 1: 389}",0.488268156424581,0.997794381302336,0.9920263886451721,0.999674379825592,,max_iter,,,,,stratified_labeled_val,2,True,40,60,5.108,success,,0.8414766558089034,0.8099691934002784,0.8233536867328064,0.5443340539932251,0.930371653978692,0.9138284023701841
2026-06-29T11:31:38.272436+00:00,spambase,44,self_training_xgboost,2,250,3430,200,50,921,2,57,57,1674.0,439.0,3.0,"{0: 1058, 1: 816}",0.4880466472303207,0.9971757367733987,0.9945439696311951,0.9997982382774353,,max_iter,,,,,stratified_labeled_val,2,True,99,151,7.6706,success,,0.9001085776330076,0.8843493586895346,0.8927660220714793,0.2920452058315277,0.9601982681161567,0.9510488835650841
2026-06-29T11:31:45.963750+00:00,spambase,44,self_training_xgboost,2,500,3180,400,100,921,2,57,57,1552.0,407.0,3.0,"{0: 1165, 1: 787}",0.4880503144654088,0.9977462106989217,0.99449223279953,0.9998373985290527,,max_iter,,,,,stratified_labeled_val,2,True,197,303,8.4369,success,,0.9163952225841476,0.9040478094730294,0.9108344722578114,0.2539975643157959,0.9671001313230052,0.9593959275720181
2026-06-29T11:31:54.419133+00:00,spambase,44,self_training_lightgbm,0,50,3630,40,10,921,2,57,57,0.0,0.0,0.0,"{0: 24, 1: 16}",0.0,,,,,no_candidates,,,,,stratified_labeled_val,2,True,20,30,0.4894,success,,0.7752442996742671,0.7413504546935632,0.7501274612471935,0.49787958446516545,0.8317559761841287,0.7186364140101472
2026-06-29T11:31:54.919927+00:00,spambase,44,self_training_lightgbm,0,100,3580,80,20,921,2,57,57,1748.0,459.0,3.0,"{0: 1228, 1: 600}",0.488268156424581,0.9998937249339495,0.9992501385738376,0.9999999491182457,,max_iter,,,,,stratified_labeled_val,2,True,40,60,11.8343,success,,0.8425624321389794,0.8344515536597648,0.8349333837636598,1.0287617230402049,0.9242473611975077,0.9082412009234465
2026-06-29T11:32:06.769386+00:00,spambase,44,self_training_lightgbm,0,250,3430,200,50,921,2,57,57,1674.0,439.0,3.0,"{0: 1288, 1: 586}",0.4880466472303207,0.9999994942222311,0.9999978244849232,0.9999999986836157,,max_iter,,,,,stratified_labeled_val,2,True,99,151,14.2254,success,,0.9142236699239956,0.9046624603809355,0.9091326898267428,0.5020825318770151,0.9632493063578108,0.953496383677107
2026-06-29T11:32:21.005008+00:00,spambase,44,self_training_lightgbm,0,500,3180,400,100,921,2,57,57,1552.0,407.0,3.0,"{0: 1222, 1: 730}",0.4880503144654088,0.9999994755453293,0.9999963680231029,0.9999999998774899,,max_iter,,,,,stratified_labeled_val,2,True,197,303,16.7341,success,,0.9435396308360477,0.9447406617494594,0.94132320509679,0.31596361830341596,0.9816444009992397,0.9697633259562817
2026-06-29T11:32:37.753701+00:00,spambase,44,self_training_lightgbm,1,50,3630,40,10,921,2,57,57,0.0,0.0,0.0,"{0: 24, 1: 16}",0.0,,,,,no_candidates,,,,,stratified_labeled_val,2,True,20,30,1.7307,success,,0.6058631921824105,0.5288811872389585,0.49066951859926233,0.6580302086125479,0.5956090721486615,0.45782501301717854
2026-06-29T11:32:39.496913+00:00,spambase,44,self_training_lightgbm,1,100,3580,80,20,921,2,57,57,1748.0,459.0,3.0,"{0: 1168, 1: 660}",0.488268156424581,0.9999634778557741,0.999517359159914,0.9999999862506014,,max_iter,,,,,stratified_labeled_val,2,True,40,60,10.7869,success,,0.8338762214983714,0.830652566722948,0.8275797935798058,1.2437870335698704,0.921028466483012,0.9107775693963196
2026-06-29T11:32:50.290446+00:00,spambase,44,self_training_lightgbm,1,250,3430,200,50,921,2,57,57,1674.0,439.0,3.0,"{0: 1109, 1: 765}",0.4880466472303207,0.9999997366755382,0.9999975565900815,0.9999999997469778,,max_iter,,,,,stratified_labeled_val,2,True,99,151,13.8343,success,,0.8968512486427795,0.8888814834562635,0.8913074535048828,0.7116490095117108,0.9472239501565014,0.936475732962883
2026-06-29T11:33:04.136430+00:00,spambase,44,self_training_lightgbm,1,500,3180,400,100,921,2,57,57,1552.0,407.0,3.0,"{0: 1272, 1: 680}",0.4880503144654088,0.9999996262445033,0.9999976012530873,0.9999999999360419,,max_iter,,,,,stratified_labeled_val,2,True,197,303,15.6004,success,,0.9294245385450597,0.9244275600580586,0.925857992635958,0.4617526743626234,0.966912527029829,0.954358604103536
2026-06-29T11:33:19.750587+00:00,spambase,44,self_training_lightgbm,2,50,3630,40,10,921,2,57,57,0.0,0.0,0.0,"{0: 24, 1: 16}",0.0,,,,,no_candidates,,,,,stratified_labeled_val,2,True,20,30,0.6394,success,,0.7709011943539631,0.7599084688527504,0.7600333405365357,0.4937078147408937,0.8301983668552584,0.7245635498928724
2026-06-29T11:33:20.405091+00:00,spambase,44,self_training_lightgbm,2,100,3580,80,20,921,2,57,57,1748.0,459.0,3.0,"{0: 1460, 1: 368}",0.488268156424581,0.9999706595259438,0.999591730542363,0.9999999795442736,,max_iter,,,,,stratified_labeled_val,2,True,40,60,14.8134,success,,0.8469055374592834,0.8130054207766818,0.8279086409446001,0.9984668291749281,0.9408182509355529,0.9273107355977066
2026-06-29T11:33:35.231924+00:00,spambase,44,self_training_lightgbm,2,250,3430,200,50,921,2,57,57,1674.0,439.0,3.0,"{0: 1157, 1: 717}",0.4880466472303207,0.9999982309277501,0.9999910228501918,0.9999999966042986,,max_iter,,,,,stratified_labeled_val,2,True,99,151,13.2979,success,,0.9087947882736156,0.8929618768328447,0.9019706231183287,0.5374705020369138,0.9694303741224563,0.9604197079906932
2026-06-29T11:33:48.548836+00:00,spambase,44,self_training_lightgbm,2,500,3180,400,100,921,2,57,57,1552.0,407.0,3.0,"{0: 1216, 1: 736}",0.4880503144654088,0.9999991001048119,0.9999937208132061,0.999999999751859,,max_iter,,,,,stratified_labeled_val,2,True,197,303,18.9671,success,,0.9261672095548317,0.9169258568085548,0.9217423901634428,0.3927110754685754,0.9750831876931584,0.9697251535300595
2026-06-29T11:34:07.533479+00:00,spambase,44,self_training_catboost,0,50,3630,40,10,921,2,57,57,1301.0,500.0,3.0,"{0: 774, 1: 567}",0.3584022038567493,0.9948822143807401,0.9701761918930117,0.9996046872374552,,max_iter,,,,,stratified_labeled_val,2,True,20,30,8.2965,success,,0.8555917480998915,0.8519431855208981,0.8497234139393486,0.4330082439315068,0.9202731123552238,0.9051140858290807
2026-06-29T11:34:15.842875+00:00,spambase,44,self_training_catboost,0,100,3580,80,20,921,2,57,57,1432.0,432.0,3.0,"{0: 798, 1: 714}",0.4,0.9938121591515698,0.9787626731705095,0.9996412892668347,,max_total_pseudo_fraction,,,,,stratified_labeled_val,2,True,40,60,6.9228,success,,0.8849077090119435,0.8790248526318908,0.879389497820694,0.3560763301545483,0.937577139923181,0.928780064923899
2026-06-29T11:34:22.796513+00:00,spambase,44,self_training_catboost,0,250,3430,200,50,921,2,57,57,1372.0,372.0,3.0,"{0: 871, 1: 701}",0.4,0.9949778543552539,0.9855607616691587,0.9989819959997737,,max_total_pseudo_fraction,,,,,stratified_labeled_val,2,True,99,151,8.1722,success,,0.8914223669923995,0.8791063123907699,0.8845309020882228,0.28359303896212606,0.9530199354246275,0.9399128327163812
2026-06-29T11:34:30.978864+00:00,spambase,44,self_training_catboost,0,500,3180,400,100,921,2,57,57,1272.0,272.0,3.0,"{0: 956, 1: 716}",0.4,0.9931288902188828,0.9851116040516454,0.9986390756476686,,max_total_pseudo_fraction,,,,,stratified_labeled_val,2,True,197,303,9.2926,success,,0.9348534201954397,0.9317959655203057,0.9317959655203057,0.1914158322137394,0.9742735270594507,0.9633905081800336
2026-06-29T11:34:40.281961+00:00,spambase,44,self_training_catboost,1,50,3630,40,10,921,2,57,57,1375.0,500.0,3.0,"{0: 774, 1: 641}",0.3787878787878788,0.9953806156168616,0.9700595659826217,0.9995562748054845,,max_iter,,,,,stratified_labeled_val,2,True,20,30,8.3657,success,,0.8327904451682954,0.8312005687372257,0.826964181143861,0.4806516721067588,0.9066890804427461,0.8835079812165599
2026-06-29T11:34:48.659078+00:00,spambase,44,self_training_catboost,1,100,3580,80,20,921,2,57,57,1432.0,432.0,3.0,"{0: 776, 1: 736}",0.4,0.9971380790059258,0.9879052310072466,0.9996819060377441,,max_total_pseudo_fraction,,,,,stratified_labeled_val,2,True,40,60,6.3747,success,,0.8458197611292074,0.8443600225125152,0.8403150183150183,0.5772442992375781,0.911258232372602,0.9023822697230109
2026-06-29T11:34:55.045294+00:00,spambase,44,self_training_catboost,1,250,3430,200,50,921,2,57,57,1372.0,372.0,3.0,"{0: 871, 1: 701}",0.4,0.9959428343639806,0.9903868675877755,0.9991711096906439,,max_total_pseudo_fraction,,,,,stratified_labeled_val,2,True,99,151,8.8189,success,,0.8805646036916395,0.8730338576379633,0.8744659443491708,0.3177670118579754,0.9445036879054475,0.9264971031762204
2026-06-29T11:35:03.874620+00:00,spambase,44,self_training_catboost,1,500,3180,400,100,921,2,57,57,1272.0,272.0,3.0,"{0: 988, 1: 684}",0.4,0.9930495482217417,0.9826772702932673,0.9986329983984187,,max_total_pseudo_fraction,,,,,stratified_labeled_val,2,True,197,303,9.9505,success,,0.9174809989142236,0.9087946917858941,0.9127249331684155,0.2152578039775817,0.9667816977201141,0.9493518221475942
2026-06-29T11:35:13.836220+00:00,spambase,44,self_training_catboost,2,50,3630,40,10,921,2,57,57,1360.0,500.0,3.0,"{0: 774, 1: 626}",0.3746556473829201,0.9945890598245516,0.9701192444758908,0.9998321960755169,,max_iter,,,,,stratified_labeled_val,2,True,20,30,6.9231,success,,0.8327904451682954,0.8244616250481354,0.8247734213621404,0.5987021555251861,0.9076517866840447,0.8860304053746714
2026-06-29T11:35:20.770049+00:00,spambase,44,self_training_catboost,2,100,3580,80,20,921,2,57,57,1432.0,432.0,3.0,"{0: 798, 1: 714}",0.4,0.9943825606421446,0.9740965494419842,0.999445491597412,,max_total_pseudo_fraction,,,,,stratified_labeled_val,2,True,40,60,6.1484,success,,0.8740499457111836,0.8642880417073966,0.8670731100383218,0.42091546408094865,0.9318774252791848,0.9211760775418887
2026-06-29T11:35:26.928110+00:00,spambase,44,self_training_catboost,2,250,3430,200,50,921,2,57,57,1372.0,372.0,3.0,"{0: 871, 1: 701}",0.4,0.99236693672957,0.9828747575103293,0.9985911421732938,,max_total_pseudo_fraction,,,,,stratified_labeled_val,2,True,99,151,7.131,success,,0.9207383279044516,0.9119642169495542,0.9161249274874155,0.20036854987953534,0.971550796330855,0.9668450988634311
2026-06-29T11:35:34.070052+00:00,spambase,44,self_training_catboost,2,500,3180,400,100,921,2,57,57,1272.0,272.0,3.0,"{0: 962, 1: 710}",0.4,0.9884536158064183,0.9713674986982219,0.9985308675974451,,max_total_pseudo_fraction,,,,,stratified_labeled_val,2,True,197,303,9.0462,success,,0.9261672095548317,0.9169258568085548,0.9217423901634428,0.19205656433967191,0.9743969509365403,0.9699731490829929
2026-06-29T11:35:43.126198+00:00,spambase,44,rpl_lr,0,50,3630,40,10,921,2,57,57,,,,,,,,,,,,,,,stratified_labeled_val,2,True,20,30,0.2161,success,,0.9022801302931596,0.8948058295565626,0.8970811728946898,0.4439344108104706,0.9579198633450833,0.9219574822609445
2026-06-29T11:35:43.348132+00:00,spambase,44,rpl_lr,0,100,3580,80,20,921,2,57,57,,,,,,,,,,,,,,,stratified_labeled_val,2,True,40,60,0.3108,success,,0.9098805646036916,0.9078171746793448,0.9060487067455709,0.5270897746086121,0.9505687372256287,0.8986693244261929
2026-06-29T11:35:43.666683+00:00,spambase,44,rpl_lr,0,250,3430,200,50,921,2,57,57,,,,,,,,,,,,,,,stratified_labeled_val,2,True,99,151,0.4364,success,,0.9239956568946797,0.9165778014751622,0.9197854974369184,0.38753747940063477,0.9626618087028642,0.9202964356109204
2026-06-29T11:35:44.114507+00:00,spambase,44,rpl_lr,0,500,3180,400,100,921,2,57,57,,,,,,,,,,,,,,,stratified_labeled_val,2,True,197,303,0.6015,success,,0.9174809989142236,0.9145709292336859,0.9137725436089484,0.37828516960144043,0.9602476376669926,0.9178016028774755
2026-06-29T11:35:44.743697+00:00,spambase,44,rpl_lr,1,50,3630,40,10,921,2,57,57,,,,,,,,,,,,,,,stratified_labeled_val,2,True,20,30,0.8123,success,,0.8740499457111836,0.8522542136911638,0.8630518381787418,0.6954942345619202,0.9333708541919685,0.9052520075641161
2026-06-29T11:35:45.568639+00:00,spambase,44,rpl_lr,1,100,3580,80,20,921,2,57,57,,,,,,,,,,,,,,,stratified_labeled_val,2,True,40,60,0.535,success,,0.9066232356134636,0.892613821499452,0.9001205524226497,0.45061859488487244,0.9517067053723945,0.9329515672705712
2026-06-29T11:35:46.111880+00:00,spambase,44,rpl_lr,1,250,3430,200,50,921,2,57,57,,,,,,,,,,,,,,,stratified_labeled_val,2,True,99,151,0.8597,success,,0.9098805646036916,0.9025222903522023,0.9050370383253186,0.41906845569610596,0.952600294242523,0.9231856383897795
2026-06-29T11:35:47.002167+00:00,spambase,44,rpl_lr,1,500,3180,400,100,921,2,57,57,,,,,,,,,,,,,,,stratified_labeled_val,2,True,197,303,1.3861,success,,0.9066232356134636,0.8964646464646464,0.9010271405008248,0.3724311292171478,0.9547009686305875,0.9303767349442208
2026-06-29T11:35:48.406019+00:00,spambase,44,rpl_lr,2,50,3630,40,10,921,2,57,57,,,,,,,,,,,,,,,stratified_labeled_val,2,True,20,30,0.4051,success,,0.7698154180238871,0.7253176930596286,0.7347177235277493,1.552498698234558,0.8593362757585632,0.7804302723948343
2026-06-29T11:35:48.818589+00:00,spambase,44,rpl_lr,2,100,3580,80,20,921,2,57,57,,,,,,,,,,,,,,,stratified_labeled_val,2,True,40,60,0.3368,success,,0.8284473398479913,0.801623270831482,0.8119222656492338,1.0230311155319214,0.9058942306742893,0.8163975421689039
2026-06-29T11:35:49.163576+00:00,spambase,44,rpl_lr,2,250,3430,200,50,921,2,57,57,,,,,,,,,,,,,,,stratified_labeled_val,2,True,99,151,0.3856,success,,0.8697068403908795,0.8626292247993128,0.8633260783537793,0.6322686672210693,0.9289794326451217,0.8639233313152306
2026-06-29T11:35:49.557818+00:00,spambase,44,rpl_lr,2,500,3180,400,100,921,2,57,57,,,,,,,,,,,,,,,stratified_labeled_val,2,True,197,303,1.3829,success,,0.8946796959826275,0.8890147812435203,0.8895761256901724,0.36478015780448914,0.9521312835095828,0.9237121418157366
2026-06-29T11:35:50.984779+00:00,spambase,44,rpl_lite_xgboost,0,50,3630,40,10,921,2,57,57,1772.0,465.0,3.0,"{0: 1020, 1: 752}",0.4881542699724518,0.9946700452278214,,,0.03354815583222071,max_iter,,,,,stratified_labeled_val,2,True,20,30,6.1106,success,,0.8208469055374593,0.812198228620516,0.8123483468650634,0.7401432991027832,0.8913623033857638,0.8573501432919051
2026-06-29T11:35:57.113674+00:00,spambase,44,rpl_lite_xgboost,0,100,3580,80,20,921,2,57,57,1748.0,459.0,3.0,"{1: 810, 0: 938}",0.488268156424581,0.9969988258329627,,,0.026619492818392473,max_iter,,,,,stratified_labeled_val,2,True,40,60,6.6894,success,,0.8295331161780674,0.828512396694215,0.8238093787506777,0.5778059959411621,0.91844890745184,0.8886342612292332
2026-06-29T11:36:03.819595+00:00,spambase,44,rpl_lite_xgboost,0,250,3430,200,50,921,2,57,57,1674.0,439.0,3.0,"{0: 1187, 1: 487}",0.4880466472303207,0.9987615336938855,,,0.06272422137897017,max_iter,,,,,stratified_labeled_val,2,True,99,151,7.3771,success,,0.8957654723127035,0.8841346011433988,0.8892740497325025,0.3724643588066101,0.9444790031300296,0.9295636372787237
2026-06-29T11:36:11.210659+00:00,spambase,44,rpl_lite_xgboost,0,500,3180,400,100,921,2,57,57,1552.0,407.0,3.0,"{0: 944, 1: 608}",0.4880503144654088,0.9986328684254405,,,0.02035319591126296,max_iter,,,,,stratified_labeled_val,2,True,197,303,7.4062,success,,0.9283387622149837,0.9288263870375307,0.9255256064690027,0.22142523527145386,0.9751720528846628,0.9620881735899448
2026-06-29T11:36:18.635882+00:00,spambase,44,rpl_lite_xgboost,1,50,3630,40,10,921,2,57,57,1772.0,465.0,3.0,"{0: 1105, 1: 667}",0.4881542699724518,0.995126256319793,,,0.05699906125657827,max_iter,,,,,stratified_labeled_val,2,True,20,30,3.4994,success,,0.8414766558089034,0.8258538463817057,0.831030409650666,0.5718045830726624,0.9061929164568462,0.885334096938025
2026-06-29T11:36:22.160909+00:00,spambase,44,rpl_lite_xgboost,1,100,3580,80,20,921,2,57,57,1748.0,459.0,3.0,"{0: 1108, 1: 640}",0.488268156424581,0.9990193251886957,,,0.041957134697015355,max_iter,,,,,stratified_labeled_val,2,True,40,60,6.7943,success,,0.8262757871878393,0.8238988121686068,0.8200732600732601,0.6223180294036865,0.9093772524857568,0.8987669912572805
2026-06-29T11:36:28.968781+00:00,spambase,44,rpl_lite_xgboost,1,250,3430,200,50,921,2,57,57,1674.0,439.0,3.0,"{0: 1008, 1: 666}",0.4880466472303207,0.9994068531722293,,,0.03374348686981409,max_iter,,,,,stratified_labeled_val,2,True,99,151,7.0472,success,,0.8838219326818675,0.8771660890429218,0.8780722581507248,0.4519813358783722,0.9353999427313211,0.9268124221694173
2026-06-29T11:36:36.030220+00:00,spambase,44,rpl_lite_xgboost,1,500,3180,400,100,921,2,57,57,1552.0,407.0,3.0,"{0: 1005, 1: 547}",0.4880503144654088,0.9990643180676342,,,0.072559862428359,max_iter,,,,,stratified_labeled_val,2,True,197,303,8.3319,success,,0.9098805646036916,0.9049290559554489,0.9055135920854052,0.31204578280448914,0.9544837426069097,0.9401629452094932
2026-06-29T11:36:44.372304+00:00,spambase,44,rpl_lite_xgboost,2,50,3630,40,10,921,2,57,57,1772.0,465.0,3.0,"{0: 1328, 1: 444}",0.4881542699724518,0.9932732751958795,,,0.039462771324144316,max_iter,,,,,stratified_labeled_val,2,True,20,30,2.5285,success,,0.8469055374592834,0.8240765425516159,0.8336482454803169,0.5616655945777893,0.9076147595209179,0.8826528057726816
2026-06-29T11:36:46.916759+00:00,spambase,44,rpl_lite_xgboost,2,100,3580,80,20,921,2,57,57,1748.0,459.0,3.0,"{0: 1366, 1: 382}",0.488268156424581,0.9977023139493689,,,0.051371564738090666,max_iter,,,,,stratified_labeled_val,2,True,40,60,6.1265,success,,0.8458197611292074,0.8164415415148553,0.8292377838594438,0.5338209867477417,0.9320847773926951,0.915815611504515
2026-06-29T11:36:53.066065+00:00,spambase,44,rpl_lite_xgboost,2,250,3430,200,50,921,2,57,57,1674.0,439.0,3.0,"{0: 955, 1: 719}",0.4880466472303207,0.997197655259922,,,0.016726433665982678,max_iter,,,,,stratified_labeled_val,2,True,99,151,7.5848,success,,0.9022801302931596,0.8875855327468232,0.8953504226888465,0.2878625988960266,0.9607438016528926,0.9522508043725645
2026-06-29T11:37:00.665281+00:00,spambase,44,rpl_lite_xgboost,2,500,3180,400,100,921,2,57,57,1552.0,407.0,3.0,"{0: 914, 1: 638}",0.4880503144654088,0.9977746958431509,,,0.04768045425033754,max_iter,,,,,stratified_labeled_val,2,True,197,303,7.8579,success,,0.9131378935939196,0.9003969311887201,0.9073067632850242,0.25648626685142517,0.9662164163630439,0.9585640129230132
2026-06-29T11:37:08.649801+00:00,letter,6,logistic_regression,0,50,15950,50,0,4000,26,16,16,,,,,,,,,,,,,,,no_val_low_label_multiclass,26,True,1,5,0.5794,success,,0.33,0.32951630764124135,0.31627506377739406,2.607950210571289,0.8258827092509725,
2026-06-29T11:37:09.240570+00:00,letter,6,logistic_regression,0,100,15900,100,0,4000,26,16,16,,,,,,,,,,,,,,,no_val_low_label_multiclass,26,True,3,4,0.8504,success,,0.51175,0.5107145554033182,0.5015266510652576,1.8491506576538086,0.90707297186664,
2026-06-29T11:37:10.104668+00:00,letter,6,logistic_regression,0,250,15750,200,50,4000,26,16,16,,,,,,,,,,,,,,,stratified_labeled_val,26,True,9,10,0.7183,success,,0.5955,0.5936541088564823,0.5934349534621235,1.499135971069336,0.9422443281543015,
2026-06-29T11:37:10.834716+00:00,letter,6,logistic_regression,0,500,15500,400,100,4000,26,16,16,,,,,,,,,,,,,,,stratified_labeled_val,26,True,18,20,0.9891,success,,0.68075,0.6793518264750271,0.6784490939234467,1.228945016860962,0.9608080277033488,
2026-06-29T11:37:11.845183+00:00,letter,6,logistic_regression,1,50,15950,50,0,4000,26,16,16,,,,,,,,,,,,,,,no_val_low_label_multiclass,26,True,1,6,1.1185,success,,0.276,0.27307569914314656,0.23903114526169844,2.845181941986084,0.7918315726222467,
2026-06-29T11:37:12.996485+00:00,letter,6,logistic_regression,1,100,15900,100,0,4000,26,16,16,,,,,,,,,,,,,,,no_val_low_label_multiclass,26,True,3,4,1.2217,success,,0.5115,0.5092686148974879,0.5129297772019829,1.9135541915893555,0.8955111245441625,
2026-06-29T11:37:14.230137+00:00,letter,6,logistic_regression,1,250,15750,200,50,4000,26,16,16,,,,,,,,,,,,,,,stratified_labeled_val,26,True,9,10,0.5272,success,,0.616,0.613349594869857,0.6160307304452755,1.5476553440093994,0.9347567079831159,
2026-06-29T11:37:14.769999+00:00,letter,6,logistic_regression,1,500,15500,400,100,4000,26,16,16,,,,,,,,,,,,,,,stratified_labeled_val,26,True,18,20,1.7736,success,,0.6505,0.648959001429286,0.6509516991953983,1.3078290224075317,0.9533388945958949,
2026-06-29T11:37:16.560042+00:00,letter,6,logistic_regression,2,50,15950,50,0,4000,26,16,16,,,,,,,,,,,,,,,no_val_low_label_multiclass,26,True,1,4,0.8145,success,,0.347,0.3468052256715364,0.3252839770117911,2.4185612201690674,0.8331891737355634,
2026-06-29T11:37:17.385059+00:00,letter,6,logistic_regression,2,100,15900,100,0,4000,26,16,16,,,,,,,,,,,,,,,no_val_low_label_multiclass,26,True,3,4,0.9799,success,,0.54475,0.5437284861410059,0.54474414033279,1.8124737739562988,0.9113336103102052,
2026-06-29T11:37:18.390647+00:00,letter,6,logistic_regression,2,250,15750,200,50,4000,26,16,16,,,,,,,,,,,,,,,stratified_labeled_val,26,True,9,10,0.8668,success,,0.58225,0.581081342912405,0.5798399254316273,1.5990124940872192,0.9318755327027257,
2026-06-29T11:37:19.270639+00:00,letter,6,logistic_regression,2,500,15500,400,100,4000,26,16,16,,,,,,,,,,,,,,,stratified_labeled_val,26,True,18,20,0.7292,success,,0.667,0.665424950579568,0.6629546454747359,1.2796587944030762,0.9551915686923708,
2026-06-29T11:37:20.011381+00:00,letter,6,random_forest,0,50,15950,50,0,4000,26,16,16,,,,,,,,,,,,,,,no_val_low_label_multiclass,26,True,1,5,7.0247,success,,0.317,0.31666650675143704,0.293575404047043,3.069061563195891,0.8320906821832099,
2026-06-29T11:37:27.050912+00:00,letter,6,random_forest,0,100,15900,100,0,4000,26,16,16,,,,,,,,,,,,,,,no_val_low_label_multiclass,26,True,3,4,2.3621,success,,0.519,0.5179698072226298,0.5123872885067876,2.198091650063451,0.9083991076893564,
2026-06-29T11:37:29.425236+00:00,letter,6,random_forest,0,250,15750,200,50,4000,26,16,16,,,,,,,,,,,,,,,stratified_labeled_val,26,True,9,10,4.5731,success,,0.6275,0.6264504770707284,0.6228238824579304,1.7537505042231782,0.9422937099160704,
2026-06-29T11:37:34.049389+00:00,letter,6,random_forest,0,500,15500,400,100,4000,26,16,16,,,,,,,,,,,,,,,stratified_labeled_val,26,True,18,20,5.5179,success,,0.7405,0.7397563206519083,0.7407361656914339,1.3455502519205202,0.9657494609805202,
2026-06-29T11:37:39.590095+00:00,letter,6,random_forest,1,50,15950,50,0,4000,26,16,16,,,,,,,,,,,,,,,no_val_low_label_multiclass,26,True,1,6,2.9249,success,,0.28625,0.2826887596839684,0.23746927573733229,3.9813598369969667,0.7805661944942422,
2026-06-29T11:37:42.526584+00:00,letter,6,random_forest,1,100,15900,100,0,4000,26,16,16,,,,,,,,,,,,,,,no_val_low_label_multiclass,26,True,3,4,3.3989,success,,0.52925,0.5284154514592557,0.5296715258050669,2.383523789512478,0.8899923211520583,
2026-06-29T11:37:45.942355+00:00,letter,6,random_forest,1,250,15750,200,50,4000,26,16,16,,,,,,,,,,,,,,,stratified_labeled_val,26,True,9,10,6.3072,success,,0.64775,0.6467710772171624,0.6469427235344093,1.9945259890806022,0.9329379148447183,
2026-06-29T11:37:52.272410+00:00,letter,6,random_forest,1,500,15500,400,100,4000,26,16,16,,,,,,,,,,,,,,,stratified_labeled_val,26,True,18,20,2.692,success,,0.718,0.7169998786599187,0.7172530520446863,1.4380880708368848,0.9605672500049369,
2026-06-29T11:37:54.982512+00:00,letter,6,random_forest,2,50,15950,50,0,4000,26,16,16,,,,,,,,,,,,,,,no_val_low_label_multiclass,26,True,1,4,6.227,success,,0.336,0.3354811963941354,0.3030614108983465,3.2444795802908155,0.82101883320295,
2026-06-29T11:38:01.223214+00:00,letter,6,random_forest,2,100,15900,100,0,4000,26,16,16,,,,,,,,,,,,,,,no_val_low_label_multiclass,26,True,3,4,4.527,success,,0.5165,0.5153099625322488,0.514469803668193,2.2853935501608666,0.9022352441578353,
2026-06-29T11:38:05.797078+00:00,letter,6,random_forest,2,250,15750,200,50,4000,26,16,16,,,,,,,,,,,,,,,stratified_labeled_val,26,True,9,10,5.2218,success,,0.6055,0.6049569595518832,0.6031276985151176,2.0669048531039005,0.9282500948689193,
2026-06-29T11:38:11.032879+00:00,letter,6,random_forest,2,500,15500,400,100,4000,26,16,16,,,,,,,,,,,,,,,stratified_labeled_val,26,True,18,20,2.4392,success,,0.725,0.7240872245148376,0.7233273012632606,1.300778276389848,0.9658594495545706,
2026-06-29T11:38:13.490517+00:00,letter,6,xgboost,0,50,15950,50,0,4000,26,16,16,,,,,,,,,,,,,,,no_val_low_label_multiclass,26,True,1,5,16.1028,success,,0.2595,0.25905746570618265,0.20022248248029648,2.760589838027954,0.7350417974177756,
2026-06-29T11:38:29.675482+00:00,letter,6,xgboost,0,100,15900,100,0,4000,26,16,16,,,,,,,,,,,,,,,no_val_low_label_multiclass,26,True,3,4,17.8793,success,,0.48375,0.48358935423619454,0.47723352403366115,1.9306379556655884,0.892515533232859,
2026-06-29T11:38:47.588375+00:00,letter,6,xgboost,0,250,15750,200,50,4000,26,16,16,,,,,,,,,,,,,,,stratified_labeled_val,26,True,9,10,20.3621,success,,0.6085,0.6079875570343201,0.6056830436273454,1.4031938314437866,0.944430467440459,
2026-06-29T11:39:08.051648+00:00,letter,6,xgboost,0,500,15500,400,100,4000,26,16,16,,,,,,,,,,,,,,,stratified_labeled_val,26,True,18,20,25.5363,success,,0.71425,0.713745460105899,0.7136171785385979,1.061222791671753,0.9674246210517897,
2026-06-29T11:39:33.618905+00:00,letter,6,xgboost,1,50,15950,50,0,4000,26,16,16,,,,,,,,,,,,,,,no_val_low_label_multiclass,26,True,1,6,13.5789,success,,0.2365,0.23234531147539586,0.17099022185631438,2.94083309173584,0.6908518600186443,
2026-06-29T11:39:47.263125+00:00,letter,6,xgboost,1,100,15900,100,0,4000,26,16,16,,,,,,,,,,,,,,,no_val_low_label_multiclass,26,True,3,4,18.4271,success,,0.49675,0.4961814924796322,0.49689531712276847,1.933121681213379,0.8869742237435432,
2026-06-29T11:40:05.717697+00:00,letter,6,xgboost,1,250,15750,200,50,4000,26,16,16,,,,,,,,,,,,,,,stratified_labeled_val,26,True,9,10,20.1391,success,,0.603,0.6022974092200774,0.6051195387896452,1.4987987279891968,0.9314447049575659,
2026-06-29T11:40:25.879891+00:00,letter,6,xgboost,1,500,15500,400,100,4000,26,16,16,,,,,,,,,,,,,,,stratified_labeled_val,26,True,18,20,26.3762,success,,0.68825,0.6873513555644669,0.6866412094469412,1.1406971216201782,0.9622949402788882,
2026-06-29T11:40:52.289833+00:00,letter,6,xgboost,2,50,15950,50,0,4000,26,16,16,,,,,,,,,,,,,,,no_val_low_label_multiclass,26,True,1,4,13.0342,success,,0.26725,0.26555459542059634,0.2006901243478672,2.694117546081543,0.7534843826824766,
2026-06-29T11:41:05.344154+00:00,letter,6,xgboost,2,100,15900,100,0,4000,26,16,16,,,,,,,,,,,,,,,no_val_low_label_multiclass,26,True,3,4,17.7461,success,,0.48425,0.4834067318922845,0.4825943634980601,1.9387372732162476,0.8899121401124843,
2026-06-29T11:41:23.156995+00:00,letter,6,xgboost,2,250,15750,200,50,4000,26,16,16,,,,,,,,,,,,,,,stratified_labeled_val,26,True,9,10,19.3395,success,,0.597,0.5965675831919954,0.5970336158486387,1.5481212139129639,0.927790887489998,
2026-06-29T11:41:42.517643+00:00,letter,6,xgboost,2,500,15500,400,100,4000,26,16,16,,,,,,,,,,,,,,,stratified_labeled_val,26,True,18,20,25.2935,success,,0.7015,0.7010179261806105,0.7012891889688302,1.1286953687667847,0.961438634445758,
2026-06-29T11:42:07.839345+00:00,letter,6,lightgbm,0,50,15950,50,0,4000,26,16,16,,,,,,,,,,,,,,,no_val_low_label_multiclass,26,True,1,5,9.4572,success,,0.17025,0.17066496889842347,0.15476732700039367,3.772157803870221,0.7257183688655936,
2026-06-29T11:42:17.316662+00:00,letter,6,lightgbm,0,100,15900,100,0,4000,26,16,16,,,,,,,,,,,,,,,no_val_low_label_multiclass,26,True,3,4,13.8181,success,,0.4875,0.4872208406760294,0.4823761000232651,2.7660071065707545,0.8883288366227059,
2026-06-29T11:42:31.149338+00:00,letter,6,lightgbm,0,250,15750,200,50,4000,26,16,16,,,,,,,,,,,,,,,stratified_labeled_val,26,True,9,10,20.8232,success,,0.61825,0.6173146397354814,0.6156480127506991,1.9613883960907914,0.9434201486380143,
2026-06-29T11:42:51.986289+00:00,letter,6,lightgbm,0,500,15500,400,100,4000,26,16,16,,,,,,,,,,,,,,,stratified_labeled_val,26,True,18,20,35.2612,success,,0.72625,0.7257008709215853,0.72544679980919,1.4339345917872433,0.9679046360041478,
2026-06-29T11:43:27.273886+00:00,letter,6,lightgbm,1,50,15950,50,0,4000,26,16,16,,,,,,,,,,,,,,,no_val_low_label_multiclass,26,True,1,6,11.4811,success,,0.24925,0.24723803756875512,0.22164386223536653,4.255397194804375,0.7610757349481984,
2026-06-29T11:43:38.777835+00:00,letter,6,lightgbm,1,100,15900,100,0,4000,26,16,16,,,,,,,,,,,,,,,no_val_low_label_multiclass,26,True,3,4,16.4537,success,,0.49475,0.4936375304555192,0.49300638138523956,2.88565545818393,0.8792804750769118,
2026-06-29T11:43:55.257580+00:00,letter,6,lightgbm,1,250,15750,200,50,4000,26,16,16,,,,,,,,,,,,,,,stratified_labeled_val,26,True,9,10,22.7039,success,,0.61275,0.6120034554031929,0.6138094100656905,2.1994171149379538,0.9295067930019573,
2026-06-29T11:44:17.984576+00:00,letter,6,lightgbm,1,500,15500,400,100,4000,26,16,16,,,,,,,,,,,,,,,stratified_labeled_val,26,True,18,20,36.7592,success,,0.70125,0.70022996211933,0.7003085015261152,1.5526654726322107,0.9632900633072187,
2026-06-29T11:44:54.771713+00:00,letter,6,lightgbm,2,50,15950,50,0,4000,26,16,16,,,,,,,,,,,,,,,no_val_low_label_multiclass,26,True,1,4,11.3621,success,,0.26425,0.2622834212776994,0.2327293740132534,3.266248048642771,0.7882297360665169,
2026-06-29T11:45:06.155612+00:00,letter,6,lightgbm,2,100,15900,100,0,4000,26,16,16,,,,,,,,,,,,,,,no_val_low_label_multiclass,26,True,3,4,15.6287,success,,0.5035,0.5022078006677293,0.5052753787271611,2.933669044759871,0.8786091806486501,
2026-06-29T11:45:21.811347+00:00,letter,6,lightgbm,2,250,15750,200,50,4000,26,16,16,,,,,,,,,,,,,,,stratified_labeled_val,26,True,9,10,22.3913,success,,0.59075,0.5906562904398928,0.591549853044911,2.3287427426408187,0.9252669209074542,
2026-06-29T11:45:44.228404+00:00,letter,6,lightgbm,2,500,15500,400,100,4000,26,16,16,,,,,,,,,,,,,,,stratified_labeled_val,26,True,18,20,42.9581,success,,0.70475,0.7042378813737188,0.7040321466269188,1.6287300834616598,0.9607742556895376,
2026-06-29T11:46:27.217431+00:00,letter,6,catboost,0,50,15950,50,0,4000,26,16,16,,,,,,,,,,,,,,,no_val_low_label_multiclass,26,True,1,5,7.2689,success,,0.3205,0.3199324526843887,0.2963440676561575,2.5408792213360925,0.843882938346773,
2026-06-29T11:46:34.527680+00:00,letter,6,catboost,0,100,15900,100,0,4000,26,16,16,,,,,,,,,,,,,,,no_val_low_label_multiclass,26,True,3,4,9.8673,success,,0.547,0.545488977363327,0.5396637864366618,1.8940027874905156,0.9213941478782839,
2026-06-29T11:46:44.410799+00:00,letter,6,catboost,0,250,15750,200,50,4000,26,16,16,,,,,,,,,,,,,,,stratified_labeled_val,26,True,9,10,12.2795,success,,0.64625,0.6448299818925113,0.6451074136149683,1.4145176491049807,0.957652117208963,
2026-06-29T11:46:56.703888+00:00,letter,6,catboost,0,500,15500,400,100,4000,26,16,16,,,,,,,,,,,,,,,stratified_labeled_val,26,True,18,20,10.1543,success,,0.74725,0.7466896823342147,0.7496508966893737,1.0533719208940107,0.9762017321584264,
2026-06-29T11:47:06.875481+00:00,letter,6,catboost,1,50,15950,50,0,4000,26,16,16,,,,,,,,,,,,,,,no_val_low_label_multiclass,26,True,1,6,5.9547,success,,0.28125,0.27754403104858916,0.2293401752573462,2.680552818048729,0.7923165882462329,
2026-06-29T11:47:12.851403+00:00,letter,6,catboost,1,100,15900,100,0,4000,26,16,16,,,,,,,,,,,,,,,no_val_low_label_multiclass,26,True,3,4,9.1767,success,,0.52975,0.5282776493150714,0.5365718448163777,1.9164712865218576,0.9107060452790369,
2026-06-29T11:47:22.038576+00:00,letter,6,catboost,1,250,15750,200,50,4000,26,16,16,,,,,,,,,,,,,,,stratified_labeled_val,26,True,9,10,8.4543,success,,0.6375,0.6361177615009116,0.6390800111384716,1.440409017737119,0.9520950106062341,
2026-06-29T11:47:30.508391+00:00,letter,6,catboost,1,500,15500,400,100,4000,26,16,16,,,,,,,,,,,,,,,stratified_labeled_val,26,True,18,20,9.2357,success,,0.721,0.7197684459405675,0.721566975726614,1.1093184197449273,0.9714084018469525,
2026-06-29T11:47:39.755532+00:00,letter,6,catboost,2,50,15950,50,0,4000,26,16,16,,,,,,,,,,,,,,,no_val_low_label_multiclass,26,True,1,4,7.3075,success,,0.35975,0.3593153586151599,0.3332228124373956,2.4397644320195475,0.8565524036808557,
2026-06-29T11:47:47.098762+00:00,letter,6,catboost,2,100,15900,100,0,4000,26,16,16,,,,,,,,,,,,,,,no_val_low_label_multiclass,26,True,3,4,8.4038,success,,0.551,0.5499812047240974,0.5508699706203635,1.8920175527263714,0.9170456647404119,
2026-06-29T11:47:55.516590+00:00,letter,6,catboost,2,250,15750,200,50,4000,26,16,16,,,,,,,,,,,,,,,stratified_labeled_val,26,True,9,10,7.9857,success,,0.605,0.60431256963827,0.6078341578757344,1.5610385987058972,0.9364380786511616,
2026-06-29T11:48:03.515063+00:00,letter,6,catboost,2,500,15500,400,100,4000,26,16,16,,,,,,,,,,,,,,,stratified_labeled_val,26,True,18,20,12.5116,success,,0.713,0.7124566630732355,0.7122619402741808,1.1124371736665557,0.9711158534280232,
2026-06-29T11:48:16.042845+00:00,letter,6,mlp,0,50,15950,50,0,4000,26,16,16,,,,,,,,,,,,,,,no_val_low_label_multiclass,26,True,1,5,0.6961,success,,0.0535,0.05426256202242542,0.02996412191400359,3.280001163482666,0.5301477533862775,
2026-06-29T11:48:16.755893+00:00,letter,6,mlp,0,100,15900,100,0,4000,26,16,16,,,,,,,,,,,,,,,no_val_low_label_multiclass,26,True,3,4,1.8121,success,,0.1745,0.17393214968163304,0.1393147774721282,3.092272996902466,0.7094020398967016,
2026-06-29T11:48:18.577595+00:00,letter,6,mlp,0,250,15750,200,50,4000,26,16,16,,,,,,,,,,,,,,,stratified_labeled_val,26,True,9,10,1.9847,success,,0.208,0.20843206501374406,0.16101410176922568,2.9891719818115234,0.7695496111854623,
2026-06-29T11:48:20.601012+00:00,letter,6,mlp,0,500,15500,400,100,4000,26,16,16,,,,,,,,,,,,,,,stratified_labeled_val,26,True,18,20,3.4038,success,,0.53175,0.5306893497023721,0.514046143186241,1.787526249885559,0.9335732528727733,
2026-06-29T11:48:24.040536+00:00,letter,6,mlp,1,50,15950,50,0,4000,26,16,16,,,,,,,,,,,,,,,no_val_low_label_multiclass,26,True,1,6,0.857,success,,0.0315,0.031155024226007823,0.01914172509861646,3.3441944122314453,0.4623223244847763,
2026-06-29T11:48:24.911064+00:00,letter,6,mlp,1,100,15900,100,0,4000,26,16,16,,,,,,,,,,,,,,,no_val_low_label_multiclass,26,True,3,4,1.5785,success,,0.03375,0.03333126386199564,0.02170580043781161,3.3381776809692383,0.46853807328657976,
2026-06-29T11:48:26.523741+00:00,letter,6,mlp,1,250,15750,200,50,4000,26,16,16,,,,,,,,,,,,,,,stratified_labeled_val,26,True,9,10,3.1858,success,,0.32725,0.325470067212251,0.28533143339645184,2.571486234664917,0.8456119563474481,
2026-06-29T11:48:29.747218+00:00,letter,6,mlp,1,500,15500,400,100,4000,26,16,16,,,,,,,,,,,,,,,stratified_labeled_val,26,True,18,20,3.7104,success,,0.5765,0.5749508023942941,0.5715280353149134,1.5178412199020386,0.9396665067932215,
2026-06-29T11:48:33.473001+00:00,letter,6,mlp,2,50,15950,50,0,4000,26,16,16,,,,,,,,,,,,,,,no_val_low_label_multiclass,26,True,1,4,0.7899,success,,0.08625,0.0859326015144274,0.042782664276328604,3.1268389225006104,0.7053488251830988,
2026-06-29T11:48:34.297075+00:00,letter,6,mlp,2,100,15900,100,0,4000,26,16,16,,,,,,,,,,,,,,,no_val_low_label_multiclass,26,True,3,4,2.2174,success,,0.0975,0.09726171378193271,0.052298650697785054,3.095761299133301,0.7237859777467327,
2026-06-29T11:48:36.583582+00:00,letter,6,mlp,2,250,15750,200,50,4000,26,16,16,,,,,,,,,,,,,,,stratified_labeled_val,26,True,9,10,1.7191,success,,0.088,0.08803353232334045,0.04480320489784554,3.1001269817352295,0.7270914345167356,
2026-06-29T11:48:38.337795+00:00,letter,6,mlp,2,500,15500,400,100,4000,26,16,16,,,,,,,,,,,,,,,stratified_labeled_val,26,True,18,20,4.5023,success,,0.587,0.5858665650045823,0.576446061103423,1.5013870000839233,0.942062067777225,
2026-06-29T11:48:42.862800+00:00,letter,6,label_spreading,0,50,15950,50,0,4000,26,16,16,,,,,,,,,,,50,0,16000,15950,no_val_low_label_multiclass,26,True,1,5,12.5924,success,,0.368,0.36705008948922563,0.35476001541260893,5.8803680884826885,0.8198713732119967,
2026-06-29T11:48:55.468288+00:00,letter,6,label_spreading,0,100,15900,100,0,4000,26,16,16,,,,,,,,,,,50,0,16000,15900,no_val_low_label_multiclass,26,True,3,4,14.7366,success,,0.50375,0.5033413582064811,0.5005176994714098,2.8237384608966836,0.8979557679395358,
2026-06-29T11:49:10.220467+00:00,letter,6,label_spreading,0,250,15750,200,50,4000,26,16,16,,,,,,,,,,,50,0,15950,15750,stratified_labeled_val,26,True,9,10,14.9753,success,,0.60025,0.5986283835703108,0.6020906690740843,1.5287436907269694,0.9495987746820903,
2026-06-29T11:49:25.208089+00:00,letter,6,label_spreading,0,500,15500,400,100,4000,26,16,16,,,,,,,,,,,50,0,15900,15500,stratified_labeled_val,26,True,18,20,10.7732,success,,0.6745,0.673244681730658,0.67414460561133,1.1808789119416747,0.9669287417325937,
2026-06-29T11:49:35.992305+00:00,letter,6,label_spreading,1,50,15950,50,0,4000,26,16,16,,,,,,,,,,,,,,,no_val_low_label_multiclass,26,True,1,6,26.3642,failed_graph_ssl_nan,"GraphSSLNanError: Graph SSL failed after retries. tried_neighbors=[50, 30, 15, 7, 5, 3], n_graph_rows=16000, n_labeled=50, n_unlabeled_used=15950, n_classes=26, min_labeled_per_class=1, last_error=invalid outputs for n_neighbors=3",,,,,,
2026-06-29T11:50:02.374096+00:00,letter,6,label_spreading,1,100,15900,100,0,4000,26,16,16,,,,,,,,,,,50,0,16000,15900,no_val_low_label_multiclass,26,True,3,4,12.3531,success,,0.52475,0.5235809910457332,0.5314938992921006,3.215267680918003,0.8853173007445044,
2026-06-29T11:50:14.739607+00:00,letter,6,label_spreading,1,250,15750,200,50,4000,26,16,16,,,,,,,,,,,50,0,15950,15750,stratified_labeled_val,26,True,9,10,11.8551,success,,0.60025,0.5993093930413094,0.6049632507384441,2.0159677592129728,0.9300780747579285,
2026-06-29T11:50:26.606458+00:00,letter,6,label_spreading,1,500,15500,400,100,4000,26,16,16,,,,,,,,,,,50,0,15900,15500,stratified_labeled_val,26,True,18,20,11.2546,success,,0.686,0.6845956496027166,0.6888139502229682,1.2424316179069277,0.9641311067312016,
2026-06-29T11:50:37.881748+00:00,letter,6,label_spreading,2,50,15950,50,0,4000,26,16,16,,,,,,,,,,,50,0,16000,15950,no_val_low_label_multiclass,26,True,1,4,12.6856,success,,0.38,0.3798867877091239,0.3717100766158482,4.634337753944667,0.8468865885329203,
2026-06-29T11:50:50.581871+00:00,letter,6,label_spreading,2,100,15900,100,0,4000,26,16,16,,,,,,,,,,,50,0,16000,15900,no_val_low_label_multiclass,26,True,3,4,11.7562,success,,0.5105,0.5101419927726135,0.5232062914452235,2.7218082136688335,0.8997009695009743,
2026-06-29T11:51:02.350754+00:00,letter,6,label_spreading,2,250,15750,200,50,4000,26,16,16,,,,,,,,,,,50,0,15950,15750,stratified_labeled_val,26,True,9,10,11.191,success,,0.593,0.5920163565516183,0.5943314767190141,2.0783993080352903,0.9241180746393335,
2026-06-29T11:51:13.552192+00:00,letter,6,label_spreading,2,500,15500,400,100,4000,26,16,16,,,,,,,,,,,50,0,15900,15500,stratified_labeled_val,26,True,18,20,11.6076,success,,0.684,0.6826021162899428,0.684573910233043,1.246280208247159,0.961525725075187,
2026-06-29T11:51:25.171018+00:00,letter,6,label_propagation,0,50,15950,50,0,4000,26,16,16,,,,,,,,,,,50,0,16000,15950,no_val_low_label_multiclass,26,True,1,5,125.3951,success,,0.19625,0.1960076785366194,0.17364061174933013,3.9082046773539068,0.8109974859963935,
2026-06-29T11:53:30.578188+00:00,letter,6,label_propagation,0,100,15900,100,0,4000,26,16,16,,,,,,,,,,,50,0,16000,15900,no_val_low_label_multiclass,26,True,3,4,103.8495,success,,0.2635,0.26223468944994593,0.2635024070479915,2.595755020836536,0.8741549108682091,
2026-06-29T11:55:14.438616+00:00,letter,6,label_propagation,0,250,15750,200,50,4000,26,16,16,,,,,,,,,,,50,0,15950,15750,stratified_labeled_val,26,True,9,10,84.6076,success,,0.39275,0.3910178901152603,0.4003121935060261,2.0144516894662474,0.9254059706998005,
2026-06-29T11:56:39.068299+00:00,letter,6,label_propagation,0,500,15500,400,100,4000,26,16,16,,,,,,,,,,,50,0,15900,15500,stratified_labeled_val,26,True,18,20,80.5004,success,,0.46825,0.46672144786748887,0.48596307411134665,1.6881107256151235,0.9496986866886791,
2026-06-29T11:57:59.580231+00:00,letter,6,label_propagation,1,50,15950,50,0,4000,26,16,16,,,,,,,,,,,50,0,16000,15950,no_val_low_label_multiclass,26,True,1,6,68.1538,success,,0.18575,0.18233016742753058,0.14457485498557285,4.015087931200294,0.7716176025148218,
2026-06-29T11:59:07.745621+00:00,letter,6,label_propagation,1,100,15900,100,0,4000,26,16,16,,,,,,,,,,,50,0,16000,15900,no_val_low_label_multiclass,26,True,3,4,75.032,success,,0.29325,0.2931563236495004,0.3061637255385007,2.5608695850628203,0.8756537239224957,
2026-06-29T12:00:22.799964+00:00,letter,6,label_propagation,1,250,15750,200,50,4000,26,16,16,,,,,,,,,,,50,0,15950,15750,stratified_labeled_val,26,True,9,10,84.0353,success,,0.41875,0.41841834453335086,0.43197594887764523,2.0960101133944744,0.9110577093025258,
2026-06-29T12:01:46.866541+00:00,letter,6,label_propagation,1,500,15500,400,100,4000,26,16,16,,,,,,,,,,,50,0,15900,15500,stratified_labeled_val,26,True,18,20,75.458,success,,0.4915,0.4909257133486226,0.5227734872419247,1.6471364717963293,0.9504888867909992,
2026-06-29T12:03:02.335266+00:00,letter,6,label_propagation,2,50,15950,50,0,4000,26,16,16,,,,,,,,,,,50,0,16000,15950,no_val_low_label_multiclass,26,True,1,4,52.978,success,,0.2015,0.2023451419706985,0.18769066684068794,3.280890233474004,0.8253412177500343,
2026-06-29T12:03:55.319571+00:00,letter,6,label_propagation,2,100,15900,100,0,4000,26,16,16,,,,,,,,,,,50,0,16000,15900,no_val_low_label_multiclass,26,True,3,4,70.7465,success,,0.2585,0.2589854784679862,0.2480102933208454,2.6272019147253904,0.8792827300725006,
2026-06-29T12:05:06.078225+00:00,letter,6,label_propagation,2,250,15750,200,50,4000,26,16,16,,,,,,,,,,,50,0,15950,15750,stratified_labeled_val,26,True,9,10,72.6471,success,,0.38375,0.3818626315989634,0.3960985095464017,2.1654953669150356,0.9013728160711728,
2026-06-29T12:06:18.736954+00:00,letter,6,label_propagation,2,500,15500,400,100,4000,26,16,16,,,,,,,,,,,50,0,15900,15500,stratified_labeled_val,26,True,18,20,68.299,success,,0.4695,0.46795534759268353,0.49639510711242524,1.6982309652237078,0.947226465498085,
2026-06-29T12:07:27.046584+00:00,letter,6,self_training_lr,0,50,15950,50,0,4000,26,16,16,0.0,0.0,0.0,"{0: 2, 1: 3, 2: 2, 3: 1, 4: 3, 5: 1, 6: 4, 7: 2, 8: 1, 9: 1, 10: 1, 11: 2, 12: 2, 13: 1, 14: 5, 15: 1, 16: 2, 17: 1, 18: 1, 19: 3, 20: 2, 21: 3, 22: 1, 23: 2, 24: 2, 25: 1}",0.0,,,,,no_candidates,,,,,no_val_low_label_multiclass,26,True,1,5,0.5047,success,,0.33,0.32951630764124135,0.31627506377739406,2.607950210571289,0.8258827092509725,
2026-06-29T12:07:27.561027+00:00,letter,6,self_training_lr,0,100,15900,100,0,4000,26,16,16,1527.0,495.0,5.0,"{0: 4, 1: 4, 2: 3, 3: 4, 4: 4, 5: 5, 6: 4, 7: 3, 8: 4, 9: 204, 10: 3, 11: 350, 12: 27, 13: 4, 14: 4, 15: 4, 16: 4, 17: 4, 18: 4, 19: 4, 20: 4, 21: 4, 22: 961, 23: 4, 24: 4, 25: 3}",0.0960377358490566,0.9713737877975044,0.9500076174736023,0.9971113204956055,,max_iter,,,,,no_val_low_label_multiclass,26,True,3,4,0.8595,success,,0.47125,0.47089068425543673,0.46685583735104014,2.1768271923065186,0.8869802194032388,
2026-06-29T12:07:28.432698+00:00,letter,6,self_training_lr,0,250,15750,200,50,4000,26,16,16,1626.0,351.0,5.0,"{0: 11, 1: 8, 2: 7, 3: 8, 4: 8, 5: 8, 6: 8, 7: 8, 8: 276, 9: 186, 10: 9, 11: 247, 12: 419, 13: 8, 14: 7, 15: 253, 16: 8, 17: 15, 18: 7, 19: 8, 20: 184, 21: 8, 22: 97, 23: 8, 24: 9, 25: 11}",0.10323809523809524,0.9699944622475576,0.9500264525413513,0.9982542395591736,,max_iter,,,,,stratified_labeled_val,26,True,9,10,1.5628,success,,0.56475,0.5628001796127,0.5577909254863577,1.6089304685592651,0.934902666260463,
2026-06-29T12:07:30.008791+00:00,letter,6,self_training_lr,0,500,15500,400,100,4000,26,16,16,2363.0,307.0,5.0,"{0: 478, 1: 15, 2: 18, 3: 21, 4: 30, 5: 16, 6: 15, 7: 15, 8: 15, 9: 237, 10: 15, 11: 370, 12: 364, 13: 16, 14: 15, 15: 257, 16: 16, 17: 61, 18: 15, 19: 138, 20: 182, 21: 15, 22: 238, 23: 16, 24: 39, 25: 146}",0.1524516129032258,0.9677979779909387,0.9500196576118469,0.9996139407157898,,max_iter,,,,,stratified_labeled_val,26,True,18,20,2.7648,success,,0.67,0.6683295519898486,0.6645690398261034,1.267796277999878,0.9582740655061036,
2026-06-29T12:07:32.785730+00:00,letter,6,self_training_lr,1,50,15950,50,0,4000,26,16,16,278.0,18.0,5.0,"{0: 4, 1: 1, 2: 1, 3: 29, 4: 3, 5: 1, 6: 2, 7: 1, 8: 2, 9: 1, 10: 2, 11: 257, 12: 1, 13: 1, 14: 2, 15: 2, 16: 1, 17: 2, 18: 1, 19: 1, 20: 3, 21: 3, 22: 1, 23: 3, 24: 2, 25: 1}",0.017429467084639497,0.9717223453435967,0.9502712488174438,0.9973472356796265,,max_iter,,,,,no_val_low_label_multiclass,26,True,1,6,1.519,success,,0.28075,0.2779034458218935,0.23971671522877142,2.8744091987609863,0.7911048941507057,
2026-06-29T12:07:34.333793+00:00,letter,6,self_training_lr,1,100,15900,100,0,4000,26,16,16,1457.0,378.0,5.0,"{0: 4, 1: 4, 2: 3, 3: 4, 4: 4, 5: 7, 6: 4, 7: 3, 8: 4, 9: 352, 10: 3, 11: 330, 12: 98, 13: 16, 14: 4, 15: 677, 16: 5, 17: 4, 18: 4, 19: 4, 20: 4, 21: 4, 22: 4, 23: 4, 24: 4, 25: 3}",0.09163522012578616,0.9710939298284814,0.9500069618225098,0.9931148886680603,,max_iter,,,,,no_val_low_label_multiclass,26,True,3,4,1.4236,success,,0.4645,0.46287187153700293,0.46046728033107137,2.145219087600708,0.8814823942996811,
2026-06-29T12:07:35.769363+00:00,letter,6,self_training_lr,1,250,15750,200,50,4000,26,16,16,2153.0,303.0,5.0,"{0: 523, 1: 8, 2: 7, 3: 8, 4: 8, 5: 8, 6: 8, 7: 7, 8: 7, 9: 193, 10: 8, 11: 402, 12: 294, 13: 9, 14: 8, 15: 574, 16: 39, 17: 10, 18: 18, 19: 8, 20: 8, 21: 8, 22: 57, 23: 8, 24: 11, 25: 114}",0.1366984126984127,0.969038224419604,0.9500318169593811,0.9982104301452637,,max_iter,,,,,stratified_labeled_val,26,True,9,10,3.5107,success,,0.5895,0.5873474350087511,0.5863072585532275,1.6940454244613647,0.9264804697054393,
2026-06-29T12:07:39.291520+00:00,letter,6,self_training_lr,1,500,15500,400,100,4000,26,16,16,2835.0,298.0,5.0,"{0: 472, 1: 15, 2: 92, 3: 144, 4: 15, 5: 15, 6: 15, 7: 15, 8: 92, 9: 341, 10: 15, 11: 382, 12: 405, 13: 16, 14: 15, 15: 317, 16: 52, 17: 15, 18: 15, 19: 16, 20: 180, 21: 16, 22: 374, 23: 16, 24: 109, 25: 76}",0.1829032258064516,0.9669307795571692,0.9500167369842529,0.9994199275970459,,max_iter,,,,,stratified_labeled_val,26,True,18,20,1.5827,success,,0.63125,0.6296985333338362,0.6265906379244573,1.3627140522003174,0.9519113240398871,
2026-06-29T12:07:40.885526+00:00,letter,6,self_training_lr,2,50,15950,50,0,4000,26,16,16,0.0,0.0,0.0,"{0: 3, 1: 1, 2: 1, 3: 1, 4: 2, 5: 1, 6: 2, 7: 1, 8: 1, 9: 2, 10: 1, 11: 1, 12: 3, 13: 2, 14: 3, 15: 1, 16: 1, 17: 1, 18: 4, 19: 3, 20: 2, 21: 3, 22: 3, 23: 2, 24: 3, 25: 2}",0.0,,,,,min_added_fraction,,,,,no_val_low_label_multiclass,26,True,1,4,0.5124,success,,0.347,0.3468052256715364,0.3252839770117911,2.4185612201690674,0.8331891737355634,
2026-06-29T12:07:41.410666+00:00,letter,6,self_training_lr,2,100,15900,100,0,4000,26,16,16,684.0,186.0,5.0,"{0: 4, 1: 4, 2: 3, 3: 4, 4: 5, 5: 4, 6: 4, 7: 3, 8: 4, 9: 4, 10: 3, 11: 305, 12: 6, 13: 4, 14: 4, 15: 4, 16: 57, 17: 4, 18: 4, 19: 29, 20: 4, 21: 4, 22: 304, 23: 4, 24: 6, 25: 3}",0.0430188679245283,0.970524169199648,0.9501298666000366,0.9958354234695435,,max_iter,,,,,no_val_low_label_multiclass,26,True,3,4,0.872,success,,0.53175,0.5311220693011015,0.5319970213697122,1.9005892276763916,0.9047557998416405,
2026-06-29T12:07:42.291850+00:00,letter,6,self_training_lr,2,250,15750,200,50,4000,26,16,16,2237.0,496.0,5.0,"{0: 254, 1: 8, 2: 7, 3: 9, 4: 8, 5: 8, 6: 8, 7: 7, 8: 7, 9: 354, 10: 7, 11: 289, 12: 351, 13: 8, 14: 7, 15: 377, 16: 9, 17: 7, 18: 7, 19: 165, 20: 8, 21: 8, 22: 392, 23: 8, 24: 9, 25: 115}",0.14203174603174604,0.9680859305307595,0.9500105977058411,0.9995680451393127,,max_iter,,,,,stratified_labeled_val,26,True,9,10,2.5476,success,,0.558,0.5569285280430015,0.5501764267438644,1.7535905838012695,0.92261274436228,
2026-06-29T12:07:44.857166+00:00,letter,6,self_training_lr,2,500,15500,400,100,4000,26,16,16,2762.0,311.0,5.0,"{0: 449, 1: 15, 2: 40, 3: 16, 4: 15, 5: 16, 6: 15, 7: 15, 8: 164, 9: 294, 10: 16, 11: 395, 12: 456, 13: 17, 14: 15, 15: 290, 16: 39, 17: 17, 18: 15, 19: 172, 20: 173, 21: 15, 22: 313, 23: 16, 24: 60, 25: 114}",0.17819354838709678,0.9680777064576519,0.9500153660774231,0.9998544454574585,,max_iter,,,,,stratified_labeled_val,26,True,18,20,2.0573,success,,0.6495,0.6480155586097373,0.6419523591575484,1.3184319734573364,0.9545006571019516,
2026-06-29T12:07:46.924190+00:00,letter,6,self_training_xgboost,0,50,15950,50,0,4000,26,16,16,0.0,0.0,0.0,"{0: 2, 1: 3, 2: 2, 3: 1, 4: 3, 5: 1, 6: 4, 7: 2, 8: 1, 9: 1, 10: 1, 11: 2, 12: 2, 13: 1, 14: 5, 15: 1, 16: 2, 17: 1, 18: 1, 19: 3, 20: 2, 21: 3, 22: 1, 23: 2, 24: 2, 25: 1}",0.0,,,,,min_added_fraction,,,,,no_val_low_label_multiclass,26,True,1,5,29.1621,success,,0.2595,0.25905746570618265,0.20022248248029648,2.760589838027954,0.7350417974177756,
2026-06-29T12:08:16.107408+00:00,letter,6,self_training_xgboost,0,100,15900,100,0,4000,26,16,16,1265.0,695.0,3.0,"{0: 4, 1: 41, 2: 3, 3: 4, 4: 4, 5: 4, 6: 9, 7: 3, 8: 156, 9: 271, 10: 3, 11: 179, 12: 87, 13: 4, 14: 4, 15: 103, 16: 4, 17: 4, 18: 4, 19: 13, 20: 4, 21: 4, 22: 408, 23: 4, 24: 38, 25: 3}",0.07955974842767295,0.9754151737265907,0.9500433206558228,0.9988266825675964,,max_iter,,,,,no_val_low_label_multiclass,26,True,3,4,80.3912,success,,0.4445,0.444857887796205,0.43773069265271736,2.115744113922119,0.8770775049771771,
2026-06-29T12:09:36.533855+00:00,letter,6,self_training_xgboost,0,250,15750,200,50,4000,26,16,16,5295.0,1926.0,3.0,"{0: 470, 1: 272, 2: 166, 3: 151, 4: 143, 5: 31, 6: 120, 7: 14, 8: 645, 9: 339, 10: 79, 11: 279, 12: 354, 13: 217, 14: 126, 15: 477, 16: 19, 17: 204, 18: 12, 19: 111, 20: 361, 21: 334, 22: 248, 23: 61, 24: 246, 25: 16}",0.3361904761904762,0.9778611379597297,0.9500018954277039,0.9991384744644165,,max_iter,,,,,stratified_labeled_val,26,True,9,10,109.8354,success,,0.586,0.5844984405671741,0.5788326715217864,1.7474584579467773,0.9219981833264621,
2026-06-29T12:11:26.400617+00:00,letter,6,self_training_xgboost,0,500,15500,400,100,4000,26,16,16,6000.0,2000.0,3.0,"{0: 478, 1: 193, 2: 329, 3: 268, 4: 42, 5: 117, 6: 79, 7: 30, 8: 291, 9: 366, 10: 164, 11: 398, 12: 424, 13: 201, 14: 202, 15: 394, 16: 88, 17: 239, 18: 45, 19: 223, 20: 425, 21: 282, 22: 443, 23: 167, 24: 232, 25: 280}",0.3870967741935484,0.9898126738667488,0.970869779586792,0.9994722008705139,,max_iter,,,,,stratified_labeled_val,26,True,18,20,133.7456,success,,0.705,0.7043890764722391,0.702437665449242,1.2238432168960571,0.9600739905416543,
2026-06-29T12:13:40.199266+00:00,letter,6,self_training_xgboost,1,50,15950,50,0,4000,26,16,16,720.0,500.0,3.0,"{0: 4, 1: 1, 2: 1, 3: 726, 4: 3, 5: 1, 6: 2, 7: 1, 8: 2, 9: 1, 10: 2, 11: 2, 12: 1, 13: 1, 14: 2, 15: 2, 16: 1, 17: 2, 18: 1, 19: 1, 20: 3, 21: 3, 22: 1, 23: 3, 24: 2, 25: 1}",0.045141065830721,0.9866635448402828,0.950128972530365,0.9975983500480652,,max_iter,,,,,no_val_low_label_multiclass,26,True,1,6,64.382,success,,0.22175,0.2176524910286562,0.1586242821659189,3.317211866378784,0.6638350130235976,
2026-06-29T12:14:44.619143+00:00,letter,6,self_training_xgboost,1,100,15900,100,0,4000,26,16,16,1163.0,857.0,3.0,"{0: 4, 1: 248, 2: 3, 3: 83, 4: 4, 5: 4, 6: 4, 7: 3, 8: 8, 9: 290, 10: 3, 11: 5, 12: 55, 13: 31, 14: 4, 15: 365, 16: 4, 17: 5, 18: 4, 19: 109, 20: 4, 21: 8, 22: 4, 23: 4, 24: 4, 25: 3}",0.07314465408805032,0.9736950275514624,0.9500068426132202,0.9975318908691406,,max_iter,,,,,no_val_low_label_multiclass,26,True,3,4,76.7657,success,,0.469,0.4680343135571674,0.4671786510677836,2.11734676361084,0.8710794782635152,
2026-06-29T12:16:01.410550+00:00,letter,6,self_training_xgboost,1,250,15750,200,50,4000,26,16,16,5658.0,2000.0,3.0,"{0: 457, 1: 166, 2: 198, 3: 229, 4: 8, 5: 330, 6: 66, 7: 7, 8: 296, 9: 346, 10: 106, 11: 408, 12: 411, 13: 177, 14: 140, 15: 673, 16: 101, 17: 171, 18: 103, 19: 208, 20: 331, 21: 392, 22: 217, 23: 34, 24: 102, 25: 181}",0.35923809523809525,0.9806436483579375,0.9500136375427246,0.9992058873176575,,max_iter,,,,,stratified_labeled_val,26,True,9,10,107.444,success,,0.61725,0.6169042468003727,0.6173700511997302,1.747064232826233,0.9176559119392388,
2026-06-29T12:17:48.903733+00:00,letter,6,self_training_xgboost,1,500,15500,400,100,4000,26,16,16,6000.0,2000.0,3.0,"{0: 360, 1: 179, 2: 338, 3: 376, 4: 110, 5: 121, 6: 103, 7: 24, 8: 252, 9: 375, 10: 106, 11: 420, 12: 376, 13: 168, 14: 210, 15: 435, 16: 261, 17: 129, 18: 93, 19: 146, 20: 387, 21: 373, 22: 414, 23: 161, 24: 221, 25: 262}",0.3870967741935484,0.989060621758302,0.9693072438240051,0.9993546605110168,,max_iter,,,,,stratified_labeled_val,26,True,18,20,124.5217,success,,0.676,0.675401149649127,0.6745667982696563,1.2816381454467773,0.9576540160329331,
2026-06-29T12:19:53.486559+00:00,letter,6,self_training_xgboost,2,50,15950,50,0,4000,26,16,16,0.0,0.0,0.0,"{0: 3, 1: 1, 2: 1, 3: 1, 4: 2, 5: 1, 6: 2, 7: 1, 8: 1, 9: 2, 10: 1, 11: 1, 12: 3, 13: 2, 14: 3, 15: 1, 16: 1, 17: 1, 18: 4, 19: 3, 20: 2, 21: 3, 22: 3, 23: 2, 24: 3, 25: 2}",0.0,,,,,no_candidates,,,,,no_val_low_label_multiclass,26,True,1,4,27.5428,success,,0.26725,0.26555459542059634,0.2006901243478672,2.694117546081543,0.7534843826824766,
2026-06-29T12:20:21.057603+00:00,letter,6,self_training_xgboost,2,100,15900,100,0,4000,26,16,16,703.0,376.0,3.0,"{0: 49, 1: 17, 2: 3, 3: 4, 4: 20, 5: 18, 6: 4, 7: 3, 8: 175, 9: 6, 10: 3, 11: 4, 12: 35, 13: 5, 14: 19, 15: 23, 16: 15, 17: 192, 18: 162, 19: 4, 20: 4, 21: 4, 22: 4, 23: 4, 24: 23, 25: 3}",0.04421383647798742,0.970171258934531,0.9500279426574707,0.9985931515693665,,max_iter,,,,,no_val_low_label_multiclass,26,True,3,4,84.8002,success,,0.47975,0.4793581697121429,0.4760200690071646,2.009272813796997,0.8829923288478194,
2026-06-29T12:21:45.892385+00:00,letter,6,self_training_xgboost,2,250,15750,200,50,4000,26,16,16,5019.0,2000.0,3.0,"{0: 450, 1: 138, 2: 163, 3: 402, 4: 23, 5: 109, 6: 315, 7: 10, 8: 281, 9: 332, 10: 119, 11: 201, 12: 387, 13: 99, 14: 147, 15: 418, 16: 70, 17: 150, 18: 13, 19: 11, 20: 106, 21: 276, 22: 436, 23: 142, 24: 280, 25: 141}",0.31866666666666665,0.9818331619543155,0.9500351548194885,0.9986904263496399,,max_iter,,,,,stratified_labeled_val,26,True,9,10,105.3783,success,,0.58925,0.5886487531437559,0.5881222896506566,1.8442444801330566,0.9102978044061902,
2026-06-29T12:23:31.346866+00:00,letter,6,self_training_xgboost,2,500,15500,400,100,4000,26,16,16,6000.0,2000.0,3.0,"{0: 498, 1: 94, 2: 274, 3: 236, 4: 42, 5: 159, 6: 172, 7: 26, 8: 422, 9: 371, 10: 180, 11: 363, 12: 379, 13: 289, 14: 148, 15: 367, 16: 229, 17: 226, 18: 207, 19: 173, 20: 350, 21: 237, 22: 404, 23: 81, 24: 209, 25: 264}",0.3870967741935484,0.9888510979215304,0.9683573842048645,0.9993782043457031,,max_iter,,,,,stratified_labeled_val,26,True,18,20,129.9067,success,,0.70225,0.701851984062141,0.7019206652688309,1.2640633583068848,0.9560934091163417,
2026-06-29T12:25:41.306376+00:00,letter,6,self_training_lightgbm,0,50,15950,50,0,4000,26,16,16,4510.0,2000.0,3.0,"{0: 66, 1: 150, 2: 259, 3: 37, 4: 332, 5: 1, 6: 291, 7: 55, 8: 42, 9: 1, 10: 45, 11: 226, 12: 919, 13: 18, 14: 244, 15: 4, 16: 91, 17: 12, 18: 115, 19: 318, 20: 17, 21: 544, 22: 284, 23: 23, 24: 352, 25: 114}",0.2827586206896552,0.9981272091923126,0.9545263371517694,0.999999502505306,,max_iter,,,,,no_val_low_label_multiclass,26,True,1,5,106.3542,success,,0.28625,0.28744845481532244,0.269048624152382,6.272859085572256,0.7085294131106097,
2026-06-29T12:27:27.690359+00:00,letter,6,self_training_lightgbm,0,100,15900,100,0,4000,26,16,16,6000.0,2000.0,3.0,"{0: 502, 1: 262, 2: 128, 3: 233, 4: 144, 5: 27, 6: 130, 7: 29, 8: 230, 9: 390, 10: 87, 11: 360, 12: 375, 13: 537, 14: 142, 15: 247, 16: 142, 17: 359, 18: 263, 19: 467, 20: 36, 21: 46, 22: 473, 23: 94, 24: 198, 25: 199}",0.37735849056603776,0.9996822018298877,0.9980996622707219,0.9999989587988135,,max_iter,,,,,no_val_low_label_multiclass,26,True,3,4,132.3189,success,,0.5025,0.5018297374862791,0.4855393448785318,3.723586543885615,0.8480100398358815,
2026-06-29T12:29:40.035138+00:00,letter,6,self_training_lightgbm,0,250,15750,200,50,4000,26,16,16,6000.0,2000.0,3.0,"{0: 484, 1: 379, 2: 96, 3: 207, 4: 148, 5: 119, 6: 199, 7: 53, 8: 504, 9: 298, 10: 189, 11: 347, 12: 342, 13: 225, 14: 98, 15: 465, 16: 215, 17: 257, 18: 20, 19: 132, 20: 340, 21: 174, 22: 280, 23: 178, 24: 323, 25: 128}",0.38095238095238093,0.9998700116512264,0.9989091163916899,0.9999993223792742,,max_iter,,,,,stratified_labeled_val,26,True,9,10,150.623,success,,0.63775,0.6367114913093221,0.6331176581969337,2.30541321017137,0.9235883934054004,
2026-06-29T12:32:10.691413+00:00,letter,6,self_training_lightgbm,0,500,15500,400,100,4000,26,16,16,6000.0,2000.0,3.0,"{0: 474, 1: 219, 2: 247, 3: 309, 4: 116, 5: 117, 6: 143, 7: 75, 8: 285, 9: 373, 10: 176, 11: 406, 12: 338, 13: 207, 14: 186, 15: 385, 16: 142, 17: 173, 18: 68, 19: 238, 20: 330, 21: 296, 22: 384, 23: 206, 24: 231, 25: 276}",0.3870967741935484,0.999969136601552,0.9998096290582276,0.999999582698203,,max_iter,,,,,stratified_labeled_val,26,True,18,20,179.8141,success,,0.70525,0.7046072567572812,0.7032815967135412,1.6680074438653618,0.9573259669101712,
2026-06-29T12:35:10.607353+00:00,letter,6,self_training_lightgbm,1,50,15950,50,0,4000,26,16,16,5678.0,2000.0,3.0,"{0: 736, 1: 75, 2: 41, 3: 1405, 4: 923, 5: 18, 6: 67, 7: 25, 8: 5, 9: 26, 10: 9, 11: 262, 12: 15, 13: 4, 14: 67, 15: 59, 16: 22, 17: 69, 18: 32, 19: 5, 20: 441, 21: 838, 22: 10, 23: 404, 24: 75, 25: 95}",0.355987460815047,0.9942490488886334,0.950382609599901,0.999999745653411,,max_iter,,,,,no_val_low_label_multiclass,26,True,1,6,162.414,success,,0.25975,0.2568268028595384,0.21134362447289914,7.427155104469088,0.6890218695958853,
2026-06-29T12:37:53.051436+00:00,letter,6,self_training_lightgbm,1,100,15900,100,0,4000,26,16,16,6000.0,2000.0,3.0,"{0: 467, 1: 315, 2: 235, 3: 299, 4: 25, 5: 190, 6: 148, 7: 320, 8: 128, 9: 341, 10: 92, 11: 326, 12: 457, 13: 115, 14: 251, 15: 581, 16: 7, 17: 337, 18: 101, 19: 131, 20: 282, 21: 252, 22: 175, 23: 105, 24: 118, 25: 302}",0.37735849056603776,0.9997554486067541,0.9986452164602891,0.9999992464515041,,max_iter,,,,,no_val_low_label_multiclass,26,True,3,4,120.9485,success,,0.5155,0.5151660958351201,0.5047277702675576,3.7430549065869654,0.8493373359530518,
2026-06-29T12:39:54.025687+00:00,letter,6,self_training_lightgbm,1,250,15750,200,50,4000,26,16,16,6000.0,2000.0,3.0,"{0: 445, 1: 219, 2: 223, 3: 181, 4: 46, 5: 184, 6: 201, 7: 90, 8: 321, 9: 301, 10: 181, 11: 361, 12: 350, 13: 155, 14: 157, 15: 560, 16: 149, 17: 292, 18: 97, 19: 206, 20: 341, 21: 414, 22: 219, 23: 127, 24: 135, 25: 245}",0.38095238095238093,0.9999055427700723,0.9994854315373897,0.9999994721685427,,max_iter,,,,,stratified_labeled_val,26,True,9,10,159.0267,success,,0.6145,0.6136687605575497,0.6123644622476017,2.5862726319635176,0.9134499394611181,
2026-06-29T12:42:33.130557+00:00,letter,6,self_training_lightgbm,1,500,15500,400,100,4000,26,16,16,6000.0,2000.0,3.0,"{0: 363, 1: 189, 2: 308, 3: 321, 4: 143, 5: 196, 6: 164, 7: 78, 8: 257, 9: 349, 10: 180, 11: 411, 12: 401, 13: 123, 14: 177, 15: 413, 16: 199, 17: 181, 18: 111, 19: 139, 20: 402, 21: 188, 22: 395, 23: 182, 24: 246, 25: 284}",0.3870967741935484,0.9999684799652194,0.9998085196432869,0.9999994429422873,,max_iter,,,,,stratified_labeled_val,26,True,18,20,159.2229,success,,0.696,0.6950638244957119,0.6946048930282063,1.7753692479523335,0.9543739267344663,
2026-06-29T12:45:12.386503+00:00,letter,6,self_training_lightgbm,2,50,15950,50,0,4000,26,16,16,5218.0,2000.0,3.0,"{0: 1361, 1: 2, 2: 5, 3: 9, 4: 26, 5: 1, 6: 36, 7: 10, 8: 8, 9: 3, 10: 13, 11: 1, 12: 429, 13: 112, 14: 634, 15: 4, 16: 8, 17: 1, 18: 124, 19: 421, 20: 12, 21: 288, 22: 1432, 23: 5, 24: 252, 25: 71}",0.3271473354231975,0.9959704397165542,0.9501589421262374,0.9999998814562127,,max_iter,,,,,no_val_low_label_multiclass,26,True,1,4,154.1891,success,,0.26625,0.26541800913281743,0.21448893854530277,7.539607366548351,0.6914056574854484,
2026-06-29T12:47:46.592836+00:00,letter,6,self_training_lightgbm,2,100,15900,100,0,4000,26,16,16,6000.0,2000.0,3.0,"{0: 508, 1: 156, 2: 199, 3: 242, 4: 143, 5: 184, 6: 220, 7: 62, 8: 282, 9: 116, 10: 231, 11: 346, 12: 397, 13: 154, 14: 123, 15: 462, 16: 203, 17: 199, 18: 318, 19: 123, 20: 149, 21: 563, 22: 489, 23: 107, 24: 79, 25: 45}",0.37735849056603776,0.9997094415167372,0.9981247203978255,0.9999994173992327,,max_iter,,,,,no_val_low_label_multiclass,26,True,3,4,214.6739,success,,0.52375,0.5221764104444033,0.5208841312239054,3.4611758224210196,0.8608766026715429,
2026-06-29T12:51:21.283512+00:00,letter,6,self_training_lightgbm,2,250,15750,200,50,4000,26,16,16,6000.0,2000.0,3.0,"{0: 465, 1: 85, 2: 186, 3: 424, 4: 170, 5: 247, 6: 346, 7: 108, 8: 440, 9: 254, 10: 210, 11: 335, 12: 250, 13: 109, 14: 134, 15: 470, 16: 125, 17: 137, 18: 117, 19: 125, 20: 145, 21: 258, 22: 361, 23: 146, 24: 262, 25: 291}",0.38095238095238093,0.9999210162229589,0.9995460609456822,0.9999993950251841,,max_iter,,,,,stratified_labeled_val,26,True,9,10,305.4662,success,,0.59725,0.5969241286860455,0.5962529362170771,2.6499079731337885,0.9086899324196674,
2026-06-29T12:56:26.789057+00:00,letter,6,self_training_lightgbm,2,500,15500,400,100,4000,26,16,16,6000.0,2000.0,3.0,"{0: 483, 1: 124, 2: 264, 3: 203, 4: 138, 5: 168, 6: 185, 7: 71, 8: 427, 9: 382, 10: 180, 11: 361, 12: 384, 13: 252, 14: 158, 15: 310, 16: 227, 17: 172, 18: 176, 19: 184, 20: 282, 21: 270, 22: 408, 23: 124, 24: 201, 25: 266}",0.3870967741935484,0.9999733969531412,0.9998154700488978,0.9999995906484872,,max_iter,,,,,stratified_labeled_val,26,True,18,20,607.4486,success,,0.70125,0.7007776485444223,0.7023876610819555,1.7812255275367468,0.9515393155911936,
2026-06-29T13:06:34.266548+00:00,letter,6,self_training_catboost,0,50,15950,50,0,4000,26,16,16,0.0,0.0,0.0,"{0: 2, 1: 3, 2: 2, 3: 1, 4: 3, 5: 1, 6: 4, 7: 2, 8: 1, 9: 1, 10: 1, 11: 2, 12: 2, 13: 1, 14: 5, 15: 1, 16: 2, 17: 1, 18: 1, 19: 3, 20: 2, 21: 3, 22: 1, 23: 2, 24: 2, 25: 1}",0.0,,,,,no_candidates,,,,,no_val_low_label_multiclass,26,True,1,5,10.3341,success,,0.266,0.2659311650421787,0.2336710416700179,2.858230956882964,0.8285418034611733,
2026-06-29T13:06:44.761982+00:00,letter,6,self_training_catboost,0,100,15900,100,0,4000,26,16,16,0.0,0.0,0.0,"{0: 4, 1: 4, 2: 3, 3: 4, 4: 4, 5: 4, 6: 4, 7: 3, 8: 4, 9: 4, 10: 3, 11: 4, 12: 4, 13: 4, 14: 4, 15: 4, 16: 4, 17: 4, 18: 4, 19: 4, 20: 4, 21: 4, 22: 4, 23: 4, 24: 4, 25: 3}",0.0,,,,,no_candidates,,,,,no_val_low_label_multiclass,26,True,3,4,15.3596,success,,0.50075,0.4988670332030436,0.4928851765956218,2.4451837334079483,0.9008684073434677,
2026-06-29T13:07:00.147585+00:00,letter,6,self_training_catboost,0,250,15750,200,50,4000,26,16,16,0.0,0.0,0.0,"{0: 8, 1: 8, 2: 7, 3: 8, 4: 8, 5: 8, 6: 8, 7: 8, 8: 7, 9: 7, 10: 8, 11: 8, 12: 8, 13: 8, 14: 7, 15: 8, 16: 8, 17: 7, 18: 7, 19: 8, 20: 8, 21: 8, 22: 7, 23: 8, 24: 8, 25: 7}",0.0,,,,,no_candidates,,,,,stratified_labeled_val,26,True,9,10,19.7888,success,,0.6085,0.6060080809148479,0.6030752861792229,1.9595830933985126,0.9443184865638349,
2026-06-29T13:07:20.097619+00:00,letter,6,self_training_catboost,0,500,15500,400,100,4000,26,16,16,0.0,0.0,0.0,"{0: 16, 1: 15, 2: 15, 3: 16, 4: 15, 5: 15, 6: 15, 7: 15, 8: 15, 9: 15, 10: 15, 11: 15, 12: 16, 13: 16, 14: 15, 15: 16, 16: 16, 17: 15, 18: 15, 19: 16, 20: 16, 21: 15, 22: 15, 23: 16, 24: 16, 25: 15}",0.0,,,,,no_candidates,,,,,stratified_labeled_val,26,True,18,20,21.7332,success,,0.706,0.7049386886032557,0.704797019184511,1.529913937770782,0.967426155764321,
2026-06-29T13:07:41.857329+00:00,letter,6,self_training_catboost,1,50,15950,50,0,4000,26,16,16,0.0,0.0,0.0,"{0: 4, 1: 1, 2: 1, 3: 6, 4: 3, 5: 1, 6: 2, 7: 1, 8: 2, 9: 1, 10: 2, 11: 2, 12: 1, 13: 1, 14: 2, 15: 2, 16: 1, 17: 2, 18: 1, 19: 1, 20: 3, 21: 3, 22: 1, 23: 3, 24: 2, 25: 1}",0.0,,,,,no_candidates,,,,,no_val_low_label_multiclass,26,True,1,6,12.9808,success,,0.2425,0.23846699221084922,0.18217638696052624,2.916196281098237,0.7698401333852699,
2026-06-29T13:07:54.850701+00:00,letter,6,self_training_catboost,1,100,15900,100,0,4000,26,16,16,0.0,0.0,0.0,"{0: 4, 1: 4, 2: 3, 3: 4, 4: 4, 5: 4, 6: 4, 7: 3, 8: 4, 9: 4, 10: 3, 11: 4, 12: 4, 13: 4, 14: 4, 15: 4, 16: 4, 17: 4, 18: 4, 19: 4, 20: 4, 21: 4, 22: 4, 23: 4, 24: 4, 25: 3}",0.0,,,,,no_candidates,,,,,no_val_low_label_multiclass,26,True,3,4,14.9837,success,,0.505,0.5031866054312235,0.5038971585928315,2.454158518897786,0.8886012166175512,
2026-06-29T13:08:09.843580+00:00,letter,6,self_training_catboost,1,250,15750,200,50,4000,26,16,16,0.0,0.0,0.0,"{0: 8, 1: 8, 2: 7, 3: 8, 4: 8, 5: 8, 6: 8, 7: 7, 8: 7, 9: 7, 10: 8, 11: 8, 12: 8, 13: 8, 14: 8, 15: 8, 16: 8, 17: 7, 18: 7, 19: 8, 20: 8, 21: 8, 22: 7, 23: 8, 24: 8, 25: 7}",0.0,,,,,no_candidates,,,,,stratified_labeled_val,26,True,9,10,18.7287,success,,0.60975,0.6084284205956195,0.6099411279035569,1.9835273826262887,0.9386903420718672,
2026-06-29T13:08:28.601416+00:00,letter,6,self_training_catboost,1,500,15500,400,100,4000,26,16,16,0.0,0.0,0.0,"{0: 16, 1: 15, 2: 15, 3: 16, 4: 15, 5: 15, 6: 15, 7: 15, 8: 15, 9: 15, 10: 15, 11: 15, 12: 16, 13: 16, 14: 15, 15: 16, 16: 16, 17: 15, 18: 15, 19: 16, 20: 16, 21: 15, 22: 15, 23: 16, 24: 16, 25: 15}",0.0,,,,,no_candidates,,,,,stratified_labeled_val,26,True,18,20,19.3633,success,,0.66175,0.6607918487048283,0.662126503600272,1.5965140299389395,0.9592837849693658,
2026-06-29T13:08:48.132589+00:00,letter,6,self_training_catboost,2,50,15950,50,0,4000,26,16,16,0.0,0.0,0.0,"{0: 3, 1: 1, 2: 1, 3: 1, 4: 2, 5: 1, 6: 2, 7: 1, 8: 1, 9: 2, 10: 1, 11: 1, 12: 3, 13: 2, 14: 3, 15: 1, 16: 1, 17: 1, 18: 4, 19: 3, 20: 2, 21: 3, 22: 3, 23: 2, 24: 3, 25: 2}",0.0,,,,,no_candidates,,,,,no_val_low_label_multiclass,26,True,1,4,17.9075,success,,0.308,0.30758891036393277,0.2752884844360598,2.811658398570947,0.826794339817461,
2026-06-29T13:09:06.049269+00:00,letter,6,self_training_catboost,2,100,15900,100,0,4000,26,16,16,0.0,0.0,0.0,"{0: 4, 1: 4, 2: 3, 3: 4, 4: 4, 5: 4, 6: 4, 7: 3, 8: 4, 9: 4, 10: 3, 11: 4, 12: 4, 13: 4, 14: 4, 15: 4, 16: 4, 17: 4, 18: 4, 19: 4, 20: 4, 21: 4, 22: 4, 23: 4, 24: 4, 25: 3}",0.0,,,,,no_candidates,,,,,no_val_low_label_multiclass,26,True,3,4,14.3229,success,,0.50375,0.5025540763287626,0.5005270641907468,2.4618356713138128,0.8990716367890214,
2026-06-29T13:09:20.383379+00:00,letter,6,self_training_catboost,2,250,15750,200,50,4000,26,16,16,0.0,0.0,0.0,"{0: 8, 1: 8, 2: 7, 3: 8, 4: 8, 5: 8, 6: 8, 7: 7, 8: 7, 9: 8, 10: 7, 11: 8, 12: 8, 13: 8, 14: 7, 15: 8, 16: 8, 17: 7, 18: 7, 19: 8, 20: 8, 21: 8, 22: 8, 23: 8, 24: 8, 25: 7}",0.0,,,,,no_candidates,,,,,stratified_labeled_val,26,True,9,10,17.246,success,,0.57175,0.5707586431989469,0.5720573470846375,2.0587305408348384,0.922292156225452,
2026-06-29T13:09:37.663182+00:00,letter,6,self_training_catboost,2,500,15500,400,100,4000,26,16,16,0.0,0.0,0.0,"{0: 16, 1: 15, 2: 15, 3: 16, 4: 15, 5: 15, 6: 15, 7: 15, 8: 15, 9: 15, 10: 15, 11: 15, 12: 16, 13: 16, 14: 15, 15: 16, 16: 16, 17: 15, 18: 15, 19: 16, 20: 16, 21: 15, 22: 15, 23: 16, 24: 16, 25: 15}",0.0,,,,,no_candidates,,,,,stratified_labeled_val,26,True,18,20,7.8855,success,,0.672,0.6710895031301567,0.6715371369062623,1.5655879871888214,0.9596647607650899,
2026-06-29T13:09:45.557042+00:00,letter,6,rpl_lr,0,50,15950,50,0,4000,26,16,16,,,,,,,,,,,,,,,no_val_low_label_multiclass,26,True,1,5,1.0169,success,,0.28,0.2798758906856731,0.25224906811972897,3.5142319202423096,0.7780216417678835,
2026-06-29T13:09:46.585925+00:00,letter,6,rpl_lr,0,100,15900,100,0,4000,26,16,16,,,,,,,,,,,,,,,no_val_low_label_multiclass,26,True,3,4,1.338,success,,0.42925,0.42822857874902465,0.4187409217944718,2.7981247901916504,0.8645620441047542,
2026-06-29T13:09:47.933138+00:00,letter,6,rpl_lr,0,250,15750,200,50,4000,26,16,16,,,,,,,,,,,,,,,stratified_labeled_val,26,True,9,10,1.5977,success,,0.51675,0.5141115529371424,0.49547870925003273,1.9449127912521362,0.9225325882775001,
2026-06-29T13:09:49.542128+00:00,letter,6,rpl_lr,0,500,15500,400,100,4000,26,16,16,,,,,,,,,,,,,,,stratified_labeled_val,26,True,18,20,1.6548,success,,0.63275,0.6309432841086978,0.6208013471935119,1.3944674730300903,0.9552929068241478,
2026-06-29T13:09:51.203892+00:00,letter,6,rpl_lr,1,50,15950,50,0,4000,26,16,16,,,,,,,,,,,,,,,no_val_low_label_multiclass,26,True,1,6,0.9948,success,,0.216,0.21296161274041808,0.16908482538043954,4.427887916564941,0.723804992002624,
2026-06-29T13:09:52.204460+00:00,letter,6,rpl_lr,1,100,15900,100,0,4000,26,16,16,,,,,,,,,,,,,,,no_val_low_label_multiclass,26,True,3,4,1.2051,success,,0.419,0.4184894664662153,0.41145183115406636,2.7894046306610107,0.8557919420655019,
2026-06-29T13:09:53.416115+00:00,letter,6,rpl_lr,1,250,15750,200,50,4000,26,16,16,,,,,,,,,,,,,,,stratified_labeled_val,26,True,9,10,1.0688,success,,0.5535,0.5514616443324003,0.5409306748112795,2.00809645652771,0.9171992900966307,
2026-06-29T13:09:54.492960+00:00,letter,6,rpl_lr,1,500,15500,400,100,4000,26,16,16,,,,,,,,,,,,,,,stratified_labeled_val,26,True,18,20,1.3737,success,,0.6135,0.6119168508031876,0.6006506761216052,1.5194056034088135,0.9470454711342199,
2026-06-29T13:09:55.876432+00:00,letter,6,rpl_lr,2,50,15950,50,0,4000,26,16,16,,,,,,,,,,,,,,,no_val_low_label_multiclass,26,True,1,4,0.8122,success,,0.29425,0.29517904369143366,0.2717548960891103,3.4507510662078857,0.7814452507662817,
2026-06-29T13:09:56.697918+00:00,letter,6,rpl_lr,2,100,15900,100,0,4000,26,16,16,,,,,,,,,,,,,,,no_val_low_label_multiclass,26,True,3,4,1.2994,success,,0.44575,0.4456222538606966,0.4238127722332742,2.4454123973846436,0.8870853571484832,
2026-06-29T13:09:58.004671+00:00,letter,6,rpl_lr,2,250,15750,200,50,4000,26,16,16,,,,,,,,,,,,,,,stratified_labeled_val,26,True,9,10,1.2649,success,,0.54225,0.5409047815652852,0.5288885362904515,2.030930280685425,0.9138609178726831,
2026-06-29T13:09:59.280147+00:00,letter,6,rpl_lr,2,500,15500,400,100,4000,26,16,16,,,,,,,,,,,,,,,stratified_labeled_val,26,True,18,20,1.5538,success,,0.63425,0.632536965455407,0.6188239013425565,1.4181833267211914,0.9520180697143299,
2026-06-29T13:10:00.842649+00:00,letter,6,rpl_lite_xgboost,0,50,15950,50,0,4000,26,16,16,868.0,458.0,3.0,"{6: 479, 21: 268, 1: 89, 19: 32}",0.05442006269592477,0.9543792587546159,,,7.517487846085615e-09,max_iter,,,,,no_val_low_label_multiclass,26,True,1,5,29.2454,success,,0.23275,0.23256488450610296,0.17649275484035282,3.244602680206299,0.7091833668408163,
2026-06-29T13:10:30.134032+00:00,letter,6,rpl_lite_xgboost,0,100,15900,100,0,4000,26,16,16,4343.0,2000.0,3.0,"{8: 152, 16: 71, 12: 155, 11: 546, 17: 272, 9: 560, 4: 201, 14: 39, 15: 326, 3: 126, 19: 349, 1: 197, 10: 36, 22: 615, 24: 60, 0: 191, 13: 170, 6: 70, 23: 53, 5: 79, 2: 14, 20: 5, 25: 17, 18: 32, 21: 7}",0.27314465408805033,0.9583150894582039,,,0.019309226841499286,max_iter,,,,,no_val_low_label_multiclass,26,True,3,4,127.3659,success,,0.45,0.44995261930776276,0.4388816130034011,2.659127950668335,0.8397672512897102,
2026-06-29T13:12:37.539053+00:00,letter,6,rpl_lite_xgboost,0,250,15750,200,50,4000,26,16,16,6000.0,2000.0,3.0,"{8: 679, 24: 253, 13: 216, 16: 131, 11: 286, 9: 337, 4: 179, 20: 345, 15: 481, 14: 131, 0: 453, 2: 169, 17: 210, 3: 157, 6: 106, 21: 340, 12: 495, 23: 65, 1: 312, 22: 266, 10: 155, 7: 13, 19: 114, 5: 63, 25: 35, 18: 9}",0.38095238095238093,0.9740774700244268,,,0.024058974753893195,max_iter,,,,,stratified_labeled_val,26,True,9,10,49.7681,success,,0.59675,0.5951499313705328,0.5897944363490333,1.8011497259140015,0.9214181520267317,
2026-06-29T13:13:27.345426+00:00,letter,6,rpl_lite_xgboost,0,500,15500,400,100,4000,26,16,16,6000.0,2000.0,3.0,"{8: 273, 24: 214, 13: 191, 25: 270, 12: 405, 9: 350, 11: 386, 22: 429, 20: 410, 15: 380, 5: 95, 14: 199, 3: 272, 2: 308, 4: 37, 6: 67, 0: 459, 18: 25, 19: 204, 10: 148, 17: 219, 23: 150, 21: 264, 1: 179, 16: 54, 7: 12}",0.3870967741935484,0.9897801693677902,,,0.015690406485370303,max_iter,,,,,stratified_labeled_val,26,True,18,20,58.3215,success,,0.704,0.7032429463494512,0.7008914508880981,1.2162574529647827,0.9609315442018173,
2026-06-29T13:14:25.701326+00:00,letter,6,rpl_lite_xgboost,1,50,15950,50,0,4000,26,16,16,1910.0,1044.0,3.0,"{3: 1149, 20: 313, 0: 169, 4: 279}",0.11974921630094044,0.9679784349434039,,,8.053140971657624e-09,max_iter,,,,,no_val_low_label_multiclass,26,True,1,6,27.6343,success,,0.21025,0.20614848769628724,0.14491957154600274,3.7901253700256348,0.657977470173412,
2026-06-29T13:14:53.349502+00:00,letter,6,rpl_lite_xgboost,1,100,15900,100,0,4000,26,16,16,4422.0,1752.0,3.0,"{9: 399, 11: 224, 3: 228, 19: 123, 0: 427, 25: 212, 14: 61, 1: 320, 15: 704, 8: 63, 21: 169, 17: 204, 22: 150, 6: 91, 10: 6, 12: 469, 20: 122, 13: 250, 23: 24, 24: 26, 5: 124, 18: 9, 16: 17}",0.27811320754716984,0.9579198761446774,,,8.257489186817298e-09,max_iter,,,,,no_val_low_label_multiclass,26,True,3,4,40.8233,success,,0.47325,0.47218470011631225,0.4641102380477875,2.539968729019165,0.8461107836333075,
2026-06-29T13:15:34.187753+00:00,letter,6,rpl_lite_xgboost,1,250,15750,200,50,4000,26,16,16,6000.0,2000.0,3.0,"{9: 355, 12: 393, 11: 402, 8: 302, 21: 404, 3: 217, 19: 199, 0: 460, 14: 127, 2: 197, 20: 329, 10: 92, 1: 196, 25: 226, 4: 7, 5: 294, 17: 183, 15: 656, 22: 235, 18: 103, 23: 82, 16: 183, 6: 73, 13: 184, 24: 101}",0.38095238095238093,0.9791898650626342,,,0.006833342527756578,max_iter,,,,,stratified_labeled_val,26,True,9,10,51.0903,success,,0.62175,0.6213382810580412,0.6224366884074402,1.7566134929656982,0.9184826729033596,
2026-06-29T13:16:25.307491+00:00,letter,6,rpl_lite_xgboost,1,500,15500,400,100,4000,26,16,16,6000.0,2000.0,3.0,"{9: 361, 25: 245, 8: 237, 11: 405, 12: 361, 14: 187, 20: 370, 3: 367, 0: 347, 19: 132, 21: 345, 2: 332, 4: 91, 5: 117, 1: 163, 15: 419, 22: 401, 6: 81, 18: 81, 13: 152, 10: 92, 24: 224, 23: 146, 16: 213, 17: 121, 7: 10}",0.3870967741935484,0.9890091438492139,,,0.0021666761989041477,max_iter,,,,,stratified_labeled_val,26,True,18,20,63.3156,success,,0.676,0.6755224985181864,0.6741713724854576,1.2864279747009277,0.9574977600987968,
2026-06-29T13:17:28.654495+00:00,letter,6,rpl_lite_xgboost,2,50,15950,50,0,4000,26,16,16,1428.0,760.0,3.0,"{0: 619, 18: 101, 19: 301, 14: 399, 24: 8}",0.08952978056426332,0.9582710229382128,,,6.664045034661186e-09,max_iter,,,,,no_val_low_label_multiclass,26,True,1,4,26.8084,success,,0.25325,0.2516260542618239,0.18764824738796707,3.1614725589752197,0.7234179248068264,
2026-06-29T13:17:55.483069+00:00,letter,6,rpl_lite_xgboost,2,100,15900,100,0,4000,26,16,16,4112.0,2000.0,3.0,"{8: 302, 12: 213, 15: 293, 11: 375, 21: 499, 2: 68, 18: 308, 17: 207, 13: 21, 0: 189, 14: 45, 3: 194, 5: 186, 6: 23, 23: 21, 24: 242, 22: 461, 10: 71, 1: 49, 16: 143, 9: 116, 4: 81, 20: 5}",0.25861635220125784,0.9625598185547131,,,8.593061179841366e-09,max_iter,,,,,no_val_low_label_multiclass,26,True,3,4,38.5296,success,,0.48125,0.4801878868489023,0.47263038376276995,2.3909878730773926,0.8555528549518842,
2026-06-29T13:18:34.041999+00:00,letter,6,rpl_lite_xgboost,2,250,15750,200,50,4000,26,16,16,6000.0,2000.0,3.0,"{8: 407, 23: 141, 24: 274, 13: 128, 11: 250, 15: 539, 25: 155, 21: 282, 6: 334, 14: 135, 4: 109, 2: 173, 3: 448, 9: 296, 12: 374, 22: 484, 16: 94, 18: 38, 17: 149, 0: 467, 1: 157, 19: 106, 5: 168, 7: 25, 20: 112, 10: 155}",0.38095238095238093,0.9764485106269518,,,0.048203008990437585,max_iter,,,,,stratified_labeled_val,26,True,9,10,51.9452,success,,0.59625,0.5955945558594077,0.5958413824622109,1.8666703701019287,0.9094807793107409,
2026-06-29T13:19:26.017362+00:00,letter,6,rpl_lite_xgboost,2,500,15500,400,100,4000,26,16,16,6000.0,2000.0,3.0,"{25: 256, 8: 405, 6: 159, 12: 362, 15: 349, 11: 357, 13: 271, 21: 234, 20: 299, 14: 129, 2: 257, 17: 213, 9: 353, 0: 479, 19: 173, 18: 191, 24: 209, 16: 208, 22: 396, 3: 221, 4: 23, 10: 164, 7: 14, 23: 69, 1: 78, 5: 131}",0.3870967741935484,0.9887646561662357,,,0.029577335102666885,max_iter,,,,,stratified_labeled_val,26,True,18,20,58.5708,success,,0.696,0.6956830232546702,0.6962024816110913,1.2716684341430664,0.9558603116141278,
