timestamp_utc,dataset,dataset_id,method,seed,n_labeled,n_unlabeled,train_labeled_size,val_size,test_size,n_classes,n_features_before_preprocessing,n_features_after_preprocessing,n_pseudo_added_total,n_pseudo_added_last_iter,self_training_iterations,pseudo_label_class_distribution,runtime_seconds,status,error_message,metric_accuracy,metric_balanced_accuracy,metric_macro_f1,metric_log_loss,metric_roc_auc,metric_average_precision
2026-06-28T15:35:46.846016+00:00,phoneme,1489,logistic_regression,0,50,4273,40,10,1081,2,5,5,,,,,0.1473,success,,0.7335800185013877,0.6241824533007416,0.633445420893498,0.5380721009161096,0.7682626719738385,0.49505739313190666
2026-06-28T15:35:47.000007+00:00,phoneme,1489,logistic_regression,0,100,4223,80,20,1081,2,5,5,,,,,0.082,success,,0.7372802960222017,0.6517168480684428,0.6601441766961573,0.5103869538432202,0.7847539927659504,0.5367729369420919
2026-06-28T15:35:47.089605+00:00,phoneme,1489,logistic_regression,0,250,4073,200,50,1081,2,5,5,,,,,0.0721,success,,0.7520814061054579,0.6751077675194477,0.6835701303694384,0.48722573545632497,0.7974011924620543,0.571205903396566
2026-06-28T15:35:47.165642+00:00,phoneme,1489,logistic_regression,0,500,3823,400,100,1081,2,5,5,,,,,0.0895,success,,0.7400555041628122,0.6518345252448511,0.6610101587251989,0.48633415598936736,0.8009108626356385,0.5638166155849629
2026-06-28T15:35:47.259816+00:00,phoneme,1489,logistic_regression,1,50,4273,40,10,1081,2,5,5,,,,,0.1005,success,,0.7752081406105458,0.7505305795497712,0.7395467403558138,0.5490910629797738,0.7947544882487986,0.5727381161740857
2026-06-28T15:35:47.366448+00:00,phoneme,1489,logistic_regression,1,100,4223,80,20,1081,2,5,5,,,,,0.0889,success,,0.7354301572617946,0.6448709267180868,0.6537646595052724,0.5078984531302702,0.7822063851223017,0.533045779586716
2026-06-28T15:35:47.460521+00:00,phoneme,1489,logistic_regression,1,250,4073,200,50,1081,2,5,5,,,,,0.0807,success,,0.7326549491211841,0.6613643120220655,0.6663141918125433,0.49421136665096305,0.7837630270698797,0.506639999458669
2026-06-28T15:35:47.544662+00:00,phoneme,1489,logistic_regression,1,500,3823,400,100,1081,2,5,5,,,,,0.0878,success,,0.7243293246993524,0.6360946867722596,0.6433907206177989,0.484054698592809,0.7887674038350372,0.5542611230303702
2026-06-28T15:35:47.639649+00:00,phoneme,1489,logistic_regression,2,50,4273,40,10,1081,2,5,5,,,,,0.0715,success,,0.7613320999074931,0.7056460270533635,0.7082778963223296,0.5143492896918381,0.8156101871273557,0.5814599816222445
2026-06-28T15:35:47.715741+00:00,phoneme,1489,logistic_regression,2,100,4223,80,20,1081,2,5,5,,,,,0.0807,success,,0.7604070305272895,0.7040687399871175,0.706864185225475,0.4940990030653211,0.8032355029976712,0.5381446610534054
2026-06-28T15:35:47.801692+00:00,phoneme,1489,logistic_regression,2,250,4073,200,50,1081,2,5,5,,,,,0.1042,success,,0.7446808510638298,0.6689493286207409,0.6762461586540965,0.4623741868706826,0.8149784464961104,0.5401440909680071
2026-06-28T15:35:47.912016+00:00,phoneme,1489,logistic_regression,2,500,3823,400,100,1081,2,5,5,,,,,0.0844,success,,0.7428307123034228,0.662103407270385,0.6703082351082597,0.4626864555825007,0.8166094108708937,0.5692196846884594
2026-06-28T15:35:48.001350+00:00,phoneme,1489,random_forest,0,50,4273,40,10,1081,2,5,5,,,,,1.2715,success,,0.7715078630897317,0.6777771813632385,0.6924793004836126,0.45019277647743905,0.8369840784844831,0.6098236379449598
2026-06-28T15:35:49.276880+00:00,phoneme,1489,random_forest,0,100,4223,80,20,1081,2,5,5,,,,,1.3431,success,,0.790009250693802,0.7047087386658298,0.7208710558435338,0.431926529810235,0.8496622458585893,0.6640401205067206
2026-06-28T15:35:50.624371+00:00,phoneme,1489,random_forest,0,250,4073,200,50,1081,2,5,5,,,,,1.0902,success,,0.7890841813135985,0.7345079029514262,0.7396611458509379,0.4307281963229383,0.8679166597849605,0.729610175021852
2026-06-28T15:35:51.717708+00:00,phoneme,1489,random_forest,0,500,3823,400,100,1081,2,5,5,,,,,1.0065,success,,0.8075855689176689,0.7429827241646985,0.7549500850080648,0.3787675749103828,0.8853143012866038,0.7253453029448512
2026-06-28T15:35:52.730829+00:00,phoneme,1489,random_forest,1,50,4273,40,10,1081,2,5,5,,,,,1.5057,success,,0.7733580018501388,0.7363019637636877,0.731689773423768,0.5105200005933149,0.8156845095545611,0.5786715429146919
2026-06-28T15:35:54.241960+00:00,phoneme,1489,random_forest,1,100,4223,80,20,1081,2,5,5,,,,,1.3194,success,,0.7789084181313598,0.6931639883066048,0.70754184094498,0.4974537845779073,0.8478124432259238,0.6719627195287838
2026-06-28T15:35:55.567196+00:00,phoneme,1489,random_forest,1,250,4073,200,50,1081,2,5,5,,,,,1.2407,success,,0.8260869565217391,0.7920623647744727,0.7909847867762612,0.4112849373893347,0.8874779097230252,0.7561074882197726
2026-06-28T15:35:56.810435+00:00,phoneme,1489,random_forest,1,500,3823,400,100,1081,2,5,5,,,,,0.9991,success,,0.8307123034227567,0.7768778799940542,0.7873824317483451,0.4034135627056719,0.8894619056270335,0.7739363002882853
2026-06-28T15:35:57.814258+00:00,phoneme,1489,random_forest,2,50,4273,40,10,1081,2,5,5,,,,,0.9235,success,,0.7890841813135985,0.7391220869737559,0.7421990711685703,0.49441150556282654,0.8503889540357078,0.6391750261889795
2026-06-28T15:35:58.741187+00:00,phoneme,1489,random_forest,2,100,4223,80,20,1081,2,5,5,,,,,1.0276,success,,0.7890841813135985,0.7455819446050176,0.7455819446050176,0.4739110716959578,0.8467822518043833,0.6248416445442867
2026-06-28T15:35:59.773026+00:00,phoneme,1489,random_forest,2,250,4073,200,50,1081,2,5,5,,,,,1.5146,success,,0.8066604995374653,0.7773960724726245,0.7715084674625929,0.45515573220880223,0.8752972897088213,0.6982219972229299
2026-06-28T15:36:01.293322+00:00,phoneme,1489,random_forest,2,500,3823,400,100,1081,2,5,5,,,,,1.4875,success,,0.8251618871415356,0.7867937304903629,0.7881176906156762,0.42573733333728353,0.89794704939964,0.7320053746303232
2026-06-28T15:36:02.787381+00:00,phoneme,1489,xgboost,0,50,4273,40,10,1081,2,5,5,,,,,0.5098,success,,0.7761332099907493,0.7225770888731069,0.7258392440934319,0.5821070671081543,0.8120798718351032,0.6104523930030628
2026-06-28T15:36:03.302312+00:00,phoneme,1489,xgboost,0,100,4223,80,20,1081,2,5,5,,,,,0.688,success,,0.786308973172988,0.7353130625794837,0.7385545435794777,0.5266368985176086,0.8435471617090854,0.6589905554000967
2026-06-28T15:36:03.995586+00:00,phoneme,1489,xgboost,0,250,4073,200,50,1081,2,5,5,,,,,2.4817,success,,0.8020351526364478,0.7658182899235304,0.7633634481460568,0.509739339351654,0.8743641303450211,0.7234060842541914
2026-06-28T15:36:06.483839+00:00,phoneme,1489,xgboost,0,500,3823,400,100,1081,2,5,5,,,,,2.6645,success,,0.8196114708603145,0.7708701504616249,0.7771197650186037,0.47957444190979004,0.8797091515682031,0.7272721520887623
2026-06-28T15:36:09.156868+00:00,phoneme,1489,xgboost,1,50,4273,40,10,1081,2,5,5,,,,,0.9624,success,,0.730804810360777,0.6757436371744265,0.6755812694336587,0.6815491914749146,0.7660164830627447,0.5468337671571987
2026-06-28T15:36:10.124697+00:00,phoneme,1489,xgboost,1,100,4223,80,20,1081,2,5,5,,,,,1.374,success,,0.7668825161887142,0.6781962772722018,0.6912604722010662,0.6277161240577698,0.8242192016119709,0.6388686520686471
2026-06-28T15:36:11.504521+00:00,phoneme,1489,xgboost,1,250,4073,200,50,1081,2,5,5,,,,,1.7625,success,,0.8233117483811286,0.7771792987266091,0.7825561299875623,0.46592170000076294,0.8723739409054122,0.744429668473442
2026-06-28T15:36:13.275673+00:00,phoneme,1489,xgboost,1,500,3823,400,100,1081,2,5,5,,,,,2.3322,success,,0.8353376503237743,0.7801501313029547,0.7920956184252608,0.4650720953941345,0.8871124911225989,0.7623506411424157
2026-06-28T15:36:15.617268+00:00,phoneme,1489,xgboost,2,50,4273,40,10,1081,2,5,5,,,,,1.0207,success,,0.7974098057354302,0.7450121393297768,0.7501859842285374,0.46615275740623474,0.8670825969907676,0.683517737318701
2026-06-28T15:36:16.643697+00:00,phoneme,1489,xgboost,2,100,4223,80,20,1081,2,5,5,,,,,1.2279,success,,0.7798334875115633,0.7335004211604208,0.7339310829817158,0.5274025797843933,0.8515182420268551,0.63513589142296
2026-06-28T15:36:17.877104+00:00,phoneme,1489,xgboost,2,250,4073,200,50,1081,2,5,5,,,,,2.2526,success,,0.7955596669750231,0.7501630964374784,0.7517769846588636,0.5271213054656982,0.8511032751416255,0.6760453117099288
2026-06-28T15:36:20.135071+00:00,phoneme,1489,xgboost,2,500,3823,400,100,1081,2,5,5,,,,,3.2367,success,,0.8390379278445883,0.8076845260706558,0.8065497494631353,0.4311135411262512,0.8990536277602523,0.7467452877513512
2026-06-28T15:36:23.380361+00:00,phoneme,1489,lightgbm,0,50,4273,40,10,1081,2,5,5,,,,,0.5694,success,,0.7067530064754857,0.5,0.4140921409214092,0.6051424941170336,0.5,0.29324699352451433
2026-06-28T15:36:23.955568+00:00,phoneme,1489,lightgbm,0,100,4223,80,20,1081,2,5,5,,,,,1.0342,success,,0.7909343200740055,0.7524278659553736,0.750094108789761,0.6473989641223554,0.8456777379556377,0.6591782491484544
2026-06-28T15:36:24.995316+00:00,phoneme,1489,lightgbm,0,250,4073,200,50,1081,2,5,5,,,,,2.4416,success,,0.8140610545790934,0.7752489801311377,0.7755029926941687,0.8519576383656563,0.872210844467934,0.7376295561597317
2026-06-28T15:36:27.443004+00:00,phoneme,1489,lightgbm,0,500,3823,400,100,1081,2,5,5,,,,,4.3343,success,,0.81313598519889,0.7709031826514938,0.7729029386315229,0.7427867530682,0.8747460650403819,0.7332527940190029
2026-06-28T15:36:31.783542+00:00,phoneme,1489,lightgbm,1,50,4273,40,10,1081,2,5,5,,,,,0.2395,success,,0.7067530064754857,0.5,0.4140921409214092,0.6051424941170336,0.5,0.29324699352451433
2026-06-28T15:36:32.029772+00:00,phoneme,1489,lightgbm,1,100,4223,80,20,1081,2,5,5,,,,,0.7795,success,,0.7844588344125809,0.6952450162683534,0.7113616960320871,0.6936640964611879,0.8273964853749979,0.640028339224457
2026-06-28T15:36:32.814797+00:00,phoneme,1489,lightgbm,1,250,4073,200,50,1081,2,5,5,,,,,1.8104,success,,0.8122109158186864,0.7674802219763159,0.7706876246785397,0.6051776025302223,0.8725865856276943,0.7412250170801779
2026-06-28T15:36:34.631558+00:00,phoneme,1489,lightgbm,1,500,3823,400,100,1081,2,5,5,,,,,3.736,success,,0.8325624421831638,0.7772639437131484,0.7888163696158756,0.7950511852477785,0.8858779130262441,0.7619297357041803
2026-06-28T15:36:38.373776+00:00,phoneme,1489,lightgbm,2,50,4273,40,10,1081,2,5,5,,,,,0.2748,success,,0.7067530064754857,0.5,0.4140921409214092,0.5949033502483198,0.5800803508018564,0.3384576377433971
2026-06-28T15:36:38.654062+00:00,phoneme,1489,lightgbm,2,100,4223,80,20,1081,2,5,5,,,,,0.7212,success,,0.7687326549491211,0.717341486778866,0.718939280484558,0.5800155567712013,0.8452937387484102,0.6286437707302442
2026-06-28T15:36:39.381106+00:00,phoneme,1489,lightgbm,2,250,4073,200,50,1081,2,5,5,,,,,1.9813,success,,0.7752081406105458,0.7246911490247245,0.7265499024072869,0.8096439518680244,0.8436483227905595,0.6657326423402341
2026-06-28T15:36:41.368836+00:00,phoneme,1489,lightgbm,2,500,3823,400,100,1081,2,5,5,,,,,3.4137,success,,0.8270120259019427,0.7908711414273208,0.7911396001682067,0.7066831540859533,0.8938675739508151,0.7360393736793017
2026-06-28T15:36:44.789075+00:00,phoneme,1489,catboost,0,50,4273,40,10,1081,2,5,5,,,,,2.8212,success,,0.7650323774283071,0.7165693593406774,0.7165693593406774,0.6247155775190935,0.8334083439311608,0.6180757162838006
2026-06-28T15:36:47.614896+00:00,phoneme,1489,catboost,0,100,4223,80,20,1081,2,5,5,,,,,1.6555,success,,0.7909343200740055,0.7127458833633376,0.727042161621037,0.5993159297020731,0.8586304854080302,0.6703671518404304
2026-06-28T15:36:49.274650+00:00,phoneme,1489,catboost,0,250,4073,200,50,1081,2,5,5,,,,,2.077,success,,0.8149861239592969,0.7814404512197136,0.7788443440617354,0.5577708980576281,0.8763729003914315,0.7301031441277597
2026-06-28T15:36:51.355312+00:00,phoneme,1489,catboost,0,500,3823,400,100,1081,2,5,5,,,,,2.2494,success,,0.8094357076780758,0.7618255239731118,0.7661686631609013,0.4658051467916317,0.8833757246436653,0.7250538318002169
2026-06-28T15:36:53.608832+00:00,phoneme,1489,catboost,1,50,4273,40,10,1081,2,5,5,,,,,1.3319,success,,0.7520814061054579,0.7000243612400284,0.7003929841978985,0.794608521928645,0.8049882735725965,0.5579527984837798
2026-06-28T15:36:54.944705+00:00,phoneme,1489,catboost,1,100,4223,80,20,1081,2,5,5,,,,,1.5584,success,,0.7872340425531915,0.6889028358135003,0.7072654402968908,0.6528236856941086,0.8573546170743389,0.6580931461385497
2026-06-28T15:36:56.506926+00:00,phoneme,1489,catboost,1,250,4073,200,50,1081,2,5,5,,,,,2.1289,success,,0.8242368177613321,0.7879849538375147,0.7879849538375147,0.4354095096740419,0.8845401093365485,0.7590659414707697
2026-06-28T15:36:58.639699+00:00,phoneme,1489,catboost,1,500,3823,400,100,1081,2,5,5,,,,,2.5261,success,,0.8390379278445883,0.7947648108081325,0.8013203481494,0.43623247343743793,0.8940533800188284,0.7718322064128758
2026-06-28T15:37:01.169717+00:00,phoneme,1489,catboost,2,50,4273,40,10,1081,2,5,5,,,,,1.3653,success,,0.7872340425531915,0.7571927593439807,0.7500382035485065,0.6957334231126885,0.8599992567757279,0.638152143033114
2026-06-28T15:37:02.538696+00:00,phoneme,1489,catboost,2,100,4223,80,20,1081,2,5,5,,,,,1.5504,success,,0.7835337650323775,0.7379638958164731,0.7384028294862248,0.6594593096006439,0.8506573405783937,0.639450935633705
2026-06-28T15:37:04.092808+00:00,phoneme,1489,catboost,2,250,4073,200,50,1081,2,5,5,,,,,2.1534,success,,0.8048103607770583,0.7760871719490644,0.7697160055205724,0.5261110436640543,0.8661122764133649,0.6804608326903078
2026-06-28T15:37:06.250384+00:00,phoneme,1489,catboost,2,500,3823,400,100,1081,2,5,5,,,,,2.42,success,,0.8214616096207216,0.7841759294432424,0.7844381969650476,0.43651544954274923,0.9009612367251887,0.741041123052727
2026-06-28T15:37:08.673969+00:00,phoneme,1489,mlp,0,50,4273,40,10,1081,2,5,5,,,,,0.0962,success,,0.7067530064754857,0.5,0.4140921409214092,0.6242190387053244,0.7280294647133632,0.471681283175712
2026-06-28T15:37:08.775172+00:00,phoneme,1489,mlp,0,100,4223,80,20,1081,2,5,5,,,,,0.1502,success,,0.7261794634597595,0.5894160734635903,0.591304347826087,0.5491452392568367,0.8020752473285215,0.535355617176342
2026-06-28T15:37:08.928319+00:00,phoneme,1489,mlp,0,250,4073,200,50,1081,2,5,5,,,,,0.1329,success,,0.7049028677150786,0.5485242869176012,0.5345328644993217,0.5475708364470908,0.8042099525988076,0.5346427580774991
2026-06-28T15:37:09.067109+00:00,phoneme,1489,mlp,0,500,3823,400,100,1081,2,5,5,,,,,0.2609,success,,0.7705827937095282,0.7057306720399029,0.7127636778180634,0.44606909347536994,0.8284886121525427,0.6216616180695118
2026-06-28T15:37:09.330927+00:00,phoneme,1489,mlp,1,50,4273,40,10,1081,2,5,5,,,,,0.0679,success,,0.7021276595744681,0.5151844847804186,0.4658041743400859,0.6419716279851106,0.5715146910664441,0.36489696057865306
2026-06-28T15:37:09.401440+00:00,phoneme,1489,mlp,1,100,4223,80,20,1081,2,5,5,,,,,0.1138,success,,0.7039777983348752,0.5035736700414554,0.4306405951675555,0.6415640798501719,0.5456835185888649,0.33043145844997945
2026-06-28T15:37:09.517854+00:00,phoneme,1489,mlp,1,250,4073,200,50,1081,2,5,5,,,,,0.0725,success,,0.7076780758556892,0.502500123870712,0.42047366992399565,0.641534243768563,0.5306373561035228,0.3145666071703378
2026-06-28T15:37:09.593016+00:00,phoneme,1489,mlp,1,500,3823,400,100,1081,2,5,5,,,,,0.112,success,,0.7298797409805735,0.5560432391365385,0.5319180487341922,0.594810598998272,0.7407344707417378,0.5453741249095319
2026-06-28T15:37:09.707612+00:00,phoneme,1489,mlp,2,50,4273,40,10,1081,2,5,5,,,,,0.065,success,,0.7095282146160962,0.5573335590532974,0.5473923664447858,0.6562011571268932,0.6165953721901993,0.3962740158763709
2026-06-28T15:37:09.776431+00:00,phoneme,1489,mlp,2,100,4223,80,20,1081,2,5,5,,,,,0.0789,success,,0.6993524514338575,0.5067612763638165,0.4473076057835859,0.6558086353446138,0.5994475366244404,0.3480160245680148
2026-06-28T15:37:09.858015+00:00,phoneme,1489,mlp,2,250,4073,200,50,1081,2,5,5,,,,,0.1174,success,,0.7483811285846439,0.6245024526400977,0.6347210765362407,0.49210268530026813,0.8198878557153947,0.6134581041963645
2026-06-28T15:37:09.978645+00:00,phoneme,1489,mlp,2,500,3823,400,100,1081,2,5,5,,,,,0.1727,success,,0.7770582793709528,0.724154375939353,0.7272365584530482,0.4420467656171622,0.8332493765174162,0.6319298240612048
2026-06-28T15:37:10.154033+00:00,phoneme,1489,label_spreading,0,50,4273,40,10,1081,2,5,5,,,,,0.1533,failed,ValueError: Predicted probabilities contain NaN or infinite values.,,,,,,
2026-06-28T15:37:10.311291+00:00,phoneme,1489,label_spreading,0,100,4223,80,20,1081,2,5,5,,,,,0.1355,failed,ValueError: Predicted probabilities contain NaN or infinite values.,,,,,,
2026-06-28T15:37:10.450771+00:00,phoneme,1489,label_spreading,0,250,4073,200,50,1081,2,5,5,,,,,0.131,failed,ValueError: Predicted probabilities contain NaN or infinite values.,,,,,,
2026-06-28T15:37:10.584783+00:00,phoneme,1489,label_spreading,0,500,3823,400,100,1081,2,5,5,,,,,0.1899,failed,ValueError: Predicted probabilities contain NaN or infinite values.,,,,,,
2026-06-28T15:37:10.781487+00:00,phoneme,1489,label_spreading,1,50,4273,40,10,1081,2,5,5,,,,,0.155,failed,ValueError: Predicted probabilities contain NaN or infinite values.,,,,,,
2026-06-28T15:37:10.940438+00:00,phoneme,1489,label_spreading,1,100,4223,80,20,1081,2,5,5,,,,,0.141,failed,ValueError: Predicted probabilities contain NaN or infinite values.,,,,,,
2026-06-28T15:37:11.086985+00:00,phoneme,1489,label_spreading,1,250,4073,200,50,1081,2,5,5,,,,,0.1737,failed,ValueError: Predicted probabilities contain NaN or infinite values.,,,,,,
2026-06-28T15:37:11.267344+00:00,phoneme,1489,label_spreading,1,500,3823,400,100,1081,2,5,5,,,,,0.1227,failed,ValueError: Predicted probabilities contain NaN or infinite values.,,,,,,
2026-06-28T15:37:11.392789+00:00,phoneme,1489,label_spreading,2,50,4273,40,10,1081,2,5,5,,,,,0.1396,failed,ValueError: Predicted probabilities contain NaN or infinite values.,,,,,,
2026-06-28T15:37:11.535370+00:00,phoneme,1489,label_spreading,2,100,4223,80,20,1081,2,5,5,,,,,0.1432,failed,ValueError: Predicted probabilities contain NaN or infinite values.,,,,,,
2026-06-28T15:37:11.681982+00:00,phoneme,1489,label_spreading,2,250,4073,200,50,1081,2,5,5,,,,,0.1265,failed,ValueError: Predicted probabilities contain NaN or infinite values.,,,,,,
2026-06-28T15:37:11.813558+00:00,phoneme,1489,label_spreading,2,500,3823,400,100,1081,2,5,5,,,,,0.1215,failed,ValueError: Predicted probabilities contain NaN or infinite values.,,,,,,
2026-06-28T15:37:11.939374+00:00,phoneme,1489,label_propagation,0,50,4273,40,10,1081,2,5,5,,,,,0.2017,failed,ValueError: Predicted probabilities contain NaN or infinite values.,,,,,,
2026-06-28T15:37:12.145006+00:00,phoneme,1489,label_propagation,0,100,4223,80,20,1081,2,5,5,,,,,0.1969,failed,ValueError: Predicted probabilities contain NaN or infinite values.,,,,,,
2026-06-28T15:37:12.345257+00:00,phoneme,1489,label_propagation,0,250,4073,200,50,1081,2,5,5,,,,,0.1663,failed,ValueError: Predicted probabilities contain NaN or infinite values.,,,,,,
2026-06-28T15:37:12.516313+00:00,phoneme,1489,label_propagation,0,500,3823,400,100,1081,2,5,5,,,,,0.1938,failed,ValueError: Predicted probabilities contain NaN or infinite values.,,,,,,
2026-06-28T15:37:12.717090+00:00,phoneme,1489,label_propagation,1,50,4273,40,10,1081,2,5,5,,,,,0.1723,failed,ValueError: Predicted probabilities contain NaN or infinite values.,,,,,,
2026-06-28T15:37:12.894430+00:00,phoneme,1489,label_propagation,1,100,4223,80,20,1081,2,5,5,,,,,0.1823,failed,ValueError: Predicted probabilities contain NaN or infinite values.,,,,,,
2026-06-28T15:37:13.081357+00:00,phoneme,1489,label_propagation,1,250,4073,200,50,1081,2,5,5,,,,,0.1875,failed,ValueError: Predicted probabilities contain NaN or infinite values.,,,,,,
2026-06-28T15:37:13.273335+00:00,phoneme,1489,label_propagation,1,500,3823,400,100,1081,2,5,5,,,,,0.1965,failed,ValueError: Predicted probabilities contain NaN or infinite values.,,,,,,
2026-06-28T15:37:13.472665+00:00,phoneme,1489,label_propagation,2,50,4273,40,10,1081,2,5,5,,,,,0.1871,failed,ValueError: Predicted probabilities contain NaN or infinite values.,,,,,,
2026-06-28T15:37:13.662924+00:00,phoneme,1489,label_propagation,2,100,4223,80,20,1081,2,5,5,,,,,0.1649,failed,ValueError: Predicted probabilities contain NaN or infinite values.,,,,,,
2026-06-28T15:37:13.830879+00:00,phoneme,1489,label_propagation,2,250,4073,200,50,1081,2,5,5,,,,,0.1736,failed,ValueError: Predicted probabilities contain NaN or infinite values.,,,,,,
2026-06-28T15:37:14.008615+00:00,phoneme,1489,label_propagation,2,500,3823,400,100,1081,2,5,5,,,,,0.1965,failed,ValueError: Predicted probabilities contain NaN or infinite values.,,,,,,
2026-06-28T15:37:14.207682+00:00,phoneme,1489,self_training_lr,0,50,4273,40,10,1081,2,5,5,3997.0,,10,,0.1406,success,,0.700277520814061,0.5581717508712241,0.5526439482961222,2.208063894300335,0.7498678712405239,0.4849124653677903
2026-06-28T15:37:14.350993+00:00,phoneme,1489,self_training_lr,0,100,4223,80,20,1081,2,5,5,3987.0,,10,,0.1326,success,,0.7409805735430157,0.6617173435512907,0.6694016287441893,1.6873356492415104,0.7666523527177234,0.5231971306058035
2026-06-28T15:37:14.486237+00:00,phoneme,1489,self_training_lr,0,250,4073,200,50,1081,2,5,5,3723.0,,9,,0.1071,success,,0.7604070305272895,0.6893033511156622,0.6971644898731781,1.0664948439193842,0.8004525410012057,0.5636700125316333
2026-06-28T15:37:14.598004+00:00,phoneme,1489,self_training_lr,0,500,3823,400,100,1081,2,5,5,3354.0,,10,,0.1661,success,,0.7520814061054579,0.6723392571060498,0.6814575361745173,0.8275712212071158,0.802971245478719,0.5675443748489757
2026-06-28T15:37:14.767469+00:00,phoneme,1489,self_training_lr,1,50,4273,40,10,1081,2,5,5,4093.0,,8,,0.1862,success,,0.7779833487511564,0.7515710935306457,0.7417315058892862,1.8334510196280627,0.7911539795530744,0.5614344700845425
2026-06-28T15:37:14.957131+00:00,phoneme,1489,self_training_lr,1,100,4223,80,20,1081,2,5,5,3923.0,,10,,0.1947,success,,0.7363552266419982,0.6335284985218095,0.6433611118506882,1.715153257021328,0.789469337869754,0.5454506808056017
2026-06-28T15:37:15.154378+00:00,phoneme,1489,self_training_lr,1,250,4073,200,50,1081,2,5,5,3638.0,,10,,0.1118,success,,0.7585568917668826,0.6824574297653063,0.6914957711211587,1.110013762794495,0.7922068806051498,0.5196467872511419
2026-06-28T15:37:15.268867+00:00,phoneme,1489,self_training_lr,1,500,3823,400,100,1081,2,5,5,3212.0,,10,,0.1114,success,,0.7400555041628122,0.6213809106974747,0.6308279969908254,0.7822572292380111,0.804449435975358,0.59968035666128
2026-06-28T15:37:15.382985+00:00,phoneme,1489,self_training_lr,2,50,4273,40,10,1081,2,5,5,4016.0,,10,,0.2087,success,,0.7659574468085106,0.7144552991890598,0.715835190582319,1.8012769937228925,0.8142310932003238,0.5874697846650991
2026-06-28T15:37:15.595733+00:00,phoneme,1489,self_training_lr,2,100,4223,80,20,1081,2,5,5,3969.0,,10,,0.2404,success,,0.7659574468085106,0.7172238096024577,0.7174241649334561,1.4676254563441196,0.7955555188531223,0.5493145998855963
2026-06-28T15:37:15.842396+00:00,phoneme,1489,self_training_lr,2,250,4073,200,50,1081,2,5,5,3698.0,,10,,0.1746,success,,0.759481961147086,0.6803433696136886,0.6902715331041172,1.0038023351313536,0.8157877351479016,0.557394595133585
2026-06-28T15:37:16.019794+00:00,phoneme,1489,self_training_lr,2,500,3823,400,100,1081,2,5,5,3286.0,,10,,0.1152,success,,0.7622571692876966,0.7016862932928138,0.7062552800501598,0.7689382219674779,0.8190826960873372,0.5792773291646729
2026-06-28T15:37:16.137577+00:00,phoneme,1489,self_training_xgboost,0,50,4273,40,10,1081,2,5,5,4261.0,,6,,15.0121,success,,0.7631822386679001,0.6958808859233323,0.70287913145056,1.7870475053787231,0.8208684988521315,0.5974215540704634
2026-06-28T15:37:31.158743+00:00,phoneme,1489,self_training_xgboost,0,100,4223,80,20,1081,2,5,5,4213.0,,9,,27.4995,success,,0.7650323774283071,0.6981126232513584,0.7052003882361024,1.6533476114273071,0.8326258939336384,0.6489753363809713
2026-06-28T15:37:58.667767+00:00,phoneme,1489,self_training_xgboost,0,250,4073,200,50,1081,2,5,5,4033.0,,10,,29.1269,success,,0.81313598519889,0.7773630402827556,0.7758274474375821,1.160527229309082,0.863754603861463,0.6936280459522502
2026-06-28T15:38:27.804653+00:00,phoneme,1489,self_training_xgboost,0,500,3823,400,100,1081,2,5,5,3755.0,,8,,24.7698,success,,0.8159111933395005,0.7645610021966407,0.7716322446748091,0.9165984988212585,0.8719713610913835,0.7092630041589731
2026-06-28T15:38:52.584403+00:00,phoneme,1489,self_training_xgboost,1,50,4273,40,10,1081,2,5,5,4267.0,,7,,16.574,success,,0.7446808510638298,0.6929430855368557,0.6925863646479884,2.067878246307373,0.7679963499430195,0.5326865636277236
2026-06-28T15:39:09.165117+00:00,phoneme,1489,self_training_xgboost,1,100,4223,80,20,1081,2,5,5,4207.0,,10,,25.3865,success,,0.7631822386679001,0.6737328026161494,0.6863598447756863,1.7746504545211792,0.8198961137628618,0.5962714928013946
2026-06-28T15:39:34.562379+00:00,phoneme,1489,self_training_xgboost,1,250,4073,200,50,1081,2,5,5,4042.0,,9,,27.3015,success,,0.8233117483811286,0.7827163195534048,0.7850659726740403,1.0247652530670166,0.8791620559234974,0.7492467984806536
2026-06-28T15:40:01.872655+00:00,phoneme,1489,self_training_xgboost,1,500,3823,400,100,1081,2,5,5,3750.0,,10,,32.1435,success,,0.8270120259019427,0.767800221315672,0.780407948665862,0.8737947940826416,0.882611855252944,0.7484987214893893
2026-06-28T15:40:34.027601+00:00,phoneme,1489,self_training_xgboost,2,50,4273,40,10,1081,2,5,5,4268.0,,9,,22.4475,success,,0.7890841813135985,0.7391220869737559,0.7421990711685703,1.5461511611938477,0.866386856491651,0.6585225787289146
2026-06-28T15:40:56.481637+00:00,phoneme,1489,self_training_xgboost,2,100,4223,80,20,1081,2,5,5,4188.0,,10,,26.9806,success,,0.7761332099907493,0.7327282937222324,0.7314368429697766,1.6168479919433594,0.8445360628932895,0.632601668206544
2026-06-28T15:41:23.473395+00:00,phoneme,1489,self_training_xgboost,2,250,4073,200,50,1081,2,5,5,4020.0,,10,,31.1206,success,,0.8001850138760407,0.7488211637240492,0.7538519924098672,1.244383692741394,0.8354873073810428,0.6450905324275664
2026-06-28T15:41:54.605149+00:00,phoneme,1489,self_training_xgboost,2,500,3823,400,100,1081,2,5,5,3740.0,,10,,30.9108,success,,0.8353376503237743,0.7986068673922737,0.8002620018435629,0.8040306568145752,0.8939873156390903,0.7263726195020033
2026-06-28T15:42:25.526850+00:00,phoneme,1489,self_training_lightgbm,0,50,4273,40,10,1081,2,5,5,0.0,,1,,0.1955,success,,0.7067530064754857,0.5,0.4140921409214092,0.6051424941170336,0.5,0.29324699352451433
2026-06-28T15:42:25.728212+00:00,phoneme,1489,self_training_lightgbm,0,100,4223,80,20,1081,2,5,5,4221.0,,5,,29.6569,success,,0.7918593894542091,0.7521594794126877,0.7505284826777687,2.7823424215547607,0.8367755627859349,0.6362727947155822
2026-06-28T15:42:55.391148+00:00,phoneme,1489,self_training_lightgbm,0,250,4073,200,50,1081,2,5,5,4070.0,,7,,46.3972,success,,0.8103607770582794,0.7698626686706196,0.7706097234025595,1.7940503188558166,0.8606949972748444,0.709682726881876
2026-06-28T15:43:41.795085+00:00,phoneme,1489,self_training_lightgbm,0,500,3823,400,100,1081,2,5,5,3807.0,,10,,62.263,success,,0.8066604995374653,0.7653991940145672,0.7661338155665118,1.1854823423270326,0.8717525228335011,0.6965719390794749
2026-06-28T15:44:44.065088+00:00,phoneme,1489,self_training_lightgbm,1,50,4273,40,10,1081,2,5,5,0.0,,1,,0.2906,success,,0.7067530064754857,0.5,0.4140921409214092,0.6051424941170336,0.5,0.29324699352451433
2026-06-28T15:44:44.363773+00:00,phoneme,1489,self_training_lightgbm,1,100,4223,80,20,1081,2,5,5,4222.0,,5,,28.7574,success,,0.7687326549491211,0.6693539729466365,0.684316886272311,3.473185618382356,0.8057253043090491,0.5988215566830658
2026-06-28T15:45:13.127441+00:00,phoneme,1489,self_training_lightgbm,1,250,4073,200,50,1081,2,5,5,4067.0,,7,,40.4791,success,,0.8270120259019427,0.7881026310139231,0.7899651408651922,1.5373946690150044,0.8817777924587511,0.754833730042606
2026-06-28T15:45:53.613609+00:00,phoneme,1489,self_training_lightgbm,1,500,3823,400,100,1081,2,5,5,3813.0,,6,,35.2428,success,,0.8242368177613321,0.7676825441392636,0.7785504808729029,1.4134811027245502,0.8794448940492511,0.7448946706123303
2026-06-28T15:46:28.865628+00:00,phoneme,1489,self_training_lightgbm,2,50,4273,40,10,1081,2,5,5,0.0,,1,,0.3625,success,,0.7067530064754857,0.5,0.4140921409214092,0.5949033502483198,0.5800803508018564,0.3384576377433971
2026-06-28T15:46:29.233929+00:00,phoneme,1489,self_training_lightgbm,2,100,4223,80,20,1081,2,5,5,4221.0,,6,,29.1486,success,,0.7715078630897317,0.7229961847820701,0.7236126911240595,3.0671655016851997,0.8337035691281154,0.623507903837366
2026-06-28T15:46:58.389949+00:00,phoneme,1489,self_training_lightgbm,2,250,4073,200,50,1081,2,5,5,4063.0,,8,,44.4133,success,,0.7974098057354302,0.7487034865476407,0.7521361257311932,1.7476195937309997,0.8460865113052669,0.6694134442704074
2026-06-28T15:47:42.810459+00:00,phoneme,1489,self_training_lightgbm,2,500,3823,400,100,1081,2,5,5,3807.0,,6,,37.0397,success,,0.8325624421831638,0.7984891902158653,0.7982137792697328,1.188467505903302,0.8935000908385222,0.746809929228872
2026-06-28T15:48:19.857716+00:00,phoneme,1489,self_training_catboost,0,50,4273,40,10,1081,2,5,5,4269.0,,7,,27.0413,success,,0.7465309898242368,0.6868692916246882,0.6895865821553734,1.698624918437432,0.814482963648075,0.5935015909003851
2026-06-28T15:48:46.903353+00:00,phoneme,1489,self_training_catboost,0,100,4223,80,20,1081,2,5,5,4191.0,,10,,38.8163,success,,0.7668825161887142,0.6828104612945316,0.6949255041794709,1.3024597184017082,0.8594810642971575,0.6539428468462531
2026-06-28T15:49:25.724091+00:00,phoneme,1489,self_training_catboost,0,250,4073,200,50,1081,2,5,5,4038.0,,9,,37.5421,success,,0.8020351526364478,0.7639726163145986,0.7625102660972405,1.0373987571059027,0.8643161510892364,0.7138642752116169
2026-06-28T15:50:03.272262+00:00,phoneme,1489,self_training_catboost,0,500,3823,400,100,1081,2,5,5,3737.0,,10,,39.244,success,,0.8011100832562442,0.7550126348126249,0.7575972807591179,0.7771671500803813,0.8740276149107304,0.7257745615629629
2026-06-28T15:50:42.522705+00:00,phoneme,1489,self_training_catboost,1,50,4273,40,10,1081,2,5,5,4267.0,,10,,39.3817,success,,0.7520814061054579,0.6963330140221646,0.6981302724150578,2.0611475612542267,0.7824066427733826,0.5284040989865256
2026-06-28T15:51:21.912241+00:00,phoneme,1489,self_training_catboost,1,100,4223,80,20,1081,2,5,5,4210.0,,10,,43.5919,success,,0.7789084181313598,0.6737844154128197,0.6912480505745203,1.5854292718349976,0.8274852593852708,0.6605306452064085
2026-06-28T15:52:05.514155+00:00,phoneme,1489,self_training_catboost,1,250,4073,200,50,1081,2,5,5,4024.0,,10,,46.0762,success,,0.8233117483811286,0.7882533403802006,0.7874555421159637,0.8345296422419672,0.8849075924488415,0.7450860140869492
2026-06-28T15:52:51.600070+00:00,phoneme,1489,self_training_catboost,1,500,3823,400,100,1081,2,5,5,3742.0,,10,,52.0,success,,0.8279370952821462,0.7767602028176458,0.7854609475032011,0.7428155335987301,0.8849695278048457,0.7328210144822968
2026-06-28T15:53:43.608034+00:00,phoneme,1489,self_training_catboost,2,50,4273,40,10,1081,2,5,5,4263.0,,10,,43.2699,success,,0.7779833487511564,0.7423427254859861,0.7373918958313089,1.5721507314253071,0.8434728392818801,0.640146951323691
2026-06-28T15:54:26.888887+00:00,phoneme,1489,self_training_catboost,2,100,4223,80,20,1081,2,5,5,4205.0,,10,,40.9586,success,,0.7853839037927844,0.7383499595355674,0.7396673282455426,1.4102693441096306,0.8456158025996333,0.6107759384659517
2026-06-28T15:55:07.853734+00:00,phoneme,1489,self_training_catboost,2,250,4073,200,50,1081,2,5,5,4031.0,,10,,37.9125,success,,0.8048103607770583,0.7770100087535303,0.770106867736184,1.0685005365245692,0.8572596495284653,0.6492893216783538
2026-06-28T15:55:45.772424+00:00,phoneme,1489,self_training_catboost,2,500,3823,400,100,1081,2,5,5,3740.0,,10,,39.8128,success,,0.8196114708603145,0.7736386608750228,0.7784382045501128,0.7177958417986671,0.8904735164417724,0.7238457582707716
2026-06-28T15:56:25.589656+00:00,phoneme,1489,rpl_lr,0,50,4273,40,10,1081,2,5,5,,,,,0.1072,success,,0.6984273820536541,0.5494801559119362,0.5395408029937179,1.7144117552903226,0.7432036269344475,0.4755547709893919
2026-06-28T15:56:25.700892+00:00,phoneme,1489,rpl_lr,0,100,4223,80,20,1081,2,5,5,,,,,0.0991,success,,0.7372802960222017,0.6443341536327151,0.6537288517933679,1.3062896441699032,0.7619535237088544,0.506772924248756
2026-06-28T15:56:25.803152+00:00,phoneme,1489,rpl_lr,0,250,4073,200,50,1081,2,5,5,,,,,0.1097,success,,0.7520814061054579,0.670493583497118,0.6800192623747503,0.8085554932024744,0.798260029398649,0.57161608648803
2026-06-28T15:56:25.918617+00:00,phoneme,1489,rpl_lr,0,500,3823,400,100,1081,2,5,5,,,,,0.2097,success,,0.727104532839963,0.6149871174459511,0.6230274831340867,0.6588196650969027,0.8017862156671677,0.5629793931656172
2026-06-28T15:56:26.135174+00:00,phoneme,1489,rpl_lr,1,50,4273,40,10,1081,2,5,5,,,,,0.1156,success,,0.7789084181313598,0.7513027069879598,0.7421816450902458,1.6274895158677276,0.7895601763918939,0.5588825202890617
2026-06-28T15:56:26.254208+00:00,phoneme,1489,rpl_lr,1,100,4223,80,20,1081,2,5,5,,,,,0.0931,success,,0.7150786308973173,0.5870996911490247,0.5900422580994691,1.1831786573797223,0.7814218706129122,0.5526298038953128
2026-06-28T15:56:26.350262+00:00,phoneme,1489,rpl_lr,1,250,4073,200,50,1081,2,5,5,,,,,0.1121,success,,0.7382053654024052,0.6828249128775992,0.6833295205996308,0.817048218399004,0.7849645729763653,0.5106856920541278
2026-06-28T15:56:26.465392+00:00,phoneme,1489,rpl_lr,1,500,3823,400,100,1081,2,5,5,,,,,0.0681,success,,0.7243293246993524,0.609332419442747,0.6166082700968304,0.5963863067452684,0.7897872726972436,0.5587777018941721
2026-06-28T15:56:26.536283+00:00,phoneme,1489,rpl_lr,2,50,4273,40,10,1081,2,5,5,,,,,0.0997,success,,0.7502312673450509,0.6701075197780236,0.6790803536086556,1.4269513252748793,0.8082935570713661,0.5833345660356642
2026-06-28T15:56:26.638666+00:00,phoneme,1489,rpl_lr,2,100,4223,80,20,1081,2,5,5,,,,,0.0788,success,,0.7493061979648473,0.6749900903430393,0.6824534304559668,1.1508056319217557,0.7993913819016631,0.5569718933086958
2026-06-28T15:56:26.720438+00:00,phoneme,1489,rpl_lr,2,250,4073,200,50,1081,2,5,5,,,,,0.0957,success,,0.7224791859389454,0.5960266404611294,0.6006905111358465,0.6754750104044638,0.8051885312236776,0.5307167667604754
2026-06-28T15:56:26.818981+00:00,phoneme,1489,rpl_lr,2,500,3823,400,100,1081,2,5,5,,,,,0.0775,success,,0.7382053654024052,0.6449886038944952,0.6545339155789086,0.5780294578602926,0.8051678861050093,0.5462587354540391
2026-06-28T15:56:26.899525+00:00,phoneme,1489,rpl_lite_xgboost,0,50,4273,40,10,1081,2,5,5,4253.0,23.0,5.0,"{0: 2916, 1: 1337}",10.3038,success,,0.790009250693802,0.7563875997159232,0.7514023614987564,1.5583628416061401,0.8452669000941417,0.6575694431573651
2026-06-28T15:56:37.210014+00:00,phoneme,1489,rpl_lite_xgboost,0,100,4223,80,20,1081,2,5,5,4191.0,30.0,5.0,"{0: 2754, 1: 1437}",13.1961,success,,0.7946345975948196,0.7753480767007449,0.7626178097476438,1.3786853551864624,0.8554717822518044,0.693835577429091
2026-06-28T15:56:50.413240+00:00,phoneme,1489,rpl_lite_xgboost,0,250,4073,200,50,1081,2,5,5,4006.0,33.0,5.0,"{0: 2582, 1: 1424}",14.1995,success,,0.8038852913968547,0.7929666209721373,0.7757331642319194,1.183135986328125,0.8745230977587659,0.7319282210900799
2026-06-28T15:57:04.620632+00:00,phoneme,1489,rpl_lite_xgboost,0,500,3823,400,100,1081,2,5,5,3693.0,51.0,5.0,"{0: 2508, 1: 1185}",17.916,success,,0.8048103607770583,0.7788556823624622,0.7708791015615191,0.9487067461013794,0.8720126513287199,0.715993713443213
2026-06-28T15:57:22.543700+00:00,phoneme,1489,rpl_lite_xgboost,1,50,4273,40,10,1081,2,5,5,4248.0,8.0,5.0,"{0: 2791, 1: 1457}",11.4681,success,,0.7520814061054579,0.7240181181561431,0.7134305090647232,2.0413901805877686,0.7757382694435727,0.537132186771848
2026-06-28T15:57:34.018987+00:00,phoneme,1489,rpl_lite_xgboost,1,100,4223,80,20,1081,2,5,5,4190.0,29.0,5.0,"{0: 3285, 1: 905}",12.2141,success,,0.7678075855689177,0.6853105851652435,0.6972012449822951,1.7408733367919922,0.8243595884189143,0.5996450405174538
2026-06-28T15:57:46.240153+00:00,phoneme,1489,rpl_lite_xgboost,1,250,4073,200,50,1081,2,5,5,4017.0,51.0,5.0,"{0: 2773, 1: 1244}",17.508,success,,0.8140610545790934,0.7927828794159909,0.7828191203855023,1.0492194890975952,0.8766825771714536,0.7207373139462383
2026-06-28T15:58:03.755194+00:00,phoneme,1489,rpl_lite_xgboost,1,500,3823,400,100,1081,2,5,5,3723.0,33.0,5.0,"{0: 2717, 1: 1006}",16.1378,success,,0.8307123034227567,0.7916432688655095,0.7940684450227717,0.812172532081604,0.890589129106314,0.7638137424890556
2026-06-28T15:58:19.900954+00:00,phoneme,1489,rpl_lite_xgboost,2,50,4273,40,10,1081,2,5,5,4260.0,24.0,5.0,"{0: 2873, 1: 1387}",11.1656,success,,0.8011100832562442,0.7790063917287398,0.7684475329397993,1.5221980810165405,0.8721055543627265,0.6852853961953245
2026-06-28T15:58:31.074428+00:00,phoneme,1489,rpl_lite_xgboost,2,100,4223,80,20,1081,2,5,5,4177.0,23.0,5.0,"{0: 2691, 1: 1486}",13.1693,success,,0.7816836262719704,0.7689542834492212,0.7514535789998753,1.5935277938842773,0.8486237963895816,0.6454362652384197
2026-06-28T15:58:44.250809+00:00,phoneme,1489,rpl_lite_xgboost,2,250,4073,200,50,1081,2,5,5,3979.0,35.0,5.0,"{0: 2505, 1: 1474}",15.8489,success,,0.7964847363552267,0.7895766924868284,0.7693128467776356,1.2054346799850464,0.8619295753711992,0.6800246011398333
2026-06-28T15:59:00.112955+00:00,phoneme,1489,rpl_lite_xgboost,2,500,3823,400,100,1081,2,5,5,3719.0,31.0,5.0,"{0: 2511, 1: 1208}",16.105,success,,0.8399629972247918,0.8286413860306869,0.8145744283191596,0.8200899362564087,0.8969478256561019,0.7269387349928025
2026-06-28T15:59:16.287977+00:00,spambase,44,logistic_regression,0,50,3630,40,10,921,2,57,57,,,,,0.1432,success,,0.8479913137893594,0.8586673183447378,0.8453214971209213,0.43172627072561215,0.9299544812741294,0.8553450063788468
2026-06-28T15:59:16.436005+00:00,spambase,44,logistic_regression,0,100,3580,80,20,921,2,57,57,,,,,0.1215,success,,0.8892508143322475,0.8975310287627003,0.8866694011484824,0.40607219070863965,0.9443234890448967,0.8807150009843722
2026-06-28T15:59:16.561816+00:00,spambase,44,logistic_regression,0,250,3430,200,50,921,2,57,57,,,,,0.0964,success,,0.8968512486427795,0.8999526052311977,0.8935580056861521,0.44176566455751176,0.9376314464291003,0.865990738194501
2026-06-28T15:59:16.661757+00:00,spambase,44,logistic_regression,0,500,3180,400,100,921,2,57,57,,,,,0.0835,success,,0.9044516829533116,0.9028555348203442,0.9005243313302698,0.3839739568715364,0.9473547794662165,0.8864578536998595
2026-06-28T15:59:16.748477+00:00,spambase,44,logistic_regression,1,50,3630,40,10,921,2,57,57,,,,,0.0987,success,,0.8501628664495114,0.8267647145946266,0.8368597510884745,0.36480322628726686,0.9259999802521797,0.8867842817465287
2026-06-28T15:59:16.850492+00:00,spambase,44,logistic_regression,1,100,3580,80,20,921,2,57,57,,,,,0.088,success,,0.8707926167209555,0.8596744571817886,0.8632721420685268,0.377859930865748,0.9305814745697445,0.8769106380373919
2026-06-28T15:59:16.941712+00:00,spambase,44,logistic_regression,1,250,3430,200,50,921,2,57,57,,,,,0.097,success,,0.8783930510314875,0.8673909179774282,0.8712454066144752,0.33230612927145137,0.9441136684538445,0.9068869368371385
2026-06-28T15:59:17.044613+00:00,spambase,44,logistic_regression,1,500,3180,400,100,921,2,57,57,,,,,0.1192,success,,0.8925081433224755,0.8905921383927249,0.8881399848119963,0.3423717661451033,0.9521806530604184,0.9165437310268436
2026-06-28T15:59:17.169823+00:00,spambase,44,logistic_regression,2,50,3630,40,10,921,2,57,57,,,,,0.1212,success,,0.7698154180238871,0.7267617524215764,0.736145945945946,0.5218463365722397,0.8619479249977785,0.7839707434003316
2026-06-28T15:59:17.296698+00:00,spambase,44,logistic_regression,2,100,3580,80,20,921,2,57,57,,,,,0.087,success,,0.8707926167209555,0.8736336976806185,0.8668746970946595,0.43922378024877623,0.9310159266170998,0.8522553209753454
2026-06-28T15:59:17.386913+00:00,spambase,44,logistic_regression,2,250,3430,200,50,921,2,57,57,,,,,0.0806,success,,0.8773072747014115,0.8674575668710566,0.8704426880717842,0.4391618474597594,0.9281574296237053,0.8641920573483196
2026-06-28T15:59:17.470671+00:00,spambase,44,logistic_regression,2,500,3180,400,100,921,2,57,57,,,,,0.0883,success,,0.9022801302931596,0.8991380076424065,0.897984049623394,0.3527861802899982,0.9533655222804782,0.8933845080013274
2026-06-28T15:59:17.564441+00:00,spambase,44,random_forest,0,50,3630,40,10,921,2,57,57,,,,,1.3086,success,,0.8773072747014115,0.872752451198199,0.8718535328225026,0.3837255472370876,0.941741461536183,0.9181258789695073
2026-06-28T15:59:18.877281+00:00,spambase,44,random_forest,0,100,3580,80,20,921,2,57,57,,,,,1.1956,success,,0.8827361563517915,0.8858970941082378,0.8791338582677166,0.3308655709934831,0.9516548673440168,0.9353957722131303
2026-06-28T15:59:20.078548+00:00,spambase,44,random_forest,0,250,3430,200,50,921,2,57,57,,,,,1.6435,success,,0.9315960912052117,0.9252569685121005,0.9279196796927117,0.26541629646245884,0.969526644746586,0.9609510692852294
2026-06-28T15:59:21.726734+00:00,spambase,44,random_forest,0,500,3180,400,100,921,2,57,57,,,,,1.1366,success,,0.9370249728555917,0.9306999614917504,0.933605946107189,0.23095649707260957,0.9750264127096971,0.9674556377109312
2026-06-28T15:59:22.867412+00:00,spambase,44,random_forest,1,50,3630,40,10,921,2,57,57,,,,,1.2868,success,,0.8599348534201955,0.8362732900856068,0.8471880486440253,0.361557186413719,0.9248570751503302,0.9073644497811054
2026-06-28T15:59:24.158142+00:00,spambase,44,random_forest,1,100,3580,80,20,921,2,57,57,,,,,1.2545,success,,0.9001085776330076,0.8853120649308333,0.8930248765263764,0.3132481768915026,0.941563731153174,0.9316312603670146
2026-06-28T15:59:25.418685+00:00,spambase,44,random_forest,1,250,3430,200,50,921,2,57,57,,,,,1.2986,success,,0.9142236699239956,0.9036997541396368,0.908932520773959,0.2728850485229408,0.9548071131648844,0.9471613181440921
2026-06-28T15:59:26.722512+00:00,spambase,44,random_forest,1,500,3180,400,100,921,2,57,57,,,,,1.3566,success,,0.9261672095548317,0.9193326224118012,0.9221586954360147,0.24565818110551088,0.962205140357633,0.9561345256476029
2026-06-28T15:59:28.086034+00:00,spambase,44,random_forest,2,50,3630,40,10,921,2,57,57,,,,,1.2087,success,,0.8762214983713354,0.8530836221452057,0.8648642387174498,0.34612247031014753,0.9498750950363853,0.9369607745714406
2026-06-28T15:59:29.300397+00:00,spambase,44,random_forest,2,100,3580,80,20,921,2,57,57,,,,,1.411,success,,0.9011943539630836,0.8890962410023994,0.8948636731416959,0.29289119016198945,0.9602476376669926,0.9530464536377427
2026-06-28T15:59:30.715918+00:00,spambase,44,random_forest,2,250,3430,200,50,921,2,57,57,,,,,1.4801,success,,0.9218241042345277,0.9118975680559258,0.9170477858393795,0.26431711732863605,0.9665027597578917,0.9621338595990097
2026-06-28T15:59:33.671130+00:00,spambase,44,xgboost,0,50,3630,40,10,921,2,57,57,,,,,0.8233,success,,0.8197611292073833,0.8146716431173909,0.8125202334821209,0.43284475803375244,0.8865685199996051,0.855474157610305
2026-06-28T15:59:34.502699+00:00,spambase,44,xgboost,0,100,3580,80,20,921,2,57,57,,,,,1.2338,success,,0.8555917480998915,0.8630143072958323,0.8523727169190535,0.3624083995819092,0.9317836231325968,0.9125141144662142
2026-06-28T15:59:35.744124+00:00,spambase,44,xgboost,0,250,3430,200,50,921,2,57,57,,,,,1.8832,success,,0.8903365906623235,0.8854305518528393,0.8852449713485606,0.2735271155834198,0.9526940963891111,0.9380754216614956
2026-06-28T15:59:37.636503+00:00,spambase,44,xgboost,0,500,3180,400,100,921,2,57,57,,,,,2.3492,success,,0.9413680781758957,0.9342841908824313,0.9380548829701372,0.20384612679481506,0.9704424499145906,0.9638060390177963
2026-06-28T15:59:39.993605+00:00,spambase,44,xgboost,1,50,3630,40,10,921,2,57,57,,,,,1.1188,success,,0.8143322475570033,0.7957507627595604,0.8012844696515655,0.4324361979961395,0.8892171964019471,0.863919613214262
2026-06-28T15:59:41.121262+00:00,spambase,44,xgboost,1,100,3580,80,20,921,2,57,57,,,,,1.8481,success,,0.8925081433224755,0.882890488462336,0.8863735209266679,0.31678804755210876,0.9340719018138373,0.9200306604884505
2026-06-28T15:59:42.977130+00:00,spambase,44,xgboost,1,250,3430,200,50,921,2,57,57,,,,,1.3706,success,,0.8979370249728555,0.8897775408039338,0.8923958436909615,0.2944394052028656,0.9475522576695596,0.9335122508730499
2026-06-28T15:59:44.354624+00:00,spambase,44,xgboost,1,500,3180,400,100,921,2,57,57,,,,,2.087,success,,0.9261672095548317,0.9231834473769958,0.9227760569771342,0.23010411858558655,0.9636121725564541,0.9520771229052232
2026-06-28T15:59:46.449183+00:00,spambase,44,xgboost,2,50,3630,40,10,921,2,57,57,,,,,0.8689,success,,0.8317046688382194,0.8076809147190379,0.8168861604136497,0.39022183418273926,0.9062324120975147,0.8762231208054192
2026-06-28T15:59:47.325272+00:00,spambase,44,xgboost,2,100,3580,80,20,921,2,57,57,,,,,1.9551,success,,0.8686210640608035,0.8583636956070974,0.8612704889972203,0.32658568024635315,0.9328895010713194,0.9217289291286248
2026-06-28T15:59:49.287731+00:00,spambase,44,xgboost,2,250,3430,200,50,921,2,57,57,,,,,1.9889,success,,0.9185667752442996,0.9116161616161615,0.9141900948722759,0.20942537486553192,0.9703387738578354,0.9632964052961813
2026-06-28T15:59:51.284034+00:00,spambase,44,xgboost,2,500,3180,400,100,921,2,57,57,,,,,2.5763,success,,0.9207383279044516,0.9124455700702035,0.9162148184610783,0.20437300205230713,0.9718741668888297,0.9670426866891204
2026-06-28T15:59:53.868182+00:00,spambase,44,lightgbm,0,50,3630,40,10,921,2,57,57,,,,,0.354,success,,0.8121606948968513,0.7833688794099352,0.793330886158372,0.48632386429142743,0.8178880693543451,0.7306319707311941
2026-06-28T15:59:54.229395+00:00,spambase,44,lightgbm,0,100,3580,80,20,921,2,57,57,,,,,0.7923,success,,0.8349619978284474,0.842138392724903,0.8314470376328033,0.4987533741121727,0.9136798088410991,0.891530990818919
2026-06-28T15:59:55.028802+00:00,spambase,44,lightgbm,0,250,3430,200,50,921,2,57,57,,,,,2.111,success,,0.8903365906623235,0.8830237862495927,0.8846787540678754,0.3967412983798929,0.9580556296098819,0.9429948674911901
2026-06-28T15:59:57.147060+00:00,spambase,44,lightgbm,0,500,3180,400,100,921,2,57,57,,,,,4.1481,success,,0.9326818675352877,0.9261530258597708,0.9290270458387193,0.3068230175552165,0.9773887457171915,0.9697011493442667
2026-06-28T16:00:01.302632+00:00,spambase,44,lightgbm,1,50,3630,40,10,921,2,57,57,,,,,0.3837,success,,0.7687296416938111,0.7494519979857224,0.7533473063755043,0.5216092700319195,0.8233952427500815,0.7188293137373813
2026-06-28T16:00:01.693516+00:00,spambase,44,lightgbm,1,100,3580,80,20,921,2,57,57,,,,,0.8372,success,,0.8403908794788274,0.8273645546372819,0.8309177899307745,0.5767059663923034,0.901001708186459,0.8806879227330009
2026-06-28T16:00:02.537672+00:00,spambase,44,lightgbm,1,250,3430,200,50,921,2,57,57,,,,,1.9918,success,,0.9109663409337676,0.902455641458574,0.9059351926583565,0.5838215673651176,0.9520522922282454,0.9383866846109701
2026-06-28T16:00:04.537542+00:00,spambase,44,lightgbm,1,500,3180,400,100,921,2,57,57,,,,,3.2894,success,,0.9283387622149837,0.9211247371071418,0.9243691832976659,0.4372810742880056,0.9653228274929155,0.9543617523027544
2026-06-28T16:00:07.834616+00:00,spambase,44,lightgbm,2,50,3630,40,10,921,2,57,57,,,,,0.4741,success,,0.744842562432139,0.7157794958381468,0.7216216390026817,0.5121611438532427,0.8093323261944962,0.7285402487519506
2026-06-28T16:00:08.315974+00:00,spambase,44,lightgbm,2,100,3580,80,20,921,2,57,57,,,,,1.4458,success,,0.8295331161780674,0.8227361592464232,0.8219557933905566,0.556760819816394,0.9065705935207401,0.8851145288298229
2026-06-28T16:00:09.770329+00:00,spambase,44,lightgbm,2,250,3430,200,50,921,2,57,57,,,,,2.0589,success,,0.9153094462540716,0.9084466364525016,0.9108036831753978,0.3345661429117597,0.9696624110113846,0.9619293279695866
2026-06-28T16:00:11.836588+00:00,spambase,44,lightgbm,2,500,3180,400,100,921,2,57,57,,,,,3.6842,success,,0.9239956568946797,0.9165778014751622,0.9197854974369184,0.3860846558626275,0.9722444385200982,0.9662333289028642
2026-06-28T16:00:15.528017+00:00,spambase,44,catboost,0,50,3630,40,10,921,2,57,57,,,,,2.5739,success,,0.8501628664495114,0.8416866613347551,0.8426693404634581,0.3823375287892699,0.9222873900293255,0.901177659856897
2026-06-28T16:00:18.108148+00:00,spambase,44,catboost,0,100,3580,80,20,921,2,57,57,,,,,2.8612,success,,0.7828447339847991,0.8063479368464705,0.7820675424980124,0.6456679503466285,0.9215320359015374,0.906198204313005
2026-06-28T16:00:20.975606+00:00,spambase,44,catboost,0,250,3430,200,50,921,2,57,57,,,,,4.2067,success,,0.9174809989142236,0.9121641636304393,0.9133541295306001,0.2309892678763694,0.9648785015353931,0.9525795784804033
2026-06-28T16:00:25.188187+00:00,spambase,44,catboost,0,500,3180,400,100,921,2,57,57,,,,,4.6884,success,,0.9391965255157437,0.9329734293077402,0.9358953962414238,0.1980715876090703,0.9736317228985851,0.9638682169607293
2026-06-28T16:00:29.882540+00:00,spambase,44,catboost,1,50,3630,40,10,921,2,57,57,,,,,2.5677,success,,0.8534201954397395,0.8318596522408839,0.8411470477382922,0.4507304257661139,0.9136057545148455,0.8874176534660827
2026-06-28T16:00:32.455560+00:00,spambase,44,catboost,1,100,3580,80,20,921,2,57,57,,,,,3.2132,success,,0.8946796959826275,0.8803504250718327,0.8874118603376245,0.4019320876451728,0.9341311452748403,0.9211038782417397
2026-06-28T16:00:35.673829+00:00,spambase,44,catboost,1,250,3430,200,50,921,2,57,57,,,,,3.2448,success,,0.9153094462540716,0.9065212239699043,0.9104282208833739,0.31327622547193484,0.9524126899493469,0.9396427080922743
2026-06-28T16:00:38.923914+00:00,spambase,44,catboost,1,500,3180,400,100,921,2,57,57,,,,,4.945,success,,0.9337676438653637,0.9280117894487396,0.9302796582299688,0.20019824818403248,0.9729652339623015,0.957451827104091
2026-06-28T16:00:43.875784+00:00,spambase,44,catboost,2,50,3630,40,10,921,2,57,57,,,,,2.4723,success,,0.8479913137893594,0.8129387718830534,0.8284277198211625,0.4368731114374811,0.9352888612419404,0.9149296449519853
2026-06-28T16:00:46.355098+00:00,spambase,44,catboost,2,100,3580,80,20,921,2,57,57,,,,,3.163,success,,0.8642779587404995,0.8571862318196629,0.8577011928997067,0.40854458391331927,0.9286313773117292,0.9227571195143115
2026-06-28T16:00:49.524365+00:00,spambase,44,catboost,2,250,3430,200,50,921,2,57,57,,,,,3.8375,success,,0.9370249728555917,0.9292559021298024,0.9333953437337908,0.19456973191815702,0.9737255250451731,0.969515429224355
2026-06-28T16:00:53.368324+00:00,spambase,44,catboost,2,500,3180,400,100,921,2,57,57,,,,,4.9125,success,,0.9348534201954397,0.9303519061583578,0.9315953654188949,0.19149985569121547,0.975655874482854,0.9701259616140582
2026-06-28T16:00:58.286405+00:00,spambase,44,mlp,0,50,3630,40,10,921,2,57,57,,,,,0.1744,success,,0.6807817589576547,0.6455833999822269,0.6485280373831775,0.6287200007885068,0.7080087285365878,0.6255603426073562
2026-06-28T16:00:58.468361+00:00,spambase,44,mlp,0,100,3580,80,20,921,2,57,57,,,,,0.315,success,,0.8773072747014115,0.8746778636807963,0.8723213968056119,0.38709536780536646,0.9387027656822378,0.8938568266943464
2026-06-28T16:00:58.787334+00:00,spambase,44,mlp,0,250,3430,200,50,921,2,57,57,,,,,0.2668,success,,0.8675352877307275,0.8550608726561806,0.859442081561171,0.47997876824638136,0.9325661305133446,0.9055833465056322
2026-06-28T16:00:59.057983+00:00,spambase,44,mlp,0,500,3180,400,100,921,2,57,57,,,,,0.312,success,,0.8914223669923995,0.8747741343049261,0.8832983608551531,0.38505120285028716,0.9530841158407142,0.9267975557549418
2026-06-28T16:00:59.374159+00:00,spambase,44,mlp,1,50,3630,40,10,921,2,57,57,,,,,0.1544,success,,0.6948968512486428,0.7048861044462218,0.6916851817656555,0.6420754661766159,0.7539421586342409,0.6230927565541071
2026-06-28T16:00:59.535186+00:00,spambase,44,mlp,1,100,3580,80,20,921,2,57,57,,,,,0.1487,success,,0.6840390879478827,0.6988136496934151,0.6820962283689003,0.6467871516325687,0.7440090050060726,0.6204425027563142
2026-06-28T16:00:59.688095+00:00,spambase,44,mlp,1,250,3430,200,50,921,2,57,57,,,,,0.1988,success,,0.8089033659066233,0.7801993542462751,0.7898982776677486,0.5747471269919459,0.8522813669441235,0.8060936902949813
2026-06-28T16:00:59.890933+00:00,spambase,44,mlp,1,500,3180,400,100,921,2,57,57,,,,,0.3396,success,,0.9098805646036916,0.9001155247489558,0.9045318133622741,0.32965898816776823,0.9516820205969767,0.9241157061915074
2026-06-28T16:01:00.234786+00:00,spambase,44,mlp,2,50,3630,40,10,921,2,57,57,,,,,0.1545,success,,0.6764386536373507,0.5948265647679137,0.5618486590038314,0.5959135128824011,0.7491681230684164,0.709462165486633
2026-06-28T16:01:00.395213+00:00,spambase,44,mlp,2,100,3580,80,20,921,2,57,57,,,,,0.1475,success,,0.5939196525515744,0.49014336917562723,0.3726158038147139,0.7240276892337285,0.35356003831077143,0.30602381756434593
2026-06-28T16:01:00.547919+00:00,spambase,44,mlp,2,250,3430,200,50,921,2,57,57,,,,,0.2688,success,,0.8545059717698155,0.8366065345537487,0.8438113799736762,0.41571613453962813,0.924316478568678,0.8727029487465519
2026-06-28T16:01:00.820751+00:00,spambase,44,mlp,2,500,3180,400,100,921,2,57,57,,,,,0.2704,success,,0.8403908794788274,0.8201442578275423,0.8279132670765452,0.4540122431700101,0.9132478252712857,0.8608694563698389
2026-06-28T16:01:01.096377+00:00,spambase,44,label_spreading,0,50,3630,40,10,921,2,57,57,,,,,3.456,failed,ValueError: Predicted probabilities contain NaN or infinite values.,,,,,,
2026-06-28T16:01:04.559485+00:00,spambase,44,label_spreading,0,100,3580,80,20,921,2,57,57,,,,,0.5118,failed,ValueError: Predicted probabilities contain NaN or infinite values.,,,,,,
2026-06-28T16:01:05.081174+00:00,spambase,44,label_spreading,0,250,3430,200,50,921,2,57,57,,,,,0.6144,failed,ValueError: Predicted probabilities contain NaN or infinite values.,,,,,,
2026-06-28T16:01:05.703304+00:00,spambase,44,label_spreading,0,500,3180,400,100,921,2,57,57,,,,,0.5617,failed,ValueError: Predicted probabilities contain NaN or infinite values.,,,,,,
2026-06-28T16:01:06.274736+00:00,spambase,44,label_spreading,1,50,3630,40,10,921,2,57,57,,,,,0.5053,failed,ValueError: Predicted probabilities contain NaN or infinite values.,,,,,,
2026-06-28T16:01:06.793244+00:00,spambase,44,label_spreading,1,100,3580,80,20,921,2,57,57,,,,,0.5913,failed,ValueError: Predicted probabilities contain NaN or infinite values.,,,,,,
2026-06-28T16:01:07.393036+00:00,spambase,44,label_spreading,1,250,3430,200,50,921,2,57,57,,,,,0.582,failed,ValueError: Predicted probabilities contain NaN or infinite values.,,,,,,
2026-06-28T16:01:07.984182+00:00,spambase,44,label_spreading,1,500,3180,400,100,921,2,57,57,,,,,0.4956,failed,ValueError: Predicted probabilities contain NaN or infinite values.,,,,,,
2026-06-28T16:01:08.488910+00:00,spambase,44,label_spreading,2,50,3630,40,10,921,2,57,57,,,,,0.5203,failed,ValueError: Predicted probabilities contain NaN or infinite values.,,,,,,
2026-06-28T16:01:09.017877+00:00,spambase,44,label_spreading,2,100,3580,80,20,921,2,57,57,,,,,0.7524,failed,ValueError: Predicted probabilities contain NaN or infinite values.,,,,,,
2026-06-28T16:01:09.779879+00:00,spambase,44,label_spreading,2,250,3430,200,50,921,2,57,57,,,,,0.6189,failed,ValueError: Predicted probabilities contain NaN or infinite values.,,,,,,
2026-06-28T16:01:10.408273+00:00,spambase,44,label_spreading,2,500,3180,400,100,921,2,57,57,,,,,0.4539,failed,ValueError: Predicted probabilities contain NaN or infinite values.,,,,,,
2026-06-28T16:01:10.878538+00:00,spambase,44,label_propagation,0,50,3630,40,10,921,2,57,57,,,,,0.603,failed,ValueError: Predicted probabilities contain NaN or infinite values.,,,,,,
2026-06-28T16:01:11.490884+00:00,spambase,44,label_propagation,0,100,3580,80,20,921,2,57,57,,,,,0.5393,failed,ValueError: Predicted probabilities contain NaN or infinite values.,,,,,,
2026-06-28T16:01:12.038984+00:00,spambase,44,label_propagation,0,250,3430,200,50,921,2,57,57,,,,,0.5822,failed,ValueError: Predicted probabilities contain NaN or infinite values.,,,,,,
2026-06-28T16:01:12.629269+00:00,spambase,44,label_propagation,0,500,3180,400,100,921,2,57,57,,,,,0.7629,failed,ValueError: Predicted probabilities contain NaN or infinite values.,,,,,,
2026-06-28T16:01:13.400218+00:00,spambase,44,label_propagation,1,50,3630,40,10,921,2,57,57,,,,,0.6113,failed,ValueError: Predicted probabilities contain NaN or infinite values.,,,,,,
2026-06-28T16:01:14.021491+00:00,spambase,44,label_propagation,1,100,3580,80,20,921,2,57,57,,,,,0.7148,failed,ValueError: Predicted probabilities contain NaN or infinite values.,,,,,,
2026-06-28T16:01:14.746177+00:00,spambase,44,label_propagation,1,250,3430,200,50,921,2,57,57,,,,,0.766,failed,ValueError: Predicted probabilities contain NaN or infinite values.,,,,,,
2026-06-28T16:01:15.521557+00:00,spambase,44,label_propagation,1,500,3180,400,100,921,2,57,57,,,,,0.5804,failed,ValueError: Predicted probabilities contain NaN or infinite values.,,,,,,
2026-06-28T16:01:16.112526+00:00,spambase,44,label_propagation,2,50,3630,40,10,921,2,57,57,,,,,0.6296,failed,ValueError: Predicted probabilities contain NaN or infinite values.,,,,,,
2026-06-28T16:01:16.751425+00:00,spambase,44,label_propagation,2,100,3580,80,20,921,2,57,57,,,,,0.6353,failed,ValueError: Predicted probabilities contain NaN or infinite values.,,,,,,
2026-06-28T16:01:17.394293+00:00,spambase,44,label_propagation,2,250,3430,200,50,921,2,57,57,,,,,0.5665,failed,ValueError: Predicted probabilities contain NaN or infinite values.,,,,,,
2026-06-28T16:01:17.970628+00:00,spambase,44,label_propagation,2,500,3180,400,100,921,2,57,57,,,,,0.6818,failed,ValueError: Predicted probabilities contain NaN or infinite values.,,,,,,
2026-06-28T16:01:18.661894+00:00,spambase,44,self_training_lr,0,50,3630,40,10,921,2,57,57,3485.0,,8,,0.3771,success,,0.8892508143322475,0.8888666725910128,0.8851025420246179,0.8294394736943047,0.9365107576251273,0.8717469417487348
2026-06-28T16:01:19.048587+00:00,spambase,44,self_training_lr,0,100,3580,80,20,921,2,57,57,3444.0,,8,,0.3509,success,,0.9001085776330076,0.9036034835155069,0.8969598209942602,0.7676959129198501,0.9458070440475133,0.8866791561957188
2026-06-28T16:01:19.404287+00:00,spambase,44,self_training_lr,0,250,3430,200,50,921,2,57,57,3256.0,,7,,0.3752,success,,0.9022801302931596,0.9044328919695488,0.8989580082696208,0.6988798561484271,0.9459082516267266,0.8900461125848182
2026-06-28T16:01:19.785183+00:00,spambase,44,self_training_lr,0,500,3180,400,100,921,2,57,57,2933.0,,8,,0.4536,success,,0.9044516829533116,0.9023741816996949,0.9004343894960296,0.6547690014386761,0.9412601084155336,0.8720107170221653
2026-06-28T16:01:20.246281+00:00,spambase,44,self_training_lr,1,50,3630,40,10,921,2,57,57,3484.0,,10,,0.4482,success,,0.8447339847991314,0.8141014248052372,0.8273827389292207,1.0559951646451737,0.9263751888385319,0.8833865557003817
2026-06-28T16:01:20.700393+00:00,spambase,44,self_training_lr,1,100,3580,80,20,921,2,57,57,3438.0,,10,,0.3965,success,,0.8838219326818675,0.8718712047157795,0.8766554395292863,0.8552907966373899,0.935175311275018,0.8823468516101203
2026-06-28T16:01:21.100733+00:00,spambase,44,self_training_lr,1,250,3430,200,50,921,2,57,57,3245.0,,7,,0.3308,success,,0.8805646036916395,0.8658135608282236,0.8723978275764782,0.5874861362604284,0.940605961866959,0.9093072264461559
2026-06-28T16:01:21.438132+00:00,spambase,44,self_training_lr,1,500,3180,400,100,921,2,57,57,2983.0,,6,,0.2744,success,,0.8935939196525515,0.88811872389585,0.8884921772304529,0.49331868110605165,0.9533704592355619,0.918739166972873
2026-06-28T16:01:21.718755+00:00,spambase,44,self_training_lr,2,50,3630,40,10,921,2,57,57,3522.0,,9,,0.4044,success,,0.7643865363735071,0.714098462632187,0.7224505157087368,1.7825502906995738,0.8737867432882096,0.7863126020154159
2026-06-28T16:01:22.128900+00:00,spambase,44,self_training_lr,2,100,3580,80,20,921,2,57,57,3430.0,,10,,0.5155,success,,0.8686210640608035,0.865583992416837,0.8632822036591066,0.855392334757677,0.9302161398935592,0.8504805007276653
2026-06-28T16:01:22.650117+00:00,spambase,44,self_training_lr,2,250,3430,200,50,921,2,57,57,3299.0,,9,,0.647,success,,0.8859934853420195,0.8741446725317693,0.8789609453324772,0.7794301984447455,0.9275995536992604,0.8645348538575264
2026-06-28T16:01:23.303796+00:00,spambase,44,self_training_lr,2,500,3180,400,100,921,2,57,57,2998.0,,10,,0.5505,success,,0.9022801302931596,0.8991380076424065,0.897984049623394,0.554753198201137,0.9489247311827957,0.8814839617922471
2026-06-28T16:01:23.858524+00:00,spambase,44,self_training_xgboost,0,50,3630,40,10,921,2,57,57,3598.0,,9,,33.0251,success,,0.8241042345276873,0.8110355756983323,0.8139663049116227,1.1435425281524658,0.898387590469702,0.8712394429572322
2026-06-28T16:01:56.893878+00:00,spambase,44,self_training_xgboost,0,100,3580,80,20,921,2,57,57,3553.0,,10,,25.4083,success,,0.8577633007600435,0.8633623626292248,0.8541990682835754,0.8416834473609924,0.9392976687698095,0.9211402599982582
2026-06-28T16:02:22.309091+00:00,spambase,44,self_training_xgboost,0,250,3430,200,50,921,2,57,57,3394.0,,10,,29.4523,success,,0.9077090119435396,0.8988047631742646,0.9024419119067351,0.44259974360466003,0.9549157261767233,0.9421260059960979
2026-06-28T16:02:51.776492+00:00,spambase,44,self_training_xgboost,0,500,3180,400,100,921,2,57,57,3132.0,,10,,33.1862,success,,0.9337676438653637,0.9246423176041945,0.9297597897582144,0.3147723376750946,0.9684182983303219,0.9613051237241454
2026-06-28T16:03:24.989143+00:00,spambase,44,self_training_xgboost,1,50,3630,40,10,921,2,57,57,3579.0,,10,,27.4763,success,,0.8219326818675353,0.7991350454693563,0.8071489857204143,1.2844452857971191,0.8930853007099342,0.8674251232961507
2026-06-28T16:03:52.472219+00:00,spambase,44,self_training_xgboost,1,100,3580,80,20,921,2,57,57,3539.0,,10,,27.6525,success,,0.8827361563517915,0.8714565004887586,0.8757085020242915,0.7105664610862732,0.9355579252939956,0.9236038116245884
2026-06-28T16:04:20.134914+00:00,spambase,44,self_training_xgboost,1,250,3430,200,50,921,2,57,57,3408.0,,10,,27.8332,success,,0.9055374592833876,0.8950872359963269,0.8998213394912238,0.5321943759918213,0.9538295960583351,0.941409488471697
2026-06-28T16:04:47.991550+00:00,spambase,44,self_training_xgboost,1,500,3180,400,100,921,2,57,57,3158.0,,10,,29.6943,success,,0.9229098805646037,0.9180885097307385,0.9190946759691726,0.346867173910141,0.9646365907362974,0.9519432611346814
2026-06-28T16:05:17.697054+00:00,spambase,44,self_training_xgboost,2,50,3630,40,10,921,2,57,57,3604.0,,8,,19.4613,success,,0.8251900108577633,0.7946029207026275,0.8062438504266971,1.2103956937789917,0.905425219941349,0.8835858672233112
2026-06-28T16:05:37.165957+00:00,spambase,44,self_training_xgboost,2,100,3580,80,20,921,2,57,57,3560.0,,10,,24.9225,success,,0.8599348534201955,0.8454189993779436,0.85079063669142,0.9413381218910217,0.9256840151268304,0.9126394557730022
2026-06-28T16:06:02.095443+00:00,spambase,44,self_training_xgboost,2,250,3430,200,50,921,2,57,57,3401.0,,10,,27.7701,success,,0.9283387622149837,0.9163112059006487,0.923528079710145,0.3484667241573334,0.9733898120994895,0.9676188783019942
2026-06-28T16:06:29.876371+00:00,spambase,44,self_training_xgboost,2,500,3180,400,100,921,2,57,57,3119.0,,9,,25.7216,success,,0.9315960912052117,0.9209247904262567,0.9272133121750202,0.29049813747406006,0.9753596571778389,0.9705990025586642
2026-06-28T16:06:55.608333+00:00,spambase,44,self_training_lightgbm,0,50,3630,40,10,921,2,57,57,3628.0,,10,,40.4421,success,,0.8338762214983714,0.8186187387067152,0.8232323295679063,2.0296938562932825,0.9035812672176309,0.8818019834657078
2026-06-28T16:07:36.062370+00:00,spambase,44,self_training_lightgbm,0,100,3580,80,20,921,2,57,57,3578.0,,6,,32.1044,success,,0.8273615635179153,0.8310524600847182,0.822911388578166,2.102295245966938,0.9139686207134887,0.8913124881395494
2026-06-28T16:08:08.173868+00:00,spambase,44,self_training_lightgbm,0,250,3430,200,50,921,2,57,57,3421.0,,7,,34.9631,success,,0.9022801302931596,0.895287182677212,0.8971863619675124,0.8916272415361015,0.9582333599928908,0.9449912973443486
2026-06-28T16:08:43.154464+00:00,spambase,44,self_training_lightgbm,0,500,3180,400,100,921,2,57,57,3174.0,,6,,34.9964,success,,0.9283387622149837,0.9206433839864925,0.9242893014079454,0.5938179002649692,0.9725110340946118,0.9632568142279941
2026-06-28T16:09:18.159094+00:00,spambase,44,self_training_lightgbm,1,50,3630,40,10,921,2,57,57,3629.0,,6,,24.1693,success,,0.8382193268186754,0.8183521431322018,0.8257907264591069,2.1788571572039137,0.907022324910888,0.8859946689001704
2026-06-28T16:09:42.346621+00:00,spambase,44,self_training_lightgbm,1,100,3580,80,20,921,2,57,57,3577.0,,6,,27.6763,success,,0.8414766558089034,0.8272979057436536,0.8316042839681808,1.9508292272848216,0.9079307246462671,0.8801867969896513
2026-06-28T16:10:10.035341+00:00,spambase,44,self_training_lightgbm,1,250,3430,200,50,921,2,57,57,3424.0,,5,,26.0824,success,,0.9055374592833876,0.8950872359963269,0.8998213394912238,1.0699944274154713,0.9532964049093082,0.9442274918890369
2026-06-28T16:10:36.124652+00:00,spambase,44,self_training_lightgbm,1,500,3180,400,100,921,2,57,57,3172.0,,7,,35.5215,success,,0.9391965255157437,0.9315293699457923,0.9356920560188325,0.6818431590516182,0.9673519160322679,0.9506251224250367
2026-06-28T16:11:11.652826+00:00,spambase,44,self_training_lightgbm,2,50,3630,40,10,921,2,57,57,3622.0,,7,,28.5738,success,,0.7839305103148752,0.7321529073728487,0.7428807113186133,2.9959360736248284,0.9043242789577101,0.8848759975650459
2026-06-28T16:11:40.234383+00:00,spambase,44,self_training_lightgbm,2,100,3580,80,20,921,2,57,57,3570.0,,6,,27.1845,success,,0.8295331161780674,0.8212920998844753,0.8214466088352421,2.171868296659722,0.9128652112523081,0.8936532936054381
2026-06-28T16:12:07.425956+00:00,spambase,44,self_training_lightgbm,2,250,3430,200,50,921,2,57,57,3428.0,,6,,28.4505,success,,0.9261672095548317,0.9169258568085548,0.9217423901634428,0.7804827319223255,0.968699704770086,0.9629019677843625
2026-06-28T16:12:35.883674+00:00,spambase,44,self_training_lightgbm,2,500,3180,400,100,921,2,57,57,3177.0,,6,,30.5306,success,,0.9272529858849077,0.9187846203975236,0.9230187690637923,0.7411616078669233,0.9702795303968325,0.9659607014042733
2026-06-28T16:13:06.428577+00:00,spambase,44,self_training_catboost,0,50,3630,40,10,921,2,57,57,3574.0,,9,,57.3868,success,,0.8555917480998915,0.8485737136763529,0.8487413947457785,0.7649176883310307,0.9261678367250215,0.9083701713281749
2026-06-28T16:14:03.822724+00:00,spambase,44,self_training_catboost,0,100,3580,80,20,921,2,57,57,3572.0,,7,,48.4876,success,,0.7709011943539631,0.7950472466601499,0.7702239811005971,1.3844638380101721,0.9171233350118981,0.8903715154326374
2026-06-28T16:14:52.319137+00:00,spambase,44,self_training_catboost,0,250,3430,200,50,921,2,57,57,3336.0,,7,,45.4209,success,,0.9250814332247557,0.9179552119434817,0.9209728144691043,0.292748648429848,0.9699290065858981,0.959788836027346
2026-06-28T16:15:37.747823+00:00,spambase,44,self_training_catboost,0,500,3180,400,100,921,2,57,57,3104.0,,9,,49.5646,success,,0.9391965255157437,0.9320107230664415,0.9357606193764385,0.2546150124138724,0.9754386484591764,0.9676505131822581
2026-06-28T16:16:27.320048+00:00,spambase,44,self_training_catboost,1,50,3630,40,10,921,2,57,57,3597.0,,10,,53.4629,success,,0.8447339847991314,0.8193963091323795,0.83013538559163,0.906685276348631,0.9208606100101702,0.8960361785177416
2026-06-28T16:17:20.793500+00:00,spambase,44,self_training_catboost,1,100,3580,80,20,921,2,57,57,3551.0,,10,,55.5446,success,,0.8946796959826275,0.88227583755443,0.8879316076345549,0.5463401701926034,0.9469771024023224,0.9343662320840476
2026-06-28T16:18:16.345436+00:00,spambase,44,self_training_catboost,1,250,3430,200,50,921,2,57,57,3378.0,,10,,58.1888,success,,0.9109663409337676,0.8995675227346782,0.9053153397123428,0.42026712371862307,0.9609141266032761,0.9400115071214283
2026-06-28T16:19:14.544154+00:00,spambase,44,self_training_catboost,1,500,3180,400,100,921,2,57,57,3114.0,,8,,48.9462,success,,0.9381107491856677,0.9287079001155247,0.9342930846090591,0.27052097952450077,0.9710694432102057,0.9552071224579982
2026-06-28T16:20:03.498981+00:00,spambase,44,self_training_catboost,2,50,3630,40,10,921,2,57,57,3582.0,,9,,53.2433,success,,0.8414766558089034,0.8037116028318374,0.8195571658615137,0.9249048197797424,0.944143290184346,0.9281664405864926
2026-06-28T16:20:56.751400+00:00,spambase,44,self_training_catboost,2,100,3580,80,20,921,2,57,57,3557.0,,9,,51.3138,success,,0.8479913137893594,0.8394131935187654,0.8403891859774213,0.771938702922365,0.9302062659833921,0.9197893775692861
2026-06-28T16:21:48.073990+00:00,spambase,44,self_training_catboost,2,250,3430,200,50,921,2,57,57,3370.0,,10,,57.6521,success,,0.9326818675352877,0.923264907135875,0.9285689266950212,0.2772248162415242,0.9753448463125883,0.9710881182917623
2026-06-28T16:22:45.738078+00:00,spambase,44,self_training_catboost,2,500,3180,400,100,921,2,57,57,3121.0,,10,,58.4111,success,,0.9261672095548317,0.9212580348943985,0.9224747474747474,0.2634376308819664,0.974401887891624,0.9689146865789829
2026-06-28T16:23:44.158453+00:00,spambase,44,rpl_lr,0,50,3630,40,10,921,2,57,57,,,,,0.2577,success,,0.8903365906623235,0.8936135549038775,0.8869239437373047,0.6967453826788828,0.9433829991014743,0.8775781599238954
2026-06-28T16:23:44.422355+00:00,spambase,44,rpl_lr,0,100,3580,80,20,921,2,57,57,,,,,0.2319,success,,0.9087947882736156,0.912216001658817,0.9058456415698721,0.6559062437483466,0.9492777234712718,0.8895950703186503
2026-06-28T16:23:44.659761+00:00,spambase,44,rpl_lr,0,250,3430,200,50,921,2,57,57,,,,,0.2388,success,,0.8979370249728555,0.8984418969756214,0.8942041666259324,0.6425374351211995,0.9448443378062148,0.8885258256526586
2026-06-28T16:23:44.904264+00:00,spambase,44,rpl_lr,0,500,3180,400,100,921,2,57,57,,,,,0.27,success,,0.9011943539630836,0.8982419502947363,0.8968983770391574,0.5929505768323158,0.9409293324249336,0.875370964273208
2026-06-28T16:23:45.180536+00:00,spambase,44,rpl_lr,1,50,3630,40,10,921,2,57,57,,,,,0.2481,success,,0.8403908794788274,0.805703664208063,0.8202931599982479,0.9651164408643357,0.9280488166118664,0.8867648800674021
2026-06-28T16:23:45.434732+00:00,spambase,44,rpl_lr,1,100,3580,80,20,921,2,57,57,,,,,0.2372,success,,0.8914223669923995,0.8800690186320685,0.8847885914435827,0.716201683185159,0.936984705313151,0.88563173272317
2026-06-28T16:23:45.677000+00:00,spambase,44,rpl_lr,1,250,3430,200,50,921,2,57,57,,,,,0.2722,success,,0.8794788273615635,0.8639547972392547,0.8710092171422443,0.5442525556885207,0.9395321741362798,0.9038193599572913
2026-06-28T16:23:45.955242+00:00,spambase,44,rpl_lr,1,500,3180,400,100,921,2,57,57,,,,,0.3371,success,,0.8903365906623235,0.8868746112147872,0.8855685283621417,0.470276252794553,0.9526669431361513,0.913295920690657
2026-06-28T16:23:46.299349+00:00,spambase,44,rpl_lr,2,50,3630,40,10,921,2,57,57,,,,,0.3274,success,,0.757871878393051,0.7058339998222696,0.7130500387707912,1.6232704548640415,0.8704172714436644,0.7891252293191977
2026-06-28T16:23:46.632674+00:00,spambase,44,rpl_lr,2,100,3580,80,20,921,2,57,57,,,,,0.233,success,,0.8729641693811075,0.8710936342901152,0.8680349320378125,0.7547812038428452,0.9330746368869537,0.8584061455143488
2026-06-28T16:23:46.870863+00:00,spambase,44,rpl_lr,2,250,3430,200,50,921,2,57,57,,,,,0.2793,success,,0.8827361563517915,0.8695310880061613,0.8751518742029742,0.702153281156123,0.9283845295575501,0.86904622272131
2026-06-28T16:23:47.155374+00:00,spambase,44,rpl_lr,2,500,3180,400,100,921,2,57,57,,,,,0.3768,success,,0.9055374592833876,0.9023075328060666,0.9013385606686524,0.49344286816810484,0.9517511379681468,0.8865710410736992
2026-06-28T16:23:47.538983+00:00,spambase,44,rpl_lite_xgboost,0,50,3630,40,10,921,2,57,57,3603.0,18.0,5.0,"{0: 2037, 1: 1566}",8.8227,success,,0.8013029315960912,0.7965505494831009,0.793771909968003,1.3088792562484741,0.8869585394512081,0.8532301687307959
2026-06-28T16:23:56.371246+00:00,spambase,44,rpl_lite_xgboost,0,100,3580,80,20,921,2,57,57,3555.0,12.0,5.0,"{0: 1919, 1: 1636}",8.1181,success,,0.8534201954397395,0.8607408394798424,0.850152757774979,0.8672093152999878,0.9404060151860738,0.9230757000762752
2026-06-28T16:24:04.503147+00:00,spambase,44,rpl_lite_xgboost,0,250,3430,200,50,921,2,57,57,3377.0,1.0,5.0,"{0: 2063, 1: 1314}",9.7706,success,,0.9120521172638436,0.9038330519268936,0.90713148437004,0.41998159885406494,0.9578359351086623,0.9483541795265332
2026-06-28T16:24:14.284243+00:00,spambase,44,rpl_lite_xgboost,0,500,3180,400,100,921,2,57,57,3125.0,13.0,5.0,"{0: 1955, 1: 1170}",10.8956,success,,0.9348534201954397,0.9269824343138127,0.9310986314487492,0.30470049381256104,0.9697167175173041,0.9635981775037287
2026-06-28T16:24:25.188996+00:00,spambase,44,rpl_lite_xgboost,1,50,3630,40,10,921,2,57,57,3603.0,14.0,5.0,"{0: 2258, 1: 1345}",8.4637,success,,0.8110749185667753,0.7969134156817441,0.7999705424189167,1.32915461063385,0.8885235542127038,0.8639083892771003
2026-06-28T16:24:33.666721+00:00,spambase,44,rpl_lite_xgboost,1,100,3580,80,20,921,2,57,57,3518.0,14.0,5.0,"{0: 2176, 1: 1342}",8.6691,success,,0.8827361563517915,0.8748259723333037,0.876623634361015,0.6812756061553955,0.9390878481787571,0.9308437799527614
2026-06-28T16:24:42.345077+00:00,spambase,44,rpl_lite_xgboost,1,250,3430,200,50,921,2,57,57,3388.0,16.0,5.0,"{0: 2091, 1: 1297}",8.4974,success,,0.8914223669923995,0.8839198435972629,0.8857626244083472,0.5829418897628784,0.9500528254193943,0.9357655685369185
2026-06-28T16:24:50.853240+00:00,spambase,44,rpl_lite_xgboost,1,500,3180,400,100,921,2,57,57,3139.0,13.0,5.0,"{0: 1911, 1: 1228}",10.6139,success,,0.9261672095548317,0.9202953286530999,0.922318584597676,0.3331741392612457,0.9656684143487664,0.9523217568425879
2026-06-28T16:25:01.476090+00:00,spambase,44,rpl_lite_xgboost,2,50,3630,40,10,921,2,57,57,3565.0,20.0,5.0,"{0: 2462, 1: 1103}",7.9509,success,,0.8338762214983714,0.8065849106904825,0.8174855744011191,1.1482157707214355,0.9084318255872508,0.883597804365069
2026-06-28T16:25:09.437147+00:00,spambase,44,rpl_lite_xgboost,2,100,3580,80,20,921,2,57,57,3542.0,10.0,5.0,"{0: 2150, 1: 1392}",8.1664,success,,0.8479913137893594,0.8350810154329216,0.8388813915129705,0.9537438750267029,0.9242276133771735,0.9116289492450598
2026-06-28T16:25:17.616925+00:00,spambase,44,rpl_lite_xgboost,2,250,3430,200,50,921,2,57,57,3380.0,13.0,5.0,"{0: 2062, 1: 1318}",9.87,success,,0.9305103148751357,0.9233982049231316,0.9266610262280397,0.3116679787635803,0.9752757289414181,0.9692937379860128
2026-06-28T16:25:27.498977+00:00,spambase,44,rpl_lite_xgboost,2,500,3180,400,100,921,2,57,57,3115.0,7.0,5.0,"{0: 1904, 1: 1211}",9.2702,success,,0.9359391965255157,0.9259530791788857,0.9319115610883826,0.2798013985157013,0.976282867778469,0.9710597877186077
2026-06-28T16:25:39.781106+00:00,letter,6,logistic_regression,0,50,,,,,26,16,,,,,,0.0904,failed,SplitError: Could not stratify labeled validation split for n_labeled=50 and n_classes=26.,,,,,,
2026-06-28T16:25:39.880353+00:00,letter,6,logistic_regression,0,100,,,,,26,16,,,,,,0.1544,failed,SplitError: Could not stratify labeled validation split for n_labeled=100 and n_classes=26.,,,,,,
2026-06-28T16:25:40.044853+00:00,letter,6,logistic_regression,0,250,15750,200,50,4000,26,16,16,,,,,0.5514,success,,0.57675,0.5747955851869415,0.5741993868841038,1.504543837537896,0.9405019401293713,
2026-06-28T16:25:40.611534+00:00,letter,6,logistic_regression,0,500,15500,400,100,4000,26,16,16,,,,,0.4161,success,,0.6525,0.6503214960783998,0.6465348282045027,1.2792344614350306,0.9570763680240765,
2026-06-28T16:25:41.034850+00:00,letter,6,logistic_regression,1,50,,,,,26,16,,,,,,0.0831,failed,SplitError: Could not stratify labeled validation split for n_labeled=50 and n_classes=26.,,,,,,
2026-06-28T16:25:41.123620+00:00,letter,6,logistic_regression,1,100,,,,,26,16,,,,,,0.1126,failed,SplitError: Could not stratify labeled validation split for n_labeled=100 and n_classes=26.,,,,,,
2026-06-28T16:25:41.243898+00:00,letter,6,logistic_regression,1,250,15750,200,50,4000,26,16,16,,,,,0.4224,success,,0.586,0.584351768253472,0.5836066237003805,1.609425506102298,0.9304237369126149,
2026-06-28T16:25:41.674769+00:00,letter,6,logistic_regression,1,500,15500,400,100,4000,26,16,16,,,,,0.3877,success,,0.6575,0.6561911300891973,0.6572412729754572,1.3264941798726355,0.9514813928340637,
2026-06-28T16:25:42.069008+00:00,letter,6,logistic_regression,2,50,,,,,26,16,,,,,,0.0845,failed,SplitError: Could not stratify labeled validation split for n_labeled=50 and n_classes=26.,,,,,,
2026-06-28T16:25:42.158506+00:00,letter,6,logistic_regression,2,100,,,,,26,16,,,,,,0.0889,failed,SplitError: Could not stratify labeled validation split for n_labeled=100 and n_classes=26.,,,,,,
2026-06-28T16:25:42.253564+00:00,letter,6,logistic_regression,2,250,15750,200,50,4000,26,16,16,,,,,0.3436,success,,0.59575,0.5933698826028216,0.5900211842844454,1.553016299584829,0.932104477741201,
2026-06-28T16:25:42.603265+00:00,letter,6,logistic_regression,2,500,15500,400,100,4000,26,16,16,,,,,0.3286,success,,0.6575,0.6563092858792535,0.6577403820657696,1.283738555722828,0.9563744043222481,
2026-06-28T16:25:42.938529+00:00,letter,6,random_forest,0,50,,,,,26,16,,,,,,0.0785,failed,SplitError: Could not stratify labeled validation split for n_labeled=50 and n_classes=26.,,,,,,
2026-06-28T16:25:43.022773+00:00,letter,6,random_forest,0,100,,,,,26,16,,,,,,0.0768,failed,SplitError: Could not stratify labeled validation split for n_labeled=100 and n_classes=26.,,,,,,
2026-06-28T16:25:43.105724+00:00,letter,6,random_forest,0,250,15750,200,50,4000,26,16,16,,,,,2.4989,success,,0.64525,0.6448872372865045,0.6461054153155138,1.738617117538046,0.9409658774252327,
2026-06-28T16:25:45.616626+00:00,letter,6,random_forest,0,500,15500,400,100,4000,26,16,16,,,,,2.1178,success,,0.733,0.7322970622168328,0.7336503326486465,1.4882957122763838,0.9612278649756928,
2026-06-28T16:25:47.748744+00:00,letter,6,random_forest,1,50,,,,,26,16,,,,,,0.0827,failed,SplitError: Could not stratify labeled validation split for n_labeled=50 and n_classes=26.,,,,,,
2026-06-28T16:25:47.837148+00:00,letter,6,random_forest,1,100,,,,,26,16,,,,,,0.079,failed,SplitError: Could not stratify labeled validation split for n_labeled=100 and n_classes=26.,,,,,,
2026-06-28T16:25:47.921426+00:00,letter,6,random_forest,1,250,15750,200,50,4000,26,16,16,,,,,1.9996,success,,0.59425,0.5930463353929155,0.5906631755185899,2.075013884193774,0.9243699223279983,
2026-06-28T16:25:49.934960+00:00,letter,6,random_forest,1,500,15500,400,100,4000,26,16,16,,,,,2.3043,success,,0.7115,0.7108188590402716,0.712760174630917,1.3966238446488288,0.9597833871773938,
2026-06-28T16:25:52.252524+00:00,letter,6,random_forest,2,50,,,,,26,16,,,,,,0.1081,failed,SplitError: Could not stratify labeled validation split for n_labeled=50 and n_classes=26.,,,,,,
2026-06-28T16:25:52.370717+00:00,letter,6,random_forest,2,100,,,,,26,16,,,,,,0.1035,failed,SplitError: Could not stratify labeled validation split for n_labeled=100 and n_classes=26.,,,,,,
2026-06-28T16:25:52.482951+00:00,letter,6,random_forest,2,250,15750,200,50,4000,26,16,16,,,,,2.6315,success,,0.62475,0.6227292238893879,0.6199531473793005,1.9362532154435639,0.9310140266929358,
2026-06-28T16:25:55.127498+00:00,letter,6,random_forest,2,500,15500,400,100,4000,26,16,16,,,,,2.5409,success,,0.7205,0.7198841729834803,0.7199728590315743,1.382544207842388,0.9650780737325179,
2026-06-28T16:25:57.681413+00:00,letter,6,xgboost,0,50,,,,,26,16,,,,,,0.0814,failed,SplitError: Could not stratify labeled validation split for n_labeled=50 and n_classes=26.,,,,,,
2026-06-28T16:25:57.768210+00:00,letter,6,xgboost,0,100,,,,,26,16,,,,,,0.0845,failed,SplitError: Could not stratify labeled validation split for n_labeled=100 and n_classes=26.,,,,,,
2026-06-28T16:25:57.858574+00:00,letter,6,xgboost,0,250,15750,200,50,4000,26,16,16,,,,,9.8415,success,,0.589,0.5888571738726989,0.5882869689495422,1.4718044996261597,0.9402498300294828,
2026-06-28T16:26:07.718758+00:00,letter,6,xgboost,0,500,15500,400,100,4000,26,16,16,,,,,10.9651,success,,0.72275,0.7219040634719603,0.722867246913019,1.0582152605056763,0.9671463450663466,
2026-06-28T16:26:18.706137+00:00,letter,6,xgboost,1,50,,,,,26,16,,,,,,0.0853,failed,SplitError: Could not stratify labeled validation split for n_labeled=50 and n_classes=26.,,,,,,
2026-06-28T16:26:18.799973+00:00,letter,6,xgboost,1,100,,,,,26,16,,,,,,0.0762,failed,SplitError: Could not stratify labeled validation split for n_labeled=100 and n_classes=26.,,,,,,
2026-06-28T16:26:18.882212+00:00,letter,6,xgboost,1,250,15750,200,50,4000,26,16,16,,,,,8.5213,success,,0.59075,0.5905854069183877,0.5918618847070353,1.5203344821929932,0.9332671819106418,
2026-06-28T16:26:27.421523+00:00,letter,6,xgboost,1,500,15500,400,100,4000,26,16,16,,,,,10.4147,success,,0.6935,0.693298882306371,0.693164495629853,1.1222858428955078,0.963150620380885,
2026-06-28T16:26:37.858299+00:00,letter,6,xgboost,2,50,,,,,26,16,,,,,,0.0855,failed,SplitError: Could not stratify labeled validation split for n_labeled=50 and n_classes=26.,,,,,,
2026-06-28T16:26:37.950264+00:00,letter,6,xgboost,2,100,,,,,26,16,,,,,,0.0753,failed,SplitError: Could not stratify labeled validation split for n_labeled=100 and n_classes=26.,,,,,,
2026-06-28T16:26:38.032770+00:00,letter,6,xgboost,2,250,15750,200,50,4000,26,16,16,,,,,8.04,success,,0.60125,0.5998861806454429,0.5989301750933858,1.5300027132034302,0.9287590881053572,
2026-06-28T16:26:46.093132+00:00,letter,6,xgboost,2,500,15500,400,100,4000,26,16,16,,,,,11.6303,success,,0.69325,0.6925233109287251,0.6929271091442336,1.1075050830841064,0.9658532940690312,
2026-06-28T16:26:57.741721+00:00,letter,6,lightgbm,0,50,,,,,26,16,,,,,,0.0884,failed,SplitError: Could not stratify labeled validation split for n_labeled=50 and n_classes=26.,,,,,,
2026-06-28T16:26:57.835736+00:00,letter,6,lightgbm,0,100,,,,,26,16,,,,,,0.0777,failed,SplitError: Could not stratify labeled validation split for n_labeled=100 and n_classes=26.,,,,,,
2026-06-28T16:26:57.918848+00:00,letter,6,lightgbm,0,250,15750,200,50,4000,26,16,16,,,,,10.3948,success,,0.60425,0.6039720081507582,0.6053271635231541,1.9854521774310092,0.9397475143255681,
2026-06-28T16:27:08.355456+00:00,letter,6,lightgbm,0,500,15500,400,100,4000,26,16,16,,,,,12.0846,success,,0.72975,0.7289138531379482,0.7307299852305824,1.4211326292636277,0.9679139154682562,
2026-06-28T16:27:20.454712+00:00,letter,6,lightgbm,1,50,,,,,26,16,,,,,,0.0801,failed,SplitError: Could not stratify labeled validation split for n_labeled=50 and n_classes=26.,,,,,,
2026-06-28T16:27:20.543390+00:00,letter,6,lightgbm,1,100,,,,,26,16,,,,,,0.0795,failed,SplitError: Could not stratify labeled validation split for n_labeled=100 and n_classes=26.,,,,,,
2026-06-28T16:27:20.628738+00:00,letter,6,lightgbm,1,250,15750,200,50,4000,26,16,16,,,,,10.22,success,,0.59775,0.597603889335431,0.594946370262116,2.180772908126484,0.9297495452813749,
2026-06-28T16:27:30.864497+00:00,letter,6,lightgbm,1,500,15500,400,100,4000,26,16,16,,,,,25.7222,success,,0.71575,0.7155046777214876,0.7170777661555194,1.5732177166198669,0.9613972977702059,
2026-06-28T16:27:56.600919+00:00,letter,6,lightgbm,2,50,,,,,26,16,,,,,,0.0653,failed,SplitError: Could not stratify labeled validation split for n_labeled=50 and n_classes=26.,,,,,,
2026-06-28T16:27:56.671029+00:00,letter,6,lightgbm,2,100,,,,,26,16,,,,,,0.0738,failed,SplitError: Could not stratify labeled validation split for n_labeled=100 and n_classes=26.,,,,,,
2026-06-28T16:27:56.748898+00:00,letter,6,lightgbm,2,250,15750,200,50,4000,26,16,16,,,,,18.4809,success,,0.584,0.5828369093900562,0.5812814246931021,2.2037272498246683,0.929878103294241,
2026-06-28T16:28:15.243963+00:00,letter,6,lightgbm,2,500,15500,400,100,4000,26,16,16,,,,,23.9068,success,,0.69875,0.6980553794091346,0.6983852184545776,1.5558183982370855,0.9623764555463205,
2026-06-28T16:28:39.171716+00:00,letter,6,catboost,0,50,,,,,26,16,,,,,,0.0827,failed,SplitError: Could not stratify labeled validation split for n_labeled=50 and n_classes=26.,,,,,,
2026-06-28T16:28:39.267889+00:00,letter,6,catboost,0,100,,,,,26,16,,,,,,0.0771,failed,SplitError: Could not stratify labeled validation split for n_labeled=100 and n_classes=26.,,,,,,
2026-06-28T16:28:39.349238+00:00,letter,6,catboost,0,250,15750,200,50,4000,26,16,16,,,,,6.7969,success,,0.63225,0.6311665977851005,0.6318948129163329,1.4493467593719116,0.9547016145595152,
2026-06-28T16:28:46.152966+00:00,letter,6,catboost,0,500,15500,400,100,4000,26,16,16,,,,,7.9294,success,,0.73325,0.7324462623135481,0.7347076022773955,1.0934917999470066,0.9726887637278465,
2026-06-28T16:28:54.088013+00:00,letter,6,catboost,1,50,,,,,26,16,,,,,,0.0705,failed,SplitError: Could not stratify labeled validation split for n_labeled=50 and n_classes=26.,,,,,,
2026-06-28T16:28:54.164809+00:00,letter,6,catboost,1,100,,,,,26,16,,,,,,0.0745,failed,SplitError: Could not stratify labeled validation split for n_labeled=100 and n_classes=26.,,,,,,
2026-06-28T16:28:54.245078+00:00,letter,6,catboost,1,250,15750,200,50,4000,26,16,16,,,,,6.5861,success,,0.60975,0.6090774062483908,0.6111626898722321,1.5367656212525505,0.9418124442985285,
2026-06-28T16:29:00.837975+00:00,letter,6,catboost,1,500,15500,400,100,4000,26,16,16,,,,,9.4247,success,,0.70475,0.7042735847279524,0.7100687408596636,1.1695959071117115,0.966744195005364,
2026-06-28T16:29:10.275707+00:00,letter,6,catboost,2,50,,,,,26,16,,,,,,0.1231,failed,SplitError: Could not stratify labeled validation split for n_labeled=50 and n_classes=26.,,,,,,
2026-06-28T16:29:10.411075+00:00,letter,6,catboost,2,100,,,,,26,16,,,,,,0.1343,failed,SplitError: Could not stratify labeled validation split for n_labeled=100 and n_classes=26.,,,,,,
2026-06-28T16:29:10.560910+00:00,letter,6,catboost,2,250,15750,200,50,4000,26,16,16,,,,,13.1089,success,,0.62625,0.6241056705306656,0.6210765274203778,1.5113385488341233,0.9435766497950546,
2026-06-28T16:29:23.678729+00:00,letter,6,catboost,2,500,15500,400,100,4000,26,16,16,,,,,7.6617,success,,0.72325,0.7225069448557977,0.7235451024539302,1.1363058484386266,0.9715774273599025,
2026-06-28T16:29:31.353566+00:00,letter,6,mlp,0,50,,,,,26,16,,,,,,0.0647,failed,SplitError: Could not stratify labeled validation split for n_labeled=50 and n_classes=26.,,,,,,
2026-06-28T16:29:31.423203+00:00,letter,6,mlp,0,100,,,,,26,16,,,,,,0.0763,failed,SplitError: Could not stratify labeled validation split for n_labeled=100 and n_classes=26.,,,,,,
2026-06-28T16:29:31.503900+00:00,letter,6,mlp,0,250,15750,200,50,4000,26,16,16,,,,,0.356,success,,0.22575,0.22704725538571352,0.18024184977615698,3.0004641418961584,0.7541775946503644,
2026-06-28T16:29:31.865034+00:00,letter,6,mlp,0,500,15500,400,100,4000,26,16,16,,,,,0.6534,success,,0.53625,0.5351224526332963,0.5173409672003519,1.7465788489795677,0.9351352451188979,
2026-06-28T16:29:32.524901+00:00,letter,6,mlp,1,50,,,,,26,16,,,,,,0.0759,failed,SplitError: Could not stratify labeled validation split for n_labeled=50 and n_classes=26.,,,,,,
2026-06-28T16:29:32.605387+00:00,letter,6,mlp,1,100,,,,,26,16,,,,,,0.0763,failed,SplitError: Could not stratify labeled validation split for n_labeled=100 and n_classes=26.,,,,,,
2026-06-28T16:29:32.687316+00:00,letter,6,mlp,1,250,15750,200,50,4000,26,16,16,,,,,0.425,success,,0.2805,0.27966438753142475,0.23998464358200688,2.778341659509917,0.8116153111052833,
2026-06-28T16:29:33.117028+00:00,letter,6,mlp,1,500,15500,400,100,4000,26,16,16,,,,,0.6605,success,,0.4975,0.4967530277535417,0.4597855443014005,1.9682003029457404,0.9094274491225094,
2026-06-28T16:29:33.782749+00:00,letter,6,mlp,2,50,,,,,26,16,,,,,,0.0742,failed,SplitError: Could not stratify labeled validation split for n_labeled=50 and n_classes=26.,,,,,,
2026-06-28T16:29:33.867111+00:00,letter,6,mlp,2,100,,,,,26,16,,,,,,0.0809,failed,SplitError: Could not stratify labeled validation split for n_labeled=100 and n_classes=26.,,,,,,
2026-06-28T16:29:33.951509+00:00,letter,6,mlp,2,250,15750,200,50,4000,26,16,16,,,,,0.3288,success,,0.1575,0.1572327914597505,0.14210849010944385,2.970095279384521,0.7761526662928977,
2026-06-28T16:29:34.285620+00:00,letter,6,mlp,2,500,15500,400,100,4000,26,16,16,,,,,0.5232,success,,0.59475,0.5935509888299951,0.5931273152669404,1.4021115391531647,0.952302663138126,
2026-06-28T16:29:34.812024+00:00,letter,6,label_spreading,0,50,,,,,26,16,,,,,,0.0399,failed,SplitError: Could not stratify labeled validation split for n_labeled=50 and n_classes=26.,,,,,,
2026-06-28T16:29:34.854671+00:00,letter,6,label_spreading,0,100,,,,,26,16,,,,,,0.0669,failed,SplitError: Could not stratify labeled validation split for n_labeled=100 and n_classes=26.,,,,,,
2026-06-28T16:29:34.928608+00:00,letter,6,label_spreading,0,250,15750,200,50,4000,26,16,16,,,,,1.8919,failed,ValueError: Predicted probabilities contain NaN or infinite values.,,,,,,
2026-06-28T16:29:36.832538+00:00,letter,6,label_spreading,0,500,15500,400,100,4000,26,16,16,,,,,2.451,failed,ValueError: Predicted probabilities contain NaN or infinite values.,,,,,,
2026-06-28T16:29:39.292097+00:00,letter,6,label_spreading,1,50,,,,,26,16,,,,,,0.0857,failed,SplitError: Could not stratify labeled validation split for n_labeled=50 and n_classes=26.,,,,,,
2026-06-28T16:29:39.384337+00:00,letter,6,label_spreading,1,100,,,,,26,16,,,,,,0.0912,failed,SplitError: Could not stratify labeled validation split for n_labeled=100 and n_classes=26.,,,,,,
2026-06-28T16:29:39.481346+00:00,letter,6,label_spreading,1,250,15750,200,50,4000,26,16,16,,,,,2.7604,failed,ValueError: Predicted probabilities contain NaN or infinite values.,,,,,,
2026-06-28T16:29:42.251113+00:00,letter,6,label_spreading,1,500,15500,400,100,4000,26,16,16,,,,,2.4228,failed,ValueError: Predicted probabilities contain NaN or infinite values.,,,,,,
2026-06-28T16:29:44.681981+00:00,letter,6,label_spreading,2,50,,,,,26,16,,,,,,0.0848,failed,SplitError: Could not stratify labeled validation split for n_labeled=50 and n_classes=26.,,,,,,
2026-06-28T16:29:44.772783+00:00,letter,6,label_spreading,2,100,,,,,26,16,,,,,,0.0812,failed,SplitError: Could not stratify labeled validation split for n_labeled=100 and n_classes=26.,,,,,,
2026-06-28T16:29:44.859999+00:00,letter,6,label_spreading,2,250,15750,200,50,4000,26,16,16,,,,,2.1785,failed,ValueError: Predicted probabilities contain NaN or infinite values.,,,,,,
2026-06-28T16:29:47.046853+00:00,letter,6,label_spreading,2,500,15500,400,100,4000,26,16,16,,,,,2.2656,failed,ValueError: Predicted probabilities contain NaN or infinite values.,,,,,,
2026-06-28T16:29:49.319577+00:00,letter,6,label_propagation,0,50,,,,,26,16,,,,,,0.0777,failed,SplitError: Could not stratify labeled validation split for n_labeled=50 and n_classes=26.,,,,,,
2026-06-28T16:29:49.401429+00:00,letter,6,label_propagation,0,100,,,,,26,16,,,,,,0.1052,failed,SplitError: Could not stratify labeled validation split for n_labeled=100 and n_classes=26.,,,,,,
2026-06-28T16:29:49.510430+00:00,letter,6,label_propagation,0,250,15750,200,50,4000,26,16,16,,,,,3.8665,failed,ValueError: Predicted probabilities contain NaN or infinite values.,,,,,,
2026-06-28T16:29:53.386405+00:00,letter,6,label_propagation,0,500,15500,400,100,4000,26,16,16,,,,,3.8805,failed,ValueError: Predicted probabilities contain NaN or infinite values.,,,,,,
2026-06-28T16:29:57.274877+00:00,letter,6,label_propagation,1,50,,,,,26,16,,,,,,0.0799,failed,SplitError: Could not stratify labeled validation split for n_labeled=50 and n_classes=26.,,,,,,
2026-06-28T16:29:57.360723+00:00,letter,6,label_propagation,1,100,,,,,26,16,,,,,,0.0869,failed,SplitError: Could not stratify labeled validation split for n_labeled=100 and n_classes=26.,,,,,,
2026-06-28T16:29:57.451692+00:00,letter,6,label_propagation,1,250,15750,200,50,4000,26,16,16,,,,,3.5439,failed,ValueError: Predicted probabilities contain NaN or infinite values.,,,,,,
2026-06-28T16:30:01.003779+00:00,letter,6,label_propagation,1,500,15500,400,100,4000,26,16,16,,,,,3.8078,failed,ValueError: Predicted probabilities contain NaN or infinite values.,,,,,,
2026-06-28T16:30:04.819318+00:00,letter,6,label_propagation,2,50,,,,,26,16,,,,,,0.0758,failed,SplitError: Could not stratify labeled validation split for n_labeled=50 and n_classes=26.,,,,,,
2026-06-28T16:30:04.901678+00:00,letter,6,label_propagation,2,100,,,,,26,16,,,,,,0.0937,failed,SplitError: Could not stratify labeled validation split for n_labeled=100 and n_classes=26.,,,,,,
2026-06-28T16:30:05.000750+00:00,letter,6,label_propagation,2,250,15750,200,50,4000,26,16,16,,,,,3.8008,failed,ValueError: Predicted probabilities contain NaN or infinite values.,,,,,,
2026-06-28T16:30:08.810318+00:00,letter,6,label_propagation,2,500,15500,400,100,4000,26,16,16,,,,,3.7647,failed,ValueError: Predicted probabilities contain NaN or infinite values.,,,,,,
2026-06-28T16:30:12.582401+00:00,letter,6,self_training_lr,0,50,,,,,26,16,,,,,,0.0934,failed,SplitError: Could not stratify labeled validation split for n_labeled=50 and n_classes=26.,,,,,,
2026-06-28T16:30:12.687930+00:00,letter,6,self_training_lr,0,100,,,,,26,16,,,,,,0.1024,failed,SplitError: Could not stratify labeled validation split for n_labeled=100 and n_classes=26.,,,,,,
2026-06-28T16:30:12.796107+00:00,letter,6,self_training_lr,0,250,15750,200,50,4000,26,16,16,11450.0,,10,,4.653,success,,0.486,0.4838395552981665,0.4227509236346943,3.1219978620730053,0.9220142029484608,
2026-06-28T16:30:17.457078+00:00,letter,6,self_training_lr,0,500,15500,400,100,4000,26,16,16,10713.0,,10,,6.2613,success,,0.57875,0.5756402053940041,0.5362725003032541,2.0455663300766758,0.9462730103424525,
2026-06-28T16:30:23.722596+00:00,letter,6,self_training_lr,1,50,,,,,26,16,,,,,,0.0539,failed,SplitError: Could not stratify labeled validation split for n_labeled=50 and n_classes=26.,,,,,,
2026-06-28T16:30:23.780358+00:00,letter,6,self_training_lr,1,100,,,,,26,16,,,,,,0.1008,failed,SplitError: Could not stratify labeled validation split for n_labeled=100 and n_classes=26.,,,,,,
2026-06-28T16:30:23.886201+00:00,letter,6,self_training_lr,1,250,15750,200,50,4000,26,16,16,11823.0,,10,,5.5309,success,,0.52375,0.5215711437310856,0.4900870189653217,3.2828556988155424,0.9123019393467506,
2026-06-28T16:30:29.421569+00:00,letter,6,self_training_lr,1,500,15500,400,100,4000,26,16,16,10667.0,,10,,5.7989,success,,0.61725,0.6152843982568386,0.6015840723538803,2.092579779906426,0.9417658626163117,
2026-06-28T16:30:35.232568+00:00,letter,6,self_training_lr,2,50,,,,,26,16,,,,,,0.1062,failed,SplitError: Could not stratify labeled validation split for n_labeled=50 and n_classes=26.,,,,,,
2026-06-28T16:30:35.346253+00:00,letter,6,self_training_lr,2,100,,,,,26,16,,,,,,0.0825,failed,SplitError: Could not stratify labeled validation split for n_labeled=100 and n_classes=26.,,,,,,
2026-06-28T16:30:35.435716+00:00,letter,6,self_training_lr,2,250,15750,200,50,4000,26,16,16,12027.0,,10,,7.2836,success,,0.5485,0.5463271937819472,0.5092068876324704,3.0204989075331294,0.9204367084785436,
2026-06-28T16:30:42.727185+00:00,letter,6,self_training_lr,2,500,15500,400,100,4000,26,16,16,10782.0,,10,,5.6828,success,,0.59525,0.5927898127197596,0.5605906148143638,1.9989979713108377,0.9451564795447023,
2026-06-28T16:30:48.413603+00:00,letter,6,self_training_xgboost,0,50,,,,,26,16,,,,,,0.0658,failed,SplitError: Could not stratify labeled validation split for n_labeled=50 and n_classes=26.,,,,,,
2026-06-28T16:30:48.485424+00:00,letter,6,self_training_xgboost,0,100,,,,,26,16,,,,,,0.0651,failed,SplitError: Could not stratify labeled validation split for n_labeled=100 and n_classes=26.,,,,,,
2026-06-28T16:30:48.554455+00:00,letter,6,self_training_xgboost,0,250,15750,200,50,4000,26,16,16,14495.0,,10,,385.9785,success,,0.5915,0.5913580625650378,0.5966010203043676,3.0689451694488525,0.9183598082611132,
2026-06-28T16:37:14.603345+00:00,letter,6,self_training_xgboost,0,500,15500,400,100,4000,26,16,16,14313.0,,10,,249.969,success,,0.74525,0.7444943826192443,0.7475936851200925,1.7173293828964233,0.9606876740917957,
2026-06-28T16:41:24.634978+00:00,letter,6,self_training_xgboost,1,50,,,,,26,16,,,,,,0.0618,failed,SplitError: Could not stratify labeled validation split for n_labeled=50 and n_classes=26.,,,,,,
2026-06-28T16:41:24.702803+00:00,letter,6,self_training_xgboost,1,100,,,,,26,16,,,,,,0.0636,failed,SplitError: Could not stratify labeled validation split for n_labeled=100 and n_classes=26.,,,,,,
2026-06-28T16:41:24.770462+00:00,letter,6,self_training_xgboost,1,250,15750,200,50,4000,26,16,16,14699.0,,10,,367.7064,success,,0.60525,0.6052146561669386,0.6097600991207245,3.086031436920166,0.9201119924971933,
2026-06-28T16:47:32.542945+00:00,letter,6,self_training_xgboost,1,500,15500,400,100,4000,26,16,16,14268.0,,10,,452.5039,success,,0.70525,0.7049648651440901,0.707551107794414,2.065948009490967,0.9496450970141328,
2026-06-28T16:55:05.109611+00:00,letter,6,self_training_xgboost,2,50,,,,,26,16,,,,,,0.0892,failed,SplitError: Could not stratify labeled validation split for n_labeled=50 and n_classes=26.,,,,,,
2026-06-28T16:55:05.207487+00:00,letter,6,self_training_xgboost,2,100,,,,,26,16,,,,,,0.0684,failed,SplitError: Could not stratify labeled validation split for n_labeled=100 and n_classes=26.,,,,,,
2026-06-28T16:55:05.279469+00:00,letter,6,self_training_xgboost,2,250,15750,200,50,4000,26,16,16,14424.0,,10,,449.4303,success,,0.6125,0.6110577673535189,0.6128144150191372,3.037370443344116,0.9099693156700964,
2026-06-28T17:02:34.794408+00:00,letter,6,self_training_xgboost,2,500,15500,400,100,4000,26,16,16,14344.0,,10,,527.3509,success,,0.6945,0.693840925599743,0.7001759584163978,2.0493111610412598,0.9520598444033251,
2026-06-28T17:11:22.251920+00:00,letter,6,self_training_lightgbm,0,50,,,,,26,16,,,,,,0.0667,failed,SplitError: Could not stratify labeled validation split for n_labeled=50 and n_classes=26.,,,,,,
2026-06-28T17:11:22.325065+00:00,letter,6,self_training_lightgbm,0,100,,,,,26,16,,,,,,0.0755,failed,SplitError: Could not stratify labeled validation split for n_labeled=100 and n_classes=26.,,,,,,
2026-06-28T17:11:22.410015+00:00,letter,6,self_training_lightgbm,0,250,15750,200,50,4000,26,16,16,15673.0,,10,,756.7815,success,,0.616,0.6159153699821057,0.6184998203724155,5.682888279737172,0.9265874166870312,
2026-06-28T17:23:59.220175+00:00,letter,6,self_training_lightgbm,0,500,15500,400,100,4000,26,16,16,15404.0,,10,,722.0404,success,,0.7385,0.7373621892236184,0.7395982667048009,3.487661445575246,0.9578621550275362,
2026-06-28T17:36:01.250051+00:00,letter,6,self_training_lightgbm,1,50,,,,,26,16,,,,,,0.0714,failed,SplitError: Could not stratify labeled validation split for n_labeled=50 and n_classes=26.,,,,,,
2026-06-28T17:36:01.326380+00:00,letter,6,self_training_lightgbm,1,100,,,,,26,16,,,,,,0.0836,failed,SplitError: Could not stratify labeled validation split for n_labeled=100 and n_classes=26.,,,,,,
2026-06-28T17:36:01.419251+00:00,letter,6,self_training_lightgbm,1,250,15750,200,50,4000,26,16,16,15663.0,,10,,768.1386,success,,0.61925,0.6192476026467072,0.6189362785125235,5.8384622660901275,0.9192738511095206,
2026-06-28T17:48:49.561328+00:00,letter,6,self_training_lightgbm,1,500,15500,400,100,4000,26,16,16,15406.0,,10,,804.7856,success,,0.72275,0.7226635302489819,0.7252109898599964,3.9118884515115333,0.948308892486146,
2026-06-28T18:02:14.360604+00:00,letter,6,self_training_lightgbm,2,50,,,,,26,16,,,,,,0.0962,failed,SplitError: Could not stratify labeled validation split for n_labeled=50 and n_classes=26.,,,,,,
2026-06-28T18:02:14.461678+00:00,letter,6,self_training_lightgbm,2,100,,,,,26,16,,,,,,0.0886,failed,SplitError: Could not stratify labeled validation split for n_labeled=100 and n_classes=26.,,,,,,
2026-06-28T18:02:14.559818+00:00,letter,6,self_training_lightgbm,2,250,15750,200,50,4000,26,16,16,15658.0,,10,,802.2888,success,,0.60225,0.6011337105060036,0.6004647554440291,6.113874216699805,0.9118666838347494,
2026-06-28T18:15:36.844428+00:00,letter,6,self_training_lightgbm,2,500,15500,400,100,4000,26,16,16,15392.0,,10,,783.4947,success,,0.721,0.7203738013175531,0.7238688755360237,3.667419788896647,0.9552766351754781,
2026-06-28T18:28:40.339434+00:00,letter,6,self_training_catboost,0,50,,,,,26,16,,,,,,0.0555,failed,SplitError: Could not stratify labeled validation split for n_labeled=50 and n_classes=26.,,,,,,
2026-06-28T18:28:40.398532+00:00,letter,6,self_training_catboost,0,100,,,,,26,16,,,,,,0.0732,failed,SplitError: Could not stratify labeled validation split for n_labeled=100 and n_classes=26.,,,,,,
2026-06-28T18:28:40.476415+00:00,letter,6,self_training_catboost,0,250,15750,200,50,4000,26,16,16,13398.0,,10,,262.1933,success,,0.46975,0.468382885407204,0.43431995998599493,3.114974339325609,0.9115501787596059,
2026-06-28T18:33:02.678777+00:00,letter,6,self_training_catboost,0,500,15500,400,100,4000,26,16,16,12072.0,,10,,288.6067,success,,0.64525,0.6449340998185062,0.6368514789598798,1.6340963309049725,0.9554531427559522,
2026-06-28T18:37:51.294787+00:00,letter,6,self_training_catboost,1,50,,,,,26,16,,,,,,0.0902,failed,SplitError: Could not stratify labeled validation split for n_labeled=50 and n_classes=26.,,,,,,
2026-06-28T18:37:51.392492+00:00,letter,6,self_training_catboost,1,100,,,,,26,16,,,,,,0.0544,failed,SplitError: Could not stratify labeled validation split for n_labeled=100 and n_classes=26.,,,,,,
2026-06-28T18:37:51.450623+00:00,letter,6,self_training_catboost,1,250,15750,200,50,4000,26,16,16,13370.0,,10,,287.9429,success,,0.52075,0.5194839011303699,0.5049736232827209,2.845858162786215,0.9145518968616491,
2026-06-28T18:42:39.407222+00:00,letter,6,self_training_catboost,1,500,15500,400,100,4000,26,16,16,12163.0,,10,,300.6086,success,,0.62975,0.6287035295827365,0.6282845749634343,1.788619753113234,0.9447979146448848,
2026-06-28T18:47:40.023701+00:00,letter,6,self_training_catboost,2,50,,,,,26,16,,,,,,0.0727,failed,SplitError: Could not stratify labeled validation split for n_labeled=50 and n_classes=26.,,,,,,
2026-06-28T18:47:40.099995+00:00,letter,6,self_training_catboost,2,100,,,,,26,16,,,,,,0.0657,failed,SplitError: Could not stratify labeled validation split for n_labeled=100 and n_classes=26.,,,,,,
2026-06-28T18:47:40.170687+00:00,letter,6,self_training_catboost,2,250,15750,200,50,4000,26,16,16,13587.0,,10,,283.5803,success,,0.50425,0.5021692592553036,0.47750214639173716,3.0402913600449146,0.9069905514949224,
2026-06-28T18:52:23.770746+00:00,letter,6,self_training_catboost,2,500,15500,400,100,4000,26,16,16,11799.0,,10,,284.3553,success,,0.6345,0.6335624658196244,0.6268479025752642,1.6754382540690376,0.9514193426959121,
2026-06-28T18:57:08.134928+00:00,letter,6,rpl_lr,0,50,,,,,26,16,,,,,,0.0548,failed,SplitError: Could not stratify labeled validation split for n_labeled=50 and n_classes=26.,,,,,,
2026-06-28T18:57:08.195535+00:00,letter,6,rpl_lr,0,100,,,,,26,16,,,,,,0.0741,failed,SplitError: Could not stratify labeled validation split for n_labeled=100 and n_classes=26.,,,,,,
2026-06-28T18:57:08.274703+00:00,letter,6,rpl_lr,0,250,15750,200,50,4000,26,16,16,,,,,0.8066,success,,0.5255,0.5243942813711332,0.5017204083485465,1.7321804144918418,0.9349765496797822,
2026-06-28T18:57:09.085772+00:00,letter,6,rpl_lr,0,500,15500,400,100,4000,26,16,16,,,,,1.3642,success,,0.621,0.6186139490043925,0.6040895895671115,1.4217013780792955,0.9532985765819659,
2026-06-28T18:57:10.454806+00:00,letter,6,rpl_lr,1,50,,,,,26,16,,,,,,0.0552,failed,SplitError: Could not stratify labeled validation split for n_labeled=50 and n_classes=26.,,,,,,
2026-06-28T18:57:10.513271+00:00,letter,6,rpl_lr,1,100,,,,,26,16,,,,,,0.0634,failed,SplitError: Could not stratify labeled validation split for n_labeled=100 and n_classes=26.,,,,,,
2026-06-28T18:57:10.580686+00:00,letter,6,rpl_lr,1,250,15750,200,50,4000,26,16,16,,,,,0.7943,success,,0.5425,0.5415324666309345,0.5196317529008078,2.0473738443017635,0.9147116220490454,
2026-06-28T18:57:11.378846+00:00,letter,6,rpl_lr,1,500,15500,400,100,4000,26,16,16,,,,,1.7345,success,,0.63175,0.6301978386634812,0.6210809140456028,1.5128796036331078,0.947858411787577,
2026-06-28T18:57:13.121471+00:00,letter,6,rpl_lr,2,50,,,,,26,16,,,,,,0.0704,failed,SplitError: Could not stratify labeled validation split for n_labeled=50 and n_classes=26.,,,,,,
2026-06-28T18:57:13.196947+00:00,letter,6,rpl_lr,2,100,,,,,26,16,,,,,,0.1001,failed,SplitError: Could not stratify labeled validation split for n_labeled=100 and n_classes=26.,,,,,,
2026-06-28T18:57:13.305936+00:00,letter,6,rpl_lr,2,250,15750,200,50,4000,26,16,16,,,,,1.0893,success,,0.571,0.5687355692240537,0.554132337293196,1.8176938754155367,0.9275527583921332,
2026-06-28T18:57:14.400171+00:00,letter,6,rpl_lr,2,500,15500,400,100,4000,26,16,16,,,,,1.5965,success,,0.626,0.6245248847689274,0.6152383335153281,1.399390050381469,0.9535665818327232,
2026-06-28T18:57:16.001796+00:00,letter,6,rpl_lite_xgboost,0,50,,,,,26,16,,,,,,0.0662,failed,SplitError: Could not stratify labeled validation split for n_labeled=50 and n_classes=26.,,,,,,
2026-06-28T18:57:16.072906+00:00,letter,6,rpl_lite_xgboost,0,100,,,,,26,16,,,,,,0.0911,failed,SplitError: Could not stratify labeled validation split for n_labeled=100 and n_classes=26.,,,,,,
2026-06-28T18:57:16.167842+00:00,letter,6,rpl_lite_xgboost,0,250,15750,200,50,4000,26,16,16,13522.0,569.0,5.0,"{0: 534, 1: 722, 2: 509, 3: 490, 4: 232, 5: 368, 6: 303, 7: 770, 8: 524, 9: 441, 10: 528, 11: 431, 12: 517, 13: 429, 14: 567, 15: 545, 16: 648, 17: 448, 18: 595, 19: 464, 20: 519, 21: 666, 22: 680, 23: 649, 24: 277, 25: 666}",241.1184,success,,0.59275,0.5924602996584137,0.5965893385591445,2.9017910957336426,0.9148269437436926,
2026-06-28T19:01:17.379835+00:00,letter,6,rpl_lite_xgboost,0,500,15500,400,100,4000,26,16,16,13792.0,405.0,5.0,"{0: 574, 1: 633, 2: 515, 3: 847, 4: 558, 5: 534, 6: 395, 7: 292, 8: 495, 9: 403, 10: 557, 11: 456, 12: 635, 13: 548, 14: 567, 15: 438, 16: 634, 17: 536, 18: 354, 19: 596, 20: 631, 21: 483, 22: 674, 23: 485, 24: 419, 25: 533}",270.6792,success,,0.74275,0.7420220623734879,0.7447513539272997,1.6557695865631104,0.9614250188949831,
2026-06-28T19:05:48.122855+00:00,letter,6,rpl_lite_xgboost,1,50,,,,,26,16,,,,,,0.0625,failed,SplitError: Could not stratify labeled validation split for n_labeled=50 and n_classes=26.,,,,,,
2026-06-28T19:05:48.189891+00:00,letter,6,rpl_lite_xgboost,1,100,,,,,26,16,,,,,,0.0599,failed,SplitError: Could not stratify labeled validation split for n_labeled=100 and n_classes=26.,,,,,,
2026-06-28T19:05:48.254801+00:00,letter,6,rpl_lite_xgboost,1,250,15750,200,50,4000,26,16,16,13778.0,683.0,5.0,"{0: 554, 1: 569, 2: 626, 3: 1000, 4: 534, 5: 765, 6: 551, 7: 333, 8: 586, 9: 333, 10: 426, 11: 507, 12: 720, 13: 340, 14: 854, 15: 345, 16: 357, 17: 514, 18: 239, 19: 387, 20: 474, 21: 605, 22: 678, 23: 488, 24: 666, 25: 327}",247.7391,success,,0.60225,0.6022790370533395,0.605467639648172,2.88808012008667,0.9190869897007576,
2026-06-28T19:09:56.043197+00:00,letter,6,rpl_lite_xgboost,1,500,15500,400,100,4000,26,16,16,13816.0,328.0,5.0,"{0: 569, 1: 753, 2: 562, 3: 542, 4: 361, 5: 726, 6: 428, 7: 308, 8: 480, 9: 432, 10: 483, 11: 479, 12: 533, 13: 650, 14: 614, 15: 443, 16: 654, 17: 618, 18: 374, 19: 636, 20: 425, 21: 430, 22: 866, 23: 552, 24: 496, 25: 402}",283.0164,success,,0.70025,0.7000653874575958,0.7028450727631763,2.020124912261963,0.9488008517637396,
2026-06-28T19:14:39.109135+00:00,letter,6,rpl_lite_xgboost,2,50,,,,,26,16,,,,,,0.0625,failed,SplitError: Could not stratify labeled validation split for n_labeled=50 and n_classes=26.,,,,,,
2026-06-28T19:14:39.176762+00:00,letter,6,rpl_lite_xgboost,2,100,,,,,26,16,,,,,,0.0728,failed,SplitError: Could not stratify labeled validation split for n_labeled=100 and n_classes=26.,,,,,,
2026-06-28T19:14:39.262993+00:00,letter,6,rpl_lite_xgboost,2,250,15750,200,50,4000,26,16,16,13450.0,771.0,5.0,"{0: 549, 1: 826, 2: 477, 3: 533, 4: 361, 5: 411, 6: 485, 7: 342, 8: 618, 9: 337, 10: 597, 11: 411, 12: 668, 13: 492, 14: 413, 15: 727, 16: 436, 17: 450, 18: 426, 19: 387, 20: 655, 21: 744, 22: 531, 23: 632, 24: 383, 25: 559}",240.4276,success,,0.619,0.6176039142087281,0.6181677433564416,2.810728073120117,0.910285109947363,
2026-06-28T19:18:39.745276+00:00,letter,6,rpl_lite_xgboost,2,500,15500,400,100,4000,26,16,16,13609.0,450.0,5.0,"{0: 546, 1: 392, 2: 448, 3: 557, 4: 366, 5: 488, 6: 410, 7: 838, 8: 489, 9: 521, 10: 676, 11: 490, 12: 562, 13: 429, 14: 555, 15: 547, 16: 614, 17: 500, 18: 464, 19: 577, 20: 518, 21: 837, 22: 526, 23: 455, 24: 281, 25: 523}",279.7498,success,,0.70225,0.7017022446168716,0.7066221231987314,1.8950213193893433,0.953643336904572,
