backbone,checkpoint,checkpoint_hash,checkpoint_ids,code_version,cold_model_load_seconds,cuda_version,dataset,device,dirty_tree,embedding_source,ensemble_count,env_lock_hash,env_name,env_name_required,environment,error_message,git_commit,gpu_name,hostname,input_view,kv_cache,method,method_config,method_config_hash,method_family,method_fidelity,metric_accuracy,metric_average_precision,metric_balanced_accuracy,metric_brier,metric_ece,metric_log_loss,metric_macro_f1,metric_nll,metric_roc_auc,n_labeled,native_preprocessing,needs_external_validation,offloading_mode,package_version,peak_gpu_mem_mb,protocol,reference_paper,run_id,runtime_seconds,seed,slurm_array_task_id,slurm_job_id,split_protocol_version,status,supports_predict_proba,timestamp_utc,training_meta,upstream_commit,uses_unlabeled_data,warm_inference_seconds
tabiclv2,tabicl-classifier-v2-20260212.ckpt,,,nogit:afd539c9e2f221fc,,12.4,MagicTelescope,gpu,False,,,3f9236be15390304,,ssl-tfm,"{'cuda_available': True, 'cuda_version': '12.4', 'env_name': None, 'env_prefix': '/private/ofirlin-lab/suissad4/envs/micromamba', 'gpu_count': 1, 'gpu_name': 'NVIDIA A100 80GB PCIe', 'hostname': 'dsiuriofir01', 'packages': {'catboost': '1.2.10', 'lightgbm': '4.7.0', 'numpy': '2.4.6', 'pandas': '3.0.3', 'scikit-learn': '1.9.0', 'tabicl': '2.1.1', 'tabpfn': '8.1.0', 'torch': '2.6.0+cu124', 'xgboost': None}, 'platform': 'Linux-5.14.0-687.15.1.el9_8.x86_64-x86_64-with-glibc2.34', 'python': '3.11.15 | packaged by conda-forge | (main, Jun 11 2026, 03:34:02) [GCC 14.3.0]', 'python_version': '3.11.15', 'torch_available': True, 'torch_version': '2.6.0+cu124'}",,,NVIDIA A100 80GB PCIe,dsiuriofir01,raw,True,tabiclv2,{},44136fa355b3678a,tfm_frozen,official,0.8301787592008412,0.8430861587911096,0.8109008979520583,0.244873066310707,0.022906338465998242,0.39187596964602606,0.8127018456770232,0.39187596964602606,0.8928146256957099,100,,False,,unknown,,inductive,TabICL / TabICLv2,MagicTelescope__tabiclv2__s0__n100__ba816583a784af26,4.7942,0,61,18454760,v1_absolute_budget,success,True,2026-07-22T14:42:41.769905+00:00,"{'all_classes_present_in_labeled': True, 'backbone': 'tabiclv2', 'best_epoch': nan, 'best_val_loss': nan, 'checkpoint': 'tabicl-classifier-v2-20260212.ckpt', 'cold_load_seconds': 0.7363113281317055, 'dataset': 'MagicTelescope', 'dataset_id': 1120, 'embedding_source': None, 'epochs_trained': nan, 'error_message': None, 'final_train_loss': nan, 'finetune_epochs_trained': nan, 'graph_n_neighbors_used': nan, 'graph_n_rows': nan, 'graph_n_unlabeled_used': nan, 'graph_retry_count': nan, 'input_view': 'raw', 'kv_cache': True, 'labeled_class_counts': '{g:63,h:37}', 'labeled_classes_present': 2, 'max_labeled_per_class': 63, 'max_selected_confidence': nan, 'mean_selected_confidence': nan, 'mean_selected_density': nan, 'method': 'tabiclv2', 'method_fidelity': 'official', 'metric_accuracy': 0.8301787592008412, 'metric_average_precision': 0.8430861587911096, 'metric_balanced_accuracy': 0.8109008979520583, 'metric_brier': 0.244873066310707, 'metric_ece': 0.022906338465998242, 'metric_log_loss': 0.39187596964602606, 'metric_macro_f1': 0.8127018456770232, 'metric_nll': 0.39187596964602606, 'metric_roc_auc': 0.8928146256957099, 'min_labeled_per_class': 37, 'min_selected_confidence': nan, 'n_classes': 2, 'n_features_after_preprocessing': 10, 'n_features_before_preprocessing': 10, 'n_labeled': 100, 'n_pseudo_added_last_iter': nan, 'n_pseudo_added_total': nan, 'n_unlabeled': 15116, 'neural_method': nan, 'neural_validation_strategy': nan, 'package_version': 'unknown', 'peak_gpu_memory_mb': 1233.169921875, 'pretrain_epochs_trained': nan, 'protocol': 'inductive', 'pseudo_label_class_distribution': nan, 'pseudo_label_fraction': nan, 'reference_family': 'TabICLv2 / soda-inria/tabicl', 'runtime_seconds': 4.7942, 'seed': 0, 'self_training_iterations': nan, 'status': 'success', 'stopped_reason': nan, 'test_class_counts': '{g:2466,h:1338}', 'test_size': 3804, 'timestamp_utc': '2026-07-22T14:42:36.955684+00:00', 'train_labeled_size': 80, 'train_pool_class_counts': '{g:9866,h:5350}', 'unlabeled_class_counts': '{g:9803,h:5313}', 'val_class_counts': '{g:13,h:7}', 'val_size': 20, 'validation_strategy': 'stratified_labeled_val', 'warm_inference_seconds': 0.27254399517551064}",,False,0.27254399517551064
tabiclv2,tabicl-classifier-v2-20260212.ckpt,,,nogit:afd539c9e2f221fc,,12.4,MagicTelescope,gpu,False,,,3f9236be15390304,,ssl-tfm,"{'cuda_available': True, 'cuda_version': '12.4', 'env_name': None, 'env_prefix': '/private/ofirlin-lab/suissad4/envs/micromamba', 'gpu_count': 1, 'gpu_name': 'NVIDIA A100 80GB PCIe', 'hostname': 'dsiuriofir01', 'packages': {'catboost': '1.2.10', 'lightgbm': '4.7.0', 'numpy': '2.4.6', 'pandas': '3.0.3', 'scikit-learn': '1.9.0', 'tabicl': '2.1.1', 'tabpfn': '8.1.0', 'torch': '2.6.0+cu124', 'xgboost': None}, 'platform': 'Linux-5.14.0-687.15.1.el9_8.x86_64-x86_64-with-glibc2.34', 'python': '3.11.15 | packaged by conda-forge | (main, Jun 11 2026, 03:34:02) [GCC 14.3.0]', 'python_version': '3.11.15', 'torch_available': True, 'torch_version': '2.6.0+cu124'}",,,NVIDIA A100 80GB PCIe,dsiuriofir01,raw,True,tabiclv2,{},44136fa355b3678a,tfm_frozen,official,0.8517350157728707,0.8675647820203908,0.8241083216043119,0.21508033445824098,0.013540946633046431,0.3506024862270752,0.8326707097933513,0.3506024862270752,0.9112085801883189,250,,False,,unknown,,inductive,TabICL / TabICLv2,MagicTelescope__tabiclv2__s0__n250__a10892a68d5ed8ba,5.3974,0,62,18454761,v1_absolute_budget,success,True,2026-07-22T14:42:53.585213+00:00,"{'all_classes_present_in_labeled': True, 'backbone': 'tabiclv2', 'best_epoch': nan, 'best_val_loss': nan, 'checkpoint': 'tabicl-classifier-v2-20260212.ckpt', 'cold_load_seconds': 0.7443961282260716, 'dataset': 'MagicTelescope', 'dataset_id': 1120, 'embedding_source': None, 'epochs_trained': nan, 'error_message': None, 'final_train_loss': nan, 'finetune_epochs_trained': nan, 'graph_n_neighbors_used': nan, 'graph_n_rows': nan, 'graph_n_unlabeled_used': nan, 'graph_retry_count': nan, 'input_view': 'raw', 'kv_cache': True, 'labeled_class_counts': '{g:161,h:89}', 'labeled_classes_present': 2, 'max_labeled_per_class': 161, 'max_selected_confidence': nan, 'mean_selected_confidence': nan, 'mean_selected_density': nan, 'method': 'tabiclv2', 'method_fidelity': 'official', 'metric_accuracy': 0.8517350157728707, 'metric_average_precision': 0.8675647820203908, 'metric_balanced_accuracy': 0.8241083216043119, 'metric_brier': 0.21508033445824098, 'metric_ece': 0.013540946633046431, 'metric_log_loss': 0.3506024862270752, 'metric_macro_f1': 0.8326707097933513, 'metric_nll': 0.3506024862270752, 'metric_roc_auc': 0.9112085801883189, 'min_labeled_per_class': 89, 'min_selected_confidence': nan, 'n_classes': 2, 'n_features_after_preprocessing': 10, 'n_features_before_preprocessing': 10, 'n_labeled': 250, 'n_pseudo_added_last_iter': nan, 'n_pseudo_added_total': nan, 'n_unlabeled': 14966, 'neural_method': nan, 'neural_validation_strategy': nan, 'package_version': 'unknown', 'peak_gpu_memory_mb': 1280.732421875, 'pretrain_epochs_trained': nan, 'protocol': 'inductive', 'pseudo_label_class_distribution': nan, 'pseudo_label_fraction': nan, 'reference_family': 'TabICLv2 / soda-inria/tabicl', 'runtime_seconds': 5.3974, 'seed': 0, 'self_training_iterations': nan, 'status': 'success', 'stopped_reason': nan, 'test_class_counts': '{g:2466,h:1338}', 'test_size': 3804, 'timestamp_utc': '2026-07-22T14:42:48.163765+00:00', 'train_labeled_size': 200, 'train_pool_class_counts': '{g:9866,h:5350}', 'unlabeled_class_counts': '{g:9705,h:5261}', 'val_class_counts': '{g:32,h:18}', 'val_size': 50, 'validation_strategy': 'stratified_labeled_val', 'warm_inference_seconds': 0.2763646440580487}",,False,0.2763646440580487
tabiclv2,tabicl-classifier-v2-20260212.ckpt,,,nogit:afd539c9e2f221fc,,12.4,MagicTelescope,gpu,False,,,3f9236be15390304,,ssl-tfm,"{'cuda_available': True, 'cuda_version': '12.4', 'env_name': None, 'env_prefix': '/private/ofirlin-lab/suissad4/envs/micromamba', 'gpu_count': 1, 'gpu_name': 'NVIDIA A100 80GB PCIe', 'hostname': 'dsiuriofir01', 'packages': {'catboost': '1.2.10', 'lightgbm': '4.7.0', 'numpy': '2.4.6', 'pandas': '3.0.3', 'scikit-learn': '1.9.0', 'tabicl': '2.1.1', 'tabpfn': '8.1.0', 'torch': '2.6.0+cu124', 'xgboost': None}, 'platform': 'Linux-5.14.0-687.15.1.el9_8.x86_64-x86_64-with-glibc2.34', 'python': '3.11.15 | packaged by conda-forge | (main, Jun 11 2026, 03:34:02) [GCC 14.3.0]', 'python_version': '3.11.15', 'torch_available': True, 'torch_version': '2.6.0+cu124'}",,,NVIDIA A100 80GB PCIe,dsiuriofir01,raw,True,tabiclv2,{},44136fa355b3678a,tfm_frozen,official,0.8743427970557308,0.8928836858844548,0.8506049992908034,0.18595679547503244,0.013361547600477645,0.31156512114289686,0.8587468693485137,0.31156512114289686,0.9312894528517583,500,,False,,unknown,,inductive,TabICL / TabICLv2,MagicTelescope__tabiclv2__s0__n500__cefe98b641bd13be,4.2983,0,63,18454818,v1_absolute_budget,success,True,2026-07-22T14:43:02.558031+00:00,"{'all_classes_present_in_labeled': True, 'backbone': 'tabiclv2', 'best_epoch': nan, 'best_val_loss': nan, 'checkpoint': 'tabicl-classifier-v2-20260212.ckpt', 'cold_load_seconds': 0.7576210200786591, 'dataset': 'MagicTelescope', 'dataset_id': 1120, 'embedding_source': None, 'epochs_trained': nan, 'error_message': None, 'final_train_loss': nan, 'finetune_epochs_trained': nan, 'graph_n_neighbors_used': nan, 'graph_n_rows': nan, 'graph_n_unlabeled_used': nan, 'graph_retry_count': nan, 'input_view': 'raw', 'kv_cache': True, 'labeled_class_counts': '{g:323,h:177}', 'labeled_classes_present': 2, 'max_labeled_per_class': 323, 'max_selected_confidence': nan, 'mean_selected_confidence': nan, 'mean_selected_density': nan, 'method': 'tabiclv2', 'method_fidelity': 'official', 'metric_accuracy': 0.8743427970557308, 'metric_average_precision': 0.8928836858844548, 'metric_balanced_accuracy': 0.8506049992908034, 'metric_brier': 0.18595679547503244, 'metric_ece': 0.013361547600477645, 'metric_log_loss': 0.31156512114289686, 'metric_macro_f1': 0.8587468693485137, 'metric_nll': 0.31156512114289686, 'metric_roc_auc': 0.9312894528517583, 'min_labeled_per_class': 177, 'min_selected_confidence': nan, 'n_classes': 2, 'n_features_after_preprocessing': 10, 'n_features_before_preprocessing': 10, 'n_labeled': 500, 'n_pseudo_added_last_iter': nan, 'n_pseudo_added_total': nan, 'n_unlabeled': 14716, 'neural_method': nan, 'neural_validation_strategy': nan, 'package_version': 'unknown', 'peak_gpu_memory_mb': 1353.482421875, 'pretrain_epochs_trained': nan, 'protocol': 'inductive', 'pseudo_label_class_distribution': nan, 'pseudo_label_fraction': nan, 'reference_family': 'TabICLv2 / soda-inria/tabicl', 'runtime_seconds': 4.2983, 'seed': 0, 'self_training_iterations': nan, 'status': 'success', 'stopped_reason': nan, 'test_class_counts': '{g:2466,h:1338}', 'test_size': 3804, 'timestamp_utc': '2026-07-22T14:42:58.239997+00:00', 'train_labeled_size': 400, 'train_pool_class_counts': '{g:9866,h:5350}', 'unlabeled_class_counts': '{g:9543,h:5173}', 'val_class_counts': '{g:65,h:35}', 'val_size': 100, 'validation_strategy': 'stratified_labeled_val', 'warm_inference_seconds': 0.2842288571409881}",,False,0.2842288571409881
tabiclv2,tabicl-classifier-v2-20260212.ckpt,,,nogit:afd539c9e2f221fc,,12.4,MagicTelescope,gpu,False,,,3f9236be15390304,,ssl-tfm,"{'cuda_available': True, 'cuda_version': '12.4', 'env_name': None, 'env_prefix': '/private/ofirlin-lab/suissad4/envs/micromamba', 'gpu_count': 1, 'gpu_name': 'NVIDIA A100 80GB PCIe', 'hostname': 'dsiuriofir01', 'packages': {'catboost': '1.2.10', 'lightgbm': '4.7.0', 'numpy': '2.4.6', 'pandas': '3.0.3', 'scikit-learn': '1.9.0', 'tabicl': '2.1.1', 'tabpfn': '8.1.0', 'torch': '2.6.0+cu124', 'xgboost': None}, 'platform': 'Linux-5.14.0-687.15.1.el9_8.x86_64-x86_64-with-glibc2.34', 'python': '3.11.15 | packaged by conda-forge | (main, Jun 11 2026, 03:34:02) [GCC 14.3.0]', 'python_version': '3.11.15', 'torch_available': True, 'torch_version': '2.6.0+cu124'}",,,NVIDIA A100 80GB PCIe,dsiuriofir01,raw,True,tabiclv2,{},44136fa355b3678a,tfm_frozen,official,0.8023133543638276,0.7981706597270068,0.7716314068642962,0.2795717550111764,0.031845940291601246,0.43695374945067345,0.7777775015692099,0.43695374945067345,0.8635169243414473,50,,False,,unknown,,inductive,TabICL / TabICLv2,MagicTelescope__tabiclv2__s0__n50__21925afdd9488853,4.6251,0,60,18454703,v1_absolute_budget,success,True,2026-07-22T14:42:31.844072+00:00,"{'all_classes_present_in_labeled': True, 'backbone': 'tabiclv2', 'best_epoch': nan, 'best_val_loss': nan, 'checkpoint': 'tabicl-classifier-v2-20260212.ckpt', 'cold_load_seconds': 0.7347388500347733, 'dataset': 'MagicTelescope', 'dataset_id': 1120, 'embedding_source': None, 'epochs_trained': nan, 'error_message': None, 'final_train_loss': nan, 'finetune_epochs_trained': nan, 'graph_n_neighbors_used': nan, 'graph_n_rows': nan, 'graph_n_unlabeled_used': nan, 'graph_retry_count': nan, 'input_view': 'raw', 'kv_cache': True, 'labeled_class_counts': '{g:32,h:18}', 'labeled_classes_present': 2, 'max_labeled_per_class': 32, 'max_selected_confidence': nan, 'mean_selected_confidence': nan, 'mean_selected_density': nan, 'method': 'tabiclv2', 'method_fidelity': 'official', 'metric_accuracy': 0.8023133543638276, 'metric_average_precision': 0.7981706597270068, 'metric_balanced_accuracy': 0.7716314068642962, 'metric_brier': 0.2795717550111764, 'metric_ece': 0.031845940291601246, 'metric_log_loss': 0.43695374945067345, 'metric_macro_f1': 0.7777775015692099, 'metric_nll': 0.43695374945067345, 'metric_roc_auc': 0.8635169243414473, 'min_labeled_per_class': 18, 'min_selected_confidence': nan, 'n_classes': 2, 'n_features_after_preprocessing': 10, 'n_features_before_preprocessing': 10, 'n_labeled': 50, 'n_pseudo_added_last_iter': nan, 'n_pseudo_added_total': nan, 'n_unlabeled': 15166, 'neural_method': nan, 'neural_validation_strategy': nan, 'package_version': 'unknown', 'peak_gpu_memory_mb': 1216.482421875, 'pretrain_epochs_trained': nan, 'protocol': 'inductive', 'pseudo_label_class_distribution': nan, 'pseudo_label_fraction': nan, 'reference_family': 'TabICLv2 / soda-inria/tabicl', 'runtime_seconds': 4.6251, 'seed': 0, 'self_training_iterations': nan, 'status': 'success', 'stopped_reason': nan, 'test_class_counts': '{g:2466,h:1338}', 'test_size': 3804, 'timestamp_utc': '2026-07-22T14:42:27.191779+00:00', 'train_labeled_size': 40, 'train_pool_class_counts': '{g:9866,h:5350}', 'unlabeled_class_counts': '{g:9834,h:5332}', 'val_class_counts': '{g:6,h:4}', 'val_size': 10, 'validation_strategy': 'stratified_labeled_val', 'warm_inference_seconds': 0.2727131019346416}",,False,0.2727131019346416
tabiclv2,tabicl-classifier-v2-20260212.ckpt,,,nogit:afd539c9e2f221fc,,12.4,MagicTelescope,gpu,False,,,3f9236be15390304,,ssl-tfm,"{'cuda_available': True, 'cuda_version': '12.4', 'env_name': None, 'env_prefix': '/private/ofirlin-lab/suissad4/envs/micromamba', 'gpu_count': 1, 'gpu_name': 'NVIDIA A100 80GB PCIe', 'hostname': 'dsiuriofir01', 'packages': {'catboost': '1.2.10', 'lightgbm': '4.7.0', 'numpy': '2.4.6', 'pandas': '3.0.3', 'scikit-learn': '1.9.0', 'tabicl': '2.1.1', 'tabpfn': '8.1.0', 'torch': '2.6.0+cu124', 'xgboost': None}, 'platform': 'Linux-5.14.0-687.15.1.el9_8.x86_64-x86_64-with-glibc2.34', 'python': '3.11.15 | packaged by conda-forge | (main, Jun 11 2026, 03:34:02) [GCC 14.3.0]', 'python_version': '3.11.15', 'torch_available': True, 'torch_version': '2.6.0+cu124'}",,,NVIDIA A100 80GB PCIe,dsiuriofir01,raw,True,tabiclv2,{},44136fa355b3678a,tfm_frozen,official,0.8023133543638276,0.8071007025480289,0.759324117413869,0.2793284767160135,0.0189389616770873,0.43904767214258916,0.7709305737241783,0.43904767214258916,0.8507865415086128,100,,False,,unknown,,inductive,TabICL / TabICLv2,MagicTelescope__tabiclv2__s1__n100__769ed8c93e26356c,4.4761,1,65,18454932,v1_absolute_budget,success,True,2026-07-22T14:43:22.412856+00:00,"{'all_classes_present_in_labeled': True, 'backbone': 'tabiclv2', 'best_epoch': nan, 'best_val_loss': nan, 'checkpoint': 'tabicl-classifier-v2-20260212.ckpt', 'cold_load_seconds': 0.7449864610098302, 'dataset': 'MagicTelescope', 'dataset_id': 1120, 'embedding_source': None, 'epochs_trained': nan, 'error_message': None, 'final_train_loss': nan, 'finetune_epochs_trained': nan, 'graph_n_neighbors_used': nan, 'graph_n_rows': nan, 'graph_n_unlabeled_used': nan, 'graph_retry_count': nan, 'input_view': 'raw', 'kv_cache': True, 'labeled_class_counts': '{g:63,h:37}', 'labeled_classes_present': 2, 'max_labeled_per_class': 63, 'max_selected_confidence': nan, 'mean_selected_confidence': nan, 'mean_selected_density': nan, 'method': 'tabiclv2', 'method_fidelity': 'official', 'metric_accuracy': 0.8023133543638276, 'metric_average_precision': 0.8071007025480289, 'metric_balanced_accuracy': 0.759324117413869, 'metric_brier': 0.2793284767160135, 'metric_ece': 0.0189389616770873, 'metric_log_loss': 0.43904767214258916, 'metric_macro_f1': 0.7709305737241783, 'metric_nll': 0.43904767214258916, 'metric_roc_auc': 0.8507865415086128, 'min_labeled_per_class': 37, 'min_selected_confidence': nan, 'n_classes': 2, 'n_features_after_preprocessing': 10, 'n_features_before_preprocessing': 10, 'n_labeled': 100, 'n_pseudo_added_last_iter': nan, 'n_pseudo_added_total': nan, 'n_unlabeled': 15116, 'neural_method': nan, 'neural_validation_strategy': nan, 'package_version': 'unknown', 'peak_gpu_memory_mb': 1233.169921875, 'pretrain_epochs_trained': nan, 'protocol': 'inductive', 'pseudo_label_class_distribution': nan, 'pseudo_label_fraction': nan, 'reference_family': 'TabICLv2 / soda-inria/tabicl', 'runtime_seconds': 4.4761, 'seed': 1, 'self_training_iterations': nan, 'status': 'success', 'stopped_reason': nan, 'test_class_counts': '{g:2466,h:1338}', 'test_size': 3804, 'timestamp_utc': '2026-07-22T14:43:17.917760+00:00', 'train_labeled_size': 80, 'train_pool_class_counts': '{g:9866,h:5350}', 'unlabeled_class_counts': '{g:9803,h:5313}', 'val_class_counts': '{g:13,h:7}', 'val_size': 20, 'validation_strategy': 'stratified_labeled_val', 'warm_inference_seconds': 0.2698105531744659}",,False,0.2698105531744659
tabiclv2,tabicl-classifier-v2-20260212.ckpt,,,nogit:afd539c9e2f221fc,,12.4,MagicTelescope,gpu,False,,,3f9236be15390304,,ssl-tfm,"{'cuda_available': True, 'cuda_version': '12.4', 'env_name': None, 'env_prefix': '/private/ofirlin-lab/suissad4/envs/micromamba', 'gpu_count': 1, 'gpu_name': 'NVIDIA A100 80GB PCIe', 'hostname': 'dsiuriofir01', 'packages': {'catboost': '1.2.10', 'lightgbm': '4.7.0', 'numpy': '2.4.6', 'pandas': '3.0.3', 'scikit-learn': '1.9.0', 'tabicl': '2.1.1', 'tabpfn': '8.1.0', 'torch': '2.6.0+cu124', 'xgboost': None}, 'platform': 'Linux-5.14.0-687.15.1.el9_8.x86_64-x86_64-with-glibc2.34', 'python': '3.11.15 | packaged by conda-forge | (main, Jun 11 2026, 03:34:02) [GCC 14.3.0]', 'python_version': '3.11.15', 'torch_available': True, 'torch_version': '2.6.0+cu124'}",,,NVIDIA A100 80GB PCIe,dsiuriofir01,raw,True,tabiclv2,{},44136fa355b3678a,tfm_frozen,official,0.8654048370136698,0.8886572501714661,0.8363610574667495,0.20218778568244516,0.01786314150814609,0.3352759857198273,0.8471061093247588,0.3352759857198273,0.9168836687166693,250,,False,,unknown,,inductive,TabICL / TabICLv2,MagicTelescope__tabiclv2__s1__n250__c6e6bb5966e29984,4.1967,1,66,18454933,v1_absolute_budget,success,True,2026-07-22T14:43:22.444508+00:00,"{'all_classes_present_in_labeled': True, 'backbone': 'tabiclv2', 'best_epoch': nan, 'best_val_loss': nan, 'checkpoint': 'tabicl-classifier-v2-20260212.ckpt', 'cold_load_seconds': 0.7683915100060403, 'dataset': 'MagicTelescope', 'dataset_id': 1120, 'embedding_source': None, 'epochs_trained': nan, 'error_message': None, 'final_train_loss': nan, 'finetune_epochs_trained': nan, 'graph_n_neighbors_used': nan, 'graph_n_rows': nan, 'graph_n_unlabeled_used': nan, 'graph_retry_count': nan, 'input_view': 'raw', 'kv_cache': True, 'labeled_class_counts': '{g:161,h:89}', 'labeled_classes_present': 2, 'max_labeled_per_class': 161, 'max_selected_confidence': nan, 'mean_selected_confidence': nan, 'mean_selected_density': nan, 'method': 'tabiclv2', 'method_fidelity': 'official', 'metric_accuracy': 0.8654048370136698, 'metric_average_precision': 0.8886572501714661, 'metric_balanced_accuracy': 0.8363610574667495, 'metric_brier': 0.20218778568244516, 'metric_ece': 0.01786314150814609, 'metric_log_loss': 0.3352759857198273, 'metric_macro_f1': 0.8471061093247588, 'metric_nll': 0.3352759857198273, 'metric_roc_auc': 0.9168836687166693, 'min_labeled_per_class': 89, 'min_selected_confidence': nan, 'n_classes': 2, 'n_features_after_preprocessing': 10, 'n_features_before_preprocessing': 10, 'n_labeled': 250, 'n_pseudo_added_last_iter': nan, 'n_pseudo_added_total': nan, 'n_unlabeled': 14966, 'neural_method': nan, 'neural_validation_strategy': nan, 'package_version': 'unknown', 'peak_gpu_memory_mb': 1280.732421875, 'pretrain_epochs_trained': nan, 'protocol': 'inductive', 'pseudo_label_class_distribution': nan, 'pseudo_label_fraction': nan, 'reference_family': 'TabICLv2 / soda-inria/tabicl', 'runtime_seconds': 4.1967, 'seed': 1, 'self_training_iterations': nan, 'status': 'success', 'stopped_reason': nan, 'test_class_counts': '{g:2466,h:1338}', 'test_size': 3804, 'timestamp_utc': '2026-07-22T14:43:18.229491+00:00', 'train_labeled_size': 200, 'train_pool_class_counts': '{g:9866,h:5350}', 'unlabeled_class_counts': '{g:9705,h:5261}', 'val_class_counts': '{g:32,h:18}', 'val_size': 50, 'validation_strategy': 'stratified_labeled_val', 'warm_inference_seconds': 0.2756568370386958}",,False,0.2756568370386958
tabiclv2,tabicl-classifier-v2-20260212.ckpt,,,nogit:afd539c9e2f221fc,,12.4,MagicTelescope,gpu,False,,,3f9236be15390304,,ssl-tfm,"{'cuda_available': True, 'cuda_version': '12.4', 'env_name': None, 'env_prefix': '/private/ofirlin-lab/suissad4/envs/micromamba', 'gpu_count': 1, 'gpu_name': 'NVIDIA A100 80GB PCIe', 'hostname': 'dsiuriofir01', 'packages': {'catboost': '1.2.10', 'lightgbm': '4.7.0', 'numpy': '2.4.6', 'pandas': '3.0.3', 'scikit-learn': '1.9.0', 'tabicl': '2.1.1', 'tabpfn': '8.1.0', 'torch': '2.6.0+cu124', 'xgboost': None}, 'platform': 'Linux-5.14.0-687.15.1.el9_8.x86_64-x86_64-with-glibc2.34', 'python': '3.11.15 | packaged by conda-forge | (main, Jun 11 2026, 03:34:02) [GCC 14.3.0]', 'python_version': '3.11.15', 'torch_available': True, 'torch_version': '2.6.0+cu124'}",,,NVIDIA A100 80GB PCIe,dsiuriofir01,raw,True,tabiclv2,{},44136fa355b3678a,tfm_frozen,official,0.8711882229232387,0.8971262019030051,0.8438985448739631,0.1943588059713556,0.01872086890202356,0.3208230160304462,0.8540955719560661,0.3208230160304462,0.9245208679597079,500,,False,,unknown,,inductive,TabICL / TabICLv2,MagicTelescope__tabiclv2__s1__n500__63e55b269b91f25e,6.3297,1,67,18454990,v1_absolute_budget,success,True,2026-07-22T14:43:38.335584+00:00,"{'all_classes_present_in_labeled': True, 'backbone': 'tabiclv2', 'best_epoch': nan, 'best_val_loss': nan, 'checkpoint': 'tabicl-classifier-v2-20260212.ckpt', 'cold_load_seconds': 0.9371189619414508, 'dataset': 'MagicTelescope', 'dataset_id': 1120, 'embedding_source': None, 'epochs_trained': nan, 'error_message': None, 'final_train_loss': nan, 'finetune_epochs_trained': nan, 'graph_n_neighbors_used': nan, 'graph_n_rows': nan, 'graph_n_unlabeled_used': nan, 'graph_retry_count': nan, 'input_view': 'raw', 'kv_cache': True, 'labeled_class_counts': '{g:323,h:177}', 'labeled_classes_present': 2, 'max_labeled_per_class': 323, 'max_selected_confidence': nan, 'mean_selected_confidence': nan, 'mean_selected_density': nan, 'method': 'tabiclv2', 'method_fidelity': 'official', 'metric_accuracy': 0.8711882229232387, 'metric_average_precision': 0.8971262019030051, 'metric_balanced_accuracy': 0.8438985448739631, 'metric_brier': 0.1943588059713556, 'metric_ece': 0.01872086890202356, 'metric_log_loss': 0.3208230160304462, 'metric_macro_f1': 0.8540955719560661, 'metric_nll': 0.3208230160304462, 'metric_roc_auc': 0.9245208679597079, 'min_labeled_per_class': 177, 'min_selected_confidence': nan, 'n_classes': 2, 'n_features_after_preprocessing': 10, 'n_features_before_preprocessing': 10, 'n_labeled': 500, 'n_pseudo_added_last_iter': nan, 'n_pseudo_added_total': nan, 'n_unlabeled': 14716, 'neural_method': nan, 'neural_validation_strategy': nan, 'package_version': 'unknown', 'peak_gpu_memory_mb': 1353.482421875, 'pretrain_epochs_trained': nan, 'protocol': 'inductive', 'pseudo_label_class_distribution': nan, 'pseudo_label_fraction': nan, 'reference_family': 'TabICLv2 / soda-inria/tabicl', 'runtime_seconds': 6.3297, 'seed': 1, 'self_training_iterations': nan, 'status': 'success', 'stopped_reason': nan, 'test_class_counts': '{g:2466,h:1338}', 'test_size': 3804, 'timestamp_utc': '2026-07-22T14:43:31.985338+00:00', 'train_labeled_size': 400, 'train_pool_class_counts': '{g:9866,h:5350}', 'unlabeled_class_counts': '{g:9543,h:5173}', 'val_class_counts': '{g:65,h:35}', 'val_size': 100, 'validation_strategy': 'stratified_labeled_val', 'warm_inference_seconds': 0.28715285984799266}",,False,0.28715285984799266
tabiclv2,tabicl-classifier-v2-20260212.ckpt,,,nogit:afd539c9e2f221fc,,12.4,MagicTelescope,gpu,False,,,3f9236be15390304,,ssl-tfm,"{'cuda_available': True, 'cuda_version': '12.4', 'env_name': None, 'env_prefix': '/private/ofirlin-lab/suissad4/envs/micromamba', 'gpu_count': 1, 'gpu_name': 'NVIDIA A100 80GB PCIe', 'hostname': 'dsiuriofir01', 'packages': {'catboost': '1.2.10', 'lightgbm': '4.7.0', 'numpy': '2.4.6', 'pandas': '3.0.3', 'scikit-learn': '1.9.0', 'tabicl': '2.1.1', 'tabpfn': '8.1.0', 'torch': '2.6.0+cu124', 'xgboost': None}, 'platform': 'Linux-5.14.0-687.15.1.el9_8.x86_64-x86_64-with-glibc2.34', 'python': '3.11.15 | packaged by conda-forge | (main, Jun 11 2026, 03:34:02) [GCC 14.3.0]', 'python_version': '3.11.15', 'torch_available': True, 'torch_version': '2.6.0+cu124'}",,,NVIDIA A100 80GB PCIe,dsiuriofir01,raw,True,tabiclv2,{},44136fa355b3678a,tfm_frozen,official,0.7486855941114616,0.7418412315946997,0.7299270072992701,0.3251407154106136,0.03864674353840075,0.4850866858729677,0.7273551691667317,0.4850866858729677,0.8277565928011086,50,,False,,unknown,,inductive,TabICL / TabICLv2,MagicTelescope__tabiclv2__s1__n50__81242645c4ccd21a,5.5809,1,64,18454875,v1_absolute_budget,success,True,2026-07-22T14:43:13.467770+00:00,"{'all_classes_present_in_labeled': True, 'backbone': 'tabiclv2', 'best_epoch': nan, 'best_val_loss': nan, 'checkpoint': 'tabicl-classifier-v2-20260212.ckpt', 'cold_load_seconds': 1.640089912340045, 'dataset': 'MagicTelescope', 'dataset_id': 1120, 'embedding_source': None, 'epochs_trained': nan, 'error_message': None, 'final_train_loss': nan, 'finetune_epochs_trained': nan, 'graph_n_neighbors_used': nan, 'graph_n_rows': nan, 'graph_n_unlabeled_used': nan, 'graph_retry_count': nan, 'input_view': 'raw', 'kv_cache': True, 'labeled_class_counts': '{g:32,h:18}', 'labeled_classes_present': 2, 'max_labeled_per_class': 32, 'max_selected_confidence': nan, 'mean_selected_confidence': nan, 'mean_selected_density': nan, 'method': 'tabiclv2', 'method_fidelity': 'official', 'metric_accuracy': 0.7486855941114616, 'metric_average_precision': 0.7418412315946997, 'metric_balanced_accuracy': 0.7299270072992701, 'metric_brier': 0.3251407154106136, 'metric_ece': 0.03864674353840075, 'metric_log_loss': 0.4850866858729677, 'metric_macro_f1': 0.7273551691667317, 'metric_nll': 0.4850866858729677, 'metric_roc_auc': 0.8277565928011086, 'min_labeled_per_class': 18, 'min_selected_confidence': nan, 'n_classes': 2, 'n_features_after_preprocessing': 10, 'n_features_before_preprocessing': 10, 'n_labeled': 50, 'n_pseudo_added_last_iter': nan, 'n_pseudo_added_total': nan, 'n_unlabeled': 15166, 'neural_method': nan, 'neural_validation_strategy': nan, 'package_version': 'unknown', 'peak_gpu_memory_mb': 1216.482421875, 'pretrain_epochs_trained': nan, 'protocol': 'inductive', 'pseudo_label_class_distribution': nan, 'pseudo_label_fraction': nan, 'reference_family': 'TabICLv2 / soda-inria/tabicl', 'runtime_seconds': 5.5809, 'seed': 1, 'self_training_iterations': nan, 'status': 'success', 'stopped_reason': nan, 'test_class_counts': '{g:2466,h:1338}', 'test_size': 3804, 'timestamp_utc': '2026-07-22T14:43:07.864123+00:00', 'train_labeled_size': 40, 'train_pool_class_counts': '{g:9866,h:5350}', 'unlabeled_class_counts': '{g:9834,h:5332}', 'val_class_counts': '{g:6,h:4}', 'val_size': 10, 'validation_strategy': 'stratified_labeled_val', 'warm_inference_seconds': 0.2739196461625397}",,False,0.2739196461625397
tabiclv2,tabicl-classifier-v2-20260212.ckpt,,,nogit:afd539c9e2f221fc,,12.4,MagicTelescope,gpu,False,,,3f9236be15390304,,ssl-tfm,"{'cuda_available': True, 'cuda_version': '12.4', 'env_name': None, 'env_prefix': '/private/ofirlin-lab/suissad4/envs/micromamba', 'gpu_count': 1, 'gpu_name': 'NVIDIA A100 80GB PCIe', 'hostname': 'dsiuriofir01', 'packages': {'catboost': '1.2.10', 'lightgbm': '4.7.0', 'numpy': '2.4.6', 'pandas': '3.0.3', 'scikit-learn': '1.9.0', 'tabicl': '2.1.1', 'tabpfn': '8.1.0', 'torch': '2.6.0+cu124', 'xgboost': None}, 'platform': 'Linux-5.14.0-687.15.1.el9_8.x86_64-x86_64-with-glibc2.34', 'python': '3.11.15 | packaged by conda-forge | (main, Jun 11 2026, 03:34:02) [GCC 14.3.0]', 'python_version': '3.11.15', 'torch_available': True, 'torch_version': '2.6.0+cu124'}",,,NVIDIA A100 80GB PCIe,dsiuriofir01,raw,True,tabiclv2,{},44136fa355b3678a,tfm_frozen,official,0.8146687697160884,0.8131767260771798,0.7792807291268881,0.2699215252333823,0.05294052209364718,0.4390539047558885,0.7887253873568788,0.4390539047558885,0.875571145758701,100,,False,,unknown,,inductive,TabICL / TabICLv2,MagicTelescope__tabiclv2__s2__n100__ca94fb7ad1348539,6.5981,2,69,18455160,v1_absolute_budget,success,True,2026-07-22T14:43:51.264209+00:00,"{'all_classes_present_in_labeled': True, 'backbone': 'tabiclv2', 'best_epoch': nan, 'best_val_loss': nan, 'checkpoint': 'tabicl-classifier-v2-20260212.ckpt', 'cold_load_seconds': 0.9409321402199566, 'dataset': 'MagicTelescope', 'dataset_id': 1120, 'embedding_source': None, 'epochs_trained': nan, 'error_message': None, 'final_train_loss': nan, 'finetune_epochs_trained': nan, 'graph_n_neighbors_used': nan, 'graph_n_rows': nan, 'graph_n_unlabeled_used': nan, 'graph_retry_count': nan, 'input_view': 'raw', 'kv_cache': True, 'labeled_class_counts': '{g:63,h:37}', 'labeled_classes_present': 2, 'max_labeled_per_class': 63, 'max_selected_confidence': nan, 'mean_selected_confidence': nan, 'mean_selected_density': nan, 'method': 'tabiclv2', 'method_fidelity': 'official', 'metric_accuracy': 0.8146687697160884, 'metric_average_precision': 0.8131767260771798, 'metric_balanced_accuracy': 0.7792807291268881, 'metric_brier': 0.2699215252333823, 'metric_ece': 0.05294052209364718, 'metric_log_loss': 0.4390539047558885, 'metric_macro_f1': 0.7887253873568788, 'metric_nll': 0.4390539047558885, 'metric_roc_auc': 0.875571145758701, 'min_labeled_per_class': 37, 'min_selected_confidence': nan, 'n_classes': 2, 'n_features_after_preprocessing': 10, 'n_features_before_preprocessing': 10, 'n_labeled': 100, 'n_pseudo_added_last_iter': nan, 'n_pseudo_added_total': nan, 'n_unlabeled': 15116, 'neural_method': nan, 'neural_validation_strategy': nan, 'package_version': 'unknown', 'peak_gpu_memory_mb': 1233.169921875, 'pretrain_epochs_trained': nan, 'protocol': 'inductive', 'pseudo_label_class_distribution': nan, 'pseudo_label_fraction': nan, 'reference_family': 'TabICLv2 / soda-inria/tabicl', 'runtime_seconds': 6.5981, 'seed': 2, 'self_training_iterations': nan, 'status': 'success', 'stopped_reason': nan, 'test_class_counts': '{g:2466,h:1338}', 'test_size': 3804, 'timestamp_utc': '2026-07-22T14:43:44.646050+00:00', 'train_labeled_size': 80, 'train_pool_class_counts': '{g:9866,h:5350}', 'unlabeled_class_counts': '{g:9803,h:5313}', 'val_class_counts': '{g:13,h:7}', 'val_size': 20, 'validation_strategy': 'stratified_labeled_val', 'warm_inference_seconds': 0.2780335168354213}",,False,0.2780335168354213
tabiclv2,tabicl-classifier-v2-20260212.ckpt,,,nogit:afd539c9e2f221fc,,12.4,MagicTelescope,gpu,False,,,3f9236be15390304,,ssl-tfm,"{'cuda_available': True, 'cuda_version': '12.4', 'env_name': None, 'env_prefix': '/private/ofirlin-lab/suissad4/envs/micromamba', 'gpu_count': 1, 'gpu_name': 'NVIDIA A100 80GB PCIe', 'hostname': 'dsiuriofir01', 'packages': {'catboost': '1.2.10', 'lightgbm': '4.7.0', 'numpy': '2.4.6', 'pandas': '3.0.3', 'scikit-learn': '1.9.0', 'tabicl': '2.1.1', 'tabpfn': '8.1.0', 'torch': '2.6.0+cu124', 'xgboost': None}, 'platform': 'Linux-5.14.0-687.15.1.el9_8.x86_64-x86_64-with-glibc2.34', 'python': '3.11.15 | packaged by conda-forge | (main, Jun 11 2026, 03:34:02) [GCC 14.3.0]', 'python_version': '3.11.15', 'torch_available': True, 'torch_version': '2.6.0+cu124'}",,,NVIDIA A100 80GB PCIe,dsiuriofir01,raw,True,tabiclv2,{},44136fa355b3678a,tfm_frozen,official,0.8496319663512093,0.8637576829809711,0.8212897195581886,0.22273174037983703,0.021409830590708518,0.3640800959916597,0.8300925886882692,0.3640800959916597,0.9066078942678727,250,,False,,unknown,,inductive,TabICL / TabICLv2,MagicTelescope__tabiclv2__s2__n250__bf0751236e8fa7eb,6.5915,2,70,18455161,v1_absolute_budget,success,True,2026-07-22T14:43:51.262310+00:00,"{'all_classes_present_in_labeled': True, 'backbone': 'tabiclv2', 'best_epoch': nan, 'best_val_loss': nan, 'checkpoint': 'tabicl-classifier-v2-20260212.ckpt', 'cold_load_seconds': 0.9267293438315392, 'dataset': 'MagicTelescope', 'dataset_id': 1120, 'embedding_source': None, 'epochs_trained': nan, 'error_message': None, 'final_train_loss': nan, 'finetune_epochs_trained': nan, 'graph_n_neighbors_used': nan, 'graph_n_rows': nan, 'graph_n_unlabeled_used': nan, 'graph_retry_count': nan, 'input_view': 'raw', 'kv_cache': True, 'labeled_class_counts': '{g:161,h:89}', 'labeled_classes_present': 2, 'max_labeled_per_class': 161, 'max_selected_confidence': nan, 'mean_selected_confidence': nan, 'mean_selected_density': nan, 'method': 'tabiclv2', 'method_fidelity': 'official', 'metric_accuracy': 0.8496319663512093, 'metric_average_precision': 0.8637576829809711, 'metric_balanced_accuracy': 0.8212897195581886, 'metric_brier': 0.22273174037983703, 'metric_ece': 0.021409830590708518, 'metric_log_loss': 0.3640800959916597, 'metric_macro_f1': 0.8300925886882692, 'metric_nll': 0.3640800959916597, 'metric_roc_auc': 0.9066078942678727, 'min_labeled_per_class': 89, 'min_selected_confidence': nan, 'n_classes': 2, 'n_features_after_preprocessing': 10, 'n_features_before_preprocessing': 10, 'n_labeled': 250, 'n_pseudo_added_last_iter': nan, 'n_pseudo_added_total': nan, 'n_unlabeled': 14966, 'neural_method': nan, 'neural_validation_strategy': nan, 'package_version': 'unknown', 'peak_gpu_memory_mb': 1280.732421875, 'pretrain_epochs_trained': nan, 'protocol': 'inductive', 'pseudo_label_class_distribution': nan, 'pseudo_label_fraction': nan, 'reference_family': 'TabICLv2 / soda-inria/tabicl', 'runtime_seconds': 6.5915, 'seed': 2, 'self_training_iterations': nan, 'status': 'success', 'stopped_reason': nan, 'test_class_counts': '{g:2466,h:1338}', 'test_size': 3804, 'timestamp_utc': '2026-07-22T14:43:44.646618+00:00', 'train_labeled_size': 200, 'train_pool_class_counts': '{g:9866,h:5350}', 'unlabeled_class_counts': '{g:9705,h:5261}', 'val_class_counts': '{g:32,h:18}', 'val_size': 50, 'validation_strategy': 'stratified_labeled_val', 'warm_inference_seconds': 0.2799184829927981}",,False,0.2799184829927981
tabiclv2,tabicl-classifier-v2-20260212.ckpt,,,nogit:afd539c9e2f221fc,,12.4,MagicTelescope,gpu,False,,,3f9236be15390304,,ssl-tfm,"{'cuda_available': True, 'cuda_version': '12.4', 'env_name': None, 'env_prefix': '/private/ofirlin-lab/suissad4/envs/micromamba', 'gpu_count': 1, 'gpu_name': 'NVIDIA A100 80GB PCIe', 'hostname': 'dsiuriofir01', 'packages': {'catboost': '1.2.10', 'lightgbm': '4.7.0', 'numpy': '2.4.6', 'pandas': '3.0.3', 'scikit-learn': '1.9.0', 'tabicl': '2.1.1', 'tabpfn': '8.1.0', 'torch': '2.6.0+cu124', 'xgboost': None}, 'platform': 'Linux-5.14.0-687.15.1.el9_8.x86_64-x86_64-with-glibc2.34', 'python': '3.11.15 | packaged by conda-forge | (main, Jun 11 2026, 03:34:02) [GCC 14.3.0]', 'python_version': '3.11.15', 'torch_available': True, 'torch_version': '2.6.0+cu124'}",,,NVIDIA A100 80GB PCIe,dsiuriofir01,raw,True,tabiclv2,{},44136fa355b3678a,tfm_frozen,official,0.8546267087276551,0.8845561839900096,0.8261677195509148,0.20778836156256195,0.018996247662064803,0.3369172897645288,0.8355037574853144,0.3369172897645288,0.9191870424317807,500,,False,,unknown,,inductive,TabICL / TabICLv2,MagicTelescope__tabiclv2__s2__n500__c90ac2d692d34115,10.2507,2,71,18455186,v1_absolute_budget,success,True,2026-07-22T14:44:11.698060+00:00,"{'all_classes_present_in_labeled': True, 'backbone': 'tabiclv2', 'best_epoch': nan, 'best_val_loss': nan, 'checkpoint': 'tabicl-classifier-v2-20260212.ckpt', 'cold_load_seconds': 0.9165095123462379, 'dataset': 'MagicTelescope', 'dataset_id': 1120, 'embedding_source': None, 'epochs_trained': nan, 'error_message': None, 'final_train_loss': nan, 'finetune_epochs_trained': nan, 'graph_n_neighbors_used': nan, 'graph_n_rows': nan, 'graph_n_unlabeled_used': nan, 'graph_retry_count': nan, 'input_view': 'raw', 'kv_cache': True, 'labeled_class_counts': '{g:323,h:177}', 'labeled_classes_present': 2, 'max_labeled_per_class': 323, 'max_selected_confidence': nan, 'mean_selected_confidence': nan, 'mean_selected_density': nan, 'method': 'tabiclv2', 'method_fidelity': 'official', 'metric_accuracy': 0.8546267087276551, 'metric_average_precision': 0.8845561839900096, 'metric_balanced_accuracy': 0.8261677195509148, 'metric_brier': 0.20778836156256195, 'metric_ece': 0.018996247662064803, 'metric_log_loss': 0.3369172897645288, 'metric_macro_f1': 0.8355037574853144, 'metric_nll': 0.3369172897645288, 'metric_roc_auc': 0.9191870424317807, 'min_labeled_per_class': 177, 'min_selected_confidence': nan, 'n_classes': 2, 'n_features_after_preprocessing': 10, 'n_features_before_preprocessing': 10, 'n_labeled': 500, 'n_pseudo_added_last_iter': nan, 'n_pseudo_added_total': nan, 'n_unlabeled': 14716, 'neural_method': nan, 'neural_validation_strategy': nan, 'package_version': 'unknown', 'peak_gpu_memory_mb': 1353.482421875, 'pretrain_epochs_trained': nan, 'protocol': 'inductive', 'pseudo_label_class_distribution': nan, 'pseudo_label_fraction': nan, 'reference_family': 'TabICLv2 / soda-inria/tabicl', 'runtime_seconds': 10.2507, 'seed': 2, 'self_training_iterations': nan, 'status': 'success', 'stopped_reason': nan, 'test_class_counts': '{g:2466,h:1338}', 'test_size': 3804, 'timestamp_utc': '2026-07-22T14:44:01.420907+00:00', 'train_labeled_size': 400, 'train_pool_class_counts': '{g:9866,h:5350}', 'unlabeled_class_counts': '{g:9543,h:5173}', 'val_class_counts': '{g:65,h:35}', 'val_size': 100, 'validation_strategy': 'stratified_labeled_val', 'warm_inference_seconds': 0.2898335480131209}",,False,0.2898335480131209
tabiclv2,tabicl-classifier-v2-20260212.ckpt,,,nogit:afd539c9e2f221fc,,12.4,MagicTelescope,gpu,False,,,3f9236be15390304,,ssl-tfm,"{'cuda_available': True, 'cuda_version': '12.4', 'env_name': None, 'env_prefix': '/private/ofirlin-lab/suissad4/envs/micromamba', 'gpu_count': 1, 'gpu_name': 'NVIDIA A100 80GB PCIe', 'hostname': 'dsiuriofir01', 'packages': {'catboost': '1.2.10', 'lightgbm': '4.7.0', 'numpy': '2.4.6', 'pandas': '3.0.3', 'scikit-learn': '1.9.0', 'tabicl': '2.1.1', 'tabpfn': '8.1.0', 'torch': '2.6.0+cu124', 'xgboost': None}, 'platform': 'Linux-5.14.0-687.15.1.el9_8.x86_64-x86_64-with-glibc2.34', 'python': '3.11.15 | packaged by conda-forge | (main, Jun 11 2026, 03:34:02) [GCC 14.3.0]', 'python_version': '3.11.15', 'torch_available': True, 'torch_version': '2.6.0+cu124'}",,,NVIDIA A100 80GB PCIe,dsiuriofir01,raw,True,tabiclv2,{},44136fa355b3678a,tfm_frozen,official,0.7731335436382755,0.7596143961211046,0.7385273804458119,0.308687515478854,0.05005249466190829,0.4806102198950129,0.7443199355249079,0.4806102198950129,0.8405298608156124,50,,False,,unknown,,inductive,TabICL / TabICLv2,MagicTelescope__tabiclv2__s2__n50__0e061f8e2b0fc2e2,6.2823,2,68,18454991,v1_absolute_budget,success,True,2026-07-22T14:43:38.293431+00:00,"{'all_classes_present_in_labeled': True, 'backbone': 'tabiclv2', 'best_epoch': nan, 'best_val_loss': nan, 'checkpoint': 'tabicl-classifier-v2-20260212.ckpt', 'cold_load_seconds': 0.9302911460399628, 'dataset': 'MagicTelescope', 'dataset_id': 1120, 'embedding_source': None, 'epochs_trained': nan, 'error_message': None, 'final_train_loss': nan, 'finetune_epochs_trained': nan, 'graph_n_neighbors_used': nan, 'graph_n_rows': nan, 'graph_n_unlabeled_used': nan, 'graph_retry_count': nan, 'input_view': 'raw', 'kv_cache': True, 'labeled_class_counts': '{g:32,h:18}', 'labeled_classes_present': 2, 'max_labeled_per_class': 32, 'max_selected_confidence': nan, 'mean_selected_confidence': nan, 'mean_selected_density': nan, 'method': 'tabiclv2', 'method_fidelity': 'official', 'metric_accuracy': 0.7731335436382755, 'metric_average_precision': 0.7596143961211046, 'metric_balanced_accuracy': 0.7385273804458119, 'metric_brier': 0.308687515478854, 'metric_ece': 0.05005249466190829, 'metric_log_loss': 0.4806102198950129, 'metric_macro_f1': 0.7443199355249079, 'metric_nll': 0.4806102198950129, 'metric_roc_auc': 0.8405298608156124, 'min_labeled_per_class': 18, 'min_selected_confidence': nan, 'n_classes': 2, 'n_features_after_preprocessing': 10, 'n_features_before_preprocessing': 10, 'n_labeled': 50, 'n_pseudo_added_last_iter': nan, 'n_pseudo_added_total': nan, 'n_unlabeled': 15166, 'neural_method': nan, 'neural_validation_strategy': nan, 'package_version': 'unknown', 'peak_gpu_memory_mb': 1216.482421875, 'pretrain_epochs_trained': nan, 'protocol': 'inductive', 'pseudo_label_class_distribution': nan, 'pseudo_label_fraction': nan, 'reference_family': 'TabICLv2 / soda-inria/tabicl', 'runtime_seconds': 6.2823, 'seed': 2, 'self_training_iterations': nan, 'status': 'success', 'stopped_reason': nan, 'test_class_counts': '{g:2466,h:1338}', 'test_size': 3804, 'timestamp_utc': '2026-07-22T14:43:31.985347+00:00', 'train_labeled_size': 40, 'train_pool_class_counts': '{g:9866,h:5350}', 'unlabeled_class_counts': '{g:9834,h:5332}', 'val_class_counts': '{g:6,h:4}', 'val_size': 10, 'validation_strategy': 'stratified_labeled_val', 'warm_inference_seconds': 0.2744466345757246}",,False,0.2744466345757246
tabpfn3,/private/ofirlin-lab/suissad4/caches/tabpfn/tabpfn-v3-classifier-v3_default.ckpt,,,nogit:afd539c9e2f221fc,,12.4,MagicTelescope,gpu,False,,,3f9236be15390304,,ssl-tfm,"{'cuda_available': True, 'cuda_version': '12.4', 'env_name': None, 'env_prefix': '/private/ofirlin-lab/suissad4/envs/micromamba', 'gpu_count': 1, 'gpu_name': 'NVIDIA A100 80GB PCIe', 'hostname': 'dsiuriofir01', 'packages': {'catboost': '1.2.10', 'lightgbm': '4.7.0', 'numpy': '2.4.6', 'pandas': '3.0.3', 'scikit-learn': '1.9.0', 'tabicl': '2.1.1', 'tabpfn': '8.1.0', 'torch': '2.6.0+cu124', 'xgboost': None}, 'platform': 'Linux-5.14.0-687.15.1.el9_8.x86_64-x86_64-with-glibc2.34', 'python': '3.11.15 | packaged by conda-forge | (main, Jun 11 2026, 03:34:02) [GCC 14.3.0]', 'python_version': '3.11.15', 'torch_available': True, 'torch_version': '2.6.0+cu124'}",,,NVIDIA A100 80GB PCIe,dsiuriofir01,raw,,tabpfn3,{},44136fa355b3678a,tfm_frozen,official,0.8443743427970557,0.8565095391860095,0.8192857844260417,0.23271427413113122,0.034517176001468725,0.3772347353380899,0.8256707359555346,0.3772347353380899,0.8976589843091758,100,,False,,8.1.0,,inductive,Hollmann et al. TabPFN / TabPFN-3,MagicTelescope__tabpfn3__s0__n100__fe0ac77d2f5ed1f8,6.721,0,49,18453514,v1_absolute_budget,success,True,2026-07-22T14:40:14.540794+00:00,"{'all_classes_present_in_labeled': True, 'backbone': 'tabpfn3', 'best_epoch': nan, 'best_val_loss': nan, 'checkpoint': '/private/ofirlin-lab/suissad4/caches/tabpfn/tabpfn-v3-classifier-v3_default.ckpt', 'cold_load_seconds': 0.8377467296086252, 'dataset': 'MagicTelescope', 'dataset_id': 1120, 'embedding_source': None, 'epochs_trained': nan, 'error_message': None, 'final_train_loss': nan, 'finetune_epochs_trained': nan, 'graph_n_neighbors_used': nan, 'graph_n_rows': nan, 'graph_n_unlabeled_used': nan, 'graph_retry_count': nan, 'input_view': 'raw', 'kv_cache': None, 'labeled_class_counts': '{g:63,h:37}', 'labeled_classes_present': 2, 'max_labeled_per_class': 63, 'max_selected_confidence': nan, 'mean_selected_confidence': nan, 'mean_selected_density': nan, 'method': 'tabpfn3', 'method_fidelity': 'official', 'metric_accuracy': 0.8443743427970557, 'metric_average_precision': 0.8565095391860095, 'metric_balanced_accuracy': 0.8192857844260417, 'metric_brier': 0.23271427413113122, 'metric_ece': 0.034517176001468725, 'metric_log_loss': 0.3772347353380899, 'metric_macro_f1': 0.8256707359555346, 'metric_nll': 0.3772347353380899, 'metric_roc_auc': 0.8976589843091758, 'min_labeled_per_class': 37, 'min_selected_confidence': nan, 'n_classes': 2, 'n_features_after_preprocessing': 10, 'n_features_before_preprocessing': 10, 'n_labeled': 100, 'n_pseudo_added_last_iter': nan, 'n_pseudo_added_total': nan, 'n_unlabeled': 15116, 'neural_method': nan, 'neural_validation_strategy': nan, 'package_version': '8.1.0', 'peak_gpu_memory_mb': 363.6630859375, 'pretrain_epochs_trained': nan, 'protocol': 'inductive', 'pseudo_label_class_distribution': nan, 'pseudo_label_fraction': nan, 'reference_family': 'TabPFN-3 / PriorLabs', 'runtime_seconds': 6.721, 'seed': 0, 'self_training_iterations': nan, 'status': 'success', 'stopped_reason': nan, 'test_class_counts': '{g:2466,h:1338}', 'test_size': 3804, 'timestamp_utc': '2026-07-22T14:40:07.797439+00:00', 'train_labeled_size': 80, 'train_pool_class_counts': '{g:9866,h:5350}', 'unlabeled_class_counts': '{g:9803,h:5313}', 'val_class_counts': '{g:13,h:7}', 'val_size': 20, 'validation_strategy': 'stratified_labeled_val', 'warm_inference_seconds': 0.6717191049829125}",,False,0.6717191049829125
tabpfn3,/private/ofirlin-lab/suissad4/caches/tabpfn/tabpfn-v3-classifier-v3_default.ckpt,,,nogit:afd539c9e2f221fc,,12.4,MagicTelescope,gpu,False,,,3f9236be15390304,,ssl-tfm,"{'cuda_available': True, 'cuda_version': '12.4', 'env_name': None, 'env_prefix': '/private/ofirlin-lab/suissad4/envs/micromamba', 'gpu_count': 1, 'gpu_name': 'NVIDIA A100 80GB PCIe', 'hostname': 'dsiuriofir01', 'packages': {'catboost': '1.2.10', 'lightgbm': '4.7.0', 'numpy': '2.4.6', 'pandas': '3.0.3', 'scikit-learn': '1.9.0', 'tabicl': '2.1.1', 'tabpfn': '8.1.0', 'torch': '2.6.0+cu124', 'xgboost': None}, 'platform': 'Linux-5.14.0-687.15.1.el9_8.x86_64-x86_64-with-glibc2.34', 'python': '3.11.15 | packaged by conda-forge | (main, Jun 11 2026, 03:34:02) [GCC 14.3.0]', 'python_version': '3.11.15', 'torch_available': True, 'torch_version': '2.6.0+cu124'}",,,NVIDIA A100 80GB PCIe,dsiuriofir01,raw,,tabpfn3,{},44136fa355b3678a,tfm_frozen,official,0.8617245005257623,0.8773476073386371,0.8343771253168655,0.2087697898962374,0.011571343522927238,0.3424130087570931,0.8436934425901669,0.3424130087570931,0.9151209816736313,250,,False,,8.1.0,,inductive,Hollmann et al. TabPFN / TabPFN-3,MagicTelescope__tabpfn3__s0__n250__054a972d0792cad2,7.9387,0,50,18453627,v1_absolute_budget,success,True,2026-07-22T14:40:26.455109+00:00,"{'all_classes_present_in_labeled': True, 'backbone': 'tabpfn3', 'best_epoch': nan, 'best_val_loss': nan, 'checkpoint': '/private/ofirlin-lab/suissad4/caches/tabpfn/tabpfn-v3-classifier-v3_default.ckpt', 'cold_load_seconds': 0.8566955360583961, 'dataset': 'MagicTelescope', 'dataset_id': 1120, 'embedding_source': None, 'epochs_trained': nan, 'error_message': None, 'final_train_loss': nan, 'finetune_epochs_trained': nan, 'graph_n_neighbors_used': nan, 'graph_n_rows': nan, 'graph_n_unlabeled_used': nan, 'graph_retry_count': nan, 'input_view': 'raw', 'kv_cache': None, 'labeled_class_counts': '{g:161,h:89}', 'labeled_classes_present': 2, 'max_labeled_per_class': 161, 'max_selected_confidence': nan, 'mean_selected_confidence': nan, 'mean_selected_density': nan, 'method': 'tabpfn3', 'method_fidelity': 'official', 'metric_accuracy': 0.8617245005257623, 'metric_average_precision': 0.8773476073386371, 'metric_balanced_accuracy': 0.8343771253168655, 'metric_brier': 0.2087697898962374, 'metric_ece': 0.011571343522927238, 'metric_log_loss': 0.3424130087570931, 'metric_macro_f1': 0.8436934425901669, 'metric_nll': 0.3424130087570931, 'metric_roc_auc': 0.9151209816736313, 'min_labeled_per_class': 89, 'min_selected_confidence': nan, 'n_classes': 2, 'n_features_after_preprocessing': 10, 'n_features_before_preprocessing': 10, 'n_labeled': 250, 'n_pseudo_added_last_iter': nan, 'n_pseudo_added_total': nan, 'n_unlabeled': 14966, 'neural_method': nan, 'neural_validation_strategy': nan, 'package_version': '8.1.0', 'peak_gpu_memory_mb': 365.91845703125, 'pretrain_epochs_trained': nan, 'protocol': 'inductive', 'pseudo_label_class_distribution': nan, 'pseudo_label_fraction': nan, 'reference_family': 'TabPFN-3 / PriorLabs', 'runtime_seconds': 7.9387, 'seed': 0, 'self_training_iterations': nan, 'status': 'success', 'stopped_reason': nan, 'test_class_counts': '{g:2466,h:1338}', 'test_size': 3804, 'timestamp_utc': '2026-07-22T14:40:18.489661+00:00', 'train_labeled_size': 200, 'train_pool_class_counts': '{g:9866,h:5350}', 'unlabeled_class_counts': '{g:9705,h:5261}', 'val_class_counts': '{g:32,h:18}', 'val_size': 50, 'validation_strategy': 'stratified_labeled_val', 'warm_inference_seconds': 0.6255907621234655}",,False,0.6255907621234655
tabpfn3,/private/ofirlin-lab/suissad4/caches/tabpfn/tabpfn-v3-classifier-v3_default.ckpt,,,nogit:afd539c9e2f221fc,,12.4,MagicTelescope,gpu,False,,,3f9236be15390304,,ssl-tfm,"{'cuda_available': True, 'cuda_version': '12.4', 'env_name': None, 'env_prefix': '/private/ofirlin-lab/suissad4/envs/micromamba', 'gpu_count': 1, 'gpu_name': 'NVIDIA A100 80GB PCIe', 'hostname': 'dsiuriofir01', 'packages': {'catboost': '1.2.10', 'lightgbm': '4.7.0', 'numpy': '2.4.6', 'pandas': '3.0.3', 'scikit-learn': '1.9.0', 'tabicl': '2.1.1', 'tabpfn': '8.1.0', 'torch': '2.6.0+cu124', 'xgboost': None}, 'platform': 'Linux-5.14.0-687.15.1.el9_8.x86_64-x86_64-with-glibc2.34', 'python': '3.11.15 | packaged by conda-forge | (main, Jun 11 2026, 03:34:02) [GCC 14.3.0]', 'python_version': '3.11.15', 'torch_available': True, 'torch_version': '2.6.0+cu124'}",,,NVIDIA A100 80GB PCIe,dsiuriofir01,raw,,tabpfn3,{},44136fa355b3678a,tfm_frozen,official,0.8796004206098843,0.8985594807738786,0.8570532333911601,0.1865057669978841,0.019821337124563326,0.30999053037402274,0.8648686717009698,0.30999053037402274,0.9308822709325149,500,,False,,8.1.0,,inductive,Hollmann et al. TabPFN / TabPFN-3,MagicTelescope__tabpfn3__s0__n500__5fb8ce64901fb24b,6.9604,0,51,18453740,v1_absolute_budget,success,True,2026-07-22T14:40:37.606644+00:00,"{'all_classes_present_in_labeled': True, 'backbone': 'tabpfn3', 'best_epoch': nan, 'best_val_loss': nan, 'checkpoint': '/private/ofirlin-lab/suissad4/caches/tabpfn/tabpfn-v3-classifier-v3_default.ckpt', 'cold_load_seconds': 0.8377545801922679, 'dataset': 'MagicTelescope', 'dataset_id': 1120, 'embedding_source': None, 'epochs_trained': nan, 'error_message': None, 'final_train_loss': nan, 'finetune_epochs_trained': nan, 'graph_n_neighbors_used': nan, 'graph_n_rows': nan, 'graph_n_unlabeled_used': nan, 'graph_retry_count': nan, 'input_view': 'raw', 'kv_cache': None, 'labeled_class_counts': '{g:323,h:177}', 'labeled_classes_present': 2, 'max_labeled_per_class': 323, 'max_selected_confidence': nan, 'mean_selected_confidence': nan, 'mean_selected_density': nan, 'method': 'tabpfn3', 'method_fidelity': 'official', 'metric_accuracy': 0.8796004206098843, 'metric_average_precision': 0.8985594807738786, 'metric_balanced_accuracy': 0.8570532333911601, 'metric_brier': 0.1865057669978841, 'metric_ece': 0.019821337124563326, 'metric_log_loss': 0.30999053037402274, 'metric_macro_f1': 0.8648686717009698, 'metric_nll': 0.30999053037402274, 'metric_roc_auc': 0.9308822709325149, 'min_labeled_per_class': 177, 'min_selected_confidence': nan, 'n_classes': 2, 'n_features_after_preprocessing': 10, 'n_features_before_preprocessing': 10, 'n_labeled': 500, 'n_pseudo_added_last_iter': nan, 'n_pseudo_added_total': nan, 'n_unlabeled': 14716, 'neural_method': nan, 'neural_validation_strategy': nan, 'package_version': '8.1.0', 'peak_gpu_memory_mb': 369.677734375, 'pretrain_epochs_trained': nan, 'protocol': 'inductive', 'pseudo_label_class_distribution': nan, 'pseudo_label_fraction': nan, 'reference_family': 'TabPFN-3 / PriorLabs', 'runtime_seconds': 6.9604, 'seed': 0, 'self_training_iterations': nan, 'status': 'success', 'stopped_reason': nan, 'test_class_counts': '{g:2466,h:1338}', 'test_size': 3804, 'timestamp_utc': '2026-07-22T14:40:30.624081+00:00', 'train_labeled_size': 400, 'train_pool_class_counts': '{g:9866,h:5350}', 'unlabeled_class_counts': '{g:9543,h:5173}', 'val_class_counts': '{g:65,h:35}', 'val_size': 100, 'validation_strategy': 'stratified_labeled_val', 'warm_inference_seconds': 0.7320492300204933}",,False,0.7320492300204933
tabpfn3,/private/ofirlin-lab/suissad4/caches/tabpfn/tabpfn-v3-classifier-v3_default.ckpt,,,nogit:afd539c9e2f221fc,,12.4,MagicTelescope,gpu,False,,,3f9236be15390304,,ssl-tfm,"{'cuda_available': True, 'cuda_version': '12.4', 'env_name': None, 'env_prefix': '/private/ofirlin-lab/suissad4/envs/micromamba', 'gpu_count': 1, 'gpu_name': 'NVIDIA A100 80GB PCIe', 'hostname': 'dsiuriofir01', 'packages': {'catboost': '1.2.10', 'lightgbm': '4.7.0', 'numpy': '2.4.6', 'pandas': '3.0.3', 'scikit-learn': '1.9.0', 'tabicl': '2.1.1', 'tabpfn': '8.1.0', 'torch': '2.6.0+cu124', 'xgboost': None}, 'platform': 'Linux-5.14.0-687.15.1.el9_8.x86_64-x86_64-with-glibc2.34', 'python': '3.11.15 | packaged by conda-forge | (main, Jun 11 2026, 03:34:02) [GCC 14.3.0]', 'python_version': '3.11.15', 'torch_available': True, 'torch_version': '2.6.0+cu124'}",,,NVIDIA A100 80GB PCIe,dsiuriofir01,raw,,tabpfn3,{},44136fa355b3678a,tfm_frozen,official,0.7841745531019979,0.769025712132551,0.7371289901403482,0.29971961864816515,0.03557163999822629,0.4632163228245486,0.748365487244536,0.4632163228245486,0.8437939838303166,50,,False,,8.1.0,,inductive,Hollmann et al. TabPFN / TabPFN-3,MagicTelescope__tabpfn3__s0__n50__c5abebd365e8e8b1,7.2484,0,48,18453513,v1_absolute_budget,success,True,2026-07-22T14:40:02.759188+00:00,"{'all_classes_present_in_labeled': True, 'backbone': 'tabpfn3', 'best_epoch': nan, 'best_val_loss': nan, 'checkpoint': '/private/ofirlin-lab/suissad4/caches/tabpfn/tabpfn-v3-classifier-v3_default.ckpt', 'cold_load_seconds': 0.8392151310108602, 'dataset': 'MagicTelescope', 'dataset_id': 1120, 'embedding_source': None, 'epochs_trained': nan, 'error_message': None, 'final_train_loss': nan, 'finetune_epochs_trained': nan, 'graph_n_neighbors_used': nan, 'graph_n_rows': nan, 'graph_n_unlabeled_used': nan, 'graph_retry_count': nan, 'input_view': 'raw', 'kv_cache': None, 'labeled_class_counts': '{g:32,h:18}', 'labeled_classes_present': 2, 'max_labeled_per_class': 32, 'max_selected_confidence': nan, 'mean_selected_confidence': nan, 'mean_selected_density': nan, 'method': 'tabpfn3', 'method_fidelity': 'official', 'metric_accuracy': 0.7841745531019979, 'metric_average_precision': 0.769025712132551, 'metric_balanced_accuracy': 0.7371289901403482, 'metric_brier': 0.29971961864816515, 'metric_ece': 0.03557163999822629, 'metric_log_loss': 0.4632163228245486, 'metric_macro_f1': 0.748365487244536, 'metric_nll': 0.4632163228245486, 'metric_roc_auc': 0.8437939838303166, 'min_labeled_per_class': 18, 'min_selected_confidence': nan, 'n_classes': 2, 'n_features_after_preprocessing': 10, 'n_features_before_preprocessing': 10, 'n_labeled': 50, 'n_pseudo_added_last_iter': nan, 'n_pseudo_added_total': nan, 'n_unlabeled': 15166, 'neural_method': nan, 'neural_validation_strategy': nan, 'package_version': '8.1.0', 'peak_gpu_memory_mb': 362.91162109375, 'pretrain_epochs_trained': nan, 'protocol': 'inductive', 'pseudo_label_class_distribution': nan, 'pseudo_label_fraction': nan, 'reference_family': 'TabPFN-3 / PriorLabs', 'runtime_seconds': 7.2484, 'seed': 0, 'self_training_iterations': nan, 'status': 'success', 'stopped_reason': nan, 'test_class_counts': '{g:2466,h:1338}', 'test_size': 3804, 'timestamp_utc': '2026-07-22T14:39:55.482550+00:00', 'train_labeled_size': 40, 'train_pool_class_counts': '{g:9866,h:5350}', 'unlabeled_class_counts': '{g:9834,h:5332}', 'val_class_counts': '{g:6,h:4}', 'val_size': 10, 'validation_strategy': 'stratified_labeled_val', 'warm_inference_seconds': 0.6128364610485733}",,False,0.6128364610485733
tabpfn3,/private/ofirlin-lab/suissad4/caches/tabpfn/tabpfn-v3-classifier-v3_default.ckpt,,,nogit:afd539c9e2f221fc,,12.4,MagicTelescope,gpu,False,,,3f9236be15390304,,ssl-tfm,"{'cuda_available': True, 'cuda_version': '12.4', 'env_name': None, 'env_prefix': '/private/ofirlin-lab/suissad4/envs/micromamba', 'gpu_count': 1, 'gpu_name': 'NVIDIA A100 80GB PCIe', 'hostname': 'dsiuriofir01', 'packages': {'catboost': '1.2.10', 'lightgbm': '4.7.0', 'numpy': '2.4.6', 'pandas': '3.0.3', 'scikit-learn': '1.9.0', 'tabicl': '2.1.1', 'tabpfn': '8.1.0', 'torch': '2.6.0+cu124', 'xgboost': None}, 'platform': 'Linux-5.14.0-687.15.1.el9_8.x86_64-x86_64-with-glibc2.34', 'python': '3.11.15 | packaged by conda-forge | (main, Jun 11 2026, 03:34:02) [GCC 14.3.0]', 'python_version': '3.11.15', 'torch_available': True, 'torch_version': '2.6.0+cu124'}",,,NVIDIA A100 80GB PCIe,dsiuriofir01,raw,,tabpfn3,{},44136fa355b3678a,tfm_frozen,official,0.7960042060988434,0.7883429513061156,0.7465949468829898,0.29157537755175905,0.014137704395456932,0.4560727287331236,0.7598484848484848,0.4560727287331236,0.8389011331386376,100,,False,,8.1.0,,inductive,Hollmann et al. TabPFN / TabPFN-3,MagicTelescope__tabpfn3__s1__n100__047c420df7d03ff0,8.716,1,53,18453910,v1_absolute_budget,success,True,2026-07-22T14:41:04.780502+00:00,"{'all_classes_present_in_labeled': True, 'backbone': 'tabpfn3', 'best_epoch': nan, 'best_val_loss': nan, 'checkpoint': '/private/ofirlin-lab/suissad4/caches/tabpfn/tabpfn-v3-classifier-v3_default.ckpt', 'cold_load_seconds': 0.8429480800405145, 'dataset': 'MagicTelescope', 'dataset_id': 1120, 'embedding_source': None, 'epochs_trained': nan, 'error_message': None, 'final_train_loss': nan, 'finetune_epochs_trained': nan, 'graph_n_neighbors_used': nan, 'graph_n_rows': nan, 'graph_n_unlabeled_used': nan, 'graph_retry_count': nan, 'input_view': 'raw', 'kv_cache': None, 'labeled_class_counts': '{g:63,h:37}', 'labeled_classes_present': 2, 'max_labeled_per_class': 63, 'max_selected_confidence': nan, 'mean_selected_confidence': nan, 'mean_selected_density': nan, 'method': 'tabpfn3', 'method_fidelity': 'official', 'metric_accuracy': 0.7960042060988434, 'metric_average_precision': 0.7883429513061156, 'metric_balanced_accuracy': 0.7465949468829898, 'metric_brier': 0.29157537755175905, 'metric_ece': 0.014137704395456932, 'metric_log_loss': 0.4560727287331236, 'metric_macro_f1': 0.7598484848484848, 'metric_nll': 0.4560727287331236, 'metric_roc_auc': 0.8389011331386376, 'min_labeled_per_class': 37, 'min_selected_confidence': nan, 'n_classes': 2, 'n_features_after_preprocessing': 10, 'n_features_before_preprocessing': 10, 'n_labeled': 100, 'n_pseudo_added_last_iter': nan, 'n_pseudo_added_total': nan, 'n_unlabeled': 15116, 'neural_method': nan, 'neural_validation_strategy': nan, 'package_version': '8.1.0', 'peak_gpu_memory_mb': 363.6630859375, 'pretrain_epochs_trained': nan, 'protocol': 'inductive', 'pseudo_label_class_distribution': nan, 'pseudo_label_fraction': nan, 'reference_family': 'TabPFN-3 / PriorLabs', 'runtime_seconds': 8.716, 'seed': 1, 'self_training_iterations': nan, 'status': 'success', 'stopped_reason': nan, 'test_class_counts': '{g:2466,h:1338}', 'test_size': 3804, 'timestamp_utc': '2026-07-22T14:40:56.037593+00:00', 'train_labeled_size': 80, 'train_pool_class_counts': '{g:9866,h:5350}', 'unlabeled_class_counts': '{g:9803,h:5313}', 'val_class_counts': '{g:13,h:7}', 'val_size': 20, 'validation_strategy': 'stratified_labeled_val', 'warm_inference_seconds': 0.6552528562024236}",,False,0.6552528562024236
tabpfn3,/private/ofirlin-lab/suissad4/caches/tabpfn/tabpfn-v3-classifier-v3_default.ckpt,,,nogit:afd539c9e2f221fc,,12.4,MagicTelescope,gpu,False,,,3f9236be15390304,,ssl-tfm,"{'cuda_available': True, 'cuda_version': '12.4', 'env_name': None, 'env_prefix': '/private/ofirlin-lab/suissad4/envs/micromamba', 'gpu_count': 1, 'gpu_name': 'NVIDIA A100 80GB PCIe', 'hostname': 'dsiuriofir01', 'packages': {'catboost': '1.2.10', 'lightgbm': '4.7.0', 'numpy': '2.4.6', 'pandas': '3.0.3', 'scikit-learn': '1.9.0', 'tabicl': '2.1.1', 'tabpfn': '8.1.0', 'torch': '2.6.0+cu124', 'xgboost': None}, 'platform': 'Linux-5.14.0-687.15.1.el9_8.x86_64-x86_64-with-glibc2.34', 'python': '3.11.15 | packaged by conda-forge | (main, Jun 11 2026, 03:34:02) [GCC 14.3.0]', 'python_version': '3.11.15', 'torch_available': True, 'torch_version': '2.6.0+cu124'}",,,NVIDIA A100 80GB PCIe,dsiuriofir01,raw,,tabpfn3,{},44136fa355b3678a,tfm_frozen,official,0.8646161934805467,0.8923270581843629,0.8297700748111536,0.20103872215779656,0.015475296156165648,0.33238908739366113,0.8439956530349799,0.33238908739366113,0.9187787997483261,250,,False,,8.1.0,,inductive,Hollmann et al. TabPFN / TabPFN-3,MagicTelescope__tabpfn3__s1__n250__552c9e6f3971d5c5,7.7641,1,54,18453968,v1_absolute_budget,success,True,2026-07-22T14:41:18.797668+00:00,"{'all_classes_present_in_labeled': True, 'backbone': 'tabpfn3', 'best_epoch': nan, 'best_val_loss': nan, 'checkpoint': '/private/ofirlin-lab/suissad4/caches/tabpfn/tabpfn-v3-classifier-v3_default.ckpt', 'cold_load_seconds': 0.8423336520791054, 'dataset': 'MagicTelescope', 'dataset_id': 1120, 'embedding_source': None, 'epochs_trained': nan, 'error_message': None, 'final_train_loss': nan, 'finetune_epochs_trained': nan, 'graph_n_neighbors_used': nan, 'graph_n_rows': nan, 'graph_n_unlabeled_used': nan, 'graph_retry_count': nan, 'input_view': 'raw', 'kv_cache': None, 'labeled_class_counts': '{g:161,h:89}', 'labeled_classes_present': 2, 'max_labeled_per_class': 161, 'max_selected_confidence': nan, 'mean_selected_confidence': nan, 'mean_selected_density': nan, 'method': 'tabpfn3', 'method_fidelity': 'official', 'metric_accuracy': 0.8646161934805467, 'metric_average_precision': 0.8923270581843629, 'metric_balanced_accuracy': 0.8297700748111536, 'metric_brier': 0.20103872215779656, 'metric_ece': 0.015475296156165648, 'metric_log_loss': 0.33238908739366113, 'metric_macro_f1': 0.8439956530349799, 'metric_nll': 0.33238908739366113, 'metric_roc_auc': 0.9187787997483261, 'min_labeled_per_class': 89, 'min_selected_confidence': nan, 'n_classes': 2, 'n_features_after_preprocessing': 10, 'n_features_before_preprocessing': 10, 'n_labeled': 250, 'n_pseudo_added_last_iter': nan, 'n_pseudo_added_total': nan, 'n_unlabeled': 14966, 'neural_method': nan, 'neural_validation_strategy': nan, 'package_version': '8.1.0', 'peak_gpu_memory_mb': 365.91845703125, 'pretrain_epochs_trained': nan, 'protocol': 'inductive', 'pseudo_label_class_distribution': nan, 'pseudo_label_fraction': nan, 'reference_family': 'TabPFN-3 / PriorLabs', 'runtime_seconds': 7.7641, 'seed': 1, 'self_training_iterations': nan, 'status': 'success', 'stopped_reason': nan, 'test_class_counts': '{g:2466,h:1338}', 'test_size': 3804, 'timestamp_utc': '2026-07-22T14:41:11.008938+00:00', 'train_labeled_size': 200, 'train_pool_class_counts': '{g:9866,h:5350}', 'unlabeled_class_counts': '{g:9705,h:5261}', 'val_class_counts': '{g:32,h:18}', 'val_size': 50, 'validation_strategy': 'stratified_labeled_val', 'warm_inference_seconds': 0.7154137450270355}",,False,0.7154137450270355
tabpfn3,/private/ofirlin-lab/suissad4/caches/tabpfn/tabpfn-v3-classifier-v3_default.ckpt,,,nogit:afd539c9e2f221fc,,12.4,MagicTelescope,gpu,False,,,3f9236be15390304,,ssl-tfm,"{'cuda_available': True, 'cuda_version': '12.4', 'env_name': None, 'env_prefix': '/private/ofirlin-lab/suissad4/envs/micromamba', 'gpu_count': 1, 'gpu_name': 'NVIDIA A100 80GB PCIe', 'hostname': 'dsiuriofir01', 'packages': {'catboost': '1.2.10', 'lightgbm': '4.7.0', 'numpy': '2.4.6', 'pandas': '3.0.3', 'scikit-learn': '1.9.0', 'tabicl': '2.1.1', 'tabpfn': '8.1.0', 'torch': '2.6.0+cu124', 'xgboost': None}, 'platform': 'Linux-5.14.0-687.15.1.el9_8.x86_64-x86_64-with-glibc2.34', 'python': '3.11.15 | packaged by conda-forge | (main, Jun 11 2026, 03:34:02) [GCC 14.3.0]', 'python_version': '3.11.15', 'torch_available': True, 'torch_version': '2.6.0+cu124'}",,,NVIDIA A100 80GB PCIe,dsiuriofir01,raw,,tabpfn3,{},44136fa355b3678a,tfm_frozen,official,0.8696109358569927,0.8995588253541859,0.8416563924075953,0.19279703174027832,0.017918008120872384,0.31537541001349484,0.8521277236065969,0.31537541001349484,0.9268681876206997,500,,False,,8.1.0,,inductive,Hollmann et al. TabPFN / TabPFN-3,MagicTelescope__tabpfn3__s1__n500__5f7a020fd92b1d6a,6.6057,1,55,18454081,v1_absolute_budget,success,True,2026-07-22T14:41:30.212616+00:00,"{'all_classes_present_in_labeled': True, 'backbone': 'tabpfn3', 'best_epoch': nan, 'best_val_loss': nan, 'checkpoint': '/private/ofirlin-lab/suissad4/caches/tabpfn/tabpfn-v3-classifier-v3_default.ckpt', 'cold_load_seconds': 0.8376227482222021, 'dataset': 'MagicTelescope', 'dataset_id': 1120, 'embedding_source': None, 'epochs_trained': nan, 'error_message': None, 'final_train_loss': nan, 'finetune_epochs_trained': nan, 'graph_n_neighbors_used': nan, 'graph_n_rows': nan, 'graph_n_unlabeled_used': nan, 'graph_retry_count': nan, 'input_view': 'raw', 'kv_cache': None, 'labeled_class_counts': '{g:323,h:177}', 'labeled_classes_present': 2, 'max_labeled_per_class': 323, 'max_selected_confidence': nan, 'mean_selected_confidence': nan, 'mean_selected_density': nan, 'method': 'tabpfn3', 'method_fidelity': 'official', 'metric_accuracy': 0.8696109358569927, 'metric_average_precision': 0.8995588253541859, 'metric_balanced_accuracy': 0.8416563924075953, 'metric_brier': 0.19279703174027832, 'metric_ece': 0.017918008120872384, 'metric_log_loss': 0.31537541001349484, 'metric_macro_f1': 0.8521277236065969, 'metric_nll': 0.31537541001349484, 'metric_roc_auc': 0.9268681876206997, 'min_labeled_per_class': 177, 'min_selected_confidence': nan, 'n_classes': 2, 'n_features_after_preprocessing': 10, 'n_features_before_preprocessing': 10, 'n_labeled': 500, 'n_pseudo_added_last_iter': nan, 'n_pseudo_added_total': nan, 'n_unlabeled': 14716, 'neural_method': nan, 'neural_validation_strategy': nan, 'package_version': '8.1.0', 'peak_gpu_memory_mb': 369.677734375, 'pretrain_epochs_trained': nan, 'protocol': 'inductive', 'pseudo_label_class_distribution': nan, 'pseudo_label_fraction': nan, 'reference_family': 'TabPFN-3 / PriorLabs', 'runtime_seconds': 6.6057, 'seed': 1, 'self_training_iterations': nan, 'status': 'success', 'stopped_reason': nan, 'test_class_counts': '{g:2466,h:1338}', 'test_size': 3804, 'timestamp_utc': '2026-07-22T14:41:23.579346+00:00', 'train_labeled_size': 400, 'train_pool_class_counts': '{g:9866,h:5350}', 'unlabeled_class_counts': '{g:9543,h:5173}', 'val_class_counts': '{g:65,h:35}', 'val_size': 100, 'validation_strategy': 'stratified_labeled_val', 'warm_inference_seconds': 0.7433720701374114}",,False,0.7433720701374114
tabpfn3,/private/ofirlin-lab/suissad4/caches/tabpfn/tabpfn-v3-classifier-v3_default.ckpt,,,nogit:afd539c9e2f221fc,,12.4,MagicTelescope,gpu,False,,,3f9236be15390304,,ssl-tfm,"{'cuda_available': True, 'cuda_version': '12.4', 'env_name': None, 'env_prefix': '/private/ofirlin-lab/suissad4/envs/micromamba', 'gpu_count': 1, 'gpu_name': 'NVIDIA A100 80GB PCIe', 'hostname': 'dsiuriofir01', 'packages': {'catboost': '1.2.10', 'lightgbm': '4.7.0', 'numpy': '2.4.6', 'pandas': '3.0.3', 'scikit-learn': '1.9.0', 'tabicl': '2.1.1', 'tabpfn': '8.1.0', 'torch': '2.6.0+cu124', 'xgboost': None}, 'platform': 'Linux-5.14.0-687.15.1.el9_8.x86_64-x86_64-with-glibc2.34', 'python': '3.11.15 | packaged by conda-forge | (main, Jun 11 2026, 03:34:02) [GCC 14.3.0]', 'python_version': '3.11.15', 'torch_available': True, 'torch_version': '2.6.0+cu124'}",,,NVIDIA A100 80GB PCIe,dsiuriofir01,raw,,tabpfn3,{},44136fa355b3678a,tfm_frozen,official,0.7615667718191378,0.7765678411810218,0.7364434333846137,0.30335174770090767,0.04748480583890782,0.4591064243910875,0.7374456919473522,0.4591064243910875,0.8438506589467278,50,,False,,8.1.0,,inductive,Hollmann et al. TabPFN / TabPFN-3,MagicTelescope__tabpfn3__s1__n50__31e51d7d28986ebe,7.1504,1,52,18453853,v1_absolute_budget,success,True,2026-07-22T14:40:49.193690+00:00,"{'all_classes_present_in_labeled': True, 'backbone': 'tabpfn3', 'best_epoch': nan, 'best_val_loss': nan, 'checkpoint': '/private/ofirlin-lab/suissad4/caches/tabpfn/tabpfn-v3-classifier-v3_default.ckpt', 'cold_load_seconds': 0.8638061508536339, 'dataset': 'MagicTelescope', 'dataset_id': 1120, 'embedding_source': None, 'epochs_trained': nan, 'error_message': None, 'final_train_loss': nan, 'finetune_epochs_trained': nan, 'graph_n_neighbors_used': nan, 'graph_n_rows': nan, 'graph_n_unlabeled_used': nan, 'graph_retry_count': nan, 'input_view': 'raw', 'kv_cache': None, 'labeled_class_counts': '{g:32,h:18}', 'labeled_classes_present': 2, 'max_labeled_per_class': 32, 'max_selected_confidence': nan, 'mean_selected_confidence': nan, 'mean_selected_density': nan, 'method': 'tabpfn3', 'method_fidelity': 'official', 'metric_accuracy': 0.7615667718191378, 'metric_average_precision': 0.7765678411810218, 'metric_balanced_accuracy': 0.7364434333846137, 'metric_brier': 0.30335174770090767, 'metric_ece': 0.04748480583890782, 'metric_log_loss': 0.4591064243910875, 'metric_macro_f1': 0.7374456919473522, 'metric_nll': 0.4591064243910875, 'metric_roc_auc': 0.8438506589467278, 'min_labeled_per_class': 18, 'min_selected_confidence': nan, 'n_classes': 2, 'n_features_after_preprocessing': 10, 'n_features_before_preprocessing': 10, 'n_labeled': 50, 'n_pseudo_added_last_iter': nan, 'n_pseudo_added_total': nan, 'n_unlabeled': 15166, 'neural_method': nan, 'neural_validation_strategy': nan, 'package_version': '8.1.0', 'peak_gpu_memory_mb': 362.91162109375, 'pretrain_epochs_trained': nan, 'protocol': 'inductive', 'pseudo_label_class_distribution': nan, 'pseudo_label_fraction': nan, 'reference_family': 'TabPFN-3 / PriorLabs', 'runtime_seconds': 7.1504, 'seed': 1, 'self_training_iterations': nan, 'status': 'success', 'stopped_reason': nan, 'test_class_counts': '{g:2466,h:1338}', 'test_size': 3804, 'timestamp_utc': '2026-07-22T14:40:42.020492+00:00', 'train_labeled_size': 40, 'train_pool_class_counts': '{g:9866,h:5350}', 'unlabeled_class_counts': '{g:9834,h:5332}', 'val_class_counts': '{g:6,h:4}', 'val_size': 10, 'validation_strategy': 'stratified_labeled_val', 'warm_inference_seconds': 0.7001880356110632}",,False,0.7001880356110632
tabpfn3,/private/ofirlin-lab/suissad4/caches/tabpfn/tabpfn-v3-classifier-v3_default.ckpt,,,nogit:afd539c9e2f221fc,,12.4,MagicTelescope,gpu,False,,,3f9236be15390304,,ssl-tfm,"{'cuda_available': True, 'cuda_version': '12.4', 'env_name': None, 'env_prefix': '/private/ofirlin-lab/suissad4/envs/micromamba', 'gpu_count': 1, 'gpu_name': 'NVIDIA A100 80GB PCIe', 'hostname': 'dsiuriofir01', 'packages': {'catboost': '1.2.10', 'lightgbm': '4.7.0', 'numpy': '2.4.6', 'pandas': '3.0.3', 'scikit-learn': '1.9.0', 'tabicl': '2.1.1', 'tabpfn': '8.1.0', 'torch': '2.6.0+cu124', 'xgboost': None}, 'platform': 'Linux-5.14.0-687.15.1.el9_8.x86_64-x86_64-with-glibc2.34', 'python': '3.11.15 | packaged by conda-forge | (main, Jun 11 2026, 03:34:02) [GCC 14.3.0]', 'python_version': '3.11.15', 'torch_available': True, 'torch_version': '2.6.0+cu124'}",,,NVIDIA A100 80GB PCIe,dsiuriofir01,raw,,tabpfn3,{},44136fa355b3678a,tfm_frozen,official,0.8257097791798107,0.8356447875047753,0.7927536469073571,0.25946947305536333,0.05170361794368622,0.43174097357264485,0.8019734252559707,0.43174097357264485,0.8824664162050827,100,,False,,8.1.0,,inductive,Hollmann et al. TabPFN / TabPFN-3,MagicTelescope__tabpfn3__s2__n100__774c92c2d7121e2d,7.2226,2,57,18454419,v1_absolute_budget,success,True,2026-07-22T14:41:58.223480+00:00,"{'all_classes_present_in_labeled': True, 'backbone': 'tabpfn3', 'best_epoch': nan, 'best_val_loss': nan, 'checkpoint': '/private/ofirlin-lab/suissad4/caches/tabpfn/tabpfn-v3-classifier-v3_default.ckpt', 'cold_load_seconds': 0.8383498061448336, 'dataset': 'MagicTelescope', 'dataset_id': 1120, 'embedding_source': None, 'epochs_trained': nan, 'error_message': None, 'final_train_loss': nan, 'finetune_epochs_trained': nan, 'graph_n_neighbors_used': nan, 'graph_n_rows': nan, 'graph_n_unlabeled_used': nan, 'graph_retry_count': nan, 'input_view': 'raw', 'kv_cache': None, 'labeled_class_counts': '{g:63,h:37}', 'labeled_classes_present': 2, 'max_labeled_per_class': 63, 'max_selected_confidence': nan, 'mean_selected_confidence': nan, 'mean_selected_density': nan, 'method': 'tabpfn3', 'method_fidelity': 'official', 'metric_accuracy': 0.8257097791798107, 'metric_average_precision': 0.8356447875047753, 'metric_balanced_accuracy': 0.7927536469073571, 'metric_brier': 0.25946947305536333, 'metric_ece': 0.05170361794368622, 'metric_log_loss': 0.43174097357264485, 'metric_macro_f1': 0.8019734252559707, 'metric_nll': 0.43174097357264485, 'metric_roc_auc': 0.8824664162050827, 'min_labeled_per_class': 37, 'min_selected_confidence': nan, 'n_classes': 2, 'n_features_after_preprocessing': 10, 'n_features_before_preprocessing': 10, 'n_labeled': 100, 'n_pseudo_added_last_iter': nan, 'n_pseudo_added_total': nan, 'n_unlabeled': 15116, 'neural_method': nan, 'neural_validation_strategy': nan, 'package_version': '8.1.0', 'peak_gpu_memory_mb': 363.6630859375, 'pretrain_epochs_trained': nan, 'protocol': 'inductive', 'pseudo_label_class_distribution': nan, 'pseudo_label_fraction': nan, 'reference_family': 'TabPFN-3 / PriorLabs', 'runtime_seconds': 7.2226, 'seed': 2, 'self_training_iterations': nan, 'status': 'success', 'stopped_reason': nan, 'test_class_counts': '{g:2466,h:1338}', 'test_size': 3804, 'timestamp_utc': '2026-07-22T14:41:50.973731+00:00', 'train_labeled_size': 80, 'train_pool_class_counts': '{g:9866,h:5350}', 'unlabeled_class_counts': '{g:9803,h:5313}', 'val_class_counts': '{g:13,h:7}', 'val_size': 20, 'validation_strategy': 'stratified_labeled_val', 'warm_inference_seconds': 0.5984274158254266}",,False,0.5984274158254266
tabpfn3,/private/ofirlin-lab/suissad4/caches/tabpfn/tabpfn-v3-classifier-v3_default.ckpt,,,nogit:afd539c9e2f221fc,,12.4,MagicTelescope,gpu,False,,,3f9236be15390304,,ssl-tfm,"{'cuda_available': True, 'cuda_version': '12.4', 'env_name': None, 'env_prefix': '/private/ofirlin-lab/suissad4/envs/micromamba', 'gpu_count': 1, 'gpu_name': 'NVIDIA A100 80GB PCIe', 'hostname': 'dsiuriofir01', 'packages': {'catboost': '1.2.10', 'lightgbm': '4.7.0', 'numpy': '2.4.6', 'pandas': '3.0.3', 'scikit-learn': '1.9.0', 'tabicl': '2.1.1', 'tabpfn': '8.1.0', 'torch': '2.6.0+cu124', 'xgboost': None}, 'platform': 'Linux-5.14.0-687.15.1.el9_8.x86_64-x86_64-with-glibc2.34', 'python': '3.11.15 | packaged by conda-forge | (main, Jun 11 2026, 03:34:02) [GCC 14.3.0]', 'python_version': '3.11.15', 'torch_available': True, 'torch_version': '2.6.0+cu124'}",,,NVIDIA A100 80GB PCIe,dsiuriofir01,raw,,tabpfn3,{},44136fa355b3678a,tfm_frozen,official,0.8451629863301787,0.8627361753386346,0.8180137765994202,0.2290009256872876,0.030532568965904457,0.373269179184695,0.8257051452842188,0.373269179184695,0.901203452151048,250,,False,,8.1.0,,inductive,Hollmann et al. TabPFN / TabPFN-3,MagicTelescope__tabpfn3__s2__n250__5e5f649a951a770b,6.6257,2,58,18454533,v1_absolute_budget,success,True,2026-07-22T14:42:08.693128+00:00,"{'all_classes_present_in_labeled': True, 'backbone': 'tabpfn3', 'best_epoch': nan, 'best_val_loss': nan, 'checkpoint': '/private/ofirlin-lab/suissad4/caches/tabpfn/tabpfn-v3-classifier-v3_default.ckpt', 'cold_load_seconds': 0.84814687166363, 'dataset': 'MagicTelescope', 'dataset_id': 1120, 'embedding_source': None, 'epochs_trained': nan, 'error_message': None, 'final_train_loss': nan, 'finetune_epochs_trained': nan, 'graph_n_neighbors_used': nan, 'graph_n_rows': nan, 'graph_n_unlabeled_used': nan, 'graph_retry_count': nan, 'input_view': 'raw', 'kv_cache': None, 'labeled_class_counts': '{g:161,h:89}', 'labeled_classes_present': 2, 'max_labeled_per_class': 161, 'max_selected_confidence': nan, 'mean_selected_confidence': nan, 'mean_selected_density': nan, 'method': 'tabpfn3', 'method_fidelity': 'official', 'metric_accuracy': 0.8451629863301787, 'metric_average_precision': 0.8627361753386346, 'metric_balanced_accuracy': 0.8180137765994202, 'metric_brier': 0.2290009256872876, 'metric_ece': 0.030532568965904457, 'metric_log_loss': 0.373269179184695, 'metric_macro_f1': 0.8257051452842188, 'metric_nll': 0.373269179184695, 'metric_roc_auc': 0.901203452151048, 'min_labeled_per_class': 89, 'min_selected_confidence': nan, 'n_classes': 2, 'n_features_after_preprocessing': 10, 'n_features_before_preprocessing': 10, 'n_labeled': 250, 'n_pseudo_added_last_iter': nan, 'n_pseudo_added_total': nan, 'n_unlabeled': 14966, 'neural_method': nan, 'neural_validation_strategy': nan, 'package_version': '8.1.0', 'peak_gpu_memory_mb': 365.91845703125, 'pretrain_epochs_trained': nan, 'protocol': 'inductive', 'pseudo_label_class_distribution': nan, 'pseudo_label_fraction': nan, 'reference_family': 'TabPFN-3 / PriorLabs', 'runtime_seconds': 6.6257, 'seed': 2, 'self_training_iterations': nan, 'status': 'success', 'stopped_reason': nan, 'test_class_counts': '{g:2466,h:1338}', 'test_size': 3804, 'timestamp_utc': '2026-07-22T14:42:02.025773+00:00', 'train_labeled_size': 200, 'train_pool_class_counts': '{g:9866,h:5350}', 'unlabeled_class_counts': '{g:9705,h:5261}', 'val_class_counts': '{g:32,h:18}', 'val_size': 50, 'validation_strategy': 'stratified_labeled_val', 'warm_inference_seconds': 0.6637782789766788}",,False,0.6637782789766788
tabpfn3,/private/ofirlin-lab/suissad4/caches/tabpfn/tabpfn-v3-classifier-v3_default.ckpt,,,nogit:afd539c9e2f221fc,,12.4,MagicTelescope,gpu,False,,,3f9236be15390304,,ssl-tfm,"{'cuda_available': True, 'cuda_version': '12.4', 'env_name': None, 'env_prefix': '/private/ofirlin-lab/suissad4/envs/micromamba', 'gpu_count': 1, 'gpu_name': 'NVIDIA A100 80GB PCIe', 'hostname': 'dsiuriofir01', 'packages': {'catboost': '1.2.10', 'lightgbm': '4.7.0', 'numpy': '2.4.6', 'pandas': '3.0.3', 'scikit-learn': '1.9.0', 'tabicl': '2.1.1', 'tabpfn': '8.1.0', 'torch': '2.6.0+cu124', 'xgboost': None}, 'platform': 'Linux-5.14.0-687.15.1.el9_8.x86_64-x86_64-with-glibc2.34', 'python': '3.11.15 | packaged by conda-forge | (main, Jun 11 2026, 03:34:02) [GCC 14.3.0]', 'python_version': '3.11.15', 'torch_available': True, 'torch_version': '2.6.0+cu124'}",,,NVIDIA A100 80GB PCIe,dsiuriofir01,raw,,tabpfn3,{},44136fa355b3678a,tfm_frozen,official,0.8606729758149316,0.8898789808138035,0.830318338370448,0.20434679364161656,0.025937102533375694,0.3320626869877827,0.8414019984046746,0.3320626869877827,0.9210500474616216,500,,False,,8.1.0,,inductive,Hollmann et al. TabPFN / TabPFN-3,MagicTelescope__tabpfn3__s2__n500__c99c52dc1da1a96b,7.3731,2,59,18454590,v1_absolute_budget,success,True,2026-07-22T14:42:22.068516+00:00,"{'all_classes_present_in_labeled': True, 'backbone': 'tabpfn3', 'best_epoch': nan, 'best_val_loss': nan, 'checkpoint': '/private/ofirlin-lab/suissad4/caches/tabpfn/tabpfn-v3-classifier-v3_default.ckpt', 'cold_load_seconds': 0.8515121848322451, 'dataset': 'MagicTelescope', 'dataset_id': 1120, 'embedding_source': None, 'epochs_trained': nan, 'error_message': None, 'final_train_loss': nan, 'finetune_epochs_trained': nan, 'graph_n_neighbors_used': nan, 'graph_n_rows': nan, 'graph_n_unlabeled_used': nan, 'graph_retry_count': nan, 'input_view': 'raw', 'kv_cache': None, 'labeled_class_counts': '{g:323,h:177}', 'labeled_classes_present': 2, 'max_labeled_per_class': 323, 'max_selected_confidence': nan, 'mean_selected_confidence': nan, 'mean_selected_density': nan, 'method': 'tabpfn3', 'method_fidelity': 'official', 'metric_accuracy': 0.8606729758149316, 'metric_average_precision': 0.8898789808138035, 'metric_balanced_accuracy': 0.830318338370448, 'metric_brier': 0.20434679364161656, 'metric_ece': 0.025937102533375694, 'metric_log_loss': 0.3320626869877827, 'metric_macro_f1': 0.8414019984046746, 'metric_nll': 0.3320626869877827, 'metric_roc_auc': 0.9210500474616216, 'min_labeled_per_class': 177, 'min_selected_confidence': nan, 'n_classes': 2, 'n_features_after_preprocessing': 10, 'n_features_before_preprocessing': 10, 'n_labeled': 500, 'n_pseudo_added_last_iter': nan, 'n_pseudo_added_total': nan, 'n_unlabeled': 14716, 'neural_method': nan, 'neural_validation_strategy': nan, 'package_version': '8.1.0', 'peak_gpu_memory_mb': 369.677734375, 'pretrain_epochs_trained': nan, 'protocol': 'inductive', 'pseudo_label_class_distribution': nan, 'pseudo_label_fraction': nan, 'reference_family': 'TabPFN-3 / PriorLabs', 'runtime_seconds': 7.3731, 'seed': 2, 'self_training_iterations': nan, 'status': 'success', 'stopped_reason': nan, 'test_class_counts': '{g:2466,h:1338}', 'test_size': 3804, 'timestamp_utc': '2026-07-22T14:42:14.668627+00:00', 'train_labeled_size': 400, 'train_pool_class_counts': '{g:9866,h:5350}', 'unlabeled_class_counts': '{g:9543,h:5173}', 'val_class_counts': '{g:65,h:35}', 'val_size': 100, 'validation_strategy': 'stratified_labeled_val', 'warm_inference_seconds': 0.6575637483038008}",,False,0.6575637483038008
tabpfn3,/private/ofirlin-lab/suissad4/caches/tabpfn/tabpfn-v3-classifier-v3_default.ckpt,,,nogit:afd539c9e2f221fc,,12.4,MagicTelescope,gpu,False,,,3f9236be15390304,,ssl-tfm,"{'cuda_available': True, 'cuda_version': '12.4', 'env_name': None, 'env_prefix': '/private/ofirlin-lab/suissad4/envs/micromamba', 'gpu_count': 1, 'gpu_name': 'NVIDIA A100 80GB PCIe', 'hostname': 'dsiuriofir01', 'packages': {'catboost': '1.2.10', 'lightgbm': '4.7.0', 'numpy': '2.4.6', 'pandas': '3.0.3', 'scikit-learn': '1.9.0', 'tabicl': '2.1.1', 'tabpfn': '8.1.0', 'torch': '2.6.0+cu124', 'xgboost': None}, 'platform': 'Linux-5.14.0-687.15.1.el9_8.x86_64-x86_64-with-glibc2.34', 'python': '3.11.15 | packaged by conda-forge | (main, Jun 11 2026, 03:34:02) [GCC 14.3.0]', 'python_version': '3.11.15', 'torch_available': True, 'torch_version': '2.6.0+cu124'}",,,NVIDIA A100 80GB PCIe,dsiuriofir01,raw,,tabpfn3,{},44136fa355b3678a,tfm_frozen,official,0.7718191377497371,0.7620110110347273,0.7388810695412771,0.3176184920430464,0.0722222244954518,0.5026482933808808,0.7438995786821874,0.5026482933808808,0.8383316542951251,50,,False,,8.1.0,,inductive,Hollmann et al. TabPFN / TabPFN-3,MagicTelescope__tabpfn3__s2__n50__026a2b0ac83aee7c,10.4502,2,56,18454138,v1_absolute_budget,success,True,2026-07-22T14:41:45.374756+00:00,"{'all_classes_present_in_labeled': True, 'backbone': 'tabpfn3', 'best_epoch': nan, 'best_val_loss': nan, 'checkpoint': '/private/ofirlin-lab/suissad4/caches/tabpfn/tabpfn-v3-classifier-v3_default.ckpt', 'cold_load_seconds': 0.843640792183578, 'dataset': 'MagicTelescope', 'dataset_id': 1120, 'embedding_source': None, 'epochs_trained': nan, 'error_message': None, 'final_train_loss': nan, 'finetune_epochs_trained': nan, 'graph_n_neighbors_used': nan, 'graph_n_rows': nan, 'graph_n_unlabeled_used': nan, 'graph_retry_count': nan, 'input_view': 'raw', 'kv_cache': None, 'labeled_class_counts': '{g:32,h:18}', 'labeled_classes_present': 2, 'max_labeled_per_class': 32, 'max_selected_confidence': nan, 'mean_selected_confidence': nan, 'mean_selected_density': nan, 'method': 'tabpfn3', 'method_fidelity': 'official', 'metric_accuracy': 0.7718191377497371, 'metric_average_precision': 0.7620110110347273, 'metric_balanced_accuracy': 0.7388810695412771, 'metric_brier': 0.3176184920430464, 'metric_ece': 0.0722222244954518, 'metric_log_loss': 0.5026482933808808, 'metric_macro_f1': 0.7438995786821874, 'metric_nll': 0.5026482933808808, 'metric_roc_auc': 0.8383316542951251, 'min_labeled_per_class': 18, 'min_selected_confidence': nan, 'n_classes': 2, 'n_features_after_preprocessing': 10, 'n_features_before_preprocessing': 10, 'n_labeled': 50, 'n_pseudo_added_last_iter': nan, 'n_pseudo_added_total': nan, 'n_unlabeled': 15166, 'neural_method': nan, 'neural_validation_strategy': nan, 'package_version': '8.1.0', 'peak_gpu_memory_mb': 362.91162109375, 'pretrain_epochs_trained': nan, 'protocol': 'inductive', 'pseudo_label_class_distribution': nan, 'pseudo_label_fraction': nan, 'reference_family': 'TabPFN-3 / PriorLabs', 'runtime_seconds': 10.4502, 'seed': 2, 'self_training_iterations': nan, 'status': 'success', 'stopped_reason': nan, 'test_class_counts': '{g:2466,h:1338}', 'test_size': 3804, 'timestamp_utc': '2026-07-22T14:41:34.902862+00:00', 'train_labeled_size': 40, 'train_pool_class_counts': '{g:9866,h:5350}', 'unlabeled_class_counts': '{g:9834,h:5332}', 'val_class_counts': '{g:6,h:4}', 'val_size': 10, 'validation_strategy': 'stratified_labeled_val', 'warm_inference_seconds': 0.6113768718205392}",,False,0.6113768718205392
tabiclv2,tabicl-classifier-v2-20260212.ckpt,,,nogit:afd539c9e2f221fc,,12.4,adult,gpu,False,,,3f9236be15390304,,ssl-tfm,"{'cuda_available': True, 'cuda_version': '12.4', 'env_name': None, 'env_prefix': '/private/ofirlin-lab/suissad4/envs/micromamba', 'gpu_count': 1, 'gpu_name': 'NVIDIA A100 80GB PCIe', 'hostname': 'dsiuriofir01', 'packages': {'catboost': '1.2.10', 'lightgbm': '4.7.0', 'numpy': '2.4.6', 'pandas': '3.0.3', 'scikit-learn': '1.9.0', 'tabicl': '2.1.1', 'tabpfn': '8.1.0', 'torch': '2.6.0+cu124', 'xgboost': None}, 'platform': 'Linux-5.14.0-687.15.1.el9_8.x86_64-x86_64-with-glibc2.34', 'python': '3.11.15 | packaged by conda-forge | (main, Jun 11 2026, 03:34:02) [GCC 14.3.0]', 'python_version': '3.11.15', 'torch_available': True, 'torch_version': '2.6.0+cu124'}",,,NVIDIA A100 80GB PCIe,dsiuriofir01,raw,True,tabiclv2,{},44136fa355b3678a,tfm_frozen,official,0.8193264407820657,0.6753353184277309,0.7327630050470604,0.24492058886087031,0.017632207196338782,0.37823395871418114,0.7417584265047747,0.37823395871418114,0.864579394184697,100,,False,,unknown,,inductive,TabICL / TabICLv2,adult__tabiclv2__s0__n100__7e4c8ab5f51bb501,5.1002,0,205,18455328,v1_absolute_budget,success,True,2026-07-22T15:00:48.744115+00:00,"{'all_classes_present_in_labeled': True, 'backbone': 'tabiclv2', 'best_epoch': nan, 'best_val_loss': nan, 'checkpoint': 'tabicl-classifier-v2-20260212.ckpt', 'cold_load_seconds': 0.7751270621083677, 'dataset': 'adult', 'dataset_id': 1590, 'embedding_source': None, 'epochs_trained': nan, 'error_message': None, 'final_train_loss': nan, 'finetune_epochs_trained': nan, 'graph_n_neighbors_used': nan, 'graph_n_rows': nan, 'graph_n_unlabeled_used': nan, 'graph_retry_count': nan, 'input_view': 'raw', 'kv_cache': True, 'labeled_class_counts': '{<=50K:73,>50K:27}', 'labeled_classes_present': 2, 'max_labeled_per_class': 73, 'max_selected_confidence': nan, 'mean_selected_confidence': nan, 'mean_selected_density': nan, 'method': 'tabiclv2', 'method_fidelity': 'official', 'metric_accuracy': 0.8193264407820657, 'metric_average_precision': 0.6753353184277309, 'metric_balanced_accuracy': 0.7327630050470604, 'metric_brier': 0.24492058886087031, 'metric_ece': 0.017632207196338782, 'metric_log_loss': 0.37823395871418114, 'metric_macro_f1': 0.7417584265047747, 'metric_nll': 0.37823395871418114, 'metric_roc_auc': 0.864579394184697, 'min_labeled_per_class': 27, 'min_selected_confidence': nan, 'n_classes': 2, 'n_features_after_preprocessing': 108, 'n_features_before_preprocessing': 14, 'n_labeled': 100, 'n_pseudo_added_last_iter': nan, 'n_pseudo_added_total': nan, 'n_unlabeled': 38973, 'neural_method': nan, 'neural_validation_strategy': nan, 'package_version': 'unknown', 'peak_gpu_memory_mb': 3649.87744140625, 'pretrain_epochs_trained': nan, 'protocol': 'inductive', 'pseudo_label_class_distribution': nan, 'pseudo_label_fraction': nan, 'reference_family': 'TabICLv2 / soda-inria/tabicl', 'runtime_seconds': 5.1002, 'seed': 0, 'self_training_iterations': nan, 'status': 'success', 'stopped_reason': nan, 'test_class_counts': '{<=50K:7431,>50K:2338}', 'test_size': 9769, 'timestamp_utc': '2026-07-22T15:00:43.623738+00:00', 'train_labeled_size': 80, 'train_pool_class_counts': '{<=50K:29724,>50K:9349}', 'unlabeled_class_counts': '{<=50K:29651,>50K:9322}', 'val_class_counts': '{<=50K:15,>50K:5}', 'val_size': 20, 'validation_strategy': 'stratified_labeled_val', 'warm_inference_seconds': 0.7237333110533655}",,False,0.7237333110533655
tabiclv2,tabicl-classifier-v2-20260212.ckpt,,,nogit:afd539c9e2f221fc,,12.4,adult,gpu,False,,,3f9236be15390304,,ssl-tfm,"{'cuda_available': True, 'cuda_version': '12.4', 'env_name': None, 'env_prefix': '/private/ofirlin-lab/suissad4/envs/micromamba', 'gpu_count': 1, 'gpu_name': 'NVIDIA A100 80GB PCIe', 'hostname': 'dsiuriofir01', 'packages': {'catboost': '1.2.10', 'lightgbm': '4.7.0', 'numpy': '2.4.6', 'pandas': '3.0.3', 'scikit-learn': '1.9.0', 'tabicl': '2.1.1', 'tabpfn': '8.1.0', 'torch': '2.6.0+cu124', 'xgboost': None}, 'platform': 'Linux-5.14.0-687.15.1.el9_8.x86_64-x86_64-with-glibc2.34', 'python': '3.11.15 | packaged by conda-forge | (main, Jun 11 2026, 03:34:02) [GCC 14.3.0]', 'python_version': '3.11.15', 'torch_available': True, 'torch_version': '2.6.0+cu124'}",,,NVIDIA A100 80GB PCIe,dsiuriofir01,raw,True,tabiclv2,{},44136fa355b3678a,tfm_frozen,official,0.8187122530453476,0.6772178620572061,0.7474562381091672,0.2450743618129233,0.012127410674222789,0.3769639650185,0.7492376096153364,0.3769639650185,0.8669079742355073,250,,False,,unknown,,inductive,TabICL / TabICLv2,adult__tabiclv2__s0__n250__89c5e0be435ca860,4.643,0,206,18455329,v1_absolute_budget,success,True,2026-07-22T15:00:50.077533+00:00,"{'all_classes_present_in_labeled': True, 'backbone': 'tabiclv2', 'best_epoch': nan, 'best_val_loss': nan, 'checkpoint': 'tabicl-classifier-v2-20260212.ckpt', 'cold_load_seconds': 0.7662389609031379, 'dataset': 'adult', 'dataset_id': 1590, 'embedding_source': None, 'epochs_trained': nan, 'error_message': None, 'final_train_loss': nan, 'finetune_epochs_trained': nan, 'graph_n_neighbors_used': nan, 'graph_n_rows': nan, 'graph_n_unlabeled_used': nan, 'graph_retry_count': nan, 'input_view': 'raw', 'kv_cache': True, 'labeled_class_counts': '{<=50K:188,>50K:62}', 'labeled_classes_present': 2, 'max_labeled_per_class': 188, 'max_selected_confidence': nan, 'mean_selected_confidence': nan, 'mean_selected_density': nan, 'method': 'tabiclv2', 'method_fidelity': 'official', 'metric_accuracy': 0.8187122530453476, 'metric_average_precision': 0.6772178620572061, 'metric_balanced_accuracy': 0.7474562381091672, 'metric_brier': 0.2450743618129233, 'metric_ece': 0.012127410674222789, 'metric_log_loss': 0.3769639650185, 'metric_macro_f1': 0.7492376096153364, 'metric_nll': 0.3769639650185, 'metric_roc_auc': 0.8669079742355073, 'min_labeled_per_class': 62, 'min_selected_confidence': nan, 'n_classes': 2, 'n_features_after_preprocessing': 108, 'n_features_before_preprocessing': 14, 'n_labeled': 250, 'n_pseudo_added_last_iter': nan, 'n_pseudo_added_total': nan, 'n_unlabeled': 38823, 'neural_method': nan, 'neural_validation_strategy': nan, 'package_version': 'unknown', 'peak_gpu_memory_mb': 3695.87060546875, 'pretrain_epochs_trained': nan, 'protocol': 'inductive', 'pseudo_label_class_distribution': nan, 'pseudo_label_fraction': nan, 'reference_family': 'TabICLv2 / soda-inria/tabicl', 'runtime_seconds': 4.643, 'seed': 0, 'self_training_iterations': nan, 'status': 'success', 'stopped_reason': nan, 'test_class_counts': '{<=50K:7431,>50K:2338}', 'test_size': 9769, 'timestamp_utc': '2026-07-22T15:00:45.412816+00:00', 'train_labeled_size': 200, 'train_pool_class_counts': '{<=50K:29724,>50K:9349}', 'unlabeled_class_counts': '{<=50K:29536,>50K:9287}', 'val_class_counts': '{<=50K:38,>50K:12}', 'val_size': 50, 'validation_strategy': 'stratified_labeled_val', 'warm_inference_seconds': 0.7718894048593938}",,False,0.7718894048593938
tabiclv2,tabicl-classifier-v2-20260212.ckpt,,,nogit:afd539c9e2f221fc,,12.4,adult,gpu,False,,,3f9236be15390304,,ssl-tfm,"{'cuda_available': True, 'cuda_version': '12.4', 'env_name': None, 'env_prefix': '/private/ofirlin-lab/suissad4/envs/micromamba', 'gpu_count': 1, 'gpu_name': 'NVIDIA A100 80GB PCIe', 'hostname': 'dsiuriofir01', 'packages': {'catboost': '1.2.10', 'lightgbm': '4.7.0', 'numpy': '2.4.6', 'pandas': '3.0.3', 'scikit-learn': '1.9.0', 'tabicl': '2.1.1', 'tabpfn': '8.1.0', 'torch': '2.6.0+cu124', 'xgboost': None}, 'platform': 'Linux-5.14.0-687.15.1.el9_8.x86_64-x86_64-with-glibc2.34', 'python': '3.11.15 | packaged by conda-forge | (main, Jun 11 2026, 03:34:02) [GCC 14.3.0]', 'python_version': '3.11.15', 'torch_available': True, 'torch_version': '2.6.0+cu124'}",,,NVIDIA A100 80GB PCIe,dsiuriofir01,raw,True,tabiclv2,{},44136fa355b3678a,tfm_frozen,official,0.8446105026102979,0.7316066793754687,0.74337310729484,0.21828327221413452,0.01344696333745575,0.3420751441272417,0.7651239041427329,0.3420751441272417,0.8908815105241388,500,,False,,unknown,,inductive,TabICL / TabICLv2,adult__tabiclv2__s0__n500__c576fbc5d9070349,5.4006,0,207,18455330,v1_absolute_budget,success,True,2026-07-22T15:00:57.737073+00:00,"{'all_classes_present_in_labeled': True, 'backbone': 'tabiclv2', 'best_epoch': nan, 'best_val_loss': nan, 'checkpoint': 'tabicl-classifier-v2-20260212.ckpt', 'cold_load_seconds': 0.8196115880273283, 'dataset': 'adult', 'dataset_id': 1590, 'embedding_source': None, 'epochs_trained': nan, 'error_message': None, 'final_train_loss': nan, 'finetune_epochs_trained': nan, 'graph_n_neighbors_used': nan, 'graph_n_rows': nan, 'graph_n_unlabeled_used': nan, 'graph_retry_count': nan, 'input_view': 'raw', 'kv_cache': True, 'labeled_class_counts': '{<=50K:378,>50K:122}', 'labeled_classes_present': 2, 'max_labeled_per_class': 378, 'max_selected_confidence': nan, 'mean_selected_confidence': nan, 'mean_selected_density': nan, 'method': 'tabiclv2', 'method_fidelity': 'official', 'metric_accuracy': 0.8446105026102979, 'metric_average_precision': 0.7316066793754687, 'metric_balanced_accuracy': 0.74337310729484, 'metric_brier': 0.21828327221413452, 'metric_ece': 0.01344696333745575, 'metric_log_loss': 0.3420751441272417, 'metric_macro_f1': 0.7651239041427329, 'metric_nll': 0.3420751441272417, 'metric_roc_auc': 0.8908815105241388, 'min_labeled_per_class': 122, 'min_selected_confidence': nan, 'n_classes': 2, 'n_features_after_preprocessing': 108, 'n_features_before_preprocessing': 14, 'n_labeled': 500, 'n_pseudo_added_last_iter': nan, 'n_pseudo_added_total': nan, 'n_unlabeled': 38573, 'neural_method': nan, 'neural_validation_strategy': nan, 'package_version': 'unknown', 'peak_gpu_memory_mb': 3769.95263671875, 'pretrain_epochs_trained': nan, 'protocol': 'inductive', 'pseudo_label_class_distribution': nan, 'pseudo_label_fraction': nan, 'reference_family': 'TabICLv2 / soda-inria/tabicl', 'runtime_seconds': 5.4006, 'seed': 0, 'self_training_iterations': nan, 'status': 'success', 'stopped_reason': nan, 'test_class_counts': '{<=50K:7431,>50K:2338}', 'test_size': 9769, 'timestamp_utc': '2026-07-22T15:00:52.316688+00:00', 'train_labeled_size': 400, 'train_pool_class_counts': '{<=50K:29724,>50K:9349}', 'unlabeled_class_counts': '{<=50K:29346,>50K:9227}', 'val_class_counts': '{<=50K:76,>50K:24}', 'val_size': 100, 'validation_strategy': 'stratified_labeled_val', 'warm_inference_seconds': 0.7586374650709331}",,False,0.7586374650709331
tabiclv2,tabicl-classifier-v2-20260212.ckpt,,,nogit:afd539c9e2f221fc,,12.4,adult,gpu,False,,,3f9236be15390304,,ssl-tfm,"{'cuda_available': True, 'cuda_version': '12.4', 'env_name': None, 'env_prefix': '/private/ofirlin-lab/suissad4/envs/micromamba', 'gpu_count': 1, 'gpu_name': 'NVIDIA A100 80GB PCIe', 'hostname': 'dsiuriofir01', 'packages': {'catboost': '1.2.10', 'lightgbm': '4.7.0', 'numpy': '2.4.6', 'pandas': '3.0.3', 'scikit-learn': '1.9.0', 'tabicl': '2.1.1', 'tabpfn': '8.1.0', 'torch': '2.6.0+cu124', 'xgboost': None}, 'platform': 'Linux-5.14.0-687.15.1.el9_8.x86_64-x86_64-with-glibc2.34', 'python': '3.11.15 | packaged by conda-forge | (main, Jun 11 2026, 03:34:02) [GCC 14.3.0]', 'python_version': '3.11.15', 'torch_available': True, 'torch_version': '2.6.0+cu124'}",,,NVIDIA A100 80GB PCIe,dsiuriofir01,raw,True,tabiclv2,{},44136fa355b3678a,tfm_frozen,official,0.7882075954550107,0.5648714413331603,0.672293914967228,0.307844071429764,0.09156032400828987,0.4954617973863612,0.6847684692063378,0.4954617973863612,0.8033527500624797,50,,False,,unknown,,inductive,TabICL / TabICLv2,adult__tabiclv2__s0__n50__8c03c62d3bd6dd96,5.1948,0,204,18455327,v1_absolute_budget,success,True,2026-07-22T15:00:39.974344+00:00,"{'all_classes_present_in_labeled': True, 'backbone': 'tabiclv2', 'best_epoch': nan, 'best_val_loss': nan, 'checkpoint': 'tabicl-classifier-v2-20260212.ckpt', 'cold_load_seconds': 0.7799686281941831, 'dataset': 'adult', 'dataset_id': 1590, 'embedding_source': None, 'epochs_trained': nan, 'error_message': None, 'final_train_loss': nan, 'finetune_epochs_trained': nan, 'graph_n_neighbors_used': nan, 'graph_n_rows': nan, 'graph_n_unlabeled_used': nan, 'graph_retry_count': nan, 'input_view': 'raw', 'kv_cache': True, 'labeled_class_counts': '{<=50K:36,>50K:14}', 'labeled_classes_present': 2, 'max_labeled_per_class': 36, 'max_selected_confidence': nan, 'mean_selected_confidence': nan, 'mean_selected_density': nan, 'method': 'tabiclv2', 'method_fidelity': 'official', 'metric_accuracy': 0.7882075954550107, 'metric_average_precision': 0.5648714413331603, 'metric_balanced_accuracy': 0.672293914967228, 'metric_brier': 0.307844071429764, 'metric_ece': 0.09156032400828987, 'metric_log_loss': 0.4954617973863612, 'metric_macro_f1': 0.6847684692063378, 'metric_nll': 0.4954617973863612, 'metric_roc_auc': 0.8033527500624797, 'min_labeled_per_class': 14, 'min_selected_confidence': nan, 'n_classes': 2, 'n_features_after_preprocessing': 108, 'n_features_before_preprocessing': 14, 'n_labeled': 50, 'n_pseudo_added_last_iter': nan, 'n_pseudo_added_total': nan, 'n_unlabeled': 39023, 'neural_method': nan, 'neural_validation_strategy': nan, 'package_version': 'unknown', 'peak_gpu_memory_mb': 3633.53955078125, 'pretrain_epochs_trained': nan, 'protocol': 'inductive', 'pseudo_label_class_distribution': nan, 'pseudo_label_fraction': nan, 'reference_family': 'TabICLv2 / soda-inria/tabicl', 'runtime_seconds': 5.1948, 'seed': 0, 'self_training_iterations': nan, 'status': 'success', 'stopped_reason': nan, 'test_class_counts': '{<=50K:7431,>50K:2338}', 'test_size': 9769, 'timestamp_utc': '2026-07-22T15:00:34.759242+00:00', 'train_labeled_size': 40, 'train_pool_class_counts': '{<=50K:29724,>50K:9349}', 'unlabeled_class_counts': '{<=50K:29688,>50K:9335}', 'val_class_counts': '{<=50K:7,>50K:3}', 'val_size': 10, 'validation_strategy': 'stratified_labeled_val', 'warm_inference_seconds': 0.7240555048920214}",,False,0.7240555048920214
tabiclv2,tabicl-classifier-v2-20260212.ckpt,,,nogit:afd539c9e2f221fc,,12.4,adult,gpu,False,,,3f9236be15390304,,ssl-tfm,"{'cuda_available': True, 'cuda_version': '12.4', 'env_name': None, 'env_prefix': '/private/ofirlin-lab/suissad4/envs/micromamba', 'gpu_count': 1, 'gpu_name': 'NVIDIA A100 80GB PCIe', 'hostname': 'dsiuriofir01', 'packages': {'catboost': '1.2.10', 'lightgbm': '4.7.0', 'numpy': '2.4.6', 'pandas': '3.0.3', 'scikit-learn': '1.9.0', 'tabicl': '2.1.1', 'tabpfn': '8.1.0', 'torch': '2.6.0+cu124', 'xgboost': None}, 'platform': 'Linux-5.14.0-687.15.1.el9_8.x86_64-x86_64-with-glibc2.34', 'python': '3.11.15 | packaged by conda-forge | (main, Jun 11 2026, 03:34:02) [GCC 14.3.0]', 'python_version': '3.11.15', 'torch_available': True, 'torch_version': '2.6.0+cu124'}",,,NVIDIA A100 80GB PCIe,dsiuriofir01,raw,True,tabiclv2,{},44136fa355b3678a,tfm_frozen,official,0.8233186610707339,0.6705980955428875,0.7302571165414715,0.24105456905394063,0.028139631871768524,0.37592543172648235,0.7429249408193375,0.37592543172648235,0.8707961261858314,100,,False,,unknown,,inductive,TabICL / TabICLv2,adult__tabiclv2__s1__n100__3d4c744b28c1268d,5.2879,1,209,18455332,v1_absolute_budget,success,True,2026-07-22T15:01:06.534067+00:00,"{'all_classes_present_in_labeled': True, 'backbone': 'tabiclv2', 'best_epoch': nan, 'best_val_loss': nan, 'checkpoint': 'tabicl-classifier-v2-20260212.ckpt', 'cold_load_seconds': 0.7473507691174746, 'dataset': 'adult', 'dataset_id': 1590, 'embedding_source': None, 'epochs_trained': nan, 'error_message': None, 'final_train_loss': nan, 'finetune_epochs_trained': nan, 'graph_n_neighbors_used': nan, 'graph_n_rows': nan, 'graph_n_unlabeled_used': nan, 'graph_retry_count': nan, 'input_view': 'raw', 'kv_cache': True, 'labeled_class_counts': '{<=50K:73,>50K:27}', 'labeled_classes_present': 2, 'max_labeled_per_class': 73, 'max_selected_confidence': nan, 'mean_selected_confidence': nan, 'mean_selected_density': nan, 'method': 'tabiclv2', 'method_fidelity': 'official', 'metric_accuracy': 0.8233186610707339, 'metric_average_precision': 0.6705980955428875, 'metric_balanced_accuracy': 0.7302571165414715, 'metric_brier': 0.24105456905394063, 'metric_ece': 0.028139631871768524, 'metric_log_loss': 0.37592543172648235, 'metric_macro_f1': 0.7429249408193375, 'metric_nll': 0.37592543172648235, 'metric_roc_auc': 0.8707961261858314, 'min_labeled_per_class': 27, 'min_selected_confidence': nan, 'n_classes': 2, 'n_features_after_preprocessing': 108, 'n_features_before_preprocessing': 14, 'n_labeled': 100, 'n_pseudo_added_last_iter': nan, 'n_pseudo_added_total': nan, 'n_unlabeled': 38973, 'neural_method': nan, 'neural_validation_strategy': nan, 'package_version': 'unknown', 'peak_gpu_memory_mb': 3649.87744140625, 'pretrain_epochs_trained': nan, 'protocol': 'inductive', 'pseudo_label_class_distribution': nan, 'pseudo_label_fraction': nan, 'reference_family': 'TabICLv2 / soda-inria/tabicl', 'runtime_seconds': 5.2879, 'seed': 1, 'self_training_iterations': nan, 'status': 'success', 'stopped_reason': nan, 'test_class_counts': '{<=50K:7431,>50K:2338}', 'test_size': 9769, 'timestamp_utc': '2026-07-22T15:01:01.226699+00:00', 'train_labeled_size': 80, 'train_pool_class_counts': '{<=50K:29724,>50K:9349}', 'unlabeled_class_counts': '{<=50K:29651,>50K:9322}', 'val_class_counts': '{<=50K:15,>50K:5}', 'val_size': 20, 'validation_strategy': 'stratified_labeled_val', 'warm_inference_seconds': 0.7178294518962502}",,False,0.7178294518962502
tabiclv2,tabicl-classifier-v2-20260212.ckpt,,,nogit:afd539c9e2f221fc,,12.4,adult,gpu,False,,,3f9236be15390304,,ssl-tfm,"{'cuda_available': True, 'cuda_version': '12.4', 'env_name': None, 'env_prefix': '/private/ofirlin-lab/suissad4/envs/micromamba', 'gpu_count': 1, 'gpu_name': 'NVIDIA A100 80GB PCIe', 'hostname': 'dsiuriofir01', 'packages': {'catboost': '1.2.10', 'lightgbm': '4.7.0', 'numpy': '2.4.6', 'pandas': '3.0.3', 'scikit-learn': '1.9.0', 'tabicl': '2.1.1', 'tabpfn': '8.1.0', 'torch': '2.6.0+cu124', 'xgboost': None}, 'platform': 'Linux-5.14.0-687.15.1.el9_8.x86_64-x86_64-with-glibc2.34', 'python': '3.11.15 | packaged by conda-forge | (main, Jun 11 2026, 03:34:02) [GCC 14.3.0]', 'python_version': '3.11.15', 'torch_available': True, 'torch_version': '2.6.0+cu124'}",,,NVIDIA A100 80GB PCIe,dsiuriofir01,raw,True,tabiclv2,{},44136fa355b3678a,tfm_frozen,official,0.8459412427065206,0.7258121843253101,0.7380917845950639,0.22221122135652344,0.023935213546885055,0.34851405646082156,0.7629608344292227,0.34851405646082156,0.8878289041618016,250,,False,,unknown,,inductive,TabICL / TabICLv2,adult__tabiclv2__s1__n250__2d518006278d8533,5.3597,1,210,18455333,v1_absolute_budget,success,True,2026-07-22T15:01:06.605084+00:00,"{'all_classes_present_in_labeled': True, 'backbone': 'tabiclv2', 'best_epoch': nan, 'best_val_loss': nan, 'checkpoint': 'tabicl-classifier-v2-20260212.ckpt', 'cold_load_seconds': 0.7860381249338388, 'dataset': 'adult', 'dataset_id': 1590, 'embedding_source': None, 'epochs_trained': nan, 'error_message': None, 'final_train_loss': nan, 'finetune_epochs_trained': nan, 'graph_n_neighbors_used': nan, 'graph_n_rows': nan, 'graph_n_unlabeled_used': nan, 'graph_retry_count': nan, 'input_view': 'raw', 'kv_cache': True, 'labeled_class_counts': '{<=50K:188,>50K:62}', 'labeled_classes_present': 2, 'max_labeled_per_class': 188, 'max_selected_confidence': nan, 'mean_selected_confidence': nan, 'mean_selected_density': nan, 'method': 'tabiclv2', 'method_fidelity': 'official', 'metric_accuracy': 0.8459412427065206, 'metric_average_precision': 0.7258121843253101, 'metric_balanced_accuracy': 0.7380917845950639, 'metric_brier': 0.22221122135652344, 'metric_ece': 0.023935213546885055, 'metric_log_loss': 0.34851405646082156, 'metric_macro_f1': 0.7629608344292227, 'metric_nll': 0.34851405646082156, 'metric_roc_auc': 0.8878289041618016, 'min_labeled_per_class': 62, 'min_selected_confidence': nan, 'n_classes': 2, 'n_features_after_preprocessing': 108, 'n_features_before_preprocessing': 14, 'n_labeled': 250, 'n_pseudo_added_last_iter': nan, 'n_pseudo_added_total': nan, 'n_unlabeled': 38823, 'neural_method': nan, 'neural_validation_strategy': nan, 'package_version': 'unknown', 'peak_gpu_memory_mb': 3695.87060546875, 'pretrain_epochs_trained': nan, 'protocol': 'inductive', 'pseudo_label_class_distribution': nan, 'pseudo_label_fraction': nan, 'reference_family': 'TabICLv2 / soda-inria/tabicl', 'runtime_seconds': 5.3597, 'seed': 1, 'self_training_iterations': nan, 'status': 'success', 'stopped_reason': nan, 'test_class_counts': '{<=50K:7431,>50K:2338}', 'test_size': 9769, 'timestamp_utc': '2026-07-22T15:01:01.226800+00:00', 'train_labeled_size': 200, 'train_pool_class_counts': '{<=50K:29724,>50K:9349}', 'unlabeled_class_counts': '{<=50K:29536,>50K:9287}', 'val_class_counts': '{<=50K:38,>50K:12}', 'val_size': 50, 'validation_strategy': 'stratified_labeled_val', 'warm_inference_seconds': 0.7287829993292689}",,False,0.7287829993292689
tabiclv2,tabicl-classifier-v2-20260212.ckpt,,,nogit:afd539c9e2f221fc,,12.4,adult,gpu,False,,,3f9236be15390304,,ssl-tfm,"{'cuda_available': True, 'cuda_version': '12.4', 'env_name': None, 'env_prefix': '/private/ofirlin-lab/suissad4/envs/micromamba', 'gpu_count': 1, 'gpu_name': 'NVIDIA A100 80GB PCIe', 'hostname': 'dsiuriofir01', 'packages': {'catboost': '1.2.10', 'lightgbm': '4.7.0', 'numpy': '2.4.6', 'pandas': '3.0.3', 'scikit-learn': '1.9.0', 'tabicl': '2.1.1', 'tabpfn': '8.1.0', 'torch': '2.6.0+cu124', 'xgboost': None}, 'platform': 'Linux-5.14.0-687.15.1.el9_8.x86_64-x86_64-with-glibc2.34', 'python': '3.11.15 | packaged by conda-forge | (main, Jun 11 2026, 03:34:02) [GCC 14.3.0]', 'python_version': '3.11.15', 'torch_available': True, 'torch_version': '2.6.0+cu124'}",,,NVIDIA A100 80GB PCIe,dsiuriofir01,raw,True,tabiclv2,{},44136fa355b3678a,tfm_frozen,official,0.8428703040229297,0.7441017475849051,0.7502907271563338,0.2178088845689326,0.031196556319769787,0.34654216929412446,0.767744211287288,0.34654216929412446,0.8938056179008267,500,,False,,unknown,,inductive,TabICL / TabICLv2,adult__tabiclv2__s1__n500__7e7205efc70722a5,5.7085,1,211,18455334,v1_absolute_budget,success,True,2026-07-22T15:01:16.851776+00:00,"{'all_classes_present_in_labeled': True, 'backbone': 'tabiclv2', 'best_epoch': nan, 'best_val_loss': nan, 'checkpoint': 'tabicl-classifier-v2-20260212.ckpt', 'cold_load_seconds': 0.8964708088897169, 'dataset': 'adult', 'dataset_id': 1590, 'embedding_source': None, 'epochs_trained': nan, 'error_message': None, 'final_train_loss': nan, 'finetune_epochs_trained': nan, 'graph_n_neighbors_used': nan, 'graph_n_rows': nan, 'graph_n_unlabeled_used': nan, 'graph_retry_count': nan, 'input_view': 'raw', 'kv_cache': True, 'labeled_class_counts': '{<=50K:378,>50K:122}', 'labeled_classes_present': 2, 'max_labeled_per_class': 378, 'max_selected_confidence': nan, 'mean_selected_confidence': nan, 'mean_selected_density': nan, 'method': 'tabiclv2', 'method_fidelity': 'official', 'metric_accuracy': 0.8428703040229297, 'metric_average_precision': 0.7441017475849051, 'metric_balanced_accuracy': 0.7502907271563338, 'metric_brier': 0.2178088845689326, 'metric_ece': 0.031196556319769787, 'metric_log_loss': 0.34654216929412446, 'metric_macro_f1': 0.767744211287288, 'metric_nll': 0.34654216929412446, 'metric_roc_auc': 0.8938056179008267, 'min_labeled_per_class': 122, 'min_selected_confidence': nan, 'n_classes': 2, 'n_features_after_preprocessing': 108, 'n_features_before_preprocessing': 14, 'n_labeled': 500, 'n_pseudo_added_last_iter': nan, 'n_pseudo_added_total': nan, 'n_unlabeled': 38573, 'neural_method': nan, 'neural_validation_strategy': nan, 'package_version': 'unknown', 'peak_gpu_memory_mb': 3769.95263671875, 'pretrain_epochs_trained': nan, 'protocol': 'inductive', 'pseudo_label_class_distribution': nan, 'pseudo_label_fraction': nan, 'reference_family': 'TabICLv2 / soda-inria/tabicl', 'runtime_seconds': 5.7085, 'seed': 1, 'self_training_iterations': nan, 'status': 'success', 'stopped_reason': nan, 'test_class_counts': '{<=50K:7431,>50K:2338}', 'test_size': 9769, 'timestamp_utc': '2026-07-22T15:01:11.124693+00:00', 'train_labeled_size': 400, 'train_pool_class_counts': '{<=50K:29724,>50K:9349}', 'unlabeled_class_counts': '{<=50K:29346,>50K:9227}', 'val_class_counts': '{<=50K:76,>50K:24}', 'val_size': 100, 'validation_strategy': 'stratified_labeled_val', 'warm_inference_seconds': 0.7571291667409241}",,False,0.7571291667409241
tabiclv2,tabicl-classifier-v2-20260212.ckpt,,,nogit:afd539c9e2f221fc,,12.4,adult,gpu,False,,,3f9236be15390304,,ssl-tfm,"{'cuda_available': True, 'cuda_version': '12.4', 'env_name': None, 'env_prefix': '/private/ofirlin-lab/suissad4/envs/micromamba', 'gpu_count': 1, 'gpu_name': 'NVIDIA A100 80GB PCIe', 'hostname': 'dsiuriofir01', 'packages': {'catboost': '1.2.10', 'lightgbm': '4.7.0', 'numpy': '2.4.6', 'pandas': '3.0.3', 'scikit-learn': '1.9.0', 'tabicl': '2.1.1', 'tabpfn': '8.1.0', 'torch': '2.6.0+cu124', 'xgboost': None}, 'platform': 'Linux-5.14.0-687.15.1.el9_8.x86_64-x86_64-with-glibc2.34', 'python': '3.11.15 | packaged by conda-forge | (main, Jun 11 2026, 03:34:02) [GCC 14.3.0]', 'python_version': '3.11.15', 'torch_available': True, 'torch_version': '2.6.0+cu124'}",,,NVIDIA A100 80GB PCIe,dsiuriofir01,raw,True,tabiclv2,{},44136fa355b3678a,tfm_frozen,official,0.8010031733033064,0.6138207874593099,0.7043027676695746,0.288065714716412,0.07260076305293782,0.45824892510671167,0.7134920922283694,0.45824892510671167,0.8231883887798542,50,,False,,unknown,,inductive,TabICL / TabICLv2,adult__tabiclv2__s1__n50__b93a3cfd43103c1b,4.6034,1,208,18455331,v1_absolute_budget,success,True,2026-07-22T15:00:58.165791+00:00,"{'all_classes_present_in_labeled': True, 'backbone': 'tabiclv2', 'best_epoch': nan, 'best_val_loss': nan, 'checkpoint': 'tabicl-classifier-v2-20260212.ckpt', 'cold_load_seconds': 0.7659076652489603, 'dataset': 'adult', 'dataset_id': 1590, 'embedding_source': None, 'epochs_trained': nan, 'error_message': None, 'final_train_loss': nan, 'finetune_epochs_trained': nan, 'graph_n_neighbors_used': nan, 'graph_n_rows': nan, 'graph_n_unlabeled_used': nan, 'graph_retry_count': nan, 'input_view': 'raw', 'kv_cache': True, 'labeled_class_counts': '{<=50K:36,>50K:14}', 'labeled_classes_present': 2, 'max_labeled_per_class': 36, 'max_selected_confidence': nan, 'mean_selected_confidence': nan, 'mean_selected_density': nan, 'method': 'tabiclv2', 'method_fidelity': 'official', 'metric_accuracy': 0.8010031733033064, 'metric_average_precision': 0.6138207874593099, 'metric_balanced_accuracy': 0.7043027676695746, 'metric_brier': 0.288065714716412, 'metric_ece': 0.07260076305293782, 'metric_log_loss': 0.45824892510671167, 'metric_macro_f1': 0.7134920922283694, 'metric_nll': 0.45824892510671167, 'metric_roc_auc': 0.8231883887798542, 'min_labeled_per_class': 14, 'min_selected_confidence': nan, 'n_classes': 2, 'n_features_after_preprocessing': 108, 'n_features_before_preprocessing': 14, 'n_labeled': 50, 'n_pseudo_added_last_iter': nan, 'n_pseudo_added_total': nan, 'n_unlabeled': 39023, 'neural_method': nan, 'neural_validation_strategy': nan, 'package_version': 'unknown', 'peak_gpu_memory_mb': 3633.53955078125, 'pretrain_epochs_trained': nan, 'protocol': 'inductive', 'pseudo_label_class_distribution': nan, 'pseudo_label_fraction': nan, 'reference_family': 'TabICLv2 / soda-inria/tabicl', 'runtime_seconds': 4.6034, 'seed': 1, 'self_training_iterations': nan, 'status': 'success', 'stopped_reason': nan, 'test_class_counts': '{<=50K:7431,>50K:2338}', 'test_size': 9769, 'timestamp_utc': '2026-07-22T15:00:53.544482+00:00', 'train_labeled_size': 40, 'train_pool_class_counts': '{<=50K:29724,>50K:9349}', 'unlabeled_class_counts': '{<=50K:29688,>50K:9335}', 'val_class_counts': '{<=50K:7,>50K:3}', 'val_size': 10, 'validation_strategy': 'stratified_labeled_val', 'warm_inference_seconds': 0.7142042247578502}",,False,0.7142042247578502
tabiclv2,tabicl-classifier-v2-20260212.ckpt,,,nogit:afd539c9e2f221fc,,12.4,adult,gpu,False,,,3f9236be15390304,,ssl-tfm,"{'cuda_available': True, 'cuda_version': '12.4', 'env_name': None, 'env_prefix': '/private/ofirlin-lab/suissad4/envs/micromamba', 'gpu_count': 1, 'gpu_name': 'NVIDIA A100 80GB PCIe', 'hostname': 'dsiuriofir01', 'packages': {'catboost': '1.2.10', 'lightgbm': '4.7.0', 'numpy': '2.4.6', 'pandas': '3.0.3', 'scikit-learn': '1.9.0', 'tabicl': '2.1.1', 'tabpfn': '8.1.0', 'torch': '2.6.0+cu124', 'xgboost': None}, 'platform': 'Linux-5.14.0-687.15.1.el9_8.x86_64-x86_64-with-glibc2.34', 'python': '3.11.15 | packaged by conda-forge | (main, Jun 11 2026, 03:34:02) [GCC 14.3.0]', 'python_version': '3.11.15', 'torch_available': True, 'torch_version': '2.6.0+cu124'}",,,NVIDIA A100 80GB PCIe,dsiuriofir01,raw,True,tabiclv2,{},44136fa355b3678a,tfm_frozen,official,0.8215784624833657,0.6522339410286669,0.7178271923768819,0.2677633753129855,0.0674294817062022,0.44489056151859746,0.7342520084126694,0.44489056151859746,0.8438907409242878,100,,False,,unknown,,inductive,TabICL / TabICLv2,adult__tabiclv2__s2__n100__10dde0ace3f89659,5.6643,2,213,18455336,v1_absolute_budget,success,True,2026-07-22T15:01:26.996316+00:00,"{'all_classes_present_in_labeled': True, 'backbone': 'tabiclv2', 'best_epoch': nan, 'best_val_loss': nan, 'checkpoint': 'tabicl-classifier-v2-20260212.ckpt', 'cold_load_seconds': 0.8278545448556542, 'dataset': 'adult', 'dataset_id': 1590, 'embedding_source': None, 'epochs_trained': nan, 'error_message': None, 'final_train_loss': nan, 'finetune_epochs_trained': nan, 'graph_n_neighbors_used': nan, 'graph_n_rows': nan, 'graph_n_unlabeled_used': nan, 'graph_retry_count': nan, 'input_view': 'raw', 'kv_cache': True, 'labeled_class_counts': '{<=50K:73,>50K:27}', 'labeled_classes_present': 2, 'max_labeled_per_class': 73, 'max_selected_confidence': nan, 'mean_selected_confidence': nan, 'mean_selected_density': nan, 'method': 'tabiclv2', 'method_fidelity': 'official', 'metric_accuracy': 0.8215784624833657, 'metric_average_precision': 0.6522339410286669, 'metric_balanced_accuracy': 0.7178271923768819, 'metric_brier': 0.2677633753129855, 'metric_ece': 0.0674294817062022, 'metric_log_loss': 0.44489056151859746, 'metric_macro_f1': 0.7342520084126694, 'metric_nll': 0.44489056151859746, 'metric_roc_auc': 0.8438907409242878, 'min_labeled_per_class': 27, 'min_selected_confidence': nan, 'n_classes': 2, 'n_features_after_preprocessing': 108, 'n_features_before_preprocessing': 14, 'n_labeled': 100, 'n_pseudo_added_last_iter': nan, 'n_pseudo_added_total': nan, 'n_unlabeled': 38973, 'neural_method': nan, 'neural_validation_strategy': nan, 'package_version': 'unknown', 'peak_gpu_memory_mb': 3649.87744140625, 'pretrain_epochs_trained': nan, 'protocol': 'inductive', 'pseudo_label_class_distribution': nan, 'pseudo_label_fraction': nan, 'reference_family': 'TabICLv2 / soda-inria/tabicl', 'runtime_seconds': 5.6643, 'seed': 2, 'self_training_iterations': nan, 'status': 'success', 'stopped_reason': nan, 'test_class_counts': '{<=50K:7431,>50K:2338}', 'test_size': 9769, 'timestamp_utc': '2026-07-22T15:01:21.310551+00:00', 'train_labeled_size': 80, 'train_pool_class_counts': '{<=50K:29724,>50K:9349}', 'unlabeled_class_counts': '{<=50K:29651,>50K:9322}', 'val_class_counts': '{<=50K:15,>50K:5}', 'val_size': 20, 'validation_strategy': 'stratified_labeled_val', 'warm_inference_seconds': 0.7168989782221615}",,False,0.7168989782221615
tabiclv2,tabicl-classifier-v2-20260212.ckpt,,,nogit:afd539c9e2f221fc,,12.4,adult,gpu,False,,,3f9236be15390304,,ssl-tfm,"{'cuda_available': True, 'cuda_version': '12.4', 'env_name': None, 'env_prefix': '/private/ofirlin-lab/suissad4/envs/micromamba', 'gpu_count': 1, 'gpu_name': 'NVIDIA A100 80GB PCIe', 'hostname': 'dsiuriofir01', 'packages': {'catboost': '1.2.10', 'lightgbm': '4.7.0', 'numpy': '2.4.6', 'pandas': '3.0.3', 'scikit-learn': '1.9.0', 'tabicl': '2.1.1', 'tabpfn': '8.1.0', 'torch': '2.6.0+cu124', 'xgboost': None}, 'platform': 'Linux-5.14.0-687.15.1.el9_8.x86_64-x86_64-with-glibc2.34', 'python': '3.11.15 | packaged by conda-forge | (main, Jun 11 2026, 03:34:02) [GCC 14.3.0]', 'python_version': '3.11.15', 'torch_available': True, 'torch_version': '2.6.0+cu124'}",,,NVIDIA A100 80GB PCIe,dsiuriofir01,raw,True,tabiclv2,{},44136fa355b3678a,tfm_frozen,official,0.8207595455010749,0.6515258903634025,0.6941304829063828,0.2426889013222177,0.025178452249398263,0.37431715572843877,0.717399129212614,0.37431715572843877,0.8744232798604876,250,,False,,unknown,,inductive,TabICL / TabICLv2,adult__tabiclv2__s2__n250__c7a15f271ac0d993,5.7061,2,214,18455337,v1_absolute_budget,success,True,2026-07-22T15:01:27.036455+00:00,"{'all_classes_present_in_labeled': True, 'backbone': 'tabiclv2', 'best_epoch': nan, 'best_val_loss': nan, 'checkpoint': 'tabicl-classifier-v2-20260212.ckpt', 'cold_load_seconds': 0.8343725306913257, 'dataset': 'adult', 'dataset_id': 1590, 'embedding_source': None, 'epochs_trained': nan, 'error_message': None, 'final_train_loss': nan, 'finetune_epochs_trained': nan, 'graph_n_neighbors_used': nan, 'graph_n_rows': nan, 'graph_n_unlabeled_used': nan, 'graph_retry_count': nan, 'input_view': 'raw', 'kv_cache': True, 'labeled_class_counts': '{<=50K:188,>50K:62}', 'labeled_classes_present': 2, 'max_labeled_per_class': 188, 'max_selected_confidence': nan, 'mean_selected_confidence': nan, 'mean_selected_density': nan, 'method': 'tabiclv2', 'method_fidelity': 'official', 'metric_accuracy': 0.8207595455010749, 'metric_average_precision': 0.6515258903634025, 'metric_balanced_accuracy': 0.6941304829063828, 'metric_brier': 0.2426889013222177, 'metric_ece': 0.025178452249398263, 'metric_log_loss': 0.37431715572843877, 'metric_macro_f1': 0.717399129212614, 'metric_nll': 0.37431715572843877, 'metric_roc_auc': 0.8744232798604876, 'min_labeled_per_class': 62, 'min_selected_confidence': nan, 'n_classes': 2, 'n_features_after_preprocessing': 108, 'n_features_before_preprocessing': 14, 'n_labeled': 250, 'n_pseudo_added_last_iter': nan, 'n_pseudo_added_total': nan, 'n_unlabeled': 38823, 'neural_method': nan, 'neural_validation_strategy': nan, 'package_version': 'unknown', 'peak_gpu_memory_mb': 3695.87060546875, 'pretrain_epochs_trained': nan, 'protocol': 'inductive', 'pseudo_label_class_distribution': nan, 'pseudo_label_fraction': nan, 'reference_family': 'TabICLv2 / soda-inria/tabicl', 'runtime_seconds': 5.7061, 'seed': 2, 'self_training_iterations': nan, 'status': 'success', 'stopped_reason': nan, 'test_class_counts': '{<=50K:7431,>50K:2338}', 'test_size': 9769, 'timestamp_utc': '2026-07-22T15:01:21.308951+00:00', 'train_labeled_size': 200, 'train_pool_class_counts': '{<=50K:29724,>50K:9349}', 'unlabeled_class_counts': '{<=50K:29536,>50K:9287}', 'val_class_counts': '{<=50K:38,>50K:12}', 'val_size': 50, 'validation_strategy': 'stratified_labeled_val', 'warm_inference_seconds': 0.7288084598258138}",,False,0.7288084598258138
tabiclv2,tabicl-classifier-v2-20260212.ckpt,,,nogit:afd539c9e2f221fc,,12.4,adult,gpu,False,,,3f9236be15390304,,ssl-tfm,"{'cuda_available': True, 'cuda_version': '12.4', 'env_name': None, 'env_prefix': '/private/ofirlin-lab/suissad4/envs/micromamba', 'gpu_count': 1, 'gpu_name': 'NVIDIA A100 80GB PCIe', 'hostname': 'dsiuriofir01', 'packages': {'catboost': '1.2.10', 'lightgbm': '4.7.0', 'numpy': '2.4.6', 'pandas': '3.0.3', 'scikit-learn': '1.9.0', 'tabicl': '2.1.1', 'tabpfn': '8.1.0', 'torch': '2.6.0+cu124', 'xgboost': None}, 'platform': 'Linux-5.14.0-687.15.1.el9_8.x86_64-x86_64-with-glibc2.34', 'python': '3.11.15 | packaged by conda-forge | (main, Jun 11 2026, 03:34:02) [GCC 14.3.0]', 'python_version': '3.11.15', 'torch_available': True, 'torch_version': '2.6.0+cu124'}",,,NVIDIA A100 80GB PCIe,dsiuriofir01,raw,True,tabiclv2,{},44136fa355b3678a,tfm_frozen,official,0.8406182823216296,0.7288961938637281,0.7523281771424566,0.21441525149108717,0.00718066480887482,0.332165943516865,0.7672024337144104,0.332165943516865,0.8987315754326746,500,,False,,unknown,,inductive,TabICL / TabICLv2,adult__tabiclv2__s2__n500__e9f0bd135852224f,5.9613,2,215,18455338,v1_absolute_budget,success,True,2026-07-22T15:01:36.773445+00:00,"{'all_classes_present_in_labeled': True, 'backbone': 'tabiclv2', 'best_epoch': nan, 'best_val_loss': nan, 'checkpoint': 'tabicl-classifier-v2-20260212.ckpt', 'cold_load_seconds': 0.8041353519074619, 'dataset': 'adult', 'dataset_id': 1590, 'embedding_source': None, 'epochs_trained': nan, 'error_message': None, 'final_train_loss': nan, 'finetune_epochs_trained': nan, 'graph_n_neighbors_used': nan, 'graph_n_rows': nan, 'graph_n_unlabeled_used': nan, 'graph_retry_count': nan, 'input_view': 'raw', 'kv_cache': True, 'labeled_class_counts': '{<=50K:378,>50K:122}', 'labeled_classes_present': 2, 'max_labeled_per_class': 378, 'max_selected_confidence': nan, 'mean_selected_confidence': nan, 'mean_selected_density': nan, 'method': 'tabiclv2', 'method_fidelity': 'official', 'metric_accuracy': 0.8406182823216296, 'metric_average_precision': 0.7288961938637281, 'metric_balanced_accuracy': 0.7523281771424566, 'metric_brier': 0.21441525149108717, 'metric_ece': 0.00718066480887482, 'metric_log_loss': 0.332165943516865, 'metric_macro_f1': 0.7672024337144104, 'metric_nll': 0.332165943516865, 'metric_roc_auc': 0.8987315754326746, 'min_labeled_per_class': 122, 'min_selected_confidence': nan, 'n_classes': 2, 'n_features_after_preprocessing': 108, 'n_features_before_preprocessing': 14, 'n_labeled': 500, 'n_pseudo_added_last_iter': nan, 'n_pseudo_added_total': nan, 'n_unlabeled': 38573, 'neural_method': nan, 'neural_validation_strategy': nan, 'package_version': 'unknown', 'peak_gpu_memory_mb': 3769.95263671875, 'pretrain_epochs_trained': nan, 'protocol': 'inductive', 'pseudo_label_class_distribution': nan, 'pseudo_label_fraction': nan, 'reference_family': 'TabICLv2 / soda-inria/tabicl', 'runtime_seconds': 5.9613, 'seed': 2, 'self_training_iterations': nan, 'status': 'success', 'stopped_reason': nan, 'test_class_counts': '{<=50K:7431,>50K:2338}', 'test_size': 9769, 'timestamp_utc': '2026-07-22T15:01:30.793137+00:00', 'train_labeled_size': 400, 'train_pool_class_counts': '{<=50K:29724,>50K:9349}', 'unlabeled_class_counts': '{<=50K:29346,>50K:9227}', 'val_class_counts': '{<=50K:76,>50K:24}', 'val_size': 100, 'validation_strategy': 'stratified_labeled_val', 'warm_inference_seconds': 0.7494952529668808}",,False,0.7494952529668808
tabiclv2,tabicl-classifier-v2-20260212.ckpt,,,nogit:afd539c9e2f221fc,,12.4,adult,gpu,False,,,3f9236be15390304,,ssl-tfm,"{'cuda_available': True, 'cuda_version': '12.4', 'env_name': None, 'env_prefix': '/private/ofirlin-lab/suissad4/envs/micromamba', 'gpu_count': 1, 'gpu_name': 'NVIDIA A100 80GB PCIe', 'hostname': 'dsiuriofir01', 'packages': {'catboost': '1.2.10', 'lightgbm': '4.7.0', 'numpy': '2.4.6', 'pandas': '3.0.3', 'scikit-learn': '1.9.0', 'tabicl': '2.1.1', 'tabpfn': '8.1.0', 'torch': '2.6.0+cu124', 'xgboost': None}, 'platform': 'Linux-5.14.0-687.15.1.el9_8.x86_64-x86_64-with-glibc2.34', 'python': '3.11.15 | packaged by conda-forge | (main, Jun 11 2026, 03:34:02) [GCC 14.3.0]', 'python_version': '3.11.15', 'torch_available': True, 'torch_version': '2.6.0+cu124'}",,,NVIDIA A100 80GB PCIe,dsiuriofir01,raw,True,tabiclv2,{},44136fa355b3678a,tfm_frozen,official,0.7563721977684512,0.5893706099987475,0.6906494410682642,0.3244838869460343,0.09083996422103982,0.4812191386832837,0.6809809940565607,0.4812191386832837,0.8208630607750415,50,,False,,unknown,,inductive,TabICL / TabICLv2,adult__tabiclv2__s2__n50__8994a58f57ffb7b9,5.5716,2,212,18455335,v1_absolute_budget,success,True,2026-07-22T15:01:16.718488+00:00,"{'all_classes_present_in_labeled': True, 'backbone': 'tabiclv2', 'best_epoch': nan, 'best_val_loss': nan, 'checkpoint': 'tabicl-classifier-v2-20260212.ckpt', 'cold_load_seconds': 0.8390410137362778, 'dataset': 'adult', 'dataset_id': 1590, 'embedding_source': None, 'epochs_trained': nan, 'error_message': None, 'final_train_loss': nan, 'finetune_epochs_trained': nan, 'graph_n_neighbors_used': nan, 'graph_n_rows': nan, 'graph_n_unlabeled_used': nan, 'graph_retry_count': nan, 'input_view': 'raw', 'kv_cache': True, 'labeled_class_counts': '{<=50K:36,>50K:14}', 'labeled_classes_present': 2, 'max_labeled_per_class': 36, 'max_selected_confidence': nan, 'mean_selected_confidence': nan, 'mean_selected_density': nan, 'method': 'tabiclv2', 'method_fidelity': 'official', 'metric_accuracy': 0.7563721977684512, 'metric_average_precision': 0.5893706099987475, 'metric_balanced_accuracy': 0.6906494410682642, 'metric_brier': 0.3244838869460343, 'metric_ece': 0.09083996422103982, 'metric_log_loss': 0.4812191386832837, 'metric_macro_f1': 0.6809809940565607, 'metric_nll': 0.4812191386832837, 'metric_roc_auc': 0.8208630607750415, 'min_labeled_per_class': 14, 'min_selected_confidence': nan, 'n_classes': 2, 'n_features_after_preprocessing': 108, 'n_features_before_preprocessing': 14, 'n_labeled': 50, 'n_pseudo_added_last_iter': nan, 'n_pseudo_added_total': nan, 'n_unlabeled': 39023, 'neural_method': nan, 'neural_validation_strategy': nan, 'package_version': 'unknown', 'peak_gpu_memory_mb': 3633.53955078125, 'pretrain_epochs_trained': nan, 'protocol': 'inductive', 'pseudo_label_class_distribution': nan, 'pseudo_label_fraction': nan, 'reference_family': 'TabICLv2 / soda-inria/tabicl', 'runtime_seconds': 5.5716, 'seed': 2, 'self_training_iterations': nan, 'status': 'success', 'stopped_reason': nan, 'test_class_counts': '{<=50K:7431,>50K:2338}', 'test_size': 9769, 'timestamp_utc': '2026-07-22T15:01:11.127249+00:00', 'train_labeled_size': 40, 'train_pool_class_counts': '{<=50K:29724,>50K:9349}', 'unlabeled_class_counts': '{<=50K:29688,>50K:9335}', 'val_class_counts': '{<=50K:7,>50K:3}', 'val_size': 10, 'validation_strategy': 'stratified_labeled_val', 'warm_inference_seconds': 0.7256025043316185}",,False,0.7256025043316185
tabpfn3,/private/ofirlin-lab/suissad4/caches/tabpfn/tabpfn-v3-classifier-v3_default.ckpt,,,nogit:afd539c9e2f221fc,,12.4,adult,gpu,False,,,3f9236be15390304,,ssl-tfm,"{'cuda_available': True, 'cuda_version': '12.4', 'env_name': None, 'env_prefix': '/private/ofirlin-lab/suissad4/envs/micromamba', 'gpu_count': 1, 'gpu_name': 'NVIDIA A100 80GB PCIe', 'hostname': 'dsiuriofir01', 'packages': {'catboost': '1.2.10', 'lightgbm': '4.7.0', 'numpy': '2.4.6', 'pandas': '3.0.3', 'scikit-learn': '1.9.0', 'tabicl': '2.1.1', 'tabpfn': '8.1.0', 'torch': '2.6.0+cu124', 'xgboost': None}, 'platform': 'Linux-5.14.0-687.15.1.el9_8.x86_64-x86_64-with-glibc2.34', 'python': '3.11.15 | packaged by conda-forge | (main, Jun 11 2026, 03:34:02) [GCC 14.3.0]', 'python_version': '3.11.15', 'torch_available': True, 'torch_version': '2.6.0+cu124'}",,,NVIDIA A100 80GB PCIe,dsiuriofir01,raw,,tabpfn3,{},44136fa355b3678a,tfm_frozen,official,0.8320196540075749,0.696914322813864,0.7258629116989506,0.23635437840354365,0.0343847061791913,0.3721537829245047,0.7459552049739817,0.3721537829245047,0.8742664909525778,100,,False,,8.1.0,,inductive,Hollmann et al. TabPFN / TabPFN-3,adult__tabpfn3__s0__n100__80233057c421d6e8,8.1859,0,193,18455316,v1_absolute_budget,success,True,2026-07-22T14:59:44.155219+00:00,"{'all_classes_present_in_labeled': True, 'backbone': 'tabpfn3', 'best_epoch': nan, 'best_val_loss': nan, 'checkpoint': '/private/ofirlin-lab/suissad4/caches/tabpfn/tabpfn-v3-classifier-v3_default.ckpt', 'cold_load_seconds': 1.0409164358861744, 'dataset': 'adult', 'dataset_id': 1590, 'embedding_source': None, 'epochs_trained': nan, 'error_message': None, 'final_train_loss': nan, 'finetune_epochs_trained': nan, 'graph_n_neighbors_used': nan, 'graph_n_rows': nan, 'graph_n_unlabeled_used': nan, 'graph_retry_count': nan, 'input_view': 'raw', 'kv_cache': None, 'labeled_class_counts': '{<=50K:73,>50K:27}', 'labeled_classes_present': 2, 'max_labeled_per_class': 73, 'max_selected_confidence': nan, 'mean_selected_confidence': nan, 'mean_selected_density': nan, 'method': 'tabpfn3', 'method_fidelity': 'official', 'metric_accuracy': 0.8320196540075749, 'metric_average_precision': 0.696914322813864, 'metric_balanced_accuracy': 0.7258629116989506, 'metric_brier': 0.23635437840354365, 'metric_ece': 0.0343847061791913, 'metric_log_loss': 0.3721537829245047, 'metric_macro_f1': 0.7459552049739817, 'metric_nll': 0.3721537829245047, 'metric_roc_auc': 0.8742664909525778, 'min_labeled_per_class': 27, 'min_selected_confidence': nan, 'n_classes': 2, 'n_features_after_preprocessing': 108, 'n_features_before_preprocessing': 14, 'n_labeled': 100, 'n_pseudo_added_last_iter': nan, 'n_pseudo_added_total': nan, 'n_unlabeled': 38973, 'neural_method': nan, 'neural_validation_strategy': nan, 'package_version': '8.1.0', 'peak_gpu_memory_mb': 440.4052734375, 'pretrain_epochs_trained': nan, 'protocol': 'inductive', 'pseudo_label_class_distribution': nan, 'pseudo_label_fraction': nan, 'reference_family': 'TabPFN-3 / PriorLabs', 'runtime_seconds': 8.1859, 'seed': 0, 'self_training_iterations': nan, 'status': 'success', 'stopped_reason': nan, 'test_class_counts': '{<=50K:7431,>50K:2338}', 'test_size': 9769, 'timestamp_utc': '2026-07-22T14:59:35.947840+00:00', 'train_labeled_size': 80, 'train_pool_class_counts': '{<=50K:29724,>50K:9349}', 'unlabeled_class_counts': '{<=50K:29651,>50K:9322}', 'val_class_counts': '{<=50K:15,>50K:5}', 'val_size': 20, 'validation_strategy': 'stratified_labeled_val', 'warm_inference_seconds': 0.9673358309082687}",,False,0.9673358309082687
tabpfn3,/private/ofirlin-lab/suissad4/caches/tabpfn/tabpfn-v3-classifier-v3_default.ckpt,,,nogit:afd539c9e2f221fc,,12.4,adult,gpu,False,,,3f9236be15390304,,ssl-tfm,"{'cuda_available': True, 'cuda_version': '12.4', 'env_name': None, 'env_prefix': '/private/ofirlin-lab/suissad4/envs/micromamba', 'gpu_count': 1, 'gpu_name': 'NVIDIA A100 80GB PCIe', 'hostname': 'dsiuriofir01', 'packages': {'catboost': '1.2.10', 'lightgbm': '4.7.0', 'numpy': '2.4.6', 'pandas': '3.0.3', 'scikit-learn': '1.9.0', 'tabicl': '2.1.1', 'tabpfn': '8.1.0', 'torch': '2.6.0+cu124', 'xgboost': None}, 'platform': 'Linux-5.14.0-687.15.1.el9_8.x86_64-x86_64-with-glibc2.34', 'python': '3.11.15 | packaged by conda-forge | (main, Jun 11 2026, 03:34:02) [GCC 14.3.0]', 'python_version': '3.11.15', 'torch_available': True, 'torch_version': '2.6.0+cu124'}",,,NVIDIA A100 80GB PCIe,dsiuriofir01,raw,,tabpfn3,{},44136fa355b3678a,tfm_frozen,official,0.8224997440884431,0.6819278074561475,0.744815778213456,0.24130252967222215,0.0070639266109406625,0.3713050175611688,0.7504551175757233,0.3713050175611688,0.8694476207052991,250,,False,,8.1.0,,inductive,Hollmann et al. TabPFN / TabPFN-3,adult__tabpfn3__s0__n250__aefde8a10cd1b92f,6.8112,0,194,18455317,v1_absolute_budget,success,True,2026-07-22T14:59:46.878625+00:00,"{'all_classes_present_in_labeled': True, 'backbone': 'tabpfn3', 'best_epoch': nan, 'best_val_loss': nan, 'checkpoint': '/private/ofirlin-lab/suissad4/caches/tabpfn/tabpfn-v3-classifier-v3_default.ckpt', 'cold_load_seconds': 0.8595794010907412, 'dataset': 'adult', 'dataset_id': 1590, 'embedding_source': None, 'epochs_trained': nan, 'error_message': None, 'final_train_loss': nan, 'finetune_epochs_trained': nan, 'graph_n_neighbors_used': nan, 'graph_n_rows': nan, 'graph_n_unlabeled_used': nan, 'graph_retry_count': nan, 'input_view': 'raw', 'kv_cache': None, 'labeled_class_counts': '{<=50K:188,>50K:62}', 'labeled_classes_present': 2, 'max_labeled_per_class': 188, 'max_selected_confidence': nan, 'mean_selected_confidence': nan, 'mean_selected_density': nan, 'method': 'tabpfn3', 'method_fidelity': 'official', 'metric_accuracy': 0.8224997440884431, 'metric_average_precision': 0.6819278074561475, 'metric_balanced_accuracy': 0.744815778213456, 'metric_brier': 0.24130252967222215, 'metric_ece': 0.0070639266109406625, 'metric_log_loss': 0.3713050175611688, 'metric_macro_f1': 0.7504551175757233, 'metric_nll': 0.3713050175611688, 'metric_roc_auc': 0.8694476207052991, 'min_labeled_per_class': 62, 'min_selected_confidence': nan, 'n_classes': 2, 'n_features_after_preprocessing': 108, 'n_features_before_preprocessing': 14, 'n_labeled': 250, 'n_pseudo_added_last_iter': nan, 'n_pseudo_added_total': nan, 'n_unlabeled': 38823, 'neural_method': nan, 'neural_validation_strategy': nan, 'package_version': '8.1.0', 'peak_gpu_memory_mb': 442.45263671875, 'pretrain_epochs_trained': nan, 'protocol': 'inductive', 'pseudo_label_class_distribution': nan, 'pseudo_label_fraction': nan, 'reference_family': 'TabPFN-3 / PriorLabs', 'runtime_seconds': 6.8112, 'seed': 0, 'self_training_iterations': nan, 'status': 'success', 'stopped_reason': nan, 'test_class_counts': '{<=50K:7431,>50K:2338}', 'test_size': 9769, 'timestamp_utc': '2026-07-22T14:59:40.047475+00:00', 'train_labeled_size': 200, 'train_pool_class_counts': '{<=50K:29724,>50K:9349}', 'unlabeled_class_counts': '{<=50K:29536,>50K:9287}', 'val_class_counts': '{<=50K:38,>50K:12}', 'val_size': 50, 'validation_strategy': 'stratified_labeled_val', 'warm_inference_seconds': 0.9423068482428789}",,False,0.9423068482428789
tabpfn3,/private/ofirlin-lab/suissad4/caches/tabpfn/tabpfn-v3-classifier-v3_default.ckpt,,,nogit:afd539c9e2f221fc,,12.4,adult,gpu,False,,,3f9236be15390304,,ssl-tfm,"{'cuda_available': True, 'cuda_version': '12.4', 'env_name': None, 'env_prefix': '/private/ofirlin-lab/suissad4/envs/micromamba', 'gpu_count': 1, 'gpu_name': 'NVIDIA A100 80GB PCIe', 'hostname': 'dsiuriofir01', 'packages': {'catboost': '1.2.10', 'lightgbm': '4.7.0', 'numpy': '2.4.6', 'pandas': '3.0.3', 'scikit-learn': '1.9.0', 'tabicl': '2.1.1', 'tabpfn': '8.1.0', 'torch': '2.6.0+cu124', 'xgboost': None}, 'platform': 'Linux-5.14.0-687.15.1.el9_8.x86_64-x86_64-with-glibc2.34', 'python': '3.11.15 | packaged by conda-forge | (main, Jun 11 2026, 03:34:02) [GCC 14.3.0]', 'python_version': '3.11.15', 'torch_available': True, 'torch_version': '2.6.0+cu124'}",,,NVIDIA A100 80GB PCIe,dsiuriofir01,raw,,tabpfn3,{},44136fa355b3678a,tfm_frozen,official,0.8424608455317842,0.7355900497361199,0.7399080954533634,0.2171303028940104,0.006911492621293557,0.34140070964262537,0.7615739922480933,0.34140070964262537,0.8917543539140071,500,,False,,8.1.0,,inductive,Hollmann et al. TabPFN / TabPFN-3,adult__tabpfn3__s0__n500__3bd54129e57672fa,8.008,0,195,18455318,v1_absolute_budget,success,True,2026-07-22T14:59:55.865717+00:00,"{'all_classes_present_in_labeled': True, 'backbone': 'tabpfn3', 'best_epoch': nan, 'best_val_loss': nan, 'checkpoint': '/private/ofirlin-lab/suissad4/caches/tabpfn/tabpfn-v3-classifier-v3_default.ckpt', 'cold_load_seconds': 0.9876900729723275, 'dataset': 'adult', 'dataset_id': 1590, 'embedding_source': None, 'epochs_trained': nan, 'error_message': None, 'final_train_loss': nan, 'finetune_epochs_trained': nan, 'graph_n_neighbors_used': nan, 'graph_n_rows': nan, 'graph_n_unlabeled_used': nan, 'graph_retry_count': nan, 'input_view': 'raw', 'kv_cache': None, 'labeled_class_counts': '{<=50K:378,>50K:122}', 'labeled_classes_present': 2, 'max_labeled_per_class': 378, 'max_selected_confidence': nan, 'mean_selected_confidence': nan, 'mean_selected_density': nan, 'method': 'tabpfn3', 'method_fidelity': 'official', 'metric_accuracy': 0.8424608455317842, 'metric_average_precision': 0.7355900497361199, 'metric_balanced_accuracy': 0.7399080954533634, 'metric_brier': 0.2171303028940104, 'metric_ece': 0.006911492621293557, 'metric_log_loss': 0.34140070964262537, 'metric_macro_f1': 0.7615739922480933, 'metric_nll': 0.34140070964262537, 'metric_roc_auc': 0.8917543539140071, 'min_labeled_per_class': 122, 'min_selected_confidence': nan, 'n_classes': 2, 'n_features_after_preprocessing': 108, 'n_features_before_preprocessing': 14, 'n_labeled': 500, 'n_pseudo_added_last_iter': nan, 'n_pseudo_added_total': nan, 'n_unlabeled': 38573, 'neural_method': nan, 'neural_validation_strategy': nan, 'package_version': '8.1.0', 'peak_gpu_memory_mb': 445.8671875, 'pretrain_epochs_trained': nan, 'protocol': 'inductive', 'pseudo_label_class_distribution': nan, 'pseudo_label_fraction': nan, 'reference_family': 'TabPFN-3 / PriorLabs', 'runtime_seconds': 8.008, 'seed': 0, 'self_training_iterations': nan, 'status': 'success', 'stopped_reason': nan, 'test_class_counts': '{<=50K:7431,>50K:2338}', 'test_size': 9769, 'timestamp_utc': '2026-07-22T14:59:47.834907+00:00', 'train_labeled_size': 400, 'train_pool_class_counts': '{<=50K:29724,>50K:9349}', 'unlabeled_class_counts': '{<=50K:29346,>50K:9227}', 'val_class_counts': '{<=50K:76,>50K:24}', 'val_size': 100, 'validation_strategy': 'stratified_labeled_val', 'warm_inference_seconds': 0.9938280880451202}",,False,0.9938280880451202
tabpfn3,/private/ofirlin-lab/suissad4/caches/tabpfn/tabpfn-v3-classifier-v3_default.ckpt,,,nogit:afd539c9e2f221fc,,12.4,adult,gpu,False,,,3f9236be15390304,,ssl-tfm,"{'cuda_available': True, 'cuda_version': '12.4', 'env_name': None, 'env_prefix': '/private/ofirlin-lab/suissad4/envs/micromamba', 'gpu_count': 1, 'gpu_name': 'NVIDIA A100 80GB PCIe', 'hostname': 'dsiuriofir01', 'packages': {'catboost': '1.2.10', 'lightgbm': '4.7.0', 'numpy': '2.4.6', 'pandas': '3.0.3', 'scikit-learn': '1.9.0', 'tabicl': '2.1.1', 'tabpfn': '8.1.0', 'torch': '2.6.0+cu124', 'xgboost': None}, 'platform': 'Linux-5.14.0-687.15.1.el9_8.x86_64-x86_64-with-glibc2.34', 'python': '3.11.15 | packaged by conda-forge | (main, Jun 11 2026, 03:34:02) [GCC 14.3.0]', 'python_version': '3.11.15', 'torch_available': True, 'torch_version': '2.6.0+cu124'}",,,NVIDIA A100 80GB PCIe,dsiuriofir01,raw,,tabpfn3,{},44136fa355b3678a,tfm_frozen,official,0.7744907360016379,0.6532938651187654,0.5300434081948566,0.2991713060115897,0.11853720571802476,0.4674289257627477,0.4928448973948627,0.4674289257627477,0.8494408898334593,50,,False,,8.1.0,,inductive,Hollmann et al. TabPFN / TabPFN-3,adult__tabpfn3__s0__n50__c5f43ea297570b03,10.5551,0,192,18455315,v1_absolute_budget,success,True,2026-07-22T14:59:35.020221+00:00,"{'all_classes_present_in_labeled': True, 'backbone': 'tabpfn3', 'best_epoch': nan, 'best_val_loss': nan, 'checkpoint': '/private/ofirlin-lab/suissad4/caches/tabpfn/tabpfn-v3-classifier-v3_default.ckpt', 'cold_load_seconds': 1.0307407826185226, 'dataset': 'adult', 'dataset_id': 1590, 'embedding_source': None, 'epochs_trained': nan, 'error_message': None, 'final_train_loss': nan, 'finetune_epochs_trained': nan, 'graph_n_neighbors_used': nan, 'graph_n_rows': nan, 'graph_n_unlabeled_used': nan, 'graph_retry_count': nan, 'input_view': 'raw', 'kv_cache': None, 'labeled_class_counts': '{<=50K:36,>50K:14}', 'labeled_classes_present': 2, 'max_labeled_per_class': 36, 'max_selected_confidence': nan, 'mean_selected_confidence': nan, 'mean_selected_density': nan, 'method': 'tabpfn3', 'method_fidelity': 'official', 'metric_accuracy': 0.7744907360016379, 'metric_average_precision': 0.6532938651187654, 'metric_balanced_accuracy': 0.5300434081948566, 'metric_brier': 0.2991713060115897, 'metric_ece': 0.11853720571802476, 'metric_log_loss': 0.4674289257627477, 'metric_macro_f1': 0.4928448973948627, 'metric_nll': 0.4674289257627477, 'metric_roc_auc': 0.8494408898334593, 'min_labeled_per_class': 14, 'min_selected_confidence': nan, 'n_classes': 2, 'n_features_after_preprocessing': 108, 'n_features_before_preprocessing': 14, 'n_labeled': 50, 'n_pseudo_added_last_iter': nan, 'n_pseudo_added_total': nan, 'n_unlabeled': 39023, 'neural_method': nan, 'neural_validation_strategy': nan, 'package_version': '8.1.0', 'peak_gpu_memory_mb': 439.72265625, 'pretrain_epochs_trained': nan, 'protocol': 'inductive', 'pseudo_label_class_distribution': nan, 'pseudo_label_fraction': nan, 'reference_family': 'TabPFN-3 / PriorLabs', 'runtime_seconds': 10.5551, 'seed': 0, 'self_training_iterations': nan, 'status': 'success', 'stopped_reason': nan, 'test_class_counts': '{<=50K:7431,>50K:2338}', 'test_size': 9769, 'timestamp_utc': '2026-07-22T14:59:24.429652+00:00', 'train_labeled_size': 40, 'train_pool_class_counts': '{<=50K:29724,>50K:9349}', 'unlabeled_class_counts': '{<=50K:29688,>50K:9335}', 'val_class_counts': '{<=50K:7,>50K:3}', 'val_size': 10, 'validation_strategy': 'stratified_labeled_val', 'warm_inference_seconds': 1.1114149801433086}",,False,1.1114149801433086
tabpfn3,/private/ofirlin-lab/suissad4/caches/tabpfn/tabpfn-v3-classifier-v3_default.ckpt,,,nogit:afd539c9e2f221fc,,12.4,adult,gpu,False,,,3f9236be15390304,,ssl-tfm,"{'cuda_available': True, 'cuda_version': '12.4', 'env_name': None, 'env_prefix': '/private/ofirlin-lab/suissad4/envs/micromamba', 'gpu_count': 1, 'gpu_name': 'NVIDIA A100 80GB PCIe', 'hostname': 'dsiuriofir01', 'packages': {'catboost': '1.2.10', 'lightgbm': '4.7.0', 'numpy': '2.4.6', 'pandas': '3.0.3', 'scikit-learn': '1.9.0', 'tabicl': '2.1.1', 'tabpfn': '8.1.0', 'torch': '2.6.0+cu124', 'xgboost': None}, 'platform': 'Linux-5.14.0-687.15.1.el9_8.x86_64-x86_64-with-glibc2.34', 'python': '3.11.15 | packaged by conda-forge | (main, Jun 11 2026, 03:34:02) [GCC 14.3.0]', 'python_version': '3.11.15', 'torch_available': True, 'torch_version': '2.6.0+cu124'}",,,NVIDIA A100 80GB PCIe,dsiuriofir01,raw,,tabpfn3,{},44136fa355b3678a,tfm_frozen,official,0.8289487153239841,0.6855257659382247,0.7241374854535695,0.24386018566769588,0.04991326658598057,0.38595501996425446,0.742881600923459,0.38595501996425446,0.8670691951353077,100,,False,,8.1.0,,inductive,Hollmann et al. TabPFN / TabPFN-3,adult__tabpfn3__s1__n100__601f9b04aec36abd,7.8157,1,197,18455320,v1_absolute_budget,success,True,2026-07-22T15:00:07.581777+00:00,"{'all_classes_present_in_labeled': True, 'backbone': 'tabpfn3', 'best_epoch': nan, 'best_val_loss': nan, 'checkpoint': '/private/ofirlin-lab/suissad4/caches/tabpfn/tabpfn-v3-classifier-v3_default.ckpt', 'cold_load_seconds': 0.9959384980611503, 'dataset': 'adult', 'dataset_id': 1590, 'embedding_source': None, 'epochs_trained': nan, 'error_message': None, 'final_train_loss': nan, 'finetune_epochs_trained': nan, 'graph_n_neighbors_used': nan, 'graph_n_rows': nan, 'graph_n_unlabeled_used': nan, 'graph_retry_count': nan, 'input_view': 'raw', 'kv_cache': None, 'labeled_class_counts': '{<=50K:73,>50K:27}', 'labeled_classes_present': 2, 'max_labeled_per_class': 73, 'max_selected_confidence': nan, 'mean_selected_confidence': nan, 'mean_selected_density': nan, 'method': 'tabpfn3', 'method_fidelity': 'official', 'metric_accuracy': 0.8289487153239841, 'metric_average_precision': 0.6855257659382247, 'metric_balanced_accuracy': 0.7241374854535695, 'metric_brier': 0.24386018566769588, 'metric_ece': 0.04991326658598057, 'metric_log_loss': 0.38595501996425446, 'metric_macro_f1': 0.742881600923459, 'metric_nll': 0.38595501996425446, 'metric_roc_auc': 0.8670691951353077, 'min_labeled_per_class': 27, 'min_selected_confidence': nan, 'n_classes': 2, 'n_features_after_preprocessing': 108, 'n_features_before_preprocessing': 14, 'n_labeled': 100, 'n_pseudo_added_last_iter': nan, 'n_pseudo_added_total': nan, 'n_unlabeled': 38973, 'neural_method': nan, 'neural_validation_strategy': nan, 'package_version': '8.1.0', 'peak_gpu_memory_mb': 440.4052734375, 'pretrain_epochs_trained': nan, 'protocol': 'inductive', 'pseudo_label_class_distribution': nan, 'pseudo_label_fraction': nan, 'reference_family': 'TabPFN-3 / PriorLabs', 'runtime_seconds': 7.8157, 'seed': 1, 'self_training_iterations': nan, 'status': 'success', 'stopped_reason': nan, 'test_class_counts': '{<=50K:7431,>50K:2338}', 'test_size': 9769, 'timestamp_utc': '2026-07-22T14:59:59.743343+00:00', 'train_labeled_size': 80, 'train_pool_class_counts': '{<=50K:29724,>50K:9349}', 'unlabeled_class_counts': '{<=50K:29651,>50K:9322}', 'val_class_counts': '{<=50K:15,>50K:5}', 'val_size': 20, 'validation_strategy': 'stratified_labeled_val', 'warm_inference_seconds': 0.9451294587925076}",,False,0.9451294587925076
tabpfn3,/private/ofirlin-lab/suissad4/caches/tabpfn/tabpfn-v3-classifier-v3_default.ckpt,,,nogit:afd539c9e2f221fc,,12.4,adult,gpu,False,,,3f9236be15390304,,ssl-tfm,"{'cuda_available': True, 'cuda_version': '12.4', 'env_name': None, 'env_prefix': '/private/ofirlin-lab/suissad4/envs/micromamba', 'gpu_count': 1, 'gpu_name': 'NVIDIA A100 80GB PCIe', 'hostname': 'dsiuriofir01', 'packages': {'catboost': '1.2.10', 'lightgbm': '4.7.0', 'numpy': '2.4.6', 'pandas': '3.0.3', 'scikit-learn': '1.9.0', 'tabicl': '2.1.1', 'tabpfn': '8.1.0', 'torch': '2.6.0+cu124', 'xgboost': None}, 'platform': 'Linux-5.14.0-687.15.1.el9_8.x86_64-x86_64-with-glibc2.34', 'python': '3.11.15 | packaged by conda-forge | (main, Jun 11 2026, 03:34:02) [GCC 14.3.0]', 'python_version': '3.11.15', 'torch_available': True, 'torch_version': '2.6.0+cu124'}",,,NVIDIA A100 80GB PCIe,dsiuriofir01,raw,,tabpfn3,{},44136fa355b3678a,tfm_frozen,official,0.8436892210052206,0.7214878805013789,0.7411552407037819,0.2228654387284628,0.01733542066686987,0.3496222856058971,0.763176490731826,0.3496222856058971,0.8861664755154319,250,,False,,8.1.0,,inductive,Hollmann et al. TabPFN / TabPFN-3,adult__tabpfn3__s1__n250__dd8f398fb7a361a9,6.9116,1,198,18455321,v1_absolute_budget,success,True,2026-07-22T15:00:08.588624+00:00,"{'all_classes_present_in_labeled': True, 'backbone': 'tabpfn3', 'best_epoch': nan, 'best_val_loss': nan, 'checkpoint': '/private/ofirlin-lab/suissad4/caches/tabpfn/tabpfn-v3-classifier-v3_default.ckpt', 'cold_load_seconds': 0.8579575289040804, 'dataset': 'adult', 'dataset_id': 1590, 'embedding_source': None, 'epochs_trained': nan, 'error_message': None, 'final_train_loss': nan, 'finetune_epochs_trained': nan, 'graph_n_neighbors_used': nan, 'graph_n_rows': nan, 'graph_n_unlabeled_used': nan, 'graph_retry_count': nan, 'input_view': 'raw', 'kv_cache': None, 'labeled_class_counts': '{<=50K:188,>50K:62}', 'labeled_classes_present': 2, 'max_labeled_per_class': 188, 'max_selected_confidence': nan, 'mean_selected_confidence': nan, 'mean_selected_density': nan, 'method': 'tabpfn3', 'method_fidelity': 'official', 'metric_accuracy': 0.8436892210052206, 'metric_average_precision': 0.7214878805013789, 'metric_balanced_accuracy': 0.7411552407037819, 'metric_brier': 0.2228654387284628, 'metric_ece': 0.01733542066686987, 'metric_log_loss': 0.3496222856058971, 'metric_macro_f1': 0.763176490731826, 'metric_nll': 0.3496222856058971, 'metric_roc_auc': 0.8861664755154319, 'min_labeled_per_class': 62, 'min_selected_confidence': nan, 'n_classes': 2, 'n_features_after_preprocessing': 108, 'n_features_before_preprocessing': 14, 'n_labeled': 250, 'n_pseudo_added_last_iter': nan, 'n_pseudo_added_total': nan, 'n_unlabeled': 38823, 'neural_method': nan, 'neural_validation_strategy': nan, 'package_version': '8.1.0', 'peak_gpu_memory_mb': 442.45263671875, 'pretrain_epochs_trained': nan, 'protocol': 'inductive', 'pseudo_label_class_distribution': nan, 'pseudo_label_fraction': nan, 'reference_family': 'TabPFN-3 / PriorLabs', 'runtime_seconds': 6.9116, 'seed': 1, 'self_training_iterations': nan, 'status': 'success', 'stopped_reason': nan, 'test_class_counts': '{<=50K:7431,>50K:2338}', 'test_size': 9769, 'timestamp_utc': '2026-07-22T15:00:01.656767+00:00', 'train_labeled_size': 200, 'train_pool_class_counts': '{<=50K:29724,>50K:9349}', 'unlabeled_class_counts': '{<=50K:29536,>50K:9287}', 'val_class_counts': '{<=50K:38,>50K:12}', 'val_size': 50, 'validation_strategy': 'stratified_labeled_val', 'warm_inference_seconds': 0.9704556870274246}",,False,0.9704556870274246
tabpfn3,/private/ofirlin-lab/suissad4/caches/tabpfn/tabpfn-v3-classifier-v3_default.ckpt,,,nogit:afd539c9e2f221fc,,12.4,adult,gpu,False,,,3f9236be15390304,,ssl-tfm,"{'cuda_available': True, 'cuda_version': '12.4', 'env_name': None, 'env_prefix': '/private/ofirlin-lab/suissad4/envs/micromamba', 'gpu_count': 1, 'gpu_name': 'NVIDIA A100 80GB PCIe', 'hostname': 'dsiuriofir01', 'packages': {'catboost': '1.2.10', 'lightgbm': '4.7.0', 'numpy': '2.4.6', 'pandas': '3.0.3', 'scikit-learn': '1.9.0', 'tabicl': '2.1.1', 'tabpfn': '8.1.0', 'torch': '2.6.0+cu124', 'xgboost': None}, 'platform': 'Linux-5.14.0-687.15.1.el9_8.x86_64-x86_64-with-glibc2.34', 'python': '3.11.15 | packaged by conda-forge | (main, Jun 11 2026, 03:34:02) [GCC 14.3.0]', 'python_version': '3.11.15', 'torch_available': True, 'torch_version': '2.6.0+cu124'}",,,NVIDIA A100 80GB PCIe,dsiuriofir01,raw,,tabpfn3,{},44136fa355b3678a,tfm_frozen,official,0.8397993653393387,0.7317034102456853,0.7510570300658272,0.22329970045974995,0.02921263888267707,0.35685855892996216,0.7659276704232645,0.35685855892996216,0.8884720322317474,500,,False,,8.1.0,,inductive,Hollmann et al. TabPFN / TabPFN-3,adult__tabpfn3__s1__n500__2100c934b3aed623,7.6447,1,199,18455322,v1_absolute_budget,success,True,2026-07-22T15:00:19.896025+00:00,"{'all_classes_present_in_labeled': True, 'backbone': 'tabpfn3', 'best_epoch': nan, 'best_val_loss': nan, 'checkpoint': '/private/ofirlin-lab/suissad4/caches/tabpfn/tabpfn-v3-classifier-v3_default.ckpt', 'cold_load_seconds': 0.8765543019399047, 'dataset': 'adult', 'dataset_id': 1590, 'embedding_source': None, 'epochs_trained': nan, 'error_message': None, 'final_train_loss': nan, 'finetune_epochs_trained': nan, 'graph_n_neighbors_used': nan, 'graph_n_rows': nan, 'graph_n_unlabeled_used': nan, 'graph_retry_count': nan, 'input_view': 'raw', 'kv_cache': None, 'labeled_class_counts': '{<=50K:378,>50K:122}', 'labeled_classes_present': 2, 'max_labeled_per_class': 378, 'max_selected_confidence': nan, 'mean_selected_confidence': nan, 'mean_selected_density': nan, 'method': 'tabpfn3', 'method_fidelity': 'official', 'metric_accuracy': 0.8397993653393387, 'metric_average_precision': 0.7317034102456853, 'metric_balanced_accuracy': 0.7510570300658272, 'metric_brier': 0.22329970045974995, 'metric_ece': 0.02921263888267707, 'metric_log_loss': 0.35685855892996216, 'metric_macro_f1': 0.7659276704232645, 'metric_nll': 0.35685855892996216, 'metric_roc_auc': 0.8884720322317474, 'min_labeled_per_class': 122, 'min_selected_confidence': nan, 'n_classes': 2, 'n_features_after_preprocessing': 108, 'n_features_before_preprocessing': 14, 'n_labeled': 500, 'n_pseudo_added_last_iter': nan, 'n_pseudo_added_total': nan, 'n_unlabeled': 38573, 'neural_method': nan, 'neural_validation_strategy': nan, 'package_version': '8.1.0', 'peak_gpu_memory_mb': 445.8671875, 'pretrain_epochs_trained': nan, 'protocol': 'inductive', 'pseudo_label_class_distribution': nan, 'pseudo_label_fraction': nan, 'reference_family': 'TabPFN-3 / PriorLabs', 'runtime_seconds': 7.6447, 'seed': 1, 'self_training_iterations': nan, 'status': 'success', 'stopped_reason': nan, 'test_class_counts': '{<=50K:7431,>50K:2338}', 'test_size': 9769, 'timestamp_utc': '2026-07-22T15:00:12.231239+00:00', 'train_labeled_size': 400, 'train_pool_class_counts': '{<=50K:29724,>50K:9349}', 'unlabeled_class_counts': '{<=50K:29346,>50K:9227}', 'val_class_counts': '{<=50K:76,>50K:24}', 'val_size': 100, 'validation_strategy': 'stratified_labeled_val', 'warm_inference_seconds': 0.9577192370779812}",,False,0.9577192370779812
tabpfn3,/private/ofirlin-lab/suissad4/caches/tabpfn/tabpfn-v3-classifier-v3_default.ckpt,,,nogit:afd539c9e2f221fc,,12.4,adult,gpu,False,,,3f9236be15390304,,ssl-tfm,"{'cuda_available': True, 'cuda_version': '12.4', 'env_name': None, 'env_prefix': '/private/ofirlin-lab/suissad4/envs/micromamba', 'gpu_count': 1, 'gpu_name': 'NVIDIA A100 80GB PCIe', 'hostname': 'dsiuriofir01', 'packages': {'catboost': '1.2.10', 'lightgbm': '4.7.0', 'numpy': '2.4.6', 'pandas': '3.0.3', 'scikit-learn': '1.9.0', 'tabicl': '2.1.1', 'tabpfn': '8.1.0', 'torch': '2.6.0+cu124', 'xgboost': None}, 'platform': 'Linux-5.14.0-687.15.1.el9_8.x86_64-x86_64-with-glibc2.34', 'python': '3.11.15 | packaged by conda-forge | (main, Jun 11 2026, 03:34:02) [GCC 14.3.0]', 'python_version': '3.11.15', 'torch_available': True, 'torch_version': '2.6.0+cu124'}",,,NVIDIA A100 80GB PCIe,dsiuriofir01,raw,,tabpfn3,{},44136fa355b3678a,tfm_frozen,official,0.8103183539768656,0.6419476146244741,0.7360759189850301,0.263797483184485,0.026615290744320494,0.408738822040244,0.7377051078262493,0.408738822040244,0.8450678089003377,50,,False,,8.1.0,,inductive,Hollmann et al. TabPFN / TabPFN-3,adult__tabpfn3__s1__n50__ed20bc17196b3803,7.1079,1,196,18455319,v1_absolute_budget,success,True,2026-07-22T14:59:57.965849+00:00,"{'all_classes_present_in_labeled': True, 'backbone': 'tabpfn3', 'best_epoch': nan, 'best_val_loss': nan, 'checkpoint': '/private/ofirlin-lab/suissad4/caches/tabpfn/tabpfn-v3-classifier-v3_default.ckpt', 'cold_load_seconds': 0.8753834683448076, 'dataset': 'adult', 'dataset_id': 1590, 'embedding_source': None, 'epochs_trained': nan, 'error_message': None, 'final_train_loss': nan, 'finetune_epochs_trained': nan, 'graph_n_neighbors_used': nan, 'graph_n_rows': nan, 'graph_n_unlabeled_used': nan, 'graph_retry_count': nan, 'input_view': 'raw', 'kv_cache': None, 'labeled_class_counts': '{<=50K:36,>50K:14}', 'labeled_classes_present': 2, 'max_labeled_per_class': 36, 'max_selected_confidence': nan, 'mean_selected_confidence': nan, 'mean_selected_density': nan, 'method': 'tabpfn3', 'method_fidelity': 'official', 'metric_accuracy': 0.8103183539768656, 'metric_average_precision': 0.6419476146244741, 'metric_balanced_accuracy': 0.7360759189850301, 'metric_brier': 0.263797483184485, 'metric_ece': 0.026615290744320494, 'metric_log_loss': 0.408738822040244, 'metric_macro_f1': 0.7377051078262493, 'metric_nll': 0.408738822040244, 'metric_roc_auc': 0.8450678089003377, 'min_labeled_per_class': 14, 'min_selected_confidence': nan, 'n_classes': 2, 'n_features_after_preprocessing': 108, 'n_features_before_preprocessing': 14, 'n_labeled': 50, 'n_pseudo_added_last_iter': nan, 'n_pseudo_added_total': nan, 'n_unlabeled': 39023, 'neural_method': nan, 'neural_validation_strategy': nan, 'package_version': '8.1.0', 'peak_gpu_memory_mb': 439.72265625, 'pretrain_epochs_trained': nan, 'protocol': 'inductive', 'pseudo_label_class_distribution': nan, 'pseudo_label_fraction': nan, 'reference_family': 'TabPFN-3 / PriorLabs', 'runtime_seconds': 7.1079, 'seed': 1, 'self_training_iterations': nan, 'status': 'success', 'stopped_reason': nan, 'test_class_counts': '{<=50K:7431,>50K:2338}', 'test_size': 9769, 'timestamp_utc': '2026-07-22T14:59:50.835216+00:00', 'train_labeled_size': 40, 'train_pool_class_counts': '{<=50K:29724,>50K:9349}', 'unlabeled_class_counts': '{<=50K:29688,>50K:9335}', 'val_class_counts': '{<=50K:7,>50K:3}', 'val_size': 10, 'validation_strategy': 'stratified_labeled_val', 'warm_inference_seconds': 0.9570435849018395}",,False,0.9570435849018395
tabpfn3,/private/ofirlin-lab/suissad4/caches/tabpfn/tabpfn-v3-classifier-v3_default.ckpt,,,nogit:afd539c9e2f221fc,,12.4,adult,gpu,False,,,3f9236be15390304,,ssl-tfm,"{'cuda_available': True, 'cuda_version': '12.4', 'env_name': None, 'env_prefix': '/private/ofirlin-lab/suissad4/envs/micromamba', 'gpu_count': 1, 'gpu_name': 'NVIDIA A100 80GB PCIe', 'hostname': 'dsiuriofir01', 'packages': {'catboost': '1.2.10', 'lightgbm': '4.7.0', 'numpy': '2.4.6', 'pandas': '3.0.3', 'scikit-learn': '1.9.0', 'tabicl': '2.1.1', 'tabpfn': '8.1.0', 'torch': '2.6.0+cu124', 'xgboost': None}, 'platform': 'Linux-5.14.0-687.15.1.el9_8.x86_64-x86_64-with-glibc2.34', 'python': '3.11.15 | packaged by conda-forge | (main, Jun 11 2026, 03:34:02) [GCC 14.3.0]', 'python_version': '3.11.15', 'torch_available': True, 'torch_version': '2.6.0+cu124'}",,,NVIDIA A100 80GB PCIe,dsiuriofir01,raw,,tabpfn3,{},44136fa355b3678a,tfm_frozen,official,0.8088852492578564,0.6142628926486965,0.7096303384925173,0.28416336521764257,0.07575824260095865,0.47606418763467734,0.7214130236463433,0.47606418763467734,0.8235306882054565,100,,False,,8.1.0,,inductive,Hollmann et al. TabPFN / TabPFN-3,adult__tabpfn3__s2__n100__cd10ab6e478310e5,7.1293,2,201,18455324,v1_absolute_budget,success,True,2026-07-22T15:00:30.641554+00:00,"{'all_classes_present_in_labeled': True, 'backbone': 'tabpfn3', 'best_epoch': nan, 'best_val_loss': nan, 'checkpoint': '/private/ofirlin-lab/suissad4/caches/tabpfn/tabpfn-v3-classifier-v3_default.ckpt', 'cold_load_seconds': 0.8497590888291597, 'dataset': 'adult', 'dataset_id': 1590, 'embedding_source': None, 'epochs_trained': nan, 'error_message': None, 'final_train_loss': nan, 'finetune_epochs_trained': nan, 'graph_n_neighbors_used': nan, 'graph_n_rows': nan, 'graph_n_unlabeled_used': nan, 'graph_retry_count': nan, 'input_view': 'raw', 'kv_cache': None, 'labeled_class_counts': '{<=50K:73,>50K:27}', 'labeled_classes_present': 2, 'max_labeled_per_class': 73, 'max_selected_confidence': nan, 'mean_selected_confidence': nan, 'mean_selected_density': nan, 'method': 'tabpfn3', 'method_fidelity': 'official', 'metric_accuracy': 0.8088852492578564, 'metric_average_precision': 0.6142628926486965, 'metric_balanced_accuracy': 0.7096303384925173, 'metric_brier': 0.28416336521764257, 'metric_ece': 0.07575824260095865, 'metric_log_loss': 0.47606418763467734, 'metric_macro_f1': 0.7214130236463433, 'metric_nll': 0.47606418763467734, 'metric_roc_auc': 0.8235306882054565, 'min_labeled_per_class': 27, 'min_selected_confidence': nan, 'n_classes': 2, 'n_features_after_preprocessing': 108, 'n_features_before_preprocessing': 14, 'n_labeled': 100, 'n_pseudo_added_last_iter': nan, 'n_pseudo_added_total': nan, 'n_unlabeled': 38973, 'neural_method': nan, 'neural_validation_strategy': nan, 'package_version': '8.1.0', 'peak_gpu_memory_mb': 440.4052734375, 'pretrain_epochs_trained': nan, 'protocol': 'inductive', 'pseudo_label_class_distribution': nan, 'pseudo_label_fraction': nan, 'reference_family': 'TabPFN-3 / PriorLabs', 'runtime_seconds': 7.1293, 'seed': 2, 'self_training_iterations': nan, 'status': 'success', 'stopped_reason': nan, 'test_class_counts': '{<=50K:7431,>50K:2338}', 'test_size': 9769, 'timestamp_utc': '2026-07-22T15:00:23.490146+00:00', 'train_labeled_size': 80, 'train_pool_class_counts': '{<=50K:29724,>50K:9349}', 'unlabeled_class_counts': '{<=50K:29651,>50K:9322}', 'val_class_counts': '{<=50K:15,>50K:5}', 'val_size': 20, 'validation_strategy': 'stratified_labeled_val', 'warm_inference_seconds': 0.9284264273010194}",,False,0.9284264273010194
tabpfn3,/private/ofirlin-lab/suissad4/caches/tabpfn/tabpfn-v3-classifier-v3_default.ckpt,,,nogit:afd539c9e2f221fc,,12.4,adult,gpu,False,,,3f9236be15390304,,ssl-tfm,"{'cuda_available': True, 'cuda_version': '12.4', 'env_name': None, 'env_prefix': '/private/ofirlin-lab/suissad4/envs/micromamba', 'gpu_count': 1, 'gpu_name': 'NVIDIA A100 80GB PCIe', 'hostname': 'dsiuriofir01', 'packages': {'catboost': '1.2.10', 'lightgbm': '4.7.0', 'numpy': '2.4.6', 'pandas': '3.0.3', 'scikit-learn': '1.9.0', 'tabicl': '2.1.1', 'tabpfn': '8.1.0', 'torch': '2.6.0+cu124', 'xgboost': None}, 'platform': 'Linux-5.14.0-687.15.1.el9_8.x86_64-x86_64-with-glibc2.34', 'python': '3.11.15 | packaged by conda-forge | (main, Jun 11 2026, 03:34:02) [GCC 14.3.0]', 'python_version': '3.11.15', 'torch_available': True, 'torch_version': '2.6.0+cu124'}",,,NVIDIA A100 80GB PCIe,dsiuriofir01,raw,,tabpfn3,{},44136fa355b3678a,tfm_frozen,official,0.8221926502200839,0.6600482720780267,0.6896493074178076,0.239202607888848,0.022456770068090444,0.3694040769252707,0.7147214307275668,0.3694040769252707,0.8767139577468859,250,,False,,8.1.0,,inductive,Hollmann et al. TabPFN / TabPFN-3,adult__tabpfn3__s2__n250__11076196be7890b8,7.145,2,202,18455325,v1_absolute_budget,success,True,2026-07-22T15:00:30.653259+00:00,"{'all_classes_present_in_labeled': True, 'backbone': 'tabpfn3', 'best_epoch': nan, 'best_val_loss': nan, 'checkpoint': '/private/ofirlin-lab/suissad4/caches/tabpfn/tabpfn-v3-classifier-v3_default.ckpt', 'cold_load_seconds': 0.8583995420485735, 'dataset': 'adult', 'dataset_id': 1590, 'embedding_source': None, 'epochs_trained': nan, 'error_message': None, 'final_train_loss': nan, 'finetune_epochs_trained': nan, 'graph_n_neighbors_used': nan, 'graph_n_rows': nan, 'graph_n_unlabeled_used': nan, 'graph_retry_count': nan, 'input_view': 'raw', 'kv_cache': None, 'labeled_class_counts': '{<=50K:188,>50K:62}', 'labeled_classes_present': 2, 'max_labeled_per_class': 188, 'max_selected_confidence': nan, 'mean_selected_confidence': nan, 'mean_selected_density': nan, 'method': 'tabpfn3', 'method_fidelity': 'official', 'metric_accuracy': 0.8221926502200839, 'metric_average_precision': 0.6600482720780267, 'metric_balanced_accuracy': 0.6896493074178076, 'metric_brier': 0.239202607888848, 'metric_ece': 0.022456770068090444, 'metric_log_loss': 0.3694040769252707, 'metric_macro_f1': 0.7147214307275668, 'metric_nll': 0.3694040769252707, 'metric_roc_auc': 0.8767139577468859, 'min_labeled_per_class': 62, 'min_selected_confidence': nan, 'n_classes': 2, 'n_features_after_preprocessing': 108, 'n_features_before_preprocessing': 14, 'n_labeled': 250, 'n_pseudo_added_last_iter': nan, 'n_pseudo_added_total': nan, 'n_unlabeled': 38823, 'neural_method': nan, 'neural_validation_strategy': nan, 'package_version': '8.1.0', 'peak_gpu_memory_mb': 442.45263671875, 'pretrain_epochs_trained': nan, 'protocol': 'inductive', 'pseudo_label_class_distribution': nan, 'pseudo_label_fraction': nan, 'reference_family': 'TabPFN-3 / PriorLabs', 'runtime_seconds': 7.145, 'seed': 2, 'self_training_iterations': nan, 'status': 'success', 'stopped_reason': nan, 'test_class_counts': '{<=50K:7431,>50K:2338}', 'test_size': 9769, 'timestamp_utc': '2026-07-22T15:00:23.488491+00:00', 'train_labeled_size': 200, 'train_pool_class_counts': '{<=50K:29724,>50K:9349}', 'unlabeled_class_counts': '{<=50K:29536,>50K:9287}', 'val_class_counts': '{<=50K:38,>50K:12}', 'val_size': 50, 'validation_strategy': 'stratified_labeled_val', 'warm_inference_seconds': 0.9329792121425271}",,False,0.9329792121425271
tabpfn3,/private/ofirlin-lab/suissad4/caches/tabpfn/tabpfn-v3-classifier-v3_default.ckpt,,,nogit:afd539c9e2f221fc,,12.4,adult,gpu,False,,,3f9236be15390304,,ssl-tfm,"{'cuda_available': True, 'cuda_version': '12.4', 'env_name': None, 'env_prefix': '/private/ofirlin-lab/suissad4/envs/micromamba', 'gpu_count': 1, 'gpu_name': 'NVIDIA A100 80GB PCIe', 'hostname': 'dsiuriofir01', 'packages': {'catboost': '1.2.10', 'lightgbm': '4.7.0', 'numpy': '2.4.6', 'pandas': '3.0.3', 'scikit-learn': '1.9.0', 'tabicl': '2.1.1', 'tabpfn': '8.1.0', 'torch': '2.6.0+cu124', 'xgboost': None}, 'platform': 'Linux-5.14.0-687.15.1.el9_8.x86_64-x86_64-with-glibc2.34', 'python': '3.11.15 | packaged by conda-forge | (main, Jun 11 2026, 03:34:02) [GCC 14.3.0]', 'python_version': '3.11.15', 'torch_available': True, 'torch_version': '2.6.0+cu124'}",,,NVIDIA A100 80GB PCIe,dsiuriofir01,raw,,tabpfn3,{},44136fa355b3678a,tfm_frozen,official,0.8393899068481933,0.7272438086195135,0.7487358750403916,0.21756237234201514,0.010969328272508043,0.3365696869907404,0.7643770292568085,0.3365696869907404,0.895328438802653,500,,False,,8.1.0,,inductive,Hollmann et al. TabPFN / TabPFN-3,adult__tabpfn3__s2__n500__8105b27e2aad82f6,7.1844,2,203,18455326,v1_absolute_budget,success,True,2026-07-22T15:00:41.962942+00:00,"{'all_classes_present_in_labeled': True, 'backbone': 'tabpfn3', 'best_epoch': nan, 'best_val_loss': nan, 'checkpoint': '/private/ofirlin-lab/suissad4/caches/tabpfn/tabpfn-v3-classifier-v3_default.ckpt', 'cold_load_seconds': 0.8704736409708858, 'dataset': 'adult', 'dataset_id': 1590, 'embedding_source': None, 'epochs_trained': nan, 'error_message': None, 'final_train_loss': nan, 'finetune_epochs_trained': nan, 'graph_n_neighbors_used': nan, 'graph_n_rows': nan, 'graph_n_unlabeled_used': nan, 'graph_retry_count': nan, 'input_view': 'raw', 'kv_cache': None, 'labeled_class_counts': '{<=50K:378,>50K:122}', 'labeled_classes_present': 2, 'max_labeled_per_class': 378, 'max_selected_confidence': nan, 'mean_selected_confidence': nan, 'mean_selected_density': nan, 'method': 'tabpfn3', 'method_fidelity': 'official', 'metric_accuracy': 0.8393899068481933, 'metric_average_precision': 0.7272438086195135, 'metric_balanced_accuracy': 0.7487358750403916, 'metric_brier': 0.21756237234201514, 'metric_ece': 0.010969328272508043, 'metric_log_loss': 0.3365696869907404, 'metric_macro_f1': 0.7643770292568085, 'metric_nll': 0.3365696869907404, 'metric_roc_auc': 0.895328438802653, 'min_labeled_per_class': 122, 'min_selected_confidence': nan, 'n_classes': 2, 'n_features_after_preprocessing': 108, 'n_features_before_preprocessing': 14, 'n_labeled': 500, 'n_pseudo_added_last_iter': nan, 'n_pseudo_added_total': nan, 'n_unlabeled': 38573, 'neural_method': nan, 'neural_validation_strategy': nan, 'package_version': '8.1.0', 'peak_gpu_memory_mb': 445.8671875, 'pretrain_epochs_trained': nan, 'protocol': 'inductive', 'pseudo_label_class_distribution': nan, 'pseudo_label_fraction': nan, 'reference_family': 'TabPFN-3 / PriorLabs', 'runtime_seconds': 7.1844, 'seed': 2, 'self_training_iterations': nan, 'status': 'success', 'stopped_reason': nan, 'test_class_counts': '{<=50K:7431,>50K:2338}', 'test_size': 9769, 'timestamp_utc': '2026-07-22T15:00:34.758864+00:00', 'train_labeled_size': 400, 'train_pool_class_counts': '{<=50K:29724,>50K:9349}', 'unlabeled_class_counts': '{<=50K:29346,>50K:9227}', 'val_class_counts': '{<=50K:76,>50K:24}', 'val_size': 100, 'validation_strategy': 'stratified_labeled_val', 'warm_inference_seconds': 0.9444126668386161}",,False,0.9444126668386161
tabpfn3,/private/ofirlin-lab/suissad4/caches/tabpfn/tabpfn-v3-classifier-v3_default.ckpt,,,nogit:afd539c9e2f221fc,,12.4,adult,gpu,False,,,3f9236be15390304,,ssl-tfm,"{'cuda_available': True, 'cuda_version': '12.4', 'env_name': None, 'env_prefix': '/private/ofirlin-lab/suissad4/envs/micromamba', 'gpu_count': 1, 'gpu_name': 'NVIDIA A100 80GB PCIe', 'hostname': 'dsiuriofir01', 'packages': {'catboost': '1.2.10', 'lightgbm': '4.7.0', 'numpy': '2.4.6', 'pandas': '3.0.3', 'scikit-learn': '1.9.0', 'tabicl': '2.1.1', 'tabpfn': '8.1.0', 'torch': '2.6.0+cu124', 'xgboost': None}, 'platform': 'Linux-5.14.0-687.15.1.el9_8.x86_64-x86_64-with-glibc2.34', 'python': '3.11.15 | packaged by conda-forge | (main, Jun 11 2026, 03:34:02) [GCC 14.3.0]', 'python_version': '3.11.15', 'torch_available': True, 'torch_version': '2.6.0+cu124'}",,,NVIDIA A100 80GB PCIe,dsiuriofir01,raw,,tabpfn3,{},44136fa355b3678a,tfm_frozen,official,0.7689630463711741,0.5822569889783308,0.690570960276805,0.3058205878452555,0.056111070748060425,0.45834501924437887,0.6875776649665635,0.45834501924437887,0.8193661699036899,50,,False,,8.1.0,,inductive,Hollmann et al. TabPFN / TabPFN-3,adult__tabpfn3__s2__n50__9aee0ab801755631,7.2315,2,200,18455323,v1_absolute_budget,success,True,2026-07-22T15:00:19.840108+00:00,"{'all_classes_present_in_labeled': True, 'backbone': 'tabpfn3', 'best_epoch': nan, 'best_val_loss': nan, 'checkpoint': '/private/ofirlin-lab/suissad4/caches/tabpfn/tabpfn-v3-classifier-v3_default.ckpt', 'cold_load_seconds': 0.8484177966602147, 'dataset': 'adult', 'dataset_id': 1590, 'embedding_source': None, 'epochs_trained': nan, 'error_message': None, 'final_train_loss': nan, 'finetune_epochs_trained': nan, 'graph_n_neighbors_used': nan, 'graph_n_rows': nan, 'graph_n_unlabeled_used': nan, 'graph_retry_count': nan, 'input_view': 'raw', 'kv_cache': None, 'labeled_class_counts': '{<=50K:36,>50K:14}', 'labeled_classes_present': 2, 'max_labeled_per_class': 36, 'max_selected_confidence': nan, 'mean_selected_confidence': nan, 'mean_selected_density': nan, 'method': 'tabpfn3', 'method_fidelity': 'official', 'metric_accuracy': 0.7689630463711741, 'metric_average_precision': 0.5822569889783308, 'metric_balanced_accuracy': 0.690570960276805, 'metric_brier': 0.3058205878452555, 'metric_ece': 0.056111070748060425, 'metric_log_loss': 0.45834501924437887, 'metric_macro_f1': 0.6875776649665635, 'metric_nll': 0.45834501924437887, 'metric_roc_auc': 0.8193661699036899, 'min_labeled_per_class': 14, 'min_selected_confidence': nan, 'n_classes': 2, 'n_features_after_preprocessing': 108, 'n_features_before_preprocessing': 14, 'n_labeled': 50, 'n_pseudo_added_last_iter': nan, 'n_pseudo_added_total': nan, 'n_unlabeled': 39023, 'neural_method': nan, 'neural_validation_strategy': nan, 'package_version': '8.1.0', 'peak_gpu_memory_mb': 439.72265625, 'pretrain_epochs_trained': nan, 'protocol': 'inductive', 'pseudo_label_class_distribution': nan, 'pseudo_label_fraction': nan, 'reference_family': 'TabPFN-3 / PriorLabs', 'runtime_seconds': 7.2315, 'seed': 2, 'self_training_iterations': nan, 'status': 'success', 'stopped_reason': nan, 'test_class_counts': '{<=50K:7431,>50K:2338}', 'test_size': 9769, 'timestamp_utc': '2026-07-22T15:00:12.586847+00:00', 'train_labeled_size': 40, 'train_pool_class_counts': '{<=50K:29724,>50K:9349}', 'unlabeled_class_counts': '{<=50K:29688,>50K:9335}', 'val_class_counts': '{<=50K:7,>50K:3}', 'val_size': 10, 'validation_strategy': 'stratified_labeled_val', 'warm_inference_seconds': 0.9355071452446282}",,False,0.9355071452446282
tabiclv2,tabicl-classifier-v2-20260212.ckpt,,,nogit:afd539c9e2f221fc,,12.4,bank-marketing,gpu,False,,,3f9236be15390304,,ssl-tfm,"{'cuda_available': True, 'cuda_version': '12.4', 'env_name': None, 'env_prefix': '/private/ofirlin-lab/suissad4/envs/micromamba', 'gpu_count': 1, 'gpu_name': 'NVIDIA A100 80GB PCIe', 'hostname': 'dsiuriofir01', 'packages': {'catboost': '1.2.10', 'lightgbm': '4.7.0', 'numpy': '2.4.6', 'pandas': '3.0.3', 'scikit-learn': '1.9.0', 'tabicl': '2.1.1', 'tabpfn': '8.1.0', 'torch': '2.6.0+cu124', 'xgboost': None}, 'platform': 'Linux-5.14.0-687.15.1.el9_8.x86_64-x86_64-with-glibc2.34', 'python': '3.11.15 | packaged by conda-forge | (main, Jun 11 2026, 03:34:02) [GCC 14.3.0]', 'python_version': '3.11.15', 'torch_available': True, 'torch_version': '2.6.0+cu124'}",,,NVIDIA A100 80GB PCIe,dsiuriofir01,raw,True,tabiclv2,{},44136fa355b3678a,tfm_frozen,official,0.855910649120867,0.3720628252375389,0.6728360595776817,0.2073471015729325,0.034351088597556693,0.3382686574750521,0.6655984270705964,0.3382686574750521,0.8092373105054018,100,,False,,unknown,,inductive,TabICL / TabICLv2,bank-marketing__tabiclv2__s0__n100__74e11662a191ca64,7.6701,0,85,18455204,v1_absolute_budget,success,True,2026-07-22T14:46:27.293608+00:00,"{'all_classes_present_in_labeled': True, 'backbone': 'tabiclv2', 'best_epoch': nan, 'best_val_loss': nan, 'checkpoint': 'tabicl-classifier-v2-20260212.ckpt', 'cold_load_seconds': 0.9908001217991114, 'dataset': 'bank-marketing', 'dataset_id': 1461, 'embedding_source': None, 'epochs_trained': nan, 'error_message': None, 'final_train_loss': nan, 'finetune_epochs_trained': nan, 'graph_n_neighbors_used': nan, 'graph_n_rows': nan, 'graph_n_unlabeled_used': nan, 'graph_retry_count': nan, 'input_view': 'raw', 'kv_cache': True, 'labeled_class_counts': '{1:84,2:16}', 'labeled_classes_present': 2, 'max_labeled_per_class': 84, 'max_selected_confidence': nan, 'mean_selected_confidence': nan, 'mean_selected_density': nan, 'method': 'tabiclv2', 'method_fidelity': 'official', 'metric_accuracy': 0.855910649120867, 'metric_average_precision': 0.3720628252375389, 'metric_balanced_accuracy': 0.6728360595776817, 'metric_brier': 0.2073471015729325, 'metric_ece': 0.034351088597556693, 'metric_log_loss': 0.3382686574750521, 'metric_macro_f1': 0.6655984270705964, 'metric_nll': 0.3382686574750521, 'metric_roc_auc': 0.8092373105054018, 'min_labeled_per_class': 16, 'min_selected_confidence': nan, 'n_classes': 2, 'n_features_after_preprocessing': 51, 'n_features_before_preprocessing': 16, 'n_labeled': 100, 'n_pseudo_added_last_iter': nan, 'n_pseudo_added_total': nan, 'n_unlabeled': 36068, 'neural_method': nan, 'neural_validation_strategy': nan, 'package_version': 'unknown', 'peak_gpu_memory_mb': 3576.06591796875, 'pretrain_epochs_trained': nan, 'protocol': 'inductive', 'pseudo_label_class_distribution': nan, 'pseudo_label_fraction': nan, 'reference_family': 'TabICLv2 / soda-inria/tabicl', 'runtime_seconds': 7.6701, 'seed': 0, 'self_training_iterations': nan, 'status': 'success', 'stopped_reason': nan, 'test_class_counts': '{1:7985,2:1058}', 'test_size': 9043, 'timestamp_utc': '2026-07-22T14:46:19.603575+00:00', 'train_labeled_size': 80, 'train_pool_class_counts': '{1:31937,2:4231}', 'unlabeled_class_counts': '{1:31853,2:4215}', 'val_class_counts': '{1:17,2:3}', 'val_size': 20, 'validation_strategy': 'stratified_labeled_val', 'warm_inference_seconds': 0.6784509741701186}",,False,0.6784509741701186
tabiclv2,tabicl-classifier-v2-20260212.ckpt,,,nogit:afd539c9e2f221fc,,12.4,bank-marketing,gpu,False,,,3f9236be15390304,,ssl-tfm,"{'cuda_available': True, 'cuda_version': '12.4', 'env_name': None, 'env_prefix': '/private/ofirlin-lab/suissad4/envs/micromamba', 'gpu_count': 1, 'gpu_name': 'NVIDIA A100 80GB PCIe', 'hostname': 'dsiuriofir01', 'packages': {'catboost': '1.2.10', 'lightgbm': '4.7.0', 'numpy': '2.4.6', 'pandas': '3.0.3', 'scikit-learn': '1.9.0', 'tabicl': '2.1.1', 'tabpfn': '8.1.0', 'torch': '2.6.0+cu124', 'xgboost': None}, 'platform': 'Linux-5.14.0-687.15.1.el9_8.x86_64-x86_64-with-glibc2.34', 'python': '3.11.15 | packaged by conda-forge | (main, Jun 11 2026, 03:34:02) [GCC 14.3.0]', 'python_version': '3.11.15', 'torch_available': True, 'torch_version': '2.6.0+cu124'}",,,NVIDIA A100 80GB PCIe,dsiuriofir01,raw,True,tabiclv2,{},44136fa355b3678a,tfm_frozen,official,0.8866526595156474,0.43938303330171086,0.5885705475649641,0.1603174988115946,0.012339241602490978,0.26186971216416166,0.6150178058535012,0.26186971216416166,0.8654988737152481,250,,False,,unknown,,inductive,TabICL / TabICLv2,bank-marketing__tabiclv2__s0__n250__9fe5be31f0cded78,5.9296,0,86,18455205,v1_absolute_budget,success,True,2026-07-22T14:46:27.812183+00:00,"{'all_classes_present_in_labeled': True, 'backbone': 'tabiclv2', 'best_epoch': nan, 'best_val_loss': nan, 'checkpoint': 'tabicl-classifier-v2-20260212.ckpt', 'cold_load_seconds': 0.9004698870703578, 'dataset': 'bank-marketing', 'dataset_id': 1461, 'embedding_source': None, 'epochs_trained': nan, 'error_message': None, 'final_train_loss': nan, 'finetune_epochs_trained': nan, 'graph_n_neighbors_used': nan, 'graph_n_rows': nan, 'graph_n_unlabeled_used': nan, 'graph_retry_count': nan, 'input_view': 'raw', 'kv_cache': True, 'labeled_class_counts': '{1:217,2:33}', 'labeled_classes_present': 2, 'max_labeled_per_class': 217, 'max_selected_confidence': nan, 'mean_selected_confidence': nan, 'mean_selected_density': nan, 'method': 'tabiclv2', 'method_fidelity': 'official', 'metric_accuracy': 0.8866526595156474, 'metric_average_precision': 0.43938303330171086, 'metric_balanced_accuracy': 0.5885705475649641, 'metric_brier': 0.1603174988115946, 'metric_ece': 0.012339241602490978, 'metric_log_loss': 0.26186971216416166, 'metric_macro_f1': 0.6150178058535012, 'metric_nll': 0.26186971216416166, 'metric_roc_auc': 0.8654988737152481, 'min_labeled_per_class': 33, 'min_selected_confidence': nan, 'n_classes': 2, 'n_features_after_preprocessing': 51, 'n_features_before_preprocessing': 16, 'n_labeled': 250, 'n_pseudo_added_last_iter': nan, 'n_pseudo_added_total': nan, 'n_unlabeled': 35918, 'neural_method': nan, 'neural_validation_strategy': nan, 'package_version': 'unknown', 'peak_gpu_memory_mb': 3801.11083984375, 'pretrain_epochs_trained': nan, 'protocol': 'inductive', 'pseudo_label_class_distribution': nan, 'pseudo_label_fraction': nan, 'reference_family': 'TabICLv2 / soda-inria/tabicl', 'runtime_seconds': 5.9296, 'seed': 0, 'self_training_iterations': nan, 'status': 'success', 'stopped_reason': nan, 'test_class_counts': '{1:7985,2:1058}', 'test_size': 9043, 'timestamp_utc': '2026-07-22T14:46:21.861886+00:00', 'train_labeled_size': 200, 'train_pool_class_counts': '{1:31937,2:4231}', 'unlabeled_class_counts': '{1:31720,2:4198}', 'val_class_counts': '{1:43,2:7}', 'val_size': 50, 'validation_strategy': 'stratified_labeled_val', 'warm_inference_seconds': 0.7025228817947209}",,False,0.7025228817947209
tabiclv2,tabicl-classifier-v2-20260212.ckpt,,,nogit:afd539c9e2f221fc,,12.4,bank-marketing,gpu,False,,,3f9236be15390304,,ssl-tfm,"{'cuda_available': True, 'cuda_version': '12.4', 'env_name': None, 'env_prefix': '/private/ofirlin-lab/suissad4/envs/micromamba', 'gpu_count': 1, 'gpu_name': 'NVIDIA A100 80GB PCIe', 'hostname': 'dsiuriofir01', 'packages': {'catboost': '1.2.10', 'lightgbm': '4.7.0', 'numpy': '2.4.6', 'pandas': '3.0.3', 'scikit-learn': '1.9.0', 'tabicl': '2.1.1', 'tabpfn': '8.1.0', 'torch': '2.6.0+cu124', 'xgboost': None}, 'platform': 'Linux-5.14.0-687.15.1.el9_8.x86_64-x86_64-with-glibc2.34', 'python': '3.11.15 | packaged by conda-forge | (main, Jun 11 2026, 03:34:02) [GCC 14.3.0]', 'python_version': '3.11.15', 'torch_available': True, 'torch_version': '2.6.0+cu124'}",,,NVIDIA A100 80GB PCIe,dsiuriofir01,raw,True,tabiclv2,{},44136fa355b3678a,tfm_frozen,official,0.8939511224151278,0.5368804667390628,0.657478933207704,0.14463930685244425,0.015506338527375546,0.232139386598169,0.6881851169056326,0.232139386598169,0.9042503488937789,500,,False,,unknown,,inductive,TabICL / TabICLv2,bank-marketing__tabiclv2__s0__n500__2bc04ddbb8d1be90,6.6465,0,87,18455206,v1_absolute_budget,success,True,2026-07-22T14:46:39.720239+00:00,"{'all_classes_present_in_labeled': True, 'backbone': 'tabiclv2', 'best_epoch': nan, 'best_val_loss': nan, 'checkpoint': 'tabicl-classifier-v2-20260212.ckpt', 'cold_load_seconds': 0.9757689801044762, 'dataset': 'bank-marketing', 'dataset_id': 1461, 'embedding_source': None, 'epochs_trained': nan, 'error_message': None, 'final_train_loss': nan, 'finetune_epochs_trained': nan, 'graph_n_neighbors_used': nan, 'graph_n_rows': nan, 'graph_n_unlabeled_used': nan, 'graph_retry_count': nan, 'input_view': 'raw', 'kv_cache': True, 'labeled_class_counts': '{1:438,2:62}', 'labeled_classes_present': 2, 'max_labeled_per_class': 438, 'max_selected_confidence': nan, 'mean_selected_confidence': nan, 'mean_selected_density': nan, 'method': 'tabiclv2', 'method_fidelity': 'official', 'metric_accuracy': 0.8939511224151278, 'metric_average_precision': 0.5368804667390628, 'metric_balanced_accuracy': 0.657478933207704, 'metric_brier': 0.14463930685244425, 'metric_ece': 0.015506338527375546, 'metric_log_loss': 0.232139386598169, 'metric_macro_f1': 0.6881851169056326, 'metric_nll': 0.232139386598169, 'metric_roc_auc': 0.9042503488937789, 'min_labeled_per_class': 62, 'min_selected_confidence': nan, 'n_classes': 2, 'n_features_after_preprocessing': 51, 'n_features_before_preprocessing': 16, 'n_labeled': 500, 'n_pseudo_added_last_iter': nan, 'n_pseudo_added_total': nan, 'n_unlabeled': 35668, 'neural_method': nan, 'neural_validation_strategy': nan, 'package_version': 'unknown', 'peak_gpu_memory_mb': 3876.48583984375, 'pretrain_epochs_trained': nan, 'protocol': 'inductive', 'pseudo_label_class_distribution': nan, 'pseudo_label_fraction': nan, 'reference_family': 'TabICLv2 / soda-inria/tabicl', 'runtime_seconds': 6.6465, 'seed': 0, 'self_training_iterations': nan, 'status': 'success', 'stopped_reason': nan, 'test_class_counts': '{1:7985,2:1058}', 'test_size': 9043, 'timestamp_utc': '2026-07-22T14:46:33.051598+00:00', 'train_labeled_size': 400, 'train_pool_class_counts': '{1:31937,2:4231}', 'unlabeled_class_counts': '{1:31499,2:4169}', 'val_class_counts': '{1:88,2:12}', 'val_size': 100, 'validation_strategy': 'stratified_labeled_val', 'warm_inference_seconds': 0.7308769440278411}",,False,0.7308769440278411
tabiclv2,tabicl-classifier-v2-20260212.ckpt,,,nogit:afd539c9e2f221fc,,12.4,bank-marketing,gpu,False,,,3f9236be15390304,,ssl-tfm,"{'cuda_available': True, 'cuda_version': '12.4', 'env_name': None, 'env_prefix': '/private/ofirlin-lab/suissad4/envs/micromamba', 'gpu_count': 1, 'gpu_name': 'NVIDIA A100 80GB PCIe', 'hostname': 'dsiuriofir01', 'packages': {'catboost': '1.2.10', 'lightgbm': '4.7.0', 'numpy': '2.4.6', 'pandas': '3.0.3', 'scikit-learn': '1.9.0', 'tabicl': '2.1.1', 'tabpfn': '8.1.0', 'torch': '2.6.0+cu124', 'xgboost': None}, 'platform': 'Linux-5.14.0-687.15.1.el9_8.x86_64-x86_64-with-glibc2.34', 'python': '3.11.15 | packaged by conda-forge | (main, Jun 11 2026, 03:34:02) [GCC 14.3.0]', 'python_version': '3.11.15', 'torch_available': True, 'torch_version': '2.6.0+cu124'}",,,NVIDIA A100 80GB PCIe,dsiuriofir01,raw,True,tabiclv2,{},44136fa355b3678a,tfm_frozen,official,0.8081388919606325,0.1900693189118302,0.5605110835178909,0.2866652577942743,0.0701742177886027,0.46030772890674504,0.5574685299036253,0.46030772890674504,0.6747510987638684,50,,False,,unknown,,inductive,TabICL / TabICLv2,bank-marketing__tabiclv2__s0__n50__1e5527c8c489fa9e,12.7392,0,84,18455199,v1_absolute_budget,success,True,2026-07-22T14:46:09.936201+00:00,"{'all_classes_present_in_labeled': True, 'backbone': 'tabiclv2', 'best_epoch': nan, 'best_val_loss': nan, 'checkpoint': 'tabicl-classifier-v2-20260212.ckpt', 'cold_load_seconds': 1.0029348190873861, 'dataset': 'bank-marketing', 'dataset_id': 1461, 'embedding_source': None, 'epochs_trained': nan, 'error_message': None, 'final_train_loss': nan, 'finetune_epochs_trained': nan, 'graph_n_neighbors_used': nan, 'graph_n_rows': nan, 'graph_n_unlabeled_used': nan, 'graph_retry_count': nan, 'input_view': 'raw', 'kv_cache': True, 'labeled_class_counts': '{1:42,2:8}', 'labeled_classes_present': 2, 'max_labeled_per_class': 42, 'max_selected_confidence': nan, 'mean_selected_confidence': nan, 'mean_selected_density': nan, 'method': 'tabiclv2', 'method_fidelity': 'official', 'metric_accuracy': 0.8081388919606325, 'metric_average_precision': 0.1900693189118302, 'metric_balanced_accuracy': 0.5605110835178909, 'metric_brier': 0.2866652577942743, 'metric_ece': 0.0701742177886027, 'metric_log_loss': 0.46030772890674504, 'metric_macro_f1': 0.5574685299036253, 'metric_nll': 0.46030772890674504, 'metric_roc_auc': 0.6747510987638684, 'min_labeled_per_class': 8, 'min_selected_confidence': nan, 'n_classes': 2, 'n_features_after_preprocessing': 51, 'n_features_before_preprocessing': 16, 'n_labeled': 50, 'n_pseudo_added_last_iter': nan, 'n_pseudo_added_total': nan, 'n_unlabeled': 36118, 'neural_method': nan, 'neural_validation_strategy': nan, 'package_version': 'unknown', 'peak_gpu_memory_mb': 3561.7607421875, 'pretrain_epochs_trained': nan, 'protocol': 'inductive', 'pseudo_label_class_distribution': nan, 'pseudo_label_fraction': nan, 'reference_family': 'TabICLv2 / soda-inria/tabicl', 'runtime_seconds': 12.7392, 'seed': 0, 'self_training_iterations': nan, 'status': 'success', 'stopped_reason': nan, 'test_class_counts': '{1:7985,2:1058}', 'test_size': 9043, 'timestamp_utc': '2026-07-22T14:45:57.148579+00:00', 'train_labeled_size': 40, 'train_pool_class_counts': '{1:31937,2:4231}', 'unlabeled_class_counts': '{1:31895,2:4223}', 'val_class_counts': '{1:8,2:2}', 'val_size': 10, 'validation_strategy': 'stratified_labeled_val', 'warm_inference_seconds': 0.6862468202598393}",,False,0.6862468202598393
tabiclv2,tabicl-classifier-v2-20260212.ckpt,,,nogit:afd539c9e2f221fc,,12.4,bank-marketing,gpu,False,,,3f9236be15390304,,ssl-tfm,"{'cuda_available': True, 'cuda_version': '12.4', 'env_name': None, 'env_prefix': '/private/ofirlin-lab/suissad4/envs/micromamba', 'gpu_count': 1, 'gpu_name': 'NVIDIA A100 80GB PCIe', 'hostname': 'dsiuriofir01', 'packages': {'catboost': '1.2.10', 'lightgbm': '4.7.0', 'numpy': '2.4.6', 'pandas': '3.0.3', 'scikit-learn': '1.9.0', 'tabicl': '2.1.1', 'tabpfn': '8.1.0', 'torch': '2.6.0+cu124', 'xgboost': None}, 'platform': 'Linux-5.14.0-687.15.1.el9_8.x86_64-x86_64-with-glibc2.34', 'python': '3.11.15 | packaged by conda-forge | (main, Jun 11 2026, 03:34:02) [GCC 14.3.0]', 'python_version': '3.11.15', 'torch_available': True, 'torch_version': '2.6.0+cu124'}",,,NVIDIA A100 80GB PCIe,dsiuriofir01,raw,True,tabiclv2,{},44136fa355b3678a,tfm_frozen,official,0.8659736813004534,0.3710384336319184,0.6387669223840069,0.2036469459797092,0.017225771117727773,0.3349041879063935,0.6494602512601386,0.3349041879063935,0.7755779681420621,100,,False,,unknown,,inductive,TabICL / TabICLv2,bank-marketing__tabiclv2__s1__n100__a7a6f588b7787842,7.7834,1,89,18455208,v1_absolute_budget,success,True,2026-07-22T14:46:55.245874+00:00,"{'all_classes_present_in_labeled': True, 'backbone': 'tabiclv2', 'best_epoch': nan, 'best_val_loss': nan, 'checkpoint': 'tabicl-classifier-v2-20260212.ckpt', 'cold_load_seconds': 0.9826676403172314, 'dataset': 'bank-marketing', 'dataset_id': 1461, 'embedding_source': None, 'epochs_trained': nan, 'error_message': None, 'final_train_loss': nan, 'finetune_epochs_trained': nan, 'graph_n_neighbors_used': nan, 'graph_n_rows': nan, 'graph_n_unlabeled_used': nan, 'graph_retry_count': nan, 'input_view': 'raw', 'kv_cache': True, 'labeled_class_counts': '{1:84,2:16}', 'labeled_classes_present': 2, 'max_labeled_per_class': 84, 'max_selected_confidence': nan, 'mean_selected_confidence': nan, 'mean_selected_density': nan, 'method': 'tabiclv2', 'method_fidelity': 'official', 'metric_accuracy': 0.8659736813004534, 'metric_average_precision': 0.3710384336319184, 'metric_balanced_accuracy': 0.6387669223840069, 'metric_brier': 0.2036469459797092, 'metric_ece': 0.017225771117727773, 'metric_log_loss': 0.3349041879063935, 'metric_macro_f1': 0.6494602512601386, 'metric_nll': 0.3349041879063935, 'metric_roc_auc': 0.7755779681420621, 'min_labeled_per_class': 16, 'min_selected_confidence': nan, 'n_classes': 2, 'n_features_after_preprocessing': 51, 'n_features_before_preprocessing': 16, 'n_labeled': 100, 'n_pseudo_added_last_iter': nan, 'n_pseudo_added_total': nan, 'n_unlabeled': 36068, 'neural_method': nan, 'neural_validation_strategy': nan, 'package_version': 'unknown', 'peak_gpu_memory_mb': 3753.94384765625, 'pretrain_epochs_trained': nan, 'protocol': 'inductive', 'pseudo_label_class_distribution': nan, 'pseudo_label_fraction': nan, 'reference_family': 'TabICLv2 / soda-inria/tabicl', 'runtime_seconds': 7.7834, 'seed': 1, 'self_training_iterations': nan, 'status': 'success', 'stopped_reason': nan, 'test_class_counts': '{1:7985,2:1058}', 'test_size': 9043, 'timestamp_utc': '2026-07-22T14:46:47.434200+00:00', 'train_labeled_size': 80, 'train_pool_class_counts': '{1:31937,2:4231}', 'unlabeled_class_counts': '{1:31853,2:4215}', 'val_class_counts': '{1:17,2:3}', 'val_size': 20, 'validation_strategy': 'stratified_labeled_val', 'warm_inference_seconds': 0.7049594442360103}",,False,0.7049594442360103
tabiclv2,tabicl-classifier-v2-20260212.ckpt,,,nogit:afd539c9e2f221fc,,12.4,bank-marketing,gpu,False,,,3f9236be15390304,,ssl-tfm,"{'cuda_available': True, 'cuda_version': '12.4', 'env_name': None, 'env_prefix': '/private/ofirlin-lab/suissad4/envs/micromamba', 'gpu_count': 1, 'gpu_name': 'NVIDIA A100 80GB PCIe', 'hostname': 'dsiuriofir01', 'packages': {'catboost': '1.2.10', 'lightgbm': '4.7.0', 'numpy': '2.4.6', 'pandas': '3.0.3', 'scikit-learn': '1.9.0', 'tabicl': '2.1.1', 'tabpfn': '8.1.0', 'torch': '2.6.0+cu124', 'xgboost': None}, 'platform': 'Linux-5.14.0-687.15.1.el9_8.x86_64-x86_64-with-glibc2.34', 'python': '3.11.15 | packaged by conda-forge | (main, Jun 11 2026, 03:34:02) [GCC 14.3.0]', 'python_version': '3.11.15', 'torch_available': True, 'torch_version': '2.6.0+cu124'}",,,NVIDIA A100 80GB PCIe,dsiuriofir01,raw,True,tabiclv2,{},44136fa355b3678a,tfm_frozen,official,0.8956098639831914,0.5060239849073941,0.6190608454178617,0.1536521718215028,0.017256240070848097,0.2569622840894684,0.6547808884165506,0.2569622840894684,0.8676760419169686,250,,False,,unknown,,inductive,TabICL / TabICLv2,bank-marketing__tabiclv2__s1__n250__e814df3a5983b9bb,7.8323,1,90,18455209,v1_absolute_budget,success,True,2026-07-22T14:46:55.287169+00:00,"{'all_classes_present_in_labeled': True, 'backbone': 'tabiclv2', 'best_epoch': nan, 'best_val_loss': nan, 'checkpoint': 'tabicl-classifier-v2-20260212.ckpt', 'cold_load_seconds': 0.995606938842684, 'dataset': 'bank-marketing', 'dataset_id': 1461, 'embedding_source': None, 'epochs_trained': nan, 'error_message': None, 'final_train_loss': nan, 'finetune_epochs_trained': nan, 'graph_n_neighbors_used': nan, 'graph_n_rows': nan, 'graph_n_unlabeled_used': nan, 'graph_retry_count': nan, 'input_view': 'raw', 'kv_cache': True, 'labeled_class_counts': '{1:217,2:33}', 'labeled_classes_present': 2, 'max_labeled_per_class': 217, 'max_selected_confidence': nan, 'mean_selected_confidence': nan, 'mean_selected_density': nan, 'method': 'tabiclv2', 'method_fidelity': 'official', 'metric_accuracy': 0.8956098639831914, 'metric_average_precision': 0.5060239849073941, 'metric_balanced_accuracy': 0.6190608454178617, 'metric_brier': 0.1536521718215028, 'metric_ece': 0.017256240070848097, 'metric_log_loss': 0.2569622840894684, 'metric_macro_f1': 0.6547808884165506, 'metric_nll': 0.2569622840894684, 'metric_roc_auc': 0.8676760419169686, 'min_labeled_per_class': 33, 'min_selected_confidence': nan, 'n_classes': 2, 'n_features_after_preprocessing': 51, 'n_features_before_preprocessing': 16, 'n_labeled': 250, 'n_pseudo_added_last_iter': nan, 'n_pseudo_added_total': nan, 'n_unlabeled': 35918, 'neural_method': nan, 'neural_validation_strategy': nan, 'package_version': 'unknown', 'peak_gpu_memory_mb': 3801.11083984375, 'pretrain_epochs_trained': nan, 'protocol': 'inductive', 'pseudo_label_class_distribution': nan, 'pseudo_label_fraction': nan, 'reference_family': 'TabICLv2 / soda-inria/tabicl', 'runtime_seconds': 7.8323, 'seed': 1, 'self_training_iterations': nan, 'status': 'success', 'stopped_reason': nan, 'test_class_counts': '{1:7985,2:1058}', 'test_size': 9043, 'timestamp_utc': '2026-07-22T14:46:47.431305+00:00', 'train_labeled_size': 200, 'train_pool_class_counts': '{1:31937,2:4231}', 'unlabeled_class_counts': '{1:31720,2:4198}', 'val_class_counts': '{1:43,2:7}', 'val_size': 50, 'validation_strategy': 'stratified_labeled_val', 'warm_inference_seconds': 0.7186915362253785}",,False,0.7186915362253785
tabiclv2,tabicl-classifier-v2-20260212.ckpt,,,nogit:afd539c9e2f221fc,,12.4,bank-marketing,gpu,False,,,3f9236be15390304,,ssl-tfm,"{'cuda_available': True, 'cuda_version': '12.4', 'env_name': None, 'env_prefix': '/private/ofirlin-lab/suissad4/envs/micromamba', 'gpu_count': 1, 'gpu_name': 'NVIDIA A100 80GB PCIe', 'hostname': 'dsiuriofir01', 'packages': {'catboost': '1.2.10', 'lightgbm': '4.7.0', 'numpy': '2.4.6', 'pandas': '3.0.3', 'scikit-learn': '1.9.0', 'tabicl': '2.1.1', 'tabpfn': '8.1.0', 'torch': '2.6.0+cu124', 'xgboost': None}, 'platform': 'Linux-5.14.0-687.15.1.el9_8.x86_64-x86_64-with-glibc2.34', 'python': '3.11.15 | packaged by conda-forge | (main, Jun 11 2026, 03:34:02) [GCC 14.3.0]', 'python_version': '3.11.15', 'torch_available': True, 'torch_version': '2.6.0+cu124'}",,,NVIDIA A100 80GB PCIe,dsiuriofir01,raw,True,tabiclv2,{},44136fa355b3678a,tfm_frozen,official,0.8971580227800509,0.5147735361933199,0.6449458045745035,0.14384265822856668,0.01567924996115152,0.2314262237436173,0.6808089351135791,0.2314262237436173,0.9037059680663058,500,,False,,unknown,,inductive,TabICL / TabICLv2,bank-marketing__tabiclv2__s1__n500__2e274330f7f42efa,9.0106,1,91,18455210,v1_absolute_budget,success,True,2026-07-22T14:47:11.470584+00:00,"{'all_classes_present_in_labeled': True, 'backbone': 'tabiclv2', 'best_epoch': nan, 'best_val_loss': nan, 'checkpoint': 'tabicl-classifier-v2-20260212.ckpt', 'cold_load_seconds': 0.986119813285768, 'dataset': 'bank-marketing', 'dataset_id': 1461, 'embedding_source': None, 'epochs_trained': nan, 'error_message': None, 'final_train_loss': nan, 'finetune_epochs_trained': nan, 'graph_n_neighbors_used': nan, 'graph_n_rows': nan, 'graph_n_unlabeled_used': nan, 'graph_retry_count': nan, 'input_view': 'raw', 'kv_cache': True, 'labeled_class_counts': '{1:438,2:62}', 'labeled_classes_present': 2, 'max_labeled_per_class': 438, 'max_selected_confidence': nan, 'mean_selected_confidence': nan, 'mean_selected_density': nan, 'method': 'tabiclv2', 'method_fidelity': 'official', 'metric_accuracy': 0.8971580227800509, 'metric_average_precision': 0.5147735361933199, 'metric_balanced_accuracy': 0.6449458045745035, 'metric_brier': 0.14384265822856668, 'metric_ece': 0.01567924996115152, 'metric_log_loss': 0.2314262237436173, 'metric_macro_f1': 0.6808089351135791, 'metric_nll': 0.2314262237436173, 'metric_roc_auc': 0.9037059680663058, 'min_labeled_per_class': 62, 'min_selected_confidence': nan, 'n_classes': 2, 'n_features_after_preprocessing': 51, 'n_features_before_preprocessing': 16, 'n_labeled': 500, 'n_pseudo_added_last_iter': nan, 'n_pseudo_added_total': nan, 'n_unlabeled': 35668, 'neural_method': nan, 'neural_validation_strategy': nan, 'package_version': 'unknown', 'peak_gpu_memory_mb': 3876.48583984375, 'pretrain_epochs_trained': nan, 'protocol': 'inductive', 'pseudo_label_class_distribution': nan, 'pseudo_label_fraction': nan, 'reference_family': 'TabICLv2 / soda-inria/tabicl', 'runtime_seconds': 9.0106, 'seed': 1, 'self_training_iterations': nan, 'status': 'success', 'stopped_reason': nan, 'test_class_counts': '{1:7985,2:1058}', 'test_size': 9043, 'timestamp_utc': '2026-07-22T14:47:02.428904+00:00', 'train_labeled_size': 400, 'train_pool_class_counts': '{1:31937,2:4231}', 'unlabeled_class_counts': '{1:31499,2:4169}', 'val_class_counts': '{1:88,2:12}', 'val_size': 100, 'validation_strategy': 'stratified_labeled_val', 'warm_inference_seconds': 0.7321736300364137}",,False,0.7321736300364137
tabiclv2,tabicl-classifier-v2-20260212.ckpt,,,nogit:afd539c9e2f221fc,,12.4,bank-marketing,gpu,False,,,3f9236be15390304,,ssl-tfm,"{'cuda_available': True, 'cuda_version': '12.4', 'env_name': None, 'env_prefix': '/private/ofirlin-lab/suissad4/envs/micromamba', 'gpu_count': 1, 'gpu_name': 'NVIDIA A100 80GB PCIe', 'hostname': 'dsiuriofir01', 'packages': {'catboost': '1.2.10', 'lightgbm': '4.7.0', 'numpy': '2.4.6', 'pandas': '3.0.3', 'scikit-learn': '1.9.0', 'tabicl': '2.1.1', 'tabpfn': '8.1.0', 'torch': '2.6.0+cu124', 'xgboost': None}, 'platform': 'Linux-5.14.0-687.15.1.el9_8.x86_64-x86_64-with-glibc2.34', 'python': '3.11.15 | packaged by conda-forge | (main, Jun 11 2026, 03:34:02) [GCC 14.3.0]', 'python_version': '3.11.15', 'torch_available': True, 'torch_version': '2.6.0+cu124'}",,,NVIDIA A100 80GB PCIe,dsiuriofir01,raw,True,tabiclv2,{},44136fa355b3678a,tfm_frozen,official,0.8636514431051642,0.36516498279811044,0.620233116677892,0.2066046529114089,0.05333123162736459,0.3433797246567385,0.6328238638659419,0.3433797246567385,0.8007530660631408,50,,False,,unknown,,inductive,TabICL / TabICLv2,bank-marketing__tabiclv2__s1__n50__30a977b6f85780ac,6.5574,1,88,18455207,v1_absolute_budget,success,True,2026-07-22T14:46:39.638131+00:00,"{'all_classes_present_in_labeled': True, 'backbone': 'tabiclv2', 'best_epoch': nan, 'best_val_loss': nan, 'checkpoint': 'tabicl-classifier-v2-20260212.ckpt', 'cold_load_seconds': 0.9617081410251558, 'dataset': 'bank-marketing', 'dataset_id': 1461, 'embedding_source': None, 'epochs_trained': nan, 'error_message': None, 'final_train_loss': nan, 'finetune_epochs_trained': nan, 'graph_n_neighbors_used': nan, 'graph_n_rows': nan, 'graph_n_unlabeled_used': nan, 'graph_retry_count': nan, 'input_view': 'raw', 'kv_cache': True, 'labeled_class_counts': '{1:42,2:8}', 'labeled_classes_present': 2, 'max_labeled_per_class': 42, 'max_selected_confidence': nan, 'mean_selected_confidence': nan, 'mean_selected_density': nan, 'method': 'tabiclv2', 'method_fidelity': 'official', 'metric_accuracy': 0.8636514431051642, 'metric_average_precision': 0.36516498279811044, 'metric_balanced_accuracy': 0.620233116677892, 'metric_brier': 0.2066046529114089, 'metric_ece': 0.05333123162736459, 'metric_log_loss': 0.3433797246567385, 'metric_macro_f1': 0.6328238638659419, 'metric_nll': 0.3433797246567385, 'metric_roc_auc': 0.8007530660631408, 'min_labeled_per_class': 8, 'min_selected_confidence': nan, 'n_classes': 2, 'n_features_after_preprocessing': 51, 'n_features_before_preprocessing': 16, 'n_labeled': 50, 'n_pseudo_added_last_iter': nan, 'n_pseudo_added_total': nan, 'n_unlabeled': 36118, 'neural_method': nan, 'neural_validation_strategy': nan, 'package_version': 'unknown', 'peak_gpu_memory_mb': 3561.7607421875, 'pretrain_epochs_trained': nan, 'protocol': 'inductive', 'pseudo_label_class_distribution': nan, 'pseudo_label_fraction': nan, 'reference_family': 'TabICLv2 / soda-inria/tabicl', 'runtime_seconds': 6.5574, 'seed': 1, 'self_training_iterations': nan, 'status': 'success', 'stopped_reason': nan, 'test_class_counts': '{1:7985,2:1058}', 'test_size': 9043, 'timestamp_utc': '2026-07-22T14:46:33.054383+00:00', 'train_labeled_size': 40, 'train_pool_class_counts': '{1:31937,2:4231}', 'unlabeled_class_counts': '{1:31895,2:4223}', 'val_class_counts': '{1:8,2:2}', 'val_size': 10, 'validation_strategy': 'stratified_labeled_val', 'warm_inference_seconds': 0.6868858989328146}",,False,0.6868858989328146
tabiclv2,tabicl-classifier-v2-20260212.ckpt,,,nogit:afd539c9e2f221fc,,12.4,bank-marketing,gpu,False,,,3f9236be15390304,,ssl-tfm,"{'cuda_available': True, 'cuda_version': '12.4', 'env_name': None, 'env_prefix': '/private/ofirlin-lab/suissad4/envs/micromamba', 'gpu_count': 1, 'gpu_name': 'NVIDIA A100 80GB PCIe', 'hostname': 'dsiuriofir01', 'packages': {'catboost': '1.2.10', 'lightgbm': '4.7.0', 'numpy': '2.4.6', 'pandas': '3.0.3', 'scikit-learn': '1.9.0', 'tabicl': '2.1.1', 'tabpfn': '8.1.0', 'torch': '2.6.0+cu124', 'xgboost': None}, 'platform': 'Linux-5.14.0-687.15.1.el9_8.x86_64-x86_64-with-glibc2.34', 'python': '3.11.15 | packaged by conda-forge | (main, Jun 11 2026, 03:34:02) [GCC 14.3.0]', 'python_version': '3.11.15', 'torch_available': True, 'torch_version': '2.6.0+cu124'}",,,NVIDIA A100 80GB PCIe,dsiuriofir01,raw,True,tabiclv2,{},44136fa355b3678a,tfm_frozen,official,0.8906336392790003,0.4537483642747433,0.6543704938252608,0.16036499169521398,0.008853670536013148,0.2675345883544628,0.6824501276711026,0.2675345883544628,0.8581083624423392,100,,False,,unknown,,inductive,TabICL / TabICLv2,bank-marketing__tabiclv2__s2__n100__270b5bcbb4aa7248,7.6347,2,93,18455212,v1_absolute_budget,success,True,2026-07-22T14:47:26.800460+00:00,"{'all_classes_present_in_labeled': True, 'backbone': 'tabiclv2', 'best_epoch': nan, 'best_val_loss': nan, 'checkpoint': 'tabicl-classifier-v2-20260212.ckpt', 'cold_load_seconds': 0.9721898231655359, 'dataset': 'bank-marketing', 'dataset_id': 1461, 'embedding_source': None, 'epochs_trained': nan, 'error_message': None, 'final_train_loss': nan, 'finetune_epochs_trained': nan, 'graph_n_neighbors_used': nan, 'graph_n_rows': nan, 'graph_n_unlabeled_used': nan, 'graph_retry_count': nan, 'input_view': 'raw', 'kv_cache': True, 'labeled_class_counts': '{1:84,2:16}', 'labeled_classes_present': 2, 'max_labeled_per_class': 84, 'max_selected_confidence': nan, 'mean_selected_confidence': nan, 'mean_selected_density': nan, 'method': 'tabiclv2', 'method_fidelity': 'official', 'metric_accuracy': 0.8906336392790003, 'metric_average_precision': 0.4537483642747433, 'metric_balanced_accuracy': 0.6543704938252608, 'metric_brier': 0.16036499169521398, 'metric_ece': 0.008853670536013148, 'metric_log_loss': 0.2675345883544628, 'metric_macro_f1': 0.6824501276711026, 'metric_nll': 0.2675345883544628, 'metric_roc_auc': 0.8581083624423392, 'min_labeled_per_class': 16, 'min_selected_confidence': nan, 'n_classes': 2, 'n_features_after_preprocessing': 51, 'n_features_before_preprocessing': 16, 'n_labeled': 100, 'n_pseudo_added_last_iter': nan, 'n_pseudo_added_total': nan, 'n_unlabeled': 36068, 'neural_method': nan, 'neural_validation_strategy': nan, 'package_version': 'unknown', 'peak_gpu_memory_mb': 3576.06591796875, 'pretrain_epochs_trained': nan, 'protocol': 'inductive', 'pseudo_label_class_distribution': nan, 'pseudo_label_fraction': nan, 'reference_family': 'TabICLv2 / soda-inria/tabicl', 'runtime_seconds': 7.6347, 'seed': 2, 'self_training_iterations': nan, 'status': 'success', 'stopped_reason': nan, 'test_class_counts': '{1:7985,2:1058}', 'test_size': 9043, 'timestamp_utc': '2026-07-22T14:47:19.132587+00:00', 'train_labeled_size': 80, 'train_pool_class_counts': '{1:31937,2:4231}', 'unlabeled_class_counts': '{1:31853,2:4215}', 'val_class_counts': '{1:17,2:3}', 'val_size': 20, 'validation_strategy': 'stratified_labeled_val', 'warm_inference_seconds': 0.6889947331510484}",,False,0.6889947331510484
tabiclv2,tabicl-classifier-v2-20260212.ckpt,,,nogit:afd539c9e2f221fc,,12.4,bank-marketing,gpu,False,,,3f9236be15390304,,ssl-tfm,"{'cuda_available': True, 'cuda_version': '12.4', 'env_name': None, 'env_prefix': '/private/ofirlin-lab/suissad4/envs/micromamba', 'gpu_count': 1, 'gpu_name': 'NVIDIA A100 80GB PCIe', 'hostname': 'dsiuriofir01', 'packages': {'catboost': '1.2.10', 'lightgbm': '4.7.0', 'numpy': '2.4.6', 'pandas': '3.0.3', 'scikit-learn': '1.9.0', 'tabicl': '2.1.1', 'tabpfn': '8.1.0', 'torch': '2.6.0+cu124', 'xgboost': None}, 'platform': 'Linux-5.14.0-687.15.1.el9_8.x86_64-x86_64-with-glibc2.34', 'python': '3.11.15 | packaged by conda-forge | (main, Jun 11 2026, 03:34:02) [GCC 14.3.0]', 'python_version': '3.11.15', 'torch_available': True, 'torch_version': '2.6.0+cu124'}",,,NVIDIA A100 80GB PCIe,dsiuriofir01,raw,True,tabiclv2,{},44136fa355b3678a,tfm_frozen,official,0.8967156916952339,0.5256448924670111,0.6533047550167908,0.1500307323998471,0.022346136283006215,0.24693965025735076,0.6875338689623719,0.24693965025735076,0.8887172664246406,250,,False,,unknown,,inductive,TabICL / TabICLv2,bank-marketing__tabiclv2__s2__n250__ba717c1e877989a6,7.6824,2,94,18455213,v1_absolute_budget,success,True,2026-07-22T14:47:26.845654+00:00,"{'all_classes_present_in_labeled': True, 'backbone': 'tabiclv2', 'best_epoch': nan, 'best_val_loss': nan, 'checkpoint': 'tabicl-classifier-v2-20260212.ckpt', 'cold_load_seconds': 0.9848276418633759, 'dataset': 'bank-marketing', 'dataset_id': 1461, 'embedding_source': None, 'epochs_trained': nan, 'error_message': None, 'final_train_loss': nan, 'finetune_epochs_trained': nan, 'graph_n_neighbors_used': nan, 'graph_n_rows': nan, 'graph_n_unlabeled_used': nan, 'graph_retry_count': nan, 'input_view': 'raw', 'kv_cache': True, 'labeled_class_counts': '{1:217,2:33}', 'labeled_classes_present': 2, 'max_labeled_per_class': 217, 'max_selected_confidence': nan, 'mean_selected_confidence': nan, 'mean_selected_density': nan, 'method': 'tabiclv2', 'method_fidelity': 'official', 'metric_accuracy': 0.8967156916952339, 'metric_average_precision': 0.5256448924670111, 'metric_balanced_accuracy': 0.6533047550167908, 'metric_brier': 0.1500307323998471, 'metric_ece': 0.022346136283006215, 'metric_log_loss': 0.24693965025735076, 'metric_macro_f1': 0.6875338689623719, 'metric_nll': 0.24693965025735076, 'metric_roc_auc': 0.8887172664246406, 'min_labeled_per_class': 33, 'min_selected_confidence': nan, 'n_classes': 2, 'n_features_after_preprocessing': 51, 'n_features_before_preprocessing': 16, 'n_labeled': 250, 'n_pseudo_added_last_iter': nan, 'n_pseudo_added_total': nan, 'n_unlabeled': 35918, 'neural_method': nan, 'neural_validation_strategy': nan, 'package_version': 'unknown', 'peak_gpu_memory_mb': 3801.11083984375, 'pretrain_epochs_trained': nan, 'protocol': 'inductive', 'pseudo_label_class_distribution': nan, 'pseudo_label_fraction': nan, 'reference_family': 'TabICLv2 / soda-inria/tabicl', 'runtime_seconds': 7.6824, 'seed': 2, 'self_training_iterations': nan, 'status': 'success', 'stopped_reason': nan, 'test_class_counts': '{1:7985,2:1058}', 'test_size': 9043, 'timestamp_utc': '2026-07-22T14:47:19.135062+00:00', 'train_labeled_size': 200, 'train_pool_class_counts': '{1:31937,2:4231}', 'unlabeled_class_counts': '{1:31720,2:4198}', 'val_class_counts': '{1:43,2:7}', 'val_size': 50, 'validation_strategy': 'stratified_labeled_val', 'warm_inference_seconds': 0.7163746990263462}",,False,0.7163746990263462
tabiclv2,tabicl-classifier-v2-20260212.ckpt,,,nogit:afd539c9e2f221fc,,12.4,bank-marketing,gpu,False,,,3f9236be15390304,,ssl-tfm,"{'cuda_available': True, 'cuda_version': '12.4', 'env_name': None, 'env_prefix': '/private/ofirlin-lab/suissad4/envs/micromamba', 'gpu_count': 1, 'gpu_name': 'NVIDIA A100 80GB PCIe', 'hostname': 'dsiuriofir01', 'packages': {'catboost': '1.2.10', 'lightgbm': '4.7.0', 'numpy': '2.4.6', 'pandas': '3.0.3', 'scikit-learn': '1.9.0', 'tabicl': '2.1.1', 'tabpfn': '8.1.0', 'torch': '2.6.0+cu124', 'xgboost': None}, 'platform': 'Linux-5.14.0-687.15.1.el9_8.x86_64-x86_64-with-glibc2.34', 'python': '3.11.15 | packaged by conda-forge | (main, Jun 11 2026, 03:34:02) [GCC 14.3.0]', 'python_version': '3.11.15', 'torch_available': True, 'torch_version': '2.6.0+cu124'}",,,NVIDIA A100 80GB PCIe,dsiuriofir01,raw,True,tabiclv2,{},44136fa355b3678a,tfm_frozen,official,0.8960521950680084,0.5199271583636521,0.6566188020307453,0.14827972195190953,0.020466799790728105,0.23949887584502036,0.6895983030849044,0.23949887584502036,0.897746661095414,500,,False,,unknown,,inductive,TabICL / TabICLv2,bank-marketing__tabiclv2__s2__n500__3f709cf393d82c68,8.4442,2,95,18455214,v1_absolute_budget,success,True,2026-07-22T14:47:45.002212+00:00,"{'all_classes_present_in_labeled': True, 'backbone': 'tabiclv2', 'best_epoch': nan, 'best_val_loss': nan, 'checkpoint': 'tabicl-classifier-v2-20260212.ckpt', 'cold_load_seconds': 1.0104997269809246, 'dataset': 'bank-marketing', 'dataset_id': 1461, 'embedding_source': None, 'epochs_trained': nan, 'error_message': None, 'final_train_loss': nan, 'finetune_epochs_trained': nan, 'graph_n_neighbors_used': nan, 'graph_n_rows': nan, 'graph_n_unlabeled_used': nan, 'graph_retry_count': nan, 'input_view': 'raw', 'kv_cache': True, 'labeled_class_counts': '{1:438,2:62}', 'labeled_classes_present': 2, 'max_labeled_per_class': 438, 'max_selected_confidence': nan, 'mean_selected_confidence': nan, 'mean_selected_density': nan, 'method': 'tabiclv2', 'method_fidelity': 'official', 'metric_accuracy': 0.8960521950680084, 'metric_average_precision': 0.5199271583636521, 'metric_balanced_accuracy': 0.6566188020307453, 'metric_brier': 0.14827972195190953, 'metric_ece': 0.020466799790728105, 'metric_log_loss': 0.23949887584502036, 'metric_macro_f1': 0.6895983030849044, 'metric_nll': 0.23949887584502036, 'metric_roc_auc': 0.897746661095414, 'min_labeled_per_class': 62, 'min_selected_confidence': nan, 'n_classes': 2, 'n_features_after_preprocessing': 51, 'n_features_before_preprocessing': 16, 'n_labeled': 500, 'n_pseudo_added_last_iter': nan, 'n_pseudo_added_total': nan, 'n_unlabeled': 35668, 'neural_method': nan, 'neural_validation_strategy': nan, 'package_version': 'unknown', 'peak_gpu_memory_mb': 3876.48583984375, 'pretrain_epochs_trained': nan, 'protocol': 'inductive', 'pseudo_label_class_distribution': nan, 'pseudo_label_fraction': nan, 'reference_family': 'TabICLv2 / soda-inria/tabicl', 'runtime_seconds': 8.4442, 'seed': 2, 'self_training_iterations': nan, 'status': 'success', 'stopped_reason': nan, 'test_class_counts': '{1:7985,2:1058}', 'test_size': 9043, 'timestamp_utc': '2026-07-22T14:47:36.522975+00:00', 'train_labeled_size': 400, 'train_pool_class_counts': '{1:31937,2:4231}', 'unlabeled_class_counts': '{1:31499,2:4169}', 'val_class_counts': '{1:88,2:12}', 'val_size': 100, 'validation_strategy': 'stratified_labeled_val', 'warm_inference_seconds': 0.7319410759955645}",,False,0.7319410759955645
tabiclv2,tabicl-classifier-v2-20260212.ckpt,,,nogit:afd539c9e2f221fc,,12.4,bank-marketing,gpu,False,,,3f9236be15390304,,ssl-tfm,"{'cuda_available': True, 'cuda_version': '12.4', 'env_name': None, 'env_prefix': '/private/ofirlin-lab/suissad4/envs/micromamba', 'gpu_count': 1, 'gpu_name': 'NVIDIA A100 80GB PCIe', 'hostname': 'dsiuriofir01', 'packages': {'catboost': '1.2.10', 'lightgbm': '4.7.0', 'numpy': '2.4.6', 'pandas': '3.0.3', 'scikit-learn': '1.9.0', 'tabicl': '2.1.1', 'tabpfn': '8.1.0', 'torch': '2.6.0+cu124', 'xgboost': None}, 'platform': 'Linux-5.14.0-687.15.1.el9_8.x86_64-x86_64-with-glibc2.34', 'python': '3.11.15 | packaged by conda-forge | (main, Jun 11 2026, 03:34:02) [GCC 14.3.0]', 'python_version': '3.11.15', 'torch_available': True, 'torch_version': '2.6.0+cu124'}",,,NVIDIA A100 80GB PCIe,dsiuriofir01,raw,True,tabiclv2,{},44136fa355b3678a,tfm_frozen,official,0.7557226584098198,0.19195226648737373,0.5947861242665538,0.3415530435482872,0.10896771016282192,0.5281697891327063,0.5613091022776563,0.5281697891327063,0.6764747938301138,50,,False,,unknown,,inductive,TabICL / TabICLv2,bank-marketing__tabiclv2__s2__n50__155630ed76387e44,9.112,2,92,18455211,v1_absolute_budget,success,True,2026-07-22T14:47:11.563692+00:00,"{'all_classes_present_in_labeled': True, 'backbone': 'tabiclv2', 'best_epoch': nan, 'best_val_loss': nan, 'checkpoint': 'tabicl-classifier-v2-20260212.ckpt', 'cold_load_seconds': 1.1821763929910958, 'dataset': 'bank-marketing', 'dataset_id': 1461, 'embedding_source': None, 'epochs_trained': nan, 'error_message': None, 'final_train_loss': nan, 'finetune_epochs_trained': nan, 'graph_n_neighbors_used': nan, 'graph_n_rows': nan, 'graph_n_unlabeled_used': nan, 'graph_retry_count': nan, 'input_view': 'raw', 'kv_cache': True, 'labeled_class_counts': '{1:42,2:8}', 'labeled_classes_present': 2, 'max_labeled_per_class': 42, 'max_selected_confidence': nan, 'mean_selected_confidence': nan, 'mean_selected_density': nan, 'method': 'tabiclv2', 'method_fidelity': 'official', 'metric_accuracy': 0.7557226584098198, 'metric_average_precision': 0.19195226648737373, 'metric_balanced_accuracy': 0.5947861242665538, 'metric_brier': 0.3415530435482872, 'metric_ece': 0.10896771016282192, 'metric_log_loss': 0.5281697891327063, 'metric_macro_f1': 0.5613091022776563, 'metric_nll': 0.5281697891327063, 'metric_roc_auc': 0.6764747938301138, 'min_labeled_per_class': 8, 'min_selected_confidence': nan, 'n_classes': 2, 'n_features_after_preprocessing': 51, 'n_features_before_preprocessing': 16, 'n_labeled': 50, 'n_pseudo_added_last_iter': nan, 'n_pseudo_added_total': nan, 'n_unlabeled': 36118, 'neural_method': nan, 'neural_validation_strategy': nan, 'package_version': 'unknown', 'peak_gpu_memory_mb': 3561.7607421875, 'pretrain_epochs_trained': nan, 'protocol': 'inductive', 'pseudo_label_class_distribution': nan, 'pseudo_label_fraction': nan, 'reference_family': 'TabICLv2 / soda-inria/tabicl', 'runtime_seconds': 9.112, 'seed': 2, 'self_training_iterations': nan, 'status': 'success', 'stopped_reason': nan, 'test_class_counts': '{1:7985,2:1058}', 'test_size': 9043, 'timestamp_utc': '2026-07-22T14:47:02.426625+00:00', 'train_labeled_size': 40, 'train_pool_class_counts': '{1:31937,2:4231}', 'unlabeled_class_counts': '{1:31895,2:4223}', 'val_class_counts': '{1:8,2:2}', 'val_size': 10, 'validation_strategy': 'stratified_labeled_val', 'warm_inference_seconds': 0.6873896238394082}",,False,0.6873896238394082
tabpfn3,/private/ofirlin-lab/suissad4/caches/tabpfn/tabpfn-v3-classifier-v3_default.ckpt,,,nogit:afd539c9e2f221fc,,12.4,bank-marketing,gpu,False,,,3f9236be15390304,,ssl-tfm,"{'cuda_available': True, 'cuda_version': '12.4', 'env_name': None, 'env_prefix': '/private/ofirlin-lab/suissad4/envs/micromamba', 'gpu_count': 1, 'gpu_name': 'NVIDIA A100 80GB PCIe', 'hostname': 'dsiuriofir01', 'packages': {'catboost': '1.2.10', 'lightgbm': '4.7.0', 'numpy': '2.4.6', 'pandas': '3.0.3', 'scikit-learn': '1.9.0', 'tabicl': '2.1.1', 'tabpfn': '8.1.0', 'torch': '2.6.0+cu124', 'xgboost': None}, 'platform': 'Linux-5.14.0-687.15.1.el9_8.x86_64-x86_64-with-glibc2.34', 'python': '3.11.15 | packaged by conda-forge | (main, Jun 11 2026, 03:34:02) [GCC 14.3.0]', 'python_version': '3.11.15', 'torch_available': True, 'torch_version': '2.6.0+cu124'}",,,NVIDIA A100 80GB PCIe,dsiuriofir01,raw,,tabpfn3,{},44136fa355b3678a,tfm_frozen,official,0.8717239854030742,0.3824985153063637,0.6444828618877787,0.19037799364487454,0.017810648580636437,0.3078020747633396,0.6582682439282466,0.3078020747633396,0.8201396640439955,100,,False,,8.1.0,,inductive,Hollmann et al. TabPFN / TabPFN-3,bank-marketing__tabpfn3__s0__n100__0e6bf2dfdc8ffdf7,10.3892,0,73,18455188,v1_absolute_budget,success,True,2026-07-22T14:44:28.408747+00:00,"{'all_classes_present_in_labeled': True, 'backbone': 'tabpfn3', 'best_epoch': nan, 'best_val_loss': nan, 'checkpoint': '/private/ofirlin-lab/suissad4/caches/tabpfn/tabpfn-v3-classifier-v3_default.ckpt', 'cold_load_seconds': 1.0524424277245998, 'dataset': 'bank-marketing', 'dataset_id': 1461, 'embedding_source': None, 'epochs_trained': nan, 'error_message': None, 'final_train_loss': nan, 'finetune_epochs_trained': nan, 'graph_n_neighbors_used': nan, 'graph_n_rows': nan, 'graph_n_unlabeled_used': nan, 'graph_retry_count': nan, 'input_view': 'raw', 'kv_cache': None, 'labeled_class_counts': '{1:84,2:16}', 'labeled_classes_present': 2, 'max_labeled_per_class': 84, 'max_selected_confidence': nan, 'mean_selected_confidence': nan, 'mean_selected_density': nan, 'method': 'tabpfn3', 'method_fidelity': 'official', 'metric_accuracy': 0.8717239854030742, 'metric_average_precision': 0.3824985153063637, 'metric_balanced_accuracy': 0.6444828618877787, 'metric_brier': 0.19037799364487454, 'metric_ece': 0.017810648580636437, 'metric_log_loss': 0.3078020747633396, 'metric_macro_f1': 0.6582682439282466, 'metric_nll': 0.3078020747633396, 'metric_roc_auc': 0.8201396640439955, 'min_labeled_per_class': 16, 'min_selected_confidence': nan, 'n_classes': 2, 'n_features_after_preprocessing': 51, 'n_features_before_preprocessing': 16, 'n_labeled': 100, 'n_pseudo_added_last_iter': nan, 'n_pseudo_added_total': nan, 'n_unlabeled': 36068, 'neural_method': nan, 'neural_validation_strategy': nan, 'package_version': '8.1.0', 'peak_gpu_memory_mb': 428.822265625, 'pretrain_epochs_trained': nan, 'protocol': 'inductive', 'pseudo_label_class_distribution': nan, 'pseudo_label_fraction': nan, 'reference_family': 'TabPFN-3 / PriorLabs', 'runtime_seconds': 10.3892, 'seed': 0, 'self_training_iterations': nan, 'status': 'success', 'stopped_reason': nan, 'test_class_counts': '{1:7985,2:1058}', 'test_size': 9043, 'timestamp_utc': '2026-07-22T14:44:17.989486+00:00', 'train_labeled_size': 80, 'train_pool_class_counts': '{1:31937,2:4231}', 'unlabeled_class_counts': '{1:31853,2:4215}', 'val_class_counts': '{1:17,2:3}', 'val_size': 20, 'validation_strategy': 'stratified_labeled_val', 'warm_inference_seconds': 0.987449353095144}",,False,0.987449353095144
tabpfn3,/private/ofirlin-lab/suissad4/caches/tabpfn/tabpfn-v3-classifier-v3_default.ckpt,,,nogit:afd539c9e2f221fc,,12.4,bank-marketing,gpu,False,,,3f9236be15390304,,ssl-tfm,"{'cuda_available': True, 'cuda_version': '12.4', 'env_name': None, 'env_prefix': '/private/ofirlin-lab/suissad4/envs/micromamba', 'gpu_count': 1, 'gpu_name': 'NVIDIA A100 80GB PCIe', 'hostname': 'dsiuriofir01', 'packages': {'catboost': '1.2.10', 'lightgbm': '4.7.0', 'numpy': '2.4.6', 'pandas': '3.0.3', 'scikit-learn': '1.9.0', 'tabicl': '2.1.1', 'tabpfn': '8.1.0', 'torch': '2.6.0+cu124', 'xgboost': None}, 'platform': 'Linux-5.14.0-687.15.1.el9_8.x86_64-x86_64-with-glibc2.34', 'python': '3.11.15 | packaged by conda-forge | (main, Jun 11 2026, 03:34:02) [GCC 14.3.0]', 'python_version': '3.11.15', 'torch_available': True, 'torch_version': '2.6.0+cu124'}",,,NVIDIA A100 80GB PCIe,dsiuriofir01,raw,,tabpfn3,{},44136fa355b3678a,tfm_frozen,official,0.8891960632533451,0.46726885083319486,0.612969201468254,0.1547908108201135,0.015270939670951545,0.2529559958981971,0.6435562216767372,0.2529559958981971,0.8777060722313695,250,,False,,8.1.0,,inductive,Hollmann et al. TabPFN / TabPFN-3,bank-marketing__tabpfn3__s0__n250__600c899b652df643,7.8852,0,74,18455189,v1_absolute_budget,success,True,2026-07-22T14:44:30.221054+00:00,"{'all_classes_present_in_labeled': True, 'backbone': 'tabpfn3', 'best_epoch': nan, 'best_val_loss': nan, 'checkpoint': '/private/ofirlin-lab/suissad4/caches/tabpfn/tabpfn-v3-classifier-v3_default.ckpt', 'cold_load_seconds': 1.0272359070368111, 'dataset': 'bank-marketing', 'dataset_id': 1461, 'embedding_source': None, 'epochs_trained': nan, 'error_message': None, 'final_train_loss': nan, 'finetune_epochs_trained': nan, 'graph_n_neighbors_used': nan, 'graph_n_rows': nan, 'graph_n_unlabeled_used': nan, 'graph_retry_count': nan, 'input_view': 'raw', 'kv_cache': None, 'labeled_class_counts': '{1:217,2:33}', 'labeled_classes_present': 2, 'max_labeled_per_class': 217, 'max_selected_confidence': nan, 'mean_selected_confidence': nan, 'mean_selected_density': nan, 'method': 'tabpfn3', 'method_fidelity': 'official', 'metric_accuracy': 0.8891960632533451, 'metric_average_precision': 0.46726885083319486, 'metric_balanced_accuracy': 0.612969201468254, 'metric_brier': 0.1547908108201135, 'metric_ece': 0.015270939670951545, 'metric_log_loss': 0.2529559958981971, 'metric_macro_f1': 0.6435562216767372, 'metric_nll': 0.2529559958981971, 'metric_roc_auc': 0.8777060722313695, 'min_labeled_per_class': 33, 'min_selected_confidence': nan, 'n_classes': 2, 'n_features_after_preprocessing': 51, 'n_features_before_preprocessing': 16, 'n_labeled': 250, 'n_pseudo_added_last_iter': nan, 'n_pseudo_added_total': nan, 'n_unlabeled': 35918, 'neural_method': nan, 'neural_validation_strategy': nan, 'package_version': '8.1.0', 'peak_gpu_memory_mb': 431.66162109375, 'pretrain_epochs_trained': nan, 'protocol': 'inductive', 'pseudo_label_class_distribution': nan, 'pseudo_label_fraction': nan, 'reference_family': 'TabPFN-3 / PriorLabs', 'runtime_seconds': 7.8852, 'seed': 0, 'self_training_iterations': nan, 'status': 'success', 'stopped_reason': nan, 'test_class_counts': '{1:7985,2:1058}', 'test_size': 9043, 'timestamp_utc': '2026-07-22T14:44:22.310461+00:00', 'train_labeled_size': 200, 'train_pool_class_counts': '{1:31937,2:4231}', 'unlabeled_class_counts': '{1:31720,2:4198}', 'val_class_counts': '{1:43,2:7}', 'val_size': 50, 'validation_strategy': 'stratified_labeled_val', 'warm_inference_seconds': 0.9973694668151438}",,False,0.9973694668151438
tabpfn3,/private/ofirlin-lab/suissad4/caches/tabpfn/tabpfn-v3-classifier-v3_default.ckpt,,,nogit:afd539c9e2f221fc,,12.4,bank-marketing,gpu,False,,,3f9236be15390304,,ssl-tfm,"{'cuda_available': True, 'cuda_version': '12.4', 'env_name': None, 'env_prefix': '/private/ofirlin-lab/suissad4/envs/micromamba', 'gpu_count': 1, 'gpu_name': 'NVIDIA A100 80GB PCIe', 'hostname': 'dsiuriofir01', 'packages': {'catboost': '1.2.10', 'lightgbm': '4.7.0', 'numpy': '2.4.6', 'pandas': '3.0.3', 'scikit-learn': '1.9.0', 'tabicl': '2.1.1', 'tabpfn': '8.1.0', 'torch': '2.6.0+cu124', 'xgboost': None}, 'platform': 'Linux-5.14.0-687.15.1.el9_8.x86_64-x86_64-with-glibc2.34', 'python': '3.11.15 | packaged by conda-forge | (main, Jun 11 2026, 03:34:02) [GCC 14.3.0]', 'python_version': '3.11.15', 'torch_available': True, 'torch_version': '2.6.0+cu124'}",,,NVIDIA A100 80GB PCIe,dsiuriofir01,raw,,tabpfn3,{},44136fa355b3678a,tfm_frozen,official,0.8957204467543957,0.5364393396650233,0.6847190443328879,0.14575353173038835,0.015353944448861194,0.23255627845426405,0.710391507338761,0.23255627845426405,0.9060543575915617,500,,False,,8.1.0,,inductive,Hollmann et al. TabPFN / TabPFN-3,bank-marketing__tabpfn3__s0__n500__b097be3831634d97,7.9058,0,75,18455190,v1_absolute_budget,success,True,2026-07-22T14:44:42.280540+00:00,"{'all_classes_present_in_labeled': True, 'backbone': 'tabpfn3', 'best_epoch': nan, 'best_val_loss': nan, 'checkpoint': '/private/ofirlin-lab/suissad4/caches/tabpfn/tabpfn-v3-classifier-v3_default.ckpt', 'cold_load_seconds': 0.8933444167487323, 'dataset': 'bank-marketing', 'dataset_id': 1461, 'embedding_source': None, 'epochs_trained': nan, 'error_message': None, 'final_train_loss': nan, 'finetune_epochs_trained': nan, 'graph_n_neighbors_used': nan, 'graph_n_rows': nan, 'graph_n_unlabeled_used': nan, 'graph_retry_count': nan, 'input_view': 'raw', 'kv_cache': None, 'labeled_class_counts': '{1:438,2:62}', 'labeled_classes_present': 2, 'max_labeled_per_class': 438, 'max_selected_confidence': nan, 'mean_selected_confidence': nan, 'mean_selected_density': nan, 'method': 'tabpfn3', 'method_fidelity': 'official', 'metric_accuracy': 0.8957204467543957, 'metric_average_precision': 0.5364393396650233, 'metric_balanced_accuracy': 0.6847190443328879, 'metric_brier': 0.14575353173038835, 'metric_ece': 0.015353944448861194, 'metric_log_loss': 0.23255627845426405, 'metric_macro_f1': 0.710391507338761, 'metric_nll': 0.23255627845426405, 'metric_roc_auc': 0.9060543575915617, 'min_labeled_per_class': 62, 'min_selected_confidence': nan, 'n_classes': 2, 'n_features_after_preprocessing': 51, 'n_features_before_preprocessing': 16, 'n_labeled': 500, 'n_pseudo_added_last_iter': nan, 'n_pseudo_added_total': nan, 'n_unlabeled': 35668, 'neural_method': nan, 'neural_validation_strategy': nan, 'package_version': '8.1.0', 'peak_gpu_memory_mb': 435.27978515625, 'pretrain_epochs_trained': nan, 'protocol': 'inductive', 'pseudo_label_class_distribution': nan, 'pseudo_label_fraction': nan, 'reference_family': 'TabPFN-3 / PriorLabs', 'runtime_seconds': 7.9058, 'seed': 0, 'self_training_iterations': nan, 'status': 'success', 'stopped_reason': nan, 'test_class_counts': '{1:7985,2:1058}', 'test_size': 9043, 'timestamp_utc': '2026-07-22T14:44:34.349585+00:00', 'train_labeled_size': 400, 'train_pool_class_counts': '{1:31937,2:4231}', 'unlabeled_class_counts': '{1:31499,2:4169}', 'val_class_counts': '{1:88,2:12}', 'val_size': 100, 'validation_strategy': 'stratified_labeled_val', 'warm_inference_seconds': 0.9705346669070423}",,False,0.9705346669070423
tabpfn3,/private/ofirlin-lab/suissad4/caches/tabpfn/tabpfn-v3-classifier-v3_default.ckpt,,,nogit:afd539c9e2f221fc,,12.4,bank-marketing,gpu,False,,,3f9236be15390304,,ssl-tfm,"{'cuda_available': True, 'cuda_version': '12.4', 'env_name': None, 'env_prefix': '/private/ofirlin-lab/suissad4/envs/micromamba', 'gpu_count': 1, 'gpu_name': 'NVIDIA A100 80GB PCIe', 'hostname': 'dsiuriofir01', 'packages': {'catboost': '1.2.10', 'lightgbm': '4.7.0', 'numpy': '2.4.6', 'pandas': '3.0.3', 'scikit-learn': '1.9.0', 'tabicl': '2.1.1', 'tabpfn': '8.1.0', 'torch': '2.6.0+cu124', 'xgboost': None}, 'platform': 'Linux-5.14.0-687.15.1.el9_8.x86_64-x86_64-with-glibc2.34', 'python': '3.11.15 | packaged by conda-forge | (main, Jun 11 2026, 03:34:02) [GCC 14.3.0]', 'python_version': '3.11.15', 'torch_available': True, 'torch_version': '2.6.0+cu124'}",,,NVIDIA A100 80GB PCIe,dsiuriofir01,raw,,tabpfn3,{},44136fa355b3678a,tfm_frozen,official,0.8804600243282097,0.18931979706563043,0.5018395786996649,0.20539414226814434,0.02931606695485383,0.35134538705674057,0.4754779125943093,0.35134538705674057,0.6677405532348579,50,,False,,8.1.0,,inductive,Hollmann et al. TabPFN / TabPFN-3,bank-marketing__tabpfn3__s0__n50__2456f6474f7f994b,14.4032,0,72,18455187,v1_absolute_budget,success,True,2026-07-22T14:44:16.153580+00:00,"{'all_classes_present_in_labeled': True, 'backbone': 'tabpfn3', 'best_epoch': nan, 'best_val_loss': nan, 'checkpoint': '/private/ofirlin-lab/suissad4/caches/tabpfn/tabpfn-v3-classifier-v3_default.ckpt', 'cold_load_seconds': 1.030406329780817, 'dataset': 'bank-marketing', 'dataset_id': 1461, 'embedding_source': None, 'epochs_trained': nan, 'error_message': None, 'final_train_loss': nan, 'finetune_epochs_trained': nan, 'graph_n_neighbors_used': nan, 'graph_n_rows': nan, 'graph_n_unlabeled_used': nan, 'graph_retry_count': nan, 'input_view': 'raw', 'kv_cache': None, 'labeled_class_counts': '{1:42,2:8}', 'labeled_classes_present': 2, 'max_labeled_per_class': 42, 'max_selected_confidence': nan, 'mean_selected_confidence': nan, 'mean_selected_density': nan, 'method': 'tabpfn3', 'method_fidelity': 'official', 'metric_accuracy': 0.8804600243282097, 'metric_average_precision': 0.18931979706563043, 'metric_balanced_accuracy': 0.5018395786996649, 'metric_brier': 0.20539414226814434, 'metric_ece': 0.02931606695485383, 'metric_log_loss': 0.35134538705674057, 'metric_macro_f1': 0.4754779125943093, 'metric_nll': 0.35134538705674057, 'metric_roc_auc': 0.6677405532348579, 'min_labeled_per_class': 8, 'min_selected_confidence': nan, 'n_classes': 2, 'n_features_after_preprocessing': 51, 'n_features_before_preprocessing': 16, 'n_labeled': 50, 'n_pseudo_added_last_iter': nan, 'n_pseudo_added_total': nan, 'n_unlabeled': 36118, 'neural_method': nan, 'neural_validation_strategy': nan, 'package_version': '8.1.0', 'peak_gpu_memory_mb': 428.0703125, 'pretrain_epochs_trained': nan, 'protocol': 'inductive', 'pseudo_label_class_distribution': nan, 'pseudo_label_fraction': nan, 'reference_family': 'TabPFN-3 / PriorLabs', 'runtime_seconds': 14.4032, 'seed': 0, 'self_training_iterations': nan, 'status': 'success', 'stopped_reason': nan, 'test_class_counts': '{1:7985,2:1058}', 'test_size': 9043, 'timestamp_utc': '2026-07-22T14:44:01.730079+00:00', 'train_labeled_size': 40, 'train_pool_class_counts': '{1:31937,2:4231}', 'unlabeled_class_counts': '{1:31895,2:4223}', 'val_class_counts': '{1:8,2:2}', 'val_size': 10, 'validation_strategy': 'stratified_labeled_val', 'warm_inference_seconds': 1.0669170781038702}",,False,1.0669170781038702
tabpfn3,/private/ofirlin-lab/suissad4/caches/tabpfn/tabpfn-v3-classifier-v3_default.ckpt,,,nogit:afd539c9e2f221fc,,12.4,bank-marketing,gpu,False,,,3f9236be15390304,,ssl-tfm,"{'cuda_available': True, 'cuda_version': '12.4', 'env_name': None, 'env_prefix': '/private/ofirlin-lab/suissad4/envs/micromamba', 'gpu_count': 1, 'gpu_name': 'NVIDIA A100 80GB PCIe', 'hostname': 'dsiuriofir01', 'packages': {'catboost': '1.2.10', 'lightgbm': '4.7.0', 'numpy': '2.4.6', 'pandas': '3.0.3', 'scikit-learn': '1.9.0', 'tabicl': '2.1.1', 'tabpfn': '8.1.0', 'torch': '2.6.0+cu124', 'xgboost': None}, 'platform': 'Linux-5.14.0-687.15.1.el9_8.x86_64-x86_64-with-glibc2.34', 'python': '3.11.15 | packaged by conda-forge | (main, Jun 11 2026, 03:34:02) [GCC 14.3.0]', 'python_version': '3.11.15', 'torch_available': True, 'torch_version': '2.6.0+cu124'}",,,NVIDIA A100 80GB PCIe,dsiuriofir01,raw,,tabpfn3,{},44136fa355b3678a,tfm_frozen,official,0.8814552692690479,0.34661683941130395,0.5897272532501275,0.19392063179072125,0.045842430882608476,0.32558462176595143,0.6136272256270305,0.32558462176595143,0.7642206026659155,100,,False,,8.1.0,,inductive,Hollmann et al. TabPFN / TabPFN-3,bank-marketing__tabpfn3__s1__n100__d78e90d547fd04ff,11.924,1,77,18455192,v1_absolute_budget,success,True,2026-07-22T14:44:59.791148+00:00,"{'all_classes_present_in_labeled': True, 'backbone': 'tabpfn3', 'best_epoch': nan, 'best_val_loss': nan, 'checkpoint': '/private/ofirlin-lab/suissad4/caches/tabpfn/tabpfn-v3-classifier-v3_default.ckpt', 'cold_load_seconds': 1.0131047279573977, 'dataset': 'bank-marketing', 'dataset_id': 1461, 'embedding_source': None, 'epochs_trained': nan, 'error_message': None, 'final_train_loss': nan, 'finetune_epochs_trained': nan, 'graph_n_neighbors_used': nan, 'graph_n_rows': nan, 'graph_n_unlabeled_used': nan, 'graph_retry_count': nan, 'input_view': 'raw', 'kv_cache': None, 'labeled_class_counts': '{1:84,2:16}', 'labeled_classes_present': 2, 'max_labeled_per_class': 84, 'max_selected_confidence': nan, 'mean_selected_confidence': nan, 'mean_selected_density': nan, 'method': 'tabpfn3', 'method_fidelity': 'official', 'metric_accuracy': 0.8814552692690479, 'metric_average_precision': 0.34661683941130395, 'metric_balanced_accuracy': 0.5897272532501275, 'metric_brier': 0.19392063179072125, 'metric_ece': 0.045842430882608476, 'metric_log_loss': 0.32558462176595143, 'metric_macro_f1': 0.6136272256270305, 'metric_nll': 0.32558462176595143, 'metric_roc_auc': 0.7642206026659155, 'min_labeled_per_class': 16, 'min_selected_confidence': nan, 'n_classes': 2, 'n_features_after_preprocessing': 51, 'n_features_before_preprocessing': 16, 'n_labeled': 100, 'n_pseudo_added_last_iter': nan, 'n_pseudo_added_total': nan, 'n_unlabeled': 36068, 'neural_method': nan, 'neural_validation_strategy': nan, 'package_version': '8.1.0', 'peak_gpu_memory_mb': 431.53515625, 'pretrain_epochs_trained': nan, 'protocol': 'inductive', 'pseudo_label_class_distribution': nan, 'pseudo_label_fraction': nan, 'reference_family': 'TabPFN-3 / PriorLabs', 'runtime_seconds': 11.924, 'seed': 1, 'self_training_iterations': nan, 'status': 'success', 'stopped_reason': nan, 'test_class_counts': '{1:7985,2:1058}', 'test_size': 9043, 'timestamp_utc': '2026-07-22T14:44:47.830616+00:00', 'train_labeled_size': 80, 'train_pool_class_counts': '{1:31937,2:4231}', 'unlabeled_class_counts': '{1:31853,2:4215}', 'val_class_counts': '{1:17,2:3}', 'val_size': 20, 'validation_strategy': 'stratified_labeled_val', 'warm_inference_seconds': 1.1766729368828237}",,False,1.1766729368828237
tabpfn3,/private/ofirlin-lab/suissad4/caches/tabpfn/tabpfn-v3-classifier-v3_default.ckpt,,,nogit:afd539c9e2f221fc,,12.4,bank-marketing,gpu,False,,,3f9236be15390304,,ssl-tfm,"{'cuda_available': True, 'cuda_version': '12.4', 'env_name': None, 'env_prefix': '/private/ofirlin-lab/suissad4/envs/micromamba', 'gpu_count': 1, 'gpu_name': 'NVIDIA A100 80GB PCIe', 'hostname': 'dsiuriofir01', 'packages': {'catboost': '1.2.10', 'lightgbm': '4.7.0', 'numpy': '2.4.6', 'pandas': '3.0.3', 'scikit-learn': '1.9.0', 'tabicl': '2.1.1', 'tabpfn': '8.1.0', 'torch': '2.6.0+cu124', 'xgboost': None}, 'platform': 'Linux-5.14.0-687.15.1.el9_8.x86_64-x86_64-with-glibc2.34', 'python': '3.11.15 | packaged by conda-forge | (main, Jun 11 2026, 03:34:02) [GCC 14.3.0]', 'python_version': '3.11.15', 'torch_available': True, 'torch_version': '2.6.0+cu124'}",,,NVIDIA A100 80GB PCIe,dsiuriofir01,raw,,tabpfn3,{},44136fa355b3678a,tfm_frozen,official,0.8942828707287405,0.49141938659785966,0.5990407344583949,0.15677197276171032,0.012462988118528681,0.266609256988386,0.6318508527837434,0.266609256988386,0.8477903394005536,250,,False,,8.1.0,,inductive,Hollmann et al. TabPFN / TabPFN-3,bank-marketing__tabpfn3__s1__n250__a2482aba99cc1a38,12.0438,1,78,18455193,v1_absolute_budget,success,True,2026-07-22T14:44:59.899872+00:00,"{'all_classes_present_in_labeled': True, 'backbone': 'tabpfn3', 'best_epoch': nan, 'best_val_loss': nan, 'checkpoint': '/private/ofirlin-lab/suissad4/caches/tabpfn/tabpfn-v3-classifier-v3_default.ckpt', 'cold_load_seconds': 1.0178163992241025, 'dataset': 'bank-marketing', 'dataset_id': 1461, 'embedding_source': None, 'epochs_trained': nan, 'error_message': None, 'final_train_loss': nan, 'finetune_epochs_trained': nan, 'graph_n_neighbors_used': nan, 'graph_n_rows': nan, 'graph_n_unlabeled_used': nan, 'graph_retry_count': nan, 'input_view': 'raw', 'kv_cache': None, 'labeled_class_counts': '{1:217,2:33}', 'labeled_classes_present': 2, 'max_labeled_per_class': 217, 'max_selected_confidence': nan, 'mean_selected_confidence': nan, 'mean_selected_density': nan, 'method': 'tabpfn3', 'method_fidelity': 'official', 'metric_accuracy': 0.8942828707287405, 'metric_average_precision': 0.49141938659785966, 'metric_balanced_accuracy': 0.5990407344583949, 'metric_brier': 0.15677197276171032, 'metric_ece': 0.012462988118528681, 'metric_log_loss': 0.266609256988386, 'metric_macro_f1': 0.6318508527837434, 'metric_nll': 0.266609256988386, 'metric_roc_auc': 0.8477903394005536, 'min_labeled_per_class': 33, 'min_selected_confidence': nan, 'n_classes': 2, 'n_features_after_preprocessing': 51, 'n_features_before_preprocessing': 16, 'n_labeled': 250, 'n_pseudo_added_last_iter': nan, 'n_pseudo_added_total': nan, 'n_unlabeled': 35918, 'neural_method': nan, 'neural_validation_strategy': nan, 'package_version': '8.1.0', 'peak_gpu_memory_mb': 431.66162109375, 'pretrain_epochs_trained': nan, 'protocol': 'inductive', 'pseudo_label_class_distribution': nan, 'pseudo_label_fraction': nan, 'reference_family': 'TabPFN-3 / PriorLabs', 'runtime_seconds': 12.0438, 'seed': 1, 'self_training_iterations': nan, 'status': 'success', 'stopped_reason': nan, 'test_class_counts': '{1:7985,2:1058}', 'test_size': 9043, 'timestamp_utc': '2026-07-22T14:44:47.829166+00:00', 'train_labeled_size': 200, 'train_pool_class_counts': '{1:31937,2:4231}', 'unlabeled_class_counts': '{1:31720,2:4198}', 'val_class_counts': '{1:43,2:7}', 'val_size': 50, 'validation_strategy': 'stratified_labeled_val', 'warm_inference_seconds': 1.229911036323756}",,False,1.229911036323756
tabpfn3,/private/ofirlin-lab/suissad4/caches/tabpfn/tabpfn-v3-classifier-v3_default.ckpt,,,nogit:afd539c9e2f221fc,,12.4,bank-marketing,gpu,False,,,3f9236be15390304,,ssl-tfm,"{'cuda_available': True, 'cuda_version': '12.4', 'env_name': None, 'env_prefix': '/private/ofirlin-lab/suissad4/envs/micromamba', 'gpu_count': 1, 'gpu_name': 'NVIDIA A100 80GB PCIe', 'hostname': 'dsiuriofir01', 'packages': {'catboost': '1.2.10', 'lightgbm': '4.7.0', 'numpy': '2.4.6', 'pandas': '3.0.3', 'scikit-learn': '1.9.0', 'tabicl': '2.1.1', 'tabpfn': '8.1.0', 'torch': '2.6.0+cu124', 'xgboost': None}, 'platform': 'Linux-5.14.0-687.15.1.el9_8.x86_64-x86_64-with-glibc2.34', 'python': '3.11.15 | packaged by conda-forge | (main, Jun 11 2026, 03:34:02) [GCC 14.3.0]', 'python_version': '3.11.15', 'torch_available': True, 'torch_version': '2.6.0+cu124'}",,,NVIDIA A100 80GB PCIe,dsiuriofir01,raw,,tabpfn3,{},44136fa355b3678a,tfm_frozen,official,0.8937299568727193,0.4958864526767909,0.6438246097065268,0.14922738470915725,0.012949022189720834,0.24259957106046479,0.6765518763778834,0.24259957106046479,0.8898723149383353,500,,False,,8.1.0,,inductive,Hollmann et al. TabPFN / TabPFN-3,bank-marketing__tabpfn3__s1__n500__7cb6995b1601a23b,13.7623,1,79,18455194,v1_absolute_budget,success,True,2026-07-22T14:45:22.445010+00:00,"{'all_classes_present_in_labeled': True, 'backbone': 'tabpfn3', 'best_epoch': nan, 'best_val_loss': nan, 'checkpoint': '/private/ofirlin-lab/suissad4/caches/tabpfn/tabpfn-v3-classifier-v3_default.ckpt', 'cold_load_seconds': 1.0317400908097625, 'dataset': 'bank-marketing', 'dataset_id': 1461, 'embedding_source': None, 'epochs_trained': nan, 'error_message': None, 'final_train_loss': nan, 'finetune_epochs_trained': nan, 'graph_n_neighbors_used': nan, 'graph_n_rows': nan, 'graph_n_unlabeled_used': nan, 'graph_retry_count': nan, 'input_view': 'raw', 'kv_cache': None, 'labeled_class_counts': '{1:438,2:62}', 'labeled_classes_present': 2, 'max_labeled_per_class': 438, 'max_selected_confidence': nan, 'mean_selected_confidence': nan, 'mean_selected_density': nan, 'method': 'tabpfn3', 'method_fidelity': 'official', 'metric_accuracy': 0.8937299568727193, 'metric_average_precision': 0.4958864526767909, 'metric_balanced_accuracy': 0.6438246097065268, 'metric_brier': 0.14922738470915725, 'metric_ece': 0.012949022189720834, 'metric_log_loss': 0.24259957106046479, 'metric_macro_f1': 0.6765518763778834, 'metric_nll': 0.24259957106046479, 'metric_roc_auc': 0.8898723149383353, 'min_labeled_per_class': 62, 'min_selected_confidence': nan, 'n_classes': 2, 'n_features_after_preprocessing': 51, 'n_features_before_preprocessing': 16, 'n_labeled': 500, 'n_pseudo_added_last_iter': nan, 'n_pseudo_added_total': nan, 'n_unlabeled': 35668, 'neural_method': nan, 'neural_validation_strategy': nan, 'package_version': '8.1.0', 'peak_gpu_memory_mb': 435.27978515625, 'pretrain_epochs_trained': nan, 'protocol': 'inductive', 'pseudo_label_class_distribution': nan, 'pseudo_label_fraction': nan, 'reference_family': 'TabPFN-3 / PriorLabs', 'runtime_seconds': 13.7623, 'seed': 1, 'self_training_iterations': nan, 'status': 'success', 'stopped_reason': nan, 'test_class_counts': '{1:7985,2:1058}', 'test_size': 9043, 'timestamp_utc': '2026-07-22T14:45:08.659006+00:00', 'train_labeled_size': 400, 'train_pool_class_counts': '{1:31937,2:4231}', 'unlabeled_class_counts': '{1:31499,2:4169}', 'val_class_counts': '{1:88,2:12}', 'val_size': 100, 'validation_strategy': 'stratified_labeled_val', 'warm_inference_seconds': 0.9129199050366879}",,False,0.9129199050366879
tabpfn3,/private/ofirlin-lab/suissad4/caches/tabpfn/tabpfn-v3-classifier-v3_default.ckpt,,,nogit:afd539c9e2f221fc,,12.4,bank-marketing,gpu,False,,,3f9236be15390304,,ssl-tfm,"{'cuda_available': True, 'cuda_version': '12.4', 'env_name': None, 'env_prefix': '/private/ofirlin-lab/suissad4/envs/micromamba', 'gpu_count': 1, 'gpu_name': 'NVIDIA A100 80GB PCIe', 'hostname': 'dsiuriofir01', 'packages': {'catboost': '1.2.10', 'lightgbm': '4.7.0', 'numpy': '2.4.6', 'pandas': '3.0.3', 'scikit-learn': '1.9.0', 'tabicl': '2.1.1', 'tabpfn': '8.1.0', 'torch': '2.6.0+cu124', 'xgboost': None}, 'platform': 'Linux-5.14.0-687.15.1.el9_8.x86_64-x86_64-with-glibc2.34', 'python': '3.11.15 | packaged by conda-forge | (main, Jun 11 2026, 03:34:02) [GCC 14.3.0]', 'python_version': '3.11.15', 'torch_available': True, 'torch_version': '2.6.0+cu124'}",,,NVIDIA A100 80GB PCIe,dsiuriofir01,raw,,tabpfn3,{},44136fa355b3678a,tfm_frozen,official,0.8745991374543846,0.34585828129730944,0.5969142283558609,0.19231377335568367,0.031112175297851007,0.3175143915746687,0.6176917215195159,0.3175143915746687,0.7994913075437996,50,,False,,8.1.0,,inductive,Hollmann et al. TabPFN / TabPFN-3,bank-marketing__tabpfn3__s1__n50__3c793c232ad98b6c,7.755,1,76,18455191,v1_absolute_budget,success,True,2026-07-22T14:44:42.180197+00:00,"{'all_classes_present_in_labeled': True, 'backbone': 'tabpfn3', 'best_epoch': nan, 'best_val_loss': nan, 'checkpoint': '/private/ofirlin-lab/suissad4/caches/tabpfn/tabpfn-v3-classifier-v3_default.ckpt', 'cold_load_seconds': 0.8774457913823426, 'dataset': 'bank-marketing', 'dataset_id': 1461, 'embedding_source': None, 'epochs_trained': nan, 'error_message': None, 'final_train_loss': nan, 'finetune_epochs_trained': nan, 'graph_n_neighbors_used': nan, 'graph_n_rows': nan, 'graph_n_unlabeled_used': nan, 'graph_retry_count': nan, 'input_view': 'raw', 'kv_cache': None, 'labeled_class_counts': '{1:42,2:8}', 'labeled_classes_present': 2, 'max_labeled_per_class': 42, 'max_selected_confidence': nan, 'mean_selected_confidence': nan, 'mean_selected_density': nan, 'method': 'tabpfn3', 'method_fidelity': 'official', 'metric_accuracy': 0.8745991374543846, 'metric_average_precision': 0.34585828129730944, 'metric_balanced_accuracy': 0.5969142283558609, 'metric_brier': 0.19231377335568367, 'metric_ece': 0.031112175297851007, 'metric_log_loss': 0.3175143915746687, 'metric_macro_f1': 0.6176917215195159, 'metric_nll': 0.3175143915746687, 'metric_roc_auc': 0.7994913075437996, 'min_labeled_per_class': 8, 'min_selected_confidence': nan, 'n_classes': 2, 'n_features_after_preprocessing': 51, 'n_features_before_preprocessing': 16, 'n_labeled': 50, 'n_pseudo_added_last_iter': nan, 'n_pseudo_added_total': nan, 'n_unlabeled': 36118, 'neural_method': nan, 'neural_validation_strategy': nan, 'package_version': '8.1.0', 'peak_gpu_memory_mb': 428.0703125, 'pretrain_epochs_trained': nan, 'protocol': 'inductive', 'pseudo_label_class_distribution': nan, 'pseudo_label_fraction': nan, 'reference_family': 'TabPFN-3 / PriorLabs', 'runtime_seconds': 7.755, 'seed': 1, 'self_training_iterations': nan, 'status': 'success', 'stopped_reason': nan, 'test_class_counts': '{1:7985,2:1058}', 'test_size': 9043, 'timestamp_utc': '2026-07-22T14:44:34.400800+00:00', 'train_labeled_size': 40, 'train_pool_class_counts': '{1:31937,2:4231}', 'unlabeled_class_counts': '{1:31895,2:4223}', 'val_class_counts': '{1:8,2:2}', 'val_size': 10, 'validation_strategy': 'stratified_labeled_val', 'warm_inference_seconds': 0.9294009460136294}",,False,0.9294009460136294
tabpfn3,/private/ofirlin-lab/suissad4/caches/tabpfn/tabpfn-v3-classifier-v3_default.ckpt,,,nogit:afd539c9e2f221fc,,12.4,bank-marketing,gpu,False,,,3f9236be15390304,,ssl-tfm,"{'cuda_available': True, 'cuda_version': '12.4', 'env_name': None, 'env_prefix': '/private/ofirlin-lab/suissad4/envs/micromamba', 'gpu_count': 1, 'gpu_name': 'NVIDIA A100 80GB PCIe', 'hostname': 'dsiuriofir01', 'packages': {'catboost': '1.2.10', 'lightgbm': '4.7.0', 'numpy': '2.4.6', 'pandas': '3.0.3', 'scikit-learn': '1.9.0', 'tabicl': '2.1.1', 'tabpfn': '8.1.0', 'torch': '2.6.0+cu124', 'xgboost': None}, 'platform': 'Linux-5.14.0-687.15.1.el9_8.x86_64-x86_64-with-glibc2.34', 'python': '3.11.15 | packaged by conda-forge | (main, Jun 11 2026, 03:34:02) [GCC 14.3.0]', 'python_version': '3.11.15', 'torch_available': True, 'torch_version': '2.6.0+cu124'}",,,NVIDIA A100 80GB PCIe,dsiuriofir01,raw,,tabpfn3,{},44136fa355b3678a,tfm_frozen,official,0.8805706070994139,0.4033821880186332,0.6195642704361793,0.17054669439635017,0.00636398375548708,0.2822424239331754,0.6437519697447212,0.2822424239331754,0.8372786640357097,100,,False,,8.1.0,,inductive,Hollmann et al. TabPFN / TabPFN-3,bank-marketing__tabpfn3__s2__n100__8f5a25bf537b9089,18.9074,2,81,18455196,v1_absolute_budget,success,True,2026-07-22T14:45:49.480339+00:00,"{'all_classes_present_in_labeled': True, 'backbone': 'tabpfn3', 'best_epoch': nan, 'best_val_loss': nan, 'checkpoint': '/private/ofirlin-lab/suissad4/caches/tabpfn/tabpfn-v3-classifier-v3_default.ckpt', 'cold_load_seconds': 1.0216793832369149, 'dataset': 'bank-marketing', 'dataset_id': 1461, 'embedding_source': None, 'epochs_trained': nan, 'error_message': None, 'final_train_loss': nan, 'finetune_epochs_trained': nan, 'graph_n_neighbors_used': nan, 'graph_n_rows': nan, 'graph_n_unlabeled_used': nan, 'graph_retry_count': nan, 'input_view': 'raw', 'kv_cache': None, 'labeled_class_counts': '{1:84,2:16}', 'labeled_classes_present': 2, 'max_labeled_per_class': 84, 'max_selected_confidence': nan, 'mean_selected_confidence': nan, 'mean_selected_density': nan, 'method': 'tabpfn3', 'method_fidelity': 'official', 'metric_accuracy': 0.8805706070994139, 'metric_average_precision': 0.4033821880186332, 'metric_balanced_accuracy': 0.6195642704361793, 'metric_brier': 0.17054669439635017, 'metric_ece': 0.00636398375548708, 'metric_log_loss': 0.2822424239331754, 'metric_macro_f1': 0.6437519697447212, 'metric_nll': 0.2822424239331754, 'metric_roc_auc': 0.8372786640357097, 'min_labeled_per_class': 16, 'min_selected_confidence': nan, 'n_classes': 2, 'n_features_after_preprocessing': 51, 'n_features_before_preprocessing': 16, 'n_labeled': 100, 'n_pseudo_added_last_iter': nan, 'n_pseudo_added_total': nan, 'n_unlabeled': 36068, 'neural_method': nan, 'neural_validation_strategy': nan, 'package_version': '8.1.0', 'peak_gpu_memory_mb': 428.822265625, 'pretrain_epochs_trained': nan, 'protocol': 'inductive', 'pseudo_label_class_distribution': nan, 'pseudo_label_fraction': nan, 'reference_family': 'TabPFN-3 / PriorLabs', 'runtime_seconds': 18.9074, 'seed': 2, 'self_training_iterations': nan, 'status': 'success', 'stopped_reason': nan, 'test_class_counts': '{1:7985,2:1058}', 'test_size': 9043, 'timestamp_utc': '2026-07-22T14:45:30.521308+00:00', 'train_labeled_size': 80, 'train_pool_class_counts': '{1:31937,2:4231}', 'unlabeled_class_counts': '{1:31853,2:4215}', 'val_class_counts': '{1:17,2:3}', 'val_size': 20, 'validation_strategy': 'stratified_labeled_val', 'warm_inference_seconds': 1.1704792981036007}",,False,1.1704792981036007
tabpfn3,/private/ofirlin-lab/suissad4/caches/tabpfn/tabpfn-v3-classifier-v3_default.ckpt,,,nogit:afd539c9e2f221fc,,12.4,bank-marketing,gpu,False,,,3f9236be15390304,,ssl-tfm,"{'cuda_available': True, 'cuda_version': '12.4', 'env_name': None, 'env_prefix': '/private/ofirlin-lab/suissad4/envs/micromamba', 'gpu_count': 1, 'gpu_name': 'NVIDIA A100 80GB PCIe', 'hostname': 'dsiuriofir01', 'packages': {'catboost': '1.2.10', 'lightgbm': '4.7.0', 'numpy': '2.4.6', 'pandas': '3.0.3', 'scikit-learn': '1.9.0', 'tabicl': '2.1.1', 'tabpfn': '8.1.0', 'torch': '2.6.0+cu124', 'xgboost': None}, 'platform': 'Linux-5.14.0-687.15.1.el9_8.x86_64-x86_64-with-glibc2.34', 'python': '3.11.15 | packaged by conda-forge | (main, Jun 11 2026, 03:34:02) [GCC 14.3.0]', 'python_version': '3.11.15', 'torch_available': True, 'torch_version': '2.6.0+cu124'}",,,NVIDIA A100 80GB PCIe,dsiuriofir01,raw,,tabpfn3,{},44136fa355b3678a,tfm_frozen,official,0.8969368572376424,0.5119525885802311,0.6444105973748037,0.14759959458385022,0.007211304859820671,0.2442819992660964,0.6801225027159739,0.2442819992660964,0.8841684491124071,250,,False,,8.1.0,,inductive,Hollmann et al. TabPFN / TabPFN-3,bank-marketing__tabpfn3__s2__n250__8be2d0af3e7ec66a,18.9163,2,82,18455197,v1_absolute_budget,success,True,2026-07-22T14:45:49.479552+00:00,"{'all_classes_present_in_labeled': True, 'backbone': 'tabpfn3', 'best_epoch': nan, 'best_val_loss': nan, 'checkpoint': '/private/ofirlin-lab/suissad4/caches/tabpfn/tabpfn-v3-classifier-v3_default.ckpt', 'cold_load_seconds': 1.0303438198752701, 'dataset': 'bank-marketing', 'dataset_id': 1461, 'embedding_source': None, 'epochs_trained': nan, 'error_message': None, 'final_train_loss': nan, 'finetune_epochs_trained': nan, 'graph_n_neighbors_used': nan, 'graph_n_rows': nan, 'graph_n_unlabeled_used': nan, 'graph_retry_count': nan, 'input_view': 'raw', 'kv_cache': None, 'labeled_class_counts': '{1:217,2:33}', 'labeled_classes_present': 2, 'max_labeled_per_class': 217, 'max_selected_confidence': nan, 'mean_selected_confidence': nan, 'mean_selected_density': nan, 'method': 'tabpfn3', 'method_fidelity': 'official', 'metric_accuracy': 0.8969368572376424, 'metric_average_precision': 0.5119525885802311, 'metric_balanced_accuracy': 0.6444105973748037, 'metric_brier': 0.14759959458385022, 'metric_ece': 0.007211304859820671, 'metric_log_loss': 0.2442819992660964, 'metric_macro_f1': 0.6801225027159739, 'metric_nll': 0.2442819992660964, 'metric_roc_auc': 0.8841684491124071, 'min_labeled_per_class': 33, 'min_selected_confidence': nan, 'n_classes': 2, 'n_features_after_preprocessing': 51, 'n_features_before_preprocessing': 16, 'n_labeled': 250, 'n_pseudo_added_last_iter': nan, 'n_pseudo_added_total': nan, 'n_unlabeled': 35918, 'neural_method': nan, 'neural_validation_strategy': nan, 'package_version': '8.1.0', 'peak_gpu_memory_mb': 431.66162109375, 'pretrain_epochs_trained': nan, 'protocol': 'inductive', 'pseudo_label_class_distribution': nan, 'pseudo_label_fraction': nan, 'reference_family': 'TabPFN-3 / PriorLabs', 'runtime_seconds': 18.9163, 'seed': 2, 'self_training_iterations': nan, 'status': 'success', 'stopped_reason': nan, 'test_class_counts': '{1:7985,2:1058}', 'test_size': 9043, 'timestamp_utc': '2026-07-22T14:45:30.516949+00:00', 'train_labeled_size': 200, 'train_pool_class_counts': '{1:31937,2:4231}', 'unlabeled_class_counts': '{1:31720,2:4198}', 'val_class_counts': '{1:43,2:7}', 'val_size': 50, 'validation_strategy': 'stratified_labeled_val', 'warm_inference_seconds': 1.179768383037299}",,False,1.179768383037299
tabpfn3,/private/ofirlin-lab/suissad4/caches/tabpfn/tabpfn-v3-classifier-v3_default.ckpt,,,nogit:afd539c9e2f221fc,,12.4,bank-marketing,gpu,False,,,3f9236be15390304,,ssl-tfm,"{'cuda_available': True, 'cuda_version': '12.4', 'env_name': None, 'env_prefix': '/private/ofirlin-lab/suissad4/envs/micromamba', 'gpu_count': 1, 'gpu_name': 'NVIDIA A100 80GB PCIe', 'hostname': 'dsiuriofir01', 'packages': {'catboost': '1.2.10', 'lightgbm': '4.7.0', 'numpy': '2.4.6', 'pandas': '3.0.3', 'scikit-learn': '1.9.0', 'tabicl': '2.1.1', 'tabpfn': '8.1.0', 'torch': '2.6.0+cu124', 'xgboost': None}, 'platform': 'Linux-5.14.0-687.15.1.el9_8.x86_64-x86_64-with-glibc2.34', 'python': '3.11.15 | packaged by conda-forge | (main, Jun 11 2026, 03:34:02) [GCC 14.3.0]', 'python_version': '3.11.15', 'torch_available': True, 'torch_version': '2.6.0+cu124'}",,,NVIDIA A100 80GB PCIe,dsiuriofir01,raw,,tabpfn3,{},44136fa355b3678a,tfm_frozen,official,0.8969368572376424,0.5057601853501614,0.6415407906838555,0.14908853335206249,0.012414853044545931,0.24374090803252083,0.6775690794749091,0.24374090803252083,0.8889819403820727,500,,False,,8.1.0,,inductive,Hollmann et al. TabPFN / TabPFN-3,bank-marketing__tabpfn3__s2__n500__998835ca0f6dc277,16.5233,2,83,18455198,v1_absolute_budget,success,True,2026-07-22T14:46:13.699079+00:00,"{'all_classes_present_in_labeled': True, 'backbone': 'tabpfn3', 'best_epoch': nan, 'best_val_loss': nan, 'checkpoint': '/private/ofirlin-lab/suissad4/caches/tabpfn/tabpfn-v3-classifier-v3_default.ckpt', 'cold_load_seconds': 1.0520162992179394, 'dataset': 'bank-marketing', 'dataset_id': 1461, 'embedding_source': None, 'epochs_trained': nan, 'error_message': None, 'final_train_loss': nan, 'finetune_epochs_trained': nan, 'graph_n_neighbors_used': nan, 'graph_n_rows': nan, 'graph_n_unlabeled_used': nan, 'graph_retry_count': nan, 'input_view': 'raw', 'kv_cache': None, 'labeled_class_counts': '{1:438,2:62}', 'labeled_classes_present': 2, 'max_labeled_per_class': 438, 'max_selected_confidence': nan, 'mean_selected_confidence': nan, 'mean_selected_density': nan, 'method': 'tabpfn3', 'method_fidelity': 'official', 'metric_accuracy': 0.8969368572376424, 'metric_average_precision': 0.5057601853501614, 'metric_balanced_accuracy': 0.6415407906838555, 'metric_brier': 0.14908853335206249, 'metric_ece': 0.012414853044545931, 'metric_log_loss': 0.24374090803252083, 'metric_macro_f1': 0.6775690794749091, 'metric_nll': 0.24374090803252083, 'metric_roc_auc': 0.8889819403820727, 'min_labeled_per_class': 62, 'min_selected_confidence': nan, 'n_classes': 2, 'n_features_after_preprocessing': 51, 'n_features_before_preprocessing': 16, 'n_labeled': 500, 'n_pseudo_added_last_iter': nan, 'n_pseudo_added_total': nan, 'n_unlabeled': 35668, 'neural_method': nan, 'neural_validation_strategy': nan, 'package_version': '8.1.0', 'peak_gpu_memory_mb': 435.27978515625, 'pretrain_epochs_trained': nan, 'protocol': 'inductive', 'pseudo_label_class_distribution': nan, 'pseudo_label_fraction': nan, 'reference_family': 'TabPFN-3 / PriorLabs', 'runtime_seconds': 16.5233, 'seed': 2, 'self_training_iterations': nan, 'status': 'success', 'stopped_reason': nan, 'test_class_counts': '{1:7985,2:1058}', 'test_size': 9043, 'timestamp_utc': '2026-07-22T14:45:57.148010+00:00', 'train_labeled_size': 400, 'train_pool_class_counts': '{1:31937,2:4231}', 'unlabeled_class_counts': '{1:31499,2:4169}', 'val_class_counts': '{1:88,2:12}', 'val_size': 100, 'validation_strategy': 'stratified_labeled_val', 'warm_inference_seconds': 1.1902540503069758}",,False,1.1902540503069758
tabpfn3,/private/ofirlin-lab/suissad4/caches/tabpfn/tabpfn-v3-classifier-v3_default.ckpt,,,nogit:afd539c9e2f221fc,,12.4,bank-marketing,gpu,False,,,3f9236be15390304,,ssl-tfm,"{'cuda_available': True, 'cuda_version': '12.4', 'env_name': None, 'env_prefix': '/private/ofirlin-lab/suissad4/envs/micromamba', 'gpu_count': 1, 'gpu_name': 'NVIDIA A100 80GB PCIe', 'hostname': 'dsiuriofir01', 'packages': {'catboost': '1.2.10', 'lightgbm': '4.7.0', 'numpy': '2.4.6', 'pandas': '3.0.3', 'scikit-learn': '1.9.0', 'tabicl': '2.1.1', 'tabpfn': '8.1.0', 'torch': '2.6.0+cu124', 'xgboost': None}, 'platform': 'Linux-5.14.0-687.15.1.el9_8.x86_64-x86_64-with-glibc2.34', 'python': '3.11.15 | packaged by conda-forge | (main, Jun 11 2026, 03:34:02) [GCC 14.3.0]', 'python_version': '3.11.15', 'torch_available': True, 'torch_version': '2.6.0+cu124'}",,,NVIDIA A100 80GB PCIe,dsiuriofir01,raw,,tabpfn3,{},44136fa355b3678a,tfm_frozen,official,0.7483136127391352,0.1940185533074521,0.56640238727387,0.3406884763239965,0.13212670657806286,0.5601825504970049,0.5417984377501736,0.5601825504970049,0.6724291647974167,50,,False,,8.1.0,,inductive,Hollmann et al. TabPFN / TabPFN-3,bank-marketing__tabpfn3__s2__n50__00c94ad4fc44ed7d,13.8453,2,80,18455195,v1_absolute_budget,success,True,2026-07-22T14:45:22.522531+00:00,"{'all_classes_present_in_labeled': True, 'backbone': 'tabpfn3', 'best_epoch': nan, 'best_val_loss': nan, 'checkpoint': '/private/ofirlin-lab/suissad4/caches/tabpfn/tabpfn-v3-classifier-v3_default.ckpt', 'cold_load_seconds': 1.0443283589556813, 'dataset': 'bank-marketing', 'dataset_id': 1461, 'embedding_source': None, 'epochs_trained': nan, 'error_message': None, 'final_train_loss': nan, 'finetune_epochs_trained': nan, 'graph_n_neighbors_used': nan, 'graph_n_rows': nan, 'graph_n_unlabeled_used': nan, 'graph_retry_count': nan, 'input_view': 'raw', 'kv_cache': None, 'labeled_class_counts': '{1:42,2:8}', 'labeled_classes_present': 2, 'max_labeled_per_class': 42, 'max_selected_confidence': nan, 'mean_selected_confidence': nan, 'mean_selected_density': nan, 'method': 'tabpfn3', 'method_fidelity': 'official', 'metric_accuracy': 0.7483136127391352, 'metric_average_precision': 0.1940185533074521, 'metric_balanced_accuracy': 0.56640238727387, 'metric_brier': 0.3406884763239965, 'metric_ece': 0.13212670657806286, 'metric_log_loss': 0.5601825504970049, 'metric_macro_f1': 0.5417984377501736, 'metric_nll': 0.5601825504970049, 'metric_roc_auc': 0.6724291647974167, 'min_labeled_per_class': 8, 'min_selected_confidence': nan, 'n_classes': 2, 'n_features_after_preprocessing': 51, 'n_features_before_preprocessing': 16, 'n_labeled': 50, 'n_pseudo_added_last_iter': nan, 'n_pseudo_added_total': nan, 'n_unlabeled': 36118, 'neural_method': nan, 'neural_validation_strategy': nan, 'package_version': '8.1.0', 'peak_gpu_memory_mb': 428.0703125, 'pretrain_epochs_trained': nan, 'protocol': 'inductive', 'pseudo_label_class_distribution': nan, 'pseudo_label_fraction': nan, 'reference_family': 'TabPFN-3 / PriorLabs', 'runtime_seconds': 13.8453, 'seed': 2, 'self_training_iterations': nan, 'status': 'success', 'stopped_reason': nan, 'test_class_counts': '{1:7985,2:1058}', 'test_size': 9043, 'timestamp_utc': '2026-07-22T14:45:08.655947+00:00', 'train_labeled_size': 40, 'train_pool_class_counts': '{1:31937,2:4231}', 'unlabeled_class_counts': '{1:31895,2:4223}', 'val_class_counts': '{1:8,2:2}', 'val_size': 10, 'validation_strategy': 'stratified_labeled_val', 'warm_inference_seconds': 0.9473347943276167}",,False,0.9473347943276167
tabiclv2,tabicl-classifier-v2-20260212.ckpt,,,nogit:afd539c9e2f221fc,,12.4,electricity,gpu,False,,,3f9236be15390304,,ssl-tfm,"{'cuda_available': True, 'cuda_version': '12.4', 'env_name': None, 'env_prefix': '/private/ofirlin-lab/suissad4/envs/micromamba', 'gpu_count': 1, 'gpu_name': 'NVIDIA A100 80GB PCIe', 'hostname': 'dsiuriofir01', 'packages': {'catboost': '1.2.10', 'lightgbm': '4.7.0', 'numpy': '2.4.6', 'pandas': '3.0.3', 'scikit-learn': '1.9.0', 'tabicl': '2.1.1', 'tabpfn': '8.1.0', 'torch': '2.6.0+cu124', 'xgboost': None}, 'platform': 'Linux-5.14.0-687.15.1.el9_8.x86_64-x86_64-with-glibc2.34', 'python': '3.11.15 | packaged by conda-forge | (main, Jun 11 2026, 03:34:02) [GCC 14.3.0]', 'python_version': '3.11.15', 'torch_available': True, 'torch_version': '2.6.0+cu124'}",,,NVIDIA A100 80GB PCIe,dsiuriofir01,raw,True,tabiclv2,{},44136fa355b3678a,tfm_frozen,official,0.7188568906543087,0.7703410855833188,0.6974614946091455,0.36807574131706555,0.08313498802309068,0.5442687051050613,0.7005825671124823,0.5442687051050613,0.8005602641508682,100,,False,,unknown,,inductive,TabICL / TabICLv2,electricity__tabiclv2__s0__n100__18dadada9643a420,5.4046,0,109,18455229,v1_absolute_budget,success,True,2026-07-22T14:49:10.575164+00:00,"{'all_classes_present_in_labeled': True, 'backbone': 'tabiclv2', 'best_epoch': nan, 'best_val_loss': nan, 'checkpoint': 'tabicl-classifier-v2-20260212.ckpt', 'cold_load_seconds': 1.016942807007581, 'dataset': 'electricity', 'dataset_id': 151, 'embedding_source': None, 'epochs_trained': nan, 'error_message': None, 'final_train_loss': nan, 'finetune_epochs_trained': nan, 'graph_n_neighbors_used': nan, 'graph_n_rows': nan, 'graph_n_unlabeled_used': nan, 'graph_retry_count': nan, 'input_view': 'raw', 'kv_cache': True, 'labeled_class_counts': '{DOWN:57,UP:43}', 'labeled_classes_present': 2, 'max_labeled_per_class': 57, 'max_selected_confidence': nan, 'mean_selected_confidence': nan, 'mean_selected_density': nan, 'method': 'tabiclv2', 'method_fidelity': 'official', 'metric_accuracy': 0.7188568906543087, 'metric_average_precision': 0.7703410855833188, 'metric_balanced_accuracy': 0.6974614946091455, 'metric_brier': 0.36807574131706555, 'metric_ece': 0.08313498802309068, 'metric_log_loss': 0.5442687051050613, 'metric_macro_f1': 0.7005825671124823, 'metric_nll': 0.5442687051050613, 'metric_roc_auc': 0.8005602641508682, 'min_labeled_per_class': 43, 'min_selected_confidence': nan, 'n_classes': 2, 'n_features_after_preprocessing': 14, 'n_features_before_preprocessing': 8, 'n_labeled': 100, 'n_pseudo_added_last_iter': nan, 'n_pseudo_added_total': nan, 'n_unlabeled': 36149, 'neural_method': nan, 'neural_validation_strategy': nan, 'package_version': 'unknown', 'peak_gpu_memory_mb': 2314.23974609375, 'pretrain_epochs_trained': nan, 'protocol': 'inductive', 'pseudo_label_class_distribution': nan, 'pseudo_label_fraction': nan, 'reference_family': 'TabICLv2 / soda-inria/tabicl', 'runtime_seconds': 5.4046, 'seed': 0, 'self_training_iterations': nan, 'status': 'success', 'stopped_reason': nan, 'test_class_counts': '{DOWN:5215,UP:3848}', 'test_size': 9063, 'timestamp_utc': '2026-07-22T14:49:05.151459+00:00', 'train_labeled_size': 80, 'train_pool_class_counts': '{DOWN:20860,UP:15389}', 'unlabeled_class_counts': '{DOWN:20803,UP:15346}', 'val_class_counts': '{DOWN:11,UP:9}', 'val_size': 20, 'validation_strategy': 'stratified_labeled_val', 'warm_inference_seconds': 0.5635728486813605}",,False,0.5635728486813605
tabiclv2,tabicl-classifier-v2-20260212.ckpt,,,nogit:afd539c9e2f221fc,,12.4,electricity,gpu,False,,,3f9236be15390304,,ssl-tfm,"{'cuda_available': True, 'cuda_version': '12.4', 'env_name': None, 'env_prefix': '/private/ofirlin-lab/suissad4/envs/micromamba', 'gpu_count': 1, 'gpu_name': 'NVIDIA A100 80GB PCIe', 'hostname': 'dsiuriofir01', 'packages': {'catboost': '1.2.10', 'lightgbm': '4.7.0', 'numpy': '2.4.6', 'pandas': '3.0.3', 'scikit-learn': '1.9.0', 'tabicl': '2.1.1', 'tabpfn': '8.1.0', 'torch': '2.6.0+cu124', 'xgboost': None}, 'platform': 'Linux-5.14.0-687.15.1.el9_8.x86_64-x86_64-with-glibc2.34', 'python': '3.11.15 | packaged by conda-forge | (main, Jun 11 2026, 03:34:02) [GCC 14.3.0]', 'python_version': '3.11.15', 'torch_available': True, 'torch_version': '2.6.0+cu124'}",,,NVIDIA A100 80GB PCIe,dsiuriofir01,raw,True,tabiclv2,{},44136fa355b3678a,tfm_frozen,official,0.7786604876972305,0.817555659841976,0.7659803102756123,0.3145083211564372,0.05173793034378926,0.4925569564780721,0.7694761237006484,0.4925569564780721,0.8491803339957702,250,,False,,unknown,,inductive,TabICL / TabICLv2,electricity__tabiclv2__s0__n250__92746832ad866551,4.3725,0,110,18455230,v1_absolute_budget,success,True,2026-07-22T14:49:12.122126+00:00,"{'all_classes_present_in_labeled': True, 'backbone': 'tabiclv2', 'best_epoch': nan, 'best_val_loss': nan, 'checkpoint': 'tabicl-classifier-v2-20260212.ckpt', 'cold_load_seconds': 0.7408829308114946, 'dataset': 'electricity', 'dataset_id': 151, 'embedding_source': None, 'epochs_trained': nan, 'error_message': None, 'final_train_loss': nan, 'finetune_epochs_trained': nan, 'graph_n_neighbors_used': nan, 'graph_n_rows': nan, 'graph_n_unlabeled_used': nan, 'graph_retry_count': nan, 'input_view': 'raw', 'kv_cache': True, 'labeled_class_counts': '{DOWN:143,UP:107}', 'labeled_classes_present': 2, 'max_labeled_per_class': 143, 'max_selected_confidence': nan, 'mean_selected_confidence': nan, 'mean_selected_density': nan, 'method': 'tabiclv2', 'method_fidelity': 'official', 'metric_accuracy': 0.7786604876972305, 'metric_average_precision': 0.817555659841976, 'metric_balanced_accuracy': 0.7659803102756123, 'metric_brier': 0.3145083211564372, 'metric_ece': 0.05173793034378926, 'metric_log_loss': 0.4925569564780721, 'metric_macro_f1': 0.7694761237006484, 'metric_nll': 0.4925569564780721, 'metric_roc_auc': 0.8491803339957702, 'min_labeled_per_class': 107, 'min_selected_confidence': nan, 'n_classes': 2, 'n_features_after_preprocessing': 14, 'n_features_before_preprocessing': 8, 'n_labeled': 250, 'n_pseudo_added_last_iter': nan, 'n_pseudo_added_total': nan, 'n_unlabeled': 35999, 'neural_method': nan, 'neural_validation_strategy': nan, 'package_version': 'unknown', 'peak_gpu_memory_mb': 2359.23974609375, 'pretrain_epochs_trained': nan, 'protocol': 'inductive', 'pseudo_label_class_distribution': nan, 'pseudo_label_fraction': nan, 'reference_family': 'TabICLv2 / soda-inria/tabicl', 'runtime_seconds': 4.3725, 'seed': 0, 'self_training_iterations': nan, 'status': 'success', 'stopped_reason': nan, 'test_class_counts': '{DOWN:5215,UP:3848}', 'test_size': 9063, 'timestamp_utc': '2026-07-22T14:49:07.731480+00:00', 'train_labeled_size': 200, 'train_pool_class_counts': '{DOWN:20860,UP:15389}', 'unlabeled_class_counts': '{DOWN:20717,UP:15282}', 'val_class_counts': '{DOWN:29,UP:21}', 'val_size': 50, 'validation_strategy': 'stratified_labeled_val', 'warm_inference_seconds': 0.559627418871969}",,False,0.559627418871969
tabiclv2,tabicl-classifier-v2-20260212.ckpt,,,nogit:afd539c9e2f221fc,,12.4,electricity,gpu,False,,,3f9236be15390304,,ssl-tfm,"{'cuda_available': True, 'cuda_version': '12.4', 'env_name': None, 'env_prefix': '/private/ofirlin-lab/suissad4/envs/micromamba', 'gpu_count': 1, 'gpu_name': 'NVIDIA A100 80GB PCIe', 'hostname': 'dsiuriofir01', 'packages': {'catboost': '1.2.10', 'lightgbm': '4.7.0', 'numpy': '2.4.6', 'pandas': '3.0.3', 'scikit-learn': '1.9.0', 'tabicl': '2.1.1', 'tabpfn': '8.1.0', 'torch': '2.6.0+cu124', 'xgboost': None}, 'platform': 'Linux-5.14.0-687.15.1.el9_8.x86_64-x86_64-with-glibc2.34', 'python': '3.11.15 | packaged by conda-forge | (main, Jun 11 2026, 03:34:02) [GCC 14.3.0]', 'python_version': '3.11.15', 'torch_available': True, 'torch_version': '2.6.0+cu124'}",,,NVIDIA A100 80GB PCIe,dsiuriofir01,raw,True,tabiclv2,{},44136fa355b3678a,tfm_frozen,official,0.797087057265806,0.8368269600384965,0.7860790578911384,0.2882465504281549,0.015101620510430812,0.446277114168304,0.7893584816886722,0.446277114168304,0.8699672901015183,500,,False,,unknown,,inductive,TabICL / TabICLv2,electricity__tabiclv2__s0__n500__1034442d446e7409,5.155,0,111,18455231,v1_absolute_budget,success,True,2026-07-22T14:49:19.762436+00:00,"{'all_classes_present_in_labeled': True, 'backbone': 'tabiclv2', 'best_epoch': nan, 'best_val_loss': nan, 'checkpoint': 'tabicl-classifier-v2-20260212.ckpt', 'cold_load_seconds': 0.7346347640268505, 'dataset': 'electricity', 'dataset_id': 151, 'embedding_source': None, 'epochs_trained': nan, 'error_message': None, 'final_train_loss': nan, 'finetune_epochs_trained': nan, 'graph_n_neighbors_used': nan, 'graph_n_rows': nan, 'graph_n_unlabeled_used': nan, 'graph_retry_count': nan, 'input_view': 'raw', 'kv_cache': True, 'labeled_class_counts': '{DOWN:287,UP:213}', 'labeled_classes_present': 2, 'max_labeled_per_class': 287, 'max_selected_confidence': nan, 'mean_selected_confidence': nan, 'mean_selected_density': nan, 'method': 'tabiclv2', 'method_fidelity': 'official', 'metric_accuracy': 0.797087057265806, 'metric_average_precision': 0.8368269600384965, 'metric_balanced_accuracy': 0.7860790578911384, 'metric_brier': 0.2882465504281549, 'metric_ece': 0.015101620510430812, 'metric_log_loss': 0.446277114168304, 'metric_macro_f1': 0.7893584816886722, 'metric_nll': 0.446277114168304, 'metric_roc_auc': 0.8699672901015183, 'min_labeled_per_class': 213, 'min_selected_confidence': nan, 'n_classes': 2, 'n_features_after_preprocessing': 14, 'n_features_before_preprocessing': 8, 'n_labeled': 500, 'n_pseudo_added_last_iter': nan, 'n_pseudo_added_total': nan, 'n_unlabeled': 35749, 'neural_method': nan, 'neural_validation_strategy': nan, 'package_version': 'unknown', 'peak_gpu_memory_mb': 2432.61474609375, 'pretrain_epochs_trained': nan, 'protocol': 'inductive', 'pseudo_label_class_distribution': nan, 'pseudo_label_fraction': nan, 'reference_family': 'TabICLv2 / soda-inria/tabicl', 'runtime_seconds': 5.155, 'seed': 0, 'self_training_iterations': nan, 'status': 'success', 'stopped_reason': nan, 'test_class_counts': '{DOWN:5215,UP:3848}', 'test_size': 9063, 'timestamp_utc': '2026-07-22T14:49:14.589591+00:00', 'train_labeled_size': 400, 'train_pool_class_counts': '{DOWN:20860,UP:15389}', 'unlabeled_class_counts': '{DOWN:20573,UP:15176}', 'val_class_counts': '{DOWN:57,UP:43}', 'val_size': 100, 'validation_strategy': 'stratified_labeled_val', 'warm_inference_seconds': 0.5753480950370431}",,False,0.5753480950370431
tabiclv2,tabicl-classifier-v2-20260212.ckpt,,,nogit:afd539c9e2f221fc,,12.4,electricity,gpu,False,,,3f9236be15390304,,ssl-tfm,"{'cuda_available': True, 'cuda_version': '12.4', 'env_name': None, 'env_prefix': '/private/ofirlin-lab/suissad4/envs/micromamba', 'gpu_count': 1, 'gpu_name': 'NVIDIA A100 80GB PCIe', 'hostname': 'dsiuriofir01', 'packages': {'catboost': '1.2.10', 'lightgbm': '4.7.0', 'numpy': '2.4.6', 'pandas': '3.0.3', 'scikit-learn': '1.9.0', 'tabicl': '2.1.1', 'tabpfn': '8.1.0', 'torch': '2.6.0+cu124', 'xgboost': None}, 'platform': 'Linux-5.14.0-687.15.1.el9_8.x86_64-x86_64-with-glibc2.34', 'python': '3.11.15 | packaged by conda-forge | (main, Jun 11 2026, 03:34:02) [GCC 14.3.0]', 'python_version': '3.11.15', 'torch_available': True, 'torch_version': '2.6.0+cu124'}",,,NVIDIA A100 80GB PCIe,dsiuriofir01,raw,True,tabiclv2,{},44136fa355b3678a,tfm_frozen,official,0.7367317665232263,0.7594385133368652,0.7198397444202813,0.3827348502015957,0.10150953837491224,0.6188972746068482,0.7232688329528634,0.6188972746068482,0.7848946197100559,50,,False,,unknown,,inductive,TabICL / TabICLv2,electricity__tabiclv2__s0__n50__dff21ba11da0c8cd,5.2764,0,108,18455227,v1_absolute_budget,success,True,2026-07-22T14:49:01.549891+00:00,"{'all_classes_present_in_labeled': True, 'backbone': 'tabiclv2', 'best_epoch': nan, 'best_val_loss': nan, 'checkpoint': 'tabicl-classifier-v2-20260212.ckpt', 'cold_load_seconds': 0.8386438651941717, 'dataset': 'electricity', 'dataset_id': 151, 'embedding_source': None, 'epochs_trained': nan, 'error_message': None, 'final_train_loss': nan, 'finetune_epochs_trained': nan, 'graph_n_neighbors_used': nan, 'graph_n_rows': nan, 'graph_n_unlabeled_used': nan, 'graph_retry_count': nan, 'input_view': 'raw', 'kv_cache': True, 'labeled_class_counts': '{DOWN:28,UP:22}', 'labeled_classes_present': 2, 'max_labeled_per_class': 28, 'max_selected_confidence': nan, 'mean_selected_confidence': nan, 'mean_selected_density': nan, 'method': 'tabiclv2', 'method_fidelity': 'official', 'metric_accuracy': 0.7367317665232263, 'metric_average_precision': 0.7594385133368652, 'metric_balanced_accuracy': 0.7198397444202813, 'metric_brier': 0.3827348502015957, 'metric_ece': 0.10150953837491224, 'metric_log_loss': 0.6188972746068482, 'metric_macro_f1': 0.7232688329528634, 'metric_nll': 0.6188972746068482, 'metric_roc_auc': 0.7848946197100559, 'min_labeled_per_class': 22, 'min_selected_confidence': nan, 'n_classes': 2, 'n_features_after_preprocessing': 14, 'n_features_before_preprocessing': 8, 'n_labeled': 50, 'n_pseudo_added_last_iter': nan, 'n_pseudo_added_total': nan, 'n_unlabeled': 36199, 'neural_method': nan, 'neural_validation_strategy': nan, 'package_version': 'unknown', 'peak_gpu_memory_mb': 2298.36474609375, 'pretrain_epochs_trained': nan, 'protocol': 'inductive', 'pseudo_label_class_distribution': nan, 'pseudo_label_fraction': nan, 'reference_family': 'TabICLv2 / soda-inria/tabicl', 'runtime_seconds': 5.2764, 'seed': 0, 'self_training_iterations': nan, 'status': 'success', 'stopped_reason': nan, 'test_class_counts': '{DOWN:5215,UP:3848}', 'test_size': 9063, 'timestamp_utc': '2026-07-22T14:48:56.255251+00:00', 'train_labeled_size': 40, 'train_pool_class_counts': '{DOWN:20860,UP:15389}', 'unlabeled_class_counts': '{DOWN:20832,UP:15367}', 'val_class_counts': '{DOWN:6,UP:4}', 'val_size': 10, 'validation_strategy': 'stratified_labeled_val', 'warm_inference_seconds': 0.5461244350299239}",,False,0.5461244350299239
tabiclv2,tabicl-classifier-v2-20260212.ckpt,,,nogit:afd539c9e2f221fc,,12.4,electricity,gpu,False,,,3f9236be15390304,,ssl-tfm,"{'cuda_available': True, 'cuda_version': '12.4', 'env_name': None, 'env_prefix': '/private/ofirlin-lab/suissad4/envs/micromamba', 'gpu_count': 1, 'gpu_name': 'NVIDIA A100 80GB PCIe', 'hostname': 'dsiuriofir01', 'packages': {'catboost': '1.2.10', 'lightgbm': '4.7.0', 'numpy': '2.4.6', 'pandas': '3.0.3', 'scikit-learn': '1.9.0', 'tabicl': '2.1.1', 'tabpfn': '8.1.0', 'torch': '2.6.0+cu124', 'xgboost': None}, 'platform': 'Linux-5.14.0-687.15.1.el9_8.x86_64-x86_64-with-glibc2.34', 'python': '3.11.15 | packaged by conda-forge | (main, Jun 11 2026, 03:34:02) [GCC 14.3.0]', 'python_version': '3.11.15', 'torch_available': True, 'torch_version': '2.6.0+cu124'}",,,NVIDIA A100 80GB PCIe,dsiuriofir01,raw,True,tabiclv2,{},44136fa355b3678a,tfm_frozen,official,0.7330905881054839,0.746480261504695,0.7268598397793029,0.3832559109887917,0.09714627950789717,0.6023768705411142,0.7268675635658668,0.6023768705411142,0.7939584359047447,100,,False,,unknown,,inductive,TabICL / TabICLv2,electricity__tabiclv2__s1__n100__9461d1157895128f,4.6566,1,113,18455233,v1_absolute_budget,success,True,2026-07-22T14:49:28.610332+00:00,"{'all_classes_present_in_labeled': True, 'backbone': 'tabiclv2', 'best_epoch': nan, 'best_val_loss': nan, 'checkpoint': 'tabicl-classifier-v2-20260212.ckpt', 'cold_load_seconds': 0.7030479647219181, 'dataset': 'electricity', 'dataset_id': 151, 'embedding_source': None, 'epochs_trained': nan, 'error_message': None, 'final_train_loss': nan, 'finetune_epochs_trained': nan, 'graph_n_neighbors_used': nan, 'graph_n_rows': nan, 'graph_n_unlabeled_used': nan, 'graph_retry_count': nan, 'input_view': 'raw', 'kv_cache': True, 'labeled_class_counts': '{DOWN:57,UP:43}', 'labeled_classes_present': 2, 'max_labeled_per_class': 57, 'max_selected_confidence': nan, 'mean_selected_confidence': nan, 'mean_selected_density': nan, 'method': 'tabiclv2', 'method_fidelity': 'official', 'metric_accuracy': 0.7330905881054839, 'metric_average_precision': 0.746480261504695, 'metric_balanced_accuracy': 0.7268598397793029, 'metric_brier': 0.3832559109887917, 'metric_ece': 0.09714627950789717, 'metric_log_loss': 0.6023768705411142, 'metric_macro_f1': 0.7268675635658668, 'metric_nll': 0.6023768705411142, 'metric_roc_auc': 0.7939584359047447, 'min_labeled_per_class': 43, 'min_selected_confidence': nan, 'n_classes': 2, 'n_features_after_preprocessing': 14, 'n_features_before_preprocessing': 8, 'n_labeled': 100, 'n_pseudo_added_last_iter': nan, 'n_pseudo_added_total': nan, 'n_unlabeled': 36149, 'neural_method': nan, 'neural_validation_strategy': nan, 'package_version': 'unknown', 'peak_gpu_memory_mb': 2314.23974609375, 'pretrain_epochs_trained': nan, 'protocol': 'inductive', 'pseudo_label_class_distribution': nan, 'pseudo_label_fraction': nan, 'reference_family': 'TabICLv2 / soda-inria/tabicl', 'runtime_seconds': 4.6566, 'seed': 1, 'self_training_iterations': nan, 'status': 'success', 'stopped_reason': nan, 'test_class_counts': '{DOWN:5215,UP:3848}', 'test_size': 9063, 'timestamp_utc': '2026-07-22T14:49:23.934685+00:00', 'train_labeled_size': 80, 'train_pool_class_counts': '{DOWN:20860,UP:15389}', 'unlabeled_class_counts': '{DOWN:20803,UP:15346}', 'val_class_counts': '{DOWN:11,UP:9}', 'val_size': 20, 'validation_strategy': 'stratified_labeled_val', 'warm_inference_seconds': 0.5486729559488595}",,False,0.5486729559488595
tabiclv2,tabicl-classifier-v2-20260212.ckpt,,,nogit:afd539c9e2f221fc,,12.4,electricity,gpu,False,,,3f9236be15390304,,ssl-tfm,"{'cuda_available': True, 'cuda_version': '12.4', 'env_name': None, 'env_prefix': '/private/ofirlin-lab/suissad4/envs/micromamba', 'gpu_count': 1, 'gpu_name': 'NVIDIA A100 80GB PCIe', 'hostname': 'dsiuriofir01', 'packages': {'catboost': '1.2.10', 'lightgbm': '4.7.0', 'numpy': '2.4.6', 'pandas': '3.0.3', 'scikit-learn': '1.9.0', 'tabicl': '2.1.1', 'tabpfn': '8.1.0', 'torch': '2.6.0+cu124', 'xgboost': None}, 'platform': 'Linux-5.14.0-687.15.1.el9_8.x86_64-x86_64-with-glibc2.34', 'python': '3.11.15 | packaged by conda-forge | (main, Jun 11 2026, 03:34:02) [GCC 14.3.0]', 'python_version': '3.11.15', 'torch_available': True, 'torch_version': '2.6.0+cu124'}",,,NVIDIA A100 80GB PCIe,dsiuriofir01,raw,True,tabiclv2,{},44136fa355b3678a,tfm_frozen,official,0.7728125344808562,0.8074286379448363,0.7620228062342156,0.31398375622611013,0.01721751175588393,0.47815655792364736,0.7646281900846712,0.47815655792364736,0.8462054474638366,250,,False,,unknown,,inductive,TabICL / TabICLv2,electricity__tabiclv2__s1__n250__1530e87ddb6052fe,4.7305,1,114,18455234,v1_absolute_budget,success,True,2026-07-22T14:49:28.686450+00:00,"{'all_classes_present_in_labeled': True, 'backbone': 'tabiclv2', 'best_epoch': nan, 'best_val_loss': nan, 'checkpoint': 'tabicl-classifier-v2-20260212.ckpt', 'cold_load_seconds': 0.7524233520962298, 'dataset': 'electricity', 'dataset_id': 151, 'embedding_source': None, 'epochs_trained': nan, 'error_message': None, 'final_train_loss': nan, 'finetune_epochs_trained': nan, 'graph_n_neighbors_used': nan, 'graph_n_rows': nan, 'graph_n_unlabeled_used': nan, 'graph_retry_count': nan, 'input_view': 'raw', 'kv_cache': True, 'labeled_class_counts': '{DOWN:143,UP:107}', 'labeled_classes_present': 2, 'max_labeled_per_class': 143, 'max_selected_confidence': nan, 'mean_selected_confidence': nan, 'mean_selected_density': nan, 'method': 'tabiclv2', 'method_fidelity': 'official', 'metric_accuracy': 0.7728125344808562, 'metric_average_precision': 0.8074286379448363, 'metric_balanced_accuracy': 0.7620228062342156, 'metric_brier': 0.31398375622611013, 'metric_ece': 0.01721751175588393, 'metric_log_loss': 0.47815655792364736, 'metric_macro_f1': 0.7646281900846712, 'metric_nll': 0.47815655792364736, 'metric_roc_auc': 0.8462054474638366, 'min_labeled_per_class': 107, 'min_selected_confidence': nan, 'n_classes': 2, 'n_features_after_preprocessing': 14, 'n_features_before_preprocessing': 8, 'n_labeled': 250, 'n_pseudo_added_last_iter': nan, 'n_pseudo_added_total': nan, 'n_unlabeled': 35999, 'neural_method': nan, 'neural_validation_strategy': nan, 'package_version': 'unknown', 'peak_gpu_memory_mb': 2359.23974609375, 'pretrain_epochs_trained': nan, 'protocol': 'inductive', 'pseudo_label_class_distribution': nan, 'pseudo_label_fraction': nan, 'reference_family': 'TabICLv2 / soda-inria/tabicl', 'runtime_seconds': 4.7305, 'seed': 1, 'self_training_iterations': nan, 'status': 'success', 'stopped_reason': nan, 'test_class_counts': '{DOWN:5215,UP:3848}', 'test_size': 9063, 'timestamp_utc': '2026-07-22T14:49:23.938528+00:00', 'train_labeled_size': 200, 'train_pool_class_counts': '{DOWN:20860,UP:15389}', 'unlabeled_class_counts': '{DOWN:20717,UP:15282}', 'val_class_counts': '{DOWN:29,UP:21}', 'val_size': 50, 'validation_strategy': 'stratified_labeled_val', 'warm_inference_seconds': 0.5567450593225658}",,False,0.5567450593225658
tabiclv2,tabicl-classifier-v2-20260212.ckpt,,,nogit:afd539c9e2f221fc,,12.4,electricity,gpu,False,,,3f9236be15390304,,ssl-tfm,"{'cuda_available': True, 'cuda_version': '12.4', 'env_name': None, 'env_prefix': '/private/ofirlin-lab/suissad4/envs/micromamba', 'gpu_count': 1, 'gpu_name': 'NVIDIA A100 80GB PCIe', 'hostname': 'dsiuriofir01', 'packages': {'catboost': '1.2.10', 'lightgbm': '4.7.0', 'numpy': '2.4.6', 'pandas': '3.0.3', 'scikit-learn': '1.9.0', 'tabicl': '2.1.1', 'tabpfn': '8.1.0', 'torch': '2.6.0+cu124', 'xgboost': None}, 'platform': 'Linux-5.14.0-687.15.1.el9_8.x86_64-x86_64-with-glibc2.34', 'python': '3.11.15 | packaged by conda-forge | (main, Jun 11 2026, 03:34:02) [GCC 14.3.0]', 'python_version': '3.11.15', 'torch_available': True, 'torch_version': '2.6.0+cu124'}",,,NVIDIA A100 80GB PCIe,dsiuriofir01,raw,True,tabiclv2,{},44136fa355b3678a,tfm_frozen,official,0.7795431976166832,0.8275565157634582,0.7631369310899512,0.30284440499081894,0.01639959497371733,0.4655986617946089,0.7679106356934496,0.4655986617946089,0.8550169379867366,500,,False,,unknown,,inductive,TabICL / TabICLv2,electricity__tabiclv2__s1__n500__1174d4909c1f46f5,5.9123,1,115,18455235,v1_absolute_budget,success,True,2026-07-22T14:49:39.869797+00:00,"{'all_classes_present_in_labeled': True, 'backbone': 'tabiclv2', 'best_epoch': nan, 'best_val_loss': nan, 'checkpoint': 'tabicl-classifier-v2-20260212.ckpt', 'cold_load_seconds': 0.8528523989953101, 'dataset': 'electricity', 'dataset_id': 151, 'embedding_source': None, 'epochs_trained': nan, 'error_message': None, 'final_train_loss': nan, 'finetune_epochs_trained': nan, 'graph_n_neighbors_used': nan, 'graph_n_rows': nan, 'graph_n_unlabeled_used': nan, 'graph_retry_count': nan, 'input_view': 'raw', 'kv_cache': True, 'labeled_class_counts': '{DOWN:287,UP:213}', 'labeled_classes_present': 2, 'max_labeled_per_class': 287, 'max_selected_confidence': nan, 'mean_selected_confidence': nan, 'mean_selected_density': nan, 'method': 'tabiclv2', 'method_fidelity': 'official', 'metric_accuracy': 0.7795431976166832, 'metric_average_precision': 0.8275565157634582, 'metric_balanced_accuracy': 0.7631369310899512, 'metric_brier': 0.30284440499081894, 'metric_ece': 0.01639959497371733, 'metric_log_loss': 0.4655986617946089, 'metric_macro_f1': 0.7679106356934496, 'metric_nll': 0.4655986617946089, 'metric_roc_auc': 0.8550169379867366, 'min_labeled_per_class': 213, 'min_selected_confidence': nan, 'n_classes': 2, 'n_features_after_preprocessing': 14, 'n_features_before_preprocessing': 8, 'n_labeled': 500, 'n_pseudo_added_last_iter': nan, 'n_pseudo_added_total': nan, 'n_unlabeled': 35749, 'neural_method': nan, 'neural_validation_strategy': nan, 'package_version': 'unknown', 'peak_gpu_memory_mb': 2432.61474609375, 'pretrain_epochs_trained': nan, 'protocol': 'inductive', 'pseudo_label_class_distribution': nan, 'pseudo_label_fraction': nan, 'reference_family': 'TabICLv2 / soda-inria/tabicl', 'runtime_seconds': 5.9123, 'seed': 1, 'self_training_iterations': nan, 'status': 'success', 'stopped_reason': nan, 'test_class_counts': '{DOWN:5215,UP:3848}', 'test_size': 9063, 'timestamp_utc': '2026-07-22T14:49:33.934115+00:00', 'train_labeled_size': 400, 'train_pool_class_counts': '{DOWN:20860,UP:15389}', 'unlabeled_class_counts': '{DOWN:20573,UP:15176}', 'val_class_counts': '{DOWN:57,UP:43}', 'val_size': 100, 'validation_strategy': 'stratified_labeled_val', 'warm_inference_seconds': 0.5797073626890779}",,False,0.5797073626890779
tabiclv2,tabicl-classifier-v2-20260212.ckpt,,,nogit:afd539c9e2f221fc,,12.4,electricity,gpu,False,,,3f9236be15390304,,ssl-tfm,"{'cuda_available': True, 'cuda_version': '12.4', 'env_name': None, 'env_prefix': '/private/ofirlin-lab/suissad4/envs/micromamba', 'gpu_count': 1, 'gpu_name': 'NVIDIA A100 80GB PCIe', 'hostname': 'dsiuriofir01', 'packages': {'catboost': '1.2.10', 'lightgbm': '4.7.0', 'numpy': '2.4.6', 'pandas': '3.0.3', 'scikit-learn': '1.9.0', 'tabicl': '2.1.1', 'tabpfn': '8.1.0', 'torch': '2.6.0+cu124', 'xgboost': None}, 'platform': 'Linux-5.14.0-687.15.1.el9_8.x86_64-x86_64-with-glibc2.34', 'python': '3.11.15 | packaged by conda-forge | (main, Jun 11 2026, 03:34:02) [GCC 14.3.0]', 'python_version': '3.11.15', 'torch_available': True, 'torch_version': '2.6.0+cu124'}",,,NVIDIA A100 80GB PCIe,dsiuriofir01,raw,True,tabiclv2,{},44136fa355b3678a,tfm_frozen,official,0.611938651660598,0.6726931298849892,0.619917632249847,0.5329670779662736,0.21738600812671918,0.8155933235586839,0.6112977835017194,0.8155933235586839,0.7064409946121355,50,,False,,unknown,,inductive,TabICL / TabICLv2,electricity__tabiclv2__s1__n50__e96a13dc871c7cea,4.2141,1,112,18455232,v1_absolute_budget,success,True,2026-07-22T14:49:20.077722+00:00,"{'all_classes_present_in_labeled': True, 'backbone': 'tabiclv2', 'best_epoch': nan, 'best_val_loss': nan, 'checkpoint': 'tabicl-classifier-v2-20260212.ckpt', 'cold_load_seconds': 0.7367079192772508, 'dataset': 'electricity', 'dataset_id': 151, 'embedding_source': None, 'epochs_trained': nan, 'error_message': None, 'final_train_loss': nan, 'finetune_epochs_trained': nan, 'graph_n_neighbors_used': nan, 'graph_n_rows': nan, 'graph_n_unlabeled_used': nan, 'graph_retry_count': nan, 'input_view': 'raw', 'kv_cache': True, 'labeled_class_counts': '{DOWN:28,UP:22}', 'labeled_classes_present': 2, 'max_labeled_per_class': 28, 'max_selected_confidence': nan, 'mean_selected_confidence': nan, 'mean_selected_density': nan, 'method': 'tabiclv2', 'method_fidelity': 'official', 'metric_accuracy': 0.611938651660598, 'metric_average_precision': 0.6726931298849892, 'metric_balanced_accuracy': 0.619917632249847, 'metric_brier': 0.5329670779662736, 'metric_ece': 0.21738600812671918, 'metric_log_loss': 0.8155933235586839, 'metric_macro_f1': 0.6112977835017194, 'metric_nll': 0.8155933235586839, 'metric_roc_auc': 0.7064409946121355, 'min_labeled_per_class': 22, 'min_selected_confidence': nan, 'n_classes': 2, 'n_features_after_preprocessing': 14, 'n_features_before_preprocessing': 8, 'n_labeled': 50, 'n_pseudo_added_last_iter': nan, 'n_pseudo_added_total': nan, 'n_unlabeled': 36199, 'neural_method': nan, 'neural_validation_strategy': nan, 'package_version': 'unknown', 'peak_gpu_memory_mb': 2298.36474609375, 'pretrain_epochs_trained': nan, 'protocol': 'inductive', 'pseudo_label_class_distribution': nan, 'pseudo_label_fraction': nan, 'reference_family': 'TabICLv2 / soda-inria/tabicl', 'runtime_seconds': 4.2141, 'seed': 1, 'self_training_iterations': nan, 'status': 'success', 'stopped_reason': nan, 'test_class_counts': '{DOWN:5215,UP:3848}', 'test_size': 9063, 'timestamp_utc': '2026-07-22T14:49:15.846005+00:00', 'train_labeled_size': 40, 'train_pool_class_counts': '{DOWN:20860,UP:15389}', 'unlabeled_class_counts': '{DOWN:20832,UP:15367}', 'val_class_counts': '{DOWN:6,UP:4}', 'val_size': 10, 'validation_strategy': 'stratified_labeled_val', 'warm_inference_seconds': 0.5434026438742876}",,False,0.5434026438742876
tabiclv2,tabicl-classifier-v2-20260212.ckpt,,,nogit:afd539c9e2f221fc,,12.4,electricity,gpu,False,,,3f9236be15390304,,ssl-tfm,"{'cuda_available': True, 'cuda_version': '12.4', 'env_name': None, 'env_prefix': '/private/ofirlin-lab/suissad4/envs/micromamba', 'gpu_count': 1, 'gpu_name': 'NVIDIA A100 80GB PCIe', 'hostname': 'dsiuriofir01', 'packages': {'catboost': '1.2.10', 'lightgbm': '4.7.0', 'numpy': '2.4.6', 'pandas': '3.0.3', 'scikit-learn': '1.9.0', 'tabicl': '2.1.1', 'tabpfn': '8.1.0', 'torch': '2.6.0+cu124', 'xgboost': None}, 'platform': 'Linux-5.14.0-687.15.1.el9_8.x86_64-x86_64-with-glibc2.34', 'python': '3.11.15 | packaged by conda-forge | (main, Jun 11 2026, 03:34:02) [GCC 14.3.0]', 'python_version': '3.11.15', 'torch_available': True, 'torch_version': '2.6.0+cu124'}",,,NVIDIA A100 80GB PCIe,dsiuriofir01,raw,True,tabiclv2,{},44136fa355b3678a,tfm_frozen,official,0.7397109125013792,0.7641838705061893,0.7280824494750668,0.35869715583795897,0.05028179152562529,0.5409823388786202,0.7302880457950339,0.5409823388786202,0.8016041005973892,100,,False,,unknown,,inductive,TabICL / TabICLv2,electricity__tabiclv2__s2__n100__190e527da7c3b9f4,5.6336,2,117,18455237,v1_absolute_budget,success,True,2026-07-22T14:49:52.510203+00:00,"{'all_classes_present_in_labeled': True, 'backbone': 'tabiclv2', 'best_epoch': nan, 'best_val_loss': nan, 'checkpoint': 'tabicl-classifier-v2-20260212.ckpt', 'cold_load_seconds': 1.0262818918563426, 'dataset': 'electricity', 'dataset_id': 151, 'embedding_source': None, 'epochs_trained': nan, 'error_message': None, 'final_train_loss': nan, 'finetune_epochs_trained': nan, 'graph_n_neighbors_used': nan, 'graph_n_rows': nan, 'graph_n_unlabeled_used': nan, 'graph_retry_count': nan, 'input_view': 'raw', 'kv_cache': True, 'labeled_class_counts': '{DOWN:57,UP:43}', 'labeled_classes_present': 2, 'max_labeled_per_class': 57, 'max_selected_confidence': nan, 'mean_selected_confidence': nan, 'mean_selected_density': nan, 'method': 'tabiclv2', 'method_fidelity': 'official', 'metric_accuracy': 0.7397109125013792, 'metric_average_precision': 0.7641838705061893, 'metric_balanced_accuracy': 0.7280824494750668, 'metric_brier': 0.35869715583795897, 'metric_ece': 0.05028179152562529, 'metric_log_loss': 0.5409823388786202, 'metric_macro_f1': 0.7302880457950339, 'metric_nll': 0.5409823388786202, 'metric_roc_auc': 0.8016041005973892, 'min_labeled_per_class': 43, 'min_selected_confidence': nan, 'n_classes': 2, 'n_features_after_preprocessing': 14, 'n_features_before_preprocessing': 8, 'n_labeled': 100, 'n_pseudo_added_last_iter': nan, 'n_pseudo_added_total': nan, 'n_unlabeled': 36149, 'neural_method': nan, 'neural_validation_strategy': nan, 'package_version': 'unknown', 'peak_gpu_memory_mb': 2314.23974609375, 'pretrain_epochs_trained': nan, 'protocol': 'inductive', 'pseudo_label_class_distribution': nan, 'pseudo_label_fraction': nan, 'reference_family': 'TabICLv2 / soda-inria/tabicl', 'runtime_seconds': 5.6336, 'seed': 2, 'self_training_iterations': nan, 'status': 'success', 'stopped_reason': nan, 'test_class_counts': '{DOWN:5215,UP:3848}', 'test_size': 9063, 'timestamp_utc': '2026-07-22T14:49:46.855468+00:00', 'train_labeled_size': 80, 'train_pool_class_counts': '{DOWN:20860,UP:15389}', 'unlabeled_class_counts': '{DOWN:20803,UP:15346}', 'val_class_counts': '{DOWN:11,UP:9}', 'val_size': 20, 'validation_strategy': 'stratified_labeled_val', 'warm_inference_seconds': 0.5557288890704513}",,False,0.5557288890704513
tabiclv2,tabicl-classifier-v2-20260212.ckpt,,,nogit:afd539c9e2f221fc,,12.4,electricity,gpu,False,,,3f9236be15390304,,ssl-tfm,"{'cuda_available': True, 'cuda_version': '12.4', 'env_name': None, 'env_prefix': '/private/ofirlin-lab/suissad4/envs/micromamba', 'gpu_count': 1, 'gpu_name': 'NVIDIA A100 80GB PCIe', 'hostname': 'dsiuriofir01', 'packages': {'catboost': '1.2.10', 'lightgbm': '4.7.0', 'numpy': '2.4.6', 'pandas': '3.0.3', 'scikit-learn': '1.9.0', 'tabicl': '2.1.1', 'tabpfn': '8.1.0', 'torch': '2.6.0+cu124', 'xgboost': None}, 'platform': 'Linux-5.14.0-687.15.1.el9_8.x86_64-x86_64-with-glibc2.34', 'python': '3.11.15 | packaged by conda-forge | (main, Jun 11 2026, 03:34:02) [GCC 14.3.0]', 'python_version': '3.11.15', 'torch_available': True, 'torch_version': '2.6.0+cu124'}",,,NVIDIA A100 80GB PCIe,dsiuriofir01,raw,True,tabiclv2,{},44136fa355b3678a,tfm_frozen,official,0.7614476442679025,0.7811866034623622,0.7494226184662427,0.33034279797011973,0.029404510507426637,0.5061700336639573,0.7522416621104429,0.5061700336639573,0.8318638712095088,250,,False,,unknown,,inductive,TabICL / TabICLv2,electricity__tabiclv2__s2__n250__ab2616045ec59652,5.4835,2,118,18455238,v1_absolute_budget,success,True,2026-07-22T14:49:52.359992+00:00,"{'all_classes_present_in_labeled': True, 'backbone': 'tabiclv2', 'best_epoch': nan, 'best_val_loss': nan, 'checkpoint': 'tabicl-classifier-v2-20260212.ckpt', 'cold_load_seconds': 0.8555959989316761, 'dataset': 'electricity', 'dataset_id': 151, 'embedding_source': None, 'epochs_trained': nan, 'error_message': None, 'final_train_loss': nan, 'finetune_epochs_trained': nan, 'graph_n_neighbors_used': nan, 'graph_n_rows': nan, 'graph_n_unlabeled_used': nan, 'graph_retry_count': nan, 'input_view': 'raw', 'kv_cache': True, 'labeled_class_counts': '{DOWN:143,UP:107}', 'labeled_classes_present': 2, 'max_labeled_per_class': 143, 'max_selected_confidence': nan, 'mean_selected_confidence': nan, 'mean_selected_density': nan, 'method': 'tabiclv2', 'method_fidelity': 'official', 'metric_accuracy': 0.7614476442679025, 'metric_average_precision': 0.7811866034623622, 'metric_balanced_accuracy': 0.7494226184662427, 'metric_brier': 0.33034279797011973, 'metric_ece': 0.029404510507426637, 'metric_log_loss': 0.5061700336639573, 'metric_macro_f1': 0.7522416621104429, 'metric_nll': 0.5061700336639573, 'metric_roc_auc': 0.8318638712095088, 'min_labeled_per_class': 107, 'min_selected_confidence': nan, 'n_classes': 2, 'n_features_after_preprocessing': 14, 'n_features_before_preprocessing': 8, 'n_labeled': 250, 'n_pseudo_added_last_iter': nan, 'n_pseudo_added_total': nan, 'n_unlabeled': 35999, 'neural_method': nan, 'neural_validation_strategy': nan, 'package_version': 'unknown', 'peak_gpu_memory_mb': 2359.23974609375, 'pretrain_epochs_trained': nan, 'protocol': 'inductive', 'pseudo_label_class_distribution': nan, 'pseudo_label_fraction': nan, 'reference_family': 'TabICLv2 / soda-inria/tabicl', 'runtime_seconds': 5.4835, 'seed': 2, 'self_training_iterations': nan, 'status': 'success', 'stopped_reason': nan, 'test_class_counts': '{DOWN:5215,UP:3848}', 'test_size': 9063, 'timestamp_utc': '2026-07-22T14:49:46.853712+00:00', 'train_labeled_size': 200, 'train_pool_class_counts': '{DOWN:20860,UP:15389}', 'unlabeled_class_counts': '{DOWN:20717,UP:15282}', 'val_class_counts': '{DOWN:29,UP:21}', 'val_size': 50, 'validation_strategy': 'stratified_labeled_val', 'warm_inference_seconds': 0.566249534022063}",,False,0.566249534022063
tabiclv2,tabicl-classifier-v2-20260212.ckpt,,,nogit:afd539c9e2f221fc,,12.4,electricity,gpu,False,,,3f9236be15390304,,ssl-tfm,"{'cuda_available': True, 'cuda_version': '12.4', 'env_name': None, 'env_prefix': '/private/ofirlin-lab/suissad4/envs/micromamba', 'gpu_count': 1, 'gpu_name': 'NVIDIA A100 80GB PCIe', 'hostname': 'dsiuriofir01', 'packages': {'catboost': '1.2.10', 'lightgbm': '4.7.0', 'numpy': '2.4.6', 'pandas': '3.0.3', 'scikit-learn': '1.9.0', 'tabicl': '2.1.1', 'tabpfn': '8.1.0', 'torch': '2.6.0+cu124', 'xgboost': None}, 'platform': 'Linux-5.14.0-687.15.1.el9_8.x86_64-x86_64-with-glibc2.34', 'python': '3.11.15 | packaged by conda-forge | (main, Jun 11 2026, 03:34:02) [GCC 14.3.0]', 'python_version': '3.11.15', 'torch_available': True, 'torch_version': '2.6.0+cu124'}",,,NVIDIA A100 80GB PCIe,dsiuriofir01,raw,True,tabiclv2,{},44136fa355b3678a,tfm_frozen,official,0.777998455257641,0.825090399868141,0.76673340037434,0.30058763757673906,0.009066175398376314,0.45738418633358735,0.7696536626050385,0.45738418633358735,0.8593555342716417,500,,False,,unknown,,inductive,TabICL / TabICLv2,electricity__tabiclv2__s2__n500__8536d279c4b35c11,5.9279,2,119,18455239,v1_absolute_budget,success,True,2026-07-22T14:50:04.999175+00:00,"{'all_classes_present_in_labeled': True, 'backbone': 'tabiclv2', 'best_epoch': nan, 'best_val_loss': nan, 'checkpoint': 'tabicl-classifier-v2-20260212.ckpt', 'cold_load_seconds': 0.9143596403300762, 'dataset': 'electricity', 'dataset_id': 151, 'embedding_source': None, 'epochs_trained': nan, 'error_message': None, 'final_train_loss': nan, 'finetune_epochs_trained': nan, 'graph_n_neighbors_used': nan, 'graph_n_rows': nan, 'graph_n_unlabeled_used': nan, 'graph_retry_count': nan, 'input_view': 'raw', 'kv_cache': True, 'labeled_class_counts': '{DOWN:287,UP:213}', 'labeled_classes_present': 2, 'max_labeled_per_class': 287, 'max_selected_confidence': nan, 'mean_selected_confidence': nan, 'mean_selected_density': nan, 'method': 'tabiclv2', 'method_fidelity': 'official', 'metric_accuracy': 0.777998455257641, 'metric_average_precision': 0.825090399868141, 'metric_balanced_accuracy': 0.76673340037434, 'metric_brier': 0.30058763757673906, 'metric_ece': 0.009066175398376314, 'metric_log_loss': 0.45738418633358735, 'metric_macro_f1': 0.7696536626050385, 'metric_nll': 0.45738418633358735, 'metric_roc_auc': 0.8593555342716417, 'min_labeled_per_class': 213, 'min_selected_confidence': nan, 'n_classes': 2, 'n_features_after_preprocessing': 14, 'n_features_before_preprocessing': 8, 'n_labeled': 500, 'n_pseudo_added_last_iter': nan, 'n_pseudo_added_total': nan, 'n_unlabeled': 35749, 'neural_method': nan, 'neural_validation_strategy': nan, 'package_version': 'unknown', 'peak_gpu_memory_mb': 2432.61474609375, 'pretrain_epochs_trained': nan, 'protocol': 'inductive', 'pseudo_label_class_distribution': nan, 'pseudo_label_fraction': nan, 'reference_family': 'TabICLv2 / soda-inria/tabicl', 'runtime_seconds': 5.9279, 'seed': 2, 'self_training_iterations': nan, 'status': 'success', 'stopped_reason': nan, 'test_class_counts': '{DOWN:5215,UP:3848}', 'test_size': 9063, 'timestamp_utc': '2026-07-22T14:49:59.048605+00:00', 'train_labeled_size': 400, 'train_pool_class_counts': '{DOWN:20860,UP:15389}', 'unlabeled_class_counts': '{DOWN:20573,UP:15176}', 'val_class_counts': '{DOWN:57,UP:43}', 'val_size': 100, 'validation_strategy': 'stratified_labeled_val', 'warm_inference_seconds': 0.5801345398649573}",,False,0.5801345398649573
tabiclv2,tabicl-classifier-v2-20260212.ckpt,,,nogit:afd539c9e2f221fc,,12.4,electricity,gpu,False,,,3f9236be15390304,,ssl-tfm,"{'cuda_available': True, 'cuda_version': '12.4', 'env_name': None, 'env_prefix': '/private/ofirlin-lab/suissad4/envs/micromamba', 'gpu_count': 1, 'gpu_name': 'NVIDIA A100 80GB PCIe', 'hostname': 'dsiuriofir01', 'packages': {'catboost': '1.2.10', 'lightgbm': '4.7.0', 'numpy': '2.4.6', 'pandas': '3.0.3', 'scikit-learn': '1.9.0', 'tabicl': '2.1.1', 'tabpfn': '8.1.0', 'torch': '2.6.0+cu124', 'xgboost': None}, 'platform': 'Linux-5.14.0-687.15.1.el9_8.x86_64-x86_64-with-glibc2.34', 'python': '3.11.15 | packaged by conda-forge | (main, Jun 11 2026, 03:34:02) [GCC 14.3.0]', 'python_version': '3.11.15', 'torch_available': True, 'torch_version': '2.6.0+cu124'}",,,NVIDIA A100 80GB PCIe,dsiuriofir01,raw,True,tabiclv2,{},44136fa355b3678a,tfm_frozen,official,0.6925962705505904,0.7044214462386194,0.6921837843817709,0.4175874976721085,0.12130744526999415,0.6452686159088765,0.689026686428772,0.6452686159088765,0.7742187795879071,50,,False,,unknown,,inductive,TabICL / TabICLv2,electricity__tabiclv2__s2__n50__5eee47cb7da6bdd2,5.8341,2,116,18455236,v1_absolute_budget,success,True,2026-07-22T14:49:39.795908+00:00,"{'all_classes_present_in_labeled': True, 'backbone': 'tabiclv2', 'best_epoch': nan, 'best_val_loss': nan, 'checkpoint': 'tabicl-classifier-v2-20260212.ckpt', 'cold_load_seconds': 0.8364461539313197, 'dataset': 'electricity', 'dataset_id': 151, 'embedding_source': None, 'epochs_trained': nan, 'error_message': None, 'final_train_loss': nan, 'finetune_epochs_trained': nan, 'graph_n_neighbors_used': nan, 'graph_n_rows': nan, 'graph_n_unlabeled_used': nan, 'graph_retry_count': nan, 'input_view': 'raw', 'kv_cache': True, 'labeled_class_counts': '{DOWN:28,UP:22}', 'labeled_classes_present': 2, 'max_labeled_per_class': 28, 'max_selected_confidence': nan, 'mean_selected_confidence': nan, 'mean_selected_density': nan, 'method': 'tabiclv2', 'method_fidelity': 'official', 'metric_accuracy': 0.6925962705505904, 'metric_average_precision': 0.7044214462386194, 'metric_balanced_accuracy': 0.6921837843817709, 'metric_brier': 0.4175874976721085, 'metric_ece': 0.12130744526999415, 'metric_log_loss': 0.6452686159088765, 'metric_macro_f1': 0.689026686428772, 'metric_nll': 0.6452686159088765, 'metric_roc_auc': 0.7742187795879071, 'min_labeled_per_class': 22, 'min_selected_confidence': nan, 'n_classes': 2, 'n_features_after_preprocessing': 14, 'n_features_before_preprocessing': 8, 'n_labeled': 50, 'n_pseudo_added_last_iter': nan, 'n_pseudo_added_total': nan, 'n_unlabeled': 36199, 'neural_method': nan, 'neural_validation_strategy': nan, 'package_version': 'unknown', 'peak_gpu_memory_mb': 2298.36474609375, 'pretrain_epochs_trained': nan, 'protocol': 'inductive', 'pseudo_label_class_distribution': nan, 'pseudo_label_fraction': nan, 'reference_family': 'TabICLv2 / soda-inria/tabicl', 'runtime_seconds': 5.8341, 'seed': 2, 'self_training_iterations': nan, 'status': 'success', 'stopped_reason': nan, 'test_class_counts': '{DOWN:5215,UP:3848}', 'test_size': 9063, 'timestamp_utc': '2026-07-22T14:49:33.930559+00:00', 'train_labeled_size': 40, 'train_pool_class_counts': '{DOWN:20860,UP:15389}', 'unlabeled_class_counts': '{DOWN:20832,UP:15367}', 'val_class_counts': '{DOWN:6,UP:4}', 'val_size': 10, 'validation_strategy': 'stratified_labeled_val', 'warm_inference_seconds': 0.5496386168524623}",,False,0.5496386168524623
tabpfn3,/private/ofirlin-lab/suissad4/caches/tabpfn/tabpfn-v3-classifier-v3_default.ckpt,,,nogit:afd539c9e2f221fc,,12.4,electricity,gpu,False,,,3f9236be15390304,,ssl-tfm,"{'cuda_available': True, 'cuda_version': '12.4', 'env_name': None, 'env_prefix': '/private/ofirlin-lab/suissad4/envs/micromamba', 'gpu_count': 1, 'gpu_name': 'NVIDIA A100 80GB PCIe', 'hostname': 'dsiuriofir01', 'packages': {'catboost': '1.2.10', 'lightgbm': '4.7.0', 'numpy': '2.4.6', 'pandas': '3.0.3', 'scikit-learn': '1.9.0', 'tabicl': '2.1.1', 'tabpfn': '8.1.0', 'torch': '2.6.0+cu124', 'xgboost': None}, 'platform': 'Linux-5.14.0-687.15.1.el9_8.x86_64-x86_64-with-glibc2.34', 'python': '3.11.15 | packaged by conda-forge | (main, Jun 11 2026, 03:34:02) [GCC 14.3.0]', 'python_version': '3.11.15', 'torch_available': True, 'torch_version': '2.6.0+cu124'}",,,NVIDIA A100 80GB PCIe,dsiuriofir01,raw,,tabpfn3,{},44136fa355b3678a,tfm_frozen,official,0.7572547721505021,0.798226942252711,0.7254452512841774,0.33406793863204276,0.016739573199059082,0.5044659625156634,0.7295014445691363,0.5044659625156634,0.8194627882547346,100,,False,,8.1.0,,inductive,Hollmann et al. TabPFN / TabPFN-3,electricity__tabpfn3__s0__n100__1f9a7cb37ec7794e,10.1168,0,97,18455216,v1_absolute_budget,success,True,2026-07-22T14:48:02.647429+00:00,"{'all_classes_present_in_labeled': True, 'backbone': 'tabpfn3', 'best_epoch': nan, 'best_val_loss': nan, 'checkpoint': '/private/ofirlin-lab/suissad4/caches/tabpfn/tabpfn-v3-classifier-v3_default.ckpt', 'cold_load_seconds': 1.0421522399410605, 'dataset': 'electricity', 'dataset_id': 151, 'embedding_source': None, 'epochs_trained': nan, 'error_message': None, 'final_train_loss': nan, 'finetune_epochs_trained': nan, 'graph_n_neighbors_used': nan, 'graph_n_rows': nan, 'graph_n_unlabeled_used': nan, 'graph_retry_count': nan, 'input_view': 'raw', 'kv_cache': None, 'labeled_class_counts': '{DOWN:57,UP:43}', 'labeled_classes_present': 2, 'max_labeled_per_class': 57, 'max_selected_confidence': nan, 'mean_selected_confidence': nan, 'mean_selected_density': nan, 'method': 'tabpfn3', 'method_fidelity': 'official', 'metric_accuracy': 0.7572547721505021, 'metric_average_precision': 0.798226942252711, 'metric_balanced_accuracy': 0.7254452512841774, 'metric_brier': 0.33406793863204276, 'metric_ece': 0.016739573199059082, 'metric_log_loss': 0.5044659625156634, 'metric_macro_f1': 0.7295014445691363, 'metric_nll': 0.5044659625156634, 'metric_roc_auc': 0.8194627882547346, 'min_labeled_per_class': 43, 'min_selected_confidence': nan, 'n_classes': 2, 'n_features_after_preprocessing': 14, 'n_features_before_preprocessing': 8, 'n_labeled': 100, 'n_pseudo_added_last_iter': nan, 'n_pseudo_added_total': nan, 'n_unlabeled': 36149, 'neural_method': nan, 'neural_validation_strategy': nan, 'package_version': '8.1.0', 'peak_gpu_memory_mb': 427.67529296875, 'pretrain_epochs_trained': nan, 'protocol': 'inductive', 'pseudo_label_class_distribution': nan, 'pseudo_label_fraction': nan, 'reference_family': 'TabPFN-3 / PriorLabs', 'runtime_seconds': 10.1168, 'seed': 0, 'self_training_iterations': nan, 'status': 'success', 'stopped_reason': nan, 'test_class_counts': '{DOWN:5215,UP:3848}', 'test_size': 9063, 'timestamp_utc': '2026-07-22T14:47:52.508346+00:00', 'train_labeled_size': 80, 'train_pool_class_counts': '{DOWN:20860,UP:15389}', 'unlabeled_class_counts': '{DOWN:20803,UP:15346}', 'val_class_counts': '{DOWN:11,UP:9}', 'val_size': 20, 'validation_strategy': 'stratified_labeled_val', 'warm_inference_seconds': 0.8350021317601204}",,False,0.8350021317601204
tabpfn3,/private/ofirlin-lab/suissad4/caches/tabpfn/tabpfn-v3-classifier-v3_default.ckpt,,,nogit:afd539c9e2f221fc,,12.4,electricity,gpu,False,,,3f9236be15390304,,ssl-tfm,"{'cuda_available': True, 'cuda_version': '12.4', 'env_name': None, 'env_prefix': '/private/ofirlin-lab/suissad4/envs/micromamba', 'gpu_count': 1, 'gpu_name': 'NVIDIA A100 80GB PCIe', 'hostname': 'dsiuriofir01', 'packages': {'catboost': '1.2.10', 'lightgbm': '4.7.0', 'numpy': '2.4.6', 'pandas': '3.0.3', 'scikit-learn': '1.9.0', 'tabicl': '2.1.1', 'tabpfn': '8.1.0', 'torch': '2.6.0+cu124', 'xgboost': None}, 'platform': 'Linux-5.14.0-687.15.1.el9_8.x86_64-x86_64-with-glibc2.34', 'python': '3.11.15 | packaged by conda-forge | (main, Jun 11 2026, 03:34:02) [GCC 14.3.0]', 'python_version': '3.11.15', 'torch_available': True, 'torch_version': '2.6.0+cu124'}",,,NVIDIA A100 80GB PCIe,dsiuriofir01,raw,,tabpfn3,{},44136fa355b3678a,tfm_frozen,official,0.7747986317996248,0.8205247949667285,0.7578902165311561,0.31181475244900525,0.054510350934655505,0.48457628874687714,0.7626301526173156,0.48457628874687714,0.8548906381121146,250,,False,,8.1.0,,inductive,Hollmann et al. TabPFN / TabPFN-3,electricity__tabpfn3__s0__n250__0c6d7736578dd8f1,7.9224,0,98,18455217,v1_absolute_budget,success,True,2026-07-22T14:48:02.726320+00:00,"{'all_classes_present_in_labeled': True, 'backbone': 'tabpfn3', 'best_epoch': nan, 'best_val_loss': nan, 'checkpoint': '/private/ofirlin-lab/suissad4/caches/tabpfn/tabpfn-v3-classifier-v3_default.ckpt', 'cold_load_seconds': 1.0083138337358832, 'dataset': 'electricity', 'dataset_id': 151, 'embedding_source': None, 'epochs_trained': nan, 'error_message': None, 'final_train_loss': nan, 'finetune_epochs_trained': nan, 'graph_n_neighbors_used': nan, 'graph_n_rows': nan, 'graph_n_unlabeled_used': nan, 'graph_retry_count': nan, 'input_view': 'raw', 'kv_cache': None, 'labeled_class_counts': '{DOWN:143,UP:107}', 'labeled_classes_present': 2, 'max_labeled_per_class': 143, 'max_selected_confidence': nan, 'mean_selected_confidence': nan, 'mean_selected_density': nan, 'method': 'tabpfn3', 'method_fidelity': 'official', 'metric_accuracy': 0.7747986317996248, 'metric_average_precision': 0.8205247949667285, 'metric_balanced_accuracy': 0.7578902165311561, 'metric_brier': 0.31181475244900525, 'metric_ece': 0.054510350934655505, 'metric_log_loss': 0.48457628874687714, 'metric_macro_f1': 0.7626301526173156, 'metric_nll': 0.48457628874687714, 'metric_roc_auc': 0.8548906381121146, 'min_labeled_per_class': 107, 'min_selected_confidence': nan, 'n_classes': 2, 'n_features_after_preprocessing': 14, 'n_features_before_preprocessing': 8, 'n_labeled': 250, 'n_pseudo_added_last_iter': nan, 'n_pseudo_added_total': nan, 'n_unlabeled': 35999, 'neural_method': nan, 'neural_validation_strategy': nan, 'package_version': '8.1.0', 'peak_gpu_memory_mb': 429.78759765625, 'pretrain_epochs_trained': nan, 'protocol': 'inductive', 'pseudo_label_class_distribution': nan, 'pseudo_label_fraction': nan, 'reference_family': 'TabPFN-3 / PriorLabs', 'runtime_seconds': 7.9224, 'seed': 0, 'self_training_iterations': nan, 'status': 'success', 'stopped_reason': nan, 'test_class_counts': '{DOWN:5215,UP:3848}', 'test_size': 9063, 'timestamp_utc': '2026-07-22T14:47:54.781304+00:00', 'train_labeled_size': 200, 'train_pool_class_counts': '{DOWN:20860,UP:15389}', 'unlabeled_class_counts': '{DOWN:20717,UP:15282}', 'val_class_counts': '{DOWN:29,UP:21}', 'val_size': 50, 'validation_strategy': 'stratified_labeled_val', 'warm_inference_seconds': 0.8355524898506701}",,False,0.8355524898506701
tabpfn3,/private/ofirlin-lab/suissad4/caches/tabpfn/tabpfn-v3-classifier-v3_default.ckpt,,,nogit:afd539c9e2f221fc,,12.4,electricity,gpu,False,,,3f9236be15390304,,ssl-tfm,"{'cuda_available': True, 'cuda_version': '12.4', 'env_name': None, 'env_prefix': '/private/ofirlin-lab/suissad4/envs/micromamba', 'gpu_count': 1, 'gpu_name': 'NVIDIA A100 80GB PCIe', 'hostname': 'dsiuriofir01', 'packages': {'catboost': '1.2.10', 'lightgbm': '4.7.0', 'numpy': '2.4.6', 'pandas': '3.0.3', 'scikit-learn': '1.9.0', 'tabicl': '2.1.1', 'tabpfn': '8.1.0', 'torch': '2.6.0+cu124', 'xgboost': None}, 'platform': 'Linux-5.14.0-687.15.1.el9_8.x86_64-x86_64-with-glibc2.34', 'python': '3.11.15 | packaged by conda-forge | (main, Jun 11 2026, 03:34:02) [GCC 14.3.0]', 'python_version': '3.11.15', 'torch_available': True, 'torch_version': '2.6.0+cu124'}",,,NVIDIA A100 80GB PCIe,dsiuriofir01,raw,,tabpfn3,{},44136fa355b3678a,tfm_frozen,official,0.7891426679907315,0.8298662284967606,0.7763148243014015,0.2927810677760285,0.01486316194037077,0.45201962685359165,0.7801598200192189,0.45201962685359165,0.8666965494146701,500,,False,,8.1.0,,inductive,Hollmann et al. TabPFN / TabPFN-3,electricity__tabpfn3__s0__n500__e23df535a52356e4,7.7202,0,99,18455218,v1_absolute_budget,success,True,2026-07-22T14:48:15.943694+00:00,"{'all_classes_present_in_labeled': True, 'backbone': 'tabpfn3', 'best_epoch': nan, 'best_val_loss': nan, 'checkpoint': '/private/ofirlin-lab/suissad4/caches/tabpfn/tabpfn-v3-classifier-v3_default.ckpt', 'cold_load_seconds': 0.852630979847163, 'dataset': 'electricity', 'dataset_id': 151, 'embedding_source': None, 'epochs_trained': nan, 'error_message': None, 'final_train_loss': nan, 'finetune_epochs_trained': nan, 'graph_n_neighbors_used': nan, 'graph_n_rows': nan, 'graph_n_unlabeled_used': nan, 'graph_retry_count': nan, 'input_view': 'raw', 'kv_cache': None, 'labeled_class_counts': '{DOWN:287,UP:213}', 'labeled_classes_present': 2, 'max_labeled_per_class': 287, 'max_selected_confidence': nan, 'mean_selected_confidence': nan, 'mean_selected_density': nan, 'method': 'tabpfn3', 'method_fidelity': 'official', 'metric_accuracy': 0.7891426679907315, 'metric_average_precision': 0.8298662284967606, 'metric_balanced_accuracy': 0.7763148243014015, 'metric_brier': 0.2927810677760285, 'metric_ece': 0.01486316194037077, 'metric_log_loss': 0.45201962685359165, 'metric_macro_f1': 0.7801598200192189, 'metric_nll': 0.45201962685359165, 'metric_roc_auc': 0.8666965494146701, 'min_labeled_per_class': 213, 'min_selected_confidence': nan, 'n_classes': 2, 'n_features_after_preprocessing': 14, 'n_features_before_preprocessing': 8, 'n_labeled': 500, 'n_pseudo_added_last_iter': nan, 'n_pseudo_added_total': nan, 'n_unlabeled': 35749, 'neural_method': nan, 'neural_validation_strategy': nan, 'package_version': '8.1.0', 'peak_gpu_memory_mb': 433.54541015625, 'pretrain_epochs_trained': nan, 'protocol': 'inductive', 'pseudo_label_class_distribution': nan, 'pseudo_label_fraction': nan, 'reference_family': 'TabPFN-3 / PriorLabs', 'runtime_seconds': 7.7202, 'seed': 0, 'self_training_iterations': nan, 'status': 'success', 'stopped_reason': nan, 'test_class_counts': '{DOWN:5215,UP:3848}', 'test_size': 9063, 'timestamp_utc': '2026-07-22T14:48:08.201273+00:00', 'train_labeled_size': 400, 'train_pool_class_counts': '{DOWN:20860,UP:15389}', 'unlabeled_class_counts': '{DOWN:20573,UP:15176}', 'val_class_counts': '{DOWN:57,UP:43}', 'val_size': 100, 'validation_strategy': 'stratified_labeled_val', 'warm_inference_seconds': 0.8424954242073}",,False,0.8424954242073
tabpfn3,/private/ofirlin-lab/suissad4/caches/tabpfn/tabpfn-v3-classifier-v3_default.ckpt,,,nogit:afd539c9e2f221fc,,12.4,electricity,gpu,False,,,3f9236be15390304,,ssl-tfm,"{'cuda_available': True, 'cuda_version': '12.4', 'env_name': None, 'env_prefix': '/private/ofirlin-lab/suissad4/envs/micromamba', 'gpu_count': 1, 'gpu_name': 'NVIDIA A100 80GB PCIe', 'hostname': 'dsiuriofir01', 'packages': {'catboost': '1.2.10', 'lightgbm': '4.7.0', 'numpy': '2.4.6', 'pandas': '3.0.3', 'scikit-learn': '1.9.0', 'tabicl': '2.1.1', 'tabpfn': '8.1.0', 'torch': '2.6.0+cu124', 'xgboost': None}, 'platform': 'Linux-5.14.0-687.15.1.el9_8.x86_64-x86_64-with-glibc2.34', 'python': '3.11.15 | packaged by conda-forge | (main, Jun 11 2026, 03:34:02) [GCC 14.3.0]', 'python_version': '3.11.15', 'torch_available': True, 'torch_version': '2.6.0+cu124'}",,,NVIDIA A100 80GB PCIe,dsiuriofir01,raw,,tabpfn3,{},44136fa355b3678a,tfm_frozen,official,0.727683989848836,0.7605719801195087,0.71013854864526,0.3654127021241143,0.04687989862095326,0.5462008522545164,0.7133746120319011,0.5462008522545164,0.7891282443295866,50,,False,,8.1.0,,inductive,Hollmann et al. TabPFN / TabPFN-3,electricity__tabpfn3__s0__n50__35c883385f3c7572,12.5254,0,96,18455215,v1_absolute_budget,success,True,2026-07-22T14:47:49.266961+00:00,"{'all_classes_present_in_labeled': True, 'backbone': 'tabpfn3', 'best_epoch': nan, 'best_val_loss': nan, 'checkpoint': '/private/ofirlin-lab/suissad4/caches/tabpfn/tabpfn-v3-classifier-v3_default.ckpt', 'cold_load_seconds': 1.0074634049087763, 'dataset': 'electricity', 'dataset_id': 151, 'embedding_source': None, 'epochs_trained': nan, 'error_message': None, 'final_train_loss': nan, 'finetune_epochs_trained': nan, 'graph_n_neighbors_used': nan, 'graph_n_rows': nan, 'graph_n_unlabeled_used': nan, 'graph_retry_count': nan, 'input_view': 'raw', 'kv_cache': None, 'labeled_class_counts': '{DOWN:28,UP:22}', 'labeled_classes_present': 2, 'max_labeled_per_class': 28, 'max_selected_confidence': nan, 'mean_selected_confidence': nan, 'mean_selected_density': nan, 'method': 'tabpfn3', 'method_fidelity': 'official', 'metric_accuracy': 0.727683989848836, 'metric_average_precision': 0.7605719801195087, 'metric_balanced_accuracy': 0.71013854864526, 'metric_brier': 0.3654127021241143, 'metric_ece': 0.04687989862095326, 'metric_log_loss': 0.5462008522545164, 'metric_macro_f1': 0.7133746120319011, 'metric_nll': 0.5462008522545164, 'metric_roc_auc': 0.7891282443295866, 'min_labeled_per_class': 22, 'min_selected_confidence': nan, 'n_classes': 2, 'n_features_after_preprocessing': 14, 'n_features_before_preprocessing': 8, 'n_labeled': 50, 'n_pseudo_added_last_iter': nan, 'n_pseudo_added_total': nan, 'n_unlabeled': 36199, 'neural_method': nan, 'neural_validation_strategy': nan, 'package_version': '8.1.0', 'peak_gpu_memory_mb': 427.00244140625, 'pretrain_epochs_trained': nan, 'protocol': 'inductive', 'pseudo_label_class_distribution': nan, 'pseudo_label_fraction': nan, 'reference_family': 'TabPFN-3 / PriorLabs', 'runtime_seconds': 12.5254, 'seed': 0, 'self_training_iterations': nan, 'status': 'success', 'stopped_reason': nan, 'test_class_counts': '{DOWN:5215,UP:3848}', 'test_size': 9063, 'timestamp_utc': '2026-07-22T14:47:36.712704+00:00', 'train_labeled_size': 40, 'train_pool_class_counts': '{DOWN:20860,UP:15389}', 'unlabeled_class_counts': '{DOWN:20832,UP:15367}', 'val_class_counts': '{DOWN:6,UP:4}', 'val_size': 10, 'validation_strategy': 'stratified_labeled_val', 'warm_inference_seconds': 1.002165722195059}",,False,1.002165722195059
tabpfn3,/private/ofirlin-lab/suissad4/caches/tabpfn/tabpfn-v3-classifier-v3_default.ckpt,,,nogit:afd539c9e2f221fc,,12.4,electricity,gpu,False,,,3f9236be15390304,,ssl-tfm,"{'cuda_available': True, 'cuda_version': '12.4', 'env_name': None, 'env_prefix': '/private/ofirlin-lab/suissad4/envs/micromamba', 'gpu_count': 1, 'gpu_name': 'NVIDIA A100 80GB PCIe', 'hostname': 'dsiuriofir01', 'packages': {'catboost': '1.2.10', 'lightgbm': '4.7.0', 'numpy': '2.4.6', 'pandas': '3.0.3', 'scikit-learn': '1.9.0', 'tabicl': '2.1.1', 'tabpfn': '8.1.0', 'torch': '2.6.0+cu124', 'xgboost': None}, 'platform': 'Linux-5.14.0-687.15.1.el9_8.x86_64-x86_64-with-glibc2.34', 'python': '3.11.15 | packaged by conda-forge | (main, Jun 11 2026, 03:34:02) [GCC 14.3.0]', 'python_version': '3.11.15', 'torch_available': True, 'torch_version': '2.6.0+cu124'}",,,NVIDIA A100 80GB PCIe,dsiuriofir01,raw,,tabpfn3,{},44136fa355b3678a,tfm_frozen,official,0.7487586891757696,0.7754735980429943,0.7397591457155215,0.35635152629439293,0.05481215866388427,0.5557401634030203,0.7411684279291926,0.5557401634030203,0.8039308686959693,100,,False,,8.1.0,,inductive,Hollmann et al. TabPFN / TabPFN-3,electricity__tabpfn3__s1__n100__6e65f88a8bd2c421,7.5508,1,101,18455220,v1_absolute_budget,success,True,2026-07-22T14:48:27.427056+00:00,"{'all_classes_present_in_labeled': True, 'backbone': 'tabpfn3', 'best_epoch': nan, 'best_val_loss': nan, 'checkpoint': '/private/ofirlin-lab/suissad4/caches/tabpfn/tabpfn-v3-classifier-v3_default.ckpt', 'cold_load_seconds': 0.9485718361102045, 'dataset': 'electricity', 'dataset_id': 151, 'embedding_source': None, 'epochs_trained': nan, 'error_message': None, 'final_train_loss': nan, 'finetune_epochs_trained': nan, 'graph_n_neighbors_used': nan, 'graph_n_rows': nan, 'graph_n_unlabeled_used': nan, 'graph_retry_count': nan, 'input_view': 'raw', 'kv_cache': None, 'labeled_class_counts': '{DOWN:57,UP:43}', 'labeled_classes_present': 2, 'max_labeled_per_class': 57, 'max_selected_confidence': nan, 'mean_selected_confidence': nan, 'mean_selected_density': nan, 'method': 'tabpfn3', 'method_fidelity': 'official', 'metric_accuracy': 0.7487586891757696, 'metric_average_precision': 0.7754735980429943, 'metric_balanced_accuracy': 0.7397591457155215, 'metric_brier': 0.35635152629439293, 'metric_ece': 0.05481215866388427, 'metric_log_loss': 0.5557401634030203, 'metric_macro_f1': 0.7411684279291926, 'metric_nll': 0.5557401634030203, 'metric_roc_auc': 0.8039308686959693, 'min_labeled_per_class': 43, 'min_selected_confidence': nan, 'n_classes': 2, 'n_features_after_preprocessing': 14, 'n_features_before_preprocessing': 8, 'n_labeled': 100, 'n_pseudo_added_last_iter': nan, 'n_pseudo_added_total': nan, 'n_unlabeled': 36149, 'neural_method': nan, 'neural_validation_strategy': nan, 'package_version': '8.1.0', 'peak_gpu_memory_mb': 427.67529296875, 'pretrain_epochs_trained': nan, 'protocol': 'inductive', 'pseudo_label_class_distribution': nan, 'pseudo_label_fraction': nan, 'reference_family': 'TabPFN-3 / PriorLabs', 'runtime_seconds': 7.5508, 'seed': 1, 'self_training_iterations': nan, 'status': 'success', 'stopped_reason': nan, 'test_class_counts': '{DOWN:5215,UP:3848}', 'test_size': 9063, 'timestamp_utc': '2026-07-22T14:48:19.853817+00:00', 'train_labeled_size': 80, 'train_pool_class_counts': '{DOWN:20860,UP:15389}', 'unlabeled_class_counts': '{DOWN:20803,UP:15346}', 'val_class_counts': '{DOWN:11,UP:9}', 'val_size': 20, 'validation_strategy': 'stratified_labeled_val', 'warm_inference_seconds': 0.8332725721411407}",,False,0.8332725721411407
tabpfn3,/private/ofirlin-lab/suissad4/caches/tabpfn/tabpfn-v3-classifier-v3_default.ckpt,,,nogit:afd539c9e2f221fc,,12.4,electricity,gpu,False,,,3f9236be15390304,,ssl-tfm,"{'cuda_available': True, 'cuda_version': '12.4', 'env_name': None, 'env_prefix': '/private/ofirlin-lab/suissad4/envs/micromamba', 'gpu_count': 1, 'gpu_name': 'NVIDIA A100 80GB PCIe', 'hostname': 'dsiuriofir01', 'packages': {'catboost': '1.2.10', 'lightgbm': '4.7.0', 'numpy': '2.4.6', 'pandas': '3.0.3', 'scikit-learn': '1.9.0', 'tabicl': '2.1.1', 'tabpfn': '8.1.0', 'torch': '2.6.0+cu124', 'xgboost': None}, 'platform': 'Linux-5.14.0-687.15.1.el9_8.x86_64-x86_64-with-glibc2.34', 'python': '3.11.15 | packaged by conda-forge | (main, Jun 11 2026, 03:34:02) [GCC 14.3.0]', 'python_version': '3.11.15', 'torch_available': True, 'torch_version': '2.6.0+cu124'}",,,NVIDIA A100 80GB PCIe,dsiuriofir01,raw,,tabpfn3,{},44136fa355b3678a,tfm_frozen,official,0.7646474677259185,0.8042290791881344,0.7507044039762161,0.3205650356990436,0.023092367996081484,0.49124566486378396,0.7542521546181924,0.49124566486378396,0.8404742137963613,250,,False,,8.1.0,,inductive,Hollmann et al. TabPFN / TabPFN-3,electricity__tabpfn3__s1__n250__50fd2fdb2ff8180d,7.5552,1,102,18455221,v1_absolute_budget,success,True,2026-07-22T14:48:27.427194+00:00,"{'all_classes_present_in_labeled': True, 'backbone': 'tabpfn3', 'best_epoch': nan, 'best_val_loss': nan, 'checkpoint': '/private/ofirlin-lab/suissad4/caches/tabpfn/tabpfn-v3-classifier-v3_default.ckpt', 'cold_load_seconds': 0.9495703428983688, 'dataset': 'electricity', 'dataset_id': 151, 'embedding_source': None, 'epochs_trained': nan, 'error_message': None, 'final_train_loss': nan, 'finetune_epochs_trained': nan, 'graph_n_neighbors_used': nan, 'graph_n_rows': nan, 'graph_n_unlabeled_used': nan, 'graph_retry_count': nan, 'input_view': 'raw', 'kv_cache': None, 'labeled_class_counts': '{DOWN:143,UP:107}', 'labeled_classes_present': 2, 'max_labeled_per_class': 143, 'max_selected_confidence': nan, 'mean_selected_confidence': nan, 'mean_selected_density': nan, 'method': 'tabpfn3', 'method_fidelity': 'official', 'metric_accuracy': 0.7646474677259185, 'metric_average_precision': 0.8042290791881344, 'metric_balanced_accuracy': 0.7507044039762161, 'metric_brier': 0.3205650356990436, 'metric_ece': 0.023092367996081484, 'metric_log_loss': 0.49124566486378396, 'metric_macro_f1': 0.7542521546181924, 'metric_nll': 0.49124566486378396, 'metric_roc_auc': 0.8404742137963613, 'min_labeled_per_class': 107, 'min_selected_confidence': nan, 'n_classes': 2, 'n_features_after_preprocessing': 14, 'n_features_before_preprocessing': 8, 'n_labeled': 250, 'n_pseudo_added_last_iter': nan, 'n_pseudo_added_total': nan, 'n_unlabeled': 35999, 'neural_method': nan, 'neural_validation_strategy': nan, 'package_version': '8.1.0', 'peak_gpu_memory_mb': 429.78759765625, 'pretrain_epochs_trained': nan, 'protocol': 'inductive', 'pseudo_label_class_distribution': nan, 'pseudo_label_fraction': nan, 'reference_family': 'TabPFN-3 / PriorLabs', 'runtime_seconds': 7.5552, 'seed': 1, 'self_training_iterations': nan, 'status': 'success', 'stopped_reason': nan, 'test_class_counts': '{DOWN:5215,UP:3848}', 'test_size': 9063, 'timestamp_utc': '2026-07-22T14:48:19.851439+00:00', 'train_labeled_size': 200, 'train_pool_class_counts': '{DOWN:20860,UP:15389}', 'unlabeled_class_counts': '{DOWN:20717,UP:15282}', 'val_class_counts': '{DOWN:29,UP:21}', 'val_size': 50, 'validation_strategy': 'stratified_labeled_val', 'warm_inference_seconds': 0.8348893751390278}",,False,0.8348893751390278
tabpfn3,/private/ofirlin-lab/suissad4/caches/tabpfn/tabpfn-v3-classifier-v3_default.ckpt,,,nogit:afd539c9e2f221fc,,12.4,electricity,gpu,False,,,3f9236be15390304,,ssl-tfm,"{'cuda_available': True, 'cuda_version': '12.4', 'env_name': None, 'env_prefix': '/private/ofirlin-lab/suissad4/envs/micromamba', 'gpu_count': 1, 'gpu_name': 'NVIDIA A100 80GB PCIe', 'hostname': 'dsiuriofir01', 'packages': {'catboost': '1.2.10', 'lightgbm': '4.7.0', 'numpy': '2.4.6', 'pandas': '3.0.3', 'scikit-learn': '1.9.0', 'tabicl': '2.1.1', 'tabpfn': '8.1.0', 'torch': '2.6.0+cu124', 'xgboost': None}, 'platform': 'Linux-5.14.0-687.15.1.el9_8.x86_64-x86_64-with-glibc2.34', 'python': '3.11.15 | packaged by conda-forge | (main, Jun 11 2026, 03:34:02) [GCC 14.3.0]', 'python_version': '3.11.15', 'torch_available': True, 'torch_version': '2.6.0+cu124'}",,,NVIDIA A100 80GB PCIe,dsiuriofir01,raw,,tabpfn3,{},44136fa355b3678a,tfm_frozen,official,0.7835153922542205,0.8284545150316627,0.7685980738833088,0.3017820265148728,0.019753347894984563,0.46428240359540307,0.7730408351751359,0.46428240359540307,0.8552520964433716,500,,False,,8.1.0,,inductive,Hollmann et al. TabPFN / TabPFN-3,electricity__tabpfn3__s1__n500__b82db9d510d3e002,7.0624,1,103,18455222,v1_absolute_budget,success,True,2026-07-22T14:48:39.056347+00:00,"{'all_classes_present_in_labeled': True, 'backbone': 'tabpfn3', 'best_epoch': nan, 'best_val_loss': nan, 'checkpoint': '/private/ofirlin-lab/suissad4/caches/tabpfn/tabpfn-v3-classifier-v3_default.ckpt', 'cold_load_seconds': 0.8598407851532102, 'dataset': 'electricity', 'dataset_id': 151, 'embedding_source': None, 'epochs_trained': nan, 'error_message': None, 'final_train_loss': nan, 'finetune_epochs_trained': nan, 'graph_n_neighbors_used': nan, 'graph_n_rows': nan, 'graph_n_unlabeled_used': nan, 'graph_retry_count': nan, 'input_view': 'raw', 'kv_cache': None, 'labeled_class_counts': '{DOWN:287,UP:213}', 'labeled_classes_present': 2, 'max_labeled_per_class': 287, 'max_selected_confidence': nan, 'mean_selected_confidence': nan, 'mean_selected_density': nan, 'method': 'tabpfn3', 'method_fidelity': 'official', 'metric_accuracy': 0.7835153922542205, 'metric_average_precision': 0.8284545150316627, 'metric_balanced_accuracy': 0.7685980738833088, 'metric_brier': 0.3017820265148728, 'metric_ece': 0.019753347894984563, 'metric_log_loss': 0.46428240359540307, 'metric_macro_f1': 0.7730408351751359, 'metric_nll': 0.46428240359540307, 'metric_roc_auc': 0.8552520964433716, 'min_labeled_per_class': 213, 'min_selected_confidence': nan, 'n_classes': 2, 'n_features_after_preprocessing': 14, 'n_features_before_preprocessing': 8, 'n_labeled': 500, 'n_pseudo_added_last_iter': nan, 'n_pseudo_added_total': nan, 'n_unlabeled': 35749, 'neural_method': nan, 'neural_validation_strategy': nan, 'package_version': '8.1.0', 'peak_gpu_memory_mb': 433.54541015625, 'pretrain_epochs_trained': nan, 'protocol': 'inductive', 'pseudo_label_class_distribution': nan, 'pseudo_label_fraction': nan, 'reference_family': 'TabPFN-3 / PriorLabs', 'runtime_seconds': 7.0624, 'seed': 1, 'self_training_iterations': nan, 'status': 'success', 'stopped_reason': nan, 'test_class_counts': '{DOWN:5215,UP:3848}', 'test_size': 9063, 'timestamp_utc': '2026-07-22T14:48:31.972591+00:00', 'train_labeled_size': 400, 'train_pool_class_counts': '{DOWN:20860,UP:15389}', 'unlabeled_class_counts': '{DOWN:20573,UP:15176}', 'val_class_counts': '{DOWN:57,UP:43}', 'val_size': 100, 'validation_strategy': 'stratified_labeled_val', 'warm_inference_seconds': 0.8370262780226767}",,False,0.8370262780226767
tabpfn3,/private/ofirlin-lab/suissad4/caches/tabpfn/tabpfn-v3-classifier-v3_default.ckpt,,,nogit:afd539c9e2f221fc,,12.4,electricity,gpu,False,,,3f9236be15390304,,ssl-tfm,"{'cuda_available': True, 'cuda_version': '12.4', 'env_name': None, 'env_prefix': '/private/ofirlin-lab/suissad4/envs/micromamba', 'gpu_count': 1, 'gpu_name': 'NVIDIA A100 80GB PCIe', 'hostname': 'dsiuriofir01', 'packages': {'catboost': '1.2.10', 'lightgbm': '4.7.0', 'numpy': '2.4.6', 'pandas': '3.0.3', 'scikit-learn': '1.9.0', 'tabicl': '2.1.1', 'tabpfn': '8.1.0', 'torch': '2.6.0+cu124', 'xgboost': None}, 'platform': 'Linux-5.14.0-687.15.1.el9_8.x86_64-x86_64-with-glibc2.34', 'python': '3.11.15 | packaged by conda-forge | (main, Jun 11 2026, 03:34:02) [GCC 14.3.0]', 'python_version': '3.11.15', 'torch_available': True, 'torch_version': '2.6.0+cu124'}",,,NVIDIA A100 80GB PCIe,dsiuriofir01,raw,,tabpfn3,{},44136fa355b3678a,tfm_frozen,official,0.702637095884365,0.7546818818880158,0.6991715386010688,0.41556158543666016,0.08555437782480983,0.6314077213635687,0.6976497167915363,0.6314077213635687,0.7608884494790534,50,,False,,8.1.0,,inductive,Hollmann et al. TabPFN / TabPFN-3,electricity__tabpfn3__s1__n50__5ea8c2605335d5b1,7.7283,1,100,18455219,v1_absolute_budget,success,True,2026-07-22T14:48:15.948592+00:00,"{'all_classes_present_in_labeled': True, 'backbone': 'tabpfn3', 'best_epoch': nan, 'best_val_loss': nan, 'checkpoint': '/private/ofirlin-lab/suissad4/caches/tabpfn/tabpfn-v3-classifier-v3_default.ckpt', 'cold_load_seconds': 0.8576275492087007, 'dataset': 'electricity', 'dataset_id': 151, 'embedding_source': None, 'epochs_trained': nan, 'error_message': None, 'final_train_loss': nan, 'finetune_epochs_trained': nan, 'graph_n_neighbors_used': nan, 'graph_n_rows': nan, 'graph_n_unlabeled_used': nan, 'graph_retry_count': nan, 'input_view': 'raw', 'kv_cache': None, 'labeled_class_counts': '{DOWN:28,UP:22}', 'labeled_classes_present': 2, 'max_labeled_per_class': 28, 'max_selected_confidence': nan, 'mean_selected_confidence': nan, 'mean_selected_density': nan, 'method': 'tabpfn3', 'method_fidelity': 'official', 'metric_accuracy': 0.702637095884365, 'metric_average_precision': 0.7546818818880158, 'metric_balanced_accuracy': 0.6991715386010688, 'metric_brier': 0.41556158543666016, 'metric_ece': 0.08555437782480983, 'metric_log_loss': 0.6314077213635687, 'metric_macro_f1': 0.6976497167915363, 'metric_nll': 0.6314077213635687, 'metric_roc_auc': 0.7608884494790534, 'min_labeled_per_class': 22, 'min_selected_confidence': nan, 'n_classes': 2, 'n_features_after_preprocessing': 14, 'n_features_before_preprocessing': 8, 'n_labeled': 50, 'n_pseudo_added_last_iter': nan, 'n_pseudo_added_total': nan, 'n_unlabeled': 36199, 'neural_method': nan, 'neural_validation_strategy': nan, 'package_version': '8.1.0', 'peak_gpu_memory_mb': 427.00244140625, 'pretrain_epochs_trained': nan, 'protocol': 'inductive', 'pseudo_label_class_distribution': nan, 'pseudo_label_fraction': nan, 'reference_family': 'TabPFN-3 / PriorLabs', 'runtime_seconds': 7.7283, 'seed': 1, 'self_training_iterations': nan, 'status': 'success', 'stopped_reason': nan, 'test_class_counts': '{DOWN:5215,UP:3848}', 'test_size': 9063, 'timestamp_utc': '2026-07-22T14:48:08.200776+00:00', 'train_labeled_size': 40, 'train_pool_class_counts': '{DOWN:20860,UP:15389}', 'unlabeled_class_counts': '{DOWN:20832,UP:15367}', 'val_class_counts': '{DOWN:6,UP:4}', 'val_size': 10, 'validation_strategy': 'stratified_labeled_val', 'warm_inference_seconds': 0.8480547931976616}",,False,0.8480547931976616
tabpfn3,/private/ofirlin-lab/suissad4/caches/tabpfn/tabpfn-v3-classifier-v3_default.ckpt,,,nogit:afd539c9e2f221fc,,12.4,electricity,gpu,False,,,3f9236be15390304,,ssl-tfm,"{'cuda_available': True, 'cuda_version': '12.4', 'env_name': None, 'env_prefix': '/private/ofirlin-lab/suissad4/envs/micromamba', 'gpu_count': 1, 'gpu_name': 'NVIDIA A100 80GB PCIe', 'hostname': 'dsiuriofir01', 'packages': {'catboost': '1.2.10', 'lightgbm': '4.7.0', 'numpy': '2.4.6', 'pandas': '3.0.3', 'scikit-learn': '1.9.0', 'tabicl': '2.1.1', 'tabpfn': '8.1.0', 'torch': '2.6.0+cu124', 'xgboost': None}, 'platform': 'Linux-5.14.0-687.15.1.el9_8.x86_64-x86_64-with-glibc2.34', 'python': '3.11.15 | packaged by conda-forge | (main, Jun 11 2026, 03:34:02) [GCC 14.3.0]', 'python_version': '3.11.15', 'torch_available': True, 'torch_version': '2.6.0+cu124'}",,,NVIDIA A100 80GB PCIe,dsiuriofir01,raw,,tabpfn3,{},44136fa355b3678a,tfm_frozen,official,0.7352973629041156,0.7834971694507195,0.7243154790973583,0.34849100356495166,0.06087619138330495,0.5238296998174716,0.72622289745591,0.5238296998174716,0.8176266188011154,100,,False,,8.1.0,,inductive,Hollmann et al. TabPFN / TabPFN-3,electricity__tabpfn3__s2__n100__427d17ddfdd81f2c,7.6122,2,105,18455224,v1_absolute_budget,success,True,2026-07-22T14:48:51.567467+00:00,"{'all_classes_present_in_labeled': True, 'backbone': 'tabpfn3', 'best_epoch': nan, 'best_val_loss': nan, 'checkpoint': '/private/ofirlin-lab/suissad4/caches/tabpfn/tabpfn-v3-classifier-v3_default.ckpt', 'cold_load_seconds': 0.8524429998360574, 'dataset': 'electricity', 'dataset_id': 151, 'embedding_source': None, 'epochs_trained': nan, 'error_message': None, 'final_train_loss': nan, 'finetune_epochs_trained': nan, 'graph_n_neighbors_used': nan, 'graph_n_rows': nan, 'graph_n_unlabeled_used': nan, 'graph_retry_count': nan, 'input_view': 'raw', 'kv_cache': None, 'labeled_class_counts': '{DOWN:57,UP:43}', 'labeled_classes_present': 2, 'max_labeled_per_class': 57, 'max_selected_confidence': nan, 'mean_selected_confidence': nan, 'mean_selected_density': nan, 'method': 'tabpfn3', 'method_fidelity': 'official', 'metric_accuracy': 0.7352973629041156, 'metric_average_precision': 0.7834971694507195, 'metric_balanced_accuracy': 0.7243154790973583, 'metric_brier': 0.34849100356495166, 'metric_ece': 0.06087619138330495, 'metric_log_loss': 0.5238296998174716, 'metric_macro_f1': 0.72622289745591, 'metric_nll': 0.5238296998174716, 'metric_roc_auc': 0.8176266188011154, 'min_labeled_per_class': 43, 'min_selected_confidence': nan, 'n_classes': 2, 'n_features_after_preprocessing': 14, 'n_features_before_preprocessing': 8, 'n_labeled': 100, 'n_pseudo_added_last_iter': nan, 'n_pseudo_added_total': nan, 'n_unlabeled': 36149, 'neural_method': nan, 'neural_validation_strategy': nan, 'package_version': '8.1.0', 'peak_gpu_memory_mb': 427.67529296875, 'pretrain_epochs_trained': nan, 'protocol': 'inductive', 'pseudo_label_class_distribution': nan, 'pseudo_label_fraction': nan, 'reference_family': 'TabPFN-3 / PriorLabs', 'runtime_seconds': 7.6122, 'seed': 2, 'self_training_iterations': nan, 'status': 'success', 'stopped_reason': nan, 'test_class_counts': '{DOWN:5215,UP:3848}', 'test_size': 9063, 'timestamp_utc': '2026-07-22T14:48:43.933877+00:00', 'train_labeled_size': 80, 'train_pool_class_counts': '{DOWN:20860,UP:15389}', 'unlabeled_class_counts': '{DOWN:20803,UP:15346}', 'val_class_counts': '{DOWN:11,UP:9}', 'val_size': 20, 'validation_strategy': 'stratified_labeled_val', 'warm_inference_seconds': 0.8226994317956269}",,False,0.8226994317956269
tabpfn3,/private/ofirlin-lab/suissad4/caches/tabpfn/tabpfn-v3-classifier-v3_default.ckpt,,,nogit:afd539c9e2f221fc,,12.4,electricity,gpu,False,,,3f9236be15390304,,ssl-tfm,"{'cuda_available': True, 'cuda_version': '12.4', 'env_name': None, 'env_prefix': '/private/ofirlin-lab/suissad4/envs/micromamba', 'gpu_count': 1, 'gpu_name': 'NVIDIA A100 80GB PCIe', 'hostname': 'dsiuriofir01', 'packages': {'catboost': '1.2.10', 'lightgbm': '4.7.0', 'numpy': '2.4.6', 'pandas': '3.0.3', 'scikit-learn': '1.9.0', 'tabicl': '2.1.1', 'tabpfn': '8.1.0', 'torch': '2.6.0+cu124', 'xgboost': None}, 'platform': 'Linux-5.14.0-687.15.1.el9_8.x86_64-x86_64-with-glibc2.34', 'python': '3.11.15 | packaged by conda-forge | (main, Jun 11 2026, 03:34:02) [GCC 14.3.0]', 'python_version': '3.11.15', 'torch_available': True, 'torch_version': '2.6.0+cu124'}",,,NVIDIA A100 80GB PCIe,dsiuriofir01,raw,,tabpfn3,{},44136fa355b3678a,tfm_frozen,official,0.7591305307293391,0.7955856656014458,0.741857358132526,0.3246287171593884,0.027501554009182697,0.4982178209119909,0.7461154449601176,0.4982178209119909,0.837354514703508,250,,False,,8.1.0,,inductive,Hollmann et al. TabPFN / TabPFN-3,electricity__tabpfn3__s2__n250__2bb772d211ee432b,7.5901,2,106,18455225,v1_absolute_budget,success,True,2026-07-22T14:48:51.547172+00:00,"{'all_classes_present_in_labeled': True, 'backbone': 'tabpfn3', 'best_epoch': nan, 'best_val_loss': nan, 'checkpoint': '/private/ofirlin-lab/suissad4/caches/tabpfn/tabpfn-v3-classifier-v3_default.ckpt', 'cold_load_seconds': 0.8446001950651407, 'dataset': 'electricity', 'dataset_id': 151, 'embedding_source': None, 'epochs_trained': nan, 'error_message': None, 'final_train_loss': nan, 'finetune_epochs_trained': nan, 'graph_n_neighbors_used': nan, 'graph_n_rows': nan, 'graph_n_unlabeled_used': nan, 'graph_retry_count': nan, 'input_view': 'raw', 'kv_cache': None, 'labeled_class_counts': '{DOWN:143,UP:107}', 'labeled_classes_present': 2, 'max_labeled_per_class': 143, 'max_selected_confidence': nan, 'mean_selected_confidence': nan, 'mean_selected_density': nan, 'method': 'tabpfn3', 'method_fidelity': 'official', 'metric_accuracy': 0.7591305307293391, 'metric_average_precision': 0.7955856656014458, 'metric_balanced_accuracy': 0.741857358132526, 'metric_brier': 0.3246287171593884, 'metric_ece': 0.027501554009182697, 'metric_log_loss': 0.4982178209119909, 'metric_macro_f1': 0.7461154449601176, 'metric_nll': 0.4982178209119909, 'metric_roc_auc': 0.837354514703508, 'min_labeled_per_class': 107, 'min_selected_confidence': nan, 'n_classes': 2, 'n_features_after_preprocessing': 14, 'n_features_before_preprocessing': 8, 'n_labeled': 250, 'n_pseudo_added_last_iter': nan, 'n_pseudo_added_total': nan, 'n_unlabeled': 35999, 'neural_method': nan, 'neural_validation_strategy': nan, 'package_version': '8.1.0', 'peak_gpu_memory_mb': 429.78759765625, 'pretrain_epochs_trained': nan, 'protocol': 'inductive', 'pseudo_label_class_distribution': nan, 'pseudo_label_fraction': nan, 'reference_family': 'TabPFN-3 / PriorLabs', 'runtime_seconds': 7.5901, 'seed': 2, 'self_training_iterations': nan, 'status': 'success', 'stopped_reason': nan, 'test_class_counts': '{DOWN:5215,UP:3848}', 'test_size': 9063, 'timestamp_utc': '2026-07-22T14:48:43.933192+00:00', 'train_labeled_size': 200, 'train_pool_class_counts': '{DOWN:20860,UP:15389}', 'unlabeled_class_counts': '{DOWN:20717,UP:15282}', 'val_class_counts': '{DOWN:29,UP:21}', 'val_size': 50, 'validation_strategy': 'stratified_labeled_val', 'warm_inference_seconds': 0.827818064019084}",,False,0.827818064019084
tabpfn3,/private/ofirlin-lab/suissad4/caches/tabpfn/tabpfn-v3-classifier-v3_default.ckpt,,,nogit:afd539c9e2f221fc,,12.4,electricity,gpu,False,,,3f9236be15390304,,ssl-tfm,"{'cuda_available': True, 'cuda_version': '12.4', 'env_name': None, 'env_prefix': '/private/ofirlin-lab/suissad4/envs/micromamba', 'gpu_count': 1, 'gpu_name': 'NVIDIA A100 80GB PCIe', 'hostname': 'dsiuriofir01', 'packages': {'catboost': '1.2.10', 'lightgbm': '4.7.0', 'numpy': '2.4.6', 'pandas': '3.0.3', 'scikit-learn': '1.9.0', 'tabicl': '2.1.1', 'tabpfn': '8.1.0', 'torch': '2.6.0+cu124', 'xgboost': None}, 'platform': 'Linux-5.14.0-687.15.1.el9_8.x86_64-x86_64-with-glibc2.34', 'python': '3.11.15 | packaged by conda-forge | (main, Jun 11 2026, 03:34:02) [GCC 14.3.0]', 'python_version': '3.11.15', 'torch_available': True, 'torch_version': '2.6.0+cu124'}",,,NVIDIA A100 80GB PCIe,dsiuriofir01,raw,,tabpfn3,{},44136fa355b3678a,tfm_frozen,official,0.7751296480194196,0.822318929199518,0.7603577109449593,0.30282810512064195,0.01067232712169305,0.46022421785344575,0.764482259657169,0.46022421785344575,0.8582491832491832,500,,False,,8.1.0,,inductive,Hollmann et al. TabPFN / TabPFN-3,electricity__tabpfn3__s2__n500__a06e638f6f8e553f,7.3229,2,107,18455226,v1_absolute_budget,success,True,2026-07-22T14:49:03.599314+00:00,"{'all_classes_present_in_labeled': True, 'backbone': 'tabpfn3', 'best_epoch': nan, 'best_val_loss': nan, 'checkpoint': '/private/ofirlin-lab/suissad4/caches/tabpfn/tabpfn-v3-classifier-v3_default.ckpt', 'cold_load_seconds': 0.9562248573638499, 'dataset': 'electricity', 'dataset_id': 151, 'embedding_source': None, 'epochs_trained': nan, 'error_message': None, 'final_train_loss': nan, 'finetune_epochs_trained': nan, 'graph_n_neighbors_used': nan, 'graph_n_rows': nan, 'graph_n_unlabeled_used': nan, 'graph_retry_count': nan, 'input_view': 'raw', 'kv_cache': None, 'labeled_class_counts': '{DOWN:287,UP:213}', 'labeled_classes_present': 2, 'max_labeled_per_class': 287, 'max_selected_confidence': nan, 'mean_selected_confidence': nan, 'mean_selected_density': nan, 'method': 'tabpfn3', 'method_fidelity': 'official', 'metric_accuracy': 0.7751296480194196, 'metric_average_precision': 0.822318929199518, 'metric_balanced_accuracy': 0.7603577109449593, 'metric_brier': 0.30282810512064195, 'metric_ece': 0.01067232712169305, 'metric_log_loss': 0.46022421785344575, 'metric_macro_f1': 0.764482259657169, 'metric_nll': 0.46022421785344575, 'metric_roc_auc': 0.8582491832491832, 'min_labeled_per_class': 213, 'min_selected_confidence': nan, 'n_classes': 2, 'n_features_after_preprocessing': 14, 'n_features_before_preprocessing': 8, 'n_labeled': 500, 'n_pseudo_added_last_iter': nan, 'n_pseudo_added_total': nan, 'n_unlabeled': 35749, 'neural_method': nan, 'neural_validation_strategy': nan, 'package_version': '8.1.0', 'peak_gpu_memory_mb': 433.54541015625, 'pretrain_epochs_trained': nan, 'protocol': 'inductive', 'pseudo_label_class_distribution': nan, 'pseudo_label_fraction': nan, 'reference_family': 'TabPFN-3 / PriorLabs', 'runtime_seconds': 7.3229, 'seed': 2, 'self_training_iterations': nan, 'status': 'success', 'stopped_reason': nan, 'test_class_counts': '{DOWN:5215,UP:3848}', 'test_size': 9063, 'timestamp_utc': '2026-07-22T14:48:56.256868+00:00', 'train_labeled_size': 400, 'train_pool_class_counts': '{DOWN:20860,UP:15389}', 'unlabeled_class_counts': '{DOWN:20573,UP:15176}', 'val_class_counts': '{DOWN:57,UP:43}', 'val_size': 100, 'validation_strategy': 'stratified_labeled_val', 'warm_inference_seconds': 0.8499302370473742}",,False,0.8499302370473742
tabpfn3,/private/ofirlin-lab/suissad4/caches/tabpfn/tabpfn-v3-classifier-v3_default.ckpt,,,nogit:afd539c9e2f221fc,,12.4,electricity,gpu,False,,,3f9236be15390304,,ssl-tfm,"{'cuda_available': True, 'cuda_version': '12.4', 'env_name': None, 'env_prefix': '/private/ofirlin-lab/suissad4/envs/micromamba', 'gpu_count': 1, 'gpu_name': 'NVIDIA A100 80GB PCIe', 'hostname': 'dsiuriofir01', 'packages': {'catboost': '1.2.10', 'lightgbm': '4.7.0', 'numpy': '2.4.6', 'pandas': '3.0.3', 'scikit-learn': '1.9.0', 'tabicl': '2.1.1', 'tabpfn': '8.1.0', 'torch': '2.6.0+cu124', 'xgboost': None}, 'platform': 'Linux-5.14.0-687.15.1.el9_8.x86_64-x86_64-with-glibc2.34', 'python': '3.11.15 | packaged by conda-forge | (main, Jun 11 2026, 03:34:02) [GCC 14.3.0]', 'python_version': '3.11.15', 'torch_available': True, 'torch_version': '2.6.0+cu124'}",,,NVIDIA A100 80GB PCIe,dsiuriofir01,raw,,tabpfn3,{},44136fa355b3678a,tfm_frozen,official,0.7288977159880834,0.7757270961960755,0.7236933481899925,0.36344806609597075,0.07200751234724041,0.5458770231283913,0.7231846642765201,0.5458770231283913,0.8099004251688815,50,,False,,8.1.0,,inductive,Hollmann et al. TabPFN / TabPFN-3,electricity__tabpfn3__s2__n50__4a0ce247f96a43ee,7.0738,2,104,18455223,v1_absolute_budget,success,True,2026-07-22T14:48:39.065401+00:00,"{'all_classes_present_in_labeled': True, 'backbone': 'tabpfn3', 'best_epoch': nan, 'best_val_loss': nan, 'checkpoint': '/private/ofirlin-lab/suissad4/caches/tabpfn/tabpfn-v3-classifier-v3_default.ckpt', 'cold_load_seconds': 0.8465261571109295, 'dataset': 'electricity', 'dataset_id': 151, 'embedding_source': None, 'epochs_trained': nan, 'error_message': None, 'final_train_loss': nan, 'finetune_epochs_trained': nan, 'graph_n_neighbors_used': nan, 'graph_n_rows': nan, 'graph_n_unlabeled_used': nan, 'graph_retry_count': nan, 'input_view': 'raw', 'kv_cache': None, 'labeled_class_counts': '{DOWN:28,UP:22}', 'labeled_classes_present': 2, 'max_labeled_per_class': 28, 'max_selected_confidence': nan, 'mean_selected_confidence': nan, 'mean_selected_density': nan, 'method': 'tabpfn3', 'method_fidelity': 'official', 'metric_accuracy': 0.7288977159880834, 'metric_average_precision': 0.7757270961960755, 'metric_balanced_accuracy': 0.7236933481899925, 'metric_brier': 0.36344806609597075, 'metric_ece': 0.07200751234724041, 'metric_log_loss': 0.5458770231283913, 'metric_macro_f1': 0.7231846642765201, 'metric_nll': 0.5458770231283913, 'metric_roc_auc': 0.8099004251688815, 'min_labeled_per_class': 22, 'min_selected_confidence': nan, 'n_classes': 2, 'n_features_after_preprocessing': 14, 'n_features_before_preprocessing': 8, 'n_labeled': 50, 'n_pseudo_added_last_iter': nan, 'n_pseudo_added_total': nan, 'n_unlabeled': 36199, 'neural_method': nan, 'neural_validation_strategy': nan, 'package_version': '8.1.0', 'peak_gpu_memory_mb': 427.00244140625, 'pretrain_epochs_trained': nan, 'protocol': 'inductive', 'pseudo_label_class_distribution': nan, 'pseudo_label_fraction': nan, 'reference_family': 'TabPFN-3 / PriorLabs', 'runtime_seconds': 7.0738, 'seed': 2, 'self_training_iterations': nan, 'status': 'success', 'stopped_reason': nan, 'test_class_counts': '{DOWN:5215,UP:3848}', 'test_size': 9063, 'timestamp_utc': '2026-07-22T14:48:31.972148+00:00', 'train_labeled_size': 40, 'train_pool_class_counts': '{DOWN:20860,UP:15389}', 'unlabeled_class_counts': '{DOWN:20832,UP:15367}', 'val_class_counts': '{DOWN:6,UP:4}', 'val_size': 10, 'validation_strategy': 'stratified_labeled_val', 'warm_inference_seconds': 0.8503765328787267}",,False,0.8503765328787267
tabiclv2,tabicl-classifier-v2-20260212.ckpt,,,nogit:afd539c9e2f221fc,,12.4,jannis,gpu,False,,,3f9236be15390304,,ssl-tfm,"{'cuda_available': True, 'cuda_version': '12.4', 'env_name': None, 'env_prefix': '/private/ofirlin-lab/suissad4/envs/micromamba', 'gpu_count': 1, 'gpu_name': 'NVIDIA A100 80GB PCIe', 'hostname': 'dsiuriofir01', 'packages': {'catboost': '1.2.10', 'lightgbm': '4.7.0', 'numpy': '2.4.6', 'pandas': '3.0.3', 'scikit-learn': '1.9.0', 'tabicl': '2.1.1', 'tabpfn': '8.1.0', 'torch': '2.6.0+cu124', 'xgboost': None}, 'platform': 'Linux-5.14.0-687.15.1.el9_8.x86_64-x86_64-with-glibc2.34', 'python': '3.11.15 | packaged by conda-forge | (main, Jun 11 2026, 03:34:02) [GCC 14.3.0]', 'python_version': '3.11.15', 'torch_available': True, 'torch_version': '2.6.0+cu124'}",,,NVIDIA A100 80GB PCIe,dsiuriofir01,raw,True,tabiclv2,{},44136fa355b3678a,tfm_frozen,official,0.5505463665134054,,0.41172377119275794,0.5623667562350795,0.01764968347396821,0.9965536395273725,0.39828911731407657,0.9965536395273725,0.7123195864265783,100,,False,,unknown,,inductive,TabICL / TabICLv2,jannis__tabiclv2__s0__n100__9a83cd7d93658177,9.5137,0,229,18455352,v1_absolute_budget,success,True,2026-07-22T15:03:20.200751+00:00,"{'all_classes_present_in_labeled': True, 'backbone': 'tabiclv2', 'best_epoch': nan, 'best_val_loss': nan, 'checkpoint': 'tabicl-classifier-v2-20260212.ckpt', 'cold_load_seconds': 1.011454082094133, 'dataset': 'jannis', 'dataset_id': 41168, 'embedding_source': None, 'epochs_trained': nan, 'error_message': None, 'final_train_loss': nan, 'finetune_epochs_trained': nan, 'graph_n_neighbors_used': nan, 'graph_n_rows': nan, 'graph_n_unlabeled_used': nan, 'graph_retry_count': nan, 'input_view': 'raw', 'kv_cache': True, 'labeled_class_counts': '{0:7,1:32,2:19,3:42}', 'labeled_classes_present': 4, 'max_labeled_per_class': 42, 'max_selected_confidence': nan, 'mean_selected_confidence': nan, 'mean_selected_density': nan, 'method': 'tabiclv2', 'method_fidelity': 'official', 'metric_accuracy': 0.5505463665134054, 'metric_average_precision': None, 'metric_balanced_accuracy': 0.41172377119275794, 'metric_brier': 0.5623667562350795, 'metric_ece': 0.01764968347396821, 'metric_log_loss': 0.9965536395273725, 'metric_macro_f1': 0.39828911731407657, 'metric_nll': 0.9965536395273725, 'metric_roc_auc': 0.7123195864265783, 'min_labeled_per_class': 7, 'min_selected_confidence': nan, 'n_classes': 4, 'n_features_after_preprocessing': 54, 'n_features_before_preprocessing': 54, 'n_labeled': 100, 'n_pseudo_added_last_iter': nan, 'n_pseudo_added_total': nan, 'n_unlabeled': 66886, 'neural_method': nan, 'neural_validation_strategy': nan, 'package_version': 'unknown', 'peak_gpu_memory_mb': 19354.1142578125, 'pretrain_epochs_trained': nan, 'protocol': 'inductive', 'pseudo_label_class_distribution': nan, 'pseudo_label_fraction': nan, 'reference_family': 'TabICLv2 / soda-inria/tabicl', 'runtime_seconds': 9.5137, 'seed': 0, 'self_training_iterations': nan, 'status': 'success', 'stopped_reason': nan, 'test_class_counts': '{0:337,1:5758,2:2947,3:7705}', 'test_size': 16747, 'timestamp_utc': '2026-07-22T15:03:10.666555+00:00', 'train_labeled_size': 80, 'train_pool_class_counts': '{0:1350,1:23032,2:11787,3:30817}', 'unlabeled_class_counts': '{0:1343,1:23000,2:11768,3:30775}', 'val_class_counts': '{0:2,1:6,2:4,3:8}', 'val_size': 20, 'validation_strategy': 'stratified_labeled_val', 'warm_inference_seconds': 2.531118434853852}",,False,2.531118434853852
tabiclv2,tabicl-classifier-v2-20260212.ckpt,,,nogit:afd539c9e2f221fc,,12.4,jannis,gpu,False,,,3f9236be15390304,,ssl-tfm,"{'cuda_available': True, 'cuda_version': '12.4', 'env_name': None, 'env_prefix': '/private/ofirlin-lab/suissad4/envs/micromamba', 'gpu_count': 1, 'gpu_name': 'NVIDIA A100 80GB PCIe', 'hostname': 'dsiuriofir01', 'packages': {'catboost': '1.2.10', 'lightgbm': '4.7.0', 'numpy': '2.4.6', 'pandas': '3.0.3', 'scikit-learn': '1.9.0', 'tabicl': '2.1.1', 'tabpfn': '8.1.0', 'torch': '2.6.0+cu124', 'xgboost': None}, 'platform': 'Linux-5.14.0-687.15.1.el9_8.x86_64-x86_64-with-glibc2.34', 'python': '3.11.15 | packaged by conda-forge | (main, Jun 11 2026, 03:34:02) [GCC 14.3.0]', 'python_version': '3.11.15', 'torch_available': True, 'torch_version': '2.6.0+cu124'}",,,NVIDIA A100 80GB PCIe,dsiuriofir01,raw,True,tabiclv2,{},44136fa355b3678a,tfm_frozen,official,0.617722577178002,,0.45237671096720994,0.4930738203338168,0.0129564321212585,0.8739715753328582,0.45000298741401923,0.8739715753328582,0.7793947819223549,250,,False,,unknown,,inductive,TabICL / TabICLv2,jannis__tabiclv2__s0__n250__d83c7e06baa4056f,9.5393,0,230,18455353,v1_absolute_budget,success,True,2026-07-22T15:03:20.230564+00:00,"{'all_classes_present_in_labeled': True, 'backbone': 'tabiclv2', 'best_epoch': nan, 'best_val_loss': nan, 'checkpoint': 'tabicl-classifier-v2-20260212.ckpt', 'cold_load_seconds': 1.0235619181767106, 'dataset': 'jannis', 'dataset_id': 41168, 'embedding_source': None, 'epochs_trained': nan, 'error_message': None, 'final_train_loss': nan, 'finetune_epochs_trained': nan, 'graph_n_neighbors_used': nan, 'graph_n_rows': nan, 'graph_n_unlabeled_used': nan, 'graph_retry_count': nan, 'input_view': 'raw', 'kv_cache': True, 'labeled_class_counts': '{0:10,1:84,2:45,3:111}', 'labeled_classes_present': 4, 'max_labeled_per_class': 111, 'max_selected_confidence': nan, 'mean_selected_confidence': nan, 'mean_selected_density': nan, 'method': 'tabiclv2', 'method_fidelity': 'official', 'metric_accuracy': 0.617722577178002, 'metric_average_precision': None, 'metric_balanced_accuracy': 0.45237671096720994, 'metric_brier': 0.4930738203338168, 'metric_ece': 0.0129564321212585, 'metric_log_loss': 0.8739715753328582, 'metric_macro_f1': 0.45000298741401923, 'metric_nll': 0.8739715753328582, 'metric_roc_auc': 0.7793947819223549, 'min_labeled_per_class': 10, 'min_selected_confidence': nan, 'n_classes': 4, 'n_features_after_preprocessing': 54, 'n_features_before_preprocessing': 54, 'n_labeled': 250, 'n_pseudo_added_last_iter': nan, 'n_pseudo_added_total': nan, 'n_unlabeled': 66736, 'neural_method': nan, 'neural_validation_strategy': nan, 'package_version': 'unknown', 'peak_gpu_memory_mb': 19400.50244140625, 'pretrain_epochs_trained': nan, 'protocol': 'inductive', 'pseudo_label_class_distribution': nan, 'pseudo_label_fraction': nan, 'reference_family': 'TabICLv2 / soda-inria/tabicl', 'runtime_seconds': 9.5393, 'seed': 0, 'self_training_iterations': nan, 'status': 'success', 'stopped_reason': nan, 'test_class_counts': '{0:337,1:5758,2:2947,3:7705}', 'test_size': 16747, 'timestamp_utc': '2026-07-22T15:03:10.674065+00:00', 'train_labeled_size': 200, 'train_pool_class_counts': '{0:1350,1:23032,2:11787,3:30817}', 'unlabeled_class_counts': '{0:1340,1:22948,2:11742,3:30706}', 'val_class_counts': '{0:2,1:17,2:9,3:22}', 'val_size': 50, 'validation_strategy': 'stratified_labeled_val', 'warm_inference_seconds': 2.537293297238648}",,False,2.537293297238648
tabiclv2,tabicl-classifier-v2-20260212.ckpt,,,nogit:afd539c9e2f221fc,,12.4,jannis,gpu,False,,,3f9236be15390304,,ssl-tfm,"{'cuda_available': True, 'cuda_version': '12.4', 'env_name': None, 'env_prefix': '/private/ofirlin-lab/suissad4/envs/micromamba', 'gpu_count': 1, 'gpu_name': 'NVIDIA A100 80GB PCIe', 'hostname': 'dsiuriofir01', 'packages': {'catboost': '1.2.10', 'lightgbm': '4.7.0', 'numpy': '2.4.6', 'pandas': '3.0.3', 'scikit-learn': '1.9.0', 'tabicl': '2.1.1', 'tabpfn': '8.1.0', 'torch': '2.6.0+cu124', 'xgboost': None}, 'platform': 'Linux-5.14.0-687.15.1.el9_8.x86_64-x86_64-with-glibc2.34', 'python': '3.11.15 | packaged by conda-forge | (main, Jun 11 2026, 03:34:02) [GCC 14.3.0]', 'python_version': '3.11.15', 'torch_available': True, 'torch_version': '2.6.0+cu124'}",,,NVIDIA A100 80GB PCIe,dsiuriofir01,raw,True,tabiclv2,{},44136fa355b3678a,tfm_frozen,official,0.649907446109751,,0.4684665617335435,0.4593628742958406,0.01707317328477844,0.8102272204070194,0.4696283102290284,0.8102272204070194,0.8105642763452366,500,,False,,unknown,,inductive,TabICL / TabICLv2,jannis__tabiclv2__s0__n500__e55dbbdd5060064d,9.6084,0,231,18455354,v1_absolute_budget,success,True,2026-07-22T15:03:35.473007+00:00,"{'all_classes_present_in_labeled': True, 'backbone': 'tabiclv2', 'best_epoch': nan, 'best_val_loss': nan, 'checkpoint': 'tabicl-classifier-v2-20260212.ckpt', 'cold_load_seconds': 1.050367381889373, 'dataset': 'jannis', 'dataset_id': 41168, 'embedding_source': None, 'epochs_trained': nan, 'error_message': None, 'final_train_loss': nan, 'finetune_epochs_trained': nan, 'graph_n_neighbors_used': nan, 'graph_n_rows': nan, 'graph_n_unlabeled_used': nan, 'graph_retry_count': nan, 'input_view': 'raw', 'kv_cache': True, 'labeled_class_counts': '{0:15,1:170,2:89,3:226}', 'labeled_classes_present': 4, 'max_labeled_per_class': 226, 'max_selected_confidence': nan, 'mean_selected_confidence': nan, 'mean_selected_density': nan, 'method': 'tabiclv2', 'method_fidelity': 'official', 'metric_accuracy': 0.649907446109751, 'metric_average_precision': None, 'metric_balanced_accuracy': 0.4684665617335435, 'metric_brier': 0.4593628742958406, 'metric_ece': 0.01707317328477844, 'metric_log_loss': 0.8102272204070194, 'metric_macro_f1': 0.4696283102290284, 'metric_nll': 0.8102272204070194, 'metric_roc_auc': 0.8105642763452366, 'min_labeled_per_class': 15, 'min_selected_confidence': nan, 'n_classes': 4, 'n_features_after_preprocessing': 54, 'n_features_before_preprocessing': 54, 'n_labeled': 500, 'n_pseudo_added_last_iter': nan, 'n_pseudo_added_total': nan, 'n_unlabeled': 66486, 'neural_method': nan, 'neural_validation_strategy': nan, 'package_version': 'unknown', 'peak_gpu_memory_mb': 19477.490234375, 'pretrain_epochs_trained': nan, 'protocol': 'inductive', 'pseudo_label_class_distribution': nan, 'pseudo_label_fraction': nan, 'reference_family': 'TabICLv2 / soda-inria/tabicl', 'runtime_seconds': 9.6084, 'seed': 0, 'self_training_iterations': nan, 'status': 'success', 'stopped_reason': nan, 'test_class_counts': '{0:337,1:5758,2:2947,3:7705}', 'test_size': 16747, 'timestamp_utc': '2026-07-22T15:03:25.845170+00:00', 'train_labeled_size': 400, 'train_pool_class_counts': '{0:1350,1:23032,2:11787,3:30817}', 'unlabeled_class_counts': '{0:1335,1:22862,2:11698,3:30591}', 'val_class_counts': '{0:3,1:34,2:18,3:45}', 'val_size': 100, 'validation_strategy': 'stratified_labeled_val', 'warm_inference_seconds': 2.5625922731123865}",,False,2.5625922731123865
tabiclv2,tabicl-classifier-v2-20260212.ckpt,,,nogit:afd539c9e2f221fc,,12.4,jannis,gpu,False,,,3f9236be15390304,,ssl-tfm,"{'cuda_available': True, 'cuda_version': '12.4', 'env_name': None, 'env_prefix': '/private/ofirlin-lab/suissad4/envs/micromamba', 'gpu_count': 1, 'gpu_name': 'NVIDIA A100 80GB PCIe', 'hostname': 'dsiuriofir01', 'packages': {'catboost': '1.2.10', 'lightgbm': '4.7.0', 'numpy': '2.4.6', 'pandas': '3.0.3', 'scikit-learn': '1.9.0', 'tabicl': '2.1.1', 'tabpfn': '8.1.0', 'torch': '2.6.0+cu124', 'xgboost': None}, 'platform': 'Linux-5.14.0-687.15.1.el9_8.x86_64-x86_64-with-glibc2.34', 'python': '3.11.15 | packaged by conda-forge | (main, Jun 11 2026, 03:34:02) [GCC 14.3.0]', 'python_version': '3.11.15', 'torch_available': True, 'torch_version': '2.6.0+cu124'}",,,NVIDIA A100 80GB PCIe,dsiuriofir01,raw,True,tabiclv2,{},44136fa355b3678a,tfm_frozen,official,0.5267809159849526,,0.39777650878067705,0.6121920798021318,0.11242212809139633,1.1243766178876144,0.3973306574887689,1.1243766178876144,0.7126836882140902,50,,False,,unknown,,inductive,TabICL / TabICLv2,jannis__tabiclv2__s0__n50__c4d85ee01f55d859,8.6098,0,228,18455351,v1_absolute_budget,success,True,2026-07-22T15:03:05.819762+00:00,"{'all_classes_present_in_labeled': True, 'backbone': 'tabiclv2', 'best_epoch': nan, 'best_val_loss': nan, 'checkpoint': 'tabicl-classifier-v2-20260212.ckpt', 'cold_load_seconds': 0.9788146251812577, 'dataset': 'jannis', 'dataset_id': 41168, 'embedding_source': None, 'epochs_trained': nan, 'error_message': None, 'final_train_loss': nan, 'finetune_epochs_trained': nan, 'graph_n_neighbors_used': nan, 'graph_n_rows': nan, 'graph_n_unlabeled_used': nan, 'graph_retry_count': nan, 'input_view': 'raw', 'kv_cache': True, 'labeled_class_counts': '{0:4,1:16,2:10,3:20}', 'labeled_classes_present': 4, 'max_labeled_per_class': 20, 'max_selected_confidence': nan, 'mean_selected_confidence': nan, 'mean_selected_density': nan, 'method': 'tabiclv2', 'method_fidelity': 'official', 'metric_accuracy': 0.5267809159849526, 'metric_average_precision': None, 'metric_balanced_accuracy': 0.39777650878067705, 'metric_brier': 0.6121920798021318, 'metric_ece': 0.11242212809139633, 'metric_log_loss': 1.1243766178876144, 'metric_macro_f1': 0.3973306574887689, 'metric_nll': 1.1243766178876144, 'metric_roc_auc': 0.7126836882140902, 'min_labeled_per_class': 4, 'min_selected_confidence': nan, 'n_classes': 4, 'n_features_after_preprocessing': 54, 'n_features_before_preprocessing': 54, 'n_labeled': 50, 'n_pseudo_added_last_iter': nan, 'n_pseudo_added_total': nan, 'n_unlabeled': 66936, 'neural_method': nan, 'neural_validation_strategy': nan, 'package_version': 'unknown', 'peak_gpu_memory_mb': 19339.1142578125, 'pretrain_epochs_trained': nan, 'protocol': 'inductive', 'pseudo_label_class_distribution': nan, 'pseudo_label_fraction': nan, 'reference_family': 'TabICLv2 / soda-inria/tabicl', 'runtime_seconds': 8.6098, 'seed': 0, 'self_training_iterations': nan, 'status': 'success', 'stopped_reason': nan, 'test_class_counts': '{0:337,1:5758,2:2947,3:7705}', 'test_size': 16747, 'timestamp_utc': '2026-07-22T15:02:57.190480+00:00', 'train_labeled_size': 40, 'train_pool_class_counts': '{0:1350,1:23032,2:11787,3:30817}', 'unlabeled_class_counts': '{0:1346,1:23016,2:11777,3:30797}', 'val_class_counts': '{0:1,1:3,2:2,3:4}', 'val_size': 10, 'validation_strategy': 'stratified_labeled_val', 'warm_inference_seconds': 2.523619243875146}",,False,2.523619243875146
tabiclv2,tabicl-classifier-v2-20260212.ckpt,,,nogit:afd539c9e2f221fc,,12.4,jannis,gpu,False,,,3f9236be15390304,,ssl-tfm,"{'cuda_available': True, 'cuda_version': '12.4', 'env_name': None, 'env_prefix': '/private/ofirlin-lab/suissad4/envs/micromamba', 'gpu_count': 1, 'gpu_name': 'NVIDIA A100 80GB PCIe', 'hostname': 'dsiuriofir01', 'packages': {'catboost': '1.2.10', 'lightgbm': '4.7.0', 'numpy': '2.4.6', 'pandas': '3.0.3', 'scikit-learn': '1.9.0', 'tabicl': '2.1.1', 'tabpfn': '8.1.0', 'torch': '2.6.0+cu124', 'xgboost': None}, 'platform': 'Linux-5.14.0-687.15.1.el9_8.x86_64-x86_64-with-glibc2.34', 'python': '3.11.15 | packaged by conda-forge | (main, Jun 11 2026, 03:34:02) [GCC 14.3.0]', 'python_version': '3.11.15', 'torch_available': True, 'torch_version': '2.6.0+cu124'}",,,NVIDIA A100 80GB PCIe,dsiuriofir01,raw,True,tabiclv2,{},44136fa355b3678a,tfm_frozen,official,0.5402758703051292,,0.3918105170683238,0.5745761229261525,0.03075075666608341,1.0187208529615697,0.3861627214625112,1.0187208529615697,0.7096358273729557,100,,False,,unknown,,inductive,TabICL / TabICLv2,jannis__tabiclv2__s1__n100__863ba7c0faef86ce,9.0824,1,233,18455356,v1_absolute_budget,success,True,2026-07-22T15:03:49.327687+00:00,"{'all_classes_present_in_labeled': True, 'backbone': 'tabiclv2', 'best_epoch': nan, 'best_val_loss': nan, 'checkpoint': 'tabicl-classifier-v2-20260212.ckpt', 'cold_load_seconds': 0.9755572620779276, 'dataset': 'jannis', 'dataset_id': 41168, 'embedding_source': None, 'epochs_trained': nan, 'error_message': None, 'final_train_loss': nan, 'finetune_epochs_trained': nan, 'graph_n_neighbors_used': nan, 'graph_n_rows': nan, 'graph_n_unlabeled_used': nan, 'graph_retry_count': nan, 'input_view': 'raw', 'kv_cache': True, 'labeled_class_counts': '{0:7,1:32,2:19,3:42}', 'labeled_classes_present': 4, 'max_labeled_per_class': 42, 'max_selected_confidence': nan, 'mean_selected_confidence': nan, 'mean_selected_density': nan, 'method': 'tabiclv2', 'method_fidelity': 'official', 'metric_accuracy': 0.5402758703051292, 'metric_average_precision': None, 'metric_balanced_accuracy': 0.3918105170683238, 'metric_brier': 0.5745761229261525, 'metric_ece': 0.03075075666608341, 'metric_log_loss': 1.0187208529615697, 'metric_macro_f1': 0.3861627214625112, 'metric_nll': 1.0187208529615697, 'metric_roc_auc': 0.7096358273729557, 'min_labeled_per_class': 7, 'min_selected_confidence': nan, 'n_classes': 4, 'n_features_after_preprocessing': 54, 'n_features_before_preprocessing': 54, 'n_labeled': 100, 'n_pseudo_added_last_iter': nan, 'n_pseudo_added_total': nan, 'n_unlabeled': 66886, 'neural_method': nan, 'neural_validation_strategy': nan, 'package_version': 'unknown', 'peak_gpu_memory_mb': 19354.1142578125, 'pretrain_epochs_trained': nan, 'protocol': 'inductive', 'pseudo_label_class_distribution': nan, 'pseudo_label_fraction': nan, 'reference_family': 'TabICLv2 / soda-inria/tabicl', 'runtime_seconds': 9.0824, 'seed': 1, 'self_training_iterations': nan, 'status': 'success', 'stopped_reason': nan, 'test_class_counts': '{0:337,1:5758,2:2947,3:7705}', 'test_size': 16747, 'timestamp_utc': '2026-07-22T15:03:40.225538+00:00', 'train_labeled_size': 80, 'train_pool_class_counts': '{0:1350,1:23032,2:11787,3:30817}', 'unlabeled_class_counts': '{0:1343,1:23000,2:11768,3:30775}', 'val_class_counts': '{0:2,1:6,2:4,3:8}', 'val_size': 20, 'validation_strategy': 'stratified_labeled_val', 'warm_inference_seconds': 2.520048197824508}",,False,2.520048197824508
tabiclv2,tabicl-classifier-v2-20260212.ckpt,,,nogit:afd539c9e2f221fc,,12.4,jannis,gpu,False,,,3f9236be15390304,,ssl-tfm,"{'cuda_available': True, 'cuda_version': '12.4', 'env_name': None, 'env_prefix': '/private/ofirlin-lab/suissad4/envs/micromamba', 'gpu_count': 1, 'gpu_name': 'NVIDIA A100 80GB PCIe', 'hostname': 'dsiuriofir01', 'packages': {'catboost': '1.2.10', 'lightgbm': '4.7.0', 'numpy': '2.4.6', 'pandas': '3.0.3', 'scikit-learn': '1.9.0', 'tabicl': '2.1.1', 'tabpfn': '8.1.0', 'torch': '2.6.0+cu124', 'xgboost': None}, 'platform': 'Linux-5.14.0-687.15.1.el9_8.x86_64-x86_64-with-glibc2.34', 'python': '3.11.15 | packaged by conda-forge | (main, Jun 11 2026, 03:34:02) [GCC 14.3.0]', 'python_version': '3.11.15', 'torch_available': True, 'torch_version': '2.6.0+cu124'}",,,NVIDIA A100 80GB PCIe,dsiuriofir01,raw,True,tabiclv2,{},44136fa355b3678a,tfm_frozen,official,0.5849405863736789,,0.42617924743060015,0.5292584062279263,0.05065801916196548,0.9303275019575384,0.4269003514579686,0.9303275019575384,0.7564565375372474,250,,False,,unknown,,inductive,TabICL / TabICLv2,jannis__tabiclv2__s1__n250__28d09efbb2c37047,9.2009,1,234,18455357,v1_absolute_budget,success,True,2026-07-22T15:03:49.433527+00:00,"{'all_classes_present_in_labeled': True, 'backbone': 'tabiclv2', 'best_epoch': nan, 'best_val_loss': nan, 'checkpoint': 'tabicl-classifier-v2-20260212.ckpt', 'cold_load_seconds': 1.023074374999851, 'dataset': 'jannis', 'dataset_id': 41168, 'embedding_source': None, 'epochs_trained': nan, 'error_message': None, 'final_train_loss': nan, 'finetune_epochs_trained': nan, 'graph_n_neighbors_used': nan, 'graph_n_rows': nan, 'graph_n_unlabeled_used': nan, 'graph_retry_count': nan, 'input_view': 'raw', 'kv_cache': True, 'labeled_class_counts': '{0:10,1:84,2:45,3:111}', 'labeled_classes_present': 4, 'max_labeled_per_class': 111, 'max_selected_confidence': nan, 'mean_selected_confidence': nan, 'mean_selected_density': nan, 'method': 'tabiclv2', 'method_fidelity': 'official', 'metric_accuracy': 0.5849405863736789, 'metric_average_precision': None, 'metric_balanced_accuracy': 0.42617924743060015, 'metric_brier': 0.5292584062279263, 'metric_ece': 0.05065801916196548, 'metric_log_loss': 0.9303275019575384, 'metric_macro_f1': 0.4269003514579686, 'metric_nll': 0.9303275019575384, 'metric_roc_auc': 0.7564565375372474, 'min_labeled_per_class': 10, 'min_selected_confidence': nan, 'n_classes': 4, 'n_features_after_preprocessing': 54, 'n_features_before_preprocessing': 54, 'n_labeled': 250, 'n_pseudo_added_last_iter': nan, 'n_pseudo_added_total': nan, 'n_unlabeled': 66736, 'neural_method': nan, 'neural_validation_strategy': nan, 'package_version': 'unknown', 'peak_gpu_memory_mb': 19400.50244140625, 'pretrain_epochs_trained': nan, 'protocol': 'inductive', 'pseudo_label_class_distribution': nan, 'pseudo_label_fraction': nan, 'reference_family': 'TabICLv2 / soda-inria/tabicl', 'runtime_seconds': 9.2009, 'seed': 1, 'self_training_iterations': nan, 'status': 'success', 'stopped_reason': nan, 'test_class_counts': '{0:337,1:5758,2:2947,3:7705}', 'test_size': 16747, 'timestamp_utc': '2026-07-22T15:03:40.213480+00:00', 'train_labeled_size': 200, 'train_pool_class_counts': '{0:1350,1:23032,2:11787,3:30817}', 'unlabeled_class_counts': '{0:1340,1:22948,2:11742,3:30706}', 'val_class_counts': '{0:2,1:17,2:9,3:22}', 'val_size': 50, 'validation_strategy': 'stratified_labeled_val', 'warm_inference_seconds': 2.55120032094419}",,False,2.55120032094419
tabiclv2,tabicl-classifier-v2-20260212.ckpt,,,nogit:afd539c9e2f221fc,,12.4,jannis,gpu,False,,,3f9236be15390304,,ssl-tfm,"{'cuda_available': True, 'cuda_version': '12.4', 'env_name': None, 'env_prefix': '/private/ofirlin-lab/suissad4/envs/micromamba', 'gpu_count': 1, 'gpu_name': 'NVIDIA A100 80GB PCIe', 'hostname': 'dsiuriofir01', 'packages': {'catboost': '1.2.10', 'lightgbm': '4.7.0', 'numpy': '2.4.6', 'pandas': '3.0.3', 'scikit-learn': '1.9.0', 'tabicl': '2.1.1', 'tabpfn': '8.1.0', 'torch': '2.6.0+cu124', 'xgboost': None}, 'platform': 'Linux-5.14.0-687.15.1.el9_8.x86_64-x86_64-with-glibc2.34', 'python': '3.11.15 | packaged by conda-forge | (main, Jun 11 2026, 03:34:02) [GCC 14.3.0]', 'python_version': '3.11.15', 'torch_available': True, 'torch_version': '2.6.0+cu124'}",,,NVIDIA A100 80GB PCIe,dsiuriofir01,raw,True,tabiclv2,{},44136fa355b3678a,tfm_frozen,official,0.6448319101928703,,0.4656041408620769,0.46543954824769185,0.01048076113211494,0.8254378388486807,0.4673946511293247,0.8254378388486807,0.7996466738754875,500,,False,,unknown,,inductive,TabICL / TabICLv2,jannis__tabiclv2__s1__n500__2e16a53129ec4ec7,9.5229,1,235,18455358,v1_absolute_budget,success,True,2026-07-22T15:04:04.338260+00:00,"{'all_classes_present_in_labeled': True, 'backbone': 'tabiclv2', 'best_epoch': nan, 'best_val_loss': nan, 'checkpoint': 'tabicl-classifier-v2-20260212.ckpt', 'cold_load_seconds': 1.0838543069548905, 'dataset': 'jannis', 'dataset_id': 41168, 'embedding_source': None, 'epochs_trained': nan, 'error_message': None, 'final_train_loss': nan, 'finetune_epochs_trained': nan, 'graph_n_neighbors_used': nan, 'graph_n_rows': nan, 'graph_n_unlabeled_used': nan, 'graph_retry_count': nan, 'input_view': 'raw', 'kv_cache': True, 'labeled_class_counts': '{0:15,1:170,2:89,3:226}', 'labeled_classes_present': 4, 'max_labeled_per_class': 226, 'max_selected_confidence': nan, 'mean_selected_confidence': nan, 'mean_selected_density': nan, 'method': 'tabiclv2', 'method_fidelity': 'official', 'metric_accuracy': 0.6448319101928703, 'metric_average_precision': None, 'metric_balanced_accuracy': 0.4656041408620769, 'metric_brier': 0.46543954824769185, 'metric_ece': 0.01048076113211494, 'metric_log_loss': 0.8254378388486807, 'metric_macro_f1': 0.4673946511293247, 'metric_nll': 0.8254378388486807, 'metric_roc_auc': 0.7996466738754875, 'min_labeled_per_class': 15, 'min_selected_confidence': nan, 'n_classes': 4, 'n_features_after_preprocessing': 54, 'n_features_before_preprocessing': 54, 'n_labeled': 500, 'n_pseudo_added_last_iter': nan, 'n_pseudo_added_total': nan, 'n_unlabeled': 66486, 'neural_method': nan, 'neural_validation_strategy': nan, 'package_version': 'unknown', 'peak_gpu_memory_mb': 19477.490234375, 'pretrain_epochs_trained': nan, 'protocol': 'inductive', 'pseudo_label_class_distribution': nan, 'pseudo_label_fraction': nan, 'reference_family': 'TabICLv2 / soda-inria/tabicl', 'runtime_seconds': 9.5229, 'seed': 1, 'self_training_iterations': nan, 'status': 'success', 'stopped_reason': nan, 'test_class_counts': '{0:337,1:5758,2:2947,3:7705}', 'test_size': 16747, 'timestamp_utc': '2026-07-22T15:03:54.795535+00:00', 'train_labeled_size': 400, 'train_pool_class_counts': '{0:1350,1:23032,2:11787,3:30817}', 'unlabeled_class_counts': '{0:1335,1:22862,2:11698,3:30591}', 'val_class_counts': '{0:3,1:34,2:18,3:45}', 'val_size': 100, 'validation_strategy': 'stratified_labeled_val', 'warm_inference_seconds': 2.5661908951587975}",,False,2.5661908951587975
tabiclv2,tabicl-classifier-v2-20260212.ckpt,,,nogit:afd539c9e2f221fc,,12.4,jannis,gpu,False,,,3f9236be15390304,,ssl-tfm,"{'cuda_available': True, 'cuda_version': '12.4', 'env_name': None, 'env_prefix': '/private/ofirlin-lab/suissad4/envs/micromamba', 'gpu_count': 1, 'gpu_name': 'NVIDIA A100 80GB PCIe', 'hostname': 'dsiuriofir01', 'packages': {'catboost': '1.2.10', 'lightgbm': '4.7.0', 'numpy': '2.4.6', 'pandas': '3.0.3', 'scikit-learn': '1.9.0', 'tabicl': '2.1.1', 'tabpfn': '8.1.0', 'torch': '2.6.0+cu124', 'xgboost': None}, 'platform': 'Linux-5.14.0-687.15.1.el9_8.x86_64-x86_64-with-glibc2.34', 'python': '3.11.15 | packaged by conda-forge | (main, Jun 11 2026, 03:34:02) [GCC 14.3.0]', 'python_version': '3.11.15', 'torch_available': True, 'torch_version': '2.6.0+cu124'}",,,NVIDIA A100 80GB PCIe,dsiuriofir01,raw,True,tabiclv2,{},44136fa355b3678a,tfm_frozen,official,0.506060787006628,,0.38887292288837083,0.6307700272120041,0.09022640525079363,1.1611166745646169,0.36727758197437904,1.1611166745646169,0.6727055667799331,50,,False,,unknown,,inductive,TabICL / TabICLv2,jannis__tabiclv2__s1__n50__8f0dcb3468d433b0,9.4863,1,232,18455355,v1_absolute_budget,success,True,2026-07-22T15:03:35.334334+00:00,"{'all_classes_present_in_labeled': True, 'backbone': 'tabiclv2', 'best_epoch': nan, 'best_val_loss': nan, 'checkpoint': 'tabicl-classifier-v2-20260212.ckpt', 'cold_load_seconds': 0.989831502083689, 'dataset': 'jannis', 'dataset_id': 41168, 'embedding_source': None, 'epochs_trained': nan, 'error_message': None, 'final_train_loss': nan, 'finetune_epochs_trained': nan, 'graph_n_neighbors_used': nan, 'graph_n_rows': nan, 'graph_n_unlabeled_used': nan, 'graph_retry_count': nan, 'input_view': 'raw', 'kv_cache': True, 'labeled_class_counts': '{0:4,1:16,2:10,3:20}', 'labeled_classes_present': 4, 'max_labeled_per_class': 20, 'max_selected_confidence': nan, 'mean_selected_confidence': nan, 'mean_selected_density': nan, 'method': 'tabiclv2', 'method_fidelity': 'official', 'metric_accuracy': 0.506060787006628, 'metric_average_precision': None, 'metric_balanced_accuracy': 0.38887292288837083, 'metric_brier': 0.6307700272120041, 'metric_ece': 0.09022640525079363, 'metric_log_loss': 1.1611166745646169, 'metric_macro_f1': 0.36727758197437904, 'metric_nll': 1.1611166745646169, 'metric_roc_auc': 0.6727055667799331, 'min_labeled_per_class': 4, 'min_selected_confidence': nan, 'n_classes': 4, 'n_features_after_preprocessing': 54, 'n_features_before_preprocessing': 54, 'n_labeled': 50, 'n_pseudo_added_last_iter': nan, 'n_pseudo_added_total': nan, 'n_unlabeled': 66936, 'neural_method': nan, 'neural_validation_strategy': nan, 'package_version': 'unknown', 'peak_gpu_memory_mb': 19339.1142578125, 'pretrain_epochs_trained': nan, 'protocol': 'inductive', 'pseudo_label_class_distribution': nan, 'pseudo_label_fraction': nan, 'reference_family': 'TabICLv2 / soda-inria/tabicl', 'runtime_seconds': 9.4863, 'seed': 1, 'self_training_iterations': nan, 'status': 'success', 'stopped_reason': nan, 'test_class_counts': '{0:337,1:5758,2:2947,3:7705}', 'test_size': 16747, 'timestamp_utc': '2026-07-22T15:03:25.827350+00:00', 'train_labeled_size': 40, 'train_pool_class_counts': '{0:1350,1:23032,2:11787,3:30817}', 'unlabeled_class_counts': '{0:1346,1:23016,2:11777,3:30797}', 'val_class_counts': '{0:1,1:3,2:2,3:4}', 'val_size': 10, 'validation_strategy': 'stratified_labeled_val', 'warm_inference_seconds': 2.522701523732394}",,False,2.522701523732394
tabiclv2,tabicl-classifier-v2-20260212.ckpt,,,nogit:afd539c9e2f221fc,,12.4,jannis,gpu,False,,,3f9236be15390304,,ssl-tfm,"{'cuda_available': True, 'cuda_version': '12.4', 'env_name': None, 'env_prefix': '/private/ofirlin-lab/suissad4/envs/micromamba', 'gpu_count': 1, 'gpu_name': 'NVIDIA A100 80GB PCIe', 'hostname': 'dsiuriofir01', 'packages': {'catboost': '1.2.10', 'lightgbm': '4.7.0', 'numpy': '2.4.6', 'pandas': '3.0.3', 'scikit-learn': '1.9.0', 'tabicl': '2.1.1', 'tabpfn': '8.1.0', 'torch': '2.6.0+cu124', 'xgboost': None}, 'platform': 'Linux-5.14.0-687.15.1.el9_8.x86_64-x86_64-with-glibc2.34', 'python': '3.11.15 | packaged by conda-forge | (main, Jun 11 2026, 03:34:02) [GCC 14.3.0]', 'python_version': '3.11.15', 'torch_available': True, 'torch_version': '2.6.0+cu124'}",,,NVIDIA A100 80GB PCIe,dsiuriofir01,raw,True,tabiclv2,{},44136fa355b3678a,tfm_frozen,official,0.5196751657013197,,0.3663667250168948,0.6271822328250596,0.0918572005963925,1.1543363912834241,0.3672756927552885,1.1543363912834241,0.6610898006148933,100,,False,,unknown,,inductive,TabICL / TabICLv2,jannis__tabiclv2__s2__n100__21fde543f0275d6d,10.3065,2,237,18455360,v1_absolute_budget,success,True,2026-07-22T15:04:19.996392+00:00,"{'all_classes_present_in_labeled': True, 'backbone': 'tabiclv2', 'best_epoch': nan, 'best_val_loss': nan, 'checkpoint': 'tabicl-classifier-v2-20260212.ckpt', 'cold_load_seconds': 1.1727738222107291, 'dataset': 'jannis', 'dataset_id': 41168, 'embedding_source': None, 'epochs_trained': nan, 'error_message': None, 'final_train_loss': nan, 'finetune_epochs_trained': nan, 'graph_n_neighbors_used': nan, 'graph_n_rows': nan, 'graph_n_unlabeled_used': nan, 'graph_retry_count': nan, 'input_view': 'raw', 'kv_cache': True, 'labeled_class_counts': '{0:7,1:32,2:19,3:42}', 'labeled_classes_present': 4, 'max_labeled_per_class': 42, 'max_selected_confidence': nan, 'mean_selected_confidence': nan, 'mean_selected_density': nan, 'method': 'tabiclv2', 'method_fidelity': 'official', 'metric_accuracy': 0.5196751657013197, 'metric_average_precision': None, 'metric_balanced_accuracy': 0.3663667250168948, 'metric_brier': 0.6271822328250596, 'metric_ece': 0.0918572005963925, 'metric_log_loss': 1.1543363912834241, 'metric_macro_f1': 0.3672756927552885, 'metric_nll': 1.1543363912834241, 'metric_roc_auc': 0.6610898006148933, 'min_labeled_per_class': 7, 'min_selected_confidence': nan, 'n_classes': 4, 'n_features_after_preprocessing': 54, 'n_features_before_preprocessing': 54, 'n_labeled': 100, 'n_pseudo_added_last_iter': nan, 'n_pseudo_added_total': nan, 'n_unlabeled': 66886, 'neural_method': nan, 'neural_validation_strategy': nan, 'package_version': 'unknown', 'peak_gpu_memory_mb': 19354.1142578125, 'pretrain_epochs_trained': nan, 'protocol': 'inductive', 'pseudo_label_class_distribution': nan, 'pseudo_label_fraction': nan, 'reference_family': 'TabICLv2 / soda-inria/tabicl', 'runtime_seconds': 10.3065, 'seed': 2, 'self_training_iterations': nan, 'status': 'success', 'stopped_reason': nan, 'test_class_counts': '{0:337,1:5758,2:2947,3:7705}', 'test_size': 16747, 'timestamp_utc': '2026-07-22T15:04:09.669361+00:00', 'train_labeled_size': 80, 'train_pool_class_counts': '{0:1350,1:23032,2:11787,3:30817}', 'unlabeled_class_counts': '{0:1343,1:23000,2:11768,3:30775}', 'val_class_counts': '{0:2,1:6,2:4,3:8}', 'val_size': 20, 'validation_strategy': 'stratified_labeled_val', 'warm_inference_seconds': 2.518052004277706}",,False,2.518052004277706
tabiclv2,tabicl-classifier-v2-20260212.ckpt,,,nogit:afd539c9e2f221fc,,12.4,jannis,gpu,False,,,3f9236be15390304,,ssl-tfm,"{'cuda_available': True, 'cuda_version': '12.4', 'env_name': None, 'env_prefix': '/private/ofirlin-lab/suissad4/envs/micromamba', 'gpu_count': 1, 'gpu_name': 'NVIDIA A100 80GB PCIe', 'hostname': 'dsiuriofir01', 'packages': {'catboost': '1.2.10', 'lightgbm': '4.7.0', 'numpy': '2.4.6', 'pandas': '3.0.3', 'scikit-learn': '1.9.0', 'tabicl': '2.1.1', 'tabpfn': '8.1.0', 'torch': '2.6.0+cu124', 'xgboost': None}, 'platform': 'Linux-5.14.0-687.15.1.el9_8.x86_64-x86_64-with-glibc2.34', 'python': '3.11.15 | packaged by conda-forge | (main, Jun 11 2026, 03:34:02) [GCC 14.3.0]', 'python_version': '3.11.15', 'torch_available': True, 'torch_version': '2.6.0+cu124'}",,,NVIDIA A100 80GB PCIe,dsiuriofir01,raw,True,tabiclv2,{},44136fa355b3678a,tfm_frozen,official,0.6257240102704962,,0.4447091855825947,0.48974188174429933,0.035035178445948195,0.8811913504221855,0.44932216435725975,0.8811913504221855,0.7638085070933658,250,,False,,unknown,,inductive,TabICL / TabICLv2,jannis__tabiclv2__s2__n250__6a778b21c3dd0924,10.4272,2,238,18455361,v1_absolute_budget,success,True,2026-07-22T15:04:20.123702+00:00,"{'all_classes_present_in_labeled': True, 'backbone': 'tabiclv2', 'best_epoch': nan, 'best_val_loss': nan, 'checkpoint': 'tabicl-classifier-v2-20260212.ckpt', 'cold_load_seconds': 1.2545608361251652, 'dataset': 'jannis', 'dataset_id': 41168, 'embedding_source': None, 'epochs_trained': nan, 'error_message': None, 'final_train_loss': nan, 'finetune_epochs_trained': nan, 'graph_n_neighbors_used': nan, 'graph_n_rows': nan, 'graph_n_unlabeled_used': nan, 'graph_retry_count': nan, 'input_view': 'raw', 'kv_cache': True, 'labeled_class_counts': '{0:10,1:84,2:45,3:111}', 'labeled_classes_present': 4, 'max_labeled_per_class': 111, 'max_selected_confidence': nan, 'mean_selected_confidence': nan, 'mean_selected_density': nan, 'method': 'tabiclv2', 'method_fidelity': 'official', 'metric_accuracy': 0.6257240102704962, 'metric_average_precision': None, 'metric_balanced_accuracy': 0.4447091855825947, 'metric_brier': 0.48974188174429933, 'metric_ece': 0.035035178445948195, 'metric_log_loss': 0.8811913504221855, 'metric_macro_f1': 0.44932216435725975, 'metric_nll': 0.8811913504221855, 'metric_roc_auc': 0.7638085070933658, 'min_labeled_per_class': 10, 'min_selected_confidence': nan, 'n_classes': 4, 'n_features_after_preprocessing': 54, 'n_features_before_preprocessing': 54, 'n_labeled': 250, 'n_pseudo_added_last_iter': nan, 'n_pseudo_added_total': nan, 'n_unlabeled': 66736, 'neural_method': nan, 'neural_validation_strategy': nan, 'package_version': 'unknown', 'peak_gpu_memory_mb': 19400.50244140625, 'pretrain_epochs_trained': nan, 'protocol': 'inductive', 'pseudo_label_class_distribution': nan, 'pseudo_label_fraction': nan, 'reference_family': 'TabICLv2 / soda-inria/tabicl', 'runtime_seconds': 10.4272, 'seed': 2, 'self_training_iterations': nan, 'status': 'success', 'stopped_reason': nan, 'test_class_counts': '{0:337,1:5758,2:2947,3:7705}', 'test_size': 16747, 'timestamp_utc': '2026-07-22T15:04:09.677113+00:00', 'train_labeled_size': 200, 'train_pool_class_counts': '{0:1350,1:23032,2:11787,3:30817}', 'unlabeled_class_counts': '{0:1340,1:22948,2:11742,3:30706}', 'val_class_counts': '{0:2,1:17,2:9,3:22}', 'val_size': 50, 'validation_strategy': 'stratified_labeled_val', 'warm_inference_seconds': 2.5463403151370585}",,False,2.5463403151370585
tabiclv2,tabicl-classifier-v2-20260212.ckpt,,,nogit:afd539c9e2f221fc,,12.4,jannis,gpu,False,,,3f9236be15390304,,ssl-tfm,"{'cuda_available': True, 'cuda_version': '12.4', 'env_name': None, 'env_prefix': '/private/ofirlin-lab/suissad4/envs/micromamba', 'gpu_count': 1, 'gpu_name': 'NVIDIA A100 80GB PCIe', 'hostname': 'dsiuriofir01', 'packages': {'catboost': '1.2.10', 'lightgbm': '4.7.0', 'numpy': '2.4.6', 'pandas': '3.0.3', 'scikit-learn': '1.9.0', 'tabicl': '2.1.1', 'tabpfn': '8.1.0', 'torch': '2.6.0+cu124', 'xgboost': None}, 'platform': 'Linux-5.14.0-687.15.1.el9_8.x86_64-x86_64-with-glibc2.34', 'python': '3.11.15 | packaged by conda-forge | (main, Jun 11 2026, 03:34:02) [GCC 14.3.0]', 'python_version': '3.11.15', 'torch_available': True, 'torch_version': '2.6.0+cu124'}",,,NVIDIA A100 80GB PCIe,dsiuriofir01,raw,True,tabiclv2,{},44136fa355b3678a,tfm_frozen,official,0.6314563802472084,,0.4559719676166194,0.4829621615625474,0.033496355710901655,0.8502379354960862,0.4591866031240433,0.8502379354960862,0.8006784226663257,500,,False,,unknown,,inductive,TabICL / TabICLv2,jannis__tabiclv2__s2__n500__25a49a37627929ed,10.1678,2,239,18409307,v1_absolute_budget,success,True,2026-07-22T15:04:34.595572+00:00,"{'all_classes_present_in_labeled': True, 'backbone': 'tabiclv2', 'best_epoch': nan, 'best_val_loss': nan, 'checkpoint': 'tabicl-classifier-v2-20260212.ckpt', 'cold_load_seconds': 1.2543431539088488, 'dataset': 'jannis', 'dataset_id': 41168, 'embedding_source': None, 'epochs_trained': nan, 'error_message': None, 'final_train_loss': nan, 'finetune_epochs_trained': nan, 'graph_n_neighbors_used': nan, 'graph_n_rows': nan, 'graph_n_unlabeled_used': nan, 'graph_retry_count': nan, 'input_view': 'raw', 'kv_cache': True, 'labeled_class_counts': '{0:15,1:170,2:89,3:226}', 'labeled_classes_present': 4, 'max_labeled_per_class': 226, 'max_selected_confidence': nan, 'mean_selected_confidence': nan, 'mean_selected_density': nan, 'method': 'tabiclv2', 'method_fidelity': 'official', 'metric_accuracy': 0.6314563802472084, 'metric_average_precision': None, 'metric_balanced_accuracy': 0.4559719676166194, 'metric_brier': 0.4829621615625474, 'metric_ece': 0.033496355710901655, 'metric_log_loss': 0.8502379354960862, 'metric_macro_f1': 0.4591866031240433, 'metric_nll': 0.8502379354960862, 'metric_roc_auc': 0.8006784226663257, 'min_labeled_per_class': 15, 'min_selected_confidence': nan, 'n_classes': 4, 'n_features_after_preprocessing': 54, 'n_features_before_preprocessing': 54, 'n_labeled': 500, 'n_pseudo_added_last_iter': nan, 'n_pseudo_added_total': nan, 'n_unlabeled': 66486, 'neural_method': nan, 'neural_validation_strategy': nan, 'package_version': 'unknown', 'peak_gpu_memory_mb': 19477.490234375, 'pretrain_epochs_trained': nan, 'protocol': 'inductive', 'pseudo_label_class_distribution': nan, 'pseudo_label_fraction': nan, 'reference_family': 'TabICLv2 / soda-inria/tabicl', 'runtime_seconds': 10.1678, 'seed': 2, 'self_training_iterations': nan, 'status': 'success', 'stopped_reason': nan, 'test_class_counts': '{0:337,1:5758,2:2947,3:7705}', 'test_size': 16747, 'timestamp_utc': '2026-07-22T15:04:24.407979+00:00', 'train_labeled_size': 400, 'train_pool_class_counts': '{0:1350,1:23032,2:11787,3:30817}', 'unlabeled_class_counts': '{0:1335,1:22862,2:11698,3:30591}', 'val_class_counts': '{0:3,1:34,2:18,3:45}', 'val_size': 100, 'validation_strategy': 'stratified_labeled_val', 'warm_inference_seconds': 2.5673840949311852}",,False,2.5673840949311852
tabiclv2,tabicl-classifier-v2-20260212.ckpt,,,nogit:afd539c9e2f221fc,,12.4,jannis,gpu,False,,,3f9236be15390304,,ssl-tfm,"{'cuda_available': True, 'cuda_version': '12.4', 'env_name': None, 'env_prefix': '/private/ofirlin-lab/suissad4/envs/micromamba', 'gpu_count': 1, 'gpu_name': 'NVIDIA A100 80GB PCIe', 'hostname': 'dsiuriofir01', 'packages': {'catboost': '1.2.10', 'lightgbm': '4.7.0', 'numpy': '2.4.6', 'pandas': '3.0.3', 'scikit-learn': '1.9.0', 'tabicl': '2.1.1', 'tabpfn': '8.1.0', 'torch': '2.6.0+cu124', 'xgboost': None}, 'platform': 'Linux-5.14.0-687.15.1.el9_8.x86_64-x86_64-with-glibc2.34', 'python': '3.11.15 | packaged by conda-forge | (main, Jun 11 2026, 03:34:02) [GCC 14.3.0]', 'python_version': '3.11.15', 'torch_available': True, 'torch_version': '2.6.0+cu124'}",,,NVIDIA A100 80GB PCIe,dsiuriofir01,raw,True,tabiclv2,{},44136fa355b3678a,tfm_frozen,official,0.5248701259927151,,0.3688566940063818,0.6475870002603961,0.08777636281433096,1.2230583769710028,0.37239340821064354,1.2230583769710028,0.6252800130861066,50,,False,,unknown,,inductive,TabICL / TabICLv2,jannis__tabiclv2__s2__n50__be616bb7fadc22a8,9.2969,2,236,18455359,v1_absolute_budget,success,True,2026-07-22T15:04:04.126572+00:00,"{'all_classes_present_in_labeled': True, 'backbone': 'tabiclv2', 'best_epoch': nan, 'best_val_loss': nan, 'checkpoint': 'tabicl-classifier-v2-20260212.ckpt', 'cold_load_seconds': 0.971695096231997, 'dataset': 'jannis', 'dataset_id': 41168, 'embedding_source': None, 'epochs_trained': nan, 'error_message': None, 'final_train_loss': nan, 'finetune_epochs_trained': nan, 'graph_n_neighbors_used': nan, 'graph_n_rows': nan, 'graph_n_unlabeled_used': nan, 'graph_retry_count': nan, 'input_view': 'raw', 'kv_cache': True, 'labeled_class_counts': '{0:4,1:16,2:10,3:20}', 'labeled_classes_present': 4, 'max_labeled_per_class': 20, 'max_selected_confidence': nan, 'mean_selected_confidence': nan, 'mean_selected_density': nan, 'method': 'tabiclv2', 'method_fidelity': 'official', 'metric_accuracy': 0.5248701259927151, 'metric_average_precision': None, 'metric_balanced_accuracy': 0.3688566940063818, 'metric_brier': 0.6475870002603961, 'metric_ece': 0.08777636281433096, 'metric_log_loss': 1.2230583769710028, 'metric_macro_f1': 0.37239340821064354, 'metric_nll': 1.2230583769710028, 'metric_roc_auc': 0.6252800130861066, 'min_labeled_per_class': 4, 'min_selected_confidence': nan, 'n_classes': 4, 'n_features_after_preprocessing': 54, 'n_features_before_preprocessing': 54, 'n_labeled': 50, 'n_pseudo_added_last_iter': nan, 'n_pseudo_added_total': nan, 'n_unlabeled': 66936, 'neural_method': nan, 'neural_validation_strategy': nan, 'package_version': 'unknown', 'peak_gpu_memory_mb': 19339.1142578125, 'pretrain_epochs_trained': nan, 'protocol': 'inductive', 'pseudo_label_class_distribution': nan, 'pseudo_label_fraction': nan, 'reference_family': 'TabICLv2 / soda-inria/tabicl', 'runtime_seconds': 9.2969, 'seed': 2, 'self_training_iterations': nan, 'status': 'success', 'stopped_reason': nan, 'test_class_counts': '{0:337,1:5758,2:2947,3:7705}', 'test_size': 16747, 'timestamp_utc': '2026-07-22T15:03:54.808640+00:00', 'train_labeled_size': 40, 'train_pool_class_counts': '{0:1350,1:23032,2:11787,3:30817}', 'unlabeled_class_counts': '{0:1346,1:23016,2:11777,3:30797}', 'val_class_counts': '{0:1,1:3,2:2,3:4}', 'val_size': 10, 'validation_strategy': 'stratified_labeled_val', 'warm_inference_seconds': 2.5216286317445338}",,False,2.5216286317445338
tabpfn3,/private/ofirlin-lab/suissad4/caches/tabpfn/tabpfn-v3-classifier-v3_default.ckpt,,,nogit:afd539c9e2f221fc,,12.4,jannis,gpu,False,,,3f9236be15390304,,ssl-tfm,"{'cuda_available': True, 'cuda_version': '12.4', 'env_name': None, 'env_prefix': '/private/ofirlin-lab/suissad4/envs/micromamba', 'gpu_count': 1, 'gpu_name': 'NVIDIA A100 80GB PCIe', 'hostname': 'dsiuriofir01', 'packages': {'catboost': '1.2.10', 'lightgbm': '4.7.0', 'numpy': '2.4.6', 'pandas': '3.0.3', 'scikit-learn': '1.9.0', 'tabicl': '2.1.1', 'tabpfn': '8.1.0', 'torch': '2.6.0+cu124', 'xgboost': None}, 'platform': 'Linux-5.14.0-687.15.1.el9_8.x86_64-x86_64-with-glibc2.34', 'python': '3.11.15 | packaged by conda-forge | (main, Jun 11 2026, 03:34:02) [GCC 14.3.0]', 'python_version': '3.11.15', 'torch_available': True, 'torch_version': '2.6.0+cu124'}",,,NVIDIA A100 80GB PCIe,dsiuriofir01,raw,,tabpfn3,{},44136fa355b3678a,tfm_frozen,official,0.5669672180091957,,0.4337008175990591,0.5429511143584906,0.05694491125441985,0.974659711680052,0.4109148776262409,0.974659711680052,0.7129305070689076,100,,False,,8.1.0,,inductive,Hollmann et al. TabPFN / TabPFN-3,jannis__tabpfn3__s0__n100__247be8b7cb543f53,10.102,0,217,18455340,v1_absolute_budget,success,True,2026-07-22T15:01:51.408842+00:00,"{'all_classes_present_in_labeled': True, 'backbone': 'tabpfn3', 'best_epoch': nan, 'best_val_loss': nan, 'checkpoint': '/private/ofirlin-lab/suissad4/caches/tabpfn/tabpfn-v3-classifier-v3_default.ckpt', 'cold_load_seconds': 0.872514387127012, 'dataset': 'jannis', 'dataset_id': 41168, 'embedding_source': None, 'epochs_trained': nan, 'error_message': None, 'final_train_loss': nan, 'finetune_epochs_trained': nan, 'graph_n_neighbors_used': nan, 'graph_n_rows': nan, 'graph_n_unlabeled_used': nan, 'graph_retry_count': nan, 'input_view': 'raw', 'kv_cache': None, 'labeled_class_counts': '{0:7,1:32,2:19,3:42}', 'labeled_classes_present': 4, 'max_labeled_per_class': 42, 'max_selected_confidence': nan, 'mean_selected_confidence': nan, 'mean_selected_density': nan, 'method': 'tabpfn3', 'method_fidelity': 'official', 'metric_accuracy': 0.5669672180091957, 'metric_average_precision': None, 'metric_balanced_accuracy': 0.4337008175990591, 'metric_brier': 0.5429511143584906, 'metric_ece': 0.05694491125441985, 'metric_log_loss': 0.974659711680052, 'metric_macro_f1': 0.4109148776262409, 'metric_nll': 0.974659711680052, 'metric_roc_auc': 0.7129305070689076, 'min_labeled_per_class': 7, 'min_selected_confidence': nan, 'n_classes': 4, 'n_features_after_preprocessing': 54, 'n_features_before_preprocessing': 54, 'n_labeled': 100, 'n_pseudo_added_last_iter': nan, 'n_pseudo_added_total': nan, 'n_unlabeled': 66886, 'neural_method': nan, 'neural_validation_strategy': nan, 'package_version': '8.1.0', 'peak_gpu_memory_mb': 801.4169921875, 'pretrain_epochs_trained': nan, 'protocol': 'inductive', 'pseudo_label_class_distribution': nan, 'pseudo_label_fraction': nan, 'reference_family': 'TabPFN-3 / PriorLabs', 'runtime_seconds': 10.102, 'seed': 0, 'self_training_iterations': nan, 'status': 'success', 'stopped_reason': nan, 'test_class_counts': '{0:337,1:5758,2:2947,3:7705}', 'test_size': 16747, 'timestamp_utc': '2026-07-22T15:01:41.285412+00:00', 'train_labeled_size': 80, 'train_pool_class_counts': '{0:1350,1:23032,2:11787,3:30817}', 'unlabeled_class_counts': '{0:1343,1:23000,2:11768,3:30775}', 'val_class_counts': '{0:2,1:6,2:4,3:8}', 'val_size': 20, 'validation_strategy': 'stratified_labeled_val', 'warm_inference_seconds': 2.2488852660171688}",,False,2.2488852660171688
tabpfn3,/private/ofirlin-lab/suissad4/caches/tabpfn/tabpfn-v3-classifier-v3_default.ckpt,,,nogit:afd539c9e2f221fc,,12.4,jannis,gpu,False,,,3f9236be15390304,,ssl-tfm,"{'cuda_available': True, 'cuda_version': '12.4', 'env_name': None, 'env_prefix': '/private/ofirlin-lab/suissad4/envs/micromamba', 'gpu_count': 1, 'gpu_name': 'NVIDIA A100 80GB PCIe', 'hostname': 'dsiuriofir01', 'packages': {'catboost': '1.2.10', 'lightgbm': '4.7.0', 'numpy': '2.4.6', 'pandas': '3.0.3', 'scikit-learn': '1.9.0', 'tabicl': '2.1.1', 'tabpfn': '8.1.0', 'torch': '2.6.0+cu124', 'xgboost': None}, 'platform': 'Linux-5.14.0-687.15.1.el9_8.x86_64-x86_64-with-glibc2.34', 'python': '3.11.15 | packaged by conda-forge | (main, Jun 11 2026, 03:34:02) [GCC 14.3.0]', 'python_version': '3.11.15', 'torch_available': True, 'torch_version': '2.6.0+cu124'}",,,NVIDIA A100 80GB PCIe,dsiuriofir01,raw,,tabpfn3,{},44136fa355b3678a,tfm_frozen,official,0.6092434465874484,,0.44807913472709693,0.49819182663860995,0.029184730240960376,0.8788701695513385,0.44050813878383943,0.8788701695513385,0.7734977689687212,250,,False,,8.1.0,,inductive,Hollmann et al. TabPFN / TabPFN-3,jannis__tabpfn3__s0__n250__bf5e0a4a9417eadd,9.4522,0,218,18455341,v1_absolute_budget,success,True,2026-07-22T15:01:55.405554+00:00,"{'all_classes_present_in_labeled': True, 'backbone': 'tabpfn3', 'best_epoch': nan, 'best_val_loss': nan, 'checkpoint': '/private/ofirlin-lab/suissad4/caches/tabpfn/tabpfn-v3-classifier-v3_default.ckpt', 'cold_load_seconds': 0.8574111009947956, 'dataset': 'jannis', 'dataset_id': 41168, 'embedding_source': None, 'epochs_trained': nan, 'error_message': None, 'final_train_loss': nan, 'finetune_epochs_trained': nan, 'graph_n_neighbors_used': nan, 'graph_n_rows': nan, 'graph_n_unlabeled_used': nan, 'graph_retry_count': nan, 'input_view': 'raw', 'kv_cache': None, 'labeled_class_counts': '{0:10,1:84,2:45,3:111}', 'labeled_classes_present': 4, 'max_labeled_per_class': 111, 'max_selected_confidence': nan, 'mean_selected_confidence': nan, 'mean_selected_density': nan, 'method': 'tabpfn3', 'method_fidelity': 'official', 'metric_accuracy': 0.6092434465874484, 'metric_average_precision': None, 'metric_balanced_accuracy': 0.44807913472709693, 'metric_brier': 0.49819182663860995, 'metric_ece': 0.029184730240960376, 'metric_log_loss': 0.8788701695513385, 'metric_macro_f1': 0.44050813878383943, 'metric_nll': 0.8788701695513385, 'metric_roc_auc': 0.7734977689687212, 'min_labeled_per_class': 10, 'min_selected_confidence': nan, 'n_classes': 4, 'n_features_after_preprocessing': 54, 'n_features_before_preprocessing': 54, 'n_labeled': 250, 'n_pseudo_added_last_iter': nan, 'n_pseudo_added_total': nan, 'n_unlabeled': 66736, 'neural_method': nan, 'neural_validation_strategy': nan, 'package_version': '8.1.0', 'peak_gpu_memory_mb': 834.13330078125, 'pretrain_epochs_trained': nan, 'protocol': 'inductive', 'pseudo_label_class_distribution': nan, 'pseudo_label_fraction': nan, 'reference_family': 'TabPFN-3 / PriorLabs', 'runtime_seconds': 9.4522, 'seed': 0, 'self_training_iterations': nan, 'status': 'success', 'stopped_reason': nan, 'test_class_counts': '{0:337,1:5758,2:2947,3:7705}', 'test_size': 16747, 'timestamp_utc': '2026-07-22T15:01:45.932829+00:00', 'train_labeled_size': 200, 'train_pool_class_counts': '{0:1350,1:23032,2:11787,3:30817}', 'unlabeled_class_counts': '{0:1340,1:22948,2:11742,3:30706}', 'val_class_counts': '{0:2,1:17,2:9,3:22}', 'val_size': 50, 'validation_strategy': 'stratified_labeled_val', 'warm_inference_seconds': 2.3275615158490837}",,False,2.3275615158490837
tabpfn3,/private/ofirlin-lab/suissad4/caches/tabpfn/tabpfn-v3-classifier-v3_default.ckpt,,,nogit:afd539c9e2f221fc,,12.4,jannis,gpu,False,,,3f9236be15390304,,ssl-tfm,"{'cuda_available': True, 'cuda_version': '12.4', 'env_name': None, 'env_prefix': '/private/ofirlin-lab/suissad4/envs/micromamba', 'gpu_count': 1, 'gpu_name': 'NVIDIA A100 80GB PCIe', 'hostname': 'dsiuriofir01', 'packages': {'catboost': '1.2.10', 'lightgbm': '4.7.0', 'numpy': '2.4.6', 'pandas': '3.0.3', 'scikit-learn': '1.9.0', 'tabicl': '2.1.1', 'tabpfn': '8.1.0', 'torch': '2.6.0+cu124', 'xgboost': None}, 'platform': 'Linux-5.14.0-687.15.1.el9_8.x86_64-x86_64-with-glibc2.34', 'python': '3.11.15 | packaged by conda-forge | (main, Jun 11 2026, 03:34:02) [GCC 14.3.0]', 'python_version': '3.11.15', 'torch_available': True, 'torch_version': '2.6.0+cu124'}",,,NVIDIA A100 80GB PCIe,dsiuriofir01,raw,,tabpfn3,{},44136fa355b3678a,tfm_frozen,official,0.6435779542604646,,0.4620567609384406,0.47139185751238794,0.032607117129454036,0.8279060515028819,0.46208045236413864,0.8279060515028819,0.8027733883349368,500,,False,,8.1.0,,inductive,Hollmann et al. TabPFN / TabPFN-3,jannis__tabpfn3__s0__n500__830b1e4de5f038eb,10.1953,0,219,18455342,v1_absolute_budget,success,True,2026-07-22T15:02:06.129692+00:00,"{'all_classes_present_in_labeled': True, 'backbone': 'tabpfn3', 'best_epoch': nan, 'best_val_loss': nan, 'checkpoint': '/private/ofirlin-lab/suissad4/caches/tabpfn/tabpfn-v3-classifier-v3_default.ckpt', 'cold_load_seconds': 0.8686229372397065, 'dataset': 'jannis', 'dataset_id': 41168, 'embedding_source': None, 'epochs_trained': nan, 'error_message': None, 'final_train_loss': nan, 'finetune_epochs_trained': nan, 'graph_n_neighbors_used': nan, 'graph_n_rows': nan, 'graph_n_unlabeled_used': nan, 'graph_retry_count': nan, 'input_view': 'raw', 'kv_cache': None, 'labeled_class_counts': '{0:15,1:170,2:89,3:226}', 'labeled_classes_present': 4, 'max_labeled_per_class': 226, 'max_selected_confidence': nan, 'mean_selected_confidence': nan, 'mean_selected_density': nan, 'method': 'tabpfn3', 'method_fidelity': 'official', 'metric_accuracy': 0.6435779542604646, 'metric_average_precision': None, 'metric_balanced_accuracy': 0.4620567609384406, 'metric_brier': 0.47139185751238794, 'metric_ece': 0.032607117129454036, 'metric_log_loss': 0.8279060515028819, 'metric_macro_f1': 0.46208045236413864, 'metric_nll': 0.8279060515028819, 'metric_roc_auc': 0.8027733883349368, 'min_labeled_per_class': 15, 'min_selected_confidence': nan, 'n_classes': 4, 'n_features_after_preprocessing': 54, 'n_features_before_preprocessing': 54, 'n_labeled': 500, 'n_pseudo_added_last_iter': nan, 'n_pseudo_added_total': nan, 'n_unlabeled': 66486, 'neural_method': nan, 'neural_validation_strategy': nan, 'package_version': '8.1.0', 'peak_gpu_memory_mb': 834.59521484375, 'pretrain_epochs_trained': nan, 'protocol': 'inductive', 'pseudo_label_class_distribution': nan, 'pseudo_label_fraction': nan, 'reference_family': 'TabPFN-3 / PriorLabs', 'runtime_seconds': 10.1953, 'seed': 0, 'self_training_iterations': nan, 'status': 'success', 'stopped_reason': nan, 'test_class_counts': '{0:337,1:5758,2:2947,3:7705}', 'test_size': 16747, 'timestamp_utc': '2026-07-22T15:01:55.911221+00:00', 'train_labeled_size': 400, 'train_pool_class_counts': '{0:1350,1:23032,2:11787,3:30817}', 'unlabeled_class_counts': '{0:1335,1:22862,2:11698,3:30591}', 'val_class_counts': '{0:3,1:34,2:18,3:45}', 'val_size': 100, 'validation_strategy': 'stratified_labeled_val', 'warm_inference_seconds': 2.3689260627143085}",,False,2.3689260627143085
tabpfn3,/private/ofirlin-lab/suissad4/caches/tabpfn/tabpfn-v3-classifier-v3_default.ckpt,,,nogit:afd539c9e2f221fc,,12.4,jannis,gpu,False,,,3f9236be15390304,,ssl-tfm,"{'cuda_available': True, 'cuda_version': '12.4', 'env_name': None, 'env_prefix': '/private/ofirlin-lab/suissad4/envs/micromamba', 'gpu_count': 1, 'gpu_name': 'NVIDIA A100 80GB PCIe', 'hostname': 'dsiuriofir01', 'packages': {'catboost': '1.2.10', 'lightgbm': '4.7.0', 'numpy': '2.4.6', 'pandas': '3.0.3', 'scikit-learn': '1.9.0', 'tabicl': '2.1.1', 'tabpfn': '8.1.0', 'torch': '2.6.0+cu124', 'xgboost': None}, 'platform': 'Linux-5.14.0-687.15.1.el9_8.x86_64-x86_64-with-glibc2.34', 'python': '3.11.15 | packaged by conda-forge | (main, Jun 11 2026, 03:34:02) [GCC 14.3.0]', 'python_version': '3.11.15', 'torch_available': True, 'torch_version': '2.6.0+cu124'}",,,NVIDIA A100 80GB PCIe,dsiuriofir01,raw,,tabpfn3,{},44136fa355b3678a,tfm_frozen,official,0.5184809219561712,,0.3446541952597528,0.5925233314600631,0.06649641044786425,1.089822888329389,0.33924739789420566,1.089822888329389,0.7188766049923196,50,,False,,8.1.0,,inductive,Hollmann et al. TabPFN / TabPFN-3,jannis__tabpfn3__s0__n50__bf7bb6f745398bd0,9.7923,0,216,18455339,v1_absolute_budget,success,True,2026-07-22T15:01:41.561109+00:00,"{'all_classes_present_in_labeled': True, 'backbone': 'tabpfn3', 'best_epoch': nan, 'best_val_loss': nan, 'checkpoint': '/private/ofirlin-lab/suissad4/caches/tabpfn/tabpfn-v3-classifier-v3_default.ckpt', 'cold_load_seconds': 0.8617256409488618, 'dataset': 'jannis', 'dataset_id': 41168, 'embedding_source': None, 'epochs_trained': nan, 'error_message': None, 'final_train_loss': nan, 'finetune_epochs_trained': nan, 'graph_n_neighbors_used': nan, 'graph_n_rows': nan, 'graph_n_unlabeled_used': nan, 'graph_retry_count': nan, 'input_view': 'raw', 'kv_cache': None, 'labeled_class_counts': '{0:4,1:16,2:10,3:20}', 'labeled_classes_present': 4, 'max_labeled_per_class': 20, 'max_selected_confidence': nan, 'mean_selected_confidence': nan, 'mean_selected_density': nan, 'method': 'tabpfn3', 'method_fidelity': 'official', 'metric_accuracy': 0.5184809219561712, 'metric_average_precision': None, 'metric_balanced_accuracy': 0.3446541952597528, 'metric_brier': 0.5925233314600631, 'metric_ece': 0.06649641044786425, 'metric_log_loss': 1.089822888329389, 'metric_macro_f1': 0.33924739789420566, 'metric_nll': 1.089822888329389, 'metric_roc_auc': 0.7188766049923196, 'min_labeled_per_class': 4, 'min_selected_confidence': nan, 'n_classes': 4, 'n_features_after_preprocessing': 54, 'n_features_before_preprocessing': 54, 'n_labeled': 50, 'n_pseudo_added_last_iter': nan, 'n_pseudo_added_total': nan, 'n_unlabeled': 66936, 'neural_method': nan, 'neural_validation_strategy': nan, 'package_version': '8.1.0', 'peak_gpu_memory_mb': 769.333984375, 'pretrain_epochs_trained': nan, 'protocol': 'inductive', 'pseudo_label_class_distribution': nan, 'pseudo_label_fraction': nan, 'reference_family': 'TabPFN-3 / PriorLabs', 'runtime_seconds': 9.7923, 'seed': 0, 'self_training_iterations': nan, 'status': 'success', 'stopped_reason': nan, 'test_class_counts': '{0:337,1:5758,2:2947,3:7705}', 'test_size': 16747, 'timestamp_utc': '2026-07-22T15:01:31.747795+00:00', 'train_labeled_size': 40, 'train_pool_class_counts': '{0:1350,1:23032,2:11787,3:30817}', 'unlabeled_class_counts': '{0:1346,1:23016,2:11777,3:30797}', 'val_class_counts': '{0:1,1:3,2:2,3:4}', 'val_size': 10, 'validation_strategy': 'stratified_labeled_val', 'warm_inference_seconds': 2.202807121910155}",,False,2.202807121910155
tabpfn3,/private/ofirlin-lab/suissad4/caches/tabpfn/tabpfn-v3-classifier-v3_default.ckpt,,,nogit:afd539c9e2f221fc,,12.4,jannis,gpu,False,,,3f9236be15390304,,ssl-tfm,"{'cuda_available': True, 'cuda_version': '12.4', 'env_name': None, 'env_prefix': '/private/ofirlin-lab/suissad4/envs/micromamba', 'gpu_count': 1, 'gpu_name': 'NVIDIA A100 80GB PCIe', 'hostname': 'dsiuriofir01', 'packages': {'catboost': '1.2.10', 'lightgbm': '4.7.0', 'numpy': '2.4.6', 'pandas': '3.0.3', 'scikit-learn': '1.9.0', 'tabicl': '2.1.1', 'tabpfn': '8.1.0', 'torch': '2.6.0+cu124', 'xgboost': None}, 'platform': 'Linux-5.14.0-687.15.1.el9_8.x86_64-x86_64-with-glibc2.34', 'python': '3.11.15 | packaged by conda-forge | (main, Jun 11 2026, 03:34:02) [GCC 14.3.0]', 'python_version': '3.11.15', 'torch_available': True, 'torch_version': '2.6.0+cu124'}",,,NVIDIA A100 80GB PCIe,dsiuriofir01,raw,,tabpfn3,{},44136fa355b3678a,tfm_frozen,official,0.569295993312235,,0.3892730185250031,0.5446465526105166,0.07457572804243344,0.9702952070763159,0.3784110343579557,0.9702952070763159,0.7345931678893262,100,,False,,8.1.0,,inductive,Hollmann et al. TabPFN / TabPFN-3,jannis__tabpfn3__s1__n100__10e3afcfec531552,10.2974,1,221,18455344,v1_absolute_budget,success,True,2026-07-22T15:02:21.132306+00:00,"{'all_classes_present_in_labeled': True, 'backbone': 'tabpfn3', 'best_epoch': nan, 'best_val_loss': nan, 'checkpoint': '/private/ofirlin-lab/suissad4/caches/tabpfn/tabpfn-v3-classifier-v3_default.ckpt', 'cold_load_seconds': 0.8720868648961186, 'dataset': 'jannis', 'dataset_id': 41168, 'embedding_source': None, 'epochs_trained': nan, 'error_message': None, 'final_train_loss': nan, 'finetune_epochs_trained': nan, 'graph_n_neighbors_used': nan, 'graph_n_rows': nan, 'graph_n_unlabeled_used': nan, 'graph_retry_count': nan, 'input_view': 'raw', 'kv_cache': None, 'labeled_class_counts': '{0:7,1:32,2:19,3:42}', 'labeled_classes_present': 4, 'max_labeled_per_class': 42, 'max_selected_confidence': nan, 'mean_selected_confidence': nan, 'mean_selected_density': nan, 'method': 'tabpfn3', 'method_fidelity': 'official', 'metric_accuracy': 0.569295993312235, 'metric_average_precision': None, 'metric_balanced_accuracy': 0.3892730185250031, 'metric_brier': 0.5446465526105166, 'metric_ece': 0.07457572804243344, 'metric_log_loss': 0.9702952070763159, 'metric_macro_f1': 0.3784110343579557, 'metric_nll': 0.9702952070763159, 'metric_roc_auc': 0.7345931678893262, 'min_labeled_per_class': 7, 'min_selected_confidence': nan, 'n_classes': 4, 'n_features_after_preprocessing': 54, 'n_features_before_preprocessing': 54, 'n_labeled': 100, 'n_pseudo_added_last_iter': nan, 'n_pseudo_added_total': nan, 'n_unlabeled': 66886, 'neural_method': nan, 'neural_validation_strategy': nan, 'package_version': '8.1.0', 'peak_gpu_memory_mb': 801.4169921875, 'pretrain_epochs_trained': nan, 'protocol': 'inductive', 'pseudo_label_class_distribution': nan, 'pseudo_label_fraction': nan, 'reference_family': 'TabPFN-3 / PriorLabs', 'runtime_seconds': 10.2974, 'seed': 1, 'self_training_iterations': nan, 'status': 'success', 'stopped_reason': nan, 'test_class_counts': '{0:337,1:5758,2:2947,3:7705}', 'test_size': 16747, 'timestamp_utc': '2026-07-22T15:02:10.812315+00:00', 'train_labeled_size': 80, 'train_pool_class_counts': '{0:1350,1:23032,2:11787,3:30817}', 'unlabeled_class_counts': '{0:1343,1:23000,2:11768,3:30775}', 'val_class_counts': '{0:2,1:6,2:4,3:8}', 'val_size': 20, 'validation_strategy': 'stratified_labeled_val', 'warm_inference_seconds': 2.2554498300887644}",,False,2.2554498300887644
tabpfn3,/private/ofirlin-lab/suissad4/caches/tabpfn/tabpfn-v3-classifier-v3_default.ckpt,,,nogit:afd539c9e2f221fc,,12.4,jannis,gpu,False,,,3f9236be15390304,,ssl-tfm,"{'cuda_available': True, 'cuda_version': '12.4', 'env_name': None, 'env_prefix': '/private/ofirlin-lab/suissad4/envs/micromamba', 'gpu_count': 1, 'gpu_name': 'NVIDIA A100 80GB PCIe', 'hostname': 'dsiuriofir01', 'packages': {'catboost': '1.2.10', 'lightgbm': '4.7.0', 'numpy': '2.4.6', 'pandas': '3.0.3', 'scikit-learn': '1.9.0', 'tabicl': '2.1.1', 'tabpfn': '8.1.0', 'torch': '2.6.0+cu124', 'xgboost': None}, 'platform': 'Linux-5.14.0-687.15.1.el9_8.x86_64-x86_64-with-glibc2.34', 'python': '3.11.15 | packaged by conda-forge | (main, Jun 11 2026, 03:34:02) [GCC 14.3.0]', 'python_version': '3.11.15', 'torch_available': True, 'torch_version': '2.6.0+cu124'}",,,NVIDIA A100 80GB PCIe,dsiuriofir01,raw,,tabpfn3,{},44136fa355b3678a,tfm_frozen,official,0.5840449035648175,,0.4126798170489105,0.5201621361170481,0.027131503356699012,0.9101951912208803,0.41253285488237756,0.9101951912208803,0.7571041009638156,250,,False,,8.1.0,,inductive,Hollmann et al. TabPFN / TabPFN-3,jannis__tabpfn3__s1__n250__c9df614a1a958045,9.5091,1,222,18455345,v1_absolute_budget,success,True,2026-07-22T15:02:23.686879+00:00,"{'all_classes_present_in_labeled': True, 'backbone': 'tabpfn3', 'best_epoch': nan, 'best_val_loss': nan, 'checkpoint': '/private/ofirlin-lab/suissad4/caches/tabpfn/tabpfn-v3-classifier-v3_default.ckpt', 'cold_load_seconds': 0.8529070848599076, 'dataset': 'jannis', 'dataset_id': 41168, 'embedding_source': None, 'epochs_trained': nan, 'error_message': None, 'final_train_loss': nan, 'finetune_epochs_trained': nan, 'graph_n_neighbors_used': nan, 'graph_n_rows': nan, 'graph_n_unlabeled_used': nan, 'graph_retry_count': nan, 'input_view': 'raw', 'kv_cache': None, 'labeled_class_counts': '{0:10,1:84,2:45,3:111}', 'labeled_classes_present': 4, 'max_labeled_per_class': 111, 'max_selected_confidence': nan, 'mean_selected_confidence': nan, 'mean_selected_density': nan, 'method': 'tabpfn3', 'method_fidelity': 'official', 'metric_accuracy': 0.5840449035648175, 'metric_average_precision': None, 'metric_balanced_accuracy': 0.4126798170489105, 'metric_brier': 0.5201621361170481, 'metric_ece': 0.027131503356699012, 'metric_log_loss': 0.9101951912208803, 'metric_macro_f1': 0.41253285488237756, 'metric_nll': 0.9101951912208803, 'metric_roc_auc': 0.7571041009638156, 'min_labeled_per_class': 10, 'min_selected_confidence': nan, 'n_classes': 4, 'n_features_after_preprocessing': 54, 'n_features_before_preprocessing': 54, 'n_labeled': 250, 'n_pseudo_added_last_iter': nan, 'n_pseudo_added_total': nan, 'n_unlabeled': 66736, 'neural_method': nan, 'neural_validation_strategy': nan, 'package_version': '8.1.0', 'peak_gpu_memory_mb': 834.13330078125, 'pretrain_epochs_trained': nan, 'protocol': 'inductive', 'pseudo_label_class_distribution': nan, 'pseudo_label_fraction': nan, 'reference_family': 'TabPFN-3 / PriorLabs', 'runtime_seconds': 9.5091, 'seed': 1, 'self_training_iterations': nan, 'status': 'success', 'stopped_reason': nan, 'test_class_counts': '{0:337,1:5758,2:2947,3:7705}', 'test_size': 16747, 'timestamp_utc': '2026-07-22T15:02:14.158425+00:00', 'train_labeled_size': 200, 'train_pool_class_counts': '{0:1350,1:23032,2:11787,3:30817}', 'unlabeled_class_counts': '{0:1340,1:22948,2:11742,3:30706}', 'val_class_counts': '{0:2,1:17,2:9,3:22}', 'val_size': 50, 'validation_strategy': 'stratified_labeled_val', 'warm_inference_seconds': 2.344264915212989}",,False,2.344264915212989
tabpfn3,/private/ofirlin-lab/suissad4/caches/tabpfn/tabpfn-v3-classifier-v3_default.ckpt,,,nogit:afd539c9e2f221fc,,12.4,jannis,gpu,False,,,3f9236be15390304,,ssl-tfm,"{'cuda_available': True, 'cuda_version': '12.4', 'env_name': None, 'env_prefix': '/private/ofirlin-lab/suissad4/envs/micromamba', 'gpu_count': 1, 'gpu_name': 'NVIDIA A100 80GB PCIe', 'hostname': 'dsiuriofir01', 'packages': {'catboost': '1.2.10', 'lightgbm': '4.7.0', 'numpy': '2.4.6', 'pandas': '3.0.3', 'scikit-learn': '1.9.0', 'tabicl': '2.1.1', 'tabpfn': '8.1.0', 'torch': '2.6.0+cu124', 'xgboost': None}, 'platform': 'Linux-5.14.0-687.15.1.el9_8.x86_64-x86_64-with-glibc2.34', 'python': '3.11.15 | packaged by conda-forge | (main, Jun 11 2026, 03:34:02) [GCC 14.3.0]', 'python_version': '3.11.15', 'torch_available': True, 'torch_version': '2.6.0+cu124'}",,,NVIDIA A100 80GB PCIe,dsiuriofir01,raw,,tabpfn3,{},44136fa355b3678a,tfm_frozen,official,0.6348599749208813,,0.448216171671638,0.4721586481685969,0.011479390607964362,0.8295481602886841,0.4546608797495142,0.8295481602886841,0.7961052361761767,500,,False,,8.1.0,,inductive,Hollmann et al. TabPFN / TabPFN-3,jannis__tabpfn3__s1__n500__f903234fcbd01388,10.4365,1,223,18455346,v1_absolute_budget,success,True,2026-07-22T15:02:36.138720+00:00,"{'all_classes_present_in_labeled': True, 'backbone': 'tabpfn3', 'best_epoch': nan, 'best_val_loss': nan, 'checkpoint': '/private/ofirlin-lab/suissad4/caches/tabpfn/tabpfn-v3-classifier-v3_default.ckpt', 'cold_load_seconds': 0.8771436340175569, 'dataset': 'jannis', 'dataset_id': 41168, 'embedding_source': None, 'epochs_trained': nan, 'error_message': None, 'final_train_loss': nan, 'finetune_epochs_trained': nan, 'graph_n_neighbors_used': nan, 'graph_n_rows': nan, 'graph_n_unlabeled_used': nan, 'graph_retry_count': nan, 'input_view': 'raw', 'kv_cache': None, 'labeled_class_counts': '{0:15,1:170,2:89,3:226}', 'labeled_classes_present': 4, 'max_labeled_per_class': 226, 'max_selected_confidence': nan, 'mean_selected_confidence': nan, 'mean_selected_density': nan, 'method': 'tabpfn3', 'method_fidelity': 'official', 'metric_accuracy': 0.6348599749208813, 'metric_average_precision': None, 'metric_balanced_accuracy': 0.448216171671638, 'metric_brier': 0.4721586481685969, 'metric_ece': 0.011479390607964362, 'metric_log_loss': 0.8295481602886841, 'metric_macro_f1': 0.4546608797495142, 'metric_nll': 0.8295481602886841, 'metric_roc_auc': 0.7961052361761767, 'min_labeled_per_class': 15, 'min_selected_confidence': nan, 'n_classes': 4, 'n_features_after_preprocessing': 54, 'n_features_before_preprocessing': 54, 'n_labeled': 500, 'n_pseudo_added_last_iter': nan, 'n_pseudo_added_total': nan, 'n_unlabeled': 66486, 'neural_method': nan, 'neural_validation_strategy': nan, 'package_version': '8.1.0', 'peak_gpu_memory_mb': 834.59521484375, 'pretrain_epochs_trained': nan, 'protocol': 'inductive', 'pseudo_label_class_distribution': nan, 'pseudo_label_fraction': nan, 'reference_family': 'TabPFN-3 / PriorLabs', 'runtime_seconds': 10.4365, 'seed': 1, 'self_training_iterations': nan, 'status': 'success', 'stopped_reason': nan, 'test_class_counts': '{0:337,1:5758,2:2947,3:7705}', 'test_size': 16747, 'timestamp_utc': '2026-07-22T15:02:25.679371+00:00', 'train_labeled_size': 400, 'train_pool_class_counts': '{0:1350,1:23032,2:11787,3:30817}', 'unlabeled_class_counts': '{0:1335,1:22862,2:11698,3:30591}', 'val_class_counts': '{0:3,1:34,2:18,3:45}', 'val_size': 100, 'validation_strategy': 'stratified_labeled_val', 'warm_inference_seconds': 2.3638404179364443}",,False,2.3638404179364443
tabpfn3,/private/ofirlin-lab/suissad4/caches/tabpfn/tabpfn-v3-classifier-v3_default.ckpt,,,nogit:afd539c9e2f221fc,,12.4,jannis,gpu,False,,,3f9236be15390304,,ssl-tfm,"{'cuda_available': True, 'cuda_version': '12.4', 'env_name': None, 'env_prefix': '/private/ofirlin-lab/suissad4/envs/micromamba', 'gpu_count': 1, 'gpu_name': 'NVIDIA A100 80GB PCIe', 'hostname': 'dsiuriofir01', 'packages': {'catboost': '1.2.10', 'lightgbm': '4.7.0', 'numpy': '2.4.6', 'pandas': '3.0.3', 'scikit-learn': '1.9.0', 'tabicl': '2.1.1', 'tabpfn': '8.1.0', 'torch': '2.6.0+cu124', 'xgboost': None}, 'platform': 'Linux-5.14.0-687.15.1.el9_8.x86_64-x86_64-with-glibc2.34', 'python': '3.11.15 | packaged by conda-forge | (main, Jun 11 2026, 03:34:02) [GCC 14.3.0]', 'python_version': '3.11.15', 'torch_available': True, 'torch_version': '2.6.0+cu124'}",,,NVIDIA A100 80GB PCIe,dsiuriofir01,raw,,tabpfn3,{},44136fa355b3678a,tfm_frozen,official,0.5309607690929719,,0.3739821162823106,0.5755028416506752,0.03288306843498931,1.0266373687206758,0.36366867011320825,1.0266373687206758,0.6920259017698698,50,,False,,8.1.0,,inductive,Hollmann et al. TabPFN / TabPFN-3,jannis__tabpfn3__s1__n50__06a82fc317b328da,9.2617,1,220,18455343,v1_absolute_budget,success,True,2026-07-22T15:02:09.092162+00:00,"{'all_classes_present_in_labeled': True, 'backbone': 'tabpfn3', 'best_epoch': nan, 'best_val_loss': nan, 'checkpoint': '/private/ofirlin-lab/suissad4/caches/tabpfn/tabpfn-v3-classifier-v3_default.ckpt', 'cold_load_seconds': 0.8519943859428167, 'dataset': 'jannis', 'dataset_id': 41168, 'embedding_source': None, 'epochs_trained': nan, 'error_message': None, 'final_train_loss': nan, 'finetune_epochs_trained': nan, 'graph_n_neighbors_used': nan, 'graph_n_rows': nan, 'graph_n_unlabeled_used': nan, 'graph_retry_count': nan, 'input_view': 'raw', 'kv_cache': None, 'labeled_class_counts': '{0:4,1:16,2:10,3:20}', 'labeled_classes_present': 4, 'max_labeled_per_class': 20, 'max_selected_confidence': nan, 'mean_selected_confidence': nan, 'mean_selected_density': nan, 'method': 'tabpfn3', 'method_fidelity': 'official', 'metric_accuracy': 0.5309607690929719, 'metric_average_precision': None, 'metric_balanced_accuracy': 0.3739821162823106, 'metric_brier': 0.5755028416506752, 'metric_ece': 0.03288306843498931, 'metric_log_loss': 1.0266373687206758, 'metric_macro_f1': 0.36366867011320825, 'metric_nll': 1.0266373687206758, 'metric_roc_auc': 0.6920259017698698, 'min_labeled_per_class': 4, 'min_selected_confidence': nan, 'n_classes': 4, 'n_features_after_preprocessing': 54, 'n_features_before_preprocessing': 54, 'n_labeled': 50, 'n_pseudo_added_last_iter': nan, 'n_pseudo_added_total': nan, 'n_unlabeled': 66936, 'neural_method': nan, 'neural_validation_strategy': nan, 'package_version': '8.1.0', 'peak_gpu_memory_mb': 769.333984375, 'pretrain_epochs_trained': nan, 'protocol': 'inductive', 'pseudo_label_class_distribution': nan, 'pseudo_label_fraction': nan, 'reference_family': 'TabPFN-3 / PriorLabs', 'runtime_seconds': 9.2617, 'seed': 1, 'self_training_iterations': nan, 'status': 'success', 'stopped_reason': nan, 'test_class_counts': '{0:337,1:5758,2:2947,3:7705}', 'test_size': 16747, 'timestamp_utc': '2026-07-22T15:01:59.809332+00:00', 'train_labeled_size': 40, 'train_pool_class_counts': '{0:1350,1:23032,2:11787,3:30817}', 'unlabeled_class_counts': '{0:1346,1:23016,2:11777,3:30797}', 'val_class_counts': '{0:1,1:3,2:2,3:4}', 'val_size': 10, 'validation_strategy': 'stratified_labeled_val', 'warm_inference_seconds': 2.225524908863008}",,False,2.225524908863008
tabpfn3,/private/ofirlin-lab/suissad4/caches/tabpfn/tabpfn-v3-classifier-v3_default.ckpt,,,nogit:afd539c9e2f221fc,,12.4,jannis,gpu,False,,,3f9236be15390304,,ssl-tfm,"{'cuda_available': True, 'cuda_version': '12.4', 'env_name': None, 'env_prefix': '/private/ofirlin-lab/suissad4/envs/micromamba', 'gpu_count': 1, 'gpu_name': 'NVIDIA A100 80GB PCIe', 'hostname': 'dsiuriofir01', 'packages': {'catboost': '1.2.10', 'lightgbm': '4.7.0', 'numpy': '2.4.6', 'pandas': '3.0.3', 'scikit-learn': '1.9.0', 'tabicl': '2.1.1', 'tabpfn': '8.1.0', 'torch': '2.6.0+cu124', 'xgboost': None}, 'platform': 'Linux-5.14.0-687.15.1.el9_8.x86_64-x86_64-with-glibc2.34', 'python': '3.11.15 | packaged by conda-forge | (main, Jun 11 2026, 03:34:02) [GCC 14.3.0]', 'python_version': '3.11.15', 'torch_available': True, 'torch_version': '2.6.0+cu124'}",,,NVIDIA A100 80GB PCIe,dsiuriofir01,raw,,tabpfn3,{},44136fa355b3678a,tfm_frozen,official,0.5396190362452976,,0.34618432388723586,0.5800495453315943,0.023788656985384307,1.039745573671667,0.3425805467083457,1.039745573671667,0.6761928144804006,100,,False,,8.1.0,,inductive,Hollmann et al. TabPFN / TabPFN-3,jannis__tabpfn3__s2__n100__083d8c86baa3a87a,10.1316,2,225,18455348,v1_absolute_budget,success,True,2026-07-22T15:02:51.021262+00:00,"{'all_classes_present_in_labeled': True, 'backbone': 'tabpfn3', 'best_epoch': nan, 'best_val_loss': nan, 'checkpoint': '/private/ofirlin-lab/suissad4/caches/tabpfn/tabpfn-v3-classifier-v3_default.ckpt', 'cold_load_seconds': 0.8834173898212612, 'dataset': 'jannis', 'dataset_id': 41168, 'embedding_source': None, 'epochs_trained': nan, 'error_message': None, 'final_train_loss': nan, 'finetune_epochs_trained': nan, 'graph_n_neighbors_used': nan, 'graph_n_rows': nan, 'graph_n_unlabeled_used': nan, 'graph_retry_count': nan, 'input_view': 'raw', 'kv_cache': None, 'labeled_class_counts': '{0:7,1:32,2:19,3:42}', 'labeled_classes_present': 4, 'max_labeled_per_class': 42, 'max_selected_confidence': nan, 'mean_selected_confidence': nan, 'mean_selected_density': nan, 'method': 'tabpfn3', 'method_fidelity': 'official', 'metric_accuracy': 0.5396190362452976, 'metric_average_precision': None, 'metric_balanced_accuracy': 0.34618432388723586, 'metric_brier': 0.5800495453315943, 'metric_ece': 0.023788656985384307, 'metric_log_loss': 1.039745573671667, 'metric_macro_f1': 0.3425805467083457, 'metric_nll': 1.039745573671667, 'metric_roc_auc': 0.6761928144804006, 'min_labeled_per_class': 7, 'min_selected_confidence': nan, 'n_classes': 4, 'n_features_after_preprocessing': 54, 'n_features_before_preprocessing': 54, 'n_labeled': 100, 'n_pseudo_added_last_iter': nan, 'n_pseudo_added_total': nan, 'n_unlabeled': 66886, 'neural_method': nan, 'neural_validation_strategy': nan, 'package_version': '8.1.0', 'peak_gpu_memory_mb': 801.4169921875, 'pretrain_epochs_trained': nan, 'protocol': 'inductive', 'pseudo_label_class_distribution': nan, 'pseudo_label_fraction': nan, 'reference_family': 'TabPFN-3 / PriorLabs', 'runtime_seconds': 10.1316, 'seed': 2, 'self_training_iterations': nan, 'status': 'success', 'stopped_reason': nan, 'test_class_counts': '{0:337,1:5758,2:2947,3:7705}', 'test_size': 16747, 'timestamp_utc': '2026-07-22T15:02:40.867039+00:00', 'train_labeled_size': 80, 'train_pool_class_counts': '{0:1350,1:23032,2:11787,3:30817}', 'unlabeled_class_counts': '{0:1343,1:23000,2:11768,3:30775}', 'val_class_counts': '{0:2,1:6,2:4,3:8}', 'val_size': 20, 'validation_strategy': 'stratified_labeled_val', 'warm_inference_seconds': 2.2544580111280084}",,False,2.2544580111280084
tabpfn3,/private/ofirlin-lab/suissad4/caches/tabpfn/tabpfn-v3-classifier-v3_default.ckpt,,,nogit:afd539c9e2f221fc,,12.4,jannis,gpu,False,,,3f9236be15390304,,ssl-tfm,"{'cuda_available': True, 'cuda_version': '12.4', 'env_name': None, 'env_prefix': '/private/ofirlin-lab/suissad4/envs/micromamba', 'gpu_count': 1, 'gpu_name': 'NVIDIA A100 80GB PCIe', 'hostname': 'dsiuriofir01', 'packages': {'catboost': '1.2.10', 'lightgbm': '4.7.0', 'numpy': '2.4.6', 'pandas': '3.0.3', 'scikit-learn': '1.9.0', 'tabicl': '2.1.1', 'tabpfn': '8.1.0', 'torch': '2.6.0+cu124', 'xgboost': None}, 'platform': 'Linux-5.14.0-687.15.1.el9_8.x86_64-x86_64-with-glibc2.34', 'python': '3.11.15 | packaged by conda-forge | (main, Jun 11 2026, 03:34:02) [GCC 14.3.0]', 'python_version': '3.11.15', 'torch_available': True, 'torch_version': '2.6.0+cu124'}",,,NVIDIA A100 80GB PCIe,dsiuriofir01,raw,,tabpfn3,{},44136fa355b3678a,tfm_frozen,official,0.6305606974383472,,0.4454845697041244,0.48620531576475734,0.016395498097799357,0.8704259097235274,0.45008359134265075,0.8704259097235274,0.7633838913583783,250,,False,,8.1.0,,inductive,Hollmann et al. TabPFN / TabPFN-3,jannis__tabpfn3__s2__n250__264d1495b77fdd20,9.5872,2,226,18455349,v1_absolute_budget,success,True,2026-07-22T15:02:52.348630+00:00,"{'all_classes_present_in_labeled': True, 'backbone': 'tabpfn3', 'best_epoch': nan, 'best_val_loss': nan, 'checkpoint': '/private/ofirlin-lab/suissad4/caches/tabpfn/tabpfn-v3-classifier-v3_default.ckpt', 'cold_load_seconds': 0.8565075099468231, 'dataset': 'jannis', 'dataset_id': 41168, 'embedding_source': None, 'epochs_trained': nan, 'error_message': None, 'final_train_loss': nan, 'finetune_epochs_trained': nan, 'graph_n_neighbors_used': nan, 'graph_n_rows': nan, 'graph_n_unlabeled_used': nan, 'graph_retry_count': nan, 'input_view': 'raw', 'kv_cache': None, 'labeled_class_counts': '{0:10,1:84,2:45,3:111}', 'labeled_classes_present': 4, 'max_labeled_per_class': 111, 'max_selected_confidence': nan, 'mean_selected_confidence': nan, 'mean_selected_density': nan, 'method': 'tabpfn3', 'method_fidelity': 'official', 'metric_accuracy': 0.6305606974383472, 'metric_average_precision': None, 'metric_balanced_accuracy': 0.4454845697041244, 'metric_brier': 0.48620531576475734, 'metric_ece': 0.016395498097799357, 'metric_log_loss': 0.8704259097235274, 'metric_macro_f1': 0.45008359134265075, 'metric_nll': 0.8704259097235274, 'metric_roc_auc': 0.7633838913583783, 'min_labeled_per_class': 10, 'min_selected_confidence': nan, 'n_classes': 4, 'n_features_after_preprocessing': 54, 'n_features_before_preprocessing': 54, 'n_labeled': 250, 'n_pseudo_added_last_iter': nan, 'n_pseudo_added_total': nan, 'n_unlabeled': 66736, 'neural_method': nan, 'neural_validation_strategy': nan, 'package_version': '8.1.0', 'peak_gpu_memory_mb': 834.13330078125, 'pretrain_epochs_trained': nan, 'protocol': 'inductive', 'pseudo_label_class_distribution': nan, 'pseudo_label_fraction': nan, 'reference_family': 'TabPFN-3 / PriorLabs', 'runtime_seconds': 9.5872, 'seed': 2, 'self_training_iterations': nan, 'status': 'success', 'stopped_reason': nan, 'test_class_counts': '{0:337,1:5758,2:2947,3:7705}', 'test_size': 16747, 'timestamp_utc': '2026-07-22T15:02:42.740889+00:00', 'train_labeled_size': 200, 'train_pool_class_counts': '{0:1350,1:23032,2:11787,3:30817}', 'unlabeled_class_counts': '{0:1340,1:22948,2:11742,3:30706}', 'val_class_counts': '{0:2,1:17,2:9,3:22}', 'val_size': 50, 'validation_strategy': 'stratified_labeled_val', 'warm_inference_seconds': 2.3257759511470795}",,False,2.3257759511470795
tabpfn3,/private/ofirlin-lab/suissad4/caches/tabpfn/tabpfn-v3-classifier-v3_default.ckpt,,,nogit:afd539c9e2f221fc,,12.4,jannis,gpu,False,,,3f9236be15390304,,ssl-tfm,"{'cuda_available': True, 'cuda_version': '12.4', 'env_name': None, 'env_prefix': '/private/ofirlin-lab/suissad4/envs/micromamba', 'gpu_count': 1, 'gpu_name': 'NVIDIA A100 80GB PCIe', 'hostname': 'dsiuriofir01', 'packages': {'catboost': '1.2.10', 'lightgbm': '4.7.0', 'numpy': '2.4.6', 'pandas': '3.0.3', 'scikit-learn': '1.9.0', 'tabicl': '2.1.1', 'tabpfn': '8.1.0', 'torch': '2.6.0+cu124', 'xgboost': None}, 'platform': 'Linux-5.14.0-687.15.1.el9_8.x86_64-x86_64-with-glibc2.34', 'python': '3.11.15 | packaged by conda-forge | (main, Jun 11 2026, 03:34:02) [GCC 14.3.0]', 'python_version': '3.11.15', 'torch_available': True, 'torch_version': '2.6.0+cu124'}",,,NVIDIA A100 80GB PCIe,dsiuriofir01,raw,,tabpfn3,{},44136fa355b3678a,tfm_frozen,official,0.6367707649131188,,0.4545586568491521,0.47356224868781727,0.021847676574962623,0.8325663611838363,0.4597200222704863,0.8325663611838363,0.804656520525053,500,,False,,8.1.0,,inductive,Hollmann et al. TabPFN / TabPFN-3,jannis__tabpfn3__s2__n500__1c88a55466d2a3cb,10.3483,2,227,18455350,v1_absolute_budget,success,True,2026-07-22T15:03:06.277727+00:00,"{'all_classes_present_in_labeled': True, 'backbone': 'tabpfn3', 'best_epoch': nan, 'best_val_loss': nan, 'checkpoint': '/private/ofirlin-lab/suissad4/caches/tabpfn/tabpfn-v3-classifier-v3_default.ckpt', 'cold_load_seconds': 0.8792577311396599, 'dataset': 'jannis', 'dataset_id': 41168, 'embedding_source': None, 'epochs_trained': nan, 'error_message': None, 'final_train_loss': nan, 'finetune_epochs_trained': nan, 'graph_n_neighbors_used': nan, 'graph_n_rows': nan, 'graph_n_unlabeled_used': nan, 'graph_retry_count': nan, 'input_view': 'raw', 'kv_cache': None, 'labeled_class_counts': '{0:15,1:170,2:89,3:226}', 'labeled_classes_present': 4, 'max_labeled_per_class': 226, 'max_selected_confidence': nan, 'mean_selected_confidence': nan, 'mean_selected_density': nan, 'method': 'tabpfn3', 'method_fidelity': 'official', 'metric_accuracy': 0.6367707649131188, 'metric_average_precision': None, 'metric_balanced_accuracy': 0.4545586568491521, 'metric_brier': 0.47356224868781727, 'metric_ece': 0.021847676574962623, 'metric_log_loss': 0.8325663611838363, 'metric_macro_f1': 0.4597200222704863, 'metric_nll': 0.8325663611838363, 'metric_roc_auc': 0.804656520525053, 'min_labeled_per_class': 15, 'min_selected_confidence': nan, 'n_classes': 4, 'n_features_after_preprocessing': 54, 'n_features_before_preprocessing': 54, 'n_labeled': 500, 'n_pseudo_added_last_iter': nan, 'n_pseudo_added_total': nan, 'n_unlabeled': 66486, 'neural_method': nan, 'neural_validation_strategy': nan, 'package_version': '8.1.0', 'peak_gpu_memory_mb': 834.59521484375, 'pretrain_epochs_trained': nan, 'protocol': 'inductive', 'pseudo_label_class_distribution': nan, 'pseudo_label_fraction': nan, 'reference_family': 'TabPFN-3 / PriorLabs', 'runtime_seconds': 10.3483, 'seed': 2, 'self_training_iterations': nan, 'status': 'success', 'stopped_reason': nan, 'test_class_counts': '{0:337,1:5758,2:2947,3:7705}', 'test_size': 16747, 'timestamp_utc': '2026-07-22T15:02:55.907554+00:00', 'train_labeled_size': 400, 'train_pool_class_counts': '{0:1350,1:23032,2:11787,3:30817}', 'unlabeled_class_counts': '{0:1335,1:22862,2:11698,3:30591}', 'val_class_counts': '{0:3,1:34,2:18,3:45}', 'val_size': 100, 'validation_strategy': 'stratified_labeled_val', 'warm_inference_seconds': 2.3809653450734913}",,False,2.3809653450734913
tabpfn3,/private/ofirlin-lab/suissad4/caches/tabpfn/tabpfn-v3-classifier-v3_default.ckpt,,,nogit:afd539c9e2f221fc,,12.4,jannis,gpu,False,,,3f9236be15390304,,ssl-tfm,"{'cuda_available': True, 'cuda_version': '12.4', 'env_name': None, 'env_prefix': '/private/ofirlin-lab/suissad4/envs/micromamba', 'gpu_count': 1, 'gpu_name': 'NVIDIA A100 80GB PCIe', 'hostname': 'dsiuriofir01', 'packages': {'catboost': '1.2.10', 'lightgbm': '4.7.0', 'numpy': '2.4.6', 'pandas': '3.0.3', 'scikit-learn': '1.9.0', 'tabicl': '2.1.1', 'tabpfn': '8.1.0', 'torch': '2.6.0+cu124', 'xgboost': None}, 'platform': 'Linux-5.14.0-687.15.1.el9_8.x86_64-x86_64-with-glibc2.34', 'python': '3.11.15 | packaged by conda-forge | (main, Jun 11 2026, 03:34:02) [GCC 14.3.0]', 'python_version': '3.11.15', 'torch_available': True, 'torch_version': '2.6.0+cu124'}",,,NVIDIA A100 80GB PCIe,dsiuriofir01,raw,,tabpfn3,{},44136fa355b3678a,tfm_frozen,official,0.5412909774885054,,0.345423227310512,0.6039908249723311,0.08778189793663858,1.0973000039502117,0.3407503107321686,1.0973000039502117,0.6034731522973656,50,,False,,8.1.0,,inductive,Hollmann et al. TabPFN / TabPFN-3,jannis__tabpfn3__s2__n50__34b6332c1365f499,9.2439,2,224,18455347,v1_absolute_budget,success,True,2026-07-22T15:02:37.945743+00:00,"{'all_classes_present_in_labeled': True, 'backbone': 'tabpfn3', 'best_epoch': nan, 'best_val_loss': nan, 'checkpoint': '/private/ofirlin-lab/suissad4/caches/tabpfn/tabpfn-v3-classifier-v3_default.ckpt', 'cold_load_seconds': 0.8520750547759235, 'dataset': 'jannis', 'dataset_id': 41168, 'embedding_source': None, 'epochs_trained': nan, 'error_message': None, 'final_train_loss': nan, 'finetune_epochs_trained': nan, 'graph_n_neighbors_used': nan, 'graph_n_rows': nan, 'graph_n_unlabeled_used': nan, 'graph_retry_count': nan, 'input_view': 'raw', 'kv_cache': None, 'labeled_class_counts': '{0:4,1:16,2:10,3:20}', 'labeled_classes_present': 4, 'max_labeled_per_class': 20, 'max_selected_confidence': nan, 'mean_selected_confidence': nan, 'mean_selected_density': nan, 'method': 'tabpfn3', 'method_fidelity': 'official', 'metric_accuracy': 0.5412909774885054, 'metric_average_precision': None, 'metric_balanced_accuracy': 0.345423227310512, 'metric_brier': 0.6039908249723311, 'metric_ece': 0.08778189793663858, 'metric_log_loss': 1.0973000039502117, 'metric_macro_f1': 0.3407503107321686, 'metric_nll': 1.0973000039502117, 'metric_roc_auc': 0.6034731522973656, 'min_labeled_per_class': 4, 'min_selected_confidence': nan, 'n_classes': 4, 'n_features_after_preprocessing': 54, 'n_features_before_preprocessing': 54, 'n_labeled': 50, 'n_pseudo_added_last_iter': nan, 'n_pseudo_added_total': nan, 'n_unlabeled': 66936, 'neural_method': nan, 'neural_validation_strategy': nan, 'package_version': '8.1.0', 'peak_gpu_memory_mb': 769.333984375, 'pretrain_epochs_trained': nan, 'protocol': 'inductive', 'pseudo_label_class_distribution': nan, 'pseudo_label_fraction': nan, 'reference_family': 'TabPFN-3 / PriorLabs', 'runtime_seconds': 9.2439, 'seed': 2, 'self_training_iterations': nan, 'status': 'success', 'stopped_reason': nan, 'test_class_counts': '{0:337,1:5758,2:2947,3:7705}', 'test_size': 16747, 'timestamp_utc': '2026-07-22T15:02:28.682724+00:00', 'train_labeled_size': 40, 'train_pool_class_counts': '{0:1350,1:23032,2:11787,3:30817}', 'unlabeled_class_counts': '{0:1346,1:23016,2:11777,3:30797}', 'val_class_counts': '{0:1,1:3,2:2,3:4}', 'val_size': 10, 'validation_strategy': 'stratified_labeled_val', 'warm_inference_seconds': 2.2252014693804085}",,False,2.2252014693804085
tabiclv2,tabicl-classifier-v2-20260212.ckpt,,,nogit:afd539c9e2f221fc,,12.4,phoneme,gpu,False,,,3f9236be15390304,,ssl-tfm,"{'cuda_available': True, 'cuda_version': '12.4', 'env_name': None, 'env_prefix': '/private/ofirlin-lab/suissad4/envs/micromamba', 'gpu_count': 1, 'gpu_name': 'NVIDIA A100 80GB PCIe', 'hostname': 'dsiuriofir01', 'packages': {'catboost': '1.2.10', 'lightgbm': '4.7.0', 'numpy': '2.4.6', 'pandas': '3.0.3', 'scikit-learn': '1.9.0', 'tabicl': '2.1.1', 'tabpfn': '8.1.0', 'torch': '2.6.0+cu124', 'xgboost': None}, 'platform': 'Linux-5.14.0-687.15.1.el9_8.x86_64-x86_64-with-glibc2.34', 'python': '3.11.15 | packaged by conda-forge | (main, Jun 11 2026, 03:34:02) [GCC 14.3.0]', 'python_version': '3.11.15', 'torch_available': True, 'torch_version': '2.6.0+cu124'}",,,NVIDIA A100 80GB PCIe,dsiuriofir01,raw,True,tabiclv2,{},44136fa355b3678a,tfm_frozen,official,0.81313598519889,0.7511857840750292,0.7524464465621749,0.24433684913095077,0.026551460578075288,0.3786617386039833,0.7635587567782955,0.3786617386039833,0.8890572613011379,100,,False,,unknown,,inductive,TabICL / TabICLv2,phoneme__tabiclv2__s0__n100__1c62b60efe834ce5,3.6311,0,13,18450842,v1_absolute_budget,success,True,2026-07-22T14:34:28.497493+00:00,"{'all_classes_present_in_labeled': True, 'backbone': 'tabiclv2', 'best_epoch': nan, 'best_val_loss': nan, 'checkpoint': 'tabicl-classifier-v2-20260212.ckpt', 'cold_load_seconds': 0.7299096640199423, 'dataset': 'phoneme', 'dataset_id': 1489, 'embedding_source': None, 'epochs_trained': nan, 'error_message': None, 'final_train_loss': nan, 'finetune_epochs_trained': nan, 'graph_n_neighbors_used': nan, 'graph_n_rows': nan, 'graph_n_unlabeled_used': nan, 'graph_retry_count': nan, 'input_view': 'raw', 'kv_cache': True, 'labeled_class_counts': '{1:69,2:31}', 'labeled_classes_present': 2, 'max_labeled_per_class': 69, 'max_selected_confidence': nan, 'mean_selected_confidence': nan, 'mean_selected_density': nan, 'method': 'tabiclv2', 'method_fidelity': 'official', 'metric_accuracy': 0.81313598519889, 'metric_average_precision': 0.7511857840750292, 'metric_balanced_accuracy': 0.7524464465621749, 'metric_brier': 0.24433684913095077, 'metric_ece': 0.026551460578075288, 'metric_log_loss': 0.3786617386039833, 'metric_macro_f1': 0.7635587567782955, 'metric_nll': 0.3786617386039833, 'metric_roc_auc': 0.8890572613011379, 'min_labeled_per_class': 31, 'min_selected_confidence': nan, 'n_classes': 2, 'n_features_after_preprocessing': 5, 'n_features_before_preprocessing': 5, 'n_labeled': 100, 'n_pseudo_added_last_iter': nan, 'n_pseudo_added_total': nan, 'n_unlabeled': 4223, 'neural_method': nan, 'neural_validation_strategy': nan, 'package_version': 'unknown', 'peak_gpu_memory_mb': 370.79833984375, 'pretrain_epochs_trained': nan, 'protocol': 'inductive', 'pseudo_label_class_distribution': nan, 'pseudo_label_fraction': nan, 'reference_family': 'TabICLv2 / soda-inria/tabicl', 'runtime_seconds': 3.6311, 'seed': 0, 'self_training_iterations': nan, 'status': 'success', 'stopped_reason': nan, 'test_class_counts': '{1:764,2:317}', 'test_size': 1081, 'timestamp_utc': '2026-07-22T14:34:24.847057+00:00', 'train_labeled_size': 80, 'train_pool_class_counts': '{1:3054,2:1269}', 'unlabeled_class_counts': '{1:2985,2:1238}', 'val_class_counts': '{1:14,2:6}', 'val_size': 20, 'validation_strategy': 'stratified_labeled_val', 'warm_inference_seconds': 0.09710506489500403}",,False,0.09710506489500403
tabiclv2,tabicl-classifier-v2-20260212.ckpt,,,nogit:afd539c9e2f221fc,,12.4,phoneme,gpu,False,,,3f9236be15390304,,ssl-tfm,"{'cuda_available': True, 'cuda_version': '12.4', 'env_name': None, 'env_prefix': '/private/ofirlin-lab/suissad4/envs/micromamba', 'gpu_count': 1, 'gpu_name': 'NVIDIA A100 80GB PCIe', 'hostname': 'dsiuriofir01', 'packages': {'catboost': '1.2.10', 'lightgbm': '4.7.0', 'numpy': '2.4.6', 'pandas': '3.0.3', 'scikit-learn': '1.9.0', 'tabicl': '2.1.1', 'tabpfn': '8.1.0', 'torch': '2.6.0+cu124', 'xgboost': None}, 'platform': 'Linux-5.14.0-687.15.1.el9_8.x86_64-x86_64-with-glibc2.34', 'python': '3.11.15 | packaged by conda-forge | (main, Jun 11 2026, 03:34:02) [GCC 14.3.0]', 'python_version': '3.11.15', 'torch_available': True, 'torch_version': '2.6.0+cu124'}",,,NVIDIA A100 80GB PCIe,dsiuriofir01,raw,True,tabiclv2,{},44136fa355b3678a,tfm_frozen,official,0.8094357076780758,0.7414978916953318,0.7839736072802946,0.26878951154066316,0.07866800215749475,0.41336133462479563,0.7761211736130101,0.41336133462479563,0.8789824433910847,250,,False,,unknown,,inductive,TabICL / TabICLv2,phoneme__tabiclv2__s0__n250__d213412b0b8304d8,3.735,0,14,18450843,v1_absolute_budget,success,True,2026-07-22T14:34:36.127396+00:00,"{'all_classes_present_in_labeled': True, 'backbone': 'tabiclv2', 'best_epoch': nan, 'best_val_loss': nan, 'checkpoint': 'tabicl-classifier-v2-20260212.ckpt', 'cold_load_seconds': 0.855613477062434, 'dataset': 'phoneme', 'dataset_id': 1489, 'embedding_source': None, 'epochs_trained': nan, 'error_message': None, 'final_train_loss': nan, 'finetune_epochs_trained': nan, 'graph_n_neighbors_used': nan, 'graph_n_rows': nan, 'graph_n_unlabeled_used': nan, 'graph_retry_count': nan, 'input_view': 'raw', 'kv_cache': True, 'labeled_class_counts': '{1:175,2:75}', 'labeled_classes_present': 2, 'max_labeled_per_class': 175, 'max_selected_confidence': nan, 'mean_selected_confidence': nan, 'mean_selected_density': nan, 'method': 'tabiclv2', 'method_fidelity': 'official', 'metric_accuracy': 0.8094357076780758, 'metric_average_precision': 0.7414978916953318, 'metric_balanced_accuracy': 0.7839736072802946, 'metric_brier': 0.26878951154066316, 'metric_ece': 0.07866800215749475, 'metric_log_loss': 0.41336133462479563, 'metric_macro_f1': 0.7761211736130101, 'metric_nll': 0.41336133462479563, 'metric_roc_auc': 0.8789824433910847, 'min_labeled_per_class': 75, 'min_selected_confidence': nan, 'n_classes': 2, 'n_features_after_preprocessing': 5, 'n_features_before_preprocessing': 5, 'n_labeled': 250, 'n_pseudo_added_last_iter': nan, 'n_pseudo_added_total': nan, 'n_unlabeled': 4073, 'neural_method': nan, 'neural_validation_strategy': nan, 'package_version': 'unknown', 'peak_gpu_memory_mb': 419.57958984375, 'pretrain_epochs_trained': nan, 'protocol': 'inductive', 'pseudo_label_class_distribution': nan, 'pseudo_label_fraction': nan, 'reference_family': 'TabICLv2 / soda-inria/tabicl', 'runtime_seconds': 3.735, 'seed': 0, 'self_training_iterations': nan, 'status': 'success', 'stopped_reason': nan, 'test_class_counts': '{1:764,2:317}', 'test_size': 1081, 'timestamp_utc': '2026-07-22T14:34:32.373532+00:00', 'train_labeled_size': 200, 'train_pool_class_counts': '{1:3054,2:1269}', 'unlabeled_class_counts': '{1:2879,2:1194}', 'val_class_counts': '{1:35,2:15}', 'val_size': 50, 'validation_strategy': 'stratified_labeled_val', 'warm_inference_seconds': 0.09244376327842474}",,False,0.09244376327842474
tabiclv2,tabicl-classifier-v2-20260212.ckpt,,,nogit:afd539c9e2f221fc,,12.4,phoneme,gpu,False,,,3f9236be15390304,,ssl-tfm,"{'cuda_available': True, 'cuda_version': '12.4', 'env_name': None, 'env_prefix': '/private/ofirlin-lab/suissad4/envs/micromamba', 'gpu_count': 1, 'gpu_name': 'NVIDIA A100 80GB PCIe', 'hostname': 'dsiuriofir01', 'packages': {'catboost': '1.2.10', 'lightgbm': '4.7.0', 'numpy': '2.4.6', 'pandas': '3.0.3', 'scikit-learn': '1.9.0', 'tabicl': '2.1.1', 'tabpfn': '8.1.0', 'torch': '2.6.0+cu124', 'xgboost': None}, 'platform': 'Linux-5.14.0-687.15.1.el9_8.x86_64-x86_64-with-glibc2.34', 'python': '3.11.15 | packaged by conda-forge | (main, Jun 11 2026, 03:34:02) [GCC 14.3.0]', 'python_version': '3.11.15', 'torch_available': True, 'torch_version': '2.6.0+cu124'}",,,NVIDIA A100 80GB PCIe,dsiuriofir01,raw,True,tabiclv2,{},44136fa355b3678a,tfm_frozen,official,0.818686401480111,0.7652039620185777,0.7831354154623681,0.2342067826479922,0.016383845712291612,0.3551856849653801,0.7820905223837615,0.3551856849653801,0.8987480800039639,500,,False,,unknown,,inductive,TabICL / TabICLv2,phoneme__tabiclv2__s0__n500__53620299661e6600,3.6364,0,15,18450900,v1_absolute_budget,success,True,2026-07-22T14:34:43.323001+00:00,"{'all_classes_present_in_labeled': True, 'backbone': 'tabiclv2', 'best_epoch': nan, 'best_val_loss': nan, 'checkpoint': 'tabicl-classifier-v2-20260212.ckpt', 'cold_load_seconds': 0.7131714918650687, 'dataset': 'phoneme', 'dataset_id': 1489, 'embedding_source': None, 'epochs_trained': nan, 'error_message': None, 'final_train_loss': nan, 'finetune_epochs_trained': nan, 'graph_n_neighbors_used': nan, 'graph_n_rows': nan, 'graph_n_unlabeled_used': nan, 'graph_retry_count': nan, 'input_view': 'raw', 'kv_cache': True, 'labeled_class_counts': '{1:351,2:149}', 'labeled_classes_present': 2, 'max_labeled_per_class': 351, 'max_selected_confidence': nan, 'mean_selected_confidence': nan, 'mean_selected_density': nan, 'method': 'tabiclv2', 'method_fidelity': 'official', 'metric_accuracy': 0.818686401480111, 'metric_average_precision': 0.7652039620185777, 'metric_balanced_accuracy': 0.7831354154623681, 'metric_brier': 0.2342067826479922, 'metric_ece': 0.016383845712291612, 'metric_log_loss': 0.3551856849653801, 'metric_macro_f1': 0.7820905223837615, 'metric_nll': 0.3551856849653801, 'metric_roc_auc': 0.8987480800039639, 'min_labeled_per_class': 149, 'min_selected_confidence': nan, 'n_classes': 2, 'n_features_after_preprocessing': 5, 'n_features_before_preprocessing': 5, 'n_labeled': 500, 'n_pseudo_added_last_iter': nan, 'n_pseudo_added_total': nan, 'n_unlabeled': 3823, 'neural_method': nan, 'neural_validation_strategy': nan, 'package_version': 'unknown', 'peak_gpu_memory_mb': 489.57958984375, 'pretrain_epochs_trained': nan, 'protocol': 'inductive', 'pseudo_label_class_distribution': nan, 'pseudo_label_fraction': nan, 'reference_family': 'TabICLv2 / soda-inria/tabicl', 'runtime_seconds': 3.6364, 'seed': 0, 'self_training_iterations': nan, 'status': 'success', 'stopped_reason': nan, 'test_class_counts': '{1:764,2:317}', 'test_size': 1081, 'timestamp_utc': '2026-07-22T14:34:39.667999+00:00', 'train_labeled_size': 400, 'train_pool_class_counts': '{1:3054,2:1269}', 'unlabeled_class_counts': '{1:2703,2:1120}', 'val_class_counts': '{1:70,2:30}', 'val_size': 100, 'validation_strategy': 'stratified_labeled_val', 'warm_inference_seconds': 0.1011263388209045}",,False,0.1011263388209045
tabiclv2,tabicl-classifier-v2-20260212.ckpt,,,nogit:afd539c9e2f221fc,,12.4,phoneme,gpu,False,,,3f9236be15390304,,ssl-tfm,"{'cuda_available': True, 'cuda_version': '12.4', 'env_name': None, 'env_prefix': '/private/ofirlin-lab/suissad4/envs/micromamba', 'gpu_count': 1, 'gpu_name': 'NVIDIA A100 80GB PCIe', 'hostname': 'dsiuriofir01', 'packages': {'catboost': '1.2.10', 'lightgbm': '4.7.0', 'numpy': '2.4.6', 'pandas': '3.0.3', 'scikit-learn': '1.9.0', 'tabicl': '2.1.1', 'tabpfn': '8.1.0', 'torch': '2.6.0+cu124', 'xgboost': None}, 'platform': 'Linux-5.14.0-687.15.1.el9_8.x86_64-x86_64-with-glibc2.34', 'python': '3.11.15 | packaged by conda-forge | (main, Jun 11 2026, 03:34:02) [GCC 14.3.0]', 'python_version': '3.11.15', 'torch_available': True, 'torch_version': '2.6.0+cu124'}",,,NVIDIA A100 80GB PCIe,dsiuriofir01,raw,True,tabiclv2,{},44136fa355b3678a,tfm_frozen,official,0.782608695652174,0.6962379549254254,0.6930132789403274,0.27413105370045626,0.03779361005057051,0.4144827775167054,0.7088841140237788,0.4144827775167054,0.8643037640180355,50,,False,,unknown,,inductive,TabICL / TabICLv2,phoneme__tabiclv2__s0__n50__dc9c42bfdf671ba5,4.5594,0,12,18450841,v1_absolute_budget,success,True,2026-07-22T14:34:21.056286+00:00,"{'all_classes_present_in_labeled': True, 'backbone': 'tabiclv2', 'best_epoch': nan, 'best_val_loss': nan, 'checkpoint': 'tabicl-classifier-v2-20260212.ckpt', 'cold_load_seconds': 1.5639195651747286, 'dataset': 'phoneme', 'dataset_id': 1489, 'embedding_source': None, 'epochs_trained': nan, 'error_message': None, 'final_train_loss': nan, 'finetune_epochs_trained': nan, 'graph_n_neighbors_used': nan, 'graph_n_rows': nan, 'graph_n_unlabeled_used': nan, 'graph_retry_count': nan, 'input_view': 'raw', 'kv_cache': True, 'labeled_class_counts': '{1:34,2:16}', 'labeled_classes_present': 2, 'max_labeled_per_class': 34, 'max_selected_confidence': nan, 'mean_selected_confidence': nan, 'mean_selected_density': nan, 'method': 'tabiclv2', 'method_fidelity': 'official', 'metric_accuracy': 0.782608695652174, 'metric_average_precision': 0.6962379549254254, 'metric_balanced_accuracy': 0.6930132789403274, 'metric_brier': 0.27413105370045626, 'metric_ece': 0.03779361005057051, 'metric_log_loss': 0.4144827775167054, 'metric_macro_f1': 0.7088841140237788, 'metric_nll': 0.4144827775167054, 'metric_roc_auc': 0.8643037640180355, 'min_labeled_per_class': 16, 'min_selected_confidence': nan, 'n_classes': 2, 'n_features_after_preprocessing': 5, 'n_features_before_preprocessing': 5, 'n_labeled': 50, 'n_pseudo_added_last_iter': nan, 'n_pseudo_added_total': nan, 'n_unlabeled': 4273, 'neural_method': nan, 'neural_validation_strategy': nan, 'package_version': 'unknown', 'peak_gpu_memory_mb': 354.95458984375, 'pretrain_epochs_trained': nan, 'protocol': 'inductive', 'pseudo_label_class_distribution': nan, 'pseudo_label_fraction': nan, 'reference_family': 'TabICLv2 / soda-inria/tabicl', 'runtime_seconds': 4.5594, 'seed': 0, 'self_training_iterations': nan, 'status': 'success', 'stopped_reason': nan, 'test_class_counts': '{1:764,2:317}', 'test_size': 1081, 'timestamp_utc': '2026-07-22T14:34:16.477743+00:00', 'train_labeled_size': 40, 'train_pool_class_counts': '{1:3054,2:1269}', 'unlabeled_class_counts': '{1:3020,2:1253}', 'val_class_counts': '{1:7,2:3}', 'val_size': 10, 'validation_strategy': 'stratified_labeled_val', 'warm_inference_seconds': 0.09279905259609222}",,False,0.09279905259609222
tabiclv2,tabicl-classifier-v2-20260212.ckpt,,,nogit:afd539c9e2f221fc,,12.4,phoneme,gpu,False,,,3f9236be15390304,,ssl-tfm,"{'cuda_available': True, 'cuda_version': '12.4', 'env_name': None, 'env_prefix': '/private/ofirlin-lab/suissad4/envs/micromamba', 'gpu_count': 1, 'gpu_name': 'NVIDIA A100 80GB PCIe', 'hostname': 'dsiuriofir01', 'packages': {'catboost': '1.2.10', 'lightgbm': '4.7.0', 'numpy': '2.4.6', 'pandas': '3.0.3', 'scikit-learn': '1.9.0', 'tabicl': '2.1.1', 'tabpfn': '8.1.0', 'torch': '2.6.0+cu124', 'xgboost': None}, 'platform': 'Linux-5.14.0-687.15.1.el9_8.x86_64-x86_64-with-glibc2.34', 'python': '3.11.15 | packaged by conda-forge | (main, Jun 11 2026, 03:34:02) [GCC 14.3.0]', 'python_version': '3.11.15', 'torch_available': True, 'torch_version': '2.6.0+cu124'}",,,NVIDIA A100 80GB PCIe,dsiuriofir01,raw,True,tabiclv2,{},44136fa355b3678a,tfm_frozen,official,0.7807585568917669,0.6654692840171772,0.7433832394668605,0.289187856522717,0.0415207213489938,0.45085243577661904,0.7395474660477543,0.45085243577661904,0.8456447057657687,100,,False,,unknown,,inductive,TabICL / TabICLv2,phoneme__tabiclv2__s1__n100__c7ffde7ab2676099,3.5798,1,17,18451014,v1_absolute_budget,success,True,2026-07-22T14:34:58.380364+00:00,"{'all_classes_present_in_labeled': True, 'backbone': 'tabiclv2', 'best_epoch': nan, 'best_val_loss': nan, 'checkpoint': 'tabicl-classifier-v2-20260212.ckpt', 'cold_load_seconds': 0.7481501512229443, 'dataset': 'phoneme', 'dataset_id': 1489, 'embedding_source': None, 'epochs_trained': nan, 'error_message': None, 'final_train_loss': nan, 'finetune_epochs_trained': nan, 'graph_n_neighbors_used': nan, 'graph_n_rows': nan, 'graph_n_unlabeled_used': nan, 'graph_retry_count': nan, 'input_view': 'raw', 'kv_cache': True, 'labeled_class_counts': '{1:69,2:31}', 'labeled_classes_present': 2, 'max_labeled_per_class': 69, 'max_selected_confidence': nan, 'mean_selected_confidence': nan, 'mean_selected_density': nan, 'method': 'tabiclv2', 'method_fidelity': 'official', 'metric_accuracy': 0.7807585568917669, 'metric_average_precision': 0.6654692840171772, 'metric_balanced_accuracy': 0.7433832394668605, 'metric_brier': 0.289187856522717, 'metric_ece': 0.0415207213489938, 'metric_log_loss': 0.45085243577661904, 'metric_macro_f1': 0.7395474660477543, 'metric_nll': 0.45085243577661904, 'metric_roc_auc': 0.8456447057657687, 'min_labeled_per_class': 31, 'min_selected_confidence': nan, 'n_classes': 2, 'n_features_after_preprocessing': 5, 'n_features_before_preprocessing': 5, 'n_labeled': 100, 'n_pseudo_added_last_iter': nan, 'n_pseudo_added_total': nan, 'n_unlabeled': 4223, 'neural_method': nan, 'neural_validation_strategy': nan, 'package_version': 'unknown', 'peak_gpu_memory_mb': 370.79833984375, 'pretrain_epochs_trained': nan, 'protocol': 'inductive', 'pseudo_label_class_distribution': nan, 'pseudo_label_fraction': nan, 'reference_family': 'TabICLv2 / soda-inria/tabicl', 'runtime_seconds': 3.5798, 'seed': 1, 'self_training_iterations': nan, 'status': 'success', 'stopped_reason': nan, 'test_class_counts': '{1:764,2:317}', 'test_size': 1081, 'timestamp_utc': '2026-07-22T14:34:54.781902+00:00', 'train_labeled_size': 80, 'train_pool_class_counts': '{1:3054,2:1269}', 'unlabeled_class_counts': '{1:2985,2:1238}', 'val_class_counts': '{1:14,2:6}', 'val_size': 20, 'validation_strategy': 'stratified_labeled_val', 'warm_inference_seconds': 0.0970615241676569}",,False,0.0970615241676569
tabiclv2,tabicl-classifier-v2-20260212.ckpt,,,nogit:afd539c9e2f221fc,,12.4,phoneme,gpu,False,,,3f9236be15390304,,ssl-tfm,"{'cuda_available': True, 'cuda_version': '12.4', 'env_name': None, 'env_prefix': '/private/ofirlin-lab/suissad4/envs/micromamba', 'gpu_count': 1, 'gpu_name': 'NVIDIA A100 80GB PCIe', 'hostname': 'dsiuriofir01', 'packages': {'catboost': '1.2.10', 'lightgbm': '4.7.0', 'numpy': '2.4.6', 'pandas': '3.0.3', 'scikit-learn': '1.9.0', 'tabicl': '2.1.1', 'tabpfn': '8.1.0', 'torch': '2.6.0+cu124', 'xgboost': None}, 'platform': 'Linux-5.14.0-687.15.1.el9_8.x86_64-x86_64-with-glibc2.34', 'python': '3.11.15 | packaged by conda-forge | (main, Jun 11 2026, 03:34:02) [GCC 14.3.0]', 'python_version': '3.11.15', 'torch_available': True, 'torch_version': '2.6.0+cu124'}",,,NVIDIA A100 80GB PCIe,dsiuriofir01,raw,True,tabiclv2,{},44136fa355b3678a,tfm_frozen,official,0.8279370952821462,0.7437597519937869,0.794294102102499,0.23734813611389685,0.03596892610334656,0.3694801584407895,0.7932083528743861,0.3694801584407895,0.8951640874031744,250,,False,,unknown,,inductive,TabICL / TabICLv2,phoneme__tabiclv2__s1__n250__92a4f0ee8335ae37,3.7121,1,18,18451239,v1_absolute_budget,success,True,2026-07-22T14:35:05.780311+00:00,"{'all_classes_present_in_labeled': True, 'backbone': 'tabiclv2', 'best_epoch': nan, 'best_val_loss': nan, 'checkpoint': 'tabicl-classifier-v2-20260212.ckpt', 'cold_load_seconds': 0.7364392653107643, 'dataset': 'phoneme', 'dataset_id': 1489, 'embedding_source': None, 'epochs_trained': nan, 'error_message': None, 'final_train_loss': nan, 'finetune_epochs_trained': nan, 'graph_n_neighbors_used': nan, 'graph_n_rows': nan, 'graph_n_unlabeled_used': nan, 'graph_retry_count': nan, 'input_view': 'raw', 'kv_cache': True, 'labeled_class_counts': '{1:175,2:75}', 'labeled_classes_present': 2, 'max_labeled_per_class': 175, 'max_selected_confidence': nan, 'mean_selected_confidence': nan, 'mean_selected_density': nan, 'method': 'tabiclv2', 'method_fidelity': 'official', 'metric_accuracy': 0.8279370952821462, 'metric_average_precision': 0.7437597519937869, 'metric_balanced_accuracy': 0.794294102102499, 'metric_brier': 0.23734813611389685, 'metric_ece': 0.03596892610334656, 'metric_log_loss': 0.3694801584407895, 'metric_macro_f1': 0.7932083528743861, 'metric_nll': 0.3694801584407895, 'metric_roc_auc': 0.8951640874031744, 'min_labeled_per_class': 75, 'min_selected_confidence': nan, 'n_classes': 2, 'n_features_after_preprocessing': 5, 'n_features_before_preprocessing': 5, 'n_labeled': 250, 'n_pseudo_added_last_iter': nan, 'n_pseudo_added_total': nan, 'n_unlabeled': 4073, 'neural_method': nan, 'neural_validation_strategy': nan, 'package_version': 'unknown', 'peak_gpu_memory_mb': 419.57958984375, 'pretrain_epochs_trained': nan, 'protocol': 'inductive', 'pseudo_label_class_distribution': nan, 'pseudo_label_fraction': nan, 'reference_family': 'TabICLv2 / soda-inria/tabicl', 'runtime_seconds': 3.7121, 'seed': 1, 'self_training_iterations': nan, 'status': 'success', 'stopped_reason': nan, 'test_class_counts': '{1:764,2:317}', 'test_size': 1081, 'timestamp_utc': '2026-07-22T14:35:02.048383+00:00', 'train_labeled_size': 200, 'train_pool_class_counts': '{1:3054,2:1269}', 'unlabeled_class_counts': '{1:2879,2:1194}', 'val_class_counts': '{1:35,2:15}', 'val_size': 50, 'validation_strategy': 'stratified_labeled_val', 'warm_inference_seconds': 0.09252974018454552}",,False,0.09252974018454552
tabiclv2,tabicl-classifier-v2-20260212.ckpt,,,nogit:afd539c9e2f221fc,,12.4,phoneme,gpu,False,,,3f9236be15390304,,ssl-tfm,"{'cuda_available': True, 'cuda_version': '12.4', 'env_name': None, 'env_prefix': '/private/ofirlin-lab/suissad4/envs/micromamba', 'gpu_count': 1, 'gpu_name': 'NVIDIA A100 80GB PCIe', 'hostname': 'dsiuriofir01', 'packages': {'catboost': '1.2.10', 'lightgbm': '4.7.0', 'numpy': '2.4.6', 'pandas': '3.0.3', 'scikit-learn': '1.9.0', 'tabicl': '2.1.1', 'tabpfn': '8.1.0', 'torch': '2.6.0+cu124', 'xgboost': None}, 'platform': 'Linux-5.14.0-687.15.1.el9_8.x86_64-x86_64-with-glibc2.34', 'python': '3.11.15 | packaged by conda-forge | (main, Jun 11 2026, 03:34:02) [GCC 14.3.0]', 'python_version': '3.11.15', 'torch_available': True, 'torch_version': '2.6.0+cu124'}",,,NVIDIA A100 80GB PCIe,dsiuriofir01,raw,True,tabiclv2,{},44136fa355b3678a,tfm_frozen,official,0.8334875115633672,0.7892711373726782,0.7954522932597816,0.22105977551176487,0.032406810746603384,0.34503465808793393,0.7976362819488818,0.34503465808793393,0.9092770905247163,500,,False,,unknown,,inductive,TabICL / TabICLv2,phoneme__tabiclv2__s1__n500__99ef2f20acc3684e,4.302,1,19,18451296,v1_absolute_budget,success,True,2026-07-22T14:35:14.100206+00:00,"{'all_classes_present_in_labeled': True, 'backbone': 'tabiclv2', 'best_epoch': nan, 'best_val_loss': nan, 'checkpoint': 'tabicl-classifier-v2-20260212.ckpt', 'cold_load_seconds': 1.0933898030780256, 'dataset': 'phoneme', 'dataset_id': 1489, 'embedding_source': None, 'epochs_trained': nan, 'error_message': None, 'final_train_loss': nan, 'finetune_epochs_trained': nan, 'graph_n_neighbors_used': nan, 'graph_n_rows': nan, 'graph_n_unlabeled_used': nan, 'graph_retry_count': nan, 'input_view': 'raw', 'kv_cache': True, 'labeled_class_counts': '{1:351,2:149}', 'labeled_classes_present': 2, 'max_labeled_per_class': 351, 'max_selected_confidence': nan, 'mean_selected_confidence': nan, 'mean_selected_density': nan, 'method': 'tabiclv2', 'method_fidelity': 'official', 'metric_accuracy': 0.8334875115633672, 'metric_average_precision': 0.7892711373726782, 'metric_balanced_accuracy': 0.7954522932597816, 'metric_brier': 0.22105977551176487, 'metric_ece': 0.032406810746603384, 'metric_log_loss': 0.34503465808793393, 'metric_macro_f1': 0.7976362819488818, 'metric_nll': 0.34503465808793393, 'metric_roc_auc': 0.9092770905247163, 'min_labeled_per_class': 149, 'min_selected_confidence': nan, 'n_classes': 2, 'n_features_after_preprocessing': 5, 'n_features_before_preprocessing': 5, 'n_labeled': 500, 'n_pseudo_added_last_iter': nan, 'n_pseudo_added_total': nan, 'n_unlabeled': 3823, 'neural_method': nan, 'neural_validation_strategy': nan, 'package_version': 'unknown', 'peak_gpu_memory_mb': 489.57958984375, 'pretrain_epochs_trained': nan, 'protocol': 'inductive', 'pseudo_label_class_distribution': nan, 'pseudo_label_fraction': nan, 'reference_family': 'TabICLv2 / soda-inria/tabicl', 'runtime_seconds': 4.302, 'seed': 1, 'self_training_iterations': nan, 'status': 'success', 'stopped_reason': nan, 'test_class_counts': '{1:764,2:317}', 'test_size': 1081, 'timestamp_utc': '2026-07-22T14:35:09.779296+00:00', 'train_labeled_size': 400, 'train_pool_class_counts': '{1:3054,2:1269}', 'unlabeled_class_counts': '{1:2703,2:1120}', 'val_class_counts': '{1:70,2:30}', 'val_size': 100, 'validation_strategy': 'stratified_labeled_val', 'warm_inference_seconds': 0.10134538821876049}",,False,0.10134538821876049
tabiclv2,tabicl-classifier-v2-20260212.ckpt,,,nogit:afd539c9e2f221fc,,12.4,phoneme,gpu,False,,,3f9236be15390304,,ssl-tfm,"{'cuda_available': True, 'cuda_version': '12.4', 'env_name': None, 'env_prefix': '/private/ofirlin-lab/suissad4/envs/micromamba', 'gpu_count': 1, 'gpu_name': 'NVIDIA A100 80GB PCIe', 'hostname': 'dsiuriofir01', 'packages': {'catboost': '1.2.10', 'lightgbm': '4.7.0', 'numpy': '2.4.6', 'pandas': '3.0.3', 'scikit-learn': '1.9.0', 'tabicl': '2.1.1', 'tabpfn': '8.1.0', 'torch': '2.6.0+cu124', 'xgboost': None}, 'platform': 'Linux-5.14.0-687.15.1.el9_8.x86_64-x86_64-with-glibc2.34', 'python': '3.11.15 | packaged by conda-forge | (main, Jun 11 2026, 03:34:02) [GCC 14.3.0]', 'python_version': '3.11.15', 'torch_available': True, 'torch_version': '2.6.0+cu124'}",,,NVIDIA A100 80GB PCIe,dsiuriofir01,raw,True,tabiclv2,{},44136fa355b3678a,tfm_frozen,official,0.7631822386679001,0.5956968771760247,0.7420227261466299,0.3542462203262813,0.11553275148727729,0.5624454138976287,0.7283684991637154,0.5624454138976287,0.8177737955637768,50,,False,,unknown,,inductive,TabICL / TabICLv2,phoneme__tabiclv2__s1__n50__2945863f1e1b5278,3.764,1,16,18451013,v1_absolute_budget,success,True,2026-07-22T14:34:51.113435+00:00,"{'all_classes_present_in_labeled': True, 'backbone': 'tabiclv2', 'best_epoch': nan, 'best_val_loss': nan, 'checkpoint': 'tabicl-classifier-v2-20260212.ckpt', 'cold_load_seconds': 0.7923662336543202, 'dataset': 'phoneme', 'dataset_id': 1489, 'embedding_source': None, 'epochs_trained': nan, 'error_message': None, 'final_train_loss': nan, 'finetune_epochs_trained': nan, 'graph_n_neighbors_used': nan, 'graph_n_rows': nan, 'graph_n_unlabeled_used': nan, 'graph_retry_count': nan, 'input_view': 'raw', 'kv_cache': True, 'labeled_class_counts': '{1:34,2:16}', 'labeled_classes_present': 2, 'max_labeled_per_class': 34, 'max_selected_confidence': nan, 'mean_selected_confidence': nan, 'mean_selected_density': nan, 'method': 'tabiclv2', 'method_fidelity': 'official', 'metric_accuracy': 0.7631822386679001, 'metric_average_precision': 0.5956968771760247, 'metric_balanced_accuracy': 0.7420227261466299, 'metric_brier': 0.3542462203262813, 'metric_ece': 0.11553275148727729, 'metric_log_loss': 0.5624454138976287, 'metric_macro_f1': 0.7283684991637154, 'metric_nll': 0.5624454138976287, 'metric_roc_auc': 0.8177737955637768, 'min_labeled_per_class': 16, 'min_selected_confidence': nan, 'n_classes': 2, 'n_features_after_preprocessing': 5, 'n_features_before_preprocessing': 5, 'n_labeled': 50, 'n_pseudo_added_last_iter': nan, 'n_pseudo_added_total': nan, 'n_unlabeled': 4273, 'neural_method': nan, 'neural_validation_strategy': nan, 'package_version': 'unknown', 'peak_gpu_memory_mb': 354.95458984375, 'pretrain_epochs_trained': nan, 'protocol': 'inductive', 'pseudo_label_class_distribution': nan, 'pseudo_label_fraction': nan, 'reference_family': 'TabICLv2 / soda-inria/tabicl', 'runtime_seconds': 3.764, 'seed': 1, 'self_training_iterations': nan, 'status': 'success', 'stopped_reason': nan, 'test_class_counts': '{1:764,2:317}', 'test_size': 1081, 'timestamp_utc': '2026-07-22T14:34:47.329921+00:00', 'train_labeled_size': 40, 'train_pool_class_counts': '{1:3054,2:1269}', 'unlabeled_class_counts': '{1:3020,2:1253}', 'val_class_counts': '{1:7,2:3}', 'val_size': 10, 'validation_strategy': 'stratified_labeled_val', 'warm_inference_seconds': 0.09265542915090919}",,False,0.09265542915090919
tabiclv2,tabicl-classifier-v2-20260212.ckpt,,,nogit:afd539c9e2f221fc,,12.4,phoneme,gpu,False,,,3f9236be15390304,,ssl-tfm,"{'cuda_available': True, 'cuda_version': '12.4', 'env_name': None, 'env_prefix': '/private/ofirlin-lab/suissad4/envs/micromamba', 'gpu_count': 1, 'gpu_name': 'NVIDIA A100 80GB PCIe', 'hostname': 'dsiuriofir01', 'packages': {'catboost': '1.2.10', 'lightgbm': '4.7.0', 'numpy': '2.4.6', 'pandas': '3.0.3', 'scikit-learn': '1.9.0', 'tabicl': '2.1.1', 'tabpfn': '8.1.0', 'torch': '2.6.0+cu124', 'xgboost': None}, 'platform': 'Linux-5.14.0-687.15.1.el9_8.x86_64-x86_64-with-glibc2.34', 'python': '3.11.15 | packaged by conda-forge | (main, Jun 11 2026, 03:34:02) [GCC 14.3.0]', 'python_version': '3.11.15', 'torch_available': True, 'torch_version': '2.6.0+cu124'}",,,NVIDIA A100 80GB PCIe,dsiuriofir01,raw,True,tabiclv2,{},44136fa355b3678a,tfm_frozen,official,0.7964847363552267,0.6890978557831904,0.776656977224305,0.2881693029265668,0.09244430721520412,0.46114126770429203,0.7643853530950304,0.46114126770429203,0.866843113614217,100,,False,,unknown,,inductive,TabICL / TabICLv2,phoneme__tabiclv2__s2__n100__af701a1d56d8b5dc,3.6109,2,21,18451298,v1_absolute_budget,success,True,2026-07-22T14:35:29.565769+00:00,"{'all_classes_present_in_labeled': True, 'backbone': 'tabiclv2', 'best_epoch': nan, 'best_val_loss': nan, 'checkpoint': 'tabicl-classifier-v2-20260212.ckpt', 'cold_load_seconds': 0.7160071018151939, 'dataset': 'phoneme', 'dataset_id': 1489, 'embedding_source': None, 'epochs_trained': nan, 'error_message': None, 'final_train_loss': nan, 'finetune_epochs_trained': nan, 'graph_n_neighbors_used': nan, 'graph_n_rows': nan, 'graph_n_unlabeled_used': nan, 'graph_retry_count': nan, 'input_view': 'raw', 'kv_cache': True, 'labeled_class_counts': '{1:69,2:31}', 'labeled_classes_present': 2, 'max_labeled_per_class': 69, 'max_selected_confidence': nan, 'mean_selected_confidence': nan, 'mean_selected_density': nan, 'method': 'tabiclv2', 'method_fidelity': 'official', 'metric_accuracy': 0.7964847363552267, 'metric_average_precision': 0.6890978557831904, 'metric_balanced_accuracy': 0.776656977224305, 'metric_brier': 0.2881693029265668, 'metric_ece': 0.09244430721520412, 'metric_log_loss': 0.46114126770429203, 'metric_macro_f1': 0.7643853530950304, 'metric_nll': 0.46114126770429203, 'metric_roc_auc': 0.866843113614217, 'min_labeled_per_class': 31, 'min_selected_confidence': nan, 'n_classes': 2, 'n_features_after_preprocessing': 5, 'n_features_before_preprocessing': 5, 'n_labeled': 100, 'n_pseudo_added_last_iter': nan, 'n_pseudo_added_total': nan, 'n_unlabeled': 4223, 'neural_method': nan, 'neural_validation_strategy': nan, 'package_version': 'unknown', 'peak_gpu_memory_mb': 370.79833984375, 'pretrain_epochs_trained': nan, 'protocol': 'inductive', 'pseudo_label_class_distribution': nan, 'pseudo_label_fraction': nan, 'reference_family': 'TabICLv2 / soda-inria/tabicl', 'runtime_seconds': 3.6109, 'seed': 2, 'self_training_iterations': nan, 'status': 'success', 'stopped_reason': nan, 'test_class_counts': '{1:764,2:317}', 'test_size': 1081, 'timestamp_utc': '2026-07-22T14:35:25.936660+00:00', 'train_labeled_size': 80, 'train_pool_class_counts': '{1:3054,2:1269}', 'unlabeled_class_counts': '{1:2985,2:1238}', 'val_class_counts': '{1:14,2:6}', 'val_size': 20, 'validation_strategy': 'stratified_labeled_val', 'warm_inference_seconds': 0.09730968298390508}",,False,0.09730968298390508
tabiclv2,tabicl-classifier-v2-20260212.ckpt,,,nogit:afd539c9e2f221fc,,12.4,phoneme,gpu,False,,,3f9236be15390304,,ssl-tfm,"{'cuda_available': True, 'cuda_version': '12.4', 'env_name': None, 'env_prefix': '/private/ofirlin-lab/suissad4/envs/micromamba', 'gpu_count': 1, 'gpu_name': 'NVIDIA A100 80GB PCIe', 'hostname': 'dsiuriofir01', 'packages': {'catboost': '1.2.10', 'lightgbm': '4.7.0', 'numpy': '2.4.6', 'pandas': '3.0.3', 'scikit-learn': '1.9.0', 'tabicl': '2.1.1', 'tabpfn': '8.1.0', 'torch': '2.6.0+cu124', 'xgboost': None}, 'platform': 'Linux-5.14.0-687.15.1.el9_8.x86_64-x86_64-with-glibc2.34', 'python': '3.11.15 | packaged by conda-forge | (main, Jun 11 2026, 03:34:02) [GCC 14.3.0]', 'python_version': '3.11.15', 'torch_available': True, 'torch_version': '2.6.0+cu124'}",,,NVIDIA A100 80GB PCIe,dsiuriofir01,raw,True,tabiclv2,{},44136fa355b3678a,tfm_frozen,official,0.8260869565217391,0.7369907092278958,0.787448180752143,0.2393666408166576,0.019642478493270606,0.3684107260321939,0.7890407659920776,0.3684107260321939,0.8944497662972568,250,,False,,unknown,,inductive,TabICL / TabICLv2,phoneme__tabiclv2__s2__n250__359345193223b89d,3.6221,2,22,18451299,v1_absolute_budget,success,True,2026-07-22T14:35:37.350904+00:00,"{'all_classes_present_in_labeled': True, 'backbone': 'tabiclv2', 'best_epoch': nan, 'best_val_loss': nan, 'checkpoint': 'tabicl-classifier-v2-20260212.ckpt', 'cold_load_seconds': 0.7437249557115138, 'dataset': 'phoneme', 'dataset_id': 1489, 'embedding_source': None, 'epochs_trained': nan, 'error_message': None, 'final_train_loss': nan, 'finetune_epochs_trained': nan, 'graph_n_neighbors_used': nan, 'graph_n_rows': nan, 'graph_n_unlabeled_used': nan, 'graph_retry_count': nan, 'input_view': 'raw', 'kv_cache': True, 'labeled_class_counts': '{1:175,2:75}', 'labeled_classes_present': 2, 'max_labeled_per_class': 175, 'max_selected_confidence': nan, 'mean_selected_confidence': nan, 'mean_selected_density': nan, 'method': 'tabiclv2', 'method_fidelity': 'official', 'metric_accuracy': 0.8260869565217391, 'metric_average_precision': 0.7369907092278958, 'metric_balanced_accuracy': 0.787448180752143, 'metric_brier': 0.2393666408166576, 'metric_ece': 0.019642478493270606, 'metric_log_loss': 0.3684107260321939, 'metric_macro_f1': 0.7890407659920776, 'metric_nll': 0.3684107260321939, 'metric_roc_auc': 0.8944497662972568, 'min_labeled_per_class': 75, 'min_selected_confidence': nan, 'n_classes': 2, 'n_features_after_preprocessing': 5, 'n_features_before_preprocessing': 5, 'n_labeled': 250, 'n_pseudo_added_last_iter': nan, 'n_pseudo_added_total': nan, 'n_unlabeled': 4073, 'neural_method': nan, 'neural_validation_strategy': nan, 'package_version': 'unknown', 'peak_gpu_memory_mb': 419.57958984375, 'pretrain_epochs_trained': nan, 'protocol': 'inductive', 'pseudo_label_class_distribution': nan, 'pseudo_label_fraction': nan, 'reference_family': 'TabICLv2 / soda-inria/tabicl', 'runtime_seconds': 3.6221, 'seed': 2, 'self_training_iterations': nan, 'status': 'success', 'stopped_reason': nan, 'test_class_counts': '{1:764,2:317}', 'test_size': 1081, 'timestamp_utc': '2026-07-22T14:35:33.710981+00:00', 'train_labeled_size': 200, 'train_pool_class_counts': '{1:3054,2:1269}', 'unlabeled_class_counts': '{1:2879,2:1194}', 'val_class_counts': '{1:35,2:15}', 'val_size': 50, 'validation_strategy': 'stratified_labeled_val', 'warm_inference_seconds': 0.09261072427034378}",,False,0.09261072427034378
tabiclv2,tabicl-classifier-v2-20260212.ckpt,,,nogit:afd539c9e2f221fc,,12.4,phoneme,gpu,False,,,3f9236be15390304,,ssl-tfm,"{'cuda_available': True, 'cuda_version': '12.4', 'env_name': None, 'env_prefix': '/private/ofirlin-lab/suissad4/envs/micromamba', 'gpu_count': 1, 'gpu_name': 'NVIDIA A100 80GB PCIe', 'hostname': 'dsiuriofir01', 'packages': {'catboost': '1.2.10', 'lightgbm': '4.7.0', 'numpy': '2.4.6', 'pandas': '3.0.3', 'scikit-learn': '1.9.0', 'tabicl': '2.1.1', 'tabpfn': '8.1.0', 'torch': '2.6.0+cu124', 'xgboost': None}, 'platform': 'Linux-5.14.0-687.15.1.el9_8.x86_64-x86_64-with-glibc2.34', 'python': '3.11.15 | packaged by conda-forge | (main, Jun 11 2026, 03:34:02) [GCC 14.3.0]', 'python_version': '3.11.15', 'torch_available': True, 'torch_version': '2.6.0+cu124'}",,,NVIDIA A100 80GB PCIe,dsiuriofir01,raw,True,tabiclv2,{},44136fa355b3678a,tfm_frozen,official,0.8390379278445883,0.7655641221479492,0.7993789948304623,0.22373667428805505,0.03338670127868246,0.34786998601275726,0.8032571858918036,0.34786998601275726,0.9097973475151535,500,,False,,unknown,,inductive,TabICL / TabICLv2,phoneme__tabiclv2__s2__n500__abdd8861ae09c5f6,3.6515,2,23,18451300,v1_absolute_budget,success,True,2026-07-22T14:35:44.608549+00:00,"{'all_classes_present_in_labeled': True, 'backbone': 'tabiclv2', 'best_epoch': nan, 'best_val_loss': nan, 'checkpoint': 'tabicl-classifier-v2-20260212.ckpt', 'cold_load_seconds': 0.7454563132487237, 'dataset': 'phoneme', 'dataset_id': 1489, 'embedding_source': None, 'epochs_trained': nan, 'error_message': None, 'final_train_loss': nan, 'finetune_epochs_trained': nan, 'graph_n_neighbors_used': nan, 'graph_n_rows': nan, 'graph_n_unlabeled_used': nan, 'graph_retry_count': nan, 'input_view': 'raw', 'kv_cache': True, 'labeled_class_counts': '{1:351,2:149}', 'labeled_classes_present': 2, 'max_labeled_per_class': 351, 'max_selected_confidence': nan, 'mean_selected_confidence': nan, 'mean_selected_density': nan, 'method': 'tabiclv2', 'method_fidelity': 'official', 'metric_accuracy': 0.8390379278445883, 'metric_average_precision': 0.7655641221479492, 'metric_balanced_accuracy': 0.7993789948304623, 'metric_brier': 0.22373667428805505, 'metric_ece': 0.03338670127868246, 'metric_log_loss': 0.34786998601275726, 'metric_macro_f1': 0.8032571858918036, 'metric_nll': 0.34786998601275726, 'metric_roc_auc': 0.9097973475151535, 'min_labeled_per_class': 149, 'min_selected_confidence': nan, 'n_classes': 2, 'n_features_after_preprocessing': 5, 'n_features_before_preprocessing': 5, 'n_labeled': 500, 'n_pseudo_added_last_iter': nan, 'n_pseudo_added_total': nan, 'n_unlabeled': 3823, 'neural_method': nan, 'neural_validation_strategy': nan, 'package_version': 'unknown', 'peak_gpu_memory_mb': 489.57958984375, 'pretrain_epochs_trained': nan, 'protocol': 'inductive', 'pseudo_label_class_distribution': nan, 'pseudo_label_fraction': nan, 'reference_family': 'TabICLv2 / soda-inria/tabicl', 'runtime_seconds': 3.6515, 'seed': 2, 'self_training_iterations': nan, 'status': 'success', 'stopped_reason': nan, 'test_class_counts': '{1:764,2:317}', 'test_size': 1081, 'timestamp_utc': '2026-07-22T14:35:40.937697+00:00', 'train_labeled_size': 400, 'train_pool_class_counts': '{1:3054,2:1269}', 'unlabeled_class_counts': '{1:2703,2:1120}', 'val_class_counts': '{1:70,2:30}', 'val_size': 100, 'validation_strategy': 'stratified_labeled_val', 'warm_inference_seconds': 0.10138776013627648}",,False,0.10138776013627648
tabiclv2,tabicl-classifier-v2-20260212.ckpt,,,nogit:afd539c9e2f221fc,,12.4,phoneme,gpu,False,,,3f9236be15390304,,ssl-tfm,"{'cuda_available': True, 'cuda_version': '12.4', 'env_name': None, 'env_prefix': '/private/ofirlin-lab/suissad4/envs/micromamba', 'gpu_count': 1, 'gpu_name': 'NVIDIA A100 80GB PCIe', 'hostname': 'dsiuriofir01', 'packages': {'catboost': '1.2.10', 'lightgbm': '4.7.0', 'numpy': '2.4.6', 'pandas': '3.0.3', 'scikit-learn': '1.9.0', 'tabicl': '2.1.1', 'tabpfn': '8.1.0', 'torch': '2.6.0+cu124', 'xgboost': None}, 'platform': 'Linux-5.14.0-687.15.1.el9_8.x86_64-x86_64-with-glibc2.34', 'python': '3.11.15 | packaged by conda-forge | (main, Jun 11 2026, 03:34:02) [GCC 14.3.0]', 'python_version': '3.11.15', 'torch_available': True, 'torch_version': '2.6.0+cu124'}",,,NVIDIA A100 80GB PCIe,dsiuriofir01,raw,True,tabiclv2,{},44136fa355b3678a,tfm_frozen,official,0.782608695652174,0.617207375199323,0.7539205080350802,0.3114501671762636,0.09977449197924831,0.5135582227500198,0.7456641206547345,0.5135582227500198,0.8308875749417808,50,,False,,unknown,,inductive,TabICL / TabICLv2,phoneme__tabiclv2__s2__n50__0d9d5fda3d39e8e2,3.6253,2,20,18451297,v1_absolute_budget,success,True,2026-07-22T14:35:22.309001+00:00,"{'all_classes_present_in_labeled': True, 'backbone': 'tabiclv2', 'best_epoch': nan, 'best_val_loss': nan, 'checkpoint': 'tabicl-classifier-v2-20260212.ckpt', 'cold_load_seconds': 0.7382645178586245, 'dataset': 'phoneme', 'dataset_id': 1489, 'embedding_source': None, 'epochs_trained': nan, 'error_message': None, 'final_train_loss': nan, 'finetune_epochs_trained': nan, 'graph_n_neighbors_used': nan, 'graph_n_rows': nan, 'graph_n_unlabeled_used': nan, 'graph_retry_count': nan, 'input_view': 'raw', 'kv_cache': True, 'labeled_class_counts': '{1:34,2:16}', 'labeled_classes_present': 2, 'max_labeled_per_class': 34, 'max_selected_confidence': nan, 'mean_selected_confidence': nan, 'mean_selected_density': nan, 'method': 'tabiclv2', 'method_fidelity': 'official', 'metric_accuracy': 0.782608695652174, 'metric_average_precision': 0.617207375199323, 'metric_balanced_accuracy': 0.7539205080350802, 'metric_brier': 0.3114501671762636, 'metric_ece': 0.09977449197924831, 'metric_log_loss': 0.5135582227500198, 'metric_macro_f1': 0.7456641206547345, 'metric_nll': 0.5135582227500198, 'metric_roc_auc': 0.8308875749417808, 'min_labeled_per_class': 16, 'min_selected_confidence': nan, 'n_classes': 2, 'n_features_after_preprocessing': 5, 'n_features_before_preprocessing': 5, 'n_labeled': 50, 'n_pseudo_added_last_iter': nan, 'n_pseudo_added_total': nan, 'n_unlabeled': 4273, 'neural_method': nan, 'neural_validation_strategy': nan, 'package_version': 'unknown', 'peak_gpu_memory_mb': 354.95458984375, 'pretrain_epochs_trained': nan, 'protocol': 'inductive', 'pseudo_label_class_distribution': nan, 'pseudo_label_fraction': nan, 'reference_family': 'TabICLv2 / soda-inria/tabicl', 'runtime_seconds': 3.6253, 'seed': 2, 'self_training_iterations': nan, 'status': 'success', 'stopped_reason': nan, 'test_class_counts': '{1:764,2:317}', 'test_size': 1081, 'timestamp_utc': '2026-07-22T14:35:18.665138+00:00', 'train_labeled_size': 40, 'train_pool_class_counts': '{1:3054,2:1269}', 'unlabeled_class_counts': '{1:3020,2:1253}', 'val_class_counts': '{1:7,2:3}', 'val_size': 10, 'validation_strategy': 'stratified_labeled_val', 'warm_inference_seconds': 0.09273132821545005}",,False,0.09273132821545005
tabpfn3,/private/ofirlin-lab/suissad4/caches/tabpfn/tabpfn-v3-classifier-v3_default.ckpt,,,nogit:afd539c9e2f221fc,,12.4,phoneme,gpu,False,,,3f9236be15390304,,ssl-tfm,"{'cuda_available': True, 'cuda_version': '12.4', 'env_name': None, 'env_prefix': '/private/ofirlin-lab/suissad4/envs/micromamba', 'gpu_count': 1, 'gpu_name': 'NVIDIA A100 80GB PCIe', 'hostname': 'dsiuriofir01', 'packages': {'catboost': '1.2.10', 'lightgbm': '4.7.0', 'numpy': '2.4.6', 'pandas': '3.0.3', 'scikit-learn': '1.9.0', 'tabicl': '2.1.1', 'tabpfn': '8.1.0', 'torch': '2.6.0+cu124', 'xgboost': None}, 'platform': 'Linux-5.14.0-687.15.1.el9_8.x86_64-x86_64-with-glibc2.34', 'python': '3.11.15 | packaged by conda-forge | (main, Jun 11 2026, 03:34:02) [GCC 14.3.0]', 'python_version': '3.11.15', 'torch_available': True, 'torch_version': '2.6.0+cu124'}",,,NVIDIA A100 80GB PCIe,dsiuriofir01,raw,,tabpfn3,{},44136fa355b3678a,tfm_frozen,official,0.820536540240518,0.7338613999781446,0.7632190694832114,0.2512362528469659,0.03002047956243878,0.3923901049848321,0.7738883857333851,0.3923901049848321,0.8799857961583564,100,,False,,8.1.0,,inductive,Hollmann et al. TabPFN / TabPFN-3,phoneme__tabpfn3__s0__n100__95d0952bc6a56b75,5.8943,0,1,18449990,v1_absolute_budget,success,True,2026-07-22T14:32:30.563198+00:00,"{'all_classes_present_in_labeled': True, 'backbone': 'tabpfn3', 'best_epoch': nan, 'best_val_loss': nan, 'checkpoint': '/private/ofirlin-lab/suissad4/caches/tabpfn/tabpfn-v3-classifier-v3_default.ckpt', 'cold_load_seconds': 0.8481566431000829, 'dataset': 'phoneme', 'dataset_id': 1489, 'embedding_source': None, 'epochs_trained': nan, 'error_message': None, 'final_train_loss': nan, 'finetune_epochs_trained': nan, 'graph_n_neighbors_used': nan, 'graph_n_rows': nan, 'graph_n_unlabeled_used': nan, 'graph_retry_count': nan, 'input_view': 'raw', 'kv_cache': None, 'labeled_class_counts': '{1:69,2:31}', 'labeled_classes_present': 2, 'max_labeled_per_class': 69, 'max_selected_confidence': nan, 'mean_selected_confidence': nan, 'mean_selected_density': nan, 'method': 'tabpfn3', 'method_fidelity': 'official', 'metric_accuracy': 0.820536540240518, 'metric_average_precision': 0.7338613999781446, 'metric_balanced_accuracy': 0.7632190694832114, 'metric_brier': 0.2512362528469659, 'metric_ece': 0.03002047956243878, 'metric_log_loss': 0.3923901049848321, 'metric_macro_f1': 0.7738883857333851, 'metric_nll': 0.3923901049848321, 'metric_roc_auc': 0.8799857961583564, 'min_labeled_per_class': 31, 'min_selected_confidence': nan, 'n_classes': 2, 'n_features_after_preprocessing': 5, 'n_features_before_preprocessing': 5, 'n_labeled': 100, 'n_pseudo_added_last_iter': nan, 'n_pseudo_added_total': nan, 'n_unlabeled': 4223, 'neural_method': nan, 'neural_validation_strategy': nan, 'package_version': '8.1.0', 'peak_gpu_memory_mb': 326.935546875, 'pretrain_epochs_trained': nan, 'protocol': 'inductive', 'pseudo_label_class_distribution': nan, 'pseudo_label_fraction': nan, 'reference_family': 'TabPFN-3 / PriorLabs', 'runtime_seconds': 5.8943, 'seed': 0, 'self_training_iterations': nan, 'status': 'success', 'stopped_reason': nan, 'test_class_counts': '{1:764,2:317}', 'test_size': 1081, 'timestamp_utc': '2026-07-22T14:32:24.644040+00:00', 'train_labeled_size': 80, 'train_pool_class_counts': '{1:3054,2:1269}', 'unlabeled_class_counts': '{1:2985,2:1238}', 'val_class_counts': '{1:14,2:6}', 'val_size': 20, 'validation_strategy': 'stratified_labeled_val', 'warm_inference_seconds': 0.48146004090085626}",,False,0.48146004090085626
tabpfn3,/private/ofirlin-lab/suissad4/caches/tabpfn/tabpfn-v3-classifier-v3_default.ckpt,,,nogit:afd539c9e2f221fc,,12.4,phoneme,gpu,False,,,3f9236be15390304,,ssl-tfm,"{'cuda_available': True, 'cuda_version': '12.4', 'env_name': None, 'env_prefix': '/private/ofirlin-lab/suissad4/envs/micromamba', 'gpu_count': 1, 'gpu_name': 'NVIDIA A100 80GB PCIe', 'hostname': 'dsiuriofir01', 'packages': {'catboost': '1.2.10', 'lightgbm': '4.7.0', 'numpy': '2.4.6', 'pandas': '3.0.3', 'scikit-learn': '1.9.0', 'tabicl': '2.1.1', 'tabpfn': '8.1.0', 'torch': '2.6.0+cu124', 'xgboost': None}, 'platform': 'Linux-5.14.0-687.15.1.el9_8.x86_64-x86_64-with-glibc2.34', 'python': '3.11.15 | packaged by conda-forge | (main, Jun 11 2026, 03:34:02) [GCC 14.3.0]', 'python_version': '3.11.15', 'torch_available': True, 'torch_version': '2.6.0+cu124'}",,,NVIDIA A100 80GB PCIe,dsiuriofir01,raw,,tabpfn3,{},44136fa355b3678a,tfm_frozen,official,0.8057354301572618,0.758039645868534,0.7813558062331742,0.25563172818925683,0.06230247812853721,0.39331659135670893,0.7725332467594931,0.39331659135670893,0.8879176507506564,250,,False,,8.1.0,,inductive,Hollmann et al. TabPFN / TabPFN-3,phoneme__tabpfn3__s0__n250__b6ee565a5e43fc03,6.135,0,2,18449991,v1_absolute_budget,success,True,2026-07-22T14:32:40.714702+00:00,"{'all_classes_present_in_labeled': True, 'backbone': 'tabpfn3', 'best_epoch': nan, 'best_val_loss': nan, 'checkpoint': '/private/ofirlin-lab/suissad4/caches/tabpfn/tabpfn-v3-classifier-v3_default.ckpt', 'cold_load_seconds': 0.9401777051389217, 'dataset': 'phoneme', 'dataset_id': 1489, 'embedding_source': None, 'epochs_trained': nan, 'error_message': None, 'final_train_loss': nan, 'finetune_epochs_trained': nan, 'graph_n_neighbors_used': nan, 'graph_n_rows': nan, 'graph_n_unlabeled_used': nan, 'graph_retry_count': nan, 'input_view': 'raw', 'kv_cache': None, 'labeled_class_counts': '{1:175,2:75}', 'labeled_classes_present': 2, 'max_labeled_per_class': 175, 'max_selected_confidence': nan, 'mean_selected_confidence': nan, 'mean_selected_density': nan, 'method': 'tabpfn3', 'method_fidelity': 'official', 'metric_accuracy': 0.8057354301572618, 'metric_average_precision': 0.758039645868534, 'metric_balanced_accuracy': 0.7813558062331742, 'metric_brier': 0.25563172818925683, 'metric_ece': 0.06230247812853721, 'metric_log_loss': 0.39331659135670893, 'metric_macro_f1': 0.7725332467594931, 'metric_nll': 0.39331659135670893, 'metric_roc_auc': 0.8879176507506564, 'min_labeled_per_class': 75, 'min_selected_confidence': nan, 'n_classes': 2, 'n_features_after_preprocessing': 5, 'n_features_before_preprocessing': 5, 'n_labeled': 250, 'n_pseudo_added_last_iter': nan, 'n_pseudo_added_total': nan, 'n_unlabeled': 4073, 'neural_method': nan, 'neural_validation_strategy': nan, 'package_version': '8.1.0', 'peak_gpu_memory_mb': 329.1015625, 'pretrain_epochs_trained': nan, 'protocol': 'inductive', 'pseudo_label_class_distribution': nan, 'pseudo_label_fraction': nan, 'reference_family': 'TabPFN-3 / PriorLabs', 'runtime_seconds': 6.135, 'seed': 0, 'self_training_iterations': nan, 'status': 'success', 'stopped_reason': nan, 'test_class_counts': '{1:764,2:317}', 'test_size': 1081, 'timestamp_utc': '2026-07-22T14:32:34.552072+00:00', 'train_labeled_size': 200, 'train_pool_class_counts': '{1:3054,2:1269}', 'unlabeled_class_counts': '{1:2879,2:1194}', 'val_class_counts': '{1:35,2:15}', 'val_size': 50, 'validation_strategy': 'stratified_labeled_val', 'warm_inference_seconds': 0.4835485531948507}",,False,0.4835485531948507
tabpfn3,/private/ofirlin-lab/suissad4/caches/tabpfn/tabpfn-v3-classifier-v3_default.ckpt,,,nogit:afd539c9e2f221fc,,12.4,phoneme,gpu,False,,,3f9236be15390304,,ssl-tfm,"{'cuda_available': True, 'cuda_version': '12.4', 'env_name': None, 'env_prefix': '/private/ofirlin-lab/suissad4/envs/micromamba', 'gpu_count': 1, 'gpu_name': 'NVIDIA A100 80GB PCIe', 'hostname': 'dsiuriofir01', 'packages': {'catboost': '1.2.10', 'lightgbm': '4.7.0', 'numpy': '2.4.6', 'pandas': '3.0.3', 'scikit-learn': '1.9.0', 'tabicl': '2.1.1', 'tabpfn': '8.1.0', 'torch': '2.6.0+cu124', 'xgboost': None}, 'platform': 'Linux-5.14.0-687.15.1.el9_8.x86_64-x86_64-with-glibc2.34', 'python': '3.11.15 | packaged by conda-forge | (main, Jun 11 2026, 03:34:02) [GCC 14.3.0]', 'python_version': '3.11.15', 'torch_available': True, 'torch_version': '2.6.0+cu124'}",,,NVIDIA A100 80GB PCIe,dsiuriofir01,raw,,tabpfn3,{},44136fa355b3678a,tfm_frozen,official,0.8260869565217391,0.7876023889689749,0.7985222224057344,0.22158549802986297,0.03132798563964087,0.3424607439624754,0.7935765652297566,0.3424607439624754,0.9098221216575553,500,,False,,8.1.0,,inductive,Hollmann et al. TabPFN / TabPFN-3,phoneme__tabpfn3__s0__n500__8551a0e171153cc2,6.7365,0,3,18450048,v1_absolute_budget,success,True,2026-07-22T14:32:51.544203+00:00,"{'all_classes_present_in_labeled': True, 'backbone': 'tabpfn3', 'best_epoch': nan, 'best_val_loss': nan, 'checkpoint': '/private/ofirlin-lab/suissad4/caches/tabpfn/tabpfn-v3-classifier-v3_default.ckpt', 'cold_load_seconds': 0.8495115800760686, 'dataset': 'phoneme', 'dataset_id': 1489, 'embedding_source': None, 'epochs_trained': nan, 'error_message': None, 'final_train_loss': nan, 'finetune_epochs_trained': nan, 'graph_n_neighbors_used': nan, 'graph_n_rows': nan, 'graph_n_unlabeled_used': nan, 'graph_retry_count': nan, 'input_view': 'raw', 'kv_cache': None, 'labeled_class_counts': '{1:351,2:149}', 'labeled_classes_present': 2, 'max_labeled_per_class': 351, 'max_selected_confidence': nan, 'mean_selected_confidence': nan, 'mean_selected_density': nan, 'method': 'tabpfn3', 'method_fidelity': 'official', 'metric_accuracy': 0.8260869565217391, 'metric_average_precision': 0.7876023889689749, 'metric_balanced_accuracy': 0.7985222224057344, 'metric_brier': 0.22158549802986297, 'metric_ece': 0.03132798563964087, 'metric_log_loss': 0.3424607439624754, 'metric_macro_f1': 0.7935765652297566, 'metric_nll': 0.3424607439624754, 'metric_roc_auc': 0.9098221216575553, 'min_labeled_per_class': 149, 'min_selected_confidence': nan, 'n_classes': 2, 'n_features_after_preprocessing': 5, 'n_features_before_preprocessing': 5, 'n_labeled': 500, 'n_pseudo_added_last_iter': nan, 'n_pseudo_added_total': nan, 'n_unlabeled': 3823, 'neural_method': nan, 'neural_validation_strategy': nan, 'package_version': '8.1.0', 'peak_gpu_memory_mb': 333.2744140625, 'pretrain_epochs_trained': nan, 'protocol': 'inductive', 'pseudo_label_class_distribution': nan, 'pseudo_label_fraction': nan, 'reference_family': 'TabPFN-3 / PriorLabs', 'runtime_seconds': 6.7365, 'seed': 0, 'self_training_iterations': nan, 'status': 'success', 'stopped_reason': nan, 'test_class_counts': '{1:764,2:317}', 'test_size': 1081, 'timestamp_utc': '2026-07-22T14:32:44.782593+00:00', 'train_labeled_size': 400, 'train_pool_class_counts': '{1:3054,2:1269}', 'unlabeled_class_counts': '{1:2703,2:1120}', 'val_class_counts': '{1:70,2:30}', 'val_size': 100, 'validation_strategy': 'stratified_labeled_val', 'warm_inference_seconds': 0.4860437521710992}",,False,0.4860437521710992
tabpfn3,/private/ofirlin-lab/suissad4/caches/tabpfn/tabpfn-v3-classifier-v3_default.ckpt,,,nogit:afd539c9e2f221fc,,12.4,phoneme,gpu,False,,,3f9236be15390304,,ssl-tfm,"{'cuda_available': True, 'cuda_version': '12.4', 'env_name': None, 'env_prefix': '/private/ofirlin-lab/suissad4/envs/micromamba', 'gpu_count': 1, 'gpu_name': 'NVIDIA A100 80GB PCIe', 'hostname': 'dsiuriofir01', 'packages': {'catboost': '1.2.10', 'lightgbm': '4.7.0', 'numpy': '2.4.6', 'pandas': '3.0.3', 'scikit-learn': '1.9.0', 'tabicl': '2.1.1', 'tabpfn': '8.1.0', 'torch': '2.6.0+cu124', 'xgboost': None}, 'platform': 'Linux-5.14.0-687.15.1.el9_8.x86_64-x86_64-with-glibc2.34', 'python': '3.11.15 | packaged by conda-forge | (main, Jun 11 2026, 03:34:02) [GCC 14.3.0]', 'python_version': '3.11.15', 'torch_available': True, 'torch_version': '2.6.0+cu124'}",,,NVIDIA A100 80GB PCIe,dsiuriofir01,raw,,tabpfn3,{},44136fa355b3678a,tfm_frozen,official,0.757631822386679,0.6349467395860416,0.6393524864980924,0.30374044496051306,0.0718722453468225,0.46081749733945665,0.6522903837276683,0.46081749733945665,0.8477917981072556,50,,False,,8.1.0,,inductive,Hollmann et al. TabPFN / TabPFN-3,phoneme__tabpfn3__s0__n50__167a8de811f7f70e,18.3704,0,0,18449822,v1_absolute_budget,success,True,2026-07-22T14:32:19.927088+00:00,"{'all_classes_present_in_labeled': True, 'backbone': 'tabpfn3', 'best_epoch': nan, 'best_val_loss': nan, 'checkpoint': '/private/ofirlin-lab/suissad4/caches/tabpfn/tabpfn-v3-classifier-v3_default.ckpt', 'cold_load_seconds': 1.4910999862477183, 'dataset': 'phoneme', 'dataset_id': 1489, 'embedding_source': None, 'epochs_trained': nan, 'error_message': None, 'final_train_loss': nan, 'finetune_epochs_trained': nan, 'graph_n_neighbors_used': nan, 'graph_n_rows': nan, 'graph_n_unlabeled_used': nan, 'graph_retry_count': nan, 'input_view': 'raw', 'kv_cache': None, 'labeled_class_counts': '{1:34,2:16}', 'labeled_classes_present': 2, 'max_labeled_per_class': 34, 'max_selected_confidence': nan, 'mean_selected_confidence': nan, 'mean_selected_density': nan, 'method': 'tabpfn3', 'method_fidelity': 'official', 'metric_accuracy': 0.757631822386679, 'metric_average_precision': 0.6349467395860416, 'metric_balanced_accuracy': 0.6393524864980924, 'metric_brier': 0.30374044496051306, 'metric_ece': 0.0718722453468225, 'metric_log_loss': 0.46081749733945665, 'metric_macro_f1': 0.6522903837276683, 'metric_nll': 0.46081749733945665, 'metric_roc_auc': 0.8477917981072556, 'min_labeled_per_class': 16, 'min_selected_confidence': nan, 'n_classes': 2, 'n_features_after_preprocessing': 5, 'n_features_before_preprocessing': 5, 'n_labeled': 50, 'n_pseudo_added_last_iter': nan, 'n_pseudo_added_total': nan, 'n_unlabeled': 4273, 'neural_method': nan, 'neural_validation_strategy': nan, 'package_version': '8.1.0', 'peak_gpu_memory_mb': 326.3701171875, 'pretrain_epochs_trained': nan, 'protocol': 'inductive', 'pseudo_label_class_distribution': nan, 'pseudo_label_fraction': nan, 'reference_family': 'TabPFN-3 / PriorLabs', 'runtime_seconds': 18.3704, 'seed': 0, 'self_training_iterations': nan, 'status': 'success', 'stopped_reason': nan, 'test_class_counts': '{1:764,2:317}', 'test_size': 1081, 'timestamp_utc': '2026-07-22T14:32:01.532520+00:00', 'train_labeled_size': 40, 'train_pool_class_counts': '{1:3054,2:1269}', 'unlabeled_class_counts': '{1:3020,2:1253}', 'val_class_counts': '{1:7,2:3}', 'val_size': 10, 'validation_strategy': 'stratified_labeled_val', 'warm_inference_seconds': 0.4267287729308009}",,False,0.4267287729308009
tabpfn3,/private/ofirlin-lab/suissad4/caches/tabpfn/tabpfn-v3-classifier-v3_default.ckpt,,,nogit:afd539c9e2f221fc,,12.4,phoneme,gpu,False,,,3f9236be15390304,,ssl-tfm,"{'cuda_available': True, 'cuda_version': '12.4', 'env_name': None, 'env_prefix': '/private/ofirlin-lab/suissad4/envs/micromamba', 'gpu_count': 1, 'gpu_name': 'NVIDIA A100 80GB PCIe', 'hostname': 'dsiuriofir01', 'packages': {'catboost': '1.2.10', 'lightgbm': '4.7.0', 'numpy': '2.4.6', 'pandas': '3.0.3', 'scikit-learn': '1.9.0', 'tabicl': '2.1.1', 'tabpfn': '8.1.0', 'torch': '2.6.0+cu124', 'xgboost': None}, 'platform': 'Linux-5.14.0-687.15.1.el9_8.x86_64-x86_64-with-glibc2.34', 'python': '3.11.15 | packaged by conda-forge | (main, Jun 11 2026, 03:34:02) [GCC 14.3.0]', 'python_version': '3.11.15', 'torch_available': True, 'torch_version': '2.6.0+cu124'}",,,NVIDIA A100 80GB PCIe,dsiuriofir01,raw,,tabpfn3,{},44136fa355b3678a,tfm_frozen,official,0.7779833487511564,0.6728559898479687,0.7792561976646242,0.2976245770621235,0.04108758516682821,0.4570414638267165,0.7528050490883591,0.4570414638267165,0.8469618643367961,100,,False,,8.1.0,,inductive,Hollmann et al. TabPFN / TabPFN-3,phoneme__tabpfn3__s1__n100__12775488ace1dee0,6.2851,1,5,18450274,v1_absolute_budget,success,True,2026-07-22T14:33:12.322685+00:00,"{'all_classes_present_in_labeled': True, 'backbone': 'tabpfn3', 'best_epoch': nan, 'best_val_loss': nan, 'checkpoint': '/private/ofirlin-lab/suissad4/caches/tabpfn/tabpfn-v3-classifier-v3_default.ckpt', 'cold_load_seconds': 0.8553121308796108, 'dataset': 'phoneme', 'dataset_id': 1489, 'embedding_source': None, 'epochs_trained': nan, 'error_message': None, 'final_train_loss': nan, 'finetune_epochs_trained': nan, 'graph_n_neighbors_used': nan, 'graph_n_rows': nan, 'graph_n_unlabeled_used': nan, 'graph_retry_count': nan, 'input_view': 'raw', 'kv_cache': None, 'labeled_class_counts': '{1:69,2:31}', 'labeled_classes_present': 2, 'max_labeled_per_class': 69, 'max_selected_confidence': nan, 'mean_selected_confidence': nan, 'mean_selected_density': nan, 'method': 'tabpfn3', 'method_fidelity': 'official', 'metric_accuracy': 0.7779833487511564, 'metric_average_precision': 0.6728559898479687, 'metric_balanced_accuracy': 0.7792561976646242, 'metric_brier': 0.2976245770621235, 'metric_ece': 0.04108758516682821, 'metric_log_loss': 0.4570414638267165, 'metric_macro_f1': 0.7528050490883591, 'metric_nll': 0.4570414638267165, 'metric_roc_auc': 0.8469618643367961, 'min_labeled_per_class': 31, 'min_selected_confidence': nan, 'n_classes': 2, 'n_features_after_preprocessing': 5, 'n_features_before_preprocessing': 5, 'n_labeled': 100, 'n_pseudo_added_last_iter': nan, 'n_pseudo_added_total': nan, 'n_unlabeled': 4223, 'neural_method': nan, 'neural_validation_strategy': nan, 'package_version': '8.1.0', 'peak_gpu_memory_mb': 326.935546875, 'pretrain_epochs_trained': nan, 'protocol': 'inductive', 'pseudo_label_class_distribution': nan, 'pseudo_label_fraction': nan, 'reference_family': 'TabPFN-3 / PriorLabs', 'runtime_seconds': 6.2851, 'seed': 1, 'self_training_iterations': nan, 'status': 'success', 'stopped_reason': nan, 'test_class_counts': '{1:764,2:317}', 'test_size': 1081, 'timestamp_utc': '2026-07-22T14:33:06.013651+00:00', 'train_labeled_size': 80, 'train_pool_class_counts': '{1:3054,2:1269}', 'unlabeled_class_counts': '{1:2985,2:1238}', 'val_class_counts': '{1:14,2:6}', 'val_size': 20, 'validation_strategy': 'stratified_labeled_val', 'warm_inference_seconds': 0.48330596508458257}",,False,0.48330596508458257
tabpfn3,/private/ofirlin-lab/suissad4/caches/tabpfn/tabpfn-v3-classifier-v3_default.ckpt,,,nogit:afd539c9e2f221fc,,12.4,phoneme,gpu,False,,,3f9236be15390304,,ssl-tfm,"{'cuda_available': True, 'cuda_version': '12.4', 'env_name': None, 'env_prefix': '/private/ofirlin-lab/suissad4/envs/micromamba', 'gpu_count': 1, 'gpu_name': 'NVIDIA A100 80GB PCIe', 'hostname': 'dsiuriofir01', 'packages': {'catboost': '1.2.10', 'lightgbm': '4.7.0', 'numpy': '2.4.6', 'pandas': '3.0.3', 'scikit-learn': '1.9.0', 'tabicl': '2.1.1', 'tabpfn': '8.1.0', 'torch': '2.6.0+cu124', 'xgboost': None}, 'platform': 'Linux-5.14.0-687.15.1.el9_8.x86_64-x86_64-with-glibc2.34', 'python': '3.11.15 | packaged by conda-forge | (main, Jun 11 2026, 03:34:02) [GCC 14.3.0]', 'python_version': '3.11.15', 'torch_available': True, 'torch_version': '2.6.0+cu124'}",,,NVIDIA A100 80GB PCIe,dsiuriofir01,raw,,tabpfn3,{},44136fa355b3678a,tfm_frozen,official,0.8307123034227567,0.7515298324967494,0.7907204320610435,0.22856076158945124,0.015439427894613778,0.35978195646494876,0.7936758250182259,0.35978195646494876,0.9001891092870002,250,,False,,8.1.0,,inductive,Hollmann et al. TabPFN / TabPFN-3,phoneme__tabpfn3__s1__n250__a7d3e5bdc05a31a0,6.0469,1,6,18450555,v1_absolute_budget,success,True,2026-07-22T14:33:22.352320+00:00,"{'all_classes_present_in_labeled': True, 'backbone': 'tabpfn3', 'best_epoch': nan, 'best_val_loss': nan, 'checkpoint': '/private/ofirlin-lab/suissad4/caches/tabpfn/tabpfn-v3-classifier-v3_default.ckpt', 'cold_load_seconds': 0.8536927509121597, 'dataset': 'phoneme', 'dataset_id': 1489, 'embedding_source': None, 'epochs_trained': nan, 'error_message': None, 'final_train_loss': nan, 'finetune_epochs_trained': nan, 'graph_n_neighbors_used': nan, 'graph_n_rows': nan, 'graph_n_unlabeled_used': nan, 'graph_retry_count': nan, 'input_view': 'raw', 'kv_cache': None, 'labeled_class_counts': '{1:175,2:75}', 'labeled_classes_present': 2, 'max_labeled_per_class': 175, 'max_selected_confidence': nan, 'mean_selected_confidence': nan, 'mean_selected_density': nan, 'method': 'tabpfn3', 'method_fidelity': 'official', 'metric_accuracy': 0.8307123034227567, 'metric_average_precision': 0.7515298324967494, 'metric_balanced_accuracy': 0.7907204320610435, 'metric_brier': 0.22856076158945124, 'metric_ece': 0.015439427894613778, 'metric_log_loss': 0.35978195646494876, 'metric_macro_f1': 0.7936758250182259, 'metric_nll': 0.35978195646494876, 'metric_roc_auc': 0.9001891092870002, 'min_labeled_per_class': 75, 'min_selected_confidence': nan, 'n_classes': 2, 'n_features_after_preprocessing': 5, 'n_features_before_preprocessing': 5, 'n_labeled': 250, 'n_pseudo_added_last_iter': nan, 'n_pseudo_added_total': nan, 'n_unlabeled': 4073, 'neural_method': nan, 'neural_validation_strategy': nan, 'package_version': '8.1.0', 'peak_gpu_memory_mb': 329.1015625, 'pretrain_epochs_trained': nan, 'protocol': 'inductive', 'pseudo_label_class_distribution': nan, 'pseudo_label_fraction': nan, 'reference_family': 'TabPFN-3 / PriorLabs', 'runtime_seconds': 6.0469, 'seed': 1, 'self_training_iterations': nan, 'status': 'success', 'stopped_reason': nan, 'test_class_counts': '{1:764,2:317}', 'test_size': 1081, 'timestamp_utc': '2026-07-22T14:33:16.283793+00:00', 'train_labeled_size': 200, 'train_pool_class_counts': '{1:3054,2:1269}', 'unlabeled_class_counts': '{1:2879,2:1194}', 'val_class_counts': '{1:35,2:15}', 'val_size': 50, 'validation_strategy': 'stratified_labeled_val', 'warm_inference_seconds': 0.4840708998963237}",,False,0.4840708998963237
tabpfn3,/private/ofirlin-lab/suissad4/caches/tabpfn/tabpfn-v3-classifier-v3_default.ckpt,,,nogit:afd539c9e2f221fc,,12.4,phoneme,gpu,False,,,3f9236be15390304,,ssl-tfm,"{'cuda_available': True, 'cuda_version': '12.4', 'env_name': None, 'env_prefix': '/private/ofirlin-lab/suissad4/envs/micromamba', 'gpu_count': 1, 'gpu_name': 'NVIDIA A100 80GB PCIe', 'hostname': 'dsiuriofir01', 'packages': {'catboost': '1.2.10', 'lightgbm': '4.7.0', 'numpy': '2.4.6', 'pandas': '3.0.3', 'scikit-learn': '1.9.0', 'tabicl': '2.1.1', 'tabpfn': '8.1.0', 'torch': '2.6.0+cu124', 'xgboost': None}, 'platform': 'Linux-5.14.0-687.15.1.el9_8.x86_64-x86_64-with-glibc2.34', 'python': '3.11.15 | packaged by conda-forge | (main, Jun 11 2026, 03:34:02) [GCC 14.3.0]', 'python_version': '3.11.15', 'torch_available': True, 'torch_version': '2.6.0+cu124'}",,,NVIDIA A100 80GB PCIe,dsiuriofir01,raw,,tabpfn3,{},44136fa355b3678a,tfm_frozen,official,0.8427382053654024,0.8029495472360131,0.8093794903133104,0.2193772735291215,0.04421288387135095,0.34799650791181447,0.8099507735583684,0.34799650791181447,0.9099996696781013,500,,False,,8.1.0,,inductive,Hollmann et al. TabPFN / TabPFN-3,phoneme__tabpfn3__s1__n500__ce0e983b3753f868,6.0201,1,7,18450668,v1_absolute_budget,success,True,2026-07-22T14:33:32.404788+00:00,"{'all_classes_present_in_labeled': True, 'backbone': 'tabpfn3', 'best_epoch': nan, 'best_val_loss': nan, 'checkpoint': '/private/ofirlin-lab/suissad4/caches/tabpfn/tabpfn-v3-classifier-v3_default.ckpt', 'cold_load_seconds': 0.8556843870319426, 'dataset': 'phoneme', 'dataset_id': 1489, 'embedding_source': None, 'epochs_trained': nan, 'error_message': None, 'final_train_loss': nan, 'finetune_epochs_trained': nan, 'graph_n_neighbors_used': nan, 'graph_n_rows': nan, 'graph_n_unlabeled_used': nan, 'graph_retry_count': nan, 'input_view': 'raw', 'kv_cache': None, 'labeled_class_counts': '{1:351,2:149}', 'labeled_classes_present': 2, 'max_labeled_per_class': 351, 'max_selected_confidence': nan, 'mean_selected_confidence': nan, 'mean_selected_density': nan, 'method': 'tabpfn3', 'method_fidelity': 'official', 'metric_accuracy': 0.8427382053654024, 'metric_average_precision': 0.8029495472360131, 'metric_balanced_accuracy': 0.8093794903133104, 'metric_brier': 0.2193772735291215, 'metric_ece': 0.04421288387135095, 'metric_log_loss': 0.34799650791181447, 'metric_macro_f1': 0.8099507735583684, 'metric_nll': 0.34799650791181447, 'metric_roc_auc': 0.9099996696781013, 'min_labeled_per_class': 149, 'min_selected_confidence': nan, 'n_classes': 2, 'n_features_after_preprocessing': 5, 'n_features_before_preprocessing': 5, 'n_labeled': 500, 'n_pseudo_added_last_iter': nan, 'n_pseudo_added_total': nan, 'n_unlabeled': 3823, 'neural_method': nan, 'neural_validation_strategy': nan, 'package_version': '8.1.0', 'peak_gpu_memory_mb': 333.2744140625, 'pretrain_epochs_trained': nan, 'protocol': 'inductive', 'pseudo_label_class_distribution': nan, 'pseudo_label_fraction': nan, 'reference_family': 'TabPFN-3 / PriorLabs', 'runtime_seconds': 6.0201, 'seed': 1, 'self_training_iterations': nan, 'status': 'success', 'stopped_reason': nan, 'test_class_counts': '{1:764,2:317}', 'test_size': 1081, 'timestamp_utc': '2026-07-22T14:33:26.361883+00:00', 'train_labeled_size': 400, 'train_pool_class_counts': '{1:3054,2:1269}', 'unlabeled_class_counts': '{1:2703,2:1120}', 'val_class_counts': '{1:70,2:30}', 'val_size': 100, 'validation_strategy': 'stratified_labeled_val', 'warm_inference_seconds': 0.48529713600873947}",,False,0.48529713600873947
tabpfn3,/private/ofirlin-lab/suissad4/caches/tabpfn/tabpfn-v3-classifier-v3_default.ckpt,,,nogit:afd539c9e2f221fc,,12.4,phoneme,gpu,False,,,3f9236be15390304,,ssl-tfm,"{'cuda_available': True, 'cuda_version': '12.4', 'env_name': None, 'env_prefix': '/private/ofirlin-lab/suissad4/envs/micromamba', 'gpu_count': 1, 'gpu_name': 'NVIDIA A100 80GB PCIe', 'hostname': 'dsiuriofir01', 'packages': {'catboost': '1.2.10', 'lightgbm': '4.7.0', 'numpy': '2.4.6', 'pandas': '3.0.3', 'scikit-learn': '1.9.0', 'tabicl': '2.1.1', 'tabpfn': '8.1.0', 'torch': '2.6.0+cu124', 'xgboost': None}, 'platform': 'Linux-5.14.0-687.15.1.el9_8.x86_64-x86_64-with-glibc2.34', 'python': '3.11.15 | packaged by conda-forge | (main, Jun 11 2026, 03:34:02) [GCC 14.3.0]', 'python_version': '3.11.15', 'torch_available': True, 'torch_version': '2.6.0+cu124'}",,,NVIDIA A100 80GB PCIe,dsiuriofir01,raw,,tabpfn3,{},44136fa355b3678a,tfm_frozen,official,0.7678075855689177,0.5925152068925535,0.7554461823046559,0.3394590049393285,0.08839286555405862,0.5206779281753308,0.7369959705756057,0.5206779281753308,0.8182651493880786,50,,False,,8.1.0,,inductive,Hollmann et al. TabPFN / TabPFN-3,phoneme__tabpfn3__s1__n50__6ac8a45bc8f80561,5.9574,1,4,18450273,v1_absolute_budget,success,True,2026-07-22T14:33:01.288336+00:00,"{'all_classes_present_in_labeled': True, 'backbone': 'tabpfn3', 'best_epoch': nan, 'best_val_loss': nan, 'checkpoint': '/private/ofirlin-lab/suissad4/caches/tabpfn/tabpfn-v3-classifier-v3_default.ckpt', 'cold_load_seconds': 0.8572275168262422, 'dataset': 'phoneme', 'dataset_id': 1489, 'embedding_source': None, 'epochs_trained': nan, 'error_message': None, 'final_train_loss': nan, 'finetune_epochs_trained': nan, 'graph_n_neighbors_used': nan, 'graph_n_rows': nan, 'graph_n_unlabeled_used': nan, 'graph_retry_count': nan, 'input_view': 'raw', 'kv_cache': None, 'labeled_class_counts': '{1:34,2:16}', 'labeled_classes_present': 2, 'max_labeled_per_class': 34, 'max_selected_confidence': nan, 'mean_selected_confidence': nan, 'mean_selected_density': nan, 'method': 'tabpfn3', 'method_fidelity': 'official', 'metric_accuracy': 0.7678075855689177, 'metric_average_precision': 0.5925152068925535, 'metric_balanced_accuracy': 0.7554461823046559, 'metric_brier': 0.3394590049393285, 'metric_ece': 0.08839286555405862, 'metric_log_loss': 0.5206779281753308, 'metric_macro_f1': 0.7369959705756057, 'metric_nll': 0.5206779281753308, 'metric_roc_auc': 0.8182651493880786, 'min_labeled_per_class': 16, 'min_selected_confidence': nan, 'n_classes': 2, 'n_features_after_preprocessing': 5, 'n_features_before_preprocessing': 5, 'n_labeled': 50, 'n_pseudo_added_last_iter': nan, 'n_pseudo_added_total': nan, 'n_unlabeled': 4273, 'neural_method': nan, 'neural_validation_strategy': nan, 'package_version': '8.1.0', 'peak_gpu_memory_mb': 326.3701171875, 'pretrain_epochs_trained': nan, 'protocol': 'inductive', 'pseudo_label_class_distribution': nan, 'pseudo_label_fraction': nan, 'reference_family': 'TabPFN-3 / PriorLabs', 'runtime_seconds': 5.9574, 'seed': 1, 'self_training_iterations': nan, 'status': 'success', 'stopped_reason': nan, 'test_class_counts': '{1:764,2:317}', 'test_size': 1081, 'timestamp_utc': '2026-07-22T14:32:55.309557+00:00', 'train_labeled_size': 40, 'train_pool_class_counts': '{1:3054,2:1269}', 'unlabeled_class_counts': '{1:3020,2:1253}', 'val_class_counts': '{1:7,2:3}', 'val_size': 10, 'validation_strategy': 'stratified_labeled_val', 'warm_inference_seconds': 0.4791725426912308}",,False,0.4791725426912308
tabpfn3,/private/ofirlin-lab/suissad4/caches/tabpfn/tabpfn-v3-classifier-v3_default.ckpt,,,nogit:afd539c9e2f221fc,,12.4,phoneme,gpu,False,,,3f9236be15390304,,ssl-tfm,"{'cuda_available': True, 'cuda_version': '12.4', 'env_name': None, 'env_prefix': '/private/ofirlin-lab/suissad4/envs/micromamba', 'gpu_count': 1, 'gpu_name': 'NVIDIA A100 80GB PCIe', 'hostname': 'dsiuriofir01', 'packages': {'catboost': '1.2.10', 'lightgbm': '4.7.0', 'numpy': '2.4.6', 'pandas': '3.0.3', 'scikit-learn': '1.9.0', 'tabicl': '2.1.1', 'tabpfn': '8.1.0', 'torch': '2.6.0+cu124', 'xgboost': None}, 'platform': 'Linux-5.14.0-687.15.1.el9_8.x86_64-x86_64-with-glibc2.34', 'python': '3.11.15 | packaged by conda-forge | (main, Jun 11 2026, 03:34:02) [GCC 14.3.0]', 'python_version': '3.11.15', 'torch_available': True, 'torch_version': '2.6.0+cu124'}",,,NVIDIA A100 80GB PCIe,dsiuriofir01,raw,,tabpfn3,{},44136fa355b3678a,tfm_frozen,official,0.7946345975948196,0.6805044536587801,0.7762709135052108,0.28902634990118925,0.08961549195211085,0.459963002641493,0.7629891677925525,0.459963002641493,0.8698531719160322,100,,False,,8.1.0,,inductive,Hollmann et al. TabPFN / TabPFN-3,phoneme__tabpfn3__s2__n100__1d3a26203d92611b,5.9954,2,9,18450726,v1_absolute_budget,success,True,2026-07-22T14:33:51.873635+00:00,"{'all_classes_present_in_labeled': True, 'backbone': 'tabpfn3', 'best_epoch': nan, 'best_val_loss': nan, 'checkpoint': '/private/ofirlin-lab/suissad4/caches/tabpfn/tabpfn-v3-classifier-v3_default.ckpt', 'cold_load_seconds': 0.8538096961565316, 'dataset': 'phoneme', 'dataset_id': 1489, 'embedding_source': None, 'epochs_trained': nan, 'error_message': None, 'final_train_loss': nan, 'finetune_epochs_trained': nan, 'graph_n_neighbors_used': nan, 'graph_n_rows': nan, 'graph_n_unlabeled_used': nan, 'graph_retry_count': nan, 'input_view': 'raw', 'kv_cache': None, 'labeled_class_counts': '{1:69,2:31}', 'labeled_classes_present': 2, 'max_labeled_per_class': 69, 'max_selected_confidence': nan, 'mean_selected_confidence': nan, 'mean_selected_density': nan, 'method': 'tabpfn3', 'method_fidelity': 'official', 'metric_accuracy': 0.7946345975948196, 'metric_average_precision': 0.6805044536587801, 'metric_balanced_accuracy': 0.7762709135052108, 'metric_brier': 0.28902634990118925, 'metric_ece': 0.08961549195211085, 'metric_log_loss': 0.459963002641493, 'metric_macro_f1': 0.7629891677925525, 'metric_nll': 0.459963002641493, 'metric_roc_auc': 0.8698531719160322, 'min_labeled_per_class': 31, 'min_selected_confidence': nan, 'n_classes': 2, 'n_features_after_preprocessing': 5, 'n_features_before_preprocessing': 5, 'n_labeled': 100, 'n_pseudo_added_last_iter': nan, 'n_pseudo_added_total': nan, 'n_unlabeled': 4223, 'neural_method': nan, 'neural_validation_strategy': nan, 'package_version': '8.1.0', 'peak_gpu_memory_mb': 326.935546875, 'pretrain_epochs_trained': nan, 'protocol': 'inductive', 'pseudo_label_class_distribution': nan, 'pseudo_label_fraction': nan, 'reference_family': 'TabPFN-3 / PriorLabs', 'runtime_seconds': 5.9954, 'seed': 2, 'self_training_iterations': nan, 'status': 'success', 'stopped_reason': nan, 'test_class_counts': '{1:764,2:317}', 'test_size': 1081, 'timestamp_utc': '2026-07-22T14:33:45.855822+00:00', 'train_labeled_size': 80, 'train_pool_class_counts': '{1:3054,2:1269}', 'unlabeled_class_counts': '{1:2985,2:1238}', 'val_class_counts': '{1:14,2:6}', 'val_size': 20, 'validation_strategy': 'stratified_labeled_val', 'warm_inference_seconds': 0.47733385395258665}",,False,0.47733385395258665
tabpfn3,/private/ofirlin-lab/suissad4/caches/tabpfn/tabpfn-v3-classifier-v3_default.ckpt,,,nogit:afd539c9e2f221fc,,12.4,phoneme,gpu,False,,,3f9236be15390304,,ssl-tfm,"{'cuda_available': True, 'cuda_version': '12.4', 'env_name': None, 'env_prefix': '/private/ofirlin-lab/suissad4/envs/micromamba', 'gpu_count': 1, 'gpu_name': 'NVIDIA A100 80GB PCIe', 'hostname': 'dsiuriofir01', 'packages': {'catboost': '1.2.10', 'lightgbm': '4.7.0', 'numpy': '2.4.6', 'pandas': '3.0.3', 'scikit-learn': '1.9.0', 'tabicl': '2.1.1', 'tabpfn': '8.1.0', 'torch': '2.6.0+cu124', 'xgboost': None}, 'platform': 'Linux-5.14.0-687.15.1.el9_8.x86_64-x86_64-with-glibc2.34', 'python': '3.11.15 | packaged by conda-forge | (main, Jun 11 2026, 03:34:02) [GCC 14.3.0]', 'python_version': '3.11.15', 'torch_available': True, 'torch_version': '2.6.0+cu124'}",,,NVIDIA A100 80GB PCIe,dsiuriofir01,raw,,tabpfn3,{},44136fa355b3678a,tfm_frozen,official,0.8122109158186864,0.7109740715065028,0.785014121261169,0.24946771873227136,0.04050460010669435,0.38750597619947114,0.7784471522306928,0.38750597619947114,0.8872115876922061,250,,False,,8.1.0,,inductive,Hollmann et al. TabPFN / TabPFN-3,phoneme__tabpfn3__s2__n250__d81fe3a81eeccd7c,5.983,2,10,18450727,v1_absolute_budget,success,True,2026-07-22T14:34:01.608281+00:00,"{'all_classes_present_in_labeled': True, 'backbone': 'tabpfn3', 'best_epoch': nan, 'best_val_loss': nan, 'checkpoint': '/private/ofirlin-lab/suissad4/caches/tabpfn/tabpfn-v3-classifier-v3_default.ckpt', 'cold_load_seconds': 0.8532923758029938, 'dataset': 'phoneme', 'dataset_id': 1489, 'embedding_source': None, 'epochs_trained': nan, 'error_message': None, 'final_train_loss': nan, 'finetune_epochs_trained': nan, 'graph_n_neighbors_used': nan, 'graph_n_rows': nan, 'graph_n_unlabeled_used': nan, 'graph_retry_count': nan, 'input_view': 'raw', 'kv_cache': None, 'labeled_class_counts': '{1:175,2:75}', 'labeled_classes_present': 2, 'max_labeled_per_class': 175, 'max_selected_confidence': nan, 'mean_selected_confidence': nan, 'mean_selected_density': nan, 'method': 'tabpfn3', 'method_fidelity': 'official', 'metric_accuracy': 0.8122109158186864, 'metric_average_precision': 0.7109740715065028, 'metric_balanced_accuracy': 0.785014121261169, 'metric_brier': 0.24946771873227136, 'metric_ece': 0.04050460010669435, 'metric_log_loss': 0.38750597619947114, 'metric_macro_f1': 0.7784471522306928, 'metric_nll': 0.38750597619947114, 'metric_roc_auc': 0.8872115876922061, 'min_labeled_per_class': 75, 'min_selected_confidence': nan, 'n_classes': 2, 'n_features_after_preprocessing': 5, 'n_features_before_preprocessing': 5, 'n_labeled': 250, 'n_pseudo_added_last_iter': nan, 'n_pseudo_added_total': nan, 'n_unlabeled': 4073, 'neural_method': nan, 'neural_validation_strategy': nan, 'package_version': '8.1.0', 'peak_gpu_memory_mb': 329.1015625, 'pretrain_epochs_trained': nan, 'protocol': 'inductive', 'pseudo_label_class_distribution': nan, 'pseudo_label_fraction': nan, 'reference_family': 'TabPFN-3 / PriorLabs', 'runtime_seconds': 5.983, 'seed': 2, 'self_training_iterations': nan, 'status': 'success', 'stopped_reason': nan, 'test_class_counts': '{1:764,2:317}', 'test_size': 1081, 'timestamp_utc': '2026-07-22T14:33:55.602380+00:00', 'train_labeled_size': 200, 'train_pool_class_counts': '{1:3054,2:1269}', 'unlabeled_class_counts': '{1:2879,2:1194}', 'val_class_counts': '{1:35,2:15}', 'val_size': 50, 'validation_strategy': 'stratified_labeled_val', 'warm_inference_seconds': 0.48143084114417434}",,False,0.48143084114417434
tabpfn3,/private/ofirlin-lab/suissad4/caches/tabpfn/tabpfn-v3-classifier-v3_default.ckpt,,,nogit:afd539c9e2f221fc,,12.4,phoneme,gpu,False,,,3f9236be15390304,,ssl-tfm,"{'cuda_available': True, 'cuda_version': '12.4', 'env_name': None, 'env_prefix': '/private/ofirlin-lab/suissad4/envs/micromamba', 'gpu_count': 1, 'gpu_name': 'NVIDIA A100 80GB PCIe', 'hostname': 'dsiuriofir01', 'packages': {'catboost': '1.2.10', 'lightgbm': '4.7.0', 'numpy': '2.4.6', 'pandas': '3.0.3', 'scikit-learn': '1.9.0', 'tabicl': '2.1.1', 'tabpfn': '8.1.0', 'torch': '2.6.0+cu124', 'xgboost': None}, 'platform': 'Linux-5.14.0-687.15.1.el9_8.x86_64-x86_64-with-glibc2.34', 'python': '3.11.15 | packaged by conda-forge | (main, Jun 11 2026, 03:34:02) [GCC 14.3.0]', 'python_version': '3.11.15', 'torch_available': True, 'torch_version': '2.6.0+cu124'}",,,NVIDIA A100 80GB PCIe,dsiuriofir01,raw,,tabpfn3,{},44136fa355b3678a,tfm_frozen,official,0.8344125809435707,0.7460858793605681,0.7887240490858342,0.2247330250417092,0.03854419452519185,0.35458536459749307,0.7954073740427183,0.35458536459749307,0.9102515401258527,500,,False,,8.1.0,,inductive,Hollmann et al. TabPFN / TabPFN-3,phoneme__tabpfn3__s2__n500__e13adfbcf6d20283,6.3179,2,11,18450840,v1_absolute_budget,success,True,2026-07-22T14:34:12.622347+00:00,"{'all_classes_present_in_labeled': True, 'backbone': 'tabpfn3', 'best_epoch': nan, 'best_val_loss': nan, 'checkpoint': '/private/ofirlin-lab/suissad4/caches/tabpfn/tabpfn-v3-classifier-v3_default.ckpt', 'cold_load_seconds': 0.8557070950046182, 'dataset': 'phoneme', 'dataset_id': 1489, 'embedding_source': None, 'epochs_trained': nan, 'error_message': None, 'final_train_loss': nan, 'finetune_epochs_trained': nan, 'graph_n_neighbors_used': nan, 'graph_n_rows': nan, 'graph_n_unlabeled_used': nan, 'graph_retry_count': nan, 'input_view': 'raw', 'kv_cache': None, 'labeled_class_counts': '{1:351,2:149}', 'labeled_classes_present': 2, 'max_labeled_per_class': 351, 'max_selected_confidence': nan, 'mean_selected_confidence': nan, 'mean_selected_density': nan, 'method': 'tabpfn3', 'method_fidelity': 'official', 'metric_accuracy': 0.8344125809435707, 'metric_average_precision': 0.7460858793605681, 'metric_balanced_accuracy': 0.7887240490858342, 'metric_brier': 0.2247330250417092, 'metric_ece': 0.03854419452519185, 'metric_log_loss': 0.35458536459749307, 'metric_macro_f1': 0.7954073740427183, 'metric_nll': 0.35458536459749307, 'metric_roc_auc': 0.9102515401258527, 'min_labeled_per_class': 149, 'min_selected_confidence': nan, 'n_classes': 2, 'n_features_after_preprocessing': 5, 'n_features_before_preprocessing': 5, 'n_labeled': 500, 'n_pseudo_added_last_iter': nan, 'n_pseudo_added_total': nan, 'n_unlabeled': 3823, 'neural_method': nan, 'neural_validation_strategy': nan, 'package_version': '8.1.0', 'peak_gpu_memory_mb': 333.2744140625, 'pretrain_epochs_trained': nan, 'protocol': 'inductive', 'pseudo_label_class_distribution': nan, 'pseudo_label_fraction': nan, 'reference_family': 'TabPFN-3 / PriorLabs', 'runtime_seconds': 6.3179, 'seed': 2, 'self_training_iterations': nan, 'status': 'success', 'stopped_reason': nan, 'test_class_counts': '{1:764,2:317}', 'test_size': 1081, 'timestamp_utc': '2026-07-22T14:34:06.281473+00:00', 'train_labeled_size': 400, 'train_pool_class_counts': '{1:3054,2:1269}', 'unlabeled_class_counts': '{1:2703,2:1120}', 'val_class_counts': '{1:70,2:30}', 'val_size': 100, 'validation_strategy': 'stratified_labeled_val', 'warm_inference_seconds': 0.5055436128750443}",,False,0.5055436128750443
tabpfn3,/private/ofirlin-lab/suissad4/caches/tabpfn/tabpfn-v3-classifier-v3_default.ckpt,,,nogit:afd539c9e2f221fc,,12.4,phoneme,gpu,False,,,3f9236be15390304,,ssl-tfm,"{'cuda_available': True, 'cuda_version': '12.4', 'env_name': None, 'env_prefix': '/private/ofirlin-lab/suissad4/envs/micromamba', 'gpu_count': 1, 'gpu_name': 'NVIDIA A100 80GB PCIe', 'hostname': 'dsiuriofir01', 'packages': {'catboost': '1.2.10', 'lightgbm': '4.7.0', 'numpy': '2.4.6', 'pandas': '3.0.3', 'scikit-learn': '1.9.0', 'tabicl': '2.1.1', 'tabpfn': '8.1.0', 'torch': '2.6.0+cu124', 'xgboost': None}, 'platform': 'Linux-5.14.0-687.15.1.el9_8.x86_64-x86_64-with-glibc2.34', 'python': '3.11.15 | packaged by conda-forge | (main, Jun 11 2026, 03:34:02) [GCC 14.3.0]', 'python_version': '3.11.15', 'torch_available': True, 'torch_version': '2.6.0+cu124'}",,,NVIDIA A100 80GB PCIe,dsiuriofir01,raw,,tabpfn3,{},44136fa355b3678a,tfm_frozen,official,0.7678075855689177,0.5770355942192278,0.7176098733215519,0.33282186794794943,0.09349909766695826,0.5427035510371203,0.7186113245742577,0.5427035510371203,0.798392158158125,50,,False,,8.1.0,,inductive,Hollmann et al. TabPFN / TabPFN-3,phoneme__tabpfn3__s2__n50__e79b23f83ea361d9,5.9486,2,8,18450725,v1_absolute_budget,success,True,2026-07-22T14:33:42.110597+00:00,"{'all_classes_present_in_labeled': True, 'backbone': 'tabpfn3', 'best_epoch': nan, 'best_val_loss': nan, 'checkpoint': '/private/ofirlin-lab/suissad4/caches/tabpfn/tabpfn-v3-classifier-v3_default.ckpt', 'cold_load_seconds': 0.8391936421394348, 'dataset': 'phoneme', 'dataset_id': 1489, 'embedding_source': None, 'epochs_trained': nan, 'error_message': None, 'final_train_loss': nan, 'finetune_epochs_trained': nan, 'graph_n_neighbors_used': nan, 'graph_n_rows': nan, 'graph_n_unlabeled_used': nan, 'graph_retry_count': nan, 'input_view': 'raw', 'kv_cache': None, 'labeled_class_counts': '{1:34,2:16}', 'labeled_classes_present': 2, 'max_labeled_per_class': 34, 'max_selected_confidence': nan, 'mean_selected_confidence': nan, 'mean_selected_density': nan, 'method': 'tabpfn3', 'method_fidelity': 'official', 'metric_accuracy': 0.7678075855689177, 'metric_average_precision': 0.5770355942192278, 'metric_balanced_accuracy': 0.7176098733215519, 'metric_brier': 0.33282186794794943, 'metric_ece': 0.09349909766695826, 'metric_log_loss': 0.5427035510371203, 'metric_macro_f1': 0.7186113245742577, 'metric_nll': 0.5427035510371203, 'metric_roc_auc': 0.798392158158125, 'min_labeled_per_class': 16, 'min_selected_confidence': nan, 'n_classes': 2, 'n_features_after_preprocessing': 5, 'n_features_before_preprocessing': 5, 'n_labeled': 50, 'n_pseudo_added_last_iter': nan, 'n_pseudo_added_total': nan, 'n_unlabeled': 4273, 'neural_method': nan, 'neural_validation_strategy': nan, 'package_version': '8.1.0', 'peak_gpu_memory_mb': 326.3701171875, 'pretrain_epochs_trained': nan, 'protocol': 'inductive', 'pseudo_label_class_distribution': nan, 'pseudo_label_fraction': nan, 'reference_family': 'TabPFN-3 / PriorLabs', 'runtime_seconds': 5.9486, 'seed': 2, 'self_training_iterations': nan, 'status': 'success', 'stopped_reason': nan, 'test_class_counts': '{1:764,2:317}', 'test_size': 1081, 'timestamp_utc': '2026-07-22T14:33:36.139491+00:00', 'train_labeled_size': 40, 'train_pool_class_counts': '{1:3054,2:1269}', 'unlabeled_class_counts': '{1:3020,2:1253}', 'val_class_counts': '{1:7,2:3}', 'val_size': 10, 'validation_strategy': 'stratified_labeled_val', 'warm_inference_seconds': 0.4836409757845104}",,False,0.4836409757845104
tabiclv2,tabicl-classifier-v2-20260212.ckpt,,,nogit:afd539c9e2f221fc,,12.4,satimage,gpu,False,,,3f9236be15390304,,ssl-tfm,"{'cuda_available': True, 'cuda_version': '12.4', 'env_name': None, 'env_prefix': '/private/ofirlin-lab/suissad4/envs/micromamba', 'gpu_count': 1, 'gpu_name': 'NVIDIA A100 80GB PCIe', 'hostname': 'dsiuriofir01', 'packages': {'catboost': '1.2.10', 'lightgbm': '4.7.0', 'numpy': '2.4.6', 'pandas': '3.0.3', 'scikit-learn': '1.9.0', 'tabicl': '2.1.1', 'tabpfn': '8.1.0', 'torch': '2.6.0+cu124', 'xgboost': None}, 'platform': 'Linux-5.14.0-687.15.1.el9_8.x86_64-x86_64-with-glibc2.34', 'python': '3.11.15 | packaged by conda-forge | (main, Jun 11 2026, 03:34:02) [GCC 14.3.0]', 'python_version': '3.11.15', 'torch_available': True, 'torch_version': '2.6.0+cu124'}",,,NVIDIA A100 80GB PCIe,dsiuriofir01,raw,True,tabiclv2,{},44136fa355b3678a,tfm_frozen,official,0.8297045101088647,,0.8146906682031702,0.22671321929574895,0.024988641830897565,0.41644532639274007,0.8075413424608398,0.41644532639274007,0.9737689939598817,100,,False,,unknown,,inductive,TabICL / TabICLv2,satimage__tabiclv2__s0__n100__b2fe7ce25b5a5386,7.9882,0,133,18455254,v1_absolute_budget,success,True,2026-07-22T14:51:58.153644+00:00,"{'all_classes_present_in_labeled': True, 'backbone': 'tabiclv2', 'best_epoch': nan, 'best_val_loss': nan, 'checkpoint': 'tabicl-classifier-v2-20260212.ckpt', 'cold_load_seconds': 1.1107479380443692, 'dataset': 'satimage', 'dataset_id': 182, 'embedding_source': None, 'epochs_trained': nan, 'error_message': None, 'final_train_loss': nan, 'finetune_epochs_trained': nan, 'graph_n_neighbors_used': nan, 'graph_n_rows': nan, 'graph_n_unlabeled_used': nan, 'graph_retry_count': nan, 'input_view': 'raw', 'kv_cache': True, 'labeled_class_counts': '{1.:22,2.:12,3.:20,4.:12,5.:13,7.:21}', 'labeled_classes_present': 6, 'max_labeled_per_class': 22, 'max_selected_confidence': nan, 'mean_selected_confidence': nan, 'mean_selected_density': nan, 'method': 'tabiclv2', 'method_fidelity': 'official', 'metric_accuracy': 0.8297045101088647, 'metric_average_precision': None, 'metric_balanced_accuracy': 0.8146906682031702, 'metric_brier': 0.22671321929574895, 'metric_ece': 0.024988641830897565, 'metric_log_loss': 0.41644532639274007, 'metric_macro_f1': 0.8075413424608398, 'metric_nll': 0.41644532639274007, 'metric_roc_auc': 0.9737689939598817, 'min_labeled_per_class': 12, 'min_selected_confidence': nan, 'n_classes': 6, 'n_features_after_preprocessing': 36, 'n_features_before_preprocessing': 36, 'n_labeled': 100, 'n_pseudo_added_last_iter': nan, 'n_pseudo_added_total': nan, 'n_unlabeled': 5044, 'neural_method': nan, 'neural_validation_strategy': nan, 'package_version': 'unknown', 'peak_gpu_memory_mb': 1273.99462890625, 'pretrain_epochs_trained': nan, 'protocol': 'inductive', 'pseudo_label_class_distribution': nan, 'pseudo_label_fraction': nan, 'reference_family': 'TabICLv2 / soda-inria/tabicl', 'runtime_seconds': 7.9882, 'seed': 0, 'self_training_iterations': nan, 'status': 'success', 'stopped_reason': nan, 'test_class_counts': '{1.:306,2.:141,3.:271,4.:125,5.:141,7.:302}', 'test_size': 1286, 'timestamp_utc': '2026-07-22T14:51:50.128904+00:00', 'train_labeled_size': 80, 'train_pool_class_counts': '{1.:1225,2.:562,3.:1085,4.:500,5.:566,7.:1206}', 'unlabeled_class_counts': '{1.:1203,2.:550,3.:1065,4.:488,5.:553,7.:1185}', 'val_class_counts': '{1.:4,2.:3,3.:4,4.:2,5.:3,7.:4}', 'val_size': 20, 'validation_strategy': 'stratified_labeled_val', 'warm_inference_seconds': 0.1988032110966742}",,False,0.1988032110966742
tabiclv2,tabicl-classifier-v2-20260212.ckpt,,,nogit:afd539c9e2f221fc,,12.4,satimage,gpu,False,,,3f9236be15390304,,ssl-tfm,"{'cuda_available': True, 'cuda_version': '12.4', 'env_name': None, 'env_prefix': '/private/ofirlin-lab/suissad4/envs/micromamba', 'gpu_count': 1, 'gpu_name': 'NVIDIA A100 80GB PCIe', 'hostname': 'dsiuriofir01', 'packages': {'catboost': '1.2.10', 'lightgbm': '4.7.0', 'numpy': '2.4.6', 'pandas': '3.0.3', 'scikit-learn': '1.9.0', 'tabicl': '2.1.1', 'tabpfn': '8.1.0', 'torch': '2.6.0+cu124', 'xgboost': None}, 'platform': 'Linux-5.14.0-687.15.1.el9_8.x86_64-x86_64-with-glibc2.34', 'python': '3.11.15 | packaged by conda-forge | (main, Jun 11 2026, 03:34:02) [GCC 14.3.0]', 'python_version': '3.11.15', 'torch_available': True, 'torch_version': '2.6.0+cu124'}",,,NVIDIA A100 80GB PCIe,dsiuriofir01,raw,True,tabiclv2,{},44136fa355b3678a,tfm_frozen,official,0.8460342146189735,,0.8074365177222985,0.21640802248297852,0.03140014351245072,0.4151639949429445,0.8139723179858138,0.4151639949429445,0.970970796491374,250,,False,,unknown,,inductive,TabICL / TabICLv2,satimage__tabiclv2__s0__n250__a80c96a40bc4a899,7.9967,0,134,18455255,v1_absolute_budget,success,True,2026-07-22T14:51:58.154033+00:00,"{'all_classes_present_in_labeled': True, 'backbone': 'tabiclv2', 'best_epoch': nan, 'best_val_loss': nan, 'checkpoint': 'tabicl-classifier-v2-20260212.ckpt', 'cold_load_seconds': 1.1337015819735825, 'dataset': 'satimage', 'dataset_id': 182, 'embedding_source': None, 'epochs_trained': nan, 'error_message': None, 'final_train_loss': nan, 'finetune_epochs_trained': nan, 'graph_n_neighbors_used': nan, 'graph_n_rows': nan, 'graph_n_unlabeled_used': nan, 'graph_retry_count': nan, 'input_view': 'raw', 'kv_cache': True, 'labeled_class_counts': '{1.:57,2.:29,3.:52,4.:26,5.:29,7.:57}', 'labeled_classes_present': 6, 'max_labeled_per_class': 57, 'max_selected_confidence': nan, 'mean_selected_confidence': nan, 'mean_selected_density': nan, 'method': 'tabiclv2', 'method_fidelity': 'official', 'metric_accuracy': 0.8460342146189735, 'metric_average_precision': None, 'metric_balanced_accuracy': 0.8074365177222985, 'metric_brier': 0.21640802248297852, 'metric_ece': 0.03140014351245072, 'metric_log_loss': 0.4151639949429445, 'metric_macro_f1': 0.8139723179858138, 'metric_nll': 0.4151639949429445, 'metric_roc_auc': 0.970970796491374, 'min_labeled_per_class': 26, 'min_selected_confidence': nan, 'n_classes': 6, 'n_features_after_preprocessing': 36, 'n_features_before_preprocessing': 36, 'n_labeled': 250, 'n_pseudo_added_last_iter': nan, 'n_pseudo_added_total': nan, 'n_unlabeled': 4894, 'neural_method': nan, 'neural_validation_strategy': nan, 'package_version': 'unknown', 'peak_gpu_memory_mb': 1319.61962890625, 'pretrain_epochs_trained': nan, 'protocol': 'inductive', 'pseudo_label_class_distribution': nan, 'pseudo_label_fraction': nan, 'reference_family': 'TabICLv2 / soda-inria/tabicl', 'runtime_seconds': 7.9967, 'seed': 0, 'self_training_iterations': nan, 'status': 'success', 'stopped_reason': nan, 'test_class_counts': '{1.:306,2.:141,3.:271,4.:125,5.:141,7.:302}', 'test_size': 1286, 'timestamp_utc': '2026-07-22T14:51:50.128555+00:00', 'train_labeled_size': 200, 'train_pool_class_counts': '{1.:1225,2.:562,3.:1085,4.:500,5.:566,7.:1206}', 'unlabeled_class_counts': '{1.:1168,2.:533,3.:1033,4.:474,5.:537,7.:1149}', 'val_class_counts': '{1.:12,2.:6,3.:10,4.:5,5.:6,7.:11}', 'val_size': 50, 'validation_strategy': 'stratified_labeled_val', 'warm_inference_seconds': 0.19603735581040382}",,False,0.19603735581040382
tabiclv2,tabicl-classifier-v2-20260212.ckpt,,,nogit:afd539c9e2f221fc,,12.4,satimage,gpu,False,,,3f9236be15390304,,ssl-tfm,"{'cuda_available': True, 'cuda_version': '12.4', 'env_name': None, 'env_prefix': '/private/ofirlin-lab/suissad4/envs/micromamba', 'gpu_count': 1, 'gpu_name': 'NVIDIA A100 80GB PCIe', 'hostname': 'dsiuriofir01', 'packages': {'catboost': '1.2.10', 'lightgbm': '4.7.0', 'numpy': '2.4.6', 'pandas': '3.0.3', 'scikit-learn': '1.9.0', 'tabicl': '2.1.1', 'tabpfn': '8.1.0', 'torch': '2.6.0+cu124', 'xgboost': None}, 'platform': 'Linux-5.14.0-687.15.1.el9_8.x86_64-x86_64-with-glibc2.34', 'python': '3.11.15 | packaged by conda-forge | (main, Jun 11 2026, 03:34:02) [GCC 14.3.0]', 'python_version': '3.11.15', 'torch_available': True, 'torch_version': '2.6.0+cu124'}",,,NVIDIA A100 80GB PCIe,dsiuriofir01,raw,True,tabiclv2,{},44136fa355b3678a,tfm_frozen,official,0.8755832037325039,,0.8443023568358116,0.1819061034255257,0.02371087478512116,0.3304579858970911,0.847827883574972,0.3304579858970911,0.9799332612875077,500,,False,,unknown,,inductive,TabICL / TabICLv2,satimage__tabiclv2__s0__n500__e5742b44f17a11a9,7.4063,0,135,18455256,v1_absolute_budget,success,True,2026-07-22T14:52:16.075677+00:00,"{'all_classes_present_in_labeled': True, 'backbone': 'tabiclv2', 'best_epoch': nan, 'best_val_loss': nan, 'checkpoint': 'tabicl-classifier-v2-20260212.ckpt', 'cold_load_seconds': 1.1411573318764567, 'dataset': 'satimage', 'dataset_id': 182, 'embedding_source': None, 'epochs_trained': nan, 'error_message': None, 'final_train_loss': nan, 'finetune_epochs_trained': nan, 'graph_n_neighbors_used': nan, 'graph_n_rows': nan, 'graph_n_unlabeled_used': nan, 'graph_retry_count': nan, 'input_view': 'raw', 'kv_cache': True, 'labeled_class_counts': '{1.:117,2.:56,3.:104,4.:51,5.:57,7.:115}', 'labeled_classes_present': 6, 'max_labeled_per_class': 117, 'max_selected_confidence': nan, 'mean_selected_confidence': nan, 'mean_selected_density': nan, 'method': 'tabiclv2', 'method_fidelity': 'official', 'metric_accuracy': 0.8755832037325039, 'metric_average_precision': None, 'metric_balanced_accuracy': 0.8443023568358116, 'metric_brier': 0.1819061034255257, 'metric_ece': 0.02371087478512116, 'metric_log_loss': 0.3304579858970911, 'metric_macro_f1': 0.847827883574972, 'metric_nll': 0.3304579858970911, 'metric_roc_auc': 0.9799332612875077, 'min_labeled_per_class': 51, 'min_selected_confidence': nan, 'n_classes': 6, 'n_features_after_preprocessing': 36, 'n_features_before_preprocessing': 36, 'n_labeled': 500, 'n_pseudo_added_last_iter': nan, 'n_pseudo_added_total': nan, 'n_unlabeled': 4644, 'neural_method': nan, 'neural_validation_strategy': nan, 'package_version': 'unknown', 'peak_gpu_memory_mb': 1396.1396484375, 'pretrain_epochs_trained': nan, 'protocol': 'inductive', 'pseudo_label_class_distribution': nan, 'pseudo_label_fraction': nan, 'reference_family': 'TabICLv2 / soda-inria/tabicl', 'runtime_seconds': 7.4063, 'seed': 0, 'self_training_iterations': nan, 'status': 'success', 'stopped_reason': nan, 'test_class_counts': '{1.:306,2.:141,3.:271,4.:125,5.:141,7.:302}', 'test_size': 1286, 'timestamp_utc': '2026-07-22T14:52:08.639816+00:00', 'train_labeled_size': 400, 'train_pool_class_counts': '{1.:1225,2.:562,3.:1085,4.:500,5.:566,7.:1206}', 'unlabeled_class_counts': '{1.:1108,2.:506,3.:981,4.:449,5.:509,7.:1091}', 'val_class_counts': '{1.:23,2.:11,3.:21,4.:10,5.:12,7.:23}', 'val_size': 100, 'validation_strategy': 'stratified_labeled_val', 'warm_inference_seconds': 0.1904951031319797}",,False,0.1904951031319797
tabiclv2,tabicl-classifier-v2-20260212.ckpt,,,nogit:afd539c9e2f221fc,,12.4,satimage,gpu,False,,,3f9236be15390304,,ssl-tfm,"{'cuda_available': True, 'cuda_version': '12.4', 'env_name': None, 'env_prefix': '/private/ofirlin-lab/suissad4/envs/micromamba', 'gpu_count': 1, 'gpu_name': 'NVIDIA A100 80GB PCIe', 'hostname': 'dsiuriofir01', 'packages': {'catboost': '1.2.10', 'lightgbm': '4.7.0', 'numpy': '2.4.6', 'pandas': '3.0.3', 'scikit-learn': '1.9.0', 'tabicl': '2.1.1', 'tabpfn': '8.1.0', 'torch': '2.6.0+cu124', 'xgboost': None}, 'platform': 'Linux-5.14.0-687.15.1.el9_8.x86_64-x86_64-with-glibc2.34', 'python': '3.11.15 | packaged by conda-forge | (main, Jun 11 2026, 03:34:02) [GCC 14.3.0]', 'python_version': '3.11.15', 'torch_available': True, 'torch_version': '2.6.0+cu124'}",,,NVIDIA A100 80GB PCIe,dsiuriofir01,raw,True,tabiclv2,{},44136fa355b3678a,tfm_frozen,official,0.8320373250388803,,0.8046199195634727,0.23909318093156728,0.028110807250498346,0.4479186691124127,0.8020039790924156,0.4479186691124127,0.9690554478548874,50,,False,,unknown,,inductive,TabICL / TabICLv2,satimage__tabiclv2__s0__n50__22711face001be73,6.3864,0,132,18455253,v1_absolute_budget,success,True,2026-07-22T14:51:40.478129+00:00,"{'all_classes_present_in_labeled': True, 'backbone': 'tabiclv2', 'best_epoch': nan, 'best_val_loss': nan, 'checkpoint': 'tabicl-classifier-v2-20260212.ckpt', 'cold_load_seconds': 1.1078303628601134, 'dataset': 'satimage', 'dataset_id': 182, 'embedding_source': None, 'epochs_trained': nan, 'error_message': None, 'final_train_loss': nan, 'finetune_epochs_trained': nan, 'graph_n_neighbors_used': nan, 'graph_n_rows': nan, 'graph_n_unlabeled_used': nan, 'graph_retry_count': nan, 'input_view': 'raw', 'kv_cache': True, 'labeled_class_counts': '{1.:11,2.:6,3.:10,4.:6,5.:7,7.:10}', 'labeled_classes_present': 6, 'max_labeled_per_class': 11, 'max_selected_confidence': nan, 'mean_selected_confidence': nan, 'mean_selected_density': nan, 'method': 'tabiclv2', 'method_fidelity': 'official', 'metric_accuracy': 0.8320373250388803, 'metric_average_precision': None, 'metric_balanced_accuracy': 0.8046199195634727, 'metric_brier': 0.23909318093156728, 'metric_ece': 0.028110807250498346, 'metric_log_loss': 0.4479186691124127, 'metric_macro_f1': 0.8020039790924156, 'metric_nll': 0.4479186691124127, 'metric_roc_auc': 0.9690554478548874, 'min_labeled_per_class': 6, 'min_selected_confidence': nan, 'n_classes': 6, 'n_features_after_preprocessing': 36, 'n_features_before_preprocessing': 36, 'n_labeled': 50, 'n_pseudo_added_last_iter': nan, 'n_pseudo_added_total': nan, 'n_unlabeled': 5094, 'neural_method': nan, 'neural_validation_strategy': nan, 'package_version': 'unknown', 'peak_gpu_memory_mb': 1259.99462890625, 'pretrain_epochs_trained': nan, 'protocol': 'inductive', 'pseudo_label_class_distribution': nan, 'pseudo_label_fraction': nan, 'reference_family': 'TabICLv2 / soda-inria/tabicl', 'runtime_seconds': 6.3864, 'seed': 0, 'self_training_iterations': nan, 'status': 'success', 'stopped_reason': nan, 'test_class_counts': '{1.:306,2.:141,3.:271,4.:125,5.:141,7.:302}', 'test_size': 1286, 'timestamp_utc': '2026-07-22T14:51:34.066289+00:00', 'train_labeled_size': 40, 'train_pool_class_counts': '{1.:1225,2.:562,3.:1085,4.:500,5.:566,7.:1206}', 'unlabeled_class_counts': '{1.:1214,2.:556,3.:1075,4.:494,5.:559,7.:1196}', 'val_class_counts': '{1.:2,2.:1,3.:2,4.:1,5.:2,7.:2}', 'val_size': 10, 'validation_strategy': 'stratified_labeled_val', 'warm_inference_seconds': 0.19299706583842635}",,False,0.19299706583842635
tabiclv2,tabicl-classifier-v2-20260212.ckpt,,,nogit:afd539c9e2f221fc,,12.4,satimage,gpu,False,,,3f9236be15390304,,ssl-tfm,"{'cuda_available': True, 'cuda_version': '12.4', 'env_name': None, 'env_prefix': '/private/ofirlin-lab/suissad4/envs/micromamba', 'gpu_count': 1, 'gpu_name': 'NVIDIA A100 80GB PCIe', 'hostname': 'dsiuriofir01', 'packages': {'catboost': '1.2.10', 'lightgbm': '4.7.0', 'numpy': '2.4.6', 'pandas': '3.0.3', 'scikit-learn': '1.9.0', 'tabicl': '2.1.1', 'tabpfn': '8.1.0', 'torch': '2.6.0+cu124', 'xgboost': None}, 'platform': 'Linux-5.14.0-687.15.1.el9_8.x86_64-x86_64-with-glibc2.34', 'python': '3.11.15 | packaged by conda-forge | (main, Jun 11 2026, 03:34:02) [GCC 14.3.0]', 'python_version': '3.11.15', 'torch_available': True, 'torch_version': '2.6.0+cu124'}",,,NVIDIA A100 80GB PCIe,dsiuriofir01,raw,True,tabiclv2,{},44136fa355b3678a,tfm_frozen,official,0.8444790046656299,,0.8131036490380762,0.21443649217608343,0.023134039997721356,0.40200882158126233,0.8091049027977161,0.40200882158126233,0.9732339786627496,100,,False,,unknown,,inductive,TabICL / TabICLv2,satimage__tabiclv2__s1__n100__1a2639e80a5e6a3e,8.0859,1,137,18455258,v1_absolute_budget,success,True,2026-07-22T14:52:32.798485+00:00,"{'all_classes_present_in_labeled': True, 'backbone': 'tabiclv2', 'best_epoch': nan, 'best_val_loss': nan, 'checkpoint': 'tabicl-classifier-v2-20260212.ckpt', 'cold_load_seconds': 1.0902111548930407, 'dataset': 'satimage', 'dataset_id': 182, 'embedding_source': None, 'epochs_trained': nan, 'error_message': None, 'final_train_loss': nan, 'finetune_epochs_trained': nan, 'graph_n_neighbors_used': nan, 'graph_n_rows': nan, 'graph_n_unlabeled_used': nan, 'graph_retry_count': nan, 'input_view': 'raw', 'kv_cache': True, 'labeled_class_counts': '{1.:22,2.:12,3.:20,4.:12,5.:13,7.:21}', 'labeled_classes_present': 6, 'max_labeled_per_class': 22, 'max_selected_confidence': nan, 'mean_selected_confidence': nan, 'mean_selected_density': nan, 'method': 'tabiclv2', 'method_fidelity': 'official', 'metric_accuracy': 0.8444790046656299, 'metric_average_precision': None, 'metric_balanced_accuracy': 0.8131036490380762, 'metric_brier': 0.21443649217608343, 'metric_ece': 0.023134039997721356, 'metric_log_loss': 0.40200882158126233, 'metric_macro_f1': 0.8091049027977161, 'metric_nll': 0.40200882158126233, 'metric_roc_auc': 0.9732339786627496, 'min_labeled_per_class': 12, 'min_selected_confidence': nan, 'n_classes': 6, 'n_features_after_preprocessing': 36, 'n_features_before_preprocessing': 36, 'n_labeled': 100, 'n_pseudo_added_last_iter': nan, 'n_pseudo_added_total': nan, 'n_unlabeled': 5044, 'neural_method': nan, 'neural_validation_strategy': nan, 'package_version': 'unknown', 'peak_gpu_memory_mb': 1273.99462890625, 'pretrain_epochs_trained': nan, 'protocol': 'inductive', 'pseudo_label_class_distribution': nan, 'pseudo_label_fraction': nan, 'reference_family': 'TabICLv2 / soda-inria/tabicl', 'runtime_seconds': 8.0859, 'seed': 1, 'self_training_iterations': nan, 'status': 'success', 'stopped_reason': nan, 'test_class_counts': '{1.:306,2.:141,3.:271,4.:125,5.:141,7.:302}', 'test_size': 1286, 'timestamp_utc': '2026-07-22T14:52:24.676962+00:00', 'train_labeled_size': 80, 'train_pool_class_counts': '{1.:1225,2.:562,3.:1085,4.:500,5.:566,7.:1206}', 'unlabeled_class_counts': '{1.:1203,2.:550,3.:1065,4.:488,5.:553,7.:1185}', 'val_class_counts': '{1.:4,2.:3,3.:4,4.:2,5.:3,7.:4}', 'val_size': 20, 'validation_strategy': 'stratified_labeled_val', 'warm_inference_seconds': 0.1989553407765925}",,False,0.1989553407765925
tabiclv2,tabicl-classifier-v2-20260212.ckpt,,,nogit:afd539c9e2f221fc,,12.4,satimage,gpu,False,,,3f9236be15390304,,ssl-tfm,"{'cuda_available': True, 'cuda_version': '12.4', 'env_name': None, 'env_prefix': '/private/ofirlin-lab/suissad4/envs/micromamba', 'gpu_count': 1, 'gpu_name': 'NVIDIA A100 80GB PCIe', 'hostname': 'dsiuriofir01', 'packages': {'catboost': '1.2.10', 'lightgbm': '4.7.0', 'numpy': '2.4.6', 'pandas': '3.0.3', 'scikit-learn': '1.9.0', 'tabicl': '2.1.1', 'tabpfn': '8.1.0', 'torch': '2.6.0+cu124', 'xgboost': None}, 'platform': 'Linux-5.14.0-687.15.1.el9_8.x86_64-x86_64-with-glibc2.34', 'python': '3.11.15 | packaged by conda-forge | (main, Jun 11 2026, 03:34:02) [GCC 14.3.0]', 'python_version': '3.11.15', 'torch_available': True, 'torch_version': '2.6.0+cu124'}",,,NVIDIA A100 80GB PCIe,dsiuriofir01,raw,True,tabiclv2,{},44136fa355b3678a,tfm_frozen,official,0.854587869362364,,0.8186285592229007,0.19708244232881247,0.027816966368690344,0.3577240877603552,0.8198544357440637,0.3577240877603552,0.9771986075561596,250,,False,,unknown,,inductive,TabICL / TabICLv2,satimage__tabiclv2__s1__n250__fea199f3a5aed206,8.0826,1,138,18455259,v1_absolute_budget,success,True,2026-07-22T14:52:32.797691+00:00,"{'all_classes_present_in_labeled': True, 'backbone': 'tabiclv2', 'best_epoch': nan, 'best_val_loss': nan, 'checkpoint': 'tabicl-classifier-v2-20260212.ckpt', 'cold_load_seconds': 1.0821401560679078, 'dataset': 'satimage', 'dataset_id': 182, 'embedding_source': None, 'epochs_trained': nan, 'error_message': None, 'final_train_loss': nan, 'finetune_epochs_trained': nan, 'graph_n_neighbors_used': nan, 'graph_n_rows': nan, 'graph_n_unlabeled_used': nan, 'graph_retry_count': nan, 'input_view': 'raw', 'kv_cache': True, 'labeled_class_counts': '{1.:57,2.:29,3.:52,4.:26,5.:29,7.:57}', 'labeled_classes_present': 6, 'max_labeled_per_class': 57, 'max_selected_confidence': nan, 'mean_selected_confidence': nan, 'mean_selected_density': nan, 'method': 'tabiclv2', 'method_fidelity': 'official', 'metric_accuracy': 0.854587869362364, 'metric_average_precision': None, 'metric_balanced_accuracy': 0.8186285592229007, 'metric_brier': 0.19708244232881247, 'metric_ece': 0.027816966368690344, 'metric_log_loss': 0.3577240877603552, 'metric_macro_f1': 0.8198544357440637, 'metric_nll': 0.3577240877603552, 'metric_roc_auc': 0.9771986075561596, 'min_labeled_per_class': 26, 'min_selected_confidence': nan, 'n_classes': 6, 'n_features_after_preprocessing': 36, 'n_features_before_preprocessing': 36, 'n_labeled': 250, 'n_pseudo_added_last_iter': nan, 'n_pseudo_added_total': nan, 'n_unlabeled': 4894, 'neural_method': nan, 'neural_validation_strategy': nan, 'package_version': 'unknown', 'peak_gpu_memory_mb': 1319.61962890625, 'pretrain_epochs_trained': nan, 'protocol': 'inductive', 'pseudo_label_class_distribution': nan, 'pseudo_label_fraction': nan, 'reference_family': 'TabICLv2 / soda-inria/tabicl', 'runtime_seconds': 8.0826, 'seed': 1, 'self_training_iterations': nan, 'status': 'success', 'stopped_reason': nan, 'test_class_counts': '{1.:306,2.:141,3.:271,4.:125,5.:141,7.:302}', 'test_size': 1286, 'timestamp_utc': '2026-07-22T14:52:24.676117+00:00', 'train_labeled_size': 200, 'train_pool_class_counts': '{1.:1225,2.:562,3.:1085,4.:500,5.:566,7.:1206}', 'unlabeled_class_counts': '{1.:1168,2.:533,3.:1033,4.:474,5.:537,7.:1149}', 'val_class_counts': '{1.:11,2.:6,3.:10,4.:5,5.:6,7.:12}', 'val_size': 50, 'validation_strategy': 'stratified_labeled_val', 'warm_inference_seconds': 0.1958148581907153}",,False,0.1958148581907153
tabiclv2,tabicl-classifier-v2-20260212.ckpt,,,nogit:afd539c9e2f221fc,,12.4,satimage,gpu,False,,,3f9236be15390304,,ssl-tfm,"{'cuda_available': True, 'cuda_version': '12.4', 'env_name': None, 'env_prefix': '/private/ofirlin-lab/suissad4/envs/micromamba', 'gpu_count': 1, 'gpu_name': 'NVIDIA A100 80GB PCIe', 'hostname': 'dsiuriofir01', 'packages': {'catboost': '1.2.10', 'lightgbm': '4.7.0', 'numpy': '2.4.6', 'pandas': '3.0.3', 'scikit-learn': '1.9.0', 'tabicl': '2.1.1', 'tabpfn': '8.1.0', 'torch': '2.6.0+cu124', 'xgboost': None}, 'platform': 'Linux-5.14.0-687.15.1.el9_8.x86_64-x86_64-with-glibc2.34', 'python': '3.11.15 | packaged by conda-forge | (main, Jun 11 2026, 03:34:02) [GCC 14.3.0]', 'python_version': '3.11.15', 'torch_available': True, 'torch_version': '2.6.0+cu124'}",,,NVIDIA A100 80GB PCIe,dsiuriofir01,raw,True,tabiclv2,{},44136fa355b3678a,tfm_frozen,official,0.8989113530326595,,0.8765305696963398,0.14778201497814736,0.017848128760854724,0.26616710067843097,0.8801538573919933,0.26616710067843097,0.9867324790951355,500,,False,,unknown,,inductive,TabICL / TabICLv2,satimage__tabiclv2__s1__n500__33fcdafbe326c6bb,9.1546,1,139,18455261,v1_absolute_budget,success,True,2026-07-22T14:52:50.042972+00:00,"{'all_classes_present_in_labeled': True, 'backbone': 'tabiclv2', 'best_epoch': nan, 'best_val_loss': nan, 'checkpoint': 'tabicl-classifier-v2-20260212.ckpt', 'cold_load_seconds': 1.1169074890203774, 'dataset': 'satimage', 'dataset_id': 182, 'embedding_source': None, 'epochs_trained': nan, 'error_message': None, 'final_train_loss': nan, 'finetune_epochs_trained': nan, 'graph_n_neighbors_used': nan, 'graph_n_rows': nan, 'graph_n_unlabeled_used': nan, 'graph_retry_count': nan, 'input_view': 'raw', 'kv_cache': True, 'labeled_class_counts': '{1.:117,2.:56,3.:104,4.:51,5.:57,7.:115}', 'labeled_classes_present': 6, 'max_labeled_per_class': 117, 'max_selected_confidence': nan, 'mean_selected_confidence': nan, 'mean_selected_density': nan, 'method': 'tabiclv2', 'method_fidelity': 'official', 'metric_accuracy': 0.8989113530326595, 'metric_average_precision': None, 'metric_balanced_accuracy': 0.8765305696963398, 'metric_brier': 0.14778201497814736, 'metric_ece': 0.017848128760854724, 'metric_log_loss': 0.26616710067843097, 'metric_macro_f1': 0.8801538573919933, 'metric_nll': 0.26616710067843097, 'metric_roc_auc': 0.9867324790951355, 'min_labeled_per_class': 51, 'min_selected_confidence': nan, 'n_classes': 6, 'n_features_after_preprocessing': 36, 'n_features_before_preprocessing': 36, 'n_labeled': 500, 'n_pseudo_added_last_iter': nan, 'n_pseudo_added_total': nan, 'n_unlabeled': 4644, 'neural_method': nan, 'neural_validation_strategy': nan, 'package_version': 'unknown', 'peak_gpu_memory_mb': 1396.1396484375, 'pretrain_epochs_trained': nan, 'protocol': 'inductive', 'pseudo_label_class_distribution': nan, 'pseudo_label_fraction': nan, 'reference_family': 'TabICLv2 / soda-inria/tabicl', 'runtime_seconds': 9.1546, 'seed': 1, 'self_training_iterations': nan, 'status': 'success', 'stopped_reason': nan, 'test_class_counts': '{1.:306,2.:141,3.:271,4.:125,5.:141,7.:302}', 'test_size': 1286, 'timestamp_utc': '2026-07-22T14:52:40.865197+00:00', 'train_labeled_size': 400, 'train_pool_class_counts': '{1.:1225,2.:562,3.:1085,4.:500,5.:566,7.:1206}', 'unlabeled_class_counts': '{1.:1108,2.:506,3.:981,4.:449,5.:509,7.:1091}', 'val_class_counts': '{1.:23,2.:11,3.:21,4.:10,5.:12,7.:23}', 'val_size': 100, 'validation_strategy': 'stratified_labeled_val', 'warm_inference_seconds': 0.19051274377852678}",,False,0.19051274377852678
tabiclv2,tabicl-classifier-v2-20260212.ckpt,,,nogit:afd539c9e2f221fc,,12.4,satimage,gpu,False,,,3f9236be15390304,,ssl-tfm,"{'cuda_available': True, 'cuda_version': '12.4', 'env_name': None, 'env_prefix': '/private/ofirlin-lab/suissad4/envs/micromamba', 'gpu_count': 1, 'gpu_name': 'NVIDIA A100 80GB PCIe', 'hostname': 'dsiuriofir01', 'packages': {'catboost': '1.2.10', 'lightgbm': '4.7.0', 'numpy': '2.4.6', 'pandas': '3.0.3', 'scikit-learn': '1.9.0', 'tabicl': '2.1.1', 'tabpfn': '8.1.0', 'torch': '2.6.0+cu124', 'xgboost': None}, 'platform': 'Linux-5.14.0-687.15.1.el9_8.x86_64-x86_64-with-glibc2.34', 'python': '3.11.15 | packaged by conda-forge | (main, Jun 11 2026, 03:34:02) [GCC 14.3.0]', 'python_version': '3.11.15', 'torch_available': True, 'torch_version': '2.6.0+cu124'}",,,NVIDIA A100 80GB PCIe,dsiuriofir01,raw,True,tabiclv2,{},44136fa355b3678a,tfm_frozen,official,0.7947122861586314,,0.7411433308290762,0.29128112776114684,0.06264334925277328,0.5561006768916776,0.7378420637029862,0.5561006768916776,0.9541764220243124,50,,False,,unknown,,inductive,TabICL / TabICLv2,satimage__tabiclv2__s1__n50__65f00ae6a3253453,7.3865,1,136,18455257,v1_absolute_budget,success,True,2026-07-22T14:52:16.058958+00:00,"{'all_classes_present_in_labeled': True, 'backbone': 'tabiclv2', 'best_epoch': nan, 'best_val_loss': nan, 'checkpoint': 'tabicl-classifier-v2-20260212.ckpt', 'cold_load_seconds': 1.0972085851244628, 'dataset': 'satimage', 'dataset_id': 182, 'embedding_source': None, 'epochs_trained': nan, 'error_message': None, 'final_train_loss': nan, 'finetune_epochs_trained': nan, 'graph_n_neighbors_used': nan, 'graph_n_rows': nan, 'graph_n_unlabeled_used': nan, 'graph_retry_count': nan, 'input_view': 'raw', 'kv_cache': True, 'labeled_class_counts': '{1.:11,2.:6,3.:10,4.:6,5.:7,7.:10}', 'labeled_classes_present': 6, 'max_labeled_per_class': 11, 'max_selected_confidence': nan, 'mean_selected_confidence': nan, 'mean_selected_density': nan, 'method': 'tabiclv2', 'method_fidelity': 'official', 'metric_accuracy': 0.7947122861586314, 'metric_average_precision': None, 'metric_balanced_accuracy': 0.7411433308290762, 'metric_brier': 0.29128112776114684, 'metric_ece': 0.06264334925277328, 'metric_log_loss': 0.5561006768916776, 'metric_macro_f1': 0.7378420637029862, 'metric_nll': 0.5561006768916776, 'metric_roc_auc': 0.9541764220243124, 'min_labeled_per_class': 6, 'min_selected_confidence': nan, 'n_classes': 6, 'n_features_after_preprocessing': 36, 'n_features_before_preprocessing': 36, 'n_labeled': 50, 'n_pseudo_added_last_iter': nan, 'n_pseudo_added_total': nan, 'n_unlabeled': 5094, 'neural_method': nan, 'neural_validation_strategy': nan, 'package_version': 'unknown', 'peak_gpu_memory_mb': 1259.99462890625, 'pretrain_epochs_trained': nan, 'protocol': 'inductive', 'pseudo_label_class_distribution': nan, 'pseudo_label_fraction': nan, 'reference_family': 'TabICLv2 / soda-inria/tabicl', 'runtime_seconds': 7.3865, 'seed': 1, 'self_training_iterations': nan, 'status': 'success', 'stopped_reason': nan, 'test_class_counts': '{1.:306,2.:141,3.:271,4.:125,5.:141,7.:302}', 'test_size': 1286, 'timestamp_utc': '2026-07-22T14:52:08.635789+00:00', 'train_labeled_size': 40, 'train_pool_class_counts': '{1.:1225,2.:562,3.:1085,4.:500,5.:566,7.:1206}', 'unlabeled_class_counts': '{1.:1214,2.:556,3.:1075,4.:494,5.:559,7.:1196}', 'val_class_counts': '{1.:2,2.:1,3.:2,4.:1,5.:2,7.:2}', 'val_size': 10, 'validation_strategy': 'stratified_labeled_val', 'warm_inference_seconds': 0.19106121873483062}",,False,0.19106121873483062
tabiclv2,tabicl-classifier-v2-20260212.ckpt,,,nogit:afd539c9e2f221fc,,12.4,satimage,gpu,False,,,3f9236be15390304,,ssl-tfm,"{'cuda_available': True, 'cuda_version': '12.4', 'env_name': None, 'env_prefix': '/private/ofirlin-lab/suissad4/envs/micromamba', 'gpu_count': 1, 'gpu_name': 'NVIDIA A100 80GB PCIe', 'hostname': 'dsiuriofir01', 'packages': {'catboost': '1.2.10', 'lightgbm': '4.7.0', 'numpy': '2.4.6', 'pandas': '3.0.3', 'scikit-learn': '1.9.0', 'tabicl': '2.1.1', 'tabpfn': '8.1.0', 'torch': '2.6.0+cu124', 'xgboost': None}, 'platform': 'Linux-5.14.0-687.15.1.el9_8.x86_64-x86_64-with-glibc2.34', 'python': '3.11.15 | packaged by conda-forge | (main, Jun 11 2026, 03:34:02) [GCC 14.3.0]', 'python_version': '3.11.15', 'torch_available': True, 'torch_version': '2.6.0+cu124'}",,,NVIDIA A100 80GB PCIe,dsiuriofir01,raw,True,tabiclv2,{},44136fa355b3678a,tfm_frozen,official,0.8367029548989113,,0.7973359775152454,0.2247916796712152,0.03693046726611285,0.4184218509705463,0.7945141473100946,0.4184218509705463,0.9709381967744771,100,,False,,unknown,,inductive,TabICL / TabICLv2,satimage__tabiclv2__s2__n100__eefc603f73321eab,7.7114,2,141,18455263,v1_absolute_budget,success,True,2026-07-22T14:53:03.166144+00:00,"{'all_classes_present_in_labeled': True, 'backbone': 'tabiclv2', 'best_epoch': nan, 'best_val_loss': nan, 'checkpoint': 'tabicl-classifier-v2-20260212.ckpt', 'cold_load_seconds': 1.0652485890313983, 'dataset': 'satimage', 'dataset_id': 182, 'embedding_source': None, 'epochs_trained': nan, 'error_message': None, 'final_train_loss': nan, 'finetune_epochs_trained': nan, 'graph_n_neighbors_used': nan, 'graph_n_rows': nan, 'graph_n_unlabeled_used': nan, 'graph_retry_count': nan, 'input_view': 'raw', 'kv_cache': True, 'labeled_class_counts': '{1.:22,2.:12,3.:20,4.:12,5.:13,7.:21}', 'labeled_classes_present': 6, 'max_labeled_per_class': 22, 'max_selected_confidence': nan, 'mean_selected_confidence': nan, 'mean_selected_density': nan, 'method': 'tabiclv2', 'method_fidelity': 'official', 'metric_accuracy': 0.8367029548989113, 'metric_average_precision': None, 'metric_balanced_accuracy': 0.7973359775152454, 'metric_brier': 0.2247916796712152, 'metric_ece': 0.03693046726611285, 'metric_log_loss': 0.4184218509705463, 'metric_macro_f1': 0.7945141473100946, 'metric_nll': 0.4184218509705463, 'metric_roc_auc': 0.9709381967744771, 'min_labeled_per_class': 12, 'min_selected_confidence': nan, 'n_classes': 6, 'n_features_after_preprocessing': 36, 'n_features_before_preprocessing': 36, 'n_labeled': 100, 'n_pseudo_added_last_iter': nan, 'n_pseudo_added_total': nan, 'n_unlabeled': 5044, 'neural_method': nan, 'neural_validation_strategy': nan, 'package_version': 'unknown', 'peak_gpu_memory_mb': 1273.99462890625, 'pretrain_epochs_trained': nan, 'protocol': 'inductive', 'pseudo_label_class_distribution': nan, 'pseudo_label_fraction': nan, 'reference_family': 'TabICLv2 / soda-inria/tabicl', 'runtime_seconds': 7.7114, 'seed': 2, 'self_training_iterations': nan, 'status': 'success', 'stopped_reason': nan, 'test_class_counts': '{1.:306,2.:141,3.:271,4.:125,5.:141,7.:302}', 'test_size': 1286, 'timestamp_utc': '2026-07-22T14:52:55.429078+00:00', 'train_labeled_size': 80, 'train_pool_class_counts': '{1.:1225,2.:562,3.:1085,4.:500,5.:566,7.:1206}', 'unlabeled_class_counts': '{1.:1203,2.:550,3.:1065,4.:488,5.:553,7.:1185}', 'val_class_counts': '{1.:4,2.:3,3.:4,4.:2,5.:3,7.:4}', 'val_size': 20, 'validation_strategy': 'stratified_labeled_val', 'warm_inference_seconds': 0.1996458936482668}",,False,0.1996458936482668
tabiclv2,tabicl-classifier-v2-20260212.ckpt,,,nogit:afd539c9e2f221fc,,12.4,satimage,gpu,False,,,3f9236be15390304,,ssl-tfm,"{'cuda_available': True, 'cuda_version': '12.4', 'env_name': None, 'env_prefix': '/private/ofirlin-lab/suissad4/envs/micromamba', 'gpu_count': 1, 'gpu_name': 'NVIDIA A100 80GB PCIe', 'hostname': 'dsiuriofir01', 'packages': {'catboost': '1.2.10', 'lightgbm': '4.7.0', 'numpy': '2.4.6', 'pandas': '3.0.3', 'scikit-learn': '1.9.0', 'tabicl': '2.1.1', 'tabpfn': '8.1.0', 'torch': '2.6.0+cu124', 'xgboost': None}, 'platform': 'Linux-5.14.0-687.15.1.el9_8.x86_64-x86_64-with-glibc2.34', 'python': '3.11.15 | packaged by conda-forge | (main, Jun 11 2026, 03:34:02) [GCC 14.3.0]', 'python_version': '3.11.15', 'torch_available': True, 'torch_version': '2.6.0+cu124'}",,,NVIDIA A100 80GB PCIe,dsiuriofir01,raw,True,tabiclv2,{},44136fa355b3678a,tfm_frozen,official,0.8732503888024883,,0.839197074299316,0.1965267356121718,0.02304877389545953,0.3724305196181258,0.8397137241774589,0.3724305196181258,0.9745787104748472,250,,False,,unknown,,inductive,TabICL / TabICLv2,satimage__tabiclv2__s2__n250__f3af803b9875755a,7.7121,2,142,18455264,v1_absolute_budget,success,True,2026-07-22T14:53:03.166246+00:00,"{'all_classes_present_in_labeled': True, 'backbone': 'tabiclv2', 'best_epoch': nan, 'best_val_loss': nan, 'checkpoint': 'tabicl-classifier-v2-20260212.ckpt', 'cold_load_seconds': 1.078598071821034, 'dataset': 'satimage', 'dataset_id': 182, 'embedding_source': None, 'epochs_trained': nan, 'error_message': None, 'final_train_loss': nan, 'finetune_epochs_trained': nan, 'graph_n_neighbors_used': nan, 'graph_n_rows': nan, 'graph_n_unlabeled_used': nan, 'graph_retry_count': nan, 'input_view': 'raw', 'kv_cache': True, 'labeled_class_counts': '{1.:57,2.:29,3.:52,4.:26,5.:29,7.:57}', 'labeled_classes_present': 6, 'max_labeled_per_class': 57, 'max_selected_confidence': nan, 'mean_selected_confidence': nan, 'mean_selected_density': nan, 'method': 'tabiclv2', 'method_fidelity': 'official', 'metric_accuracy': 0.8732503888024883, 'metric_average_precision': None, 'metric_balanced_accuracy': 0.839197074299316, 'metric_brier': 0.1965267356121718, 'metric_ece': 0.02304877389545953, 'metric_log_loss': 0.3724305196181258, 'metric_macro_f1': 0.8397137241774589, 'metric_nll': 0.3724305196181258, 'metric_roc_auc': 0.9745787104748472, 'min_labeled_per_class': 26, 'min_selected_confidence': nan, 'n_classes': 6, 'n_features_after_preprocessing': 36, 'n_features_before_preprocessing': 36, 'n_labeled': 250, 'n_pseudo_added_last_iter': nan, 'n_pseudo_added_total': nan, 'n_unlabeled': 4894, 'neural_method': nan, 'neural_validation_strategy': nan, 'package_version': 'unknown', 'peak_gpu_memory_mb': 1319.61962890625, 'pretrain_epochs_trained': nan, 'protocol': 'inductive', 'pseudo_label_class_distribution': nan, 'pseudo_label_fraction': nan, 'reference_family': 'TabICLv2 / soda-inria/tabicl', 'runtime_seconds': 7.7121, 'seed': 2, 'self_training_iterations': nan, 'status': 'success', 'stopped_reason': nan, 'test_class_counts': '{1.:306,2.:141,3.:271,4.:125,5.:141,7.:302}', 'test_size': 1286, 'timestamp_utc': '2026-07-22T14:52:55.428137+00:00', 'train_labeled_size': 200, 'train_pool_class_counts': '{1.:1225,2.:562,3.:1085,4.:500,5.:566,7.:1206}', 'unlabeled_class_counts': '{1.:1168,2.:533,3.:1033,4.:474,5.:537,7.:1149}', 'val_class_counts': '{1.:11,2.:6,3.:10,4.:5,5.:6,7.:12}', 'val_size': 50, 'validation_strategy': 'stratified_labeled_val', 'warm_inference_seconds': 0.19687807094305754}",,False,0.19687807094305754
tabiclv2,tabicl-classifier-v2-20260212.ckpt,,,nogit:afd539c9e2f221fc,,12.4,satimage,gpu,False,,,3f9236be15390304,,ssl-tfm,"{'cuda_available': True, 'cuda_version': '12.4', 'env_name': None, 'env_prefix': '/private/ofirlin-lab/suissad4/envs/micromamba', 'gpu_count': 1, 'gpu_name': 'NVIDIA A100 80GB PCIe', 'hostname': 'dsiuriofir01', 'packages': {'catboost': '1.2.10', 'lightgbm': '4.7.0', 'numpy': '2.4.6', 'pandas': '3.0.3', 'scikit-learn': '1.9.0', 'tabicl': '2.1.1', 'tabpfn': '8.1.0', 'torch': '2.6.0+cu124', 'xgboost': None}, 'platform': 'Linux-5.14.0-687.15.1.el9_8.x86_64-x86_64-with-glibc2.34', 'python': '3.11.15 | packaged by conda-forge | (main, Jun 11 2026, 03:34:02) [GCC 14.3.0]', 'python_version': '3.11.15', 'torch_available': True, 'torch_version': '2.6.0+cu124'}",,,NVIDIA A100 80GB PCIe,dsiuriofir01,raw,True,tabiclv2,{},44136fa355b3678a,tfm_frozen,official,0.8779160186625194,,0.845369648993923,0.17430402483646934,0.017557279177622762,0.31478678102902885,0.8463197538606155,0.31478678102902885,0.9820600033470913,500,,False,,unknown,,inductive,TabICL / TabICLv2,satimage__tabiclv2__s2__n500__1371fea529f510f0,7.5569,2,143,18455265,v1_absolute_budget,success,True,2026-07-22T14:53:19.848028+00:00,"{'all_classes_present_in_labeled': True, 'backbone': 'tabiclv2', 'best_epoch': nan, 'best_val_loss': nan, 'checkpoint': 'tabicl-classifier-v2-20260212.ckpt', 'cold_load_seconds': 1.3286463138647377, 'dataset': 'satimage', 'dataset_id': 182, 'embedding_source': None, 'epochs_trained': nan, 'error_message': None, 'final_train_loss': nan, 'finetune_epochs_trained': nan, 'graph_n_neighbors_used': nan, 'graph_n_rows': nan, 'graph_n_unlabeled_used': nan, 'graph_retry_count': nan, 'input_view': 'raw', 'kv_cache': True, 'labeled_class_counts': '{1.:117,2.:56,3.:104,4.:51,5.:57,7.:115}', 'labeled_classes_present': 6, 'max_labeled_per_class': 117, 'max_selected_confidence': nan, 'mean_selected_confidence': nan, 'mean_selected_density': nan, 'method': 'tabiclv2', 'method_fidelity': 'official', 'metric_accuracy': 0.8779160186625194, 'metric_average_precision': None, 'metric_balanced_accuracy': 0.845369648993923, 'metric_brier': 0.17430402483646934, 'metric_ece': 0.017557279177622762, 'metric_log_loss': 0.31478678102902885, 'metric_macro_f1': 0.8463197538606155, 'metric_nll': 0.31478678102902885, 'metric_roc_auc': 0.9820600033470913, 'min_labeled_per_class': 51, 'min_selected_confidence': nan, 'n_classes': 6, 'n_features_after_preprocessing': 36, 'n_features_before_preprocessing': 36, 'n_labeled': 500, 'n_pseudo_added_last_iter': nan, 'n_pseudo_added_total': nan, 'n_unlabeled': 4644, 'neural_method': nan, 'neural_validation_strategy': nan, 'package_version': 'unknown', 'peak_gpu_memory_mb': 1396.1396484375, 'pretrain_epochs_trained': nan, 'protocol': 'inductive', 'pseudo_label_class_distribution': nan, 'pseudo_label_fraction': nan, 'reference_family': 'TabICLv2 / soda-inria/tabicl', 'runtime_seconds': 7.5569, 'seed': 2, 'self_training_iterations': nan, 'status': 'success', 'stopped_reason': nan, 'test_class_counts': '{1.:306,2.:141,3.:271,4.:125,5.:141,7.:302}', 'test_size': 1286, 'timestamp_utc': '2026-07-22T14:53:12.255518+00:00', 'train_labeled_size': 400, 'train_pool_class_counts': '{1.:1225,2.:562,3.:1085,4.:500,5.:566,7.:1206}', 'unlabeled_class_counts': '{1.:1108,2.:506,3.:981,4.:449,5.:509,7.:1091}', 'val_class_counts': '{1.:23,2.:11,3.:21,4.:10,5.:12,7.:23}', 'val_size': 100, 'validation_strategy': 'stratified_labeled_val', 'warm_inference_seconds': 0.19506889581680298}",,False,0.19506889581680298
tabiclv2,tabicl-classifier-v2-20260212.ckpt,,,nogit:afd539c9e2f221fc,,12.4,satimage,gpu,False,,,3f9236be15390304,,ssl-tfm,"{'cuda_available': True, 'cuda_version': '12.4', 'env_name': None, 'env_prefix': '/private/ofirlin-lab/suissad4/envs/micromamba', 'gpu_count': 1, 'gpu_name': 'NVIDIA A100 80GB PCIe', 'hostname': 'dsiuriofir01', 'packages': {'catboost': '1.2.10', 'lightgbm': '4.7.0', 'numpy': '2.4.6', 'pandas': '3.0.3', 'scikit-learn': '1.9.0', 'tabicl': '2.1.1', 'tabpfn': '8.1.0', 'torch': '2.6.0+cu124', 'xgboost': None}, 'platform': 'Linux-5.14.0-687.15.1.el9_8.x86_64-x86_64-with-glibc2.34', 'python': '3.11.15 | packaged by conda-forge | (main, Jun 11 2026, 03:34:02) [GCC 14.3.0]', 'python_version': '3.11.15', 'torch_available': True, 'torch_version': '2.6.0+cu124'}",,,NVIDIA A100 80GB PCIe,dsiuriofir01,raw,True,tabiclv2,{},44136fa355b3678a,tfm_frozen,official,0.8102643856920684,,0.7542277223196052,0.2656056051999774,0.04626751198178234,0.4807383179948025,0.7487089444959096,0.4807383179948025,0.9584737941802781,50,,False,,unknown,,inductive,TabICL / TabICLv2,satimage__tabiclv2__s2__n50__4a00a825c12f4896,9.0956,2,140,18455262,v1_absolute_budget,success,True,2026-07-22T14:52:49.984153+00:00,"{'all_classes_present_in_labeled': True, 'backbone': 'tabiclv2', 'best_epoch': nan, 'best_val_loss': nan, 'checkpoint': 'tabicl-classifier-v2-20260212.ckpt', 'cold_load_seconds': 1.0716598760336637, 'dataset': 'satimage', 'dataset_id': 182, 'embedding_source': None, 'epochs_trained': nan, 'error_message': None, 'final_train_loss': nan, 'finetune_epochs_trained': nan, 'graph_n_neighbors_used': nan, 'graph_n_rows': nan, 'graph_n_unlabeled_used': nan, 'graph_retry_count': nan, 'input_view': 'raw', 'kv_cache': True, 'labeled_class_counts': '{1.:11,2.:6,3.:10,4.:6,5.:7,7.:10}', 'labeled_classes_present': 6, 'max_labeled_per_class': 11, 'max_selected_confidence': nan, 'mean_selected_confidence': nan, 'mean_selected_density': nan, 'method': 'tabiclv2', 'method_fidelity': 'official', 'metric_accuracy': 0.8102643856920684, 'metric_average_precision': None, 'metric_balanced_accuracy': 0.7542277223196052, 'metric_brier': 0.2656056051999774, 'metric_ece': 0.04626751198178234, 'metric_log_loss': 0.4807383179948025, 'metric_macro_f1': 0.7487089444959096, 'metric_nll': 0.4807383179948025, 'metric_roc_auc': 0.9584737941802781, 'min_labeled_per_class': 6, 'min_selected_confidence': nan, 'n_classes': 6, 'n_features_after_preprocessing': 36, 'n_features_before_preprocessing': 36, 'n_labeled': 50, 'n_pseudo_added_last_iter': nan, 'n_pseudo_added_total': nan, 'n_unlabeled': 5094, 'neural_method': nan, 'neural_validation_strategy': nan, 'package_version': 'unknown', 'peak_gpu_memory_mb': 1259.99462890625, 'pretrain_epochs_trained': nan, 'protocol': 'inductive', 'pseudo_label_class_distribution': nan, 'pseudo_label_fraction': nan, 'reference_family': 'TabICLv2 / soda-inria/tabicl', 'runtime_seconds': 9.0956, 'seed': 2, 'self_training_iterations': nan, 'status': 'success', 'stopped_reason': nan, 'test_class_counts': '{1.:306,2.:141,3.:271,4.:125,5.:141,7.:302}', 'test_size': 1286, 'timestamp_utc': '2026-07-22T14:52:40.860273+00:00', 'train_labeled_size': 40, 'train_pool_class_counts': '{1.:1225,2.:562,3.:1085,4.:500,5.:566,7.:1206}', 'unlabeled_class_counts': '{1.:1214,2.:556,3.:1075,4.:494,5.:559,7.:1196}', 'val_class_counts': '{1.:2,2.:1,3.:2,4.:1,5.:2,7.:2}', 'val_size': 10, 'validation_strategy': 'stratified_labeled_val', 'warm_inference_seconds': 0.18862353125587106}",,False,0.18862353125587106
tabpfn3,/private/ofirlin-lab/suissad4/caches/tabpfn/tabpfn-v3-classifier-v3_default.ckpt,,,nogit:afd539c9e2f221fc,,12.4,satimage,gpu,False,,,3f9236be15390304,,ssl-tfm,"{'cuda_available': True, 'cuda_version': '12.4', 'env_name': None, 'env_prefix': '/private/ofirlin-lab/suissad4/envs/micromamba', 'gpu_count': 1, 'gpu_name': 'NVIDIA A100 80GB PCIe', 'hostname': 'dsiuriofir01', 'packages': {'catboost': '1.2.10', 'lightgbm': '4.7.0', 'numpy': '2.4.6', 'pandas': '3.0.3', 'scikit-learn': '1.9.0', 'tabicl': '2.1.1', 'tabpfn': '8.1.0', 'torch': '2.6.0+cu124', 'xgboost': None}, 'platform': 'Linux-5.14.0-687.15.1.el9_8.x86_64-x86_64-with-glibc2.34', 'python': '3.11.15 | packaged by conda-forge | (main, Jun 11 2026, 03:34:02) [GCC 14.3.0]', 'python_version': '3.11.15', 'torch_available': True, 'torch_version': '2.6.0+cu124'}",,,NVIDIA A100 80GB PCIe,dsiuriofir01,raw,,tabpfn3,{},44136fa355b3678a,tfm_frozen,official,0.8343701399688958,,0.8073272664389567,0.2387278568848036,0.0337372378408629,0.4532779592261388,0.8064082918371377,0.4532779592261388,0.9709504595188244,100,,False,,8.1.0,,inductive,Hollmann et al. TabPFN / TabPFN-3,satimage__tabpfn3__s0__n100__f6bc0d128a6ede9d,11.4752,0,121,18455241,v1_absolute_budget,success,True,2026-07-22T14:50:23.701996+00:00,"{'all_classes_present_in_labeled': True, 'backbone': 'tabpfn3', 'best_epoch': nan, 'best_val_loss': nan, 'checkpoint': '/private/ofirlin-lab/suissad4/caches/tabpfn/tabpfn-v3-classifier-v3_default.ckpt', 'cold_load_seconds': 1.0254126191139221, 'dataset': 'satimage', 'dataset_id': 182, 'embedding_source': None, 'epochs_trained': nan, 'error_message': None, 'final_train_loss': nan, 'finetune_epochs_trained': nan, 'graph_n_neighbors_used': nan, 'graph_n_rows': nan, 'graph_n_unlabeled_used': nan, 'graph_retry_count': nan, 'input_view': 'raw', 'kv_cache': None, 'labeled_class_counts': '{1.:22,2.:12,3.:20,4.:12,5.:13,7.:21}', 'labeled_classes_present': 6, 'max_labeled_per_class': 22, 'max_selected_confidence': nan, 'mean_selected_confidence': nan, 'mean_selected_density': nan, 'method': 'tabpfn3', 'method_fidelity': 'official', 'metric_accuracy': 0.8343701399688958, 'metric_average_precision': None, 'metric_balanced_accuracy': 0.8073272664389567, 'metric_brier': 0.2387278568848036, 'metric_ece': 0.0337372378408629, 'metric_log_loss': 0.4532779592261388, 'metric_macro_f1': 0.8064082918371377, 'metric_nll': 0.4532779592261388, 'metric_roc_auc': 0.9709504595188244, 'min_labeled_per_class': 12, 'min_selected_confidence': nan, 'n_classes': 6, 'n_features_after_preprocessing': 36, 'n_features_before_preprocessing': 36, 'n_labeled': 100, 'n_pseudo_added_last_iter': nan, 'n_pseudo_added_total': nan, 'n_unlabeled': 5044, 'neural_method': nan, 'neural_validation_strategy': nan, 'package_version': '8.1.0', 'peak_gpu_memory_mb': 468.17041015625, 'pretrain_epochs_trained': nan, 'protocol': 'inductive', 'pseudo_label_class_distribution': nan, 'pseudo_label_fraction': nan, 'reference_family': 'TabPFN-3 / PriorLabs', 'runtime_seconds': 11.4752, 'seed': 0, 'self_training_iterations': nan, 'status': 'success', 'stopped_reason': nan, 'test_class_counts': '{1.:306,2.:141,3.:271,4.:125,5.:141,7.:302}', 'test_size': 1286, 'timestamp_utc': '2026-07-22T14:50:12.180106+00:00', 'train_labeled_size': 80, 'train_pool_class_counts': '{1.:1225,2.:562,3.:1085,4.:500,5.:566,7.:1206}', 'unlabeled_class_counts': '{1.:1203,2.:550,3.:1065,4.:488,5.:553,7.:1185}', 'val_class_counts': '{1.:4,2.:3,3.:4,4.:2,5.:3,7.:4}', 'val_size': 20, 'validation_strategy': 'stratified_labeled_val', 'warm_inference_seconds': 0.5886975689791143}",,False,0.5886975689791143
tabpfn3,/private/ofirlin-lab/suissad4/caches/tabpfn/tabpfn-v3-classifier-v3_default.ckpt,,,nogit:afd539c9e2f221fc,,12.4,satimage,gpu,False,,,3f9236be15390304,,ssl-tfm,"{'cuda_available': True, 'cuda_version': '12.4', 'env_name': None, 'env_prefix': '/private/ofirlin-lab/suissad4/envs/micromamba', 'gpu_count': 1, 'gpu_name': 'NVIDIA A100 80GB PCIe', 'hostname': 'dsiuriofir01', 'packages': {'catboost': '1.2.10', 'lightgbm': '4.7.0', 'numpy': '2.4.6', 'pandas': '3.0.3', 'scikit-learn': '1.9.0', 'tabicl': '2.1.1', 'tabpfn': '8.1.0', 'torch': '2.6.0+cu124', 'xgboost': None}, 'platform': 'Linux-5.14.0-687.15.1.el9_8.x86_64-x86_64-with-glibc2.34', 'python': '3.11.15 | packaged by conda-forge | (main, Jun 11 2026, 03:34:02) [GCC 14.3.0]', 'python_version': '3.11.15', 'torch_available': True, 'torch_version': '2.6.0+cu124'}",,,NVIDIA A100 80GB PCIe,dsiuriofir01,raw,,tabpfn3,{},44136fa355b3678a,tfm_frozen,official,0.8429237947122862,,0.8013395540606655,0.22124953235480632,0.02784980224496725,0.4227904836594337,0.8098200855753565,0.4227904836594337,0.9709442967315125,250,,False,,8.1.0,,inductive,Hollmann et al. TabPFN / TabPFN-3,satimage__tabpfn3__s0__n250__e5269460fb61432d,11.4447,0,122,18455242,v1_absolute_budget,success,True,2026-07-22T14:50:23.696049+00:00,"{'all_classes_present_in_labeled': True, 'backbone': 'tabpfn3', 'best_epoch': nan, 'best_val_loss': nan, 'checkpoint': '/private/ofirlin-lab/suissad4/caches/tabpfn/tabpfn-v3-classifier-v3_default.ckpt', 'cold_load_seconds': 1.007647043094039, 'dataset': 'satimage', 'dataset_id': 182, 'embedding_source': None, 'epochs_trained': nan, 'error_message': None, 'final_train_loss': nan, 'finetune_epochs_trained': nan, 'graph_n_neighbors_used': nan, 'graph_n_rows': nan, 'graph_n_unlabeled_used': nan, 'graph_retry_count': nan, 'input_view': 'raw', 'kv_cache': None, 'labeled_class_counts': '{1.:57,2.:29,3.:52,4.:26,5.:29,7.:57}', 'labeled_classes_present': 6, 'max_labeled_per_class': 57, 'max_selected_confidence': nan, 'mean_selected_confidence': nan, 'mean_selected_density': nan, 'method': 'tabpfn3', 'method_fidelity': 'official', 'metric_accuracy': 0.8429237947122862, 'metric_average_precision': None, 'metric_balanced_accuracy': 0.8013395540606655, 'metric_brier': 0.22124953235480632, 'metric_ece': 0.02784980224496725, 'metric_log_loss': 0.4227904836594337, 'metric_macro_f1': 0.8098200855753565, 'metric_nll': 0.4227904836594337, 'metric_roc_auc': 0.9709442967315125, 'min_labeled_per_class': 26, 'min_selected_confidence': nan, 'n_classes': 6, 'n_features_after_preprocessing': 36, 'n_features_before_preprocessing': 36, 'n_labeled': 250, 'n_pseudo_added_last_iter': nan, 'n_pseudo_added_total': nan, 'n_unlabeled': 4894, 'neural_method': nan, 'neural_validation_strategy': nan, 'package_version': '8.1.0', 'peak_gpu_memory_mb': 486.33056640625, 'pretrain_epochs_trained': nan, 'protocol': 'inductive', 'pseudo_label_class_distribution': nan, 'pseudo_label_fraction': nan, 'reference_family': 'TabPFN-3 / PriorLabs', 'runtime_seconds': 11.4447, 'seed': 0, 'self_training_iterations': nan, 'status': 'success', 'stopped_reason': nan, 'test_class_counts': '{1.:306,2.:141,3.:271,4.:125,5.:141,7.:302}', 'test_size': 1286, 'timestamp_utc': '2026-07-22T14:50:12.178866+00:00', 'train_labeled_size': 200, 'train_pool_class_counts': '{1.:1225,2.:562,3.:1085,4.:500,5.:566,7.:1206}', 'unlabeled_class_counts': '{1.:1168,2.:533,3.:1033,4.:474,5.:537,7.:1149}', 'val_class_counts': '{1.:12,2.:6,3.:10,4.:5,5.:6,7.:11}', 'val_size': 50, 'validation_strategy': 'stratified_labeled_val', 'warm_inference_seconds': 0.5820594178512692}",,False,0.5820594178512692
tabpfn3,/private/ofirlin-lab/suissad4/caches/tabpfn/tabpfn-v3-classifier-v3_default.ckpt,,,nogit:afd539c9e2f221fc,,12.4,satimage,gpu,False,,,3f9236be15390304,,ssl-tfm,"{'cuda_available': True, 'cuda_version': '12.4', 'env_name': None, 'env_prefix': '/private/ofirlin-lab/suissad4/envs/micromamba', 'gpu_count': 1, 'gpu_name': 'NVIDIA A100 80GB PCIe', 'hostname': 'dsiuriofir01', 'packages': {'catboost': '1.2.10', 'lightgbm': '4.7.0', 'numpy': '2.4.6', 'pandas': '3.0.3', 'scikit-learn': '1.9.0', 'tabicl': '2.1.1', 'tabpfn': '8.1.0', 'torch': '2.6.0+cu124', 'xgboost': None}, 'platform': 'Linux-5.14.0-687.15.1.el9_8.x86_64-x86_64-with-glibc2.34', 'python': '3.11.15 | packaged by conda-forge | (main, Jun 11 2026, 03:34:02) [GCC 14.3.0]', 'python_version': '3.11.15', 'torch_available': True, 'torch_version': '2.6.0+cu124'}",,,NVIDIA A100 80GB PCIe,dsiuriofir01,raw,,tabpfn3,{},44136fa355b3678a,tfm_frozen,official,0.864696734059098,,0.8314301315284233,0.18793754211383898,0.01768246147384256,0.33524265374291234,0.8343004056046013,0.33524265374291234,0.9798376154405091,500,,False,,8.1.0,,inductive,Hollmann et al. TabPFN / TabPFN-3,satimage__tabpfn3__s0__n500__93754b5eb0c21a69,8.9078,0,123,18455244,v1_absolute_budget,success,True,2026-07-22T14:50:42.280718+00:00,"{'all_classes_present_in_labeled': True, 'backbone': 'tabpfn3', 'best_epoch': nan, 'best_val_loss': nan, 'checkpoint': '/private/ofirlin-lab/suissad4/caches/tabpfn/tabpfn-v3-classifier-v3_default.ckpt', 'cold_load_seconds': 1.0351871959865093, 'dataset': 'satimage', 'dataset_id': 182, 'embedding_source': None, 'epochs_trained': nan, 'error_message': None, 'final_train_loss': nan, 'finetune_epochs_trained': nan, 'graph_n_neighbors_used': nan, 'graph_n_rows': nan, 'graph_n_unlabeled_used': nan, 'graph_retry_count': nan, 'input_view': 'raw', 'kv_cache': None, 'labeled_class_counts': '{1.:117,2.:56,3.:104,4.:51,5.:57,7.:115}', 'labeled_classes_present': 6, 'max_labeled_per_class': 117, 'max_selected_confidence': nan, 'mean_selected_confidence': nan, 'mean_selected_density': nan, 'method': 'tabpfn3', 'method_fidelity': 'official', 'metric_accuracy': 0.864696734059098, 'metric_average_precision': None, 'metric_balanced_accuracy': 0.8314301315284233, 'metric_brier': 0.18793754211383898, 'metric_ece': 0.01768246147384256, 'metric_log_loss': 0.33524265374291234, 'metric_macro_f1': 0.8343004056046013, 'metric_nll': 0.33524265374291234, 'metric_roc_auc': 0.9798376154405091, 'min_labeled_per_class': 51, 'min_selected_confidence': nan, 'n_classes': 6, 'n_features_after_preprocessing': 36, 'n_features_before_preprocessing': 36, 'n_labeled': 500, 'n_pseudo_added_last_iter': nan, 'n_pseudo_added_total': nan, 'n_unlabeled': 4644, 'neural_method': nan, 'neural_validation_strategy': nan, 'package_version': '8.1.0', 'peak_gpu_memory_mb': 528.25830078125, 'pretrain_epochs_trained': nan, 'protocol': 'inductive', 'pseudo_label_class_distribution': nan, 'pseudo_label_fraction': nan, 'reference_family': 'TabPFN-3 / PriorLabs', 'runtime_seconds': 8.9078, 'seed': 0, 'self_training_iterations': nan, 'status': 'success', 'stopped_reason': nan, 'test_class_counts': '{1.:306,2.:141,3.:271,4.:125,5.:141,7.:302}', 'test_size': 1286, 'timestamp_utc': '2026-07-22T14:50:33.332694+00:00', 'train_labeled_size': 400, 'train_pool_class_counts': '{1.:1225,2.:562,3.:1085,4.:500,5.:566,7.:1206}', 'unlabeled_class_counts': '{1.:1108,2.:506,3.:981,4.:449,5.:509,7.:1091}', 'val_class_counts': '{1.:23,2.:11,3.:21,4.:10,5.:12,7.:23}', 'val_size': 100, 'validation_strategy': 'stratified_labeled_val', 'warm_inference_seconds': 0.5948453810997307}",,False,0.5948453810997307
tabpfn3,/private/ofirlin-lab/suissad4/caches/tabpfn/tabpfn-v3-classifier-v3_default.ckpt,,,nogit:afd539c9e2f221fc,,12.4,satimage,gpu,False,,,3f9236be15390304,,ssl-tfm,"{'cuda_available': True, 'cuda_version': '12.4', 'env_name': None, 'env_prefix': '/private/ofirlin-lab/suissad4/envs/micromamba', 'gpu_count': 1, 'gpu_name': 'NVIDIA A100 80GB PCIe', 'hostname': 'dsiuriofir01', 'packages': {'catboost': '1.2.10', 'lightgbm': '4.7.0', 'numpy': '2.4.6', 'pandas': '3.0.3', 'scikit-learn': '1.9.0', 'tabicl': '2.1.1', 'tabpfn': '8.1.0', 'torch': '2.6.0+cu124', 'xgboost': None}, 'platform': 'Linux-5.14.0-687.15.1.el9_8.x86_64-x86_64-with-glibc2.34', 'python': '3.11.15 | packaged by conda-forge | (main, Jun 11 2026, 03:34:02) [GCC 14.3.0]', 'python_version': '3.11.15', 'torch_available': True, 'torch_version': '2.6.0+cu124'}",,,NVIDIA A100 80GB PCIe,dsiuriofir01,raw,,tabpfn3,{},44136fa355b3678a,tfm_frozen,official,0.838258164852255,,0.7997849326085588,0.2358732292545244,0.03171616765067599,0.4450034866842767,0.8038050477012496,0.4450034866842767,0.9696512704632446,50,,False,,8.1.0,,inductive,Hollmann et al. TabPFN / TabPFN-3,satimage__tabpfn3__s0__n50__8f50f98e78bbb15c,8.421,0,120,18455240,v1_absolute_budget,success,True,2026-07-22T14:50:07.515002+00:00,"{'all_classes_present_in_labeled': True, 'backbone': 'tabpfn3', 'best_epoch': nan, 'best_val_loss': nan, 'checkpoint': '/private/ofirlin-lab/suissad4/caches/tabpfn/tabpfn-v3-classifier-v3_default.ckpt', 'cold_load_seconds': 1.020914671011269, 'dataset': 'satimage', 'dataset_id': 182, 'embedding_source': None, 'epochs_trained': nan, 'error_message': None, 'final_train_loss': nan, 'finetune_epochs_trained': nan, 'graph_n_neighbors_used': nan, 'graph_n_rows': nan, 'graph_n_unlabeled_used': nan, 'graph_retry_count': nan, 'input_view': 'raw', 'kv_cache': None, 'labeled_class_counts': '{1.:11,2.:6,3.:10,4.:6,5.:7,7.:10}', 'labeled_classes_present': 6, 'max_labeled_per_class': 11, 'max_selected_confidence': nan, 'mean_selected_confidence': nan, 'mean_selected_density': nan, 'method': 'tabpfn3', 'method_fidelity': 'official', 'metric_accuracy': 0.838258164852255, 'metric_average_precision': None, 'metric_balanced_accuracy': 0.7997849326085588, 'metric_brier': 0.2358732292545244, 'metric_ece': 0.03171616765067599, 'metric_log_loss': 0.4450034866842767, 'metric_macro_f1': 0.8038050477012496, 'metric_nll': 0.4450034866842767, 'metric_roc_auc': 0.9696512704632446, 'min_labeled_per_class': 6, 'min_selected_confidence': nan, 'n_classes': 6, 'n_features_after_preprocessing': 36, 'n_features_before_preprocessing': 36, 'n_labeled': 50, 'n_pseudo_added_last_iter': nan, 'n_pseudo_added_total': nan, 'n_unlabeled': 5094, 'neural_method': nan, 'neural_validation_strategy': nan, 'package_version': '8.1.0', 'peak_gpu_memory_mb': 438.6484375, 'pretrain_epochs_trained': nan, 'protocol': 'inductive', 'pseudo_label_class_distribution': nan, 'pseudo_label_fraction': nan, 'reference_family': 'TabPFN-3 / PriorLabs', 'runtime_seconds': 8.421, 'seed': 0, 'self_training_iterations': nan, 'status': 'success', 'stopped_reason': nan, 'test_class_counts': '{1.:306,2.:141,3.:271,4.:125,5.:141,7.:302}', 'test_size': 1286, 'timestamp_utc': '2026-07-22T14:49:59.058330+00:00', 'train_labeled_size': 40, 'train_pool_class_counts': '{1.:1225,2.:562,3.:1085,4.:500,5.:566,7.:1206}', 'unlabeled_class_counts': '{1.:1214,2.:556,3.:1075,4.:494,5.:559,7.:1196}', 'val_class_counts': '{1.:2,2.:1,3.:2,4.:1,5.:2,7.:2}', 'val_size': 10, 'validation_strategy': 'stratified_labeled_val', 'warm_inference_seconds': 0.5770298088900745}",,False,0.5770298088900745
tabpfn3,/private/ofirlin-lab/suissad4/caches/tabpfn/tabpfn-v3-classifier-v3_default.ckpt,,,nogit:afd539c9e2f221fc,,12.4,satimage,gpu,False,,,3f9236be15390304,,ssl-tfm,"{'cuda_available': True, 'cuda_version': '12.4', 'env_name': None, 'env_prefix': '/private/ofirlin-lab/suissad4/envs/micromamba', 'gpu_count': 1, 'gpu_name': 'NVIDIA A100 80GB PCIe', 'hostname': 'dsiuriofir01', 'packages': {'catboost': '1.2.10', 'lightgbm': '4.7.0', 'numpy': '2.4.6', 'pandas': '3.0.3', 'scikit-learn': '1.9.0', 'tabicl': '2.1.1', 'tabpfn': '8.1.0', 'torch': '2.6.0+cu124', 'xgboost': None}, 'platform': 'Linux-5.14.0-687.15.1.el9_8.x86_64-x86_64-with-glibc2.34', 'python': '3.11.15 | packaged by conda-forge | (main, Jun 11 2026, 03:34:02) [GCC 14.3.0]', 'python_version': '3.11.15', 'torch_available': True, 'torch_version': '2.6.0+cu124'}",,,NVIDIA A100 80GB PCIe,dsiuriofir01,raw,,tabpfn3,{},44136fa355b3678a,tfm_frozen,official,0.8265940902021773,,0.7877086438664369,0.22860477877401736,0.025425972949504626,0.4089941876871926,0.7857241323640394,0.4089941876871926,0.9718860618715189,100,,False,,8.1.0,,inductive,Hollmann et al. TabPFN / TabPFN-3,satimage__tabpfn3__s1__n100__f7d2d8d1ee93b352,7.6182,1,125,18455246,v1_absolute_budget,success,True,2026-07-22T14:50:55.214616+00:00,"{'all_classes_present_in_labeled': True, 'backbone': 'tabpfn3', 'best_epoch': nan, 'best_val_loss': nan, 'checkpoint': '/private/ofirlin-lab/suissad4/caches/tabpfn/tabpfn-v3-classifier-v3_default.ckpt', 'cold_load_seconds': 1.0120383971370757, 'dataset': 'satimage', 'dataset_id': 182, 'embedding_source': None, 'epochs_trained': nan, 'error_message': None, 'final_train_loss': nan, 'finetune_epochs_trained': nan, 'graph_n_neighbors_used': nan, 'graph_n_rows': nan, 'graph_n_unlabeled_used': nan, 'graph_retry_count': nan, 'input_view': 'raw', 'kv_cache': None, 'labeled_class_counts': '{1.:22,2.:12,3.:20,4.:12,5.:13,7.:21}', 'labeled_classes_present': 6, 'max_labeled_per_class': 22, 'max_selected_confidence': nan, 'mean_selected_confidence': nan, 'mean_selected_density': nan, 'method': 'tabpfn3', 'method_fidelity': 'official', 'metric_accuracy': 0.8265940902021773, 'metric_average_precision': None, 'metric_balanced_accuracy': 0.7877086438664369, 'metric_brier': 0.22860477877401736, 'metric_ece': 0.025425972949504626, 'metric_log_loss': 0.4089941876871926, 'metric_macro_f1': 0.7857241323640394, 'metric_nll': 0.4089941876871926, 'metric_roc_auc': 0.9718860618715189, 'min_labeled_per_class': 12, 'min_selected_confidence': nan, 'n_classes': 6, 'n_features_after_preprocessing': 36, 'n_features_before_preprocessing': 36, 'n_labeled': 100, 'n_pseudo_added_last_iter': nan, 'n_pseudo_added_total': nan, 'n_unlabeled': 5044, 'neural_method': nan, 'neural_validation_strategy': nan, 'package_version': '8.1.0', 'peak_gpu_memory_mb': 468.17041015625, 'pretrain_epochs_trained': nan, 'protocol': 'inductive', 'pseudo_label_class_distribution': nan, 'pseudo_label_fraction': nan, 'reference_family': 'TabPFN-3 / PriorLabs', 'runtime_seconds': 7.6182, 'seed': 1, 'self_training_iterations': nan, 'status': 'success', 'stopped_reason': nan, 'test_class_counts': '{1.:306,2.:141,3.:271,4.:125,5.:141,7.:302}', 'test_size': 1286, 'timestamp_utc': '2026-07-22T14:50:47.565951+00:00', 'train_labeled_size': 80, 'train_pool_class_counts': '{1.:1225,2.:562,3.:1085,4.:500,5.:566,7.:1206}', 'unlabeled_class_counts': '{1.:1203,2.:550,3.:1065,4.:488,5.:553,7.:1185}', 'val_class_counts': '{1.:4,2.:3,3.:4,4.:2,5.:3,7.:4}', 'val_size': 20, 'validation_strategy': 'stratified_labeled_val', 'warm_inference_seconds': 0.4838142520748079}",,False,0.4838142520748079
tabpfn3,/private/ofirlin-lab/suissad4/caches/tabpfn/tabpfn-v3-classifier-v3_default.ckpt,,,nogit:afd539c9e2f221fc,,12.4,satimage,gpu,False,,,3f9236be15390304,,ssl-tfm,"{'cuda_available': True, 'cuda_version': '12.4', 'env_name': None, 'env_prefix': '/private/ofirlin-lab/suissad4/envs/micromamba', 'gpu_count': 1, 'gpu_name': 'NVIDIA A100 80GB PCIe', 'hostname': 'dsiuriofir01', 'packages': {'catboost': '1.2.10', 'lightgbm': '4.7.0', 'numpy': '2.4.6', 'pandas': '3.0.3', 'scikit-learn': '1.9.0', 'tabicl': '2.1.1', 'tabpfn': '8.1.0', 'torch': '2.6.0+cu124', 'xgboost': None}, 'platform': 'Linux-5.14.0-687.15.1.el9_8.x86_64-x86_64-with-glibc2.34', 'python': '3.11.15 | packaged by conda-forge | (main, Jun 11 2026, 03:34:02) [GCC 14.3.0]', 'python_version': '3.11.15', 'torch_available': True, 'torch_version': '2.6.0+cu124'}",,,NVIDIA A100 80GB PCIe,dsiuriofir01,raw,,tabpfn3,{},44136fa355b3678a,tfm_frozen,official,0.8483670295489891,,0.8053839702256372,0.2035580023973213,0.02124363357265385,0.36853390036207007,0.8053776776163586,0.36853390036207007,0.9764025521277916,250,,False,,8.1.0,,inductive,Hollmann et al. TabPFN / TabPFN-3,satimage__tabpfn3__s1__n250__8af5dce936204456,7.6058,1,126,18455247,v1_absolute_budget,success,True,2026-07-22T14:50:55.198865+00:00,"{'all_classes_present_in_labeled': True, 'backbone': 'tabpfn3', 'best_epoch': nan, 'best_val_loss': nan, 'checkpoint': '/private/ofirlin-lab/suissad4/caches/tabpfn/tabpfn-v3-classifier-v3_default.ckpt', 'cold_load_seconds': 0.9999215956777334, 'dataset': 'satimage', 'dataset_id': 182, 'embedding_source': None, 'epochs_trained': nan, 'error_message': None, 'final_train_loss': nan, 'finetune_epochs_trained': nan, 'graph_n_neighbors_used': nan, 'graph_n_rows': nan, 'graph_n_unlabeled_used': nan, 'graph_retry_count': nan, 'input_view': 'raw', 'kv_cache': None, 'labeled_class_counts': '{1.:57,2.:29,3.:52,4.:26,5.:29,7.:57}', 'labeled_classes_present': 6, 'max_labeled_per_class': 57, 'max_selected_confidence': nan, 'mean_selected_confidence': nan, 'mean_selected_density': nan, 'method': 'tabpfn3', 'method_fidelity': 'official', 'metric_accuracy': 0.8483670295489891, 'metric_average_precision': None, 'metric_balanced_accuracy': 0.8053839702256372, 'metric_brier': 0.2035580023973213, 'metric_ece': 0.02124363357265385, 'metric_log_loss': 0.36853390036207007, 'metric_macro_f1': 0.8053776776163586, 'metric_nll': 0.36853390036207007, 'metric_roc_auc': 0.9764025521277916, 'min_labeled_per_class': 26, 'min_selected_confidence': nan, 'n_classes': 6, 'n_features_after_preprocessing': 36, 'n_features_before_preprocessing': 36, 'n_labeled': 250, 'n_pseudo_added_last_iter': nan, 'n_pseudo_added_total': nan, 'n_unlabeled': 4894, 'neural_method': nan, 'neural_validation_strategy': nan, 'package_version': '8.1.0', 'peak_gpu_memory_mb': 486.33056640625, 'pretrain_epochs_trained': nan, 'protocol': 'inductive', 'pseudo_label_class_distribution': nan, 'pseudo_label_fraction': nan, 'reference_family': 'TabPFN-3 / PriorLabs', 'runtime_seconds': 7.6058, 'seed': 1, 'self_training_iterations': nan, 'status': 'success', 'stopped_reason': nan, 'test_class_counts': '{1.:306,2.:141,3.:271,4.:125,5.:141,7.:302}', 'test_size': 1286, 'timestamp_utc': '2026-07-22T14:50:47.568594+00:00', 'train_labeled_size': 200, 'train_pool_class_counts': '{1.:1225,2.:562,3.:1085,4.:500,5.:566,7.:1206}', 'unlabeled_class_counts': '{1.:1168,2.:533,3.:1033,4.:474,5.:537,7.:1149}', 'val_class_counts': '{1.:11,2.:6,3.:10,4.:5,5.:6,7.:12}', 'val_size': 50, 'validation_strategy': 'stratified_labeled_val', 'warm_inference_seconds': 0.48249668907374144}",,False,0.48249668907374144
tabpfn3,/private/ofirlin-lab/suissad4/caches/tabpfn/tabpfn-v3-classifier-v3_default.ckpt,,,nogit:afd539c9e2f221fc,,12.4,satimage,gpu,False,,,3f9236be15390304,,ssl-tfm,"{'cuda_available': True, 'cuda_version': '12.4', 'env_name': None, 'env_prefix': '/private/ofirlin-lab/suissad4/envs/micromamba', 'gpu_count': 1, 'gpu_name': 'NVIDIA A100 80GB PCIe', 'hostname': 'dsiuriofir01', 'packages': {'catboost': '1.2.10', 'lightgbm': '4.7.0', 'numpy': '2.4.6', 'pandas': '3.0.3', 'scikit-learn': '1.9.0', 'tabicl': '2.1.1', 'tabpfn': '8.1.0', 'torch': '2.6.0+cu124', 'xgboost': None}, 'platform': 'Linux-5.14.0-687.15.1.el9_8.x86_64-x86_64-with-glibc2.34', 'python': '3.11.15 | packaged by conda-forge | (main, Jun 11 2026, 03:34:02) [GCC 14.3.0]', 'python_version': '3.11.15', 'torch_available': True, 'torch_version': '2.6.0+cu124'}",,,NVIDIA A100 80GB PCIe,dsiuriofir01,raw,,tabpfn3,{},44136fa355b3678a,tfm_frozen,official,0.8919129082426127,,0.8640564065377577,0.15549571174727608,0.019576791259676762,0.27818104470170485,0.8697727510619123,0.27818104470170485,0.9865559845930519,500,,False,,8.1.0,,inductive,Hollmann et al. TabPFN / TabPFN-3,satimage__tabpfn3__s1__n500__90500d6c5dc42b8f,9.3984,1,127,18455248,v1_absolute_budget,success,True,2026-07-22T14:51:09.779224+00:00,"{'all_classes_present_in_labeled': True, 'backbone': 'tabpfn3', 'best_epoch': nan, 'best_val_loss': nan, 'checkpoint': '/private/ofirlin-lab/suissad4/caches/tabpfn/tabpfn-v3-classifier-v3_default.ckpt', 'cold_load_seconds': 0.9254873041063547, 'dataset': 'satimage', 'dataset_id': 182, 'embedding_source': None, 'epochs_trained': nan, 'error_message': None, 'final_train_loss': nan, 'finetune_epochs_trained': nan, 'graph_n_neighbors_used': nan, 'graph_n_rows': nan, 'graph_n_unlabeled_used': nan, 'graph_retry_count': nan, 'input_view': 'raw', 'kv_cache': None, 'labeled_class_counts': '{1.:117,2.:56,3.:104,4.:51,5.:57,7.:115}', 'labeled_classes_present': 6, 'max_labeled_per_class': 117, 'max_selected_confidence': nan, 'mean_selected_confidence': nan, 'mean_selected_density': nan, 'method': 'tabpfn3', 'method_fidelity': 'official', 'metric_accuracy': 0.8919129082426127, 'metric_average_precision': None, 'metric_balanced_accuracy': 0.8640564065377577, 'metric_brier': 0.15549571174727608, 'metric_ece': 0.019576791259676762, 'metric_log_loss': 0.27818104470170485, 'metric_macro_f1': 0.8697727510619123, 'metric_nll': 0.27818104470170485, 'metric_roc_auc': 0.9865559845930519, 'min_labeled_per_class': 51, 'min_selected_confidence': nan, 'n_classes': 6, 'n_features_after_preprocessing': 36, 'n_features_before_preprocessing': 36, 'n_labeled': 500, 'n_pseudo_added_last_iter': nan, 'n_pseudo_added_total': nan, 'n_unlabeled': 4644, 'neural_method': nan, 'neural_validation_strategy': nan, 'package_version': '8.1.0', 'peak_gpu_memory_mb': 528.25830078125, 'pretrain_epochs_trained': nan, 'protocol': 'inductive', 'pseudo_label_class_distribution': nan, 'pseudo_label_fraction': nan, 'reference_family': 'TabPFN-3 / PriorLabs', 'runtime_seconds': 9.3984, 'seed': 1, 'self_training_iterations': nan, 'status': 'success', 'stopped_reason': nan, 'test_class_counts': '{1.:306,2.:141,3.:271,4.:125,5.:141,7.:302}', 'test_size': 1286, 'timestamp_utc': '2026-07-22T14:51:00.346876+00:00', 'train_labeled_size': 400, 'train_pool_class_counts': '{1.:1225,2.:562,3.:1085,4.:500,5.:566,7.:1206}', 'unlabeled_class_counts': '{1.:1108,2.:506,3.:981,4.:449,5.:509,7.:1091}', 'val_class_counts': '{1.:23,2.:11,3.:21,4.:10,5.:12,7.:23}', 'val_size': 100, 'validation_strategy': 'stratified_labeled_val', 'warm_inference_seconds': 0.5972008551470935}",,False,0.5972008551470935
tabpfn3,/private/ofirlin-lab/suissad4/caches/tabpfn/tabpfn-v3-classifier-v3_default.ckpt,,,nogit:afd539c9e2f221fc,,12.4,satimage,gpu,False,,,3f9236be15390304,,ssl-tfm,"{'cuda_available': True, 'cuda_version': '12.4', 'env_name': None, 'env_prefix': '/private/ofirlin-lab/suissad4/envs/micromamba', 'gpu_count': 1, 'gpu_name': 'NVIDIA A100 80GB PCIe', 'hostname': 'dsiuriofir01', 'packages': {'catboost': '1.2.10', 'lightgbm': '4.7.0', 'numpy': '2.4.6', 'pandas': '3.0.3', 'scikit-learn': '1.9.0', 'tabicl': '2.1.1', 'tabpfn': '8.1.0', 'torch': '2.6.0+cu124', 'xgboost': None}, 'platform': 'Linux-5.14.0-687.15.1.el9_8.x86_64-x86_64-with-glibc2.34', 'python': '3.11.15 | packaged by conda-forge | (main, Jun 11 2026, 03:34:02) [GCC 14.3.0]', 'python_version': '3.11.15', 'torch_available': True, 'torch_version': '2.6.0+cu124'}",,,NVIDIA A100 80GB PCIe,dsiuriofir01,raw,,tabpfn3,{},44136fa355b3678a,tfm_frozen,official,0.8094867807153966,,0.756158076949539,0.2722686305128677,0.027307451179834838,0.5266167772023174,0.7427997715281038,0.5266167772023174,0.9549146588852587,50,,False,,8.1.0,,inductive,Hollmann et al. TabPFN / TabPFN-3,satimage__tabpfn3__s1__n50__f0447812338f1627,8.8022,1,124,18455245,v1_absolute_budget,success,True,2026-07-22T14:50:42.162603+00:00,"{'all_classes_present_in_labeled': True, 'backbone': 'tabpfn3', 'best_epoch': nan, 'best_val_loss': nan, 'checkpoint': '/private/ofirlin-lab/suissad4/caches/tabpfn/tabpfn-v3-classifier-v3_default.ckpt', 'cold_load_seconds': 1.0178193231113255, 'dataset': 'satimage', 'dataset_id': 182, 'embedding_source': None, 'epochs_trained': nan, 'error_message': None, 'final_train_loss': nan, 'finetune_epochs_trained': nan, 'graph_n_neighbors_used': nan, 'graph_n_rows': nan, 'graph_n_unlabeled_used': nan, 'graph_retry_count': nan, 'input_view': 'raw', 'kv_cache': None, 'labeled_class_counts': '{1.:11,2.:6,3.:10,4.:6,5.:7,7.:10}', 'labeled_classes_present': 6, 'max_labeled_per_class': 11, 'max_selected_confidence': nan, 'mean_selected_confidence': nan, 'mean_selected_density': nan, 'method': 'tabpfn3', 'method_fidelity': 'official', 'metric_accuracy': 0.8094867807153966, 'metric_average_precision': None, 'metric_balanced_accuracy': 0.756158076949539, 'metric_brier': 0.2722686305128677, 'metric_ece': 0.027307451179834838, 'metric_log_loss': 0.5266167772023174, 'metric_macro_f1': 0.7427997715281038, 'metric_nll': 0.5266167772023174, 'metric_roc_auc': 0.9549146588852587, 'min_labeled_per_class': 6, 'min_selected_confidence': nan, 'n_classes': 6, 'n_features_after_preprocessing': 36, 'n_features_before_preprocessing': 36, 'n_labeled': 50, 'n_pseudo_added_last_iter': nan, 'n_pseudo_added_total': nan, 'n_unlabeled': 5094, 'neural_method': nan, 'neural_validation_strategy': nan, 'package_version': '8.1.0', 'peak_gpu_memory_mb': 438.6484375, 'pretrain_epochs_trained': nan, 'protocol': 'inductive', 'pseudo_label_class_distribution': nan, 'pseudo_label_fraction': nan, 'reference_family': 'TabPFN-3 / PriorLabs', 'runtime_seconds': 8.8022, 'seed': 1, 'self_training_iterations': nan, 'status': 'success', 'stopped_reason': nan, 'test_class_counts': '{1.:306,2.:141,3.:271,4.:125,5.:141,7.:302}', 'test_size': 1286, 'timestamp_utc': '2026-07-22T14:50:33.332698+00:00', 'train_labeled_size': 40, 'train_pool_class_counts': '{1.:1225,2.:562,3.:1085,4.:500,5.:566,7.:1206}', 'unlabeled_class_counts': '{1.:1214,2.:556,3.:1075,4.:494,5.:559,7.:1196}', 'val_class_counts': '{1.:2,2.:1,3.:2,4.:1,5.:2,7.:2}', 'val_size': 10, 'validation_strategy': 'stratified_labeled_val', 'warm_inference_seconds': 0.563086639624089}",,False,0.563086639624089
tabpfn3,/private/ofirlin-lab/suissad4/caches/tabpfn/tabpfn-v3-classifier-v3_default.ckpt,,,nogit:afd539c9e2f221fc,,12.4,satimage,gpu,False,,,3f9236be15390304,,ssl-tfm,"{'cuda_available': True, 'cuda_version': '12.4', 'env_name': None, 'env_prefix': '/private/ofirlin-lab/suissad4/envs/micromamba', 'gpu_count': 1, 'gpu_name': 'NVIDIA A100 80GB PCIe', 'hostname': 'dsiuriofir01', 'packages': {'catboost': '1.2.10', 'lightgbm': '4.7.0', 'numpy': '2.4.6', 'pandas': '3.0.3', 'scikit-learn': '1.9.0', 'tabicl': '2.1.1', 'tabpfn': '8.1.0', 'torch': '2.6.0+cu124', 'xgboost': None}, 'platform': 'Linux-5.14.0-687.15.1.el9_8.x86_64-x86_64-with-glibc2.34', 'python': '3.11.15 | packaged by conda-forge | (main, Jun 11 2026, 03:34:02) [GCC 14.3.0]', 'python_version': '3.11.15', 'torch_available': True, 'torch_version': '2.6.0+cu124'}",,,NVIDIA A100 80GB PCIe,dsiuriofir01,raw,,tabpfn3,{},44136fa355b3678a,tfm_frozen,official,0.8452566096423018,,0.8058759532559643,0.22193769649527476,0.020208992506448094,0.4064754258449831,0.8066672831189446,0.4064754258449831,0.9711222744263931,100,,False,,8.1.0,,inductive,Hollmann et al. TabPFN / TabPFN-3,satimage__tabpfn3__s2__n100__96cc3594cc7c1e70,9.3293,2,129,18455250,v1_absolute_budget,success,True,2026-07-22T14:51:26.587199+00:00,"{'all_classes_present_in_labeled': True, 'backbone': 'tabpfn3', 'best_epoch': nan, 'best_val_loss': nan, 'checkpoint': '/private/ofirlin-lab/suissad4/caches/tabpfn/tabpfn-v3-classifier-v3_default.ckpt', 'cold_load_seconds': 1.0194857828319073, 'dataset': 'satimage', 'dataset_id': 182, 'embedding_source': None, 'epochs_trained': nan, 'error_message': None, 'final_train_loss': nan, 'finetune_epochs_trained': nan, 'graph_n_neighbors_used': nan, 'graph_n_rows': nan, 'graph_n_unlabeled_used': nan, 'graph_retry_count': nan, 'input_view': 'raw', 'kv_cache': None, 'labeled_class_counts': '{1.:22,2.:12,3.:20,4.:12,5.:13,7.:21}', 'labeled_classes_present': 6, 'max_labeled_per_class': 22, 'max_selected_confidence': nan, 'mean_selected_confidence': nan, 'mean_selected_density': nan, 'method': 'tabpfn3', 'method_fidelity': 'official', 'metric_accuracy': 0.8452566096423018, 'metric_average_precision': None, 'metric_balanced_accuracy': 0.8058759532559643, 'metric_brier': 0.22193769649527476, 'metric_ece': 0.020208992506448094, 'metric_log_loss': 0.4064754258449831, 'metric_macro_f1': 0.8066672831189446, 'metric_nll': 0.4064754258449831, 'metric_roc_auc': 0.9711222744263931, 'min_labeled_per_class': 12, 'min_selected_confidence': nan, 'n_classes': 6, 'n_features_after_preprocessing': 36, 'n_features_before_preprocessing': 36, 'n_labeled': 100, 'n_pseudo_added_last_iter': nan, 'n_pseudo_added_total': nan, 'n_unlabeled': 5044, 'neural_method': nan, 'neural_validation_strategy': nan, 'package_version': '8.1.0', 'peak_gpu_memory_mb': 468.17041015625, 'pretrain_epochs_trained': nan, 'protocol': 'inductive', 'pseudo_label_class_distribution': nan, 'pseudo_label_fraction': nan, 'reference_family': 'TabPFN-3 / PriorLabs', 'runtime_seconds': 9.3293, 'seed': 2, 'self_training_iterations': nan, 'status': 'success', 'stopped_reason': nan, 'test_class_counts': '{1.:306,2.:141,3.:271,4.:125,5.:141,7.:302}', 'test_size': 1286, 'timestamp_utc': '2026-07-22T14:51:17.230117+00:00', 'train_labeled_size': 80, 'train_pool_class_counts': '{1.:1225,2.:562,3.:1085,4.:500,5.:566,7.:1206}', 'unlabeled_class_counts': '{1.:1203,2.:550,3.:1065,4.:488,5.:553,7.:1185}', 'val_class_counts': '{1.:4,2.:3,3.:4,4.:2,5.:3,7.:4}', 'val_size': 20, 'validation_strategy': 'stratified_labeled_val', 'warm_inference_seconds': 0.4384746262803674}",,False,0.4384746262803674
tabpfn3,/private/ofirlin-lab/suissad4/caches/tabpfn/tabpfn-v3-classifier-v3_default.ckpt,,,nogit:afd539c9e2f221fc,,12.4,satimage,gpu,False,,,3f9236be15390304,,ssl-tfm,"{'cuda_available': True, 'cuda_version': '12.4', 'env_name': None, 'env_prefix': '/private/ofirlin-lab/suissad4/envs/micromamba', 'gpu_count': 1, 'gpu_name': 'NVIDIA A100 80GB PCIe', 'hostname': 'dsiuriofir01', 'packages': {'catboost': '1.2.10', 'lightgbm': '4.7.0', 'numpy': '2.4.6', 'pandas': '3.0.3', 'scikit-learn': '1.9.0', 'tabicl': '2.1.1', 'tabpfn': '8.1.0', 'torch': '2.6.0+cu124', 'xgboost': None}, 'platform': 'Linux-5.14.0-687.15.1.el9_8.x86_64-x86_64-with-glibc2.34', 'python': '3.11.15 | packaged by conda-forge | (main, Jun 11 2026, 03:34:02) [GCC 14.3.0]', 'python_version': '3.11.15', 'torch_available': True, 'torch_version': '2.6.0+cu124'}",,,NVIDIA A100 80GB PCIe,dsiuriofir01,raw,,tabpfn3,{},44136fa355b3678a,tfm_frozen,official,0.8538102643856921,,0.8114221101075153,0.20450898540822884,0.015624351170609691,0.3812382456528684,0.8086695041846874,0.3812382456528684,0.9734141267445202,250,,False,,8.1.0,,inductive,Hollmann et al. TabPFN / TabPFN-3,satimage__tabpfn3__s2__n250__d13069dc81c2879f,9.4485,2,130,18455251,v1_absolute_budget,success,True,2026-07-22T14:51:26.698704+00:00,"{'all_classes_present_in_labeled': True, 'backbone': 'tabpfn3', 'best_epoch': nan, 'best_val_loss': nan, 'checkpoint': '/private/ofirlin-lab/suissad4/caches/tabpfn/tabpfn-v3-classifier-v3_default.ckpt', 'cold_load_seconds': 1.025133843999356, 'dataset': 'satimage', 'dataset_id': 182, 'embedding_source': None, 'epochs_trained': nan, 'error_message': None, 'final_train_loss': nan, 'finetune_epochs_trained': nan, 'graph_n_neighbors_used': nan, 'graph_n_rows': nan, 'graph_n_unlabeled_used': nan, 'graph_retry_count': nan, 'input_view': 'raw', 'kv_cache': None, 'labeled_class_counts': '{1.:57,2.:29,3.:52,4.:26,5.:29,7.:57}', 'labeled_classes_present': 6, 'max_labeled_per_class': 57, 'max_selected_confidence': nan, 'mean_selected_confidence': nan, 'mean_selected_density': nan, 'method': 'tabpfn3', 'method_fidelity': 'official', 'metric_accuracy': 0.8538102643856921, 'metric_average_precision': None, 'metric_balanced_accuracy': 0.8114221101075153, 'metric_brier': 0.20450898540822884, 'metric_ece': 0.015624351170609691, 'metric_log_loss': 0.3812382456528684, 'metric_macro_f1': 0.8086695041846874, 'metric_nll': 0.3812382456528684, 'metric_roc_auc': 0.9734141267445202, 'min_labeled_per_class': 26, 'min_selected_confidence': nan, 'n_classes': 6, 'n_features_after_preprocessing': 36, 'n_features_before_preprocessing': 36, 'n_labeled': 250, 'n_pseudo_added_last_iter': nan, 'n_pseudo_added_total': nan, 'n_unlabeled': 4894, 'neural_method': nan, 'neural_validation_strategy': nan, 'package_version': '8.1.0', 'peak_gpu_memory_mb': 486.33056640625, 'pretrain_epochs_trained': nan, 'protocol': 'inductive', 'pseudo_label_class_distribution': nan, 'pseudo_label_fraction': nan, 'reference_family': 'TabPFN-3 / PriorLabs', 'runtime_seconds': 9.4485, 'seed': 2, 'self_training_iterations': nan, 'status': 'success', 'stopped_reason': nan, 'test_class_counts': '{1.:306,2.:141,3.:271,4.:125,5.:141,7.:302}', 'test_size': 1286, 'timestamp_utc': '2026-07-22T14:51:17.227241+00:00', 'train_labeled_size': 200, 'train_pool_class_counts': '{1.:1225,2.:562,3.:1085,4.:500,5.:566,7.:1206}', 'unlabeled_class_counts': '{1.:1168,2.:533,3.:1033,4.:474,5.:537,7.:1149}', 'val_class_counts': '{1.:11,2.:6,3.:10,4.:5,5.:6,7.:12}', 'val_size': 50, 'validation_strategy': 'stratified_labeled_val', 'warm_inference_seconds': 0.49067138601094484}",,False,0.49067138601094484
tabpfn3,/private/ofirlin-lab/suissad4/caches/tabpfn/tabpfn-v3-classifier-v3_default.ckpt,,,nogit:afd539c9e2f221fc,,12.4,satimage,gpu,False,,,3f9236be15390304,,ssl-tfm,"{'cuda_available': True, 'cuda_version': '12.4', 'env_name': None, 'env_prefix': '/private/ofirlin-lab/suissad4/envs/micromamba', 'gpu_count': 1, 'gpu_name': 'NVIDIA A100 80GB PCIe', 'hostname': 'dsiuriofir01', 'packages': {'catboost': '1.2.10', 'lightgbm': '4.7.0', 'numpy': '2.4.6', 'pandas': '3.0.3', 'scikit-learn': '1.9.0', 'tabicl': '2.1.1', 'tabpfn': '8.1.0', 'torch': '2.6.0+cu124', 'xgboost': None}, 'platform': 'Linux-5.14.0-687.15.1.el9_8.x86_64-x86_64-with-glibc2.34', 'python': '3.11.15 | packaged by conda-forge | (main, Jun 11 2026, 03:34:02) [GCC 14.3.0]', 'python_version': '3.11.15', 'torch_available': True, 'torch_version': '2.6.0+cu124'}",,,NVIDIA A100 80GB PCIe,dsiuriofir01,raw,,tabpfn3,{},44136fa355b3678a,tfm_frozen,official,0.8701399688958009,,0.8338814826672691,0.17956028519328626,0.01974834101898745,0.32522679947992716,0.8325832101390259,0.32522679947992716,0.9805607167695561,500,,False,,8.1.0,,inductive,Hollmann et al. TabPFN / TabPFN-3,satimage__tabpfn3__s2__n500__5eccab36aabf105e,9.4651,2,131,18455252,v1_absolute_budget,success,True,2026-07-22T14:51:43.590262+00:00,"{'all_classes_present_in_labeled': True, 'backbone': 'tabpfn3', 'best_epoch': nan, 'best_val_loss': nan, 'checkpoint': '/private/ofirlin-lab/suissad4/caches/tabpfn/tabpfn-v3-classifier-v3_default.ckpt', 'cold_load_seconds': 1.03190191462636, 'dataset': 'satimage', 'dataset_id': 182, 'embedding_source': None, 'epochs_trained': nan, 'error_message': None, 'final_train_loss': nan, 'finetune_epochs_trained': nan, 'graph_n_neighbors_used': nan, 'graph_n_rows': nan, 'graph_n_unlabeled_used': nan, 'graph_retry_count': nan, 'input_view': 'raw', 'kv_cache': None, 'labeled_class_counts': '{1.:117,2.:56,3.:104,4.:51,5.:57,7.:115}', 'labeled_classes_present': 6, 'max_labeled_per_class': 117, 'max_selected_confidence': nan, 'mean_selected_confidence': nan, 'mean_selected_density': nan, 'method': 'tabpfn3', 'method_fidelity': 'official', 'metric_accuracy': 0.8701399688958009, 'metric_average_precision': None, 'metric_balanced_accuracy': 0.8338814826672691, 'metric_brier': 0.17956028519328626, 'metric_ece': 0.01974834101898745, 'metric_log_loss': 0.32522679947992716, 'metric_macro_f1': 0.8325832101390259, 'metric_nll': 0.32522679947992716, 'metric_roc_auc': 0.9805607167695561, 'min_labeled_per_class': 51, 'min_selected_confidence': nan, 'n_classes': 6, 'n_features_after_preprocessing': 36, 'n_features_before_preprocessing': 36, 'n_labeled': 500, 'n_pseudo_added_last_iter': nan, 'n_pseudo_added_total': nan, 'n_unlabeled': 4644, 'neural_method': nan, 'neural_validation_strategy': nan, 'package_version': '8.1.0', 'peak_gpu_memory_mb': 528.25830078125, 'pretrain_epochs_trained': nan, 'protocol': 'inductive', 'pseudo_label_class_distribution': nan, 'pseudo_label_fraction': nan, 'reference_family': 'TabPFN-3 / PriorLabs', 'runtime_seconds': 9.4651, 'seed': 2, 'self_training_iterations': nan, 'status': 'success', 'stopped_reason': nan, 'test_class_counts': '{1.:306,2.:141,3.:271,4.:125,5.:141,7.:302}', 'test_size': 1286, 'timestamp_utc': '2026-07-22T14:51:34.067640+00:00', 'train_labeled_size': 400, 'train_pool_class_counts': '{1.:1225,2.:562,3.:1085,4.:500,5.:566,7.:1206}', 'unlabeled_class_counts': '{1.:1108,2.:506,3.:981,4.:449,5.:509,7.:1091}', 'val_class_counts': '{1.:23,2.:11,3.:21,4.:10,5.:12,7.:23}', 'val_size': 100, 'validation_strategy': 'stratified_labeled_val', 'warm_inference_seconds': 0.5953683867119253}",,False,0.5953683867119253
tabpfn3,/private/ofirlin-lab/suissad4/caches/tabpfn/tabpfn-v3-classifier-v3_default.ckpt,,,nogit:afd539c9e2f221fc,,12.4,satimage,gpu,False,,,3f9236be15390304,,ssl-tfm,"{'cuda_available': True, 'cuda_version': '12.4', 'env_name': None, 'env_prefix': '/private/ofirlin-lab/suissad4/envs/micromamba', 'gpu_count': 1, 'gpu_name': 'NVIDIA A100 80GB PCIe', 'hostname': 'dsiuriofir01', 'packages': {'catboost': '1.2.10', 'lightgbm': '4.7.0', 'numpy': '2.4.6', 'pandas': '3.0.3', 'scikit-learn': '1.9.0', 'tabicl': '2.1.1', 'tabpfn': '8.1.0', 'torch': '2.6.0+cu124', 'xgboost': None}, 'platform': 'Linux-5.14.0-687.15.1.el9_8.x86_64-x86_64-with-glibc2.34', 'python': '3.11.15 | packaged by conda-forge | (main, Jun 11 2026, 03:34:02) [GCC 14.3.0]', 'python_version': '3.11.15', 'torch_available': True, 'torch_version': '2.6.0+cu124'}",,,NVIDIA A100 80GB PCIe,dsiuriofir01,raw,,tabpfn3,{},44136fa355b3678a,tfm_frozen,official,0.8172628304821151,,0.7683446147947155,0.25356016417494526,0.03443403755580828,0.4697685574319148,0.7700546286161569,0.4697685574319148,0.9606079365266508,50,,False,,8.1.0,,inductive,Hollmann et al. TabPFN / TabPFN-3,satimage__tabpfn3__s2__n50__bbb2bf35e49b2105,9.3458,2,128,18455249,v1_absolute_budget,success,True,2026-07-22T14:51:09.727756+00:00,"{'all_classes_present_in_labeled': True, 'backbone': 'tabpfn3', 'best_epoch': nan, 'best_val_loss': nan, 'checkpoint': '/private/ofirlin-lab/suissad4/caches/tabpfn/tabpfn-v3-classifier-v3_default.ckpt', 'cold_load_seconds': 0.9159466051496565, 'dataset': 'satimage', 'dataset_id': 182, 'embedding_source': None, 'epochs_trained': nan, 'error_message': None, 'final_train_loss': nan, 'finetune_epochs_trained': nan, 'graph_n_neighbors_used': nan, 'graph_n_rows': nan, 'graph_n_unlabeled_used': nan, 'graph_retry_count': nan, 'input_view': 'raw', 'kv_cache': None, 'labeled_class_counts': '{1.:11,2.:6,3.:10,4.:6,5.:7,7.:10}', 'labeled_classes_present': 6, 'max_labeled_per_class': 11, 'max_selected_confidence': nan, 'mean_selected_confidence': nan, 'mean_selected_density': nan, 'method': 'tabpfn3', 'method_fidelity': 'official', 'metric_accuracy': 0.8172628304821151, 'metric_average_precision': None, 'metric_balanced_accuracy': 0.7683446147947155, 'metric_brier': 0.25356016417494526, 'metric_ece': 0.03443403755580828, 'metric_log_loss': 0.4697685574319148, 'metric_macro_f1': 0.7700546286161569, 'metric_nll': 0.4697685574319148, 'metric_roc_auc': 0.9606079365266508, 'min_labeled_per_class': 6, 'min_selected_confidence': nan, 'n_classes': 6, 'n_features_after_preprocessing': 36, 'n_features_before_preprocessing': 36, 'n_labeled': 50, 'n_pseudo_added_last_iter': nan, 'n_pseudo_added_total': nan, 'n_unlabeled': 5094, 'neural_method': nan, 'neural_validation_strategy': nan, 'package_version': '8.1.0', 'peak_gpu_memory_mb': 438.6484375, 'pretrain_epochs_trained': nan, 'protocol': 'inductive', 'pseudo_label_class_distribution': nan, 'pseudo_label_fraction': nan, 'reference_family': 'TabPFN-3 / PriorLabs', 'runtime_seconds': 9.3458, 'seed': 2, 'self_training_iterations': nan, 'status': 'success', 'stopped_reason': nan, 'test_class_counts': '{1.:306,2.:141,3.:271,4.:125,5.:141,7.:302}', 'test_size': 1286, 'timestamp_utc': '2026-07-22T14:51:00.344317+00:00', 'train_labeled_size': 40, 'train_pool_class_counts': '{1.:1225,2.:562,3.:1085,4.:500,5.:566,7.:1206}', 'unlabeled_class_counts': '{1.:1214,2.:556,3.:1075,4.:494,5.:559,7.:1196}', 'val_class_counts': '{1.:2,2.:1,3.:2,4.:1,5.:2,7.:2}', 'val_size': 10, 'validation_strategy': 'stratified_labeled_val', 'warm_inference_seconds': 0.574405113235116}",,False,0.574405113235116
tabiclv2,tabicl-classifier-v2-20260212.ckpt,,,nogit:afd539c9e2f221fc,,12.4,segment,gpu,False,,,3f9236be15390304,,ssl-tfm,"{'cuda_available': True, 'cuda_version': '12.4', 'env_name': None, 'env_prefix': '/private/ofirlin-lab/suissad4/envs/micromamba', 'gpu_count': 1, 'gpu_name': 'NVIDIA A100 80GB PCIe', 'hostname': 'dsiuriofir01', 'packages': {'catboost': '1.2.10', 'lightgbm': '4.7.0', 'numpy': '2.4.6', 'pandas': '3.0.3', 'scikit-learn': '1.9.0', 'tabicl': '2.1.1', 'tabpfn': '8.1.0', 'torch': '2.6.0+cu124', 'xgboost': None}, 'platform': 'Linux-5.14.0-687.15.1.el9_8.x86_64-x86_64-with-glibc2.34', 'python': '3.11.15 | packaged by conda-forge | (main, Jun 11 2026, 03:34:02) [GCC 14.3.0]', 'python_version': '3.11.15', 'torch_available': True, 'torch_version': '2.6.0+cu124'}",,,NVIDIA A100 80GB PCIe,dsiuriofir01,raw,True,tabiclv2,{},44136fa355b3678a,tfm_frozen,official,0.9177489177489178,,0.9177489177489179,0.10923199539652857,0.02798855345452318,0.2139671234158244,0.9165253525724149,0.2139671234158244,0.9941296077659715,100,,False,,unknown,,inductive,TabICL / TabICLv2,segment__tabiclv2__s0__n100__84f0bb19d8a0e73a,5.8909,0,157,18455279,v1_absolute_budget,success,True,2026-07-22T14:55:07.339933+00:00,"{'all_classes_present_in_labeled': True, 'backbone': 'tabiclv2', 'best_epoch': nan, 'best_val_loss': nan, 'checkpoint': 'tabicl-classifier-v2-20260212.ckpt', 'cold_load_seconds': 0.9634935813955963, 'dataset': 'segment', 'dataset_id': 36, 'embedding_source': None, 'epochs_trained': nan, 'error_message': None, 'final_train_loss': nan, 'finetune_epochs_trained': nan, 'graph_n_neighbors_used': nan, 'graph_n_rows': nan, 'graph_n_unlabeled_used': nan, 'graph_retry_count': nan, 'input_view': 'raw', 'kv_cache': True, 'labeled_class_counts': '{brickface:15,cement:15,foliage:14,grass:14,path:14,sky:14,window:14}', 'labeled_classes_present': 7, 'max_labeled_per_class': 15, 'max_selected_confidence': nan, 'mean_selected_confidence': nan, 'mean_selected_density': nan, 'method': 'tabiclv2', 'method_fidelity': 'official', 'metric_accuracy': 0.9177489177489178, 'metric_average_precision': None, 'metric_balanced_accuracy': 0.9177489177489179, 'metric_brier': 0.10923199539652857, 'metric_ece': 0.02798855345452318, 'metric_log_loss': 0.2139671234158244, 'metric_macro_f1': 0.9165253525724149, 'metric_nll': 0.2139671234158244, 'metric_roc_auc': 0.9941296077659715, 'min_labeled_per_class': 14, 'min_selected_confidence': nan, 'n_classes': 7, 'n_features_after_preprocessing': 19, 'n_features_before_preprocessing': 19, 'n_labeled': 100, 'n_pseudo_added_last_iter': nan, 'n_pseudo_added_total': nan, 'n_unlabeled': 1748, 'neural_method': nan, 'neural_validation_strategy': nan, 'package_version': 'unknown', 'peak_gpu_memory_mb': 413.9501953125, 'pretrain_epochs_trained': nan, 'protocol': 'inductive', 'pseudo_label_class_distribution': nan, 'pseudo_label_fraction': nan, 'reference_family': 'TabICLv2 / soda-inria/tabicl', 'runtime_seconds': 5.8909, 'seed': 0, 'self_training_iterations': nan, 'status': 'success', 'stopped_reason': nan, 'test_class_counts': '{brickface:66,cement:66,foliage:66,grass:66,path:66,sky:66,window:66}', 'test_size': 462, 'timestamp_utc': '2026-07-22T14:55:01.419301+00:00', 'train_labeled_size': 80, 'train_pool_class_counts': '{brickface:264,cement:264,foliage:264,grass:264,path:264,sky:264,window:264}', 'unlabeled_class_counts': '{brickface:249,cement:249,foliage:250,grass:250,path:250,sky:250,window:250}', 'val_class_counts': '{brickface:3,cement:3,foliage:3,grass:3,path:2,sky:3,window:3}', 'val_size': 20, 'validation_strategy': 'stratified_labeled_val', 'warm_inference_seconds': 0.0785132460296154}",,False,0.0785132460296154
tabiclv2,tabicl-classifier-v2-20260212.ckpt,,,nogit:afd539c9e2f221fc,,12.4,segment,gpu,False,,,3f9236be15390304,,ssl-tfm,"{'cuda_available': True, 'cuda_version': '12.4', 'env_name': None, 'env_prefix': '/private/ofirlin-lab/suissad4/envs/micromamba', 'gpu_count': 1, 'gpu_name': 'NVIDIA A100 80GB PCIe', 'hostname': 'dsiuriofir01', 'packages': {'catboost': '1.2.10', 'lightgbm': '4.7.0', 'numpy': '2.4.6', 'pandas': '3.0.3', 'scikit-learn': '1.9.0', 'tabicl': '2.1.1', 'tabpfn': '8.1.0', 'torch': '2.6.0+cu124', 'xgboost': None}, 'platform': 'Linux-5.14.0-687.15.1.el9_8.x86_64-x86_64-with-glibc2.34', 'python': '3.11.15 | packaged by conda-forge | (main, Jun 11 2026, 03:34:02) [GCC 14.3.0]', 'python_version': '3.11.15', 'torch_available': True, 'torch_version': '2.6.0+cu124'}",,,NVIDIA A100 80GB PCIe,dsiuriofir01,raw,True,tabiclv2,{},44136fa355b3678a,tfm_frozen,official,0.9437229437229437,,0.9437229437229436,0.07746878572716642,0.03345053036140791,0.1543059596054262,0.9442019976021166,0.1543059596054262,0.9967860422405878,250,,False,,unknown,,inductive,TabICL / TabICLv2,segment__tabiclv2__s0__n250__8cdd500c9099ed61,4.6064,0,158,18455280,v1_absolute_budget,success,True,2026-07-22T14:55:07.379422+00:00,"{'all_classes_present_in_labeled': True, 'backbone': 'tabiclv2', 'best_epoch': nan, 'best_val_loss': nan, 'checkpoint': 'tabicl-classifier-v2-20260212.ckpt', 'cold_load_seconds': 0.9831966892816126, 'dataset': 'segment', 'dataset_id': 36, 'embedding_source': None, 'epochs_trained': nan, 'error_message': None, 'final_train_loss': nan, 'finetune_epochs_trained': nan, 'graph_n_neighbors_used': nan, 'graph_n_rows': nan, 'graph_n_unlabeled_used': nan, 'graph_retry_count': nan, 'input_view': 'raw', 'kv_cache': True, 'labeled_class_counts': '{brickface:36,cement:36,foliage:36,grass:36,path:36,sky:35,window:35}', 'labeled_classes_present': 7, 'max_labeled_per_class': 36, 'max_selected_confidence': nan, 'mean_selected_confidence': nan, 'mean_selected_density': nan, 'method': 'tabiclv2', 'method_fidelity': 'official', 'metric_accuracy': 0.9437229437229437, 'metric_average_precision': None, 'metric_balanced_accuracy': 0.9437229437229436, 'metric_brier': 0.07746878572716642, 'metric_ece': 0.03345053036140791, 'metric_log_loss': 0.1543059596054262, 'metric_macro_f1': 0.9442019976021166, 'metric_nll': 0.1543059596054262, 'metric_roc_auc': 0.9967860422405878, 'min_labeled_per_class': 35, 'min_selected_confidence': nan, 'n_classes': 7, 'n_features_after_preprocessing': 19, 'n_features_before_preprocessing': 19, 'n_labeled': 250, 'n_pseudo_added_last_iter': nan, 'n_pseudo_added_total': nan, 'n_unlabeled': 1598, 'neural_method': nan, 'neural_validation_strategy': nan, 'package_version': 'unknown', 'peak_gpu_memory_mb': 461.4345703125, 'pretrain_epochs_trained': nan, 'protocol': 'inductive', 'pseudo_label_class_distribution': nan, 'pseudo_label_fraction': nan, 'reference_family': 'TabICLv2 / soda-inria/tabicl', 'runtime_seconds': 4.6064, 'seed': 0, 'self_training_iterations': nan, 'status': 'success', 'stopped_reason': nan, 'test_class_counts': '{brickface:66,cement:66,foliage:66,grass:66,path:66,sky:66,window:66}', 'test_size': 462, 'timestamp_utc': '2026-07-22T14:55:02.751806+00:00', 'train_labeled_size': 200, 'train_pool_class_counts': '{brickface:264,cement:264,foliage:264,grass:264,path:264,sky:264,window:264}', 'unlabeled_class_counts': '{brickface:228,cement:228,foliage:228,grass:228,path:228,sky:229,window:229}', 'val_class_counts': '{brickface:8,cement:7,foliage:7,grass:7,path:7,sky:7,window:7}', 'val_size': 50, 'validation_strategy': 'stratified_labeled_val', 'warm_inference_seconds': 0.0728684002533555}",,False,0.0728684002533555
tabiclv2,tabicl-classifier-v2-20260212.ckpt,,,nogit:afd539c9e2f221fc,,12.4,segment,gpu,False,,,3f9236be15390304,,ssl-tfm,"{'cuda_available': True, 'cuda_version': '12.4', 'env_name': None, 'env_prefix': '/private/ofirlin-lab/suissad4/envs/micromamba', 'gpu_count': 1, 'gpu_name': 'NVIDIA A100 80GB PCIe', 'hostname': 'dsiuriofir01', 'packages': {'catboost': '1.2.10', 'lightgbm': '4.7.0', 'numpy': '2.4.6', 'pandas': '3.0.3', 'scikit-learn': '1.9.0', 'tabicl': '2.1.1', 'tabpfn': '8.1.0', 'torch': '2.6.0+cu124', 'xgboost': None}, 'platform': 'Linux-5.14.0-687.15.1.el9_8.x86_64-x86_64-with-glibc2.34', 'python': '3.11.15 | packaged by conda-forge | (main, Jun 11 2026, 03:34:02) [GCC 14.3.0]', 'python_version': '3.11.15', 'torch_available': True, 'torch_version': '2.6.0+cu124'}",,,NVIDIA A100 80GB PCIe,dsiuriofir01,raw,True,tabiclv2,{},44136fa355b3678a,tfm_frozen,official,0.9653679653679653,,0.9653679653679653,0.04785934794795918,0.021446610604455206,0.09667917165832131,0.9655087074646909,0.09667917165832131,0.9981142594778957,500,,False,,unknown,,inductive,TabICL / TabICLv2,segment__tabiclv2__s0__n500__8481e06a2f0fe603,5.5897,0,159,18455281,v1_absolute_budget,success,True,2026-07-22T14:55:19.911850+00:00,"{'all_classes_present_in_labeled': True, 'backbone': 'tabiclv2', 'best_epoch': nan, 'best_val_loss': nan, 'checkpoint': 'tabicl-classifier-v2-20260212.ckpt', 'cold_load_seconds': 1.0092406650073826, 'dataset': 'segment', 'dataset_id': 36, 'embedding_source': None, 'epochs_trained': nan, 'error_message': None, 'final_train_loss': nan, 'finetune_epochs_trained': nan, 'graph_n_neighbors_used': nan, 'graph_n_rows': nan, 'graph_n_unlabeled_used': nan, 'graph_retry_count': nan, 'input_view': 'raw', 'kv_cache': True, 'labeled_class_counts': '{brickface:72,cement:72,foliage:72,grass:71,path:71,sky:71,window:71}', 'labeled_classes_present': 7, 'max_labeled_per_class': 72, 'max_selected_confidence': nan, 'mean_selected_confidence': nan, 'mean_selected_density': nan, 'method': 'tabiclv2', 'method_fidelity': 'official', 'metric_accuracy': 0.9653679653679653, 'metric_average_precision': None, 'metric_balanced_accuracy': 0.9653679653679653, 'metric_brier': 0.04785934794795918, 'metric_ece': 0.021446610604455206, 'metric_log_loss': 0.09667917165832131, 'metric_macro_f1': 0.9655087074646909, 'metric_nll': 0.09667917165832131, 'metric_roc_auc': 0.9981142594778957, 'min_labeled_per_class': 71, 'min_selected_confidence': nan, 'n_classes': 7, 'n_features_after_preprocessing': 19, 'n_features_before_preprocessing': 19, 'n_labeled': 500, 'n_pseudo_added_last_iter': nan, 'n_pseudo_added_total': nan, 'n_unlabeled': 1348, 'neural_method': nan, 'neural_validation_strategy': nan, 'package_version': 'unknown', 'peak_gpu_memory_mb': 535.7001953125, 'pretrain_epochs_trained': nan, 'protocol': 'inductive', 'pseudo_label_class_distribution': nan, 'pseudo_label_fraction': nan, 'reference_family': 'TabICLv2 / soda-inria/tabicl', 'runtime_seconds': 5.5897, 'seed': 0, 'self_training_iterations': nan, 'status': 'success', 'stopped_reason': nan, 'test_class_counts': '{brickface:66,cement:66,foliage:66,grass:66,path:66,sky:66,window:66}', 'test_size': 462, 'timestamp_utc': '2026-07-22T14:55:14.302241+00:00', 'train_labeled_size': 400, 'train_pool_class_counts': '{brickface:264,cement:264,foliage:264,grass:264,path:264,sky:264,window:264}', 'unlabeled_class_counts': '{brickface:192,cement:192,foliage:192,grass:193,path:193,sky:193,window:193}', 'val_class_counts': '{brickface:14,cement:15,foliage:15,grass:14,path:14,sky:14,window:14}', 'val_size': 100, 'validation_strategy': 'stratified_labeled_val', 'warm_inference_seconds': 0.07659478578716516}",,False,0.07659478578716516
tabiclv2,tabicl-classifier-v2-20260212.ckpt,,,nogit:afd539c9e2f221fc,,12.4,segment,gpu,False,,,3f9236be15390304,,ssl-tfm,"{'cuda_available': True, 'cuda_version': '12.4', 'env_name': None, 'env_prefix': '/private/ofirlin-lab/suissad4/envs/micromamba', 'gpu_count': 1, 'gpu_name': 'NVIDIA A100 80GB PCIe', 'hostname': 'dsiuriofir01', 'packages': {'catboost': '1.2.10', 'lightgbm': '4.7.0', 'numpy': '2.4.6', 'pandas': '3.0.3', 'scikit-learn': '1.9.0', 'tabicl': '2.1.1', 'tabpfn': '8.1.0', 'torch': '2.6.0+cu124', 'xgboost': None}, 'platform': 'Linux-5.14.0-687.15.1.el9_8.x86_64-x86_64-with-glibc2.34', 'python': '3.11.15 | packaged by conda-forge | (main, Jun 11 2026, 03:34:02) [GCC 14.3.0]', 'python_version': '3.11.15', 'torch_available': True, 'torch_version': '2.6.0+cu124'}",,,NVIDIA A100 80GB PCIe,dsiuriofir01,raw,True,tabiclv2,{},44136fa355b3678a,tfm_frozen,official,0.8917748917748918,,0.8917748917748918,0.16082909203636042,0.04746236183004311,0.3156560125179444,0.8896824597697505,0.3156560125179444,0.989959114959115,50,,False,,unknown,,inductive,TabICL / TabICLv2,segment__tabiclv2__s0__n50__26f01489df576bfe,6.1114,0,156,18455278,v1_absolute_budget,success,True,2026-07-22T14:54:54.272985+00:00,"{'all_classes_present_in_labeled': True, 'backbone': 'tabiclv2', 'best_epoch': nan, 'best_val_loss': nan, 'checkpoint': 'tabicl-classifier-v2-20260212.ckpt', 'cold_load_seconds': 0.9949694038368762, 'dataset': 'segment', 'dataset_id': 36, 'embedding_source': None, 'epochs_trained': nan, 'error_message': None, 'final_train_loss': nan, 'finetune_epochs_trained': nan, 'graph_n_neighbors_used': nan, 'graph_n_rows': nan, 'graph_n_unlabeled_used': nan, 'graph_retry_count': nan, 'input_view': 'raw', 'kv_cache': True, 'labeled_class_counts': '{brickface:8,cement:7,foliage:7,grass:7,path:7,sky:7,window:7}', 'labeled_classes_present': 7, 'max_labeled_per_class': 8, 'max_selected_confidence': nan, 'mean_selected_confidence': nan, 'mean_selected_density': nan, 'method': 'tabiclv2', 'method_fidelity': 'official', 'metric_accuracy': 0.8917748917748918, 'metric_average_precision': None, 'metric_balanced_accuracy': 0.8917748917748918, 'metric_brier': 0.16082909203636042, 'metric_ece': 0.04746236183004311, 'metric_log_loss': 0.3156560125179444, 'metric_macro_f1': 0.8896824597697505, 'metric_nll': 0.3156560125179444, 'metric_roc_auc': 0.989959114959115, 'min_labeled_per_class': 7, 'min_selected_confidence': nan, 'n_classes': 7, 'n_features_after_preprocessing': 19, 'n_features_before_preprocessing': 19, 'n_labeled': 50, 'n_pseudo_added_last_iter': nan, 'n_pseudo_added_total': nan, 'n_unlabeled': 1798, 'neural_method': nan, 'neural_validation_strategy': nan, 'package_version': 'unknown', 'peak_gpu_memory_mb': 398.0751953125, 'pretrain_epochs_trained': nan, 'protocol': 'inductive', 'pseudo_label_class_distribution': nan, 'pseudo_label_fraction': nan, 'reference_family': 'TabICLv2 / soda-inria/tabicl', 'runtime_seconds': 6.1114, 'seed': 0, 'self_training_iterations': nan, 'status': 'success', 'stopped_reason': nan, 'test_class_counts': '{brickface:66,cement:66,foliage:66,grass:66,path:66,sky:66,window:66}', 'test_size': 462, 'timestamp_utc': '2026-07-22T14:54:48.137131+00:00', 'train_labeled_size': 40, 'train_pool_class_counts': '{brickface:264,cement:264,foliage:264,grass:264,path:264,sky:264,window:264}', 'unlabeled_class_counts': '{brickface:256,cement:257,foliage:257,grass:257,path:257,sky:257,window:257}', 'val_class_counts': '{brickface:2,cement:2,foliage:1,grass:1,path:1,sky:1,window:2}', 'val_size': 10, 'validation_strategy': 'stratified_labeled_val', 'warm_inference_seconds': 0.0745408940128982}",,False,0.0745408940128982
tabiclv2,tabicl-classifier-v2-20260212.ckpt,,,nogit:afd539c9e2f221fc,,12.4,segment,gpu,False,,,3f9236be15390304,,ssl-tfm,"{'cuda_available': True, 'cuda_version': '12.4', 'env_name': None, 'env_prefix': '/private/ofirlin-lab/suissad4/envs/micromamba', 'gpu_count': 1, 'gpu_name': 'NVIDIA A100 80GB PCIe', 'hostname': 'dsiuriofir01', 'packages': {'catboost': '1.2.10', 'lightgbm': '4.7.0', 'numpy': '2.4.6', 'pandas': '3.0.3', 'scikit-learn': '1.9.0', 'tabicl': '2.1.1', 'tabpfn': '8.1.0', 'torch': '2.6.0+cu124', 'xgboost': None}, 'platform': 'Linux-5.14.0-687.15.1.el9_8.x86_64-x86_64-with-glibc2.34', 'python': '3.11.15 | packaged by conda-forge | (main, Jun 11 2026, 03:34:02) [GCC 14.3.0]', 'python_version': '3.11.15', 'torch_available': True, 'torch_version': '2.6.0+cu124'}",,,NVIDIA A100 80GB PCIe,dsiuriofir01,raw,True,tabiclv2,{},44136fa355b3678a,tfm_frozen,official,0.9090909090909091,,0.9090909090909091,0.11444747467989469,0.03721268009056379,0.23665730021814466,0.9082412303830095,0.23665730021814466,0.9926592767501858,100,,False,,unknown,,inductive,TabICL / TabICLv2,segment__tabiclv2__s1__n100__52b2af6a57baa03d,5.3001,1,161,18455283,v1_absolute_budget,success,True,2026-07-22T14:55:30.906559+00:00,"{'all_classes_present_in_labeled': True, 'backbone': 'tabiclv2', 'best_epoch': nan, 'best_val_loss': nan, 'checkpoint': 'tabicl-classifier-v2-20260212.ckpt', 'cold_load_seconds': 0.9856795249506831, 'dataset': 'segment', 'dataset_id': 36, 'embedding_source': None, 'epochs_trained': nan, 'error_message': None, 'final_train_loss': nan, 'finetune_epochs_trained': nan, 'graph_n_neighbors_used': nan, 'graph_n_rows': nan, 'graph_n_unlabeled_used': nan, 'graph_retry_count': nan, 'input_view': 'raw', 'kv_cache': True, 'labeled_class_counts': '{brickface:15,cement:15,foliage:14,grass:14,path:14,sky:14,window:14}', 'labeled_classes_present': 7, 'max_labeled_per_class': 15, 'max_selected_confidence': nan, 'mean_selected_confidence': nan, 'mean_selected_density': nan, 'method': 'tabiclv2', 'method_fidelity': 'official', 'metric_accuracy': 0.9090909090909091, 'metric_average_precision': None, 'metric_balanced_accuracy': 0.9090909090909091, 'metric_brier': 0.11444747467989469, 'metric_ece': 0.03721268009056379, 'metric_log_loss': 0.23665730021814466, 'metric_macro_f1': 0.9082412303830095, 'metric_nll': 0.23665730021814466, 'metric_roc_auc': 0.9926592767501858, 'min_labeled_per_class': 14, 'min_selected_confidence': nan, 'n_classes': 7, 'n_features_after_preprocessing': 19, 'n_features_before_preprocessing': 19, 'n_labeled': 100, 'n_pseudo_added_last_iter': nan, 'n_pseudo_added_total': nan, 'n_unlabeled': 1748, 'neural_method': nan, 'neural_validation_strategy': nan, 'package_version': 'unknown', 'peak_gpu_memory_mb': 413.9501953125, 'pretrain_epochs_trained': nan, 'protocol': 'inductive', 'pseudo_label_class_distribution': nan, 'pseudo_label_fraction': nan, 'reference_family': 'TabICLv2 / soda-inria/tabicl', 'runtime_seconds': 5.3001, 'seed': 1, 'self_training_iterations': nan, 'status': 'success', 'stopped_reason': nan, 'test_class_counts': '{brickface:66,cement:66,foliage:66,grass:66,path:66,sky:66,window:66}', 'test_size': 462, 'timestamp_utc': '2026-07-22T14:55:25.585494+00:00', 'train_labeled_size': 80, 'train_pool_class_counts': '{brickface:264,cement:264,foliage:264,grass:264,path:264,sky:264,window:264}', 'unlabeled_class_counts': '{brickface:249,cement:249,foliage:250,grass:250,path:250,sky:250,window:250}', 'val_class_counts': '{brickface:3,cement:3,foliage:3,grass:3,path:3,sky:2,window:3}', 'val_size': 20, 'validation_strategy': 'stratified_labeled_val', 'warm_inference_seconds': 0.07572978409007192}",,False,0.07572978409007192
tabiclv2,tabicl-classifier-v2-20260212.ckpt,,,nogit:afd539c9e2f221fc,,12.4,segment,gpu,False,,,3f9236be15390304,,ssl-tfm,"{'cuda_available': True, 'cuda_version': '12.4', 'env_name': None, 'env_prefix': '/private/ofirlin-lab/suissad4/envs/micromamba', 'gpu_count': 1, 'gpu_name': 'NVIDIA A100 80GB PCIe', 'hostname': 'dsiuriofir01', 'packages': {'catboost': '1.2.10', 'lightgbm': '4.7.0', 'numpy': '2.4.6', 'pandas': '3.0.3', 'scikit-learn': '1.9.0', 'tabicl': '2.1.1', 'tabpfn': '8.1.0', 'torch': '2.6.0+cu124', 'xgboost': None}, 'platform': 'Linux-5.14.0-687.15.1.el9_8.x86_64-x86_64-with-glibc2.34', 'python': '3.11.15 | packaged by conda-forge | (main, Jun 11 2026, 03:34:02) [GCC 14.3.0]', 'python_version': '3.11.15', 'torch_available': True, 'torch_version': '2.6.0+cu124'}",,,NVIDIA A100 80GB PCIe,dsiuriofir01,raw,True,tabiclv2,{},44136fa355b3678a,tfm_frozen,official,0.9502164502164502,,0.9502164502164502,0.0825535329949654,0.030763949409297088,0.16859885082119763,0.9515499528212494,0.16859885082119763,0.9957420525602343,250,,False,,unknown,,inductive,TabICL / TabICLv2,segment__tabiclv2__s1__n250__308c0188882dcfd0,5.2601,1,162,18455284,v1_absolute_budget,success,True,2026-07-22T14:55:30.869596+00:00,"{'all_classes_present_in_labeled': True, 'backbone': 'tabiclv2', 'best_epoch': nan, 'best_val_loss': nan, 'checkpoint': 'tabicl-classifier-v2-20260212.ckpt', 'cold_load_seconds': 0.9474471569992602, 'dataset': 'segment', 'dataset_id': 36, 'embedding_source': None, 'epochs_trained': nan, 'error_message': None, 'final_train_loss': nan, 'finetune_epochs_trained': nan, 'graph_n_neighbors_used': nan, 'graph_n_rows': nan, 'graph_n_unlabeled_used': nan, 'graph_retry_count': nan, 'input_view': 'raw', 'kv_cache': True, 'labeled_class_counts': '{brickface:36,cement:36,foliage:36,grass:36,path:36,sky:35,window:35}', 'labeled_classes_present': 7, 'max_labeled_per_class': 36, 'max_selected_confidence': nan, 'mean_selected_confidence': nan, 'mean_selected_density': nan, 'method': 'tabiclv2', 'method_fidelity': 'official', 'metric_accuracy': 0.9502164502164502, 'metric_average_precision': None, 'metric_balanced_accuracy': 0.9502164502164502, 'metric_brier': 0.0825535329949654, 'metric_ece': 0.030763949409297088, 'metric_log_loss': 0.16859885082119763, 'metric_macro_f1': 0.9515499528212494, 'metric_nll': 0.16859885082119763, 'metric_roc_auc': 0.9957420525602343, 'min_labeled_per_class': 35, 'min_selected_confidence': nan, 'n_classes': 7, 'n_features_after_preprocessing': 19, 'n_features_before_preprocessing': 19, 'n_labeled': 250, 'n_pseudo_added_last_iter': nan, 'n_pseudo_added_total': nan, 'n_unlabeled': 1598, 'neural_method': nan, 'neural_validation_strategy': nan, 'package_version': 'unknown', 'peak_gpu_memory_mb': 461.4345703125, 'pretrain_epochs_trained': nan, 'protocol': 'inductive', 'pseudo_label_class_distribution': nan, 'pseudo_label_fraction': nan, 'reference_family': 'TabICLv2 / soda-inria/tabicl', 'runtime_seconds': 5.2601, 'seed': 1, 'self_training_iterations': nan, 'status': 'success', 'stopped_reason': nan, 'test_class_counts': '{brickface:66,cement:66,foliage:66,grass:66,path:66,sky:66,window:66}', 'test_size': 462, 'timestamp_utc': '2026-07-22T14:55:25.585422+00:00', 'train_labeled_size': 200, 'train_pool_class_counts': '{brickface:264,cement:264,foliage:264,grass:264,path:264,sky:264,window:264}', 'unlabeled_class_counts': '{brickface:228,cement:228,foliage:228,grass:228,path:228,sky:229,window:229}', 'val_class_counts': '{brickface:7,cement:7,foliage:8,grass:7,path:7,sky:7,window:7}', 'val_size': 50, 'validation_strategy': 'stratified_labeled_val', 'warm_inference_seconds': 0.07168746599927545}",,False,0.07168746599927545
tabiclv2,tabicl-classifier-v2-20260212.ckpt,,,nogit:afd539c9e2f221fc,,12.4,segment,gpu,False,,,3f9236be15390304,,ssl-tfm,"{'cuda_available': True, 'cuda_version': '12.4', 'env_name': None, 'env_prefix': '/private/ofirlin-lab/suissad4/envs/micromamba', 'gpu_count': 1, 'gpu_name': 'NVIDIA A100 80GB PCIe', 'hostname': 'dsiuriofir01', 'packages': {'catboost': '1.2.10', 'lightgbm': '4.7.0', 'numpy': '2.4.6', 'pandas': '3.0.3', 'scikit-learn': '1.9.0', 'tabicl': '2.1.1', 'tabpfn': '8.1.0', 'torch': '2.6.0+cu124', 'xgboost': None}, 'platform': 'Linux-5.14.0-687.15.1.el9_8.x86_64-x86_64-with-glibc2.34', 'python': '3.11.15 | packaged by conda-forge | (main, Jun 11 2026, 03:34:02) [GCC 14.3.0]', 'python_version': '3.11.15', 'torch_available': True, 'torch_version': '2.6.0+cu124'}",,,NVIDIA A100 80GB PCIe,dsiuriofir01,raw,True,tabiclv2,{},44136fa355b3678a,tfm_frozen,official,0.961038961038961,,0.9610389610389609,0.0600629251095559,0.022699290870260493,0.12973437240845487,0.9619066108943419,0.12973437240845487,0.9982891687437142,500,,False,,unknown,,inductive,TabICL / TabICLv2,segment__tabiclv2__s1__n500__62f91e68024d0552,5.3159,1,163,18455285,v1_absolute_budget,success,True,2026-07-22T14:55:44.158883+00:00,"{'all_classes_present_in_labeled': True, 'backbone': 'tabiclv2', 'best_epoch': nan, 'best_val_loss': nan, 'checkpoint': 'tabicl-classifier-v2-20260212.ckpt', 'cold_load_seconds': 0.9994878913275898, 'dataset': 'segment', 'dataset_id': 36, 'embedding_source': None, 'epochs_trained': nan, 'error_message': None, 'final_train_loss': nan, 'finetune_epochs_trained': nan, 'graph_n_neighbors_used': nan, 'graph_n_rows': nan, 'graph_n_unlabeled_used': nan, 'graph_retry_count': nan, 'input_view': 'raw', 'kv_cache': True, 'labeled_class_counts': '{brickface:72,cement:72,foliage:72,grass:71,path:71,sky:71,window:71}', 'labeled_classes_present': 7, 'max_labeled_per_class': 72, 'max_selected_confidence': nan, 'mean_selected_confidence': nan, 'mean_selected_density': nan, 'method': 'tabiclv2', 'method_fidelity': 'official', 'metric_accuracy': 0.961038961038961, 'metric_average_precision': None, 'metric_balanced_accuracy': 0.9610389610389609, 'metric_brier': 0.0600629251095559, 'metric_ece': 0.022699290870260493, 'metric_log_loss': 0.12973437240845487, 'metric_macro_f1': 0.9619066108943419, 'metric_nll': 0.12973437240845487, 'metric_roc_auc': 0.9982891687437142, 'min_labeled_per_class': 71, 'min_selected_confidence': nan, 'n_classes': 7, 'n_features_after_preprocessing': 19, 'n_features_before_preprocessing': 19, 'n_labeled': 500, 'n_pseudo_added_last_iter': nan, 'n_pseudo_added_total': nan, 'n_unlabeled': 1348, 'neural_method': nan, 'neural_validation_strategy': nan, 'package_version': 'unknown', 'peak_gpu_memory_mb': 535.7001953125, 'pretrain_epochs_trained': nan, 'protocol': 'inductive', 'pseudo_label_class_distribution': nan, 'pseudo_label_fraction': nan, 'reference_family': 'TabICLv2 / soda-inria/tabicl', 'runtime_seconds': 5.3159, 'seed': 1, 'self_training_iterations': nan, 'status': 'success', 'stopped_reason': nan, 'test_class_counts': '{brickface:66,cement:66,foliage:66,grass:66,path:66,sky:66,window:66}', 'test_size': 462, 'timestamp_utc': '2026-07-22T14:55:38.822561+00:00', 'train_labeled_size': 400, 'train_pool_class_counts': '{brickface:264,cement:264,foliage:264,grass:264,path:264,sky:264,window:264}', 'unlabeled_class_counts': '{brickface:192,cement:192,foliage:192,grass:193,path:193,sky:193,window:193}', 'val_class_counts': '{brickface:15,cement:14,foliage:15,grass:14,path:14,sky:14,window:14}', 'val_size': 100, 'validation_strategy': 'stratified_labeled_val', 'warm_inference_seconds': 0.07668372290208936}",,False,0.07668372290208936
tabiclv2,tabicl-classifier-v2-20260212.ckpt,,,nogit:afd539c9e2f221fc,,12.4,segment,gpu,False,,,3f9236be15390304,,ssl-tfm,"{'cuda_available': True, 'cuda_version': '12.4', 'env_name': None, 'env_prefix': '/private/ofirlin-lab/suissad4/envs/micromamba', 'gpu_count': 1, 'gpu_name': 'NVIDIA A100 80GB PCIe', 'hostname': 'dsiuriofir01', 'packages': {'catboost': '1.2.10', 'lightgbm': '4.7.0', 'numpy': '2.4.6', 'pandas': '3.0.3', 'scikit-learn': '1.9.0', 'tabicl': '2.1.1', 'tabpfn': '8.1.0', 'torch': '2.6.0+cu124', 'xgboost': None}, 'platform': 'Linux-5.14.0-687.15.1.el9_8.x86_64-x86_64-with-glibc2.34', 'python': '3.11.15 | packaged by conda-forge | (main, Jun 11 2026, 03:34:02) [GCC 14.3.0]', 'python_version': '3.11.15', 'torch_available': True, 'torch_version': '2.6.0+cu124'}",,,NVIDIA A100 80GB PCIe,dsiuriofir01,raw,True,tabiclv2,{},44136fa355b3678a,tfm_frozen,official,0.9025974025974026,,0.9025974025974026,0.16779595497826297,0.05413266072218101,0.40115307440292347,0.9029209118873578,0.40115307440292347,0.9805304123485943,50,,False,,unknown,,inductive,TabICL / TabICLv2,segment__tabiclv2__s1__n50__697d8f55efdc77a5,5.5386,1,160,18455282,v1_absolute_budget,success,True,2026-07-22T14:55:19.863912+00:00,"{'all_classes_present_in_labeled': True, 'backbone': 'tabiclv2', 'best_epoch': nan, 'best_val_loss': nan, 'checkpoint': 'tabicl-classifier-v2-20260212.ckpt', 'cold_load_seconds': 0.9716475163586438, 'dataset': 'segment', 'dataset_id': 36, 'embedding_source': None, 'epochs_trained': nan, 'error_message': None, 'final_train_loss': nan, 'finetune_epochs_trained': nan, 'graph_n_neighbors_used': nan, 'graph_n_rows': nan, 'graph_n_unlabeled_used': nan, 'graph_retry_count': nan, 'input_view': 'raw', 'kv_cache': True, 'labeled_class_counts': '{brickface:8,cement:7,foliage:7,grass:7,path:7,sky:7,window:7}', 'labeled_classes_present': 7, 'max_labeled_per_class': 8, 'max_selected_confidence': nan, 'mean_selected_confidence': nan, 'mean_selected_density': nan, 'method': 'tabiclv2', 'method_fidelity': 'official', 'metric_accuracy': 0.9025974025974026, 'metric_average_precision': None, 'metric_balanced_accuracy': 0.9025974025974026, 'metric_brier': 0.16779595497826297, 'metric_ece': 0.05413266072218101, 'metric_log_loss': 0.40115307440292347, 'metric_macro_f1': 0.9029209118873578, 'metric_nll': 0.40115307440292347, 'metric_roc_auc': 0.9805304123485943, 'min_labeled_per_class': 7, 'min_selected_confidence': nan, 'n_classes': 7, 'n_features_after_preprocessing': 19, 'n_features_before_preprocessing': 19, 'n_labeled': 50, 'n_pseudo_added_last_iter': nan, 'n_pseudo_added_total': nan, 'n_unlabeled': 1798, 'neural_method': nan, 'neural_validation_strategy': nan, 'package_version': 'unknown', 'peak_gpu_memory_mb': 398.0751953125, 'pretrain_epochs_trained': nan, 'protocol': 'inductive', 'pseudo_label_class_distribution': nan, 'pseudo_label_fraction': nan, 'reference_family': 'TabICLv2 / soda-inria/tabicl', 'runtime_seconds': 5.5386, 'seed': 1, 'self_training_iterations': nan, 'status': 'success', 'stopped_reason': nan, 'test_class_counts': '{brickface:66,cement:66,foliage:66,grass:66,path:66,sky:66,window:66}', 'test_size': 462, 'timestamp_utc': '2026-07-22T14:55:14.302486+00:00', 'train_labeled_size': 40, 'train_pool_class_counts': '{brickface:264,cement:264,foliage:264,grass:264,path:264,sky:264,window:264}', 'unlabeled_class_counts': '{brickface:256,cement:257,foliage:257,grass:257,path:257,sky:257,window:257}', 'val_class_counts': '{brickface:2,cement:2,foliage:1,grass:2,path:1,sky:1,window:1}', 'val_size': 10, 'validation_strategy': 'stratified_labeled_val', 'warm_inference_seconds': 0.07468449790030718}",,False,0.07468449790030718
tabiclv2,tabicl-classifier-v2-20260212.ckpt,,,nogit:afd539c9e2f221fc,,12.4,segment,gpu,False,,,3f9236be15390304,,ssl-tfm,"{'cuda_available': True, 'cuda_version': '12.4', 'env_name': None, 'env_prefix': '/private/ofirlin-lab/suissad4/envs/micromamba', 'gpu_count': 1, 'gpu_name': 'NVIDIA A100 80GB PCIe', 'hostname': 'dsiuriofir01', 'packages': {'catboost': '1.2.10', 'lightgbm': '4.7.0', 'numpy': '2.4.6', 'pandas': '3.0.3', 'scikit-learn': '1.9.0', 'tabicl': '2.1.1', 'tabpfn': '8.1.0', 'torch': '2.6.0+cu124', 'xgboost': None}, 'platform': 'Linux-5.14.0-687.15.1.el9_8.x86_64-x86_64-with-glibc2.34', 'python': '3.11.15 | packaged by conda-forge | (main, Jun 11 2026, 03:34:02) [GCC 14.3.0]', 'python_version': '3.11.15', 'torch_available': True, 'torch_version': '2.6.0+cu124'}",,,NVIDIA A100 80GB PCIe,dsiuriofir01,raw,True,tabiclv2,{},44136fa355b3678a,tfm_frozen,official,0.9285714285714286,,0.9285714285714286,0.11402614065869451,0.030776966583629585,0.20303516168623212,0.9253999584798157,0.20303516168623212,0.9936923346014256,100,,False,,unknown,,inductive,TabICL / TabICLv2,segment__tabiclv2__s2__n100__6805cb57b57871ae,7.8379,2,165,18455287,v1_absolute_budget,success,True,2026-07-22T14:56:00.691506+00:00,"{'all_classes_present_in_labeled': True, 'backbone': 'tabiclv2', 'best_epoch': nan, 'best_val_loss': nan, 'checkpoint': 'tabicl-classifier-v2-20260212.ckpt', 'cold_load_seconds': 0.9685763907618821, 'dataset': 'segment', 'dataset_id': 36, 'embedding_source': None, 'epochs_trained': nan, 'error_message': None, 'final_train_loss': nan, 'finetune_epochs_trained': nan, 'graph_n_neighbors_used': nan, 'graph_n_rows': nan, 'graph_n_unlabeled_used': nan, 'graph_retry_count': nan, 'input_view': 'raw', 'kv_cache': True, 'labeled_class_counts': '{brickface:15,cement:15,foliage:14,grass:14,path:14,sky:14,window:14}', 'labeled_classes_present': 7, 'max_labeled_per_class': 15, 'max_selected_confidence': nan, 'mean_selected_confidence': nan, 'mean_selected_density': nan, 'method': 'tabiclv2', 'method_fidelity': 'official', 'metric_accuracy': 0.9285714285714286, 'metric_average_precision': None, 'metric_balanced_accuracy': 0.9285714285714286, 'metric_brier': 0.11402614065869451, 'metric_ece': 0.030776966583629585, 'metric_log_loss': 0.20303516168623212, 'metric_macro_f1': 0.9253999584798157, 'metric_nll': 0.20303516168623212, 'metric_roc_auc': 0.9936923346014256, 'min_labeled_per_class': 14, 'min_selected_confidence': nan, 'n_classes': 7, 'n_features_after_preprocessing': 19, 'n_features_before_preprocessing': 19, 'n_labeled': 100, 'n_pseudo_added_last_iter': nan, 'n_pseudo_added_total': nan, 'n_unlabeled': 1748, 'neural_method': nan, 'neural_validation_strategy': nan, 'package_version': 'unknown', 'peak_gpu_memory_mb': 403.958984375, 'pretrain_epochs_trained': nan, 'protocol': 'inductive', 'pseudo_label_class_distribution': nan, 'pseudo_label_fraction': nan, 'reference_family': 'TabICLv2 / soda-inria/tabicl', 'runtime_seconds': 7.8379, 'seed': 2, 'self_training_iterations': nan, 'status': 'success', 'stopped_reason': nan, 'test_class_counts': '{brickface:66,cement:66,foliage:66,grass:66,path:66,sky:66,window:66}', 'test_size': 462, 'timestamp_utc': '2026-07-22T14:55:52.824087+00:00', 'train_labeled_size': 80, 'train_pool_class_counts': '{brickface:264,cement:264,foliage:264,grass:264,path:264,sky:264,window:264}', 'unlabeled_class_counts': '{brickface:249,cement:249,foliage:250,grass:250,path:250,sky:250,window:250}', 'val_class_counts': '{brickface:3,cement:3,foliage:2,grass:3,path:3,sky:3,window:3}', 'val_size': 20, 'validation_strategy': 'stratified_labeled_val', 'warm_inference_seconds': 0.07350636878982186}",,False,0.07350636878982186
tabiclv2,tabicl-classifier-v2-20260212.ckpt,,,nogit:afd539c9e2f221fc,,12.4,segment,gpu,False,,,3f9236be15390304,,ssl-tfm,"{'cuda_available': True, 'cuda_version': '12.4', 'env_name': None, 'env_prefix': '/private/ofirlin-lab/suissad4/envs/micromamba', 'gpu_count': 1, 'gpu_name': 'NVIDIA A100 80GB PCIe', 'hostname': 'dsiuriofir01', 'packages': {'catboost': '1.2.10', 'lightgbm': '4.7.0', 'numpy': '2.4.6', 'pandas': '3.0.3', 'scikit-learn': '1.9.0', 'tabicl': '2.1.1', 'tabpfn': '8.1.0', 'torch': '2.6.0+cu124', 'xgboost': None}, 'platform': 'Linux-5.14.0-687.15.1.el9_8.x86_64-x86_64-with-glibc2.34', 'python': '3.11.15 | packaged by conda-forge | (main, Jun 11 2026, 03:34:02) [GCC 14.3.0]', 'python_version': '3.11.15', 'torch_available': True, 'torch_version': '2.6.0+cu124'}",,,NVIDIA A100 80GB PCIe,dsiuriofir01,raw,True,tabiclv2,{},44136fa355b3678a,tfm_frozen,official,0.9761904761904762,,0.9761904761904763,0.041421184626444056,0.018340798650461718,0.09041220081596808,0.976155188266645,0.09041220081596808,0.9987483055664874,250,,False,,unknown,,inductive,TabICL / TabICLv2,segment__tabiclv2__s2__n250__4e7d0ed27cfbb05e,7.8425,2,166,18455288,v1_absolute_budget,success,True,2026-07-22T14:56:00.691281+00:00,"{'all_classes_present_in_labeled': True, 'backbone': 'tabiclv2', 'best_epoch': nan, 'best_val_loss': nan, 'checkpoint': 'tabicl-classifier-v2-20260212.ckpt', 'cold_load_seconds': 0.9877143618650734, 'dataset': 'segment', 'dataset_id': 36, 'embedding_source': None, 'epochs_trained': nan, 'error_message': None, 'final_train_loss': nan, 'finetune_epochs_trained': nan, 'graph_n_neighbors_used': nan, 'graph_n_rows': nan, 'graph_n_unlabeled_used': nan, 'graph_retry_count': nan, 'input_view': 'raw', 'kv_cache': True, 'labeled_class_counts': '{brickface:36,cement:36,foliage:36,grass:36,path:36,sky:35,window:35}', 'labeled_classes_present': 7, 'max_labeled_per_class': 36, 'max_selected_confidence': nan, 'mean_selected_confidence': nan, 'mean_selected_density': nan, 'method': 'tabiclv2', 'method_fidelity': 'official', 'metric_accuracy': 0.9761904761904762, 'metric_average_precision': None, 'metric_balanced_accuracy': 0.9761904761904763, 'metric_brier': 0.041421184626444056, 'metric_ece': 0.018340798650461718, 'metric_log_loss': 0.09041220081596808, 'metric_macro_f1': 0.976155188266645, 'metric_nll': 0.09041220081596808, 'metric_roc_auc': 0.9987483055664874, 'min_labeled_per_class': 35, 'min_selected_confidence': nan, 'n_classes': 7, 'n_features_after_preprocessing': 19, 'n_features_before_preprocessing': 19, 'n_labeled': 250, 'n_pseudo_added_last_iter': nan, 'n_pseudo_added_total': nan, 'n_unlabeled': 1598, 'neural_method': nan, 'neural_validation_strategy': nan, 'package_version': 'unknown', 'peak_gpu_memory_mb': 461.4345703125, 'pretrain_epochs_trained': nan, 'protocol': 'inductive', 'pseudo_label_class_distribution': nan, 'pseudo_label_fraction': nan, 'reference_family': 'TabICLv2 / soda-inria/tabicl', 'runtime_seconds': 7.8425, 'seed': 2, 'self_training_iterations': nan, 'status': 'success', 'stopped_reason': nan, 'test_class_counts': '{brickface:66,cement:66,foliage:66,grass:66,path:66,sky:66,window:66}', 'test_size': 462, 'timestamp_utc': '2026-07-22T14:55:52.823741+00:00', 'train_labeled_size': 200, 'train_pool_class_counts': '{brickface:264,cement:264,foliage:264,grass:264,path:264,sky:264,window:264}', 'unlabeled_class_counts': '{brickface:228,cement:228,foliage:228,grass:228,path:228,sky:229,window:229}', 'val_class_counts': '{brickface:7,cement:7,foliage:8,grass:7,path:7,sky:7,window:7}', 'val_size': 50, 'validation_strategy': 'stratified_labeled_val', 'warm_inference_seconds': 0.0730671351775527}",,False,0.0730671351775527
tabiclv2,tabicl-classifier-v2-20260212.ckpt,,,nogit:afd539c9e2f221fc,,12.4,segment,gpu,False,,,3f9236be15390304,,ssl-tfm,"{'cuda_available': True, 'cuda_version': '12.4', 'env_name': None, 'env_prefix': '/private/ofirlin-lab/suissad4/envs/micromamba', 'gpu_count': 1, 'gpu_name': 'NVIDIA A100 80GB PCIe', 'hostname': 'dsiuriofir01', 'packages': {'catboost': '1.2.10', 'lightgbm': '4.7.0', 'numpy': '2.4.6', 'pandas': '3.0.3', 'scikit-learn': '1.9.0', 'tabicl': '2.1.1', 'tabpfn': '8.1.0', 'torch': '2.6.0+cu124', 'xgboost': None}, 'platform': 'Linux-5.14.0-687.15.1.el9_8.x86_64-x86_64-with-glibc2.34', 'python': '3.11.15 | packaged by conda-forge | (main, Jun 11 2026, 03:34:02) [GCC 14.3.0]', 'python_version': '3.11.15', 'torch_available': True, 'torch_version': '2.6.0+cu124'}",,,NVIDIA A100 80GB PCIe,dsiuriofir01,raw,True,tabiclv2,{},44136fa355b3678a,tfm_frozen,official,0.9761904761904762,,0.9761904761904763,0.03467955079719416,0.016992682005710906,0.07780058539619872,0.9761223964596415,0.07780058539619872,0.9990707945253401,500,,False,,unknown,,inductive,TabICL / TabICLv2,segment__tabiclv2__s2__n500__127f33e59f51a184,6.3773,2,167,18455289,v1_absolute_budget,success,True,2026-07-22T14:56:15.637282+00:00,"{'all_classes_present_in_labeled': True, 'backbone': 'tabiclv2', 'best_epoch': nan, 'best_val_loss': nan, 'checkpoint': 'tabicl-classifier-v2-20260212.ckpt', 'cold_load_seconds': 1.0499772648327053, 'dataset': 'segment', 'dataset_id': 36, 'embedding_source': None, 'epochs_trained': nan, 'error_message': None, 'final_train_loss': nan, 'finetune_epochs_trained': nan, 'graph_n_neighbors_used': nan, 'graph_n_rows': nan, 'graph_n_unlabeled_used': nan, 'graph_retry_count': nan, 'input_view': 'raw', 'kv_cache': True, 'labeled_class_counts': '{brickface:72,cement:72,foliage:72,grass:71,path:71,sky:71,window:71}', 'labeled_classes_present': 7, 'max_labeled_per_class': 72, 'max_selected_confidence': nan, 'mean_selected_confidence': nan, 'mean_selected_density': nan, 'method': 'tabiclv2', 'method_fidelity': 'official', 'metric_accuracy': 0.9761904761904762, 'metric_average_precision': None, 'metric_balanced_accuracy': 0.9761904761904763, 'metric_brier': 0.03467955079719416, 'metric_ece': 0.016992682005710906, 'metric_log_loss': 0.07780058539619872, 'metric_macro_f1': 0.9761223964596415, 'metric_nll': 0.07780058539619872, 'metric_roc_auc': 0.9990707945253401, 'min_labeled_per_class': 71, 'min_selected_confidence': nan, 'n_classes': 7, 'n_features_after_preprocessing': 19, 'n_features_before_preprocessing': 19, 'n_labeled': 500, 'n_pseudo_added_last_iter': nan, 'n_pseudo_added_total': nan, 'n_unlabeled': 1348, 'neural_method': nan, 'neural_validation_strategy': nan, 'package_version': 'unknown', 'peak_gpu_memory_mb': 535.7001953125, 'pretrain_epochs_trained': nan, 'protocol': 'inductive', 'pseudo_label_class_distribution': nan, 'pseudo_label_fraction': nan, 'reference_family': 'TabICLv2 / soda-inria/tabicl', 'runtime_seconds': 6.3773, 'seed': 2, 'self_training_iterations': nan, 'status': 'success', 'stopped_reason': nan, 'test_class_counts': '{brickface:66,cement:66,foliage:66,grass:66,path:66,sky:66,window:66}', 'test_size': 462, 'timestamp_utc': '2026-07-22T14:56:09.228923+00:00', 'train_labeled_size': 400, 'train_pool_class_counts': '{brickface:264,cement:264,foliage:264,grass:264,path:264,sky:264,window:264}', 'unlabeled_class_counts': '{brickface:192,cement:192,foliage:192,grass:193,path:193,sky:193,window:193}', 'val_class_counts': '{brickface:14,cement:15,foliage:15,grass:14,path:14,sky:14,window:14}', 'val_size': 100, 'validation_strategy': 'stratified_labeled_val', 'warm_inference_seconds': 0.07745836675167084}",,False,0.07745836675167084
tabiclv2,tabicl-classifier-v2-20260212.ckpt,,,nogit:afd539c9e2f221fc,,12.4,segment,gpu,False,,,3f9236be15390304,,ssl-tfm,"{'cuda_available': True, 'cuda_version': '12.4', 'env_name': None, 'env_prefix': '/private/ofirlin-lab/suissad4/envs/micromamba', 'gpu_count': 1, 'gpu_name': 'NVIDIA A100 80GB PCIe', 'hostname': 'dsiuriofir01', 'packages': {'catboost': '1.2.10', 'lightgbm': '4.7.0', 'numpy': '2.4.6', 'pandas': '3.0.3', 'scikit-learn': '1.9.0', 'tabicl': '2.1.1', 'tabpfn': '8.1.0', 'torch': '2.6.0+cu124', 'xgboost': None}, 'platform': 'Linux-5.14.0-687.15.1.el9_8.x86_64-x86_64-with-glibc2.34', 'python': '3.11.15 | packaged by conda-forge | (main, Jun 11 2026, 03:34:02) [GCC 14.3.0]', 'python_version': '3.11.15', 'torch_available': True, 'torch_version': '2.6.0+cu124'}",,,NVIDIA A100 80GB PCIe,dsiuriofir01,raw,True,tabiclv2,{},44136fa355b3678a,tfm_frozen,official,0.8809523809523809,,0.8809523809523808,0.16869962042188547,0.036139344455280976,0.32043591746762157,0.8729145139801505,0.32043591746762157,0.9902160129432858,50,,False,,unknown,,inductive,TabICL / TabICLv2,segment__tabiclv2__s2__n50__7ea8a89248b08720,5.2687,2,164,18455286,v1_absolute_budget,success,True,2026-07-22T14:55:44.112749+00:00,"{'all_classes_present_in_labeled': True, 'backbone': 'tabiclv2', 'best_epoch': nan, 'best_val_loss': nan, 'checkpoint': 'tabicl-classifier-v2-20260212.ckpt', 'cold_load_seconds': 0.9643721571192145, 'dataset': 'segment', 'dataset_id': 36, 'embedding_source': None, 'epochs_trained': nan, 'error_message': None, 'final_train_loss': nan, 'finetune_epochs_trained': nan, 'graph_n_neighbors_used': nan, 'graph_n_rows': nan, 'graph_n_unlabeled_used': nan, 'graph_retry_count': nan, 'input_view': 'raw', 'kv_cache': True, 'labeled_class_counts': '{brickface:8,cement:7,foliage:7,grass:7,path:7,sky:7,window:7}', 'labeled_classes_present': 7, 'max_labeled_per_class': 8, 'max_selected_confidence': nan, 'mean_selected_confidence': nan, 'mean_selected_density': nan, 'method': 'tabiclv2', 'method_fidelity': 'official', 'metric_accuracy': 0.8809523809523809, 'metric_average_precision': None, 'metric_balanced_accuracy': 0.8809523809523808, 'metric_brier': 0.16869962042188547, 'metric_ece': 0.036139344455280976, 'metric_log_loss': 0.32043591746762157, 'metric_macro_f1': 0.8729145139801505, 'metric_nll': 0.32043591746762157, 'metric_roc_auc': 0.9902160129432858, 'min_labeled_per_class': 7, 'min_selected_confidence': nan, 'n_classes': 7, 'n_features_after_preprocessing': 19, 'n_features_before_preprocessing': 19, 'n_labeled': 50, 'n_pseudo_added_last_iter': nan, 'n_pseudo_added_total': nan, 'n_unlabeled': 1798, 'neural_method': nan, 'neural_validation_strategy': nan, 'package_version': 'unknown', 'peak_gpu_memory_mb': 387.958984375, 'pretrain_epochs_trained': nan, 'protocol': 'inductive', 'pseudo_label_class_distribution': nan, 'pseudo_label_fraction': nan, 'reference_family': 'TabICLv2 / soda-inria/tabicl', 'runtime_seconds': 5.2687, 'seed': 2, 'self_training_iterations': nan, 'status': 'success', 'stopped_reason': nan, 'test_class_counts': '{brickface:66,cement:66,foliage:66,grass:66,path:66,sky:66,window:66}', 'test_size': 462, 'timestamp_utc': '2026-07-22T14:55:38.822162+00:00', 'train_labeled_size': 40, 'train_pool_class_counts': '{brickface:264,cement:264,foliage:264,grass:264,path:264,sky:264,window:264}', 'unlabeled_class_counts': '{brickface:256,cement:257,foliage:257,grass:257,path:257,sky:257,window:257}', 'val_class_counts': '{brickface:2,cement:1,foliage:2,grass:2,path:1,sky:1,window:1}', 'val_size': 10, 'validation_strategy': 'stratified_labeled_val', 'warm_inference_seconds': 0.07713399827480316}",,False,0.07713399827480316
tabpfn3,/private/ofirlin-lab/suissad4/caches/tabpfn/tabpfn-v3-classifier-v3_default.ckpt,,,nogit:afd539c9e2f221fc,,12.4,segment,gpu,False,,,3f9236be15390304,,ssl-tfm,"{'cuda_available': True, 'cuda_version': '12.4', 'env_name': None, 'env_prefix': '/private/ofirlin-lab/suissad4/envs/micromamba', 'gpu_count': 1, 'gpu_name': 'NVIDIA A100 80GB PCIe', 'hostname': 'dsiuriofir01', 'packages': {'catboost': '1.2.10', 'lightgbm': '4.7.0', 'numpy': '2.4.6', 'pandas': '3.0.3', 'scikit-learn': '1.9.0', 'tabicl': '2.1.1', 'tabpfn': '8.1.0', 'torch': '2.6.0+cu124', 'xgboost': None}, 'platform': 'Linux-5.14.0-687.15.1.el9_8.x86_64-x86_64-with-glibc2.34', 'python': '3.11.15 | packaged by conda-forge | (main, Jun 11 2026, 03:34:02) [GCC 14.3.0]', 'python_version': '3.11.15', 'torch_available': True, 'torch_version': '2.6.0+cu124'}",,,NVIDIA A100 80GB PCIe,dsiuriofir01,raw,,tabpfn3,{},44136fa355b3678a,tfm_frozen,official,0.9285714285714286,,0.9285714285714286,0.11479306351043687,0.026948947490773676,0.2297734417981506,0.9275409145973548,0.2297734417981506,0.9922657309020945,100,,False,,8.1.0,,inductive,Hollmann et al. TabPFN / TabPFN-3,segment__tabpfn3__s0__n100__9ebf38e52f8f0bf9,9.4492,0,145,18455267,v1_absolute_budget,success,True,2026-07-22T14:53:37.746385+00:00,"{'all_classes_present_in_labeled': True, 'backbone': 'tabpfn3', 'best_epoch': nan, 'best_val_loss': nan, 'checkpoint': '/private/ofirlin-lab/suissad4/caches/tabpfn/tabpfn-v3-classifier-v3_default.ckpt', 'cold_load_seconds': 1.0339845269918442, 'dataset': 'segment', 'dataset_id': 36, 'embedding_source': None, 'epochs_trained': nan, 'error_message': None, 'final_train_loss': nan, 'finetune_epochs_trained': nan, 'graph_n_neighbors_used': nan, 'graph_n_rows': nan, 'graph_n_unlabeled_used': nan, 'graph_retry_count': nan, 'input_view': 'raw', 'kv_cache': None, 'labeled_class_counts': '{brickface:15,cement:15,foliage:14,grass:14,path:14,sky:14,window:14}', 'labeled_classes_present': 7, 'max_labeled_per_class': 15, 'max_selected_confidence': nan, 'mean_selected_confidence': nan, 'mean_selected_density': nan, 'method': 'tabpfn3', 'method_fidelity': 'official', 'metric_accuracy': 0.9285714285714286, 'metric_average_precision': None, 'metric_balanced_accuracy': 0.9285714285714286, 'metric_brier': 0.11479306351043687, 'metric_ece': 0.026948947490773676, 'metric_log_loss': 0.2297734417981506, 'metric_macro_f1': 0.9275409145973548, 'metric_nll': 0.2297734417981506, 'metric_roc_auc': 0.9922657309020945, 'min_labeled_per_class': 14, 'min_selected_confidence': nan, 'n_classes': 7, 'n_features_after_preprocessing': 19, 'n_features_before_preprocessing': 19, 'n_labeled': 100, 'n_pseudo_added_last_iter': nan, 'n_pseudo_added_total': nan, 'n_unlabeled': 1748, 'neural_method': nan, 'neural_validation_strategy': nan, 'package_version': '8.1.0', 'peak_gpu_memory_mb': 320.18505859375, 'pretrain_epochs_trained': nan, 'protocol': 'inductive', 'pseudo_label_class_distribution': nan, 'pseudo_label_fraction': nan, 'reference_family': 'TabPFN-3 / PriorLabs', 'runtime_seconds': 9.4492, 'seed': 0, 'self_training_iterations': nan, 'status': 'success', 'stopped_reason': nan, 'test_class_counts': '{brickface:66,cement:66,foliage:66,grass:66,path:66,sky:66,window:66}', 'test_size': 462, 'timestamp_utc': '2026-07-22T14:53:28.275792+00:00', 'train_labeled_size': 80, 'train_pool_class_counts': '{brickface:264,cement:264,foliage:264,grass:264,path:264,sky:264,window:264}', 'unlabeled_class_counts': '{brickface:249,cement:249,foliage:250,grass:250,path:250,sky:250,window:250}', 'val_class_counts': '{brickface:3,cement:3,foliage:3,grass:3,path:2,sky:3,window:3}', 'val_size': 20, 'validation_strategy': 'stratified_labeled_val', 'warm_inference_seconds': 0.42198727605864406}",,False,0.42198727605864406
tabpfn3,/private/ofirlin-lab/suissad4/caches/tabpfn/tabpfn-v3-classifier-v3_default.ckpt,,,nogit:afd539c9e2f221fc,,12.4,segment,gpu,False,,,3f9236be15390304,,ssl-tfm,"{'cuda_available': True, 'cuda_version': '12.4', 'env_name': None, 'env_prefix': '/private/ofirlin-lab/suissad4/envs/micromamba', 'gpu_count': 1, 'gpu_name': 'NVIDIA A100 80GB PCIe', 'hostname': 'dsiuriofir01', 'packages': {'catboost': '1.2.10', 'lightgbm': '4.7.0', 'numpy': '2.4.6', 'pandas': '3.0.3', 'scikit-learn': '1.9.0', 'tabicl': '2.1.1', 'tabpfn': '8.1.0', 'torch': '2.6.0+cu124', 'xgboost': None}, 'platform': 'Linux-5.14.0-687.15.1.el9_8.x86_64-x86_64-with-glibc2.34', 'python': '3.11.15 | packaged by conda-forge | (main, Jun 11 2026, 03:34:02) [GCC 14.3.0]', 'python_version': '3.11.15', 'torch_available': True, 'torch_version': '2.6.0+cu124'}",,,NVIDIA A100 80GB PCIe,dsiuriofir01,raw,,tabpfn3,{},44136fa355b3678a,tfm_frozen,official,0.9567099567099567,,0.9567099567099567,0.0740854587906176,0.025252125979972048,0.1492481489486523,0.9565226112699446,0.1492481489486523,0.9961738598102234,250,,False,,8.1.0,,inductive,Hollmann et al. TabPFN / TabPFN-3,segment__tabpfn3__s0__n250__ff12d38f3bbbc439,6.861,0,146,18455268,v1_absolute_budget,success,True,2026-07-22T14:53:38.975563+00:00,"{'all_classes_present_in_labeled': True, 'backbone': 'tabpfn3', 'best_epoch': nan, 'best_val_loss': nan, 'checkpoint': '/private/ofirlin-lab/suissad4/caches/tabpfn/tabpfn-v3-classifier-v3_default.ckpt', 'cold_load_seconds': 1.02966598700732, 'dataset': 'segment', 'dataset_id': 36, 'embedding_source': None, 'epochs_trained': nan, 'error_message': None, 'final_train_loss': nan, 'finetune_epochs_trained': nan, 'graph_n_neighbors_used': nan, 'graph_n_rows': nan, 'graph_n_unlabeled_used': nan, 'graph_retry_count': nan, 'input_view': 'raw', 'kv_cache': None, 'labeled_class_counts': '{brickface:36,cement:36,foliage:36,grass:36,path:36,sky:35,window:35}', 'labeled_classes_present': 7, 'max_labeled_per_class': 36, 'max_selected_confidence': nan, 'mean_selected_confidence': nan, 'mean_selected_density': nan, 'method': 'tabpfn3', 'method_fidelity': 'official', 'metric_accuracy': 0.9567099567099567, 'metric_average_precision': None, 'metric_balanced_accuracy': 0.9567099567099567, 'metric_brier': 0.0740854587906176, 'metric_ece': 0.025252125979972048, 'metric_log_loss': 0.1492481489486523, 'metric_macro_f1': 0.9565226112699446, 'metric_nll': 0.1492481489486523, 'metric_roc_auc': 0.9961738598102234, 'min_labeled_per_class': 35, 'min_selected_confidence': nan, 'n_classes': 7, 'n_features_after_preprocessing': 19, 'n_features_before_preprocessing': 19, 'n_labeled': 250, 'n_pseudo_added_last_iter': nan, 'n_pseudo_added_total': nan, 'n_unlabeled': 1598, 'neural_method': nan, 'neural_validation_strategy': nan, 'package_version': '8.1.0', 'peak_gpu_memory_mb': 322.208984375, 'pretrain_epochs_trained': nan, 'protocol': 'inductive', 'pseudo_label_class_distribution': nan, 'pseudo_label_fraction': nan, 'reference_family': 'TabPFN-3 / PriorLabs', 'runtime_seconds': 6.861, 'seed': 0, 'self_training_iterations': nan, 'status': 'success', 'stopped_reason': nan, 'test_class_counts': '{brickface:66,cement:66,foliage:66,grass:66,path:66,sky:66,window:66}', 'test_size': 462, 'timestamp_utc': '2026-07-22T14:53:32.083232+00:00', 'train_labeled_size': 200, 'train_pool_class_counts': '{brickface:264,cement:264,foliage:264,grass:264,path:264,sky:264,window:264}', 'unlabeled_class_counts': '{brickface:228,cement:228,foliage:228,grass:228,path:228,sky:229,window:229}', 'val_class_counts': '{brickface:8,cement:7,foliage:7,grass:7,path:7,sky:7,window:7}', 'val_size': 50, 'validation_strategy': 'stratified_labeled_val', 'warm_inference_seconds': 0.470978626050055}",,False,0.470978626050055
tabpfn3,/private/ofirlin-lab/suissad4/caches/tabpfn/tabpfn-v3-classifier-v3_default.ckpt,,,nogit:afd539c9e2f221fc,,12.4,segment,gpu,False,,,3f9236be15390304,,ssl-tfm,"{'cuda_available': True, 'cuda_version': '12.4', 'env_name': None, 'env_prefix': '/private/ofirlin-lab/suissad4/envs/micromamba', 'gpu_count': 1, 'gpu_name': 'NVIDIA A100 80GB PCIe', 'hostname': 'dsiuriofir01', 'packages': {'catboost': '1.2.10', 'lightgbm': '4.7.0', 'numpy': '2.4.6', 'pandas': '3.0.3', 'scikit-learn': '1.9.0', 'tabicl': '2.1.1', 'tabpfn': '8.1.0', 'torch': '2.6.0+cu124', 'xgboost': None}, 'platform': 'Linux-5.14.0-687.15.1.el9_8.x86_64-x86_64-with-glibc2.34', 'python': '3.11.15 | packaged by conda-forge | (main, Jun 11 2026, 03:34:02) [GCC 14.3.0]', 'python_version': '3.11.15', 'torch_available': True, 'torch_version': '2.6.0+cu124'}",,,NVIDIA A100 80GB PCIe,dsiuriofir01,raw,,tabpfn3,{},44136fa355b3678a,tfm_frozen,official,0.974025974025974,,0.974025974025974,0.04694010458099943,0.021417516054928466,0.09781745762852657,0.9740244717688327,0.09781745762852657,0.9978573614937252,500,,False,,8.1.0,,inductive,Hollmann et al. TabPFN / TabPFN-3,segment__tabpfn3__s0__n500__da70d444b9f2ef42,7.9845,0,147,18455269,v1_absolute_budget,success,True,2026-07-22T14:53:52.273477+00:00,"{'all_classes_present_in_labeled': True, 'backbone': 'tabpfn3', 'best_epoch': nan, 'best_val_loss': nan, 'checkpoint': '/private/ofirlin-lab/suissad4/caches/tabpfn/tabpfn-v3-classifier-v3_default.ckpt', 'cold_load_seconds': 0.8463475368916988, 'dataset': 'segment', 'dataset_id': 36, 'embedding_source': None, 'epochs_trained': nan, 'error_message': None, 'final_train_loss': nan, 'finetune_epochs_trained': nan, 'graph_n_neighbors_used': nan, 'graph_n_rows': nan, 'graph_n_unlabeled_used': nan, 'graph_retry_count': nan, 'input_view': 'raw', 'kv_cache': None, 'labeled_class_counts': '{brickface:72,cement:72,foliage:72,grass:71,path:71,sky:71,window:71}', 'labeled_classes_present': 7, 'max_labeled_per_class': 72, 'max_selected_confidence': nan, 'mean_selected_confidence': nan, 'mean_selected_density': nan, 'method': 'tabpfn3', 'method_fidelity': 'official', 'metric_accuracy': 0.974025974025974, 'metric_average_precision': None, 'metric_balanced_accuracy': 0.974025974025974, 'metric_brier': 0.04694010458099943, 'metric_ece': 0.021417516054928466, 'metric_log_loss': 0.09781745762852657, 'metric_macro_f1': 0.9740244717688327, 'metric_nll': 0.09781745762852657, 'metric_roc_auc': 0.9978573614937252, 'min_labeled_per_class': 71, 'min_selected_confidence': nan, 'n_classes': 7, 'n_features_after_preprocessing': 19, 'n_features_before_preprocessing': 19, 'n_labeled': 500, 'n_pseudo_added_last_iter': nan, 'n_pseudo_added_total': nan, 'n_unlabeled': 1348, 'neural_method': nan, 'neural_validation_strategy': nan, 'package_version': '8.1.0', 'peak_gpu_memory_mb': 326.25048828125, 'pretrain_epochs_trained': nan, 'protocol': 'inductive', 'pseudo_label_class_distribution': nan, 'pseudo_label_fraction': nan, 'reference_family': 'TabPFN-3 / PriorLabs', 'runtime_seconds': 7.9845, 'seed': 0, 'self_training_iterations': nan, 'status': 'success', 'stopped_reason': nan, 'test_class_counts': '{brickface:66,cement:66,foliage:66,grass:66,path:66,sky:66,window:66}', 'test_size': 462, 'timestamp_utc': '2026-07-22T14:53:44.267130+00:00', 'train_labeled_size': 400, 'train_pool_class_counts': '{brickface:264,cement:264,foliage:264,grass:264,path:264,sky:264,window:264}', 'unlabeled_class_counts': '{brickface:192,cement:192,foliage:192,grass:193,path:193,sky:193,window:193}', 'val_class_counts': '{brickface:14,cement:15,foliage:15,grass:14,path:14,sky:14,window:14}', 'val_size': 100, 'validation_strategy': 'stratified_labeled_val', 'warm_inference_seconds': 0.5150998742319643}",,False,0.5150998742319643
tabpfn3,/private/ofirlin-lab/suissad4/caches/tabpfn/tabpfn-v3-classifier-v3_default.ckpt,,,nogit:afd539c9e2f221fc,,12.4,segment,gpu,False,,,3f9236be15390304,,ssl-tfm,"{'cuda_available': True, 'cuda_version': '12.4', 'env_name': None, 'env_prefix': '/private/ofirlin-lab/suissad4/envs/micromamba', 'gpu_count': 1, 'gpu_name': 'NVIDIA A100 80GB PCIe', 'hostname': 'dsiuriofir01', 'packages': {'catboost': '1.2.10', 'lightgbm': '4.7.0', 'numpy': '2.4.6', 'pandas': '3.0.3', 'scikit-learn': '1.9.0', 'tabicl': '2.1.1', 'tabpfn': '8.1.0', 'torch': '2.6.0+cu124', 'xgboost': None}, 'platform': 'Linux-5.14.0-687.15.1.el9_8.x86_64-x86_64-with-glibc2.34', 'python': '3.11.15 | packaged by conda-forge | (main, Jun 11 2026, 03:34:02) [GCC 14.3.0]', 'python_version': '3.11.15', 'torch_available': True, 'torch_version': '2.6.0+cu124'}",,,NVIDIA A100 80GB PCIe,dsiuriofir01,raw,,tabpfn3,{},44136fa355b3678a,tfm_frozen,official,0.8787878787878788,,0.8787878787878788,0.1657301216695748,0.05123999856864907,0.3155181444434634,0.8776464705899644,0.3155181444434634,0.9883903974813065,50,,False,,8.1.0,,inductive,Hollmann et al. TabPFN / TabPFN-3,segment__tabpfn3__s0__n50__e6b3abfef7fb921d,12.6037,0,144,18455266,v1_absolute_budget,success,True,2026-07-22T14:53:24.874243+00:00,"{'all_classes_present_in_labeled': True, 'backbone': 'tabpfn3', 'best_epoch': nan, 'best_val_loss': nan, 'checkpoint': '/private/ofirlin-lab/suissad4/caches/tabpfn/tabpfn-v3-classifier-v3_default.ckpt', 'cold_load_seconds': 1.0220296927727759, 'dataset': 'segment', 'dataset_id': 36, 'embedding_source': None, 'epochs_trained': nan, 'error_message': None, 'final_train_loss': nan, 'finetune_epochs_trained': nan, 'graph_n_neighbors_used': nan, 'graph_n_rows': nan, 'graph_n_unlabeled_used': nan, 'graph_retry_count': nan, 'input_view': 'raw', 'kv_cache': None, 'labeled_class_counts': '{brickface:8,cement:7,foliage:7,grass:7,path:7,sky:7,window:7}', 'labeled_classes_present': 7, 'max_labeled_per_class': 8, 'max_selected_confidence': nan, 'mean_selected_confidence': nan, 'mean_selected_density': nan, 'method': 'tabpfn3', 'method_fidelity': 'official', 'metric_accuracy': 0.8787878787878788, 'metric_average_precision': None, 'metric_balanced_accuracy': 0.8787878787878788, 'metric_brier': 0.1657301216695748, 'metric_ece': 0.05123999856864907, 'metric_log_loss': 0.3155181444434634, 'metric_macro_f1': 0.8776464705899644, 'metric_nll': 0.3155181444434634, 'metric_roc_auc': 0.9883903974813065, 'min_labeled_per_class': 7, 'min_selected_confidence': nan, 'n_classes': 7, 'n_features_after_preprocessing': 19, 'n_features_before_preprocessing': 19, 'n_labeled': 50, 'n_pseudo_added_last_iter': nan, 'n_pseudo_added_total': nan, 'n_unlabeled': 1798, 'neural_method': nan, 'neural_validation_strategy': nan, 'package_version': '8.1.0', 'peak_gpu_memory_mb': 319.47607421875, 'pretrain_epochs_trained': nan, 'protocol': 'inductive', 'pseudo_label_class_distribution': nan, 'pseudo_label_fraction': nan, 'reference_family': 'TabPFN-3 / PriorLabs', 'runtime_seconds': 12.6037, 'seed': 0, 'self_training_iterations': nan, 'status': 'success', 'stopped_reason': nan, 'test_class_counts': '{brickface:66,cement:66,foliage:66,grass:66,path:66,sky:66,window:66}', 'test_size': 462, 'timestamp_utc': '2026-07-22T14:53:12.240748+00:00', 'train_labeled_size': 40, 'train_pool_class_counts': '{brickface:264,cement:264,foliage:264,grass:264,path:264,sky:264,window:264}', 'unlabeled_class_counts': '{brickface:256,cement:257,foliage:257,grass:257,path:257,sky:257,window:257}', 'val_class_counts': '{brickface:2,cement:2,foliage:1,grass:1,path:1,sky:1,window:2}', 'val_size': 10, 'validation_strategy': 'stratified_labeled_val', 'warm_inference_seconds': 0.5408796626143157}",,False,0.5408796626143157
tabpfn3,/private/ofirlin-lab/suissad4/caches/tabpfn/tabpfn-v3-classifier-v3_default.ckpt,,,nogit:afd539c9e2f221fc,,12.4,segment,gpu,False,,,3f9236be15390304,,ssl-tfm,"{'cuda_available': True, 'cuda_version': '12.4', 'env_name': None, 'env_prefix': '/private/ofirlin-lab/suissad4/envs/micromamba', 'gpu_count': 1, 'gpu_name': 'NVIDIA A100 80GB PCIe', 'hostname': 'dsiuriofir01', 'packages': {'catboost': '1.2.10', 'lightgbm': '4.7.0', 'numpy': '2.4.6', 'pandas': '3.0.3', 'scikit-learn': '1.9.0', 'tabicl': '2.1.1', 'tabpfn': '8.1.0', 'torch': '2.6.0+cu124', 'xgboost': None}, 'platform': 'Linux-5.14.0-687.15.1.el9_8.x86_64-x86_64-with-glibc2.34', 'python': '3.11.15 | packaged by conda-forge | (main, Jun 11 2026, 03:34:02) [GCC 14.3.0]', 'python_version': '3.11.15', 'torch_available': True, 'torch_version': '2.6.0+cu124'}",,,NVIDIA A100 80GB PCIe,dsiuriofir01,raw,,tabpfn3,{},44136fa355b3678a,tfm_frozen,official,0.9090909090909091,,0.9090909090909092,0.12377477335595945,0.04054947551806817,0.2389775009459951,0.9070495036617342,0.2389775009459951,0.993025493025493,100,,False,,8.1.0,,inductive,Hollmann et al. TabPFN / TabPFN-3,segment__tabpfn3__s1__n100__6b005a6106c61e92,9.3178,1,149,18455271,v1_absolute_budget,success,True,2026-07-22T14:54:06.242956+00:00,"{'all_classes_present_in_labeled': True, 'backbone': 'tabpfn3', 'best_epoch': nan, 'best_val_loss': nan, 'checkpoint': '/private/ofirlin-lab/suissad4/caches/tabpfn/tabpfn-v3-classifier-v3_default.ckpt', 'cold_load_seconds': 1.0121564147993922, 'dataset': 'segment', 'dataset_id': 36, 'embedding_source': None, 'epochs_trained': nan, 'error_message': None, 'final_train_loss': nan, 'finetune_epochs_trained': nan, 'graph_n_neighbors_used': nan, 'graph_n_rows': nan, 'graph_n_unlabeled_used': nan, 'graph_retry_count': nan, 'input_view': 'raw', 'kv_cache': None, 'labeled_class_counts': '{brickface:15,cement:15,foliage:14,grass:14,path:14,sky:14,window:14}', 'labeled_classes_present': 7, 'max_labeled_per_class': 15, 'max_selected_confidence': nan, 'mean_selected_confidence': nan, 'mean_selected_density': nan, 'method': 'tabpfn3', 'method_fidelity': 'official', 'metric_accuracy': 0.9090909090909091, 'metric_average_precision': None, 'metric_balanced_accuracy': 0.9090909090909092, 'metric_brier': 0.12377477335595945, 'metric_ece': 0.04054947551806817, 'metric_log_loss': 0.2389775009459951, 'metric_macro_f1': 0.9070495036617342, 'metric_nll': 0.2389775009459951, 'metric_roc_auc': 0.993025493025493, 'min_labeled_per_class': 14, 'min_selected_confidence': nan, 'n_classes': 7, 'n_features_after_preprocessing': 19, 'n_features_before_preprocessing': 19, 'n_labeled': 100, 'n_pseudo_added_last_iter': nan, 'n_pseudo_added_total': nan, 'n_unlabeled': 1748, 'neural_method': nan, 'neural_validation_strategy': nan, 'package_version': '8.1.0', 'peak_gpu_memory_mb': 320.18505859375, 'pretrain_epochs_trained': nan, 'protocol': 'inductive', 'pseudo_label_class_distribution': nan, 'pseudo_label_fraction': nan, 'reference_family': 'TabPFN-3 / PriorLabs', 'runtime_seconds': 9.3178, 'seed': 1, 'self_training_iterations': nan, 'status': 'success', 'stopped_reason': nan, 'test_class_counts': '{brickface:66,cement:66,foliage:66,grass:66,path:66,sky:66,window:66}', 'test_size': 462, 'timestamp_utc': '2026-07-22T14:53:56.893554+00:00', 'train_labeled_size': 80, 'train_pool_class_counts': '{brickface:264,cement:264,foliage:264,grass:264,path:264,sky:264,window:264}', 'unlabeled_class_counts': '{brickface:249,cement:249,foliage:250,grass:250,path:250,sky:250,window:250}', 'val_class_counts': '{brickface:3,cement:3,foliage:3,grass:3,path:3,sky:2,window:3}', 'val_size': 20, 'validation_strategy': 'stratified_labeled_val', 'warm_inference_seconds': 0.5711864591576159}",,False,0.5711864591576159
tabpfn3,/private/ofirlin-lab/suissad4/caches/tabpfn/tabpfn-v3-classifier-v3_default.ckpt,,,nogit:afd539c9e2f221fc,,12.4,segment,gpu,False,,,3f9236be15390304,,ssl-tfm,"{'cuda_available': True, 'cuda_version': '12.4', 'env_name': None, 'env_prefix': '/private/ofirlin-lab/suissad4/envs/micromamba', 'gpu_count': 1, 'gpu_name': 'NVIDIA A100 80GB PCIe', 'hostname': 'dsiuriofir01', 'packages': {'catboost': '1.2.10', 'lightgbm': '4.7.0', 'numpy': '2.4.6', 'pandas': '3.0.3', 'scikit-learn': '1.9.0', 'tabicl': '2.1.1', 'tabpfn': '8.1.0', 'torch': '2.6.0+cu124', 'xgboost': None}, 'platform': 'Linux-5.14.0-687.15.1.el9_8.x86_64-x86_64-with-glibc2.34', 'python': '3.11.15 | packaged by conda-forge | (main, Jun 11 2026, 03:34:02) [GCC 14.3.0]', 'python_version': '3.11.15', 'torch_available': True, 'torch_version': '2.6.0+cu124'}",,,NVIDIA A100 80GB PCIe,dsiuriofir01,raw,,tabpfn3,{},44136fa355b3678a,tfm_frozen,official,0.9523809523809523,,0.9523809523809524,0.0755322969276937,0.019550815551938064,0.14990106501358286,0.9533478068281601,0.14990106501358286,0.9962941099304736,250,,False,,8.1.0,,inductive,Hollmann et al. TabPFN / TabPFN-3,segment__tabpfn3__s1__n250__f83c0c53338065d8,9.2901,1,150,18455272,v1_absolute_budget,success,True,2026-07-22T14:54:06.230666+00:00,"{'all_classes_present_in_labeled': True, 'backbone': 'tabpfn3', 'best_epoch': nan, 'best_val_loss': nan, 'checkpoint': '/private/ofirlin-lab/suissad4/caches/tabpfn/tabpfn-v3-classifier-v3_default.ckpt', 'cold_load_seconds': 1.0209715431556106, 'dataset': 'segment', 'dataset_id': 36, 'embedding_source': None, 'epochs_trained': nan, 'error_message': None, 'final_train_loss': nan, 'finetune_epochs_trained': nan, 'graph_n_neighbors_used': nan, 'graph_n_rows': nan, 'graph_n_unlabeled_used': nan, 'graph_retry_count': nan, 'input_view': 'raw', 'kv_cache': None, 'labeled_class_counts': '{brickface:36,cement:36,foliage:36,grass:36,path:36,sky:35,window:35}', 'labeled_classes_present': 7, 'max_labeled_per_class': 36, 'max_selected_confidence': nan, 'mean_selected_confidence': nan, 'mean_selected_density': nan, 'method': 'tabpfn3', 'method_fidelity': 'official', 'metric_accuracy': 0.9523809523809523, 'metric_average_precision': None, 'metric_balanced_accuracy': 0.9523809523809524, 'metric_brier': 0.0755322969276937, 'metric_ece': 0.019550815551938064, 'metric_log_loss': 0.14990106501358286, 'metric_macro_f1': 0.9533478068281601, 'metric_nll': 0.14990106501358286, 'metric_roc_auc': 0.9962941099304736, 'min_labeled_per_class': 35, 'min_selected_confidence': nan, 'n_classes': 7, 'n_features_after_preprocessing': 19, 'n_features_before_preprocessing': 19, 'n_labeled': 250, 'n_pseudo_added_last_iter': nan, 'n_pseudo_added_total': nan, 'n_unlabeled': 1598, 'neural_method': nan, 'neural_validation_strategy': nan, 'package_version': '8.1.0', 'peak_gpu_memory_mb': 322.208984375, 'pretrain_epochs_trained': nan, 'protocol': 'inductive', 'pseudo_label_class_distribution': nan, 'pseudo_label_fraction': nan, 'reference_family': 'TabPFN-3 / PriorLabs', 'runtime_seconds': 9.2901, 'seed': 1, 'self_training_iterations': nan, 'status': 'success', 'stopped_reason': nan, 'test_class_counts': '{brickface:66,cement:66,foliage:66,grass:66,path:66,sky:66,window:66}', 'test_size': 462, 'timestamp_utc': '2026-07-22T14:53:56.893089+00:00', 'train_labeled_size': 200, 'train_pool_class_counts': '{brickface:264,cement:264,foliage:264,grass:264,path:264,sky:264,window:264}', 'unlabeled_class_counts': '{brickface:228,cement:228,foliage:228,grass:228,path:228,sky:229,window:229}', 'val_class_counts': '{brickface:7,cement:7,foliage:8,grass:7,path:7,sky:7,window:7}', 'val_size': 50, 'validation_strategy': 'stratified_labeled_val', 'warm_inference_seconds': 0.5701676439493895}",,False,0.5701676439493895
tabpfn3,/private/ofirlin-lab/suissad4/caches/tabpfn/tabpfn-v3-classifier-v3_default.ckpt,,,nogit:afd539c9e2f221fc,,12.4,segment,gpu,False,,,3f9236be15390304,,ssl-tfm,"{'cuda_available': True, 'cuda_version': '12.4', 'env_name': None, 'env_prefix': '/private/ofirlin-lab/suissad4/envs/micromamba', 'gpu_count': 1, 'gpu_name': 'NVIDIA A100 80GB PCIe', 'hostname': 'dsiuriofir01', 'packages': {'catboost': '1.2.10', 'lightgbm': '4.7.0', 'numpy': '2.4.6', 'pandas': '3.0.3', 'scikit-learn': '1.9.0', 'tabicl': '2.1.1', 'tabpfn': '8.1.0', 'torch': '2.6.0+cu124', 'xgboost': None}, 'platform': 'Linux-5.14.0-687.15.1.el9_8.x86_64-x86_64-with-glibc2.34', 'python': '3.11.15 | packaged by conda-forge | (main, Jun 11 2026, 03:34:02) [GCC 14.3.0]', 'python_version': '3.11.15', 'torch_available': True, 'torch_version': '2.6.0+cu124'}",,,NVIDIA A100 80GB PCIe,dsiuriofir01,raw,,tabpfn3,{},44136fa355b3678a,tfm_frozen,official,0.9588744588744589,,0.958874458874459,0.06388415721259046,0.024129769102968966,0.14204752077101632,0.9594563178935137,0.14204752077101632,0.9975075429620883,500,,False,,8.1.0,,inductive,Hollmann et al. TabPFN / TabPFN-3,segment__tabpfn3__s1__n500__124422b81818a0f6,10.4119,1,151,18455273,v1_absolute_budget,success,True,2026-07-22T14:54:24.101040+00:00,"{'all_classes_present_in_labeled': True, 'backbone': 'tabpfn3', 'best_epoch': nan, 'best_val_loss': nan, 'checkpoint': '/private/ofirlin-lab/suissad4/caches/tabpfn/tabpfn-v3-classifier-v3_default.ckpt', 'cold_load_seconds': 1.0336235528811812, 'dataset': 'segment', 'dataset_id': 36, 'embedding_source': None, 'epochs_trained': nan, 'error_message': None, 'final_train_loss': nan, 'finetune_epochs_trained': nan, 'graph_n_neighbors_used': nan, 'graph_n_rows': nan, 'graph_n_unlabeled_used': nan, 'graph_retry_count': nan, 'input_view': 'raw', 'kv_cache': None, 'labeled_class_counts': '{brickface:72,cement:72,foliage:72,grass:71,path:71,sky:71,window:71}', 'labeled_classes_present': 7, 'max_labeled_per_class': 72, 'max_selected_confidence': nan, 'mean_selected_confidence': nan, 'mean_selected_density': nan, 'method': 'tabpfn3', 'method_fidelity': 'official', 'metric_accuracy': 0.9588744588744589, 'metric_average_precision': None, 'metric_balanced_accuracy': 0.958874458874459, 'metric_brier': 0.06388415721259046, 'metric_ece': 0.024129769102968966, 'metric_log_loss': 0.14204752077101632, 'metric_macro_f1': 0.9594563178935137, 'metric_nll': 0.14204752077101632, 'metric_roc_auc': 0.9975075429620883, 'min_labeled_per_class': 71, 'min_selected_confidence': nan, 'n_classes': 7, 'n_features_after_preprocessing': 19, 'n_features_before_preprocessing': 19, 'n_labeled': 500, 'n_pseudo_added_last_iter': nan, 'n_pseudo_added_total': nan, 'n_unlabeled': 1348, 'neural_method': nan, 'neural_validation_strategy': nan, 'package_version': '8.1.0', 'peak_gpu_memory_mb': 326.25048828125, 'pretrain_epochs_trained': nan, 'protocol': 'inductive', 'pseudo_label_class_distribution': nan, 'pseudo_label_fraction': nan, 'reference_family': 'TabPFN-3 / PriorLabs', 'runtime_seconds': 10.4119, 'seed': 1, 'self_training_iterations': nan, 'status': 'success', 'stopped_reason': nan, 'test_class_counts': '{brickface:66,cement:66,foliage:66,grass:66,path:66,sky:66,window:66}', 'test_size': 462, 'timestamp_utc': '2026-07-22T14:54:13.618771+00:00', 'train_labeled_size': 400, 'train_pool_class_counts': '{brickface:264,cement:264,foliage:264,grass:264,path:264,sky:264,window:264}', 'unlabeled_class_counts': '{brickface:192,cement:192,foliage:192,grass:193,path:193,sky:193,window:193}', 'val_class_counts': '{brickface:15,cement:14,foliage:15,grass:14,path:14,sky:14,window:14}', 'val_size': 100, 'validation_strategy': 'stratified_labeled_val', 'warm_inference_seconds': 0.5711356783285737}",,False,0.5711356783285737
tabpfn3,/private/ofirlin-lab/suissad4/caches/tabpfn/tabpfn-v3-classifier-v3_default.ckpt,,,nogit:afd539c9e2f221fc,,12.4,segment,gpu,False,,,3f9236be15390304,,ssl-tfm,"{'cuda_available': True, 'cuda_version': '12.4', 'env_name': None, 'env_prefix': '/private/ofirlin-lab/suissad4/envs/micromamba', 'gpu_count': 1, 'gpu_name': 'NVIDIA A100 80GB PCIe', 'hostname': 'dsiuriofir01', 'packages': {'catboost': '1.2.10', 'lightgbm': '4.7.0', 'numpy': '2.4.6', 'pandas': '3.0.3', 'scikit-learn': '1.9.0', 'tabicl': '2.1.1', 'tabpfn': '8.1.0', 'torch': '2.6.0+cu124', 'xgboost': None}, 'platform': 'Linux-5.14.0-687.15.1.el9_8.x86_64-x86_64-with-glibc2.34', 'python': '3.11.15 | packaged by conda-forge | (main, Jun 11 2026, 03:34:02) [GCC 14.3.0]', 'python_version': '3.11.15', 'torch_available': True, 'torch_version': '2.6.0+cu124'}",,,NVIDIA A100 80GB PCIe,dsiuriofir01,raw,,tabpfn3,{},44136fa355b3678a,tfm_frozen,official,0.9112554112554112,,0.9112554112554113,0.14791960669768264,0.03474883602465466,0.30949384490180126,0.9118312502549138,0.30949384490180126,0.9880187152914426,50,,False,,8.1.0,,inductive,Hollmann et al. TabPFN / TabPFN-3,segment__tabpfn3__s1__n50__7d2d7420b8437dc2,7.9907,1,148,18455270,v1_absolute_budget,success,True,2026-07-22T14:53:52.276499+00:00,"{'all_classes_present_in_labeled': True, 'backbone': 'tabpfn3', 'best_epoch': nan, 'best_val_loss': nan, 'checkpoint': '/private/ofirlin-lab/suissad4/caches/tabpfn/tabpfn-v3-classifier-v3_default.ckpt', 'cold_load_seconds': 0.8427821528166533, 'dataset': 'segment', 'dataset_id': 36, 'embedding_source': None, 'epochs_trained': nan, 'error_message': None, 'final_train_loss': nan, 'finetune_epochs_trained': nan, 'graph_n_neighbors_used': nan, 'graph_n_rows': nan, 'graph_n_unlabeled_used': nan, 'graph_retry_count': nan, 'input_view': 'raw', 'kv_cache': None, 'labeled_class_counts': '{brickface:8,cement:7,foliage:7,grass:7,path:7,sky:7,window:7}', 'labeled_classes_present': 7, 'max_labeled_per_class': 8, 'max_selected_confidence': nan, 'mean_selected_confidence': nan, 'mean_selected_density': nan, 'method': 'tabpfn3', 'method_fidelity': 'official', 'metric_accuracy': 0.9112554112554112, 'metric_average_precision': None, 'metric_balanced_accuracy': 0.9112554112554113, 'metric_brier': 0.14791960669768264, 'metric_ece': 0.03474883602465466, 'metric_log_loss': 0.30949384490180126, 'metric_macro_f1': 0.9118312502549138, 'metric_nll': 0.30949384490180126, 'metric_roc_auc': 0.9880187152914426, 'min_labeled_per_class': 7, 'min_selected_confidence': nan, 'n_classes': 7, 'n_features_after_preprocessing': 19, 'n_features_before_preprocessing': 19, 'n_labeled': 50, 'n_pseudo_added_last_iter': nan, 'n_pseudo_added_total': nan, 'n_unlabeled': 1798, 'neural_method': nan, 'neural_validation_strategy': nan, 'package_version': '8.1.0', 'peak_gpu_memory_mb': 319.47607421875, 'pretrain_epochs_trained': nan, 'protocol': 'inductive', 'pseudo_label_class_distribution': nan, 'pseudo_label_fraction': nan, 'reference_family': 'TabPFN-3 / PriorLabs', 'runtime_seconds': 7.9907, 'seed': 1, 'self_training_iterations': nan, 'status': 'success', 'stopped_reason': nan, 'test_class_counts': '{brickface:66,cement:66,foliage:66,grass:66,path:66,sky:66,window:66}', 'test_size': 462, 'timestamp_utc': '2026-07-22T14:53:44.267829+00:00', 'train_labeled_size': 40, 'train_pool_class_counts': '{brickface:264,cement:264,foliage:264,grass:264,path:264,sky:264,window:264}', 'unlabeled_class_counts': '{brickface:256,cement:257,foliage:257,grass:257,path:257,sky:257,window:257}', 'val_class_counts': '{brickface:2,cement:2,foliage:1,grass:2,path:1,sky:1,window:1}', 'val_size': 10, 'validation_strategy': 'stratified_labeled_val', 'warm_inference_seconds': 0.4844423127360642}",,False,0.4844423127360642
tabpfn3,/private/ofirlin-lab/suissad4/caches/tabpfn/tabpfn-v3-classifier-v3_default.ckpt,,,nogit:afd539c9e2f221fc,,12.4,segment,gpu,False,,,3f9236be15390304,,ssl-tfm,"{'cuda_available': True, 'cuda_version': '12.4', 'env_name': None, 'env_prefix': '/private/ofirlin-lab/suissad4/envs/micromamba', 'gpu_count': 1, 'gpu_name': 'NVIDIA A100 80GB PCIe', 'hostname': 'dsiuriofir01', 'packages': {'catboost': '1.2.10', 'lightgbm': '4.7.0', 'numpy': '2.4.6', 'pandas': '3.0.3', 'scikit-learn': '1.9.0', 'tabicl': '2.1.1', 'tabpfn': '8.1.0', 'torch': '2.6.0+cu124', 'xgboost': None}, 'platform': 'Linux-5.14.0-687.15.1.el9_8.x86_64-x86_64-with-glibc2.34', 'python': '3.11.15 | packaged by conda-forge | (main, Jun 11 2026, 03:34:02) [GCC 14.3.0]', 'python_version': '3.11.15', 'torch_available': True, 'torch_version': '2.6.0+cu124'}",,,NVIDIA A100 80GB PCIe,dsiuriofir01,raw,,tabpfn3,{},44136fa355b3678a,tfm_frozen,official,0.8939393939393939,,0.8939393939393939,0.14253911021661206,0.047185516488166726,0.24458184989839973,0.8877226500940539,0.24458184989839973,0.9897678079496262,100,,False,,8.1.0,,inductive,Hollmann et al. TabPFN / TabPFN-3,segment__tabpfn3__s2__n100__b641a78824306349,9.0352,2,153,18455275,v1_absolute_budget,success,True,2026-07-22T14:54:42.244030+00:00,"{'all_classes_present_in_labeled': True, 'backbone': 'tabpfn3', 'best_epoch': nan, 'best_val_loss': nan, 'checkpoint': '/private/ofirlin-lab/suissad4/caches/tabpfn/tabpfn-v3-classifier-v3_default.ckpt', 'cold_load_seconds': 1.0158757278695703, 'dataset': 'segment', 'dataset_id': 36, 'embedding_source': None, 'epochs_trained': nan, 'error_message': None, 'final_train_loss': nan, 'finetune_epochs_trained': nan, 'graph_n_neighbors_used': nan, 'graph_n_rows': nan, 'graph_n_unlabeled_used': nan, 'graph_retry_count': nan, 'input_view': 'raw', 'kv_cache': None, 'labeled_class_counts': '{brickface:15,cement:15,foliage:14,grass:14,path:14,sky:14,window:14}', 'labeled_classes_present': 7, 'max_labeled_per_class': 15, 'max_selected_confidence': nan, 'mean_selected_confidence': nan, 'mean_selected_density': nan, 'method': 'tabpfn3', 'method_fidelity': 'official', 'metric_accuracy': 0.8939393939393939, 'metric_average_precision': None, 'metric_balanced_accuracy': 0.8939393939393939, 'metric_brier': 0.14253911021661206, 'metric_ece': 0.047185516488166726, 'metric_log_loss': 0.24458184989839973, 'metric_macro_f1': 0.8877226500940539, 'metric_nll': 0.24458184989839973, 'metric_roc_auc': 0.9897678079496262, 'min_labeled_per_class': 14, 'min_selected_confidence': nan, 'n_classes': 7, 'n_features_after_preprocessing': 19, 'n_features_before_preprocessing': 19, 'n_labeled': 100, 'n_pseudo_added_last_iter': nan, 'n_pseudo_added_total': nan, 'n_unlabeled': 1748, 'neural_method': nan, 'neural_validation_strategy': nan, 'package_version': '8.1.0', 'peak_gpu_memory_mb': 320.18310546875, 'pretrain_epochs_trained': nan, 'protocol': 'inductive', 'pseudo_label_class_distribution': nan, 'pseudo_label_fraction': nan, 'reference_family': 'TabPFN-3 / PriorLabs', 'runtime_seconds': 9.0352, 'seed': 2, 'self_training_iterations': nan, 'status': 'success', 'stopped_reason': nan, 'test_class_counts': '{brickface:66,cement:66,foliage:66,grass:66,path:66,sky:66,window:66}', 'test_size': 462, 'timestamp_utc': '2026-07-22T14:54:33.179634+00:00', 'train_labeled_size': 80, 'train_pool_class_counts': '{brickface:264,cement:264,foliage:264,grass:264,path:264,sky:264,window:264}', 'unlabeled_class_counts': '{brickface:249,cement:249,foliage:250,grass:250,path:250,sky:250,window:250}', 'val_class_counts': '{brickface:3,cement:3,foliage:2,grass:3,path:3,sky:3,window:3}', 'val_size': 20, 'validation_strategy': 'stratified_labeled_val', 'warm_inference_seconds': 0.5508849141187966}",,False,0.5508849141187966
tabpfn3,/private/ofirlin-lab/suissad4/caches/tabpfn/tabpfn-v3-classifier-v3_default.ckpt,,,nogit:afd539c9e2f221fc,,12.4,segment,gpu,False,,,3f9236be15390304,,ssl-tfm,"{'cuda_available': True, 'cuda_version': '12.4', 'env_name': None, 'env_prefix': '/private/ofirlin-lab/suissad4/envs/micromamba', 'gpu_count': 1, 'gpu_name': 'NVIDIA A100 80GB PCIe', 'hostname': 'dsiuriofir01', 'packages': {'catboost': '1.2.10', 'lightgbm': '4.7.0', 'numpy': '2.4.6', 'pandas': '3.0.3', 'scikit-learn': '1.9.0', 'tabicl': '2.1.1', 'tabpfn': '8.1.0', 'torch': '2.6.0+cu124', 'xgboost': None}, 'platform': 'Linux-5.14.0-687.15.1.el9_8.x86_64-x86_64-with-glibc2.34', 'python': '3.11.15 | packaged by conda-forge | (main, Jun 11 2026, 03:34:02) [GCC 14.3.0]', 'python_version': '3.11.15', 'torch_available': True, 'torch_version': '2.6.0+cu124'}",,,NVIDIA A100 80GB PCIe,dsiuriofir01,raw,,tabpfn3,{},44136fa355b3678a,tfm_frozen,official,0.9653679653679653,,0.9653679653679654,0.05250940405999828,0.0223345056626906,0.11223802538651942,0.9652679637996696,0.11223802538651942,0.9979940093576457,250,,False,,8.1.0,,inductive,Hollmann et al. TabPFN / TabPFN-3,segment__tabpfn3__s2__n250__6d7467e8ae393245,8.9273,2,154,18455276,v1_absolute_budget,success,True,2026-07-22T14:54:42.133255+00:00,"{'all_classes_present_in_labeled': True, 'backbone': 'tabpfn3', 'best_epoch': nan, 'best_val_loss': nan, 'checkpoint': '/private/ofirlin-lab/suissad4/caches/tabpfn/tabpfn-v3-classifier-v3_default.ckpt', 'cold_load_seconds': 1.0234937858767807, 'dataset': 'segment', 'dataset_id': 36, 'embedding_source': None, 'epochs_trained': nan, 'error_message': None, 'final_train_loss': nan, 'finetune_epochs_trained': nan, 'graph_n_neighbors_used': nan, 'graph_n_rows': nan, 'graph_n_unlabeled_used': nan, 'graph_retry_count': nan, 'input_view': 'raw', 'kv_cache': None, 'labeled_class_counts': '{brickface:36,cement:36,foliage:36,grass:36,path:36,sky:35,window:35}', 'labeled_classes_present': 7, 'max_labeled_per_class': 36, 'max_selected_confidence': nan, 'mean_selected_confidence': nan, 'mean_selected_density': nan, 'method': 'tabpfn3', 'method_fidelity': 'official', 'metric_accuracy': 0.9653679653679653, 'metric_average_precision': None, 'metric_balanced_accuracy': 0.9653679653679654, 'metric_brier': 0.05250940405999828, 'metric_ece': 0.0223345056626906, 'metric_log_loss': 0.11223802538651942, 'metric_macro_f1': 0.9652679637996696, 'metric_nll': 0.11223802538651942, 'metric_roc_auc': 0.9979940093576457, 'min_labeled_per_class': 35, 'min_selected_confidence': nan, 'n_classes': 7, 'n_features_after_preprocessing': 19, 'n_features_before_preprocessing': 19, 'n_labeled': 250, 'n_pseudo_added_last_iter': nan, 'n_pseudo_added_total': nan, 'n_unlabeled': 1598, 'neural_method': nan, 'neural_validation_strategy': nan, 'package_version': '8.1.0', 'peak_gpu_memory_mb': 322.208984375, 'pretrain_epochs_trained': nan, 'protocol': 'inductive', 'pseudo_label_class_distribution': nan, 'pseudo_label_fraction': nan, 'reference_family': 'TabPFN-3 / PriorLabs', 'runtime_seconds': 8.9273, 'seed': 2, 'self_training_iterations': nan, 'status': 'success', 'stopped_reason': nan, 'test_class_counts': '{brickface:66,cement:66,foliage:66,grass:66,path:66,sky:66,window:66}', 'test_size': 462, 'timestamp_utc': '2026-07-22T14:54:33.178572+00:00', 'train_labeled_size': 200, 'train_pool_class_counts': '{brickface:264,cement:264,foliage:264,grass:264,path:264,sky:264,window:264}', 'unlabeled_class_counts': '{brickface:228,cement:228,foliage:228,grass:228,path:228,sky:229,window:229}', 'val_class_counts': '{brickface:7,cement:7,foliage:8,grass:7,path:7,sky:7,window:7}', 'val_size': 50, 'validation_strategy': 'stratified_labeled_val', 'warm_inference_seconds': 0.5457164510153234}",,False,0.5457164510153234
tabpfn3,/private/ofirlin-lab/suissad4/caches/tabpfn/tabpfn-v3-classifier-v3_default.ckpt,,,nogit:afd539c9e2f221fc,,12.4,segment,gpu,False,,,3f9236be15390304,,ssl-tfm,"{'cuda_available': True, 'cuda_version': '12.4', 'env_name': None, 'env_prefix': '/private/ofirlin-lab/suissad4/envs/micromamba', 'gpu_count': 1, 'gpu_name': 'NVIDIA A100 80GB PCIe', 'hostname': 'dsiuriofir01', 'packages': {'catboost': '1.2.10', 'lightgbm': '4.7.0', 'numpy': '2.4.6', 'pandas': '3.0.3', 'scikit-learn': '1.9.0', 'tabicl': '2.1.1', 'tabpfn': '8.1.0', 'torch': '2.6.0+cu124', 'xgboost': None}, 'platform': 'Linux-5.14.0-687.15.1.el9_8.x86_64-x86_64-with-glibc2.34', 'python': '3.11.15 | packaged by conda-forge | (main, Jun 11 2026, 03:34:02) [GCC 14.3.0]', 'python_version': '3.11.15', 'torch_available': True, 'torch_version': '2.6.0+cu124'}",,,NVIDIA A100 80GB PCIe,dsiuriofir01,raw,,tabpfn3,{},44136fa355b3678a,tfm_frozen,official,0.9675324675324676,,0.9675324675324675,0.047331330558611766,0.016477241140424204,0.10244741279510447,0.9674324659641718,0.10244741279510447,0.9985132712405439,500,,False,,8.1.0,,inductive,Hollmann et al. TabPFN / TabPFN-3,segment__tabpfn3__s2__n500__6e895746e63174a4,9.7143,2,155,18455277,v1_absolute_budget,success,True,2026-07-22T14:54:57.888122+00:00,"{'all_classes_present_in_labeled': True, 'backbone': 'tabpfn3', 'best_epoch': nan, 'best_val_loss': nan, 'checkpoint': '/private/ofirlin-lab/suissad4/caches/tabpfn/tabpfn-v3-classifier-v3_default.ckpt', 'cold_load_seconds': 1.037177839782089, 'dataset': 'segment', 'dataset_id': 36, 'embedding_source': None, 'epochs_trained': nan, 'error_message': None, 'final_train_loss': nan, 'finetune_epochs_trained': nan, 'graph_n_neighbors_used': nan, 'graph_n_rows': nan, 'graph_n_unlabeled_used': nan, 'graph_retry_count': nan, 'input_view': 'raw', 'kv_cache': None, 'labeled_class_counts': '{brickface:72,cement:72,foliage:72,grass:71,path:71,sky:71,window:71}', 'labeled_classes_present': 7, 'max_labeled_per_class': 72, 'max_selected_confidence': nan, 'mean_selected_confidence': nan, 'mean_selected_density': nan, 'method': 'tabpfn3', 'method_fidelity': 'official', 'metric_accuracy': 0.9675324675324676, 'metric_average_precision': None, 'metric_balanced_accuracy': 0.9675324675324675, 'metric_brier': 0.047331330558611766, 'metric_ece': 0.016477241140424204, 'metric_log_loss': 0.10244741279510447, 'metric_macro_f1': 0.9674324659641718, 'metric_nll': 0.10244741279510447, 'metric_roc_auc': 0.9985132712405439, 'min_labeled_per_class': 71, 'min_selected_confidence': nan, 'n_classes': 7, 'n_features_after_preprocessing': 19, 'n_features_before_preprocessing': 19, 'n_labeled': 500, 'n_pseudo_added_last_iter': nan, 'n_pseudo_added_total': nan, 'n_unlabeled': 1348, 'neural_method': nan, 'neural_validation_strategy': nan, 'package_version': '8.1.0', 'peak_gpu_memory_mb': 326.25048828125, 'pretrain_epochs_trained': nan, 'protocol': 'inductive', 'pseudo_label_class_distribution': nan, 'pseudo_label_fraction': nan, 'reference_family': 'TabPFN-3 / PriorLabs', 'runtime_seconds': 9.7143, 'seed': 2, 'self_training_iterations': nan, 'status': 'success', 'stopped_reason': nan, 'test_class_counts': '{brickface:66,cement:66,foliage:66,grass:66,path:66,sky:66,window:66}', 'test_size': 462, 'timestamp_utc': '2026-07-22T14:54:48.136978+00:00', 'train_labeled_size': 400, 'train_pool_class_counts': '{brickface:264,cement:264,foliage:264,grass:264,path:264,sky:264,window:264}', 'unlabeled_class_counts': '{brickface:192,cement:192,foliage:192,grass:193,path:193,sky:193,window:193}', 'val_class_counts': '{brickface:14,cement:15,foliage:15,grass:14,path:14,sky:14,window:14}', 'val_size': 100, 'validation_strategy': 'stratified_labeled_val', 'warm_inference_seconds': 0.5722306622192264}",,False,0.5722306622192264
tabpfn3,/private/ofirlin-lab/suissad4/caches/tabpfn/tabpfn-v3-classifier-v3_default.ckpt,,,nogit:afd539c9e2f221fc,,12.4,segment,gpu,False,,,3f9236be15390304,,ssl-tfm,"{'cuda_available': True, 'cuda_version': '12.4', 'env_name': None, 'env_prefix': '/private/ofirlin-lab/suissad4/envs/micromamba', 'gpu_count': 1, 'gpu_name': 'NVIDIA A100 80GB PCIe', 'hostname': 'dsiuriofir01', 'packages': {'catboost': '1.2.10', 'lightgbm': '4.7.0', 'numpy': '2.4.6', 'pandas': '3.0.3', 'scikit-learn': '1.9.0', 'tabicl': '2.1.1', 'tabpfn': '8.1.0', 'torch': '2.6.0+cu124', 'xgboost': None}, 'platform': 'Linux-5.14.0-687.15.1.el9_8.x86_64-x86_64-with-glibc2.34', 'python': '3.11.15 | packaged by conda-forge | (main, Jun 11 2026, 03:34:02) [GCC 14.3.0]', 'python_version': '3.11.15', 'torch_available': True, 'torch_version': '2.6.0+cu124'}",,,NVIDIA A100 80GB PCIe,dsiuriofir01,raw,,tabpfn3,{},44136fa355b3678a,tfm_frozen,official,0.9112554112554112,,0.9112554112554113,0.14518197281851927,0.04683569547095185,0.27223547384460395,0.906995092124834,0.27223547384460395,0.9901832174559447,50,,False,,8.1.0,,inductive,Hollmann et al. TabPFN / TabPFN-3,segment__tabpfn3__s2__n50__8f488213d4c4daaf,10.4588,2,152,18455274,v1_absolute_budget,success,True,2026-07-22T14:54:24.117446+00:00,"{'all_classes_present_in_labeled': True, 'backbone': 'tabpfn3', 'best_epoch': nan, 'best_val_loss': nan, 'checkpoint': '/private/ofirlin-lab/suissad4/caches/tabpfn/tabpfn-v3-classifier-v3_default.ckpt', 'cold_load_seconds': 1.0252521303482354, 'dataset': 'segment', 'dataset_id': 36, 'embedding_source': None, 'epochs_trained': nan, 'error_message': None, 'final_train_loss': nan, 'finetune_epochs_trained': nan, 'graph_n_neighbors_used': nan, 'graph_n_rows': nan, 'graph_n_unlabeled_used': nan, 'graph_retry_count': nan, 'input_view': 'raw', 'kv_cache': None, 'labeled_class_counts': '{brickface:8,cement:7,foliage:7,grass:7,path:7,sky:7,window:7}', 'labeled_classes_present': 7, 'max_labeled_per_class': 8, 'max_selected_confidence': nan, 'mean_selected_confidence': nan, 'mean_selected_density': nan, 'method': 'tabpfn3', 'method_fidelity': 'official', 'metric_accuracy': 0.9112554112554112, 'metric_average_precision': None, 'metric_balanced_accuracy': 0.9112554112554113, 'metric_brier': 0.14518197281851927, 'metric_ece': 0.04683569547095185, 'metric_log_loss': 0.27223547384460395, 'metric_macro_f1': 0.906995092124834, 'metric_nll': 0.27223547384460395, 'metric_roc_auc': 0.9901832174559447, 'min_labeled_per_class': 7, 'min_selected_confidence': nan, 'n_classes': 7, 'n_features_after_preprocessing': 19, 'n_features_before_preprocessing': 19, 'n_labeled': 50, 'n_pseudo_added_last_iter': nan, 'n_pseudo_added_total': nan, 'n_unlabeled': 1798, 'neural_method': nan, 'neural_validation_strategy': nan, 'package_version': '8.1.0', 'peak_gpu_memory_mb': 319.47412109375, 'pretrain_epochs_trained': nan, 'protocol': 'inductive', 'pseudo_label_class_distribution': nan, 'pseudo_label_fraction': nan, 'reference_family': 'TabPFN-3 / PriorLabs', 'runtime_seconds': 10.4588, 'seed': 2, 'self_training_iterations': nan, 'status': 'success', 'stopped_reason': nan, 'test_class_counts': '{brickface:66,cement:66,foliage:66,grass:66,path:66,sky:66,window:66}', 'test_size': 462, 'timestamp_utc': '2026-07-22T14:54:13.618484+00:00', 'train_labeled_size': 40, 'train_pool_class_counts': '{brickface:264,cement:264,foliage:264,grass:264,path:264,sky:264,window:264}', 'unlabeled_class_counts': '{brickface:256,cement:257,foliage:257,grass:257,path:257,sky:257,window:257}', 'val_class_counts': '{brickface:2,cement:1,foliage:2,grass:2,path:1,sky:1,window:1}', 'val_size': 10, 'validation_strategy': 'stratified_labeled_val', 'warm_inference_seconds': 0.5269538112916052}",,False,0.5269538112916052
tabiclv2,tabicl-classifier-v2-20260212.ckpt,,,nogit:afd539c9e2f221fc,,12.4,spambase,gpu,False,,,3f9236be15390304,,ssl-tfm,"{'cuda_available': True, 'cuda_version': '12.4', 'env_name': None, 'env_prefix': '/private/ofirlin-lab/suissad4/envs/micromamba', 'gpu_count': 1, 'gpu_name': 'NVIDIA A100 80GB PCIe', 'hostname': 'dsiuriofir01', 'packages': {'catboost': '1.2.10', 'lightgbm': '4.7.0', 'numpy': '2.4.6', 'pandas': '3.0.3', 'scikit-learn': '1.9.0', 'tabicl': '2.1.1', 'tabpfn': '8.1.0', 'torch': '2.6.0+cu124', 'xgboost': None}, 'platform': 'Linux-5.14.0-687.15.1.el9_8.x86_64-x86_64-with-glibc2.34', 'python': '3.11.15 | packaged by conda-forge | (main, Jun 11 2026, 03:34:02) [GCC 14.3.0]', 'python_version': '3.11.15', 'torch_available': True, 'torch_version': '2.6.0+cu124'}",,,NVIDIA A100 80GB PCIe,dsiuriofir01,raw,True,tabiclv2,{},44136fa355b3678a,tfm_frozen,official,0.9001085776330076,0.9540674837758236,0.9016780710329098,0.13707071452844702,0.024925891189104727,0.2333856439100521,0.8966279523716572,0.2333856439100521,0.9673222943017665,100,,False,,unknown,,inductive,TabICL / TabICLv2,spambase__tabiclv2__s0__n100__6d7e15e4de0313cb,5.1801,0,37,18452604,v1_absolute_budget,success,True,2026-07-22T14:38:12.172727+00:00,"{'all_classes_present_in_labeled': True, 'backbone': 'tabiclv2', 'best_epoch': nan, 'best_val_loss': nan, 'checkpoint': 'tabicl-classifier-v2-20260212.ckpt', 'cold_load_seconds': 1.0656181150116026, 'dataset': 'spambase', 'dataset_id': 44, 'embedding_source': None, 'epochs_trained': nan, 'error_message': None, 'final_train_loss': nan, 'finetune_epochs_trained': nan, 'graph_n_neighbors_used': nan, 'graph_n_rows': nan, 'graph_n_unlabeled_used': nan, 'graph_retry_count': nan, 'input_view': 'raw', 'kv_cache': True, 'labeled_class_counts': '{0:60,1:40}', 'labeled_classes_present': 2, 'max_labeled_per_class': 60, 'max_selected_confidence': nan, 'mean_selected_confidence': nan, 'mean_selected_density': nan, 'method': 'tabiclv2', 'method_fidelity': 'official', 'metric_accuracy': 0.9001085776330076, 'metric_average_precision': 0.9540674837758236, 'metric_balanced_accuracy': 0.9016780710329098, 'metric_brier': 0.13707071452844702, 'metric_ece': 0.024925891189104727, 'metric_log_loss': 0.2333856439100521, 'metric_macro_f1': 0.8966279523716572, 'metric_nll': 0.2333856439100521, 'metric_roc_auc': 0.9673222943017665, 'min_labeled_per_class': 40, 'min_selected_confidence': nan, 'n_classes': 2, 'n_features_after_preprocessing': 57, 'n_features_before_preprocessing': 57, 'n_labeled': 100, 'n_pseudo_added_last_iter': nan, 'n_pseudo_added_total': nan, 'n_unlabeled': 3580, 'neural_method': nan, 'neural_validation_strategy': nan, 'package_version': 'unknown', 'peak_gpu_memory_mb': 1435.34716796875, 'pretrain_epochs_trained': nan, 'protocol': 'inductive', 'pseudo_label_class_distribution': nan, 'pseudo_label_fraction': nan, 'reference_family': 'TabICLv2 / soda-inria/tabicl', 'runtime_seconds': 5.1801, 'seed': 0, 'self_training_iterations': nan, 'status': 'success', 'stopped_reason': nan, 'test_class_counts': '{0:558,1:363}', 'test_size': 921, 'timestamp_utc': '2026-07-22T14:38:06.967621+00:00', 'train_labeled_size': 80, 'train_pool_class_counts': '{0:2230,1:1450}', 'unlabeled_class_counts': '{0:2170,1:1410}', 'val_class_counts': '{0:12,1:8}', 'val_size': 20, 'validation_strategy': 'stratified_labeled_val', 'warm_inference_seconds': 0.17960590310394764}",,False,0.17960590310394764
tabiclv2,tabicl-classifier-v2-20260212.ckpt,,,nogit:afd539c9e2f221fc,,12.4,spambase,gpu,False,,,3f9236be15390304,,ssl-tfm,"{'cuda_available': True, 'cuda_version': '12.4', 'env_name': None, 'env_prefix': '/private/ofirlin-lab/suissad4/envs/micromamba', 'gpu_count': 1, 'gpu_name': 'NVIDIA A100 80GB PCIe', 'hostname': 'dsiuriofir01', 'packages': {'catboost': '1.2.10', 'lightgbm': '4.7.0', 'numpy': '2.4.6', 'pandas': '3.0.3', 'scikit-learn': '1.9.0', 'tabicl': '2.1.1', 'tabpfn': '8.1.0', 'torch': '2.6.0+cu124', 'xgboost': None}, 'platform': 'Linux-5.14.0-687.15.1.el9_8.x86_64-x86_64-with-glibc2.34', 'python': '3.11.15 | packaged by conda-forge | (main, Jun 11 2026, 03:34:02) [GCC 14.3.0]', 'python_version': '3.11.15', 'torch_available': True, 'torch_version': '2.6.0+cu124'}",,,NVIDIA A100 80GB PCIe,dsiuriofir01,raw,True,tabiclv2,{},44136fa355b3678a,tfm_frozen,official,0.9381107491856677,0.9682332738510323,0.9378536094078616,0.10168817871905923,0.02052182986928101,0.1838147703263123,0.9355378598574384,0.1838147703263123,0.9795560689988841,250,,False,,unknown,,inductive,TabICL / TabICLv2,spambase__tabiclv2__s0__n250__f2191de396dafdec,5.8794,0,38,18452662,v1_absolute_budget,success,True,2026-07-22T14:38:24.641379+00:00,"{'all_classes_present_in_labeled': True, 'backbone': 'tabiclv2', 'best_epoch': nan, 'best_val_loss': nan, 'checkpoint': 'tabicl-classifier-v2-20260212.ckpt', 'cold_load_seconds': 1.0829248568043113, 'dataset': 'spambase', 'dataset_id': 44, 'embedding_source': None, 'epochs_trained': nan, 'error_message': None, 'final_train_loss': nan, 'finetune_epochs_trained': nan, 'graph_n_neighbors_used': nan, 'graph_n_rows': nan, 'graph_n_unlabeled_used': nan, 'graph_retry_count': nan, 'input_view': 'raw', 'kv_cache': True, 'labeled_class_counts': '{0:150,1:100}', 'labeled_classes_present': 2, 'max_labeled_per_class': 150, 'max_selected_confidence': nan, 'mean_selected_confidence': nan, 'mean_selected_density': nan, 'method': 'tabiclv2', 'method_fidelity': 'official', 'metric_accuracy': 0.9381107491856677, 'metric_average_precision': 0.9682332738510323, 'metric_balanced_accuracy': 0.9378536094078616, 'metric_brier': 0.10168817871905923, 'metric_ece': 0.02052182986928101, 'metric_log_loss': 0.1838147703263123, 'metric_macro_f1': 0.9355378598574384, 'metric_nll': 0.1838147703263123, 'metric_roc_auc': 0.9795560689988841, 'min_labeled_per_class': 100, 'min_selected_confidence': nan, 'n_classes': 2, 'n_features_after_preprocessing': 57, 'n_features_before_preprocessing': 57, 'n_labeled': 250, 'n_pseudo_added_last_iter': nan, 'n_pseudo_added_total': nan, 'n_unlabeled': 3430, 'neural_method': nan, 'neural_validation_strategy': nan, 'package_version': 'unknown', 'peak_gpu_memory_mb': 1484.212890625, 'pretrain_epochs_trained': nan, 'protocol': 'inductive', 'pseudo_label_class_distribution': nan, 'pseudo_label_fraction': nan, 'reference_family': 'TabICLv2 / soda-inria/tabicl', 'runtime_seconds': 5.8794, 'seed': 0, 'self_training_iterations': nan, 'status': 'success', 'stopped_reason': nan, 'test_class_counts': '{0:558,1:363}', 'test_size': 921, 'timestamp_utc': '2026-07-22T14:38:18.742787+00:00', 'train_labeled_size': 200, 'train_pool_class_counts': '{0:2230,1:1450}', 'unlabeled_class_counts': '{0:2080,1:1350}', 'val_class_counts': '{0:30,1:20}', 'val_size': 50, 'validation_strategy': 'stratified_labeled_val', 'warm_inference_seconds': 0.1850029742345214}",,False,0.1850029742345214
tabiclv2,tabicl-classifier-v2-20260212.ckpt,,,nogit:afd539c9e2f221fc,,12.4,spambase,gpu,False,,,3f9236be15390304,,ssl-tfm,"{'cuda_available': True, 'cuda_version': '12.4', 'env_name': None, 'env_prefix': '/private/ofirlin-lab/suissad4/envs/micromamba', 'gpu_count': 1, 'gpu_name': 'NVIDIA A100 80GB PCIe', 'hostname': 'dsiuriofir01', 'packages': {'catboost': '1.2.10', 'lightgbm': '4.7.0', 'numpy': '2.4.6', 'pandas': '3.0.3', 'scikit-learn': '1.9.0', 'tabicl': '2.1.1', 'tabpfn': '8.1.0', 'torch': '2.6.0+cu124', 'xgboost': None}, 'platform': 'Linux-5.14.0-687.15.1.el9_8.x86_64-x86_64-with-glibc2.34', 'python': '3.11.15 | packaged by conda-forge | (main, Jun 11 2026, 03:34:02) [GCC 14.3.0]', 'python_version': '3.11.15', 'torch_available': True, 'torch_version': '2.6.0+cu124'}",,,NVIDIA A100 80GB PCIe,dsiuriofir01,raw,True,tabiclv2,{},44136fa355b3678a,tfm_frozen,official,0.9402823018458197,0.975118318469729,0.9372389584999556,0.08849354093284874,0.012993249571789826,0.15623774556841696,0.9374494489550211,0.15623774556841696,0.984231365463037,500,,False,,unknown,,inductive,TabICL / TabICLv2,spambase__tabiclv2__s0__n500__68f85489b8539bd6,4.372,0,39,18452719,v1_absolute_budget,success,True,2026-07-22T14:38:33.458420+00:00,"{'all_classes_present_in_labeled': True, 'backbone': 'tabiclv2', 'best_epoch': nan, 'best_val_loss': nan, 'checkpoint': 'tabicl-classifier-v2-20260212.ckpt', 'cold_load_seconds': 1.148059449158609, 'dataset': 'spambase', 'dataset_id': 44, 'embedding_source': None, 'epochs_trained': nan, 'error_message': None, 'final_train_loss': nan, 'finetune_epochs_trained': nan, 'graph_n_neighbors_used': nan, 'graph_n_rows': nan, 'graph_n_unlabeled_used': nan, 'graph_retry_count': nan, 'input_view': 'raw', 'kv_cache': True, 'labeled_class_counts': '{0:302,1:198}', 'labeled_classes_present': 2, 'max_labeled_per_class': 302, 'max_selected_confidence': nan, 'mean_selected_confidence': nan, 'mean_selected_density': nan, 'method': 'tabiclv2', 'method_fidelity': 'official', 'metric_accuracy': 0.9402823018458197, 'metric_average_precision': 0.975118318469729, 'metric_balanced_accuracy': 0.9372389584999556, 'metric_brier': 0.08849354093284874, 'metric_ece': 0.012993249571789826, 'metric_log_loss': 0.15623774556841696, 'metric_macro_f1': 0.9374494489550211, 'metric_nll': 0.15623774556841696, 'metric_roc_auc': 0.984231365463037, 'min_labeled_per_class': 198, 'min_selected_confidence': nan, 'n_classes': 2, 'n_features_after_preprocessing': 57, 'n_features_before_preprocessing': 57, 'n_labeled': 500, 'n_pseudo_added_last_iter': nan, 'n_pseudo_added_total': nan, 'n_unlabeled': 3180, 'neural_method': nan, 'neural_validation_strategy': nan, 'package_version': 'unknown', 'peak_gpu_memory_mb': 1559.84716796875, 'pretrain_epochs_trained': nan, 'protocol': 'inductive', 'pseudo_label_class_distribution': nan, 'pseudo_label_fraction': nan, 'reference_family': 'TabICLv2 / soda-inria/tabicl', 'runtime_seconds': 4.372, 'seed': 0, 'self_training_iterations': nan, 'status': 'success', 'stopped_reason': nan, 'test_class_counts': '{0:558,1:363}', 'test_size': 921, 'timestamp_utc': '2026-07-22T14:38:29.058463+00:00', 'train_labeled_size': 400, 'train_pool_class_counts': '{0:2230,1:1450}', 'unlabeled_class_counts': '{0:1928,1:1252}', 'val_class_counts': '{0:60,1:40}', 'val_size': 100, 'validation_strategy': 'stratified_labeled_val', 'warm_inference_seconds': 0.18390032183378935}",,False,0.18390032183378935
tabiclv2,tabicl-classifier-v2-20260212.ckpt,,,nogit:afd539c9e2f221fc,,12.4,spambase,gpu,False,,,3f9236be15390304,,ssl-tfm,"{'cuda_available': True, 'cuda_version': '12.4', 'env_name': None, 'env_prefix': '/private/ofirlin-lab/suissad4/envs/micromamba', 'gpu_count': 1, 'gpu_name': 'NVIDIA A100 80GB PCIe', 'hostname': 'dsiuriofir01', 'packages': {'catboost': '1.2.10', 'lightgbm': '4.7.0', 'numpy': '2.4.6', 'pandas': '3.0.3', 'scikit-learn': '1.9.0', 'tabicl': '2.1.1', 'tabpfn': '8.1.0', 'torch': '2.6.0+cu124', 'xgboost': None}, 'platform': 'Linux-5.14.0-687.15.1.el9_8.x86_64-x86_64-with-glibc2.34', 'python': '3.11.15 | packaged by conda-forge | (main, Jun 11 2026, 03:34:02) [GCC 14.3.0]', 'python_version': '3.11.15', 'torch_available': True, 'torch_version': '2.6.0+cu124'}",,,NVIDIA A100 80GB PCIe,dsiuriofir01,raw,True,tabiclv2,{},44136fa355b3678a,tfm_frozen,official,0.8968512486427795,0.9424187544780138,0.897545839627951,0.15219740757552408,0.037478081275889426,0.2622147137755951,0.893123738024594,0.2622147137755951,0.9604352419601687,50,,False,,unknown,,inductive,TabICL / TabICLv2,spambase__tabiclv2__s0__n50__ea289ffae7014798,5.1846,0,36,18452435,v1_absolute_budget,success,True,2026-07-22T14:38:01.641244+00:00,"{'all_classes_present_in_labeled': True, 'backbone': 'tabiclv2', 'best_epoch': nan, 'best_val_loss': nan, 'checkpoint': 'tabicl-classifier-v2-20260212.ckpt', 'cold_load_seconds': 1.058878154028207, 'dataset': 'spambase', 'dataset_id': 44, 'embedding_source': None, 'epochs_trained': nan, 'error_message': None, 'final_train_loss': nan, 'finetune_epochs_trained': nan, 'graph_n_neighbors_used': nan, 'graph_n_rows': nan, 'graph_n_unlabeled_used': nan, 'graph_retry_count': nan, 'input_view': 'raw', 'kv_cache': True, 'labeled_class_counts': '{0:30,1:20}', 'labeled_classes_present': 2, 'max_labeled_per_class': 30, 'max_selected_confidence': nan, 'mean_selected_confidence': nan, 'mean_selected_density': nan, 'method': 'tabiclv2', 'method_fidelity': 'official', 'metric_accuracy': 0.8968512486427795, 'metric_average_precision': 0.9424187544780138, 'metric_balanced_accuracy': 0.897545839627951, 'metric_brier': 0.15219740757552408, 'metric_ece': 0.037478081275889426, 'metric_log_loss': 0.2622147137755951, 'metric_macro_f1': 0.893123738024594, 'metric_nll': 0.2622147137755951, 'metric_roc_auc': 0.9604352419601687, 'min_labeled_per_class': 20, 'min_selected_confidence': nan, 'n_classes': 2, 'n_features_after_preprocessing': 57, 'n_features_before_preprocessing': 57, 'n_labeled': 50, 'n_pseudo_added_last_iter': nan, 'n_pseudo_added_total': nan, 'n_unlabeled': 3630, 'neural_method': nan, 'neural_validation_strategy': nan, 'package_version': 'unknown', 'peak_gpu_memory_mb': 1351.7705078125, 'pretrain_epochs_trained': nan, 'protocol': 'inductive', 'pseudo_label_class_distribution': nan, 'pseudo_label_fraction': nan, 'reference_family': 'TabICLv2 / soda-inria/tabicl', 'runtime_seconds': 5.1846, 'seed': 0, 'self_training_iterations': nan, 'status': 'success', 'stopped_reason': nan, 'test_class_counts': '{0:558,1:363}', 'test_size': 921, 'timestamp_utc': '2026-07-22T14:37:56.436847+00:00', 'train_labeled_size': 40, 'train_pool_class_counts': '{0:2230,1:1450}', 'unlabeled_class_counts': '{0:2200,1:1430}', 'val_class_counts': '{0:6,1:4}', 'val_size': 10, 'validation_strategy': 'stratified_labeled_val', 'warm_inference_seconds': 0.17994082812219858}",,False,0.17994082812219858
tabiclv2,tabicl-classifier-v2-20260212.ckpt,,,nogit:afd539c9e2f221fc,,12.4,spambase,gpu,False,,,3f9236be15390304,,ssl-tfm,"{'cuda_available': True, 'cuda_version': '12.4', 'env_name': None, 'env_prefix': '/private/ofirlin-lab/suissad4/envs/micromamba', 'gpu_count': 1, 'gpu_name': 'NVIDIA A100 80GB PCIe', 'hostname': 'dsiuriofir01', 'packages': {'catboost': '1.2.10', 'lightgbm': '4.7.0', 'numpy': '2.4.6', 'pandas': '3.0.3', 'scikit-learn': '1.9.0', 'tabicl': '2.1.1', 'tabpfn': '8.1.0', 'torch': '2.6.0+cu124', 'xgboost': None}, 'platform': 'Linux-5.14.0-687.15.1.el9_8.x86_64-x86_64-with-glibc2.34', 'python': '3.11.15 | packaged by conda-forge | (main, Jun 11 2026, 03:34:02) [GCC 14.3.0]', 'python_version': '3.11.15', 'torch_available': True, 'torch_version': '2.6.0+cu124'}",,,NVIDIA A100 80GB PCIe,dsiuriofir01,raw,True,tabiclv2,{},44136fa355b3678a,tfm_frozen,official,0.9033659066232356,0.9436925702248858,0.895701886904233,0.14983845853857097,0.03779821211586058,0.2764985667690059,0.8981722459151007,0.2764985667690059,0.9563178214204607,100,,False,,unknown,,inductive,TabICL / TabICLv2,spambase__tabiclv2__s1__n100__af55fe6f8da19793,4.4261,1,41,18452945,v1_absolute_budget,success,True,2026-07-22T14:38:52.176667+00:00,"{'all_classes_present_in_labeled': True, 'backbone': 'tabiclv2', 'best_epoch': nan, 'best_val_loss': nan, 'checkpoint': 'tabicl-classifier-v2-20260212.ckpt', 'cold_load_seconds': 1.2350272391922772, 'dataset': 'spambase', 'dataset_id': 44, 'embedding_source': None, 'epochs_trained': nan, 'error_message': None, 'final_train_loss': nan, 'finetune_epochs_trained': nan, 'graph_n_neighbors_used': nan, 'graph_n_rows': nan, 'graph_n_unlabeled_used': nan, 'graph_retry_count': nan, 'input_view': 'raw', 'kv_cache': True, 'labeled_class_counts': '{0:60,1:40}', 'labeled_classes_present': 2, 'max_labeled_per_class': 60, 'max_selected_confidence': nan, 'mean_selected_confidence': nan, 'mean_selected_density': nan, 'method': 'tabiclv2', 'method_fidelity': 'official', 'metric_accuracy': 0.9033659066232356, 'metric_average_precision': 0.9436925702248858, 'metric_balanced_accuracy': 0.895701886904233, 'metric_brier': 0.14983845853857097, 'metric_ece': 0.03779821211586058, 'metric_log_loss': 0.2764985667690059, 'metric_macro_f1': 0.8981722459151007, 'metric_nll': 0.2764985667690059, 'metric_roc_auc': 0.9563178214204607, 'min_labeled_per_class': 40, 'min_selected_confidence': nan, 'n_classes': 2, 'n_features_after_preprocessing': 57, 'n_features_before_preprocessing': 57, 'n_labeled': 100, 'n_pseudo_added_last_iter': nan, 'n_pseudo_added_total': nan, 'n_unlabeled': 3580, 'neural_method': nan, 'neural_validation_strategy': nan, 'package_version': 'unknown', 'peak_gpu_memory_mb': 1415.4921875, 'pretrain_epochs_trained': nan, 'protocol': 'inductive', 'pseudo_label_class_distribution': nan, 'pseudo_label_fraction': nan, 'reference_family': 'TabICLv2 / soda-inria/tabicl', 'runtime_seconds': 4.4261, 'seed': 1, 'self_training_iterations': nan, 'status': 'success', 'stopped_reason': nan, 'test_class_counts': '{0:558,1:363}', 'test_size': 921, 'timestamp_utc': '2026-07-22T14:38:47.731539+00:00', 'train_labeled_size': 80, 'train_pool_class_counts': '{0:2230,1:1450}', 'unlabeled_class_counts': '{0:2170,1:1410}', 'val_class_counts': '{0:12,1:8}', 'val_size': 20, 'validation_strategy': 'stratified_labeled_val', 'warm_inference_seconds': 0.17845945619046688}",,False,0.17845945619046688
tabiclv2,tabicl-classifier-v2-20260212.ckpt,,,nogit:afd539c9e2f221fc,,12.4,spambase,gpu,False,,,3f9236be15390304,,ssl-tfm,"{'cuda_available': True, 'cuda_version': '12.4', 'env_name': None, 'env_prefix': '/private/ofirlin-lab/suissad4/envs/micromamba', 'gpu_count': 1, 'gpu_name': 'NVIDIA A100 80GB PCIe', 'hostname': 'dsiuriofir01', 'packages': {'catboost': '1.2.10', 'lightgbm': '4.7.0', 'numpy': '2.4.6', 'pandas': '3.0.3', 'scikit-learn': '1.9.0', 'tabicl': '2.1.1', 'tabpfn': '8.1.0', 'torch': '2.6.0+cu124', 'xgboost': None}, 'platform': 'Linux-5.14.0-687.15.1.el9_8.x86_64-x86_64-with-glibc2.34', 'python': '3.11.15 | packaged by conda-forge | (main, Jun 11 2026, 03:34:02) [GCC 14.3.0]', 'python_version': '3.11.15', 'torch_available': True, 'torch_version': '2.6.0+cu124'}",,,NVIDIA A100 80GB PCIe,dsiuriofir01,raw,True,tabiclv2,{},44136fa355b3678a,tfm_frozen,official,0.9272529858849077,0.959024038777754,0.9211913860007701,0.1203197133453393,0.03798220870393868,0.24152021840325935,0.9234219196952116,0.24152021840325935,0.9674358442686888,250,,False,,unknown,,inductive,TabICL / TabICLv2,spambase__tabiclv2__s1__n250__9ca2f906dae6e5c2,4.3544,1,42,18453114,v1_absolute_budget,success,True,2026-07-22T14:39:00.555307+00:00,"{'all_classes_present_in_labeled': True, 'backbone': 'tabiclv2', 'best_epoch': nan, 'best_val_loss': nan, 'checkpoint': 'tabicl-classifier-v2-20260212.ckpt', 'cold_load_seconds': 1.096326574217528, 'dataset': 'spambase', 'dataset_id': 44, 'embedding_source': None, 'epochs_trained': nan, 'error_message': None, 'final_train_loss': nan, 'finetune_epochs_trained': nan, 'graph_n_neighbors_used': nan, 'graph_n_rows': nan, 'graph_n_unlabeled_used': nan, 'graph_retry_count': nan, 'input_view': 'raw', 'kv_cache': True, 'labeled_class_counts': '{0:150,1:100}', 'labeled_classes_present': 2, 'max_labeled_per_class': 150, 'max_selected_confidence': nan, 'mean_selected_confidence': nan, 'mean_selected_density': nan, 'method': 'tabiclv2', 'method_fidelity': 'official', 'metric_accuracy': 0.9272529858849077, 'metric_average_precision': 0.959024038777754, 'metric_balanced_accuracy': 0.9211913860007701, 'metric_brier': 0.1203197133453393, 'metric_ece': 0.03798220870393868, 'metric_log_loss': 0.24152021840325935, 'metric_macro_f1': 0.9234219196952116, 'metric_nll': 0.24152021840325935, 'metric_roc_auc': 0.9674358442686888, 'min_labeled_per_class': 100, 'min_selected_confidence': nan, 'n_classes': 2, 'n_features_after_preprocessing': 57, 'n_features_before_preprocessing': 57, 'n_labeled': 250, 'n_pseudo_added_last_iter': nan, 'n_pseudo_added_total': nan, 'n_unlabeled': 3430, 'neural_method': nan, 'neural_validation_strategy': nan, 'package_version': 'unknown', 'peak_gpu_memory_mb': 1458.8046875, 'pretrain_epochs_trained': nan, 'protocol': 'inductive', 'pseudo_label_class_distribution': nan, 'pseudo_label_fraction': nan, 'reference_family': 'TabICLv2 / soda-inria/tabicl', 'runtime_seconds': 4.3544, 'seed': 1, 'self_training_iterations': nan, 'status': 'success', 'stopped_reason': nan, 'test_class_counts': '{0:558,1:363}', 'test_size': 921, 'timestamp_utc': '2026-07-22T14:38:56.181647+00:00', 'train_labeled_size': 200, 'train_pool_class_counts': '{0:2230,1:1450}', 'unlabeled_class_counts': '{0:2080,1:1350}', 'val_class_counts': '{0:30,1:20}', 'val_size': 50, 'validation_strategy': 'stratified_labeled_val', 'warm_inference_seconds': 0.18223044089972973}",,False,0.18223044089972973
tabiclv2,tabicl-classifier-v2-20260212.ckpt,,,nogit:afd539c9e2f221fc,,12.4,spambase,gpu,False,,,3f9236be15390304,,ssl-tfm,"{'cuda_available': True, 'cuda_version': '12.4', 'env_name': None, 'env_prefix': '/private/ofirlin-lab/suissad4/envs/micromamba', 'gpu_count': 1, 'gpu_name': 'NVIDIA A100 80GB PCIe', 'hostname': 'dsiuriofir01', 'packages': {'catboost': '1.2.10', 'lightgbm': '4.7.0', 'numpy': '2.4.6', 'pandas': '3.0.3', 'scikit-learn': '1.9.0', 'tabicl': '2.1.1', 'tabpfn': '8.1.0', 'torch': '2.6.0+cu124', 'xgboost': None}, 'platform': 'Linux-5.14.0-687.15.1.el9_8.x86_64-x86_64-with-glibc2.34', 'python': '3.11.15 | packaged by conda-forge | (main, Jun 11 2026, 03:34:02) [GCC 14.3.0]', 'python_version': '3.11.15', 'torch_available': True, 'torch_version': '2.6.0+cu124'}",,,NVIDIA A100 80GB PCIe,dsiuriofir01,raw,True,tabiclv2,{},44136fa355b3678a,tfm_frozen,official,0.9467969598262758,0.9696665317252555,0.9426153025859771,0.09593292731303066,0.025966962998762784,0.17900876388520948,0.9441083329101837,0.17900876388520948,0.9782675237220693,500,,False,,unknown,,inductive,TabICL / TabICLv2,spambase__tabiclv2__s1__n500__7a29200a502e1bc8,4.3548,1,43,18453115,v1_absolute_budget,success,True,2026-07-22T14:39:08.788475+00:00,"{'all_classes_present_in_labeled': True, 'backbone': 'tabiclv2', 'best_epoch': nan, 'best_val_loss': nan, 'checkpoint': 'tabicl-classifier-v2-20260212.ckpt', 'cold_load_seconds': 1.1098666228353977, 'dataset': 'spambase', 'dataset_id': 44, 'embedding_source': None, 'epochs_trained': nan, 'error_message': None, 'final_train_loss': nan, 'finetune_epochs_trained': nan, 'graph_n_neighbors_used': nan, 'graph_n_rows': nan, 'graph_n_unlabeled_used': nan, 'graph_retry_count': nan, 'input_view': 'raw', 'kv_cache': True, 'labeled_class_counts': '{0:302,1:198}', 'labeled_classes_present': 2, 'max_labeled_per_class': 302, 'max_selected_confidence': nan, 'mean_selected_confidence': nan, 'mean_selected_density': nan, 'method': 'tabiclv2', 'method_fidelity': 'official', 'metric_accuracy': 0.9467969598262758, 'metric_average_precision': 0.9696665317252555, 'metric_balanced_accuracy': 0.9426153025859771, 'metric_brier': 0.09593292731303066, 'metric_ece': 0.025966962998762784, 'metric_log_loss': 0.17900876388520948, 'metric_macro_f1': 0.9441083329101837, 'metric_nll': 0.17900876388520948, 'metric_roc_auc': 0.9782675237220693, 'min_labeled_per_class': 198, 'min_selected_confidence': nan, 'n_classes': 2, 'n_features_after_preprocessing': 57, 'n_features_before_preprocessing': 57, 'n_labeled': 500, 'n_pseudo_added_last_iter': nan, 'n_pseudo_added_total': nan, 'n_unlabeled': 3180, 'neural_method': nan, 'neural_validation_strategy': nan, 'package_version': 'unknown', 'peak_gpu_memory_mb': 1536.1171875, 'pretrain_epochs_trained': nan, 'protocol': 'inductive', 'pseudo_label_class_distribution': nan, 'pseudo_label_fraction': nan, 'reference_family': 'TabICLv2 / soda-inria/tabicl', 'runtime_seconds': 4.3548, 'seed': 1, 'self_training_iterations': nan, 'status': 'success', 'stopped_reason': nan, 'test_class_counts': '{0:558,1:363}', 'test_size': 921, 'timestamp_utc': '2026-07-22T14:39:04.407244+00:00', 'train_labeled_size': 400, 'train_pool_class_counts': '{0:2230,1:1450}', 'unlabeled_class_counts': '{0:1928,1:1252}', 'val_class_counts': '{0:60,1:40}', 'val_size': 100, 'validation_strategy': 'stratified_labeled_val', 'warm_inference_seconds': 0.18143094424158335}",,False,0.18143094424158335
tabiclv2,tabicl-classifier-v2-20260212.ckpt,,,nogit:afd539c9e2f221fc,,12.4,spambase,gpu,False,,,3f9236be15390304,,ssl-tfm,"{'cuda_available': True, 'cuda_version': '12.4', 'env_name': None, 'env_prefix': '/private/ofirlin-lab/suissad4/envs/micromamba', 'gpu_count': 1, 'gpu_name': 'NVIDIA A100 80GB PCIe', 'hostname': 'dsiuriofir01', 'packages': {'catboost': '1.2.10', 'lightgbm': '4.7.0', 'numpy': '2.4.6', 'pandas': '3.0.3', 'scikit-learn': '1.9.0', 'tabicl': '2.1.1', 'tabpfn': '8.1.0', 'torch': '2.6.0+cu124', 'xgboost': None}, 'platform': 'Linux-5.14.0-687.15.1.el9_8.x86_64-x86_64-with-glibc2.34', 'python': '3.11.15 | packaged by conda-forge | (main, Jun 11 2026, 03:34:02) [GCC 14.3.0]', 'python_version': '3.11.15', 'torch_available': True, 'torch_version': '2.6.0+cu124'}",,,NVIDIA A100 80GB PCIe,dsiuriofir01,raw,True,tabiclv2,{},44136fa355b3678a,tfm_frozen,official,0.8849077090119435,0.9253840253017275,0.8785434995112414,0.17869583019394036,0.032761000784597205,0.31739153940666304,0.8792713692125049,0.31739153940666304,0.9376067616536825,50,,False,,unknown,,inductive,TabICL / TabICLv2,spambase__tabiclv2__s1__n50__49b429022d05b33f,4.8986,1,40,18452720,v1_absolute_budget,success,True,2026-07-22T14:38:43.814822+00:00,"{'all_classes_present_in_labeled': True, 'backbone': 'tabiclv2', 'best_epoch': nan, 'best_val_loss': nan, 'checkpoint': 'tabicl-classifier-v2-20260212.ckpt', 'cold_load_seconds': 1.0371923418715596, 'dataset': 'spambase', 'dataset_id': 44, 'embedding_source': None, 'epochs_trained': nan, 'error_message': None, 'final_train_loss': nan, 'finetune_epochs_trained': nan, 'graph_n_neighbors_used': nan, 'graph_n_rows': nan, 'graph_n_unlabeled_used': nan, 'graph_retry_count': nan, 'input_view': 'raw', 'kv_cache': True, 'labeled_class_counts': '{0:30,1:20}', 'labeled_classes_present': 2, 'max_labeled_per_class': 30, 'max_selected_confidence': nan, 'mean_selected_confidence': nan, 'mean_selected_density': nan, 'method': 'tabiclv2', 'method_fidelity': 'official', 'metric_accuracy': 0.8849077090119435, 'metric_average_precision': 0.9253840253017275, 'metric_balanced_accuracy': 0.8785434995112414, 'metric_brier': 0.17869583019394036, 'metric_ece': 0.032761000784597205, 'metric_log_loss': 0.31739153940666304, 'metric_macro_f1': 0.8792713692125049, 'metric_nll': 0.31739153940666304, 'metric_roc_auc': 0.9376067616536825, 'min_labeled_per_class': 20, 'min_selected_confidence': nan, 'n_classes': 2, 'n_features_after_preprocessing': 57, 'n_features_before_preprocessing': 57, 'n_labeled': 50, 'n_pseudo_added_last_iter': nan, 'n_pseudo_added_total': nan, 'n_unlabeled': 3630, 'neural_method': nan, 'neural_validation_strategy': nan, 'package_version': 'unknown', 'peak_gpu_memory_mb': 1351.7705078125, 'pretrain_epochs_trained': nan, 'protocol': 'inductive', 'pseudo_label_class_distribution': nan, 'pseudo_label_fraction': nan, 'reference_family': 'TabICLv2 / soda-inria/tabicl', 'runtime_seconds': 4.8986, 'seed': 1, 'self_training_iterations': nan, 'status': 'success', 'stopped_reason': nan, 'test_class_counts': '{0:558,1:363}', 'test_size': 921, 'timestamp_utc': '2026-07-22T14:38:38.893090+00:00', 'train_labeled_size': 40, 'train_pool_class_counts': '{0:2230,1:1450}', 'unlabeled_class_counts': '{0:2200,1:1430}', 'val_class_counts': '{0:6,1:4}', 'val_size': 10, 'validation_strategy': 'stratified_labeled_val', 'warm_inference_seconds': 0.17658366402611136}",,False,0.17658366402611136
tabiclv2,tabicl-classifier-v2-20260212.ckpt,,,nogit:afd539c9e2f221fc,,12.4,spambase,gpu,False,,,3f9236be15390304,,ssl-tfm,"{'cuda_available': True, 'cuda_version': '12.4', 'env_name': None, 'env_prefix': '/private/ofirlin-lab/suissad4/envs/micromamba', 'gpu_count': 1, 'gpu_name': 'NVIDIA A100 80GB PCIe', 'hostname': 'dsiuriofir01', 'packages': {'catboost': '1.2.10', 'lightgbm': '4.7.0', 'numpy': '2.4.6', 'pandas': '3.0.3', 'scikit-learn': '1.9.0', 'tabicl': '2.1.1', 'tabpfn': '8.1.0', 'torch': '2.6.0+cu124', 'xgboost': None}, 'platform': 'Linux-5.14.0-687.15.1.el9_8.x86_64-x86_64-with-glibc2.34', 'python': '3.11.15 | packaged by conda-forge | (main, Jun 11 2026, 03:34:02) [GCC 14.3.0]', 'python_version': '3.11.15', 'torch_available': True, 'torch_version': '2.6.0+cu124'}",,,NVIDIA A100 80GB PCIe,dsiuriofir01,raw,True,tabiclv2,{},44136fa355b3678a,tfm_frozen,official,0.9196525515743756,0.967064610764503,0.9216579282561688,0.12063411064305718,0.021242797807580413,0.21093635895847807,0.9167838827838828,0.21093635895847807,0.9725554666903641,100,,False,,unknown,,inductive,TabICL / TabICLv2,spambase__tabiclv2__s2__n100__d5a1d82a39693afc,4.9772,2,45,18453454,v1_absolute_budget,success,True,2026-07-22T14:39:31.128506+00:00,"{'all_classes_present_in_labeled': True, 'backbone': 'tabiclv2', 'best_epoch': nan, 'best_val_loss': nan, 'checkpoint': 'tabicl-classifier-v2-20260212.ckpt', 'cold_load_seconds': 1.0373616395518184, 'dataset': 'spambase', 'dataset_id': 44, 'embedding_source': None, 'epochs_trained': nan, 'error_message': None, 'final_train_loss': nan, 'finetune_epochs_trained': nan, 'graph_n_neighbors_used': nan, 'graph_n_rows': nan, 'graph_n_unlabeled_used': nan, 'graph_retry_count': nan, 'input_view': 'raw', 'kv_cache': True, 'labeled_class_counts': '{0:60,1:40}', 'labeled_classes_present': 2, 'max_labeled_per_class': 60, 'max_selected_confidence': nan, 'mean_selected_confidence': nan, 'mean_selected_density': nan, 'method': 'tabiclv2', 'method_fidelity': 'official', 'metric_accuracy': 0.9196525515743756, 'metric_average_precision': 0.967064610764503, 'metric_balanced_accuracy': 0.9216579282561688, 'metric_brier': 0.12063411064305718, 'metric_ece': 0.021242797807580413, 'metric_log_loss': 0.21093635895847807, 'metric_macro_f1': 0.9167838827838828, 'metric_nll': 0.21093635895847807, 'metric_roc_auc': 0.9725554666903641, 'min_labeled_per_class': 40, 'min_selected_confidence': nan, 'n_classes': 2, 'n_features_after_preprocessing': 57, 'n_features_before_preprocessing': 57, 'n_labeled': 100, 'n_pseudo_added_last_iter': nan, 'n_pseudo_added_total': nan, 'n_unlabeled': 3580, 'neural_method': nan, 'neural_validation_strategy': nan, 'package_version': 'unknown', 'peak_gpu_memory_mb': 1415.4921875, 'pretrain_epochs_trained': nan, 'protocol': 'inductive', 'pseudo_label_class_distribution': nan, 'pseudo_label_fraction': nan, 'reference_family': 'TabICLv2 / soda-inria/tabicl', 'runtime_seconds': 4.9772, 'seed': 2, 'self_training_iterations': nan, 'status': 'success', 'stopped_reason': nan, 'test_class_counts': '{0:558,1:363}', 'test_size': 921, 'timestamp_utc': '2026-07-22T14:39:26.125763+00:00', 'train_labeled_size': 80, 'train_pool_class_counts': '{0:2230,1:1450}', 'unlabeled_class_counts': '{0:2170,1:1410}', 'val_class_counts': '{0:12,1:8}', 'val_size': 20, 'validation_strategy': 'stratified_labeled_val', 'warm_inference_seconds': 0.17591893021017313}",,False,0.17591893021017313
tabiclv2,tabicl-classifier-v2-20260212.ckpt,,,nogit:afd539c9e2f221fc,,12.4,spambase,gpu,False,,,3f9236be15390304,,ssl-tfm,"{'cuda_available': True, 'cuda_version': '12.4', 'env_name': None, 'env_prefix': '/private/ofirlin-lab/suissad4/envs/micromamba', 'gpu_count': 1, 'gpu_name': 'NVIDIA A100 80GB PCIe', 'hostname': 'dsiuriofir01', 'packages': {'catboost': '1.2.10', 'lightgbm': '4.7.0', 'numpy': '2.4.6', 'pandas': '3.0.3', 'scikit-learn': '1.9.0', 'tabicl': '2.1.1', 'tabpfn': '8.1.0', 'torch': '2.6.0+cu124', 'xgboost': None}, 'platform': 'Linux-5.14.0-687.15.1.el9_8.x86_64-x86_64-with-glibc2.34', 'python': '3.11.15 | packaged by conda-forge | (main, Jun 11 2026, 03:34:02) [GCC 14.3.0]', 'python_version': '3.11.15', 'torch_available': True, 'torch_version': '2.6.0+cu124'}",,,NVIDIA A100 80GB PCIe,dsiuriofir01,raw,True,tabiclv2,{},44136fa355b3678a,tfm_frozen,official,0.9305103148751357,0.9686200821378904,0.9258049705263782,0.10682624618344662,0.026607170482716214,0.19009750720403426,0.9270350564468212,0.19009750720403426,0.9752016746151644,250,,False,,unknown,,inductive,TabICL / TabICLv2,spambase__tabiclv2__s2__n250__4ead826a234203a8,4.111,2,46,18453455,v1_absolute_budget,success,True,2026-07-22T14:39:40.226678+00:00,"{'all_classes_present_in_labeled': True, 'backbone': 'tabiclv2', 'best_epoch': nan, 'best_val_loss': nan, 'checkpoint': 'tabicl-classifier-v2-20260212.ckpt', 'cold_load_seconds': 1.1000957731157541, 'dataset': 'spambase', 'dataset_id': 44, 'embedding_source': None, 'epochs_trained': nan, 'error_message': None, 'final_train_loss': nan, 'finetune_epochs_trained': nan, 'graph_n_neighbors_used': nan, 'graph_n_rows': nan, 'graph_n_unlabeled_used': nan, 'graph_retry_count': nan, 'input_view': 'raw', 'kv_cache': True, 'labeled_class_counts': '{0:150,1:100}', 'labeled_classes_present': 2, 'max_labeled_per_class': 150, 'max_selected_confidence': nan, 'mean_selected_confidence': nan, 'mean_selected_density': nan, 'method': 'tabiclv2', 'method_fidelity': 'official', 'metric_accuracy': 0.9305103148751357, 'metric_average_precision': 0.9686200821378904, 'metric_balanced_accuracy': 0.9258049705263782, 'metric_brier': 0.10682624618344662, 'metric_ece': 0.026607170482716214, 'metric_log_loss': 0.19009750720403426, 'metric_macro_f1': 0.9270350564468212, 'metric_nll': 0.19009750720403426, 'metric_roc_auc': 0.9752016746151644, 'min_labeled_per_class': 100, 'min_selected_confidence': nan, 'n_classes': 2, 'n_features_after_preprocessing': 57, 'n_features_before_preprocessing': 57, 'n_labeled': 250, 'n_pseudo_added_last_iter': nan, 'n_pseudo_added_total': nan, 'n_unlabeled': 3430, 'neural_method': nan, 'neural_validation_strategy': nan, 'package_version': 'unknown', 'peak_gpu_memory_mb': 1484.212890625, 'pretrain_epochs_trained': nan, 'protocol': 'inductive', 'pseudo_label_class_distribution': nan, 'pseudo_label_fraction': nan, 'reference_family': 'TabICLv2 / soda-inria/tabicl', 'runtime_seconds': 4.111, 'seed': 2, 'self_training_iterations': nan, 'status': 'success', 'stopped_reason': nan, 'test_class_counts': '{0:558,1:363}', 'test_size': 921, 'timestamp_utc': '2026-07-22T14:39:36.096615+00:00', 'train_labeled_size': 200, 'train_pool_class_counts': '{0:2230,1:1450}', 'unlabeled_class_counts': '{0:2080,1:1350}', 'val_class_counts': '{0:30,1:20}', 'val_size': 50, 'validation_strategy': 'stratified_labeled_val', 'warm_inference_seconds': 0.18486390309408307}",,False,0.18486390309408307
tabiclv2,tabicl-classifier-v2-20260212.ckpt,,,nogit:afd539c9e2f221fc,,12.4,spambase,gpu,False,,,3f9236be15390304,,ssl-tfm,"{'cuda_available': True, 'cuda_version': '12.4', 'env_name': None, 'env_prefix': '/private/ofirlin-lab/suissad4/envs/micromamba', 'gpu_count': 1, 'gpu_name': 'NVIDIA A100 80GB PCIe', 'hostname': 'dsiuriofir01', 'packages': {'catboost': '1.2.10', 'lightgbm': '4.7.0', 'numpy': '2.4.6', 'pandas': '3.0.3', 'scikit-learn': '1.9.0', 'tabicl': '2.1.1', 'tabpfn': '8.1.0', 'torch': '2.6.0+cu124', 'xgboost': None}, 'platform': 'Linux-5.14.0-687.15.1.el9_8.x86_64-x86_64-with-glibc2.34', 'python': '3.11.15 | packaged by conda-forge | (main, Jun 11 2026, 03:34:02) [GCC 14.3.0]', 'python_version': '3.11.15', 'torch_available': True, 'torch_version': '2.6.0+cu124'}",,,NVIDIA A100 80GB PCIe,dsiuriofir01,raw,True,tabiclv2,{},44136fa355b3678a,tfm_frozen,official,0.9435396308360477,0.9754439460193546,0.9384830711810184,0.09408858167110427,0.026131867586074487,0.16889938932409698,0.9405965646923405,0.16889938932409698,0.9812790663230545,500,,False,,unknown,,inductive,TabICL / TabICLv2,spambase__tabiclv2__s2__n500__70e846063a9d8e2d,4.7398,2,47,18453456,v1_absolute_budget,success,True,2026-07-22T14:39:49.394001+00:00,"{'all_classes_present_in_labeled': True, 'backbone': 'tabiclv2', 'best_epoch': nan, 'best_val_loss': nan, 'checkpoint': 'tabicl-classifier-v2-20260212.ckpt', 'cold_load_seconds': 1.1361946980468929, 'dataset': 'spambase', 'dataset_id': 44, 'embedding_source': None, 'epochs_trained': nan, 'error_message': None, 'final_train_loss': nan, 'finetune_epochs_trained': nan, 'graph_n_neighbors_used': nan, 'graph_n_rows': nan, 'graph_n_unlabeled_used': nan, 'graph_retry_count': nan, 'input_view': 'raw', 'kv_cache': True, 'labeled_class_counts': '{0:302,1:198}', 'labeled_classes_present': 2, 'max_labeled_per_class': 302, 'max_selected_confidence': nan, 'mean_selected_confidence': nan, 'mean_selected_density': nan, 'method': 'tabiclv2', 'method_fidelity': 'official', 'metric_accuracy': 0.9435396308360477, 'metric_average_precision': 0.9754439460193546, 'metric_balanced_accuracy': 0.9384830711810184, 'metric_brier': 0.09408858167110427, 'metric_ece': 0.026131867586074487, 'metric_log_loss': 0.16889938932409698, 'metric_macro_f1': 0.9405965646923405, 'metric_nll': 0.16889938932409698, 'metric_roc_auc': 0.9812790663230545, 'min_labeled_per_class': 198, 'min_selected_confidence': nan, 'n_classes': 2, 'n_features_after_preprocessing': 57, 'n_features_before_preprocessing': 57, 'n_labeled': 500, 'n_pseudo_added_last_iter': nan, 'n_pseudo_added_total': nan, 'n_unlabeled': 3180, 'neural_method': nan, 'neural_validation_strategy': nan, 'package_version': 'unknown', 'peak_gpu_memory_mb': 1559.84716796875, 'pretrain_epochs_trained': nan, 'protocol': 'inductive', 'pseudo_label_class_distribution': nan, 'pseudo_label_fraction': nan, 'reference_family': 'TabICLv2 / soda-inria/tabicl', 'runtime_seconds': 4.7398, 'seed': 2, 'self_training_iterations': nan, 'status': 'success', 'stopped_reason': nan, 'test_class_counts': '{0:558,1:363}', 'test_size': 921, 'timestamp_utc': '2026-07-22T14:39:44.632379+00:00', 'train_labeled_size': 400, 'train_pool_class_counts': '{0:2230,1:1450}', 'unlabeled_class_counts': '{0:1928,1:1252}', 'val_class_counts': '{0:60,1:40}', 'val_size': 100, 'validation_strategy': 'stratified_labeled_val', 'warm_inference_seconds': 0.18332341685891151}",,False,0.18332341685891151
tabiclv2,tabicl-classifier-v2-20260212.ckpt,,,nogit:afd539c9e2f221fc,,12.4,spambase,gpu,False,,,3f9236be15390304,,ssl-tfm,"{'cuda_available': True, 'cuda_version': '12.4', 'env_name': None, 'env_prefix': '/private/ofirlin-lab/suissad4/envs/micromamba', 'gpu_count': 1, 'gpu_name': 'NVIDIA A100 80GB PCIe', 'hostname': 'dsiuriofir01', 'packages': {'catboost': '1.2.10', 'lightgbm': '4.7.0', 'numpy': '2.4.6', 'pandas': '3.0.3', 'scikit-learn': '1.9.0', 'tabicl': '2.1.1', 'tabpfn': '8.1.0', 'torch': '2.6.0+cu124', 'xgboost': None}, 'platform': 'Linux-5.14.0-687.15.1.el9_8.x86_64-x86_64-with-glibc2.34', 'python': '3.11.15 | packaged by conda-forge | (main, Jun 11 2026, 03:34:02) [GCC 14.3.0]', 'python_version': '3.11.15', 'torch_available': True, 'torch_version': '2.6.0+cu124'}",,,NVIDIA A100 80GB PCIe,dsiuriofir01,raw,True,tabiclv2,{},44136fa355b3678a,tfm_frozen,official,0.8631921824104235,0.9131493257572944,0.8375174027666696,0.1998266472196881,0.030449395461139322,0.32642884618691087,0.8498011949014775,0.32642884618691087,0.9414131540231246,50,,False,,unknown,,inductive,TabICL / TabICLv2,spambase__tabiclv2__s2__n50__ae07dd29616a0e0b,5.0622,2,44,18453340,v1_absolute_budget,success,True,2026-07-22T14:39:20.887366+00:00,"{'all_classes_present_in_labeled': True, 'backbone': 'tabiclv2', 'best_epoch': nan, 'best_val_loss': nan, 'checkpoint': 'tabicl-classifier-v2-20260212.ckpt', 'cold_load_seconds': 1.033628397155553, 'dataset': 'spambase', 'dataset_id': 44, 'embedding_source': None, 'epochs_trained': nan, 'error_message': None, 'final_train_loss': nan, 'finetune_epochs_trained': nan, 'graph_n_neighbors_used': nan, 'graph_n_rows': nan, 'graph_n_unlabeled_used': nan, 'graph_retry_count': nan, 'input_view': 'raw', 'kv_cache': True, 'labeled_class_counts': '{0:30,1:20}', 'labeled_classes_present': 2, 'max_labeled_per_class': 30, 'max_selected_confidence': nan, 'mean_selected_confidence': nan, 'mean_selected_density': nan, 'method': 'tabiclv2', 'method_fidelity': 'official', 'metric_accuracy': 0.8631921824104235, 'metric_average_precision': 0.9131493257572944, 'metric_balanced_accuracy': 0.8375174027666696, 'metric_brier': 0.1998266472196881, 'metric_ece': 0.030449395461139322, 'metric_log_loss': 0.32642884618691087, 'metric_macro_f1': 0.8498011949014775, 'metric_nll': 0.32642884618691087, 'metric_roc_auc': 0.9414131540231246, 'min_labeled_per_class': 20, 'min_selected_confidence': nan, 'n_classes': 2, 'n_features_after_preprocessing': 57, 'n_features_before_preprocessing': 57, 'n_labeled': 50, 'n_pseudo_added_last_iter': nan, 'n_pseudo_added_total': nan, 'n_unlabeled': 3630, 'neural_method': nan, 'neural_validation_strategy': nan, 'package_version': 'unknown', 'peak_gpu_memory_mb': 1374.81494140625, 'pretrain_epochs_trained': nan, 'protocol': 'inductive', 'pseudo_label_class_distribution': nan, 'pseudo_label_fraction': nan, 'reference_family': 'TabICLv2 / soda-inria/tabicl', 'runtime_seconds': 5.0622, 'seed': 2, 'self_training_iterations': nan, 'status': 'success', 'stopped_reason': nan, 'test_class_counts': '{0:558,1:363}', 'test_size': 921, 'timestamp_utc': '2026-07-22T14:39:15.800487+00:00', 'train_labeled_size': 40, 'train_pool_class_counts': '{0:2230,1:1450}', 'unlabeled_class_counts': '{0:2200,1:1430}', 'val_class_counts': '{0:6,1:4}', 'val_size': 10, 'validation_strategy': 'stratified_labeled_val', 'warm_inference_seconds': 0.1800396591424942}",,False,0.1800396591424942
tabpfn3,/private/ofirlin-lab/suissad4/caches/tabpfn/tabpfn-v3-classifier-v3_default.ckpt,,,nogit:afd539c9e2f221fc,,12.4,spambase,gpu,False,,,3f9236be15390304,,ssl-tfm,"{'cuda_available': True, 'cuda_version': '12.4', 'env_name': None, 'env_prefix': '/private/ofirlin-lab/suissad4/envs/micromamba', 'gpu_count': 1, 'gpu_name': 'NVIDIA A100 80GB PCIe', 'hostname': 'dsiuriofir01', 'packages': {'catboost': '1.2.10', 'lightgbm': '4.7.0', 'numpy': '2.4.6', 'pandas': '3.0.3', 'scikit-learn': '1.9.0', 'tabicl': '2.1.1', 'tabpfn': '8.1.0', 'torch': '2.6.0+cu124', 'xgboost': None}, 'platform': 'Linux-5.14.0-687.15.1.el9_8.x86_64-x86_64-with-glibc2.34', 'python': '3.11.15 | packaged by conda-forge | (main, Jun 11 2026, 03:34:02) [GCC 14.3.0]', 'python_version': '3.11.15', 'torch_available': True, 'torch_version': '2.6.0+cu124'}",,,NVIDIA A100 80GB PCIe,dsiuriofir01,raw,,tabpfn3,{},44136fa355b3678a,tfm_frozen,official,0.8968512486427795,0.9618315548136764,0.9028407239550935,0.13466971026090807,0.033717745949593966,0.22759929338922813,0.8940406253292497,0.22759929338922813,0.9724122949929401,100,,False,,8.1.0,,inductive,Hollmann et al. TabPFN / TabPFN-3,spambase__tabpfn3__s0__n100__6e241107f7c39e3f,6.042,0,25,18451583,v1_absolute_budget,success,True,2026-07-22T14:36:05.847012+00:00,"{'all_classes_present_in_labeled': True, 'backbone': 'tabpfn3', 'best_epoch': nan, 'best_val_loss': nan, 'checkpoint': '/private/ofirlin-lab/suissad4/caches/tabpfn/tabpfn-v3-classifier-v3_default.ckpt', 'cold_load_seconds': 0.8632547813467681, 'dataset': 'spambase', 'dataset_id': 44, 'embedding_source': None, 'epochs_trained': nan, 'error_message': None, 'final_train_loss': nan, 'finetune_epochs_trained': nan, 'graph_n_neighbors_used': nan, 'graph_n_rows': nan, 'graph_n_unlabeled_used': nan, 'graph_retry_count': nan, 'input_view': 'raw', 'kv_cache': None, 'labeled_class_counts': '{0:60,1:40}', 'labeled_classes_present': 2, 'max_labeled_per_class': 60, 'max_selected_confidence': nan, 'mean_selected_confidence': nan, 'mean_selected_density': nan, 'method': 'tabpfn3', 'method_fidelity': 'official', 'metric_accuracy': 0.8968512486427795, 'metric_average_precision': 0.9618315548136764, 'metric_balanced_accuracy': 0.9028407239550935, 'metric_brier': 0.13466971026090807, 'metric_ece': 0.033717745949593966, 'metric_log_loss': 0.22759929338922813, 'metric_macro_f1': 0.8940406253292497, 'metric_nll': 0.22759929338922813, 'metric_roc_auc': 0.9724122949929401, 'min_labeled_per_class': 40, 'min_selected_confidence': nan, 'n_classes': 2, 'n_features_after_preprocessing': 57, 'n_features_before_preprocessing': 57, 'n_labeled': 100, 'n_pseudo_added_last_iter': nan, 'n_pseudo_added_total': nan, 'n_unlabeled': 3580, 'neural_method': nan, 'neural_validation_strategy': nan, 'package_version': '8.1.0', 'peak_gpu_memory_mb': 476.521484375, 'pretrain_epochs_trained': nan, 'protocol': 'inductive', 'pseudo_label_class_distribution': nan, 'pseudo_label_fraction': nan, 'reference_family': 'TabPFN-3 / PriorLabs', 'runtime_seconds': 6.042, 'seed': 0, 'self_training_iterations': nan, 'status': 'success', 'stopped_reason': nan, 'test_class_counts': '{0:558,1:363}', 'test_size': 921, 'timestamp_utc': '2026-07-22T14:35:59.782346+00:00', 'train_labeled_size': 80, 'train_pool_class_counts': '{0:2230,1:1450}', 'unlabeled_class_counts': '{0:2170,1:1410}', 'val_class_counts': '{0:12,1:8}', 'val_size': 20, 'validation_strategy': 'stratified_labeled_val', 'warm_inference_seconds': 0.5079115252010524}",,False,0.5079115252010524
tabpfn3,/private/ofirlin-lab/suissad4/caches/tabpfn/tabpfn-v3-classifier-v3_default.ckpt,,,nogit:afd539c9e2f221fc,,12.4,spambase,gpu,False,,,3f9236be15390304,,ssl-tfm,"{'cuda_available': True, 'cuda_version': '12.4', 'env_name': None, 'env_prefix': '/private/ofirlin-lab/suissad4/envs/micromamba', 'gpu_count': 1, 'gpu_name': 'NVIDIA A100 80GB PCIe', 'hostname': 'dsiuriofir01', 'packages': {'catboost': '1.2.10', 'lightgbm': '4.7.0', 'numpy': '2.4.6', 'pandas': '3.0.3', 'scikit-learn': '1.9.0', 'tabicl': '2.1.1', 'tabpfn': '8.1.0', 'torch': '2.6.0+cu124', 'xgboost': None}, 'platform': 'Linux-5.14.0-687.15.1.el9_8.x86_64-x86_64-with-glibc2.34', 'python': '3.11.15 | packaged by conda-forge | (main, Jun 11 2026, 03:34:02) [GCC 14.3.0]', 'python_version': '3.11.15', 'torch_available': True, 'torch_version': '2.6.0+cu124'}",,,NVIDIA A100 80GB PCIe,dsiuriofir01,raw,,tabpfn3,{},44136fa355b3678a,tfm_frozen,official,0.9283387622149837,0.9667921549167997,0.9302704463994786,0.1038504996297984,0.01685636128676863,0.1914758096443532,0.9257178191203355,0.1914758096443532,0.9785489301618333,250,,False,,8.1.0,,inductive,Hollmann et al. TabPFN / TabPFN-3,spambase__tabpfn3__s0__n250__08ce04aa64777a61,6.4756,0,26,18451696,v1_absolute_budget,success,True,2026-07-22T14:36:16.711680+00:00,"{'all_classes_present_in_labeled': True, 'backbone': 'tabpfn3', 'best_epoch': nan, 'best_val_loss': nan, 'checkpoint': '/private/ofirlin-lab/suissad4/caches/tabpfn/tabpfn-v3-classifier-v3_default.ckpt', 'cold_load_seconds': 0.916579894721508, 'dataset': 'spambase', 'dataset_id': 44, 'embedding_source': None, 'epochs_trained': nan, 'error_message': None, 'final_train_loss': nan, 'finetune_epochs_trained': nan, 'graph_n_neighbors_used': nan, 'graph_n_rows': nan, 'graph_n_unlabeled_used': nan, 'graph_retry_count': nan, 'input_view': 'raw', 'kv_cache': None, 'labeled_class_counts': '{0:150,1:100}', 'labeled_classes_present': 2, 'max_labeled_per_class': 150, 'max_selected_confidence': nan, 'mean_selected_confidence': nan, 'mean_selected_density': nan, 'method': 'tabpfn3', 'method_fidelity': 'official', 'metric_accuracy': 0.9283387622149837, 'metric_average_precision': 0.9667921549167997, 'metric_balanced_accuracy': 0.9302704463994786, 'metric_brier': 0.1038504996297984, 'metric_ece': 0.01685636128676863, 'metric_log_loss': 0.1914758096443532, 'metric_macro_f1': 0.9257178191203355, 'metric_nll': 0.1914758096443532, 'metric_roc_auc': 0.9785489301618333, 'min_labeled_per_class': 100, 'min_selected_confidence': nan, 'n_classes': 2, 'n_features_after_preprocessing': 57, 'n_features_before_preprocessing': 57, 'n_labeled': 250, 'n_pseudo_added_last_iter': nan, 'n_pseudo_added_total': nan, 'n_unlabeled': 3430, 'neural_method': nan, 'neural_validation_strategy': nan, 'package_version': '8.1.0', 'peak_gpu_memory_mb': 529.30712890625, 'pretrain_epochs_trained': nan, 'protocol': 'inductive', 'pseudo_label_class_distribution': nan, 'pseudo_label_fraction': nan, 'reference_family': 'TabPFN-3 / PriorLabs', 'runtime_seconds': 6.4756, 'seed': 0, 'self_training_iterations': nan, 'status': 'success', 'stopped_reason': nan, 'test_class_counts': '{0:558,1:363}', 'test_size': 921, 'timestamp_utc': '2026-07-22T14:36:10.206939+00:00', 'train_labeled_size': 200, 'train_pool_class_counts': '{0:2230,1:1450}', 'unlabeled_class_counts': '{0:2080,1:1350}', 'val_class_counts': '{0:30,1:20}', 'val_size': 50, 'validation_strategy': 'stratified_labeled_val', 'warm_inference_seconds': 0.5204939171671867}",,False,0.5204939171671867
tabpfn3,/private/ofirlin-lab/suissad4/caches/tabpfn/tabpfn-v3-classifier-v3_default.ckpt,,,nogit:afd539c9e2f221fc,,12.4,spambase,gpu,False,,,3f9236be15390304,,ssl-tfm,"{'cuda_available': True, 'cuda_version': '12.4', 'env_name': None, 'env_prefix': '/private/ofirlin-lab/suissad4/envs/micromamba', 'gpu_count': 1, 'gpu_name': 'NVIDIA A100 80GB PCIe', 'hostname': 'dsiuriofir01', 'packages': {'catboost': '1.2.10', 'lightgbm': '4.7.0', 'numpy': '2.4.6', 'pandas': '3.0.3', 'scikit-learn': '1.9.0', 'tabicl': '2.1.1', 'tabpfn': '8.1.0', 'torch': '2.6.0+cu124', 'xgboost': None}, 'platform': 'Linux-5.14.0-687.15.1.el9_8.x86_64-x86_64-with-glibc2.34', 'python': '3.11.15 | packaged by conda-forge | (main, Jun 11 2026, 03:34:02) [GCC 14.3.0]', 'python_version': '3.11.15', 'torch_available': True, 'torch_version': '2.6.0+cu124'}",,,NVIDIA A100 80GB PCIe,dsiuriofir01,raw,,tabpfn3,{},44136fa355b3678a,tfm_frozen,official,0.9424538545059717,0.9748837511882557,0.9395124263159453,0.08921137787871301,0.022755081360932235,0.1599325289863261,0.9397240144475658,0.1599325289863261,0.9826169811507054,500,,False,,8.1.0,,inductive,Hollmann et al. TabPFN / TabPFN-3,spambase__tabpfn3__s0__n500__3110f6c1a33d5fa8,6.1948,0,27,18451921,v1_absolute_budget,success,True,2026-07-22T14:36:27.041654+00:00,"{'all_classes_present_in_labeled': True, 'backbone': 'tabpfn3', 'best_epoch': nan, 'best_val_loss': nan, 'checkpoint': '/private/ofirlin-lab/suissad4/caches/tabpfn/tabpfn-v3-classifier-v3_default.ckpt', 'cold_load_seconds': 0.8719915151596069, 'dataset': 'spambase', 'dataset_id': 44, 'embedding_source': None, 'epochs_trained': nan, 'error_message': None, 'final_train_loss': nan, 'finetune_epochs_trained': nan, 'graph_n_neighbors_used': nan, 'graph_n_rows': nan, 'graph_n_unlabeled_used': nan, 'graph_retry_count': nan, 'input_view': 'raw', 'kv_cache': None, 'labeled_class_counts': '{0:302,1:198}', 'labeled_classes_present': 2, 'max_labeled_per_class': 302, 'max_selected_confidence': nan, 'mean_selected_confidence': nan, 'mean_selected_density': nan, 'method': 'tabpfn3', 'method_fidelity': 'official', 'metric_accuracy': 0.9424538545059717, 'metric_average_precision': 0.9748837511882557, 'metric_balanced_accuracy': 0.9395124263159453, 'metric_brier': 0.08921137787871301, 'metric_ece': 0.022755081360932235, 'metric_log_loss': 0.1599325289863261, 'metric_macro_f1': 0.9397240144475658, 'metric_nll': 0.1599325289863261, 'metric_roc_auc': 0.9826169811507054, 'min_labeled_per_class': 198, 'min_selected_confidence': nan, 'n_classes': 2, 'n_features_after_preprocessing': 57, 'n_features_before_preprocessing': 57, 'n_labeled': 500, 'n_pseudo_added_last_iter': nan, 'n_pseudo_added_total': nan, 'n_unlabeled': 3180, 'neural_method': nan, 'neural_validation_strategy': nan, 'package_version': '8.1.0', 'peak_gpu_memory_mb': 589.21240234375, 'pretrain_epochs_trained': nan, 'protocol': 'inductive', 'pseudo_label_class_distribution': nan, 'pseudo_label_fraction': nan, 'reference_family': 'TabPFN-3 / PriorLabs', 'runtime_seconds': 6.1948, 'seed': 0, 'self_training_iterations': nan, 'status': 'success', 'stopped_reason': nan, 'test_class_counts': '{0:558,1:363}', 'test_size': 921, 'timestamp_utc': '2026-07-22T14:36:20.822553+00:00', 'train_labeled_size': 400, 'train_pool_class_counts': '{0:2230,1:1450}', 'unlabeled_class_counts': '{0:1928,1:1252}', 'val_class_counts': '{0:60,1:40}', 'val_size': 100, 'validation_strategy': 'stratified_labeled_val', 'warm_inference_seconds': 0.5245436667464674}",,False,0.5245436667464674
tabpfn3,/private/ofirlin-lab/suissad4/caches/tabpfn/tabpfn-v3-classifier-v3_default.ckpt,,,nogit:afd539c9e2f221fc,,12.4,spambase,gpu,False,,,3f9236be15390304,,ssl-tfm,"{'cuda_available': True, 'cuda_version': '12.4', 'env_name': None, 'env_prefix': '/private/ofirlin-lab/suissad4/envs/micromamba', 'gpu_count': 1, 'gpu_name': 'NVIDIA A100 80GB PCIe', 'hostname': 'dsiuriofir01', 'packages': {'catboost': '1.2.10', 'lightgbm': '4.7.0', 'numpy': '2.4.6', 'pandas': '3.0.3', 'scikit-learn': '1.9.0', 'tabicl': '2.1.1', 'tabpfn': '8.1.0', 'torch': '2.6.0+cu124', 'xgboost': None}, 'platform': 'Linux-5.14.0-687.15.1.el9_8.x86_64-x86_64-with-glibc2.34', 'python': '3.11.15 | packaged by conda-forge | (main, Jun 11 2026, 03:34:02) [GCC 14.3.0]', 'python_version': '3.11.15', 'torch_available': True, 'torch_version': '2.6.0+cu124'}",,,NVIDIA A100 80GB PCIe,dsiuriofir01,raw,,tabpfn3,{},44136fa355b3678a,tfm_frozen,official,0.8968512486427795,0.9434954123088128,0.8946577209040553,0.15577916213685802,0.08072823279929815,0.2760821374114952,0.8925630997623974,0.2760821374114952,0.9603019441729119,50,,False,,8.1.0,,inductive,Hollmann et al. TabPFN / TabPFN-3,spambase__tabpfn3__s0__n50__5bc1549b5e8b104c,6.7609,0,24,18451468,v1_absolute_budget,success,True,2026-07-22T14:35:55.815151+00:00,"{'all_classes_present_in_labeled': True, 'backbone': 'tabpfn3', 'best_epoch': nan, 'best_val_loss': nan, 'checkpoint': '/private/ofirlin-lab/suissad4/caches/tabpfn/tabpfn-v3-classifier-v3_default.ckpt', 'cold_load_seconds': 0.8664978430606425, 'dataset': 'spambase', 'dataset_id': 44, 'embedding_source': None, 'epochs_trained': nan, 'error_message': None, 'final_train_loss': nan, 'finetune_epochs_trained': nan, 'graph_n_neighbors_used': nan, 'graph_n_rows': nan, 'graph_n_unlabeled_used': nan, 'graph_retry_count': nan, 'input_view': 'raw', 'kv_cache': None, 'labeled_class_counts': '{0:30,1:20}', 'labeled_classes_present': 2, 'max_labeled_per_class': 30, 'max_selected_confidence': nan, 'mean_selected_confidence': nan, 'mean_selected_density': nan, 'method': 'tabpfn3', 'method_fidelity': 'official', 'metric_accuracy': 0.8968512486427795, 'metric_average_precision': 0.9434954123088128, 'metric_balanced_accuracy': 0.8946577209040553, 'metric_brier': 0.15577916213685802, 'metric_ece': 0.08072823279929815, 'metric_log_loss': 0.2760821374114952, 'metric_macro_f1': 0.8925630997623974, 'metric_nll': 0.2760821374114952, 'metric_roc_auc': 0.9603019441729119, 'min_labeled_per_class': 20, 'min_selected_confidence': nan, 'n_classes': 2, 'n_features_after_preprocessing': 57, 'n_features_before_preprocessing': 57, 'n_labeled': 50, 'n_pseudo_added_last_iter': nan, 'n_pseudo_added_total': nan, 'n_unlabeled': 3630, 'neural_method': nan, 'neural_validation_strategy': nan, 'package_version': '8.1.0', 'peak_gpu_memory_mb': 442.259765625, 'pretrain_epochs_trained': nan, 'protocol': 'inductive', 'pseudo_label_class_distribution': nan, 'pseudo_label_fraction': nan, 'reference_family': 'TabPFN-3 / PriorLabs', 'runtime_seconds': 6.7609, 'seed': 0, 'self_training_iterations': nan, 'status': 'success', 'stopped_reason': nan, 'test_class_counts': '{0:558,1:363}', 'test_size': 921, 'timestamp_utc': '2026-07-22T14:35:49.033422+00:00', 'train_labeled_size': 40, 'train_pool_class_counts': '{0:2230,1:1450}', 'unlabeled_class_counts': '{0:2200,1:1430}', 'val_class_counts': '{0:6,1:4}', 'val_size': 10, 'validation_strategy': 'stratified_labeled_val', 'warm_inference_seconds': 0.5038275471888483}",,False,0.5038275471888483
tabpfn3,/private/ofirlin-lab/suissad4/caches/tabpfn/tabpfn-v3-classifier-v3_default.ckpt,,,nogit:afd539c9e2f221fc,,12.4,spambase,gpu,False,,,3f9236be15390304,,ssl-tfm,"{'cuda_available': True, 'cuda_version': '12.4', 'env_name': None, 'env_prefix': '/private/ofirlin-lab/suissad4/envs/micromamba', 'gpu_count': 1, 'gpu_name': 'NVIDIA A100 80GB PCIe', 'hostname': 'dsiuriofir01', 'packages': {'catboost': '1.2.10', 'lightgbm': '4.7.0', 'numpy': '2.4.6', 'pandas': '3.0.3', 'scikit-learn': '1.9.0', 'tabicl': '2.1.1', 'tabpfn': '8.1.0', 'torch': '2.6.0+cu124', 'xgboost': None}, 'platform': 'Linux-5.14.0-687.15.1.el9_8.x86_64-x86_64-with-glibc2.34', 'python': '3.11.15 | packaged by conda-forge | (main, Jun 11 2026, 03:34:02) [GCC 14.3.0]', 'python_version': '3.11.15', 'torch_available': True, 'torch_version': '2.6.0+cu124'}",,,NVIDIA A100 80GB PCIe,dsiuriofir01,raw,,tabpfn3,{},44136fa355b3678a,tfm_frozen,official,0.9098805646036916,0.9482006402173282,0.9001155247489558,0.14027577913251274,0.03241979301408605,0.2547587201894827,0.9045318133622741,0.2547587201894827,0.961970634991163,100,,False,,8.1.0,,inductive,Hollmann et al. TabPFN / TabPFN-3,spambase__tabpfn3__s1__n100__37dde2db9ec967af,6.1087,1,29,18452035,v1_absolute_budget,success,True,2026-07-22T14:36:46.833809+00:00,"{'all_classes_present_in_labeled': True, 'backbone': 'tabpfn3', 'best_epoch': nan, 'best_val_loss': nan, 'checkpoint': '/private/ofirlin-lab/suissad4/caches/tabpfn/tabpfn-v3-classifier-v3_default.ckpt', 'cold_load_seconds': 0.8635746957734227, 'dataset': 'spambase', 'dataset_id': 44, 'embedding_source': None, 'epochs_trained': nan, 'error_message': None, 'final_train_loss': nan, 'finetune_epochs_trained': nan, 'graph_n_neighbors_used': nan, 'graph_n_rows': nan, 'graph_n_unlabeled_used': nan, 'graph_retry_count': nan, 'input_view': 'raw', 'kv_cache': None, 'labeled_class_counts': '{0:60,1:40}', 'labeled_classes_present': 2, 'max_labeled_per_class': 60, 'max_selected_confidence': nan, 'mean_selected_confidence': nan, 'mean_selected_density': nan, 'method': 'tabpfn3', 'method_fidelity': 'official', 'metric_accuracy': 0.9098805646036916, 'metric_average_precision': 0.9482006402173282, 'metric_balanced_accuracy': 0.9001155247489558, 'metric_brier': 0.14027577913251274, 'metric_ece': 0.03241979301408605, 'metric_log_loss': 0.2547587201894827, 'metric_macro_f1': 0.9045318133622741, 'metric_nll': 0.2547587201894827, 'metric_roc_auc': 0.961970634991163, 'min_labeled_per_class': 40, 'min_selected_confidence': nan, 'n_classes': 2, 'n_features_after_preprocessing': 57, 'n_features_before_preprocessing': 57, 'n_labeled': 100, 'n_pseudo_added_last_iter': nan, 'n_pseudo_added_total': nan, 'n_unlabeled': 3580, 'neural_method': nan, 'neural_validation_strategy': nan, 'package_version': '8.1.0', 'peak_gpu_memory_mb': 473.56201171875, 'pretrain_epochs_trained': nan, 'protocol': 'inductive', 'pseudo_label_class_distribution': nan, 'pseudo_label_fraction': nan, 'reference_family': 'TabPFN-3 / PriorLabs', 'runtime_seconds': 6.1087, 'seed': 1, 'self_training_iterations': nan, 'status': 'success', 'stopped_reason': nan, 'test_class_counts': '{0:558,1:363}', 'test_size': 921, 'timestamp_utc': '2026-07-22T14:36:40.701295+00:00', 'train_labeled_size': 80, 'train_pool_class_counts': '{0:2230,1:1450}', 'unlabeled_class_counts': '{0:2170,1:1410}', 'val_class_counts': '{0:12,1:8}', 'val_size': 20, 'validation_strategy': 'stratified_labeled_val', 'warm_inference_seconds': 0.5040374798700213}",,False,0.5040374798700213
tabpfn3,/private/ofirlin-lab/suissad4/caches/tabpfn/tabpfn-v3-classifier-v3_default.ckpt,,,nogit:afd539c9e2f221fc,,12.4,spambase,gpu,False,,,3f9236be15390304,,ssl-tfm,"{'cuda_available': True, 'cuda_version': '12.4', 'env_name': None, 'env_prefix': '/private/ofirlin-lab/suissad4/envs/micromamba', 'gpu_count': 1, 'gpu_name': 'NVIDIA A100 80GB PCIe', 'hostname': 'dsiuriofir01', 'packages': {'catboost': '1.2.10', 'lightgbm': '4.7.0', 'numpy': '2.4.6', 'pandas': '3.0.3', 'scikit-learn': '1.9.0', 'tabicl': '2.1.1', 'tabpfn': '8.1.0', 'torch': '2.6.0+cu124', 'xgboost': None}, 'platform': 'Linux-5.14.0-687.15.1.el9_8.x86_64-x86_64-with-glibc2.34', 'python': '3.11.15 | packaged by conda-forge | (main, Jun 11 2026, 03:34:02) [GCC 14.3.0]', 'python_version': '3.11.15', 'torch_available': True, 'torch_version': '2.6.0+cu124'}",,,NVIDIA A100 80GB PCIe,dsiuriofir01,raw,,tabpfn3,{},44136fa355b3678a,tfm_frozen,official,0.9272529858849077,0.9613767345204463,0.9207100328801209,0.11934164972232783,0.031088993815050175,0.22454929474126253,0.9233431514192332,0.22454929474126253,0.969988250046901,250,,False,,8.1.0,,inductive,Hollmann et al. TabPFN / TabPFN-3,spambase__tabpfn3__s1__n250__07dc580659c8d282,6.1728,1,30,18452092,v1_absolute_budget,success,True,2026-07-22T14:36:57.310757+00:00,"{'all_classes_present_in_labeled': True, 'backbone': 'tabpfn3', 'best_epoch': nan, 'best_val_loss': nan, 'checkpoint': '/private/ofirlin-lab/suissad4/caches/tabpfn/tabpfn-v3-classifier-v3_default.ckpt', 'cold_load_seconds': 0.8461651909165084, 'dataset': 'spambase', 'dataset_id': 44, 'embedding_source': None, 'epochs_trained': nan, 'error_message': None, 'final_train_loss': nan, 'finetune_epochs_trained': nan, 'graph_n_neighbors_used': nan, 'graph_n_rows': nan, 'graph_n_unlabeled_used': nan, 'graph_retry_count': nan, 'input_view': 'raw', 'kv_cache': None, 'labeled_class_counts': '{0:150,1:100}', 'labeled_classes_present': 2, 'max_labeled_per_class': 150, 'max_selected_confidence': nan, 'mean_selected_confidence': nan, 'mean_selected_density': nan, 'method': 'tabpfn3', 'method_fidelity': 'official', 'metric_accuracy': 0.9272529858849077, 'metric_average_precision': 0.9613767345204463, 'metric_balanced_accuracy': 0.9207100328801209, 'metric_brier': 0.11934164972232783, 'metric_ece': 0.031088993815050175, 'metric_log_loss': 0.22454929474126253, 'metric_macro_f1': 0.9233431514192332, 'metric_nll': 0.22454929474126253, 'metric_roc_auc': 0.969988250046901, 'min_labeled_per_class': 100, 'min_selected_confidence': nan, 'n_classes': 2, 'n_features_after_preprocessing': 57, 'n_features_before_preprocessing': 57, 'n_labeled': 250, 'n_pseudo_added_last_iter': nan, 'n_pseudo_added_total': nan, 'n_unlabeled': 3430, 'neural_method': nan, 'neural_validation_strategy': nan, 'package_version': '8.1.0', 'peak_gpu_memory_mb': 528.72998046875, 'pretrain_epochs_trained': nan, 'protocol': 'inductive', 'pseudo_label_class_distribution': nan, 'pseudo_label_fraction': nan, 'reference_family': 'TabPFN-3 / PriorLabs', 'runtime_seconds': 6.1728, 'seed': 1, 'self_training_iterations': nan, 'status': 'success', 'stopped_reason': nan, 'test_class_counts': '{0:558,1:363}', 'test_size': 921, 'timestamp_utc': '2026-07-22T14:36:51.113977+00:00', 'train_labeled_size': 200, 'train_pool_class_counts': '{0:2230,1:1450}', 'unlabeled_class_counts': '{0:2080,1:1350}', 'val_class_counts': '{0:30,1:20}', 'val_size': 50, 'validation_strategy': 'stratified_labeled_val', 'warm_inference_seconds': 0.516903764102608}",,False,0.516903764102608
tabpfn3,/private/ofirlin-lab/suissad4/caches/tabpfn/tabpfn-v3-classifier-v3_default.ckpt,,,nogit:afd539c9e2f221fc,,12.4,spambase,gpu,False,,,3f9236be15390304,,ssl-tfm,"{'cuda_available': True, 'cuda_version': '12.4', 'env_name': None, 'env_prefix': '/private/ofirlin-lab/suissad4/envs/micromamba', 'gpu_count': 1, 'gpu_name': 'NVIDIA A100 80GB PCIe', 'hostname': 'dsiuriofir01', 'packages': {'catboost': '1.2.10', 'lightgbm': '4.7.0', 'numpy': '2.4.6', 'pandas': '3.0.3', 'scikit-learn': '1.9.0', 'tabicl': '2.1.1', 'tabpfn': '8.1.0', 'torch': '2.6.0+cu124', 'xgboost': None}, 'platform': 'Linux-5.14.0-687.15.1.el9_8.x86_64-x86_64-with-glibc2.34', 'python': '3.11.15 | packaged by conda-forge | (main, Jun 11 2026, 03:34:02) [GCC 14.3.0]', 'python_version': '3.11.15', 'torch_available': True, 'torch_version': '2.6.0+cu124'}",,,NVIDIA A100 80GB PCIe,dsiuriofir01,raw,,tabpfn3,{},44136fa355b3678a,tfm_frozen,official,0.9381107491856677,0.9689470062832964,0.9340027844426672,0.09949804572470793,0.023249105071924268,0.1812509489107452,0.9350478384541245,0.1812509489107452,0.9776207826061198,500,,False,,8.1.0,,inductive,Hollmann et al. TabPFN / TabPFN-3,spambase__tabpfn3__s1__n500__200e416badc159ef,6.0263,1,31,18452093,v1_absolute_budget,success,True,2026-07-22T14:37:07.122081+00:00,"{'all_classes_present_in_labeled': True, 'backbone': 'tabpfn3', 'best_epoch': nan, 'best_val_loss': nan, 'checkpoint': '/private/ofirlin-lab/suissad4/caches/tabpfn/tabpfn-v3-classifier-v3_default.ckpt', 'cold_load_seconds': 0.8611021689139307, 'dataset': 'spambase', 'dataset_id': 44, 'embedding_source': None, 'epochs_trained': nan, 'error_message': None, 'final_train_loss': nan, 'finetune_epochs_trained': nan, 'graph_n_neighbors_used': nan, 'graph_n_rows': nan, 'graph_n_unlabeled_used': nan, 'graph_retry_count': nan, 'input_view': 'raw', 'kv_cache': None, 'labeled_class_counts': '{0:302,1:198}', 'labeled_classes_present': 2, 'max_labeled_per_class': 302, 'max_selected_confidence': nan, 'mean_selected_confidence': nan, 'mean_selected_density': nan, 'method': 'tabpfn3', 'method_fidelity': 'official', 'metric_accuracy': 0.9381107491856677, 'metric_average_precision': 0.9689470062832964, 'metric_balanced_accuracy': 0.9340027844426672, 'metric_brier': 0.09949804572470793, 'metric_ece': 0.023249105071924268, 'metric_log_loss': 0.1812509489107452, 'metric_macro_f1': 0.9350478384541245, 'metric_nll': 0.1812509489107452, 'metric_roc_auc': 0.9776207826061198, 'min_labeled_per_class': 198, 'min_selected_confidence': nan, 'n_classes': 2, 'n_features_after_preprocessing': 57, 'n_features_before_preprocessing': 57, 'n_labeled': 500, 'n_pseudo_added_last_iter': nan, 'n_pseudo_added_total': nan, 'n_unlabeled': 3180, 'neural_method': nan, 'neural_validation_strategy': nan, 'package_version': '8.1.0', 'peak_gpu_memory_mb': 577.68994140625, 'pretrain_epochs_trained': nan, 'protocol': 'inductive', 'pseudo_label_class_distribution': nan, 'pseudo_label_fraction': nan, 'reference_family': 'TabPFN-3 / PriorLabs', 'runtime_seconds': 6.0263, 'seed': 1, 'self_training_iterations': nan, 'status': 'success', 'stopped_reason': nan, 'test_class_counts': '{0:558,1:363}', 'test_size': 921, 'timestamp_utc': '2026-07-22T14:37:01.071509+00:00', 'train_labeled_size': 400, 'train_pool_class_counts': '{0:2230,1:1450}', 'unlabeled_class_counts': '{0:1928,1:1252}', 'val_class_counts': '{0:60,1:40}', 'val_size': 100, 'validation_strategy': 'stratified_labeled_val', 'warm_inference_seconds': 0.5159512162208557}",,False,0.5159512162208557
tabpfn3,/private/ofirlin-lab/suissad4/caches/tabpfn/tabpfn-v3-classifier-v3_default.ckpt,,,nogit:afd539c9e2f221fc,,12.4,spambase,gpu,False,,,3f9236be15390304,,ssl-tfm,"{'cuda_available': True, 'cuda_version': '12.4', 'env_name': None, 'env_prefix': '/private/ofirlin-lab/suissad4/envs/micromamba', 'gpu_count': 1, 'gpu_name': 'NVIDIA A100 80GB PCIe', 'hostname': 'dsiuriofir01', 'packages': {'catboost': '1.2.10', 'lightgbm': '4.7.0', 'numpy': '2.4.6', 'pandas': '3.0.3', 'scikit-learn': '1.9.0', 'tabicl': '2.1.1', 'tabpfn': '8.1.0', 'torch': '2.6.0+cu124', 'xgboost': None}, 'platform': 'Linux-5.14.0-687.15.1.el9_8.x86_64-x86_64-with-glibc2.34', 'python': '3.11.15 | packaged by conda-forge | (main, Jun 11 2026, 03:34:02) [GCC 14.3.0]', 'python_version': '3.11.15', 'torch_available': True, 'torch_version': '2.6.0+cu124'}",,,NVIDIA A100 80GB PCIe,dsiuriofir01,raw,,tabpfn3,{},44136fa355b3678a,tfm_frozen,official,0.8946796959826275,0.9348114063793973,0.8851639562783258,0.15950245313397626,0.029230794673148135,0.2797861594662839,0.8886690053523918,0.2797861594662839,0.9488185866484986,50,,False,,8.1.0,,inductive,Hollmann et al. TabPFN / TabPFN-3,spambase__tabpfn3__s1__n50__33cc63de7aeaf6cd,6.1866,1,28,18451978,v1_absolute_budget,success,True,2026-07-22T14:36:37.100815+00:00,"{'all_classes_present_in_labeled': True, 'backbone': 'tabpfn3', 'best_epoch': nan, 'best_val_loss': nan, 'checkpoint': '/private/ofirlin-lab/suissad4/caches/tabpfn/tabpfn-v3-classifier-v3_default.ckpt', 'cold_load_seconds': 0.8662246507592499, 'dataset': 'spambase', 'dataset_id': 44, 'embedding_source': None, 'epochs_trained': nan, 'error_message': None, 'final_train_loss': nan, 'finetune_epochs_trained': nan, 'graph_n_neighbors_used': nan, 'graph_n_rows': nan, 'graph_n_unlabeled_used': nan, 'graph_retry_count': nan, 'input_view': 'raw', 'kv_cache': None, 'labeled_class_counts': '{0:30,1:20}', 'labeled_classes_present': 2, 'max_labeled_per_class': 30, 'max_selected_confidence': nan, 'mean_selected_confidence': nan, 'mean_selected_density': nan, 'method': 'tabpfn3', 'method_fidelity': 'official', 'metric_accuracy': 0.8946796959826275, 'metric_average_precision': 0.9348114063793973, 'metric_balanced_accuracy': 0.8851639562783258, 'metric_brier': 0.15950245313397626, 'metric_ece': 0.029230794673148135, 'metric_log_loss': 0.2797861594662839, 'metric_macro_f1': 0.8886690053523918, 'metric_nll': 0.2797861594662839, 'metric_roc_auc': 0.9488185866484986, 'min_labeled_per_class': 20, 'min_selected_confidence': nan, 'n_classes': 2, 'n_features_after_preprocessing': 57, 'n_features_before_preprocessing': 57, 'n_labeled': 50, 'n_pseudo_added_last_iter': nan, 'n_pseudo_added_total': nan, 'n_unlabeled': 3630, 'neural_method': nan, 'neural_validation_strategy': nan, 'package_version': '8.1.0', 'peak_gpu_memory_mb': 442.259765625, 'pretrain_epochs_trained': nan, 'protocol': 'inductive', 'pseudo_label_class_distribution': nan, 'pseudo_label_fraction': nan, 'reference_family': 'TabPFN-3 / PriorLabs', 'runtime_seconds': 6.1866, 'seed': 1, 'self_training_iterations': nan, 'status': 'success', 'stopped_reason': nan, 'test_class_counts': '{0:558,1:363}', 'test_size': 921, 'timestamp_utc': '2026-07-22T14:36:30.891045+00:00', 'train_labeled_size': 40, 'train_pool_class_counts': '{0:2230,1:1450}', 'unlabeled_class_counts': '{0:2200,1:1430}', 'val_class_counts': '{0:6,1:4}', 'val_size': 10, 'validation_strategy': 'stratified_labeled_val', 'warm_inference_seconds': 0.5051221339963377}",,False,0.5051221339963377
tabpfn3,/private/ofirlin-lab/suissad4/caches/tabpfn/tabpfn-v3-classifier-v3_default.ckpt,,,nogit:afd539c9e2f221fc,,12.4,spambase,gpu,False,,,3f9236be15390304,,ssl-tfm,"{'cuda_available': True, 'cuda_version': '12.4', 'env_name': None, 'env_prefix': '/private/ofirlin-lab/suissad4/envs/micromamba', 'gpu_count': 1, 'gpu_name': 'NVIDIA A100 80GB PCIe', 'hostname': 'dsiuriofir01', 'packages': {'catboost': '1.2.10', 'lightgbm': '4.7.0', 'numpy': '2.4.6', 'pandas': '3.0.3', 'scikit-learn': '1.9.0', 'tabicl': '2.1.1', 'tabpfn': '8.1.0', 'torch': '2.6.0+cu124', 'xgboost': None}, 'platform': 'Linux-5.14.0-687.15.1.el9_8.x86_64-x86_64-with-glibc2.34', 'python': '3.11.15 | packaged by conda-forge | (main, Jun 11 2026, 03:34:02) [GCC 14.3.0]', 'python_version': '3.11.15', 'torch_available': True, 'torch_version': '2.6.0+cu124'}",,,NVIDIA A100 80GB PCIe,dsiuriofir01,raw,,tabpfn3,{},44136fa355b3678a,tfm_frozen,official,0.9153094462540716,0.959765839860149,0.9175923457448385,0.1338697835794065,0.01917609175463353,0.2305100070724061,0.912358481358579,0.2305100070724061,0.9671396269636738,100,,False,,8.1.0,,inductive,Hollmann et al. TabPFN / TabPFN-3,spambase__tabpfn3__s2__n100__18fc72a221a17ea9,5.9714,2,33,18452151,v1_absolute_budget,success,True,2026-07-22T14:37:27.797961+00:00,"{'all_classes_present_in_labeled': True, 'backbone': 'tabpfn3', 'best_epoch': nan, 'best_val_loss': nan, 'checkpoint': '/private/ofirlin-lab/suissad4/caches/tabpfn/tabpfn-v3-classifier-v3_default.ckpt', 'cold_load_seconds': 0.8530529378913343, 'dataset': 'spambase', 'dataset_id': 44, 'embedding_source': None, 'epochs_trained': nan, 'error_message': None, 'final_train_loss': nan, 'finetune_epochs_trained': nan, 'graph_n_neighbors_used': nan, 'graph_n_rows': nan, 'graph_n_unlabeled_used': nan, 'graph_retry_count': nan, 'input_view': 'raw', 'kv_cache': None, 'labeled_class_counts': '{0:60,1:40}', 'labeled_classes_present': 2, 'max_labeled_per_class': 60, 'max_selected_confidence': nan, 'mean_selected_confidence': nan, 'mean_selected_density': nan, 'method': 'tabpfn3', 'method_fidelity': 'official', 'metric_accuracy': 0.9153094462540716, 'metric_average_precision': 0.959765839860149, 'metric_balanced_accuracy': 0.9175923457448385, 'metric_brier': 0.1338697835794065, 'metric_ece': 0.01917609175463353, 'metric_log_loss': 0.2305100070724061, 'metric_macro_f1': 0.912358481358579, 'metric_nll': 0.2305100070724061, 'metric_roc_auc': 0.9671396269636738, 'min_labeled_per_class': 40, 'min_selected_confidence': nan, 'n_classes': 2, 'n_features_after_preprocessing': 57, 'n_features_before_preprocessing': 57, 'n_labeled': 100, 'n_pseudo_added_last_iter': nan, 'n_pseudo_added_total': nan, 'n_unlabeled': 3580, 'neural_method': nan, 'neural_validation_strategy': nan, 'package_version': '8.1.0', 'peak_gpu_memory_mb': 473.56201171875, 'pretrain_epochs_trained': nan, 'protocol': 'inductive', 'pseudo_label_class_distribution': nan, 'pseudo_label_fraction': nan, 'reference_family': 'TabPFN-3 / PriorLabs', 'runtime_seconds': 5.9714, 'seed': 2, 'self_training_iterations': nan, 'status': 'success', 'stopped_reason': nan, 'test_class_counts': '{0:558,1:363}', 'test_size': 921, 'timestamp_utc': '2026-07-22T14:37:21.804915+00:00', 'train_labeled_size': 80, 'train_pool_class_counts': '{0:2230,1:1450}', 'unlabeled_class_counts': '{0:2170,1:1410}', 'val_class_counts': '{0:12,1:8}', 'val_size': 20, 'validation_strategy': 'stratified_labeled_val', 'warm_inference_seconds': 0.45632397197186947}",,False,0.45632397197186947
tabpfn3,/private/ofirlin-lab/suissad4/caches/tabpfn/tabpfn-v3-classifier-v3_default.ckpt,,,nogit:afd539c9e2f221fc,,12.4,spambase,gpu,False,,,3f9236be15390304,,ssl-tfm,"{'cuda_available': True, 'cuda_version': '12.4', 'env_name': None, 'env_prefix': '/private/ofirlin-lab/suissad4/envs/micromamba', 'gpu_count': 1, 'gpu_name': 'NVIDIA A100 80GB PCIe', 'hostname': 'dsiuriofir01', 'packages': {'catboost': '1.2.10', 'lightgbm': '4.7.0', 'numpy': '2.4.6', 'pandas': '3.0.3', 'scikit-learn': '1.9.0', 'tabicl': '2.1.1', 'tabpfn': '8.1.0', 'torch': '2.6.0+cu124', 'xgboost': None}, 'platform': 'Linux-5.14.0-687.15.1.el9_8.x86_64-x86_64-with-glibc2.34', 'python': '3.11.15 | packaged by conda-forge | (main, Jun 11 2026, 03:34:02) [GCC 14.3.0]', 'python_version': '3.11.15', 'torch_available': True, 'torch_version': '2.6.0+cu124'}",,,NVIDIA A100 80GB PCIe,dsiuriofir01,raw,,tabpfn3,{},44136fa355b3678a,tfm_frozen,official,0.9402823018458197,0.9694046174063579,0.9367576053793063,0.10374219093712267,0.027274393665151154,0.1864501741758699,0.937388524875871,0.1864501741758699,0.9762038764971317,250,,False,,8.1.0,,inductive,Hollmann et al. TabPFN / TabPFN-3,spambase__tabpfn3__s2__n250__36b8cead67e7567d,6.327,2,34,18452208,v1_absolute_budget,success,True,2026-07-22T14:37:37.927355+00:00,"{'all_classes_present_in_labeled': True, 'backbone': 'tabpfn3', 'best_epoch': nan, 'best_val_loss': nan, 'checkpoint': '/private/ofirlin-lab/suissad4/caches/tabpfn/tabpfn-v3-classifier-v3_default.ckpt', 'cold_load_seconds': 0.8582944083027542, 'dataset': 'spambase', 'dataset_id': 44, 'embedding_source': None, 'epochs_trained': nan, 'error_message': None, 'final_train_loss': nan, 'finetune_epochs_trained': nan, 'graph_n_neighbors_used': nan, 'graph_n_rows': nan, 'graph_n_unlabeled_used': nan, 'graph_retry_count': nan, 'input_view': 'raw', 'kv_cache': None, 'labeled_class_counts': '{0:150,1:100}', 'labeled_classes_present': 2, 'max_labeled_per_class': 150, 'max_selected_confidence': nan, 'mean_selected_confidence': nan, 'mean_selected_density': nan, 'method': 'tabpfn3', 'method_fidelity': 'official', 'metric_accuracy': 0.9402823018458197, 'metric_average_precision': 0.9694046174063579, 'metric_balanced_accuracy': 0.9367576053793063, 'metric_brier': 0.10374219093712267, 'metric_ece': 0.027274393665151154, 'metric_log_loss': 0.1864501741758699, 'metric_macro_f1': 0.937388524875871, 'metric_nll': 0.1864501741758699, 'metric_roc_auc': 0.9762038764971317, 'min_labeled_per_class': 100, 'min_selected_confidence': nan, 'n_classes': 2, 'n_features_after_preprocessing': 57, 'n_features_before_preprocessing': 57, 'n_labeled': 250, 'n_pseudo_added_last_iter': nan, 'n_pseudo_added_total': nan, 'n_unlabeled': 3430, 'neural_method': nan, 'neural_validation_strategy': nan, 'package_version': '8.1.0', 'peak_gpu_memory_mb': 529.30712890625, 'pretrain_epochs_trained': nan, 'protocol': 'inductive', 'pseudo_label_class_distribution': nan, 'pseudo_label_fraction': nan, 'reference_family': 'TabPFN-3 / PriorLabs', 'runtime_seconds': 6.327, 'seed': 2, 'self_training_iterations': nan, 'status': 'success', 'stopped_reason': nan, 'test_class_counts': '{0:558,1:363}', 'test_size': 921, 'timestamp_utc': '2026-07-22T14:37:31.577502+00:00', 'train_labeled_size': 200, 'train_pool_class_counts': '{0:2230,1:1450}', 'unlabeled_class_counts': '{0:2080,1:1350}', 'val_class_counts': '{0:30,1:20}', 'val_size': 50, 'validation_strategy': 'stratified_labeled_val', 'warm_inference_seconds': 0.515980473253876}",,False,0.515980473253876
tabpfn3,/private/ofirlin-lab/suissad4/caches/tabpfn/tabpfn-v3-classifier-v3_default.ckpt,,,nogit:afd539c9e2f221fc,,12.4,spambase,gpu,False,,,3f9236be15390304,,ssl-tfm,"{'cuda_available': True, 'cuda_version': '12.4', 'env_name': None, 'env_prefix': '/private/ofirlin-lab/suissad4/envs/micromamba', 'gpu_count': 1, 'gpu_name': 'NVIDIA A100 80GB PCIe', 'hostname': 'dsiuriofir01', 'packages': {'catboost': '1.2.10', 'lightgbm': '4.7.0', 'numpy': '2.4.6', 'pandas': '3.0.3', 'scikit-learn': '1.9.0', 'tabicl': '2.1.1', 'tabpfn': '8.1.0', 'torch': '2.6.0+cu124', 'xgboost': None}, 'platform': 'Linux-5.14.0-687.15.1.el9_8.x86_64-x86_64-with-glibc2.34', 'python': '3.11.15 | packaged by conda-forge | (main, Jun 11 2026, 03:34:02) [GCC 14.3.0]', 'python_version': '3.11.15', 'torch_available': True, 'torch_version': '2.6.0+cu124'}",,,NVIDIA A100 80GB PCIe,dsiuriofir01,raw,,tabpfn3,{},44136fa355b3678a,tfm_frozen,official,0.9402823018458197,0.9748741767819826,0.9343508397760598,0.09387912258735231,0.023053910668419428,0.17055045352119483,0.9370727362396689,0.17055045352119483,0.9800892601479111,500,,False,,8.1.0,,inductive,Hollmann et al. TabPFN / TabPFN-3,spambase__tabpfn3__s2__n500__b50107c30e89efa0,8.2812,2,35,18452266,v1_absolute_budget,success,True,2026-07-22T14:37:50.613647+00:00,"{'all_classes_present_in_labeled': True, 'backbone': 'tabpfn3', 'best_epoch': nan, 'best_val_loss': nan, 'checkpoint': '/private/ofirlin-lab/suissad4/caches/tabpfn/tabpfn-v3-classifier-v3_default.ckpt', 'cold_load_seconds': 0.8687959448434412, 'dataset': 'spambase', 'dataset_id': 44, 'embedding_source': None, 'epochs_trained': nan, 'error_message': None, 'final_train_loss': nan, 'finetune_epochs_trained': nan, 'graph_n_neighbors_used': nan, 'graph_n_rows': nan, 'graph_n_unlabeled_used': nan, 'graph_retry_count': nan, 'input_view': 'raw', 'kv_cache': None, 'labeled_class_counts': '{0:302,1:198}', 'labeled_classes_present': 2, 'max_labeled_per_class': 302, 'max_selected_confidence': nan, 'mean_selected_confidence': nan, 'mean_selected_density': nan, 'method': 'tabpfn3', 'method_fidelity': 'official', 'metric_accuracy': 0.9402823018458197, 'metric_average_precision': 0.9748741767819826, 'metric_balanced_accuracy': 0.9343508397760598, 'metric_brier': 0.09387912258735231, 'metric_ece': 0.023053910668419428, 'metric_log_loss': 0.17055045352119483, 'metric_macro_f1': 0.9370727362396689, 'metric_nll': 0.17055045352119483, 'metric_roc_auc': 0.9800892601479111, 'min_labeled_per_class': 198, 'min_selected_confidence': nan, 'n_classes': 2, 'n_features_after_preprocessing': 57, 'n_features_before_preprocessing': 57, 'n_labeled': 500, 'n_pseudo_added_last_iter': nan, 'n_pseudo_added_total': nan, 'n_unlabeled': 3180, 'neural_method': nan, 'neural_validation_strategy': nan, 'package_version': '8.1.0', 'peak_gpu_memory_mb': 589.21240234375, 'pretrain_epochs_trained': nan, 'protocol': 'inductive', 'pseudo_label_class_distribution': nan, 'pseudo_label_fraction': nan, 'reference_family': 'TabPFN-3 / PriorLabs', 'runtime_seconds': 8.2812, 'seed': 2, 'self_training_iterations': nan, 'status': 'success', 'stopped_reason': nan, 'test_class_counts': '{0:558,1:363}', 'test_size': 921, 'timestamp_utc': '2026-07-22T14:37:42.307777+00:00', 'train_labeled_size': 400, 'train_pool_class_counts': '{0:2230,1:1450}', 'unlabeled_class_counts': '{0:1928,1:1252}', 'val_class_counts': '{0:60,1:40}', 'val_size': 100, 'validation_strategy': 'stratified_labeled_val', 'warm_inference_seconds': 0.5226213149726391}",,False,0.5226213149726391
tabpfn3,/private/ofirlin-lab/suissad4/caches/tabpfn/tabpfn-v3-classifier-v3_default.ckpt,,,nogit:afd539c9e2f221fc,,12.4,spambase,gpu,False,,,3f9236be15390304,,ssl-tfm,"{'cuda_available': True, 'cuda_version': '12.4', 'env_name': None, 'env_prefix': '/private/ofirlin-lab/suissad4/envs/micromamba', 'gpu_count': 1, 'gpu_name': 'NVIDIA A100 80GB PCIe', 'hostname': 'dsiuriofir01', 'packages': {'catboost': '1.2.10', 'lightgbm': '4.7.0', 'numpy': '2.4.6', 'pandas': '3.0.3', 'scikit-learn': '1.9.0', 'tabicl': '2.1.1', 'tabpfn': '8.1.0', 'torch': '2.6.0+cu124', 'xgboost': None}, 'platform': 'Linux-5.14.0-687.15.1.el9_8.x86_64-x86_64-with-glibc2.34', 'python': '3.11.15 | packaged by conda-forge | (main, Jun 11 2026, 03:34:02) [GCC 14.3.0]', 'python_version': '3.11.15', 'torch_available': True, 'torch_version': '2.6.0+cu124'}",,,NVIDIA A100 80GB PCIe,dsiuriofir01,raw,,tabpfn3,{},44136fa355b3678a,tfm_frozen,official,0.9001085776330076,0.9455361602889907,0.8930137148612223,0.14779854997305272,0.05008595756919106,0.2568316851320406,0.8949016144556794,0.2568316851320406,0.9597193834730492,50,,False,,8.1.0,,inductive,Hollmann et al. TabPFN / TabPFN-3,spambase__tabpfn3__s2__n50__ef9737794cc81585,6.252,2,32,18452150,v1_absolute_budget,success,True,2026-07-22T14:37:17.807489+00:00,"{'all_classes_present_in_labeled': True, 'backbone': 'tabpfn3', 'best_epoch': nan, 'best_val_loss': nan, 'checkpoint': '/private/ofirlin-lab/suissad4/caches/tabpfn/tabpfn-v3-classifier-v3_default.ckpt', 'cold_load_seconds': 0.8476013489998877, 'dataset': 'spambase', 'dataset_id': 44, 'embedding_source': None, 'epochs_trained': nan, 'error_message': None, 'final_train_loss': nan, 'finetune_epochs_trained': nan, 'graph_n_neighbors_used': nan, 'graph_n_rows': nan, 'graph_n_unlabeled_used': nan, 'graph_retry_count': nan, 'input_view': 'raw', 'kv_cache': None, 'labeled_class_counts': '{0:30,1:20}', 'labeled_classes_present': 2, 'max_labeled_per_class': 30, 'max_selected_confidence': nan, 'mean_selected_confidence': nan, 'mean_selected_density': nan, 'method': 'tabpfn3', 'method_fidelity': 'official', 'metric_accuracy': 0.9001085776330076, 'metric_average_precision': 0.9455361602889907, 'metric_balanced_accuracy': 0.8930137148612223, 'metric_brier': 0.14779854997305272, 'metric_ece': 0.05008595756919106, 'metric_log_loss': 0.2568316851320406, 'metric_macro_f1': 0.8949016144556794, 'metric_nll': 0.2568316851320406, 'metric_roc_auc': 0.9597193834730492, 'min_labeled_per_class': 20, 'min_selected_confidence': nan, 'n_classes': 2, 'n_features_after_preprocessing': 57, 'n_features_before_preprocessing': 57, 'n_labeled': 50, 'n_pseudo_added_last_iter': nan, 'n_pseudo_added_total': nan, 'n_unlabeled': 3630, 'neural_method': nan, 'neural_validation_strategy': nan, 'package_version': '8.1.0', 'peak_gpu_memory_mb': 444.79052734375, 'pretrain_epochs_trained': nan, 'protocol': 'inductive', 'pseudo_label_class_distribution': nan, 'pseudo_label_fraction': nan, 'reference_family': 'TabPFN-3 / PriorLabs', 'runtime_seconds': 6.252, 'seed': 2, 'self_training_iterations': nan, 'status': 'success', 'stopped_reason': nan, 'test_class_counts': '{0:558,1:363}', 'test_size': 921, 'timestamp_utc': '2026-07-22T14:37:11.532801+00:00', 'train_labeled_size': 40, 'train_pool_class_counts': '{0:2230,1:1450}', 'unlabeled_class_counts': '{0:2200,1:1430}', 'val_class_counts': '{0:6,1:4}', 'val_size': 10, 'validation_strategy': 'stratified_labeled_val', 'warm_inference_seconds': 0.5134413512423635}",,False,0.5134413512423635
tabiclv2,tabicl-classifier-v2-20260212.ckpt,,,nogit:afd539c9e2f221fc,,12.4,steel-plates-fault,gpu,False,,,3f9236be15390304,,ssl-tfm,"{'cuda_available': True, 'cuda_version': '12.4', 'env_name': None, 'env_prefix': '/private/ofirlin-lab/suissad4/envs/micromamba', 'gpu_count': 1, 'gpu_name': 'NVIDIA A100 80GB PCIe', 'hostname': 'dsiuriofir01', 'packages': {'catboost': '1.2.10', 'lightgbm': '4.7.0', 'numpy': '2.4.6', 'pandas': '3.0.3', 'scikit-learn': '1.9.0', 'tabicl': '2.1.1', 'tabpfn': '8.1.0', 'torch': '2.6.0+cu124', 'xgboost': None}, 'platform': 'Linux-5.14.0-687.15.1.el9_8.x86_64-x86_64-with-glibc2.34', 'python': '3.11.15 | packaged by conda-forge | (main, Jun 11 2026, 03:34:02) [GCC 14.3.0]', 'python_version': '3.11.15', 'torch_available': True, 'torch_version': '2.6.0+cu124'}",,,NVIDIA A100 80GB PCIe,dsiuriofir01,raw,True,tabiclv2,{},44136fa355b3678a,tfm_frozen,official,0.6709511568123393,,0.7270328274714241,0.44588644675859523,0.043566371721174606,0.8651171196051348,0.718079431832054,0.8651171196051348,0.8975030622165138,100,,False,,unknown,,inductive,TabICL / TabICLv2,steel-plates-fault__tabiclv2__s0__n100__e382cfe8ea889057,7.3006,0,181,18455304,v1_absolute_budget,success,True,2026-07-22T14:58:16.356864+00:00,"{'all_classes_present_in_labeled': True, 'backbone': 'tabiclv2', 'best_epoch': nan, 'best_val_loss': nan, 'checkpoint': 'tabicl-classifier-v2-20260212.ckpt', 'cold_load_seconds': 1.1292699328623712, 'dataset': 'steel-plates-fault', 'dataset_id': 40982, 'embedding_source': None, 'epochs_trained': nan, 'error_message': None, 'final_train_loss': nan, 'finetune_epochs_trained': nan, 'graph_n_neighbors_used': nan, 'graph_n_rows': nan, 'graph_n_unlabeled_used': nan, 'graph_retry_count': nan, 'input_view': 'raw', 'kv_cache': True, 'labeled_class_counts': '{Bumps:19,Dirtiness:7,K_Scratch:18,Other_Faults:28,Pastry:10,Stains:7,Z_Scratch:11}', 'labeled_classes_present': 7, 'max_labeled_per_class': 28, 'max_selected_confidence': nan, 'mean_selected_confidence': nan, 'mean_selected_density': nan, 'method': 'tabiclv2', 'method_fidelity': 'official', 'metric_accuracy': 0.6709511568123393, 'metric_average_precision': None, 'metric_balanced_accuracy': 0.7270328274714241, 'metric_brier': 0.44588644675859523, 'metric_ece': 0.043566371721174606, 'metric_log_loss': 0.8651171196051348, 'metric_macro_f1': 0.718079431832054, 'metric_nll': 0.8651171196051348, 'metric_roc_auc': 0.8975030622165138, 'min_labeled_per_class': 7, 'min_selected_confidence': nan, 'n_classes': 7, 'n_features_after_preprocessing': 27, 'n_features_before_preprocessing': 27, 'n_labeled': 100, 'n_pseudo_added_last_iter': nan, 'n_pseudo_added_total': nan, 'n_unlabeled': 1452, 'neural_method': nan, 'neural_validation_strategy': nan, 'package_version': 'unknown', 'peak_gpu_memory_mb': 481.51123046875, 'pretrain_epochs_trained': nan, 'protocol': 'inductive', 'pseudo_label_class_distribution': nan, 'pseudo_label_fraction': nan, 'reference_family': 'TabICLv2 / soda-inria/tabicl', 'runtime_seconds': 7.3006, 'seed': 0, 'self_training_iterations': nan, 'status': 'success', 'stopped_reason': nan, 'test_class_counts': '{Bumps:81,Dirtiness:11,K_Scratch:78,Other_Faults:135,Pastry:32,Stains:14,Z_Scratch:38}', 'test_size': 389, 'timestamp_utc': '2026-07-22T14:58:09.034424+00:00', 'train_labeled_size': 80, 'train_pool_class_counts': '{Bumps:321,Dirtiness:44,K_Scratch:313,Other_Faults:538,Pastry:126,Stains:58,Z_Scratch:152}', 'unlabeled_class_counts': '{Bumps:302,Dirtiness:37,K_Scratch:295,Other_Faults:510,Pastry:116,Stains:51,Z_Scratch:141}', 'val_class_counts': '{Bumps:4,Dirtiness:1,K_Scratch:4,Other_Faults:6,Pastry:2,Stains:1,Z_Scratch:2}', 'val_size': 20, 'validation_strategy': 'stratified_labeled_val', 'warm_inference_seconds': 0.07909523788839579}",,False,0.07909523788839579
tabiclv2,tabicl-classifier-v2-20260212.ckpt,,,nogit:afd539c9e2f221fc,,12.4,steel-plates-fault,gpu,False,,,3f9236be15390304,,ssl-tfm,"{'cuda_available': True, 'cuda_version': '12.4', 'env_name': None, 'env_prefix': '/private/ofirlin-lab/suissad4/envs/micromamba', 'gpu_count': 1, 'gpu_name': 'NVIDIA A100 80GB PCIe', 'hostname': 'dsiuriofir01', 'packages': {'catboost': '1.2.10', 'lightgbm': '4.7.0', 'numpy': '2.4.6', 'pandas': '3.0.3', 'scikit-learn': '1.9.0', 'tabicl': '2.1.1', 'tabpfn': '8.1.0', 'torch': '2.6.0+cu124', 'xgboost': None}, 'platform': 'Linux-5.14.0-687.15.1.el9_8.x86_64-x86_64-with-glibc2.34', 'python': '3.11.15 | packaged by conda-forge | (main, Jun 11 2026, 03:34:02) [GCC 14.3.0]', 'python_version': '3.11.15', 'torch_available': True, 'torch_version': '2.6.0+cu124'}",,,NVIDIA A100 80GB PCIe,dsiuriofir01,raw,True,tabiclv2,{},44136fa355b3678a,tfm_frozen,official,0.7300771208226221,,0.7810653365477928,0.34640402494666206,0.06595199988619502,0.6368583800466846,0.7639323544321156,0.6368583800466846,0.9499109453083475,250,,False,,unknown,,inductive,TabICL / TabICLv2,steel-plates-fault__tabiclv2__s0__n250__904a98f4eda84f4f,5.2329,0,182,18455305,v1_absolute_budget,success,True,2026-07-22T14:58:16.283309+00:00,"{'all_classes_present_in_labeled': True, 'backbone': 'tabiclv2', 'best_epoch': nan, 'best_val_loss': nan, 'checkpoint': 'tabicl-classifier-v2-20260212.ckpt', 'cold_load_seconds': 1.0343568907119334, 'dataset': 'steel-plates-fault', 'dataset_id': 40982, 'embedding_source': None, 'epochs_trained': nan, 'error_message': None, 'final_train_loss': nan, 'finetune_epochs_trained': nan, 'graph_n_neighbors_used': nan, 'graph_n_rows': nan, 'graph_n_unlabeled_used': nan, 'graph_retry_count': nan, 'input_view': 'raw', 'kv_cache': True, 'labeled_class_counts': '{Bumps:50,Dirtiness:11,K_Scratch:48,Other_Faults:80,Pastry:22,Stains:13,Z_Scratch:26}', 'labeled_classes_present': 7, 'max_labeled_per_class': 80, 'max_selected_confidence': nan, 'mean_selected_confidence': nan, 'mean_selected_density': nan, 'method': 'tabiclv2', 'method_fidelity': 'official', 'metric_accuracy': 0.7300771208226221, 'metric_average_precision': None, 'metric_balanced_accuracy': 0.7810653365477928, 'metric_brier': 0.34640402494666206, 'metric_ece': 0.06595199988619502, 'metric_log_loss': 0.6368583800466846, 'metric_macro_f1': 0.7639323544321156, 'metric_nll': 0.6368583800466846, 'metric_roc_auc': 0.9499109453083475, 'min_labeled_per_class': 11, 'min_selected_confidence': nan, 'n_classes': 7, 'n_features_after_preprocessing': 27, 'n_features_before_preprocessing': 27, 'n_labeled': 250, 'n_pseudo_added_last_iter': nan, 'n_pseudo_added_total': nan, 'n_unlabeled': 1302, 'neural_method': nan, 'neural_validation_strategy': nan, 'package_version': 'unknown', 'peak_gpu_memory_mb': 525.51123046875, 'pretrain_epochs_trained': nan, 'protocol': 'inductive', 'pseudo_label_class_distribution': nan, 'pseudo_label_fraction': nan, 'reference_family': 'TabICLv2 / soda-inria/tabicl', 'runtime_seconds': 5.2329, 'seed': 0, 'self_training_iterations': nan, 'status': 'success', 'stopped_reason': nan, 'test_class_counts': '{Bumps:81,Dirtiness:11,K_Scratch:78,Other_Faults:135,Pastry:32,Stains:14,Z_Scratch:38}', 'test_size': 389, 'timestamp_utc': '2026-07-22T14:58:11.018299+00:00', 'train_labeled_size': 200, 'train_pool_class_counts': '{Bumps:321,Dirtiness:44,K_Scratch:313,Other_Faults:538,Pastry:126,Stains:58,Z_Scratch:152}', 'unlabeled_class_counts': '{Bumps:271,Dirtiness:33,K_Scratch:265,Other_Faults:458,Pastry:104,Stains:45,Z_Scratch:126}', 'val_class_counts': '{Bumps:10,Dirtiness:2,K_Scratch:10,Other_Faults:16,Pastry:4,Stains:3,Z_Scratch:5}', 'val_size': 50, 'validation_strategy': 'stratified_labeled_val', 'warm_inference_seconds': 0.07982836989685893}",,False,0.07982836989685893
tabiclv2,tabicl-classifier-v2-20260212.ckpt,,,nogit:afd539c9e2f221fc,,12.4,steel-plates-fault,gpu,False,,,3f9236be15390304,,ssl-tfm,"{'cuda_available': True, 'cuda_version': '12.4', 'env_name': None, 'env_prefix': '/private/ofirlin-lab/suissad4/envs/micromamba', 'gpu_count': 1, 'gpu_name': 'NVIDIA A100 80GB PCIe', 'hostname': 'dsiuriofir01', 'packages': {'catboost': '1.2.10', 'lightgbm': '4.7.0', 'numpy': '2.4.6', 'pandas': '3.0.3', 'scikit-learn': '1.9.0', 'tabicl': '2.1.1', 'tabpfn': '8.1.0', 'torch': '2.6.0+cu124', 'xgboost': None}, 'platform': 'Linux-5.14.0-687.15.1.el9_8.x86_64-x86_64-with-glibc2.34', 'python': '3.11.15 | packaged by conda-forge | (main, Jun 11 2026, 03:34:02) [GCC 14.3.0]', 'python_version': '3.11.15', 'torch_available': True, 'torch_version': '2.6.0+cu124'}",,,NVIDIA A100 80GB PCIe,dsiuriofir01,raw,True,tabiclv2,{},44136fa355b3678a,tfm_frozen,official,0.7789203084832905,,0.809839689225654,0.2950009927782066,0.06155133830354987,0.5478754375066976,0.8154900412029239,0.5478754375066976,0.9624397986780658,500,,False,,unknown,,inductive,TabICL / TabICLv2,steel-plates-fault__tabiclv2__s0__n500__7b8dd58b6bb87c08,8.9083,0,183,18455306,v1_absolute_budget,success,True,2026-07-22T14:58:33.528162+00:00,"{'all_classes_present_in_labeled': True, 'backbone': 'tabiclv2', 'best_epoch': nan, 'best_val_loss': nan, 'checkpoint': 'tabicl-classifier-v2-20260212.ckpt', 'cold_load_seconds': 1.0817753779701889, 'dataset': 'steel-plates-fault', 'dataset_id': 40982, 'embedding_source': None, 'epochs_trained': nan, 'error_message': None, 'final_train_loss': nan, 'finetune_epochs_trained': nan, 'graph_n_neighbors_used': nan, 'graph_n_rows': nan, 'graph_n_unlabeled_used': nan, 'graph_retry_count': nan, 'input_view': 'raw', 'kv_cache': True, 'labeled_class_counts': '{Bumps:101,Dirtiness:18,K_Scratch:99,Other_Faults:166,Pastry:43,Stains:22,Z_Scratch:51}', 'labeled_classes_present': 7, 'max_labeled_per_class': 166, 'max_selected_confidence': nan, 'mean_selected_confidence': nan, 'mean_selected_density': nan, 'method': 'tabiclv2', 'method_fidelity': 'official', 'metric_accuracy': 0.7789203084832905, 'metric_average_precision': None, 'metric_balanced_accuracy': 0.809839689225654, 'metric_brier': 0.2950009927782066, 'metric_ece': 0.06155133830354987, 'metric_log_loss': 0.5478754375066976, 'metric_macro_f1': 0.8154900412029239, 'metric_nll': 0.5478754375066976, 'metric_roc_auc': 0.9624397986780658, 'min_labeled_per_class': 18, 'min_selected_confidence': nan, 'n_classes': 7, 'n_features_after_preprocessing': 27, 'n_features_before_preprocessing': 27, 'n_labeled': 500, 'n_pseudo_added_last_iter': nan, 'n_pseudo_added_total': nan, 'n_unlabeled': 1052, 'neural_method': nan, 'neural_validation_strategy': nan, 'package_version': 'unknown', 'peak_gpu_memory_mb': 600.38623046875, 'pretrain_epochs_trained': nan, 'protocol': 'inductive', 'pseudo_label_class_distribution': nan, 'pseudo_label_fraction': nan, 'reference_family': 'TabICLv2 / soda-inria/tabicl', 'runtime_seconds': 8.9083, 'seed': 0, 'self_training_iterations': nan, 'status': 'success', 'stopped_reason': nan, 'test_class_counts': '{Bumps:81,Dirtiness:11,K_Scratch:78,Other_Faults:135,Pastry:32,Stains:14,Z_Scratch:38}', 'test_size': 389, 'timestamp_utc': '2026-07-22T14:58:24.584617+00:00', 'train_labeled_size': 400, 'train_pool_class_counts': '{Bumps:321,Dirtiness:44,K_Scratch:313,Other_Faults:538,Pastry:126,Stains:58,Z_Scratch:152}', 'unlabeled_class_counts': '{Bumps:220,Dirtiness:26,K_Scratch:214,Other_Faults:372,Pastry:83,Stains:36,Z_Scratch:101}', 'val_class_counts': '{Bumps:20,Dirtiness:4,K_Scratch:20,Other_Faults:33,Pastry:9,Stains:4,Z_Scratch:10}', 'val_size': 100, 'validation_strategy': 'stratified_labeled_val', 'warm_inference_seconds': 0.07929979683831334}",,False,0.07929979683831334
tabiclv2,tabicl-classifier-v2-20260212.ckpt,,,nogit:afd539c9e2f221fc,,12.4,steel-plates-fault,gpu,False,,,3f9236be15390304,,ssl-tfm,"{'cuda_available': True, 'cuda_version': '12.4', 'env_name': None, 'env_prefix': '/private/ofirlin-lab/suissad4/envs/micromamba', 'gpu_count': 1, 'gpu_name': 'NVIDIA A100 80GB PCIe', 'hostname': 'dsiuriofir01', 'packages': {'catboost': '1.2.10', 'lightgbm': '4.7.0', 'numpy': '2.4.6', 'pandas': '3.0.3', 'scikit-learn': '1.9.0', 'tabicl': '2.1.1', 'tabpfn': '8.1.0', 'torch': '2.6.0+cu124', 'xgboost': None}, 'platform': 'Linux-5.14.0-687.15.1.el9_8.x86_64-x86_64-with-glibc2.34', 'python': '3.11.15 | packaged by conda-forge | (main, Jun 11 2026, 03:34:02) [GCC 14.3.0]', 'python_version': '3.11.15', 'torch_available': True, 'torch_version': '2.6.0+cu124'}",,,NVIDIA A100 80GB PCIe,dsiuriofir01,raw,True,tabiclv2,{},44136fa355b3678a,tfm_frozen,official,0.6066838046272494,,0.6481979318602126,0.5072709062703674,0.06368196876198338,1.0403903733624094,0.6338510510312696,1.0403903733624094,0.8773350908035509,50,,False,,unknown,,inductive,TabICL / TabICLv2,steel-plates-fault__tabiclv2__s0__n50__1dfa0c98ff566b7b,6.6052,0,180,18455303,v1_absolute_budget,success,True,2026-07-22T14:58:00.684709+00:00,"{'all_classes_present_in_labeled': True, 'backbone': 'tabiclv2', 'best_epoch': nan, 'best_val_loss': nan, 'checkpoint': 'tabicl-classifier-v2-20260212.ckpt', 'cold_load_seconds': 1.0190940462052822, 'dataset': 'steel-plates-fault', 'dataset_id': 40982, 'embedding_source': None, 'epochs_trained': nan, 'error_message': None, 'final_train_loss': nan, 'finetune_epochs_trained': nan, 'graph_n_neighbors_used': nan, 'graph_n_rows': nan, 'graph_n_unlabeled_used': nan, 'graph_retry_count': nan, 'input_view': 'raw', 'kv_cache': True, 'labeled_class_counts': '{Bumps:9,Dirtiness:4,K_Scratch:9,Other_Faults:13,Pastry:5,Stains:4,Z_Scratch:6}', 'labeled_classes_present': 7, 'max_labeled_per_class': 13, 'max_selected_confidence': nan, 'mean_selected_confidence': nan, 'mean_selected_density': nan, 'method': 'tabiclv2', 'method_fidelity': 'official', 'metric_accuracy': 0.6066838046272494, 'metric_average_precision': None, 'metric_balanced_accuracy': 0.6481979318602126, 'metric_brier': 0.5072709062703674, 'metric_ece': 0.06368196876198338, 'metric_log_loss': 1.0403903733624094, 'metric_macro_f1': 0.6338510510312696, 'metric_nll': 1.0403903733624094, 'metric_roc_auc': 0.8773350908035509, 'min_labeled_per_class': 4, 'min_selected_confidence': nan, 'n_classes': 7, 'n_features_after_preprocessing': 27, 'n_features_before_preprocessing': 27, 'n_labeled': 50, 'n_pseudo_added_last_iter': nan, 'n_pseudo_added_total': nan, 'n_unlabeled': 1502, 'neural_method': nan, 'neural_validation_strategy': nan, 'package_version': 'unknown', 'peak_gpu_memory_mb': 467.96435546875, 'pretrain_epochs_trained': nan, 'protocol': 'inductive', 'pseudo_label_class_distribution': nan, 'pseudo_label_fraction': nan, 'reference_family': 'TabICLv2 / soda-inria/tabicl', 'runtime_seconds': 6.6052, 'seed': 0, 'self_training_iterations': nan, 'status': 'success', 'stopped_reason': nan, 'test_class_counts': '{Bumps:81,Dirtiness:11,K_Scratch:78,Other_Faults:135,Pastry:32,Stains:14,Z_Scratch:38}', 'test_size': 389, 'timestamp_utc': '2026-07-22T14:57:54.056010+00:00', 'train_labeled_size': 40, 'train_pool_class_counts': '{Bumps:321,Dirtiness:44,K_Scratch:313,Other_Faults:538,Pastry:126,Stains:58,Z_Scratch:152}', 'unlabeled_class_counts': '{Bumps:312,Dirtiness:40,K_Scratch:304,Other_Faults:525,Pastry:121,Stains:54,Z_Scratch:146}', 'val_class_counts': '{Bumps:2,Dirtiness:1,K_Scratch:2,Other_Faults:2,Pastry:1,Stains:1,Z_Scratch:1}', 'val_size': 10, 'validation_strategy': 'stratified_labeled_val', 'warm_inference_seconds': 0.07877817004919052}",,False,0.07877817004919052
tabiclv2,tabicl-classifier-v2-20260212.ckpt,,,nogit:afd539c9e2f221fc,,12.4,steel-plates-fault,gpu,False,,,3f9236be15390304,,ssl-tfm,"{'cuda_available': True, 'cuda_version': '12.4', 'env_name': None, 'env_prefix': '/private/ofirlin-lab/suissad4/envs/micromamba', 'gpu_count': 1, 'gpu_name': 'NVIDIA A100 80GB PCIe', 'hostname': 'dsiuriofir01', 'packages': {'catboost': '1.2.10', 'lightgbm': '4.7.0', 'numpy': '2.4.6', 'pandas': '3.0.3', 'scikit-learn': '1.9.0', 'tabicl': '2.1.1', 'tabpfn': '8.1.0', 'torch': '2.6.0+cu124', 'xgboost': None}, 'platform': 'Linux-5.14.0-687.15.1.el9_8.x86_64-x86_64-with-glibc2.34', 'python': '3.11.15 | packaged by conda-forge | (main, Jun 11 2026, 03:34:02) [GCC 14.3.0]', 'python_version': '3.11.15', 'torch_available': True, 'torch_version': '2.6.0+cu124'}",,,NVIDIA A100 80GB PCIe,dsiuriofir01,raw,True,tabiclv2,{},44136fa355b3678a,tfm_frozen,official,0.5784061696658098,,0.5836557488969769,0.5625016838432517,0.11846024637574984,1.1257047502767392,0.587144474701656,1.1257047502767392,0.8853437720915761,100,,False,,unknown,,inductive,TabICL / TabICLv2,steel-plates-fault__tabiclv2__s1__n100__25dfed80568c5406,6.9643,1,185,18455308,v1_absolute_budget,success,True,2026-07-22T14:58:50.664873+00:00,"{'all_classes_present_in_labeled': True, 'backbone': 'tabiclv2', 'best_epoch': nan, 'best_val_loss': nan, 'checkpoint': 'tabicl-classifier-v2-20260212.ckpt', 'cold_load_seconds': 1.0367984659969807, 'dataset': 'steel-plates-fault', 'dataset_id': 40982, 'embedding_source': None, 'epochs_trained': nan, 'error_message': None, 'final_train_loss': nan, 'finetune_epochs_trained': nan, 'graph_n_neighbors_used': nan, 'graph_n_rows': nan, 'graph_n_unlabeled_used': nan, 'graph_retry_count': nan, 'input_view': 'raw', 'kv_cache': True, 'labeled_class_counts': '{Bumps:19,Dirtiness:7,K_Scratch:18,Other_Faults:28,Pastry:10,Stains:7,Z_Scratch:11}', 'labeled_classes_present': 7, 'max_labeled_per_class': 28, 'max_selected_confidence': nan, 'mean_selected_confidence': nan, 'mean_selected_density': nan, 'method': 'tabiclv2', 'method_fidelity': 'official', 'metric_accuracy': 0.5784061696658098, 'metric_average_precision': None, 'metric_balanced_accuracy': 0.5836557488969769, 'metric_brier': 0.5625016838432517, 'metric_ece': 0.11846024637574984, 'metric_log_loss': 1.1257047502767392, 'metric_macro_f1': 0.587144474701656, 'metric_nll': 1.1257047502767392, 'metric_roc_auc': 0.8853437720915761, 'min_labeled_per_class': 7, 'min_selected_confidence': nan, 'n_classes': 7, 'n_features_after_preprocessing': 27, 'n_features_before_preprocessing': 27, 'n_labeled': 100, 'n_pseudo_added_last_iter': nan, 'n_pseudo_added_total': nan, 'n_unlabeled': 1452, 'neural_method': nan, 'neural_validation_strategy': nan, 'package_version': 'unknown', 'peak_gpu_memory_mb': 481.51123046875, 'pretrain_epochs_trained': nan, 'protocol': 'inductive', 'pseudo_label_class_distribution': nan, 'pseudo_label_fraction': nan, 'reference_family': 'TabICLv2 / soda-inria/tabicl', 'runtime_seconds': 6.9643, 'seed': 1, 'self_training_iterations': nan, 'status': 'success', 'stopped_reason': nan, 'test_class_counts': '{Bumps:81,Dirtiness:11,K_Scratch:78,Other_Faults:135,Pastry:32,Stains:14,Z_Scratch:38}', 'test_size': 389, 'timestamp_utc': '2026-07-22T14:58:43.666445+00:00', 'train_labeled_size': 80, 'train_pool_class_counts': '{Bumps:321,Dirtiness:44,K_Scratch:313,Other_Faults:538,Pastry:126,Stains:58,Z_Scratch:152}', 'unlabeled_class_counts': '{Bumps:302,Dirtiness:37,K_Scratch:295,Other_Faults:510,Pastry:116,Stains:51,Z_Scratch:141}', 'val_class_counts': '{Bumps:4,Dirtiness:1,K_Scratch:4,Other_Faults:6,Pastry:2,Stains:1,Z_Scratch:2}', 'val_size': 20, 'validation_strategy': 'stratified_labeled_val', 'warm_inference_seconds': 0.07802871102467179}",,False,0.07802871102467179
tabiclv2,tabicl-classifier-v2-20260212.ckpt,,,nogit:afd539c9e2f221fc,,12.4,steel-plates-fault,gpu,False,,,3f9236be15390304,,ssl-tfm,"{'cuda_available': True, 'cuda_version': '12.4', 'env_name': None, 'env_prefix': '/private/ofirlin-lab/suissad4/envs/micromamba', 'gpu_count': 1, 'gpu_name': 'NVIDIA A100 80GB PCIe', 'hostname': 'dsiuriofir01', 'packages': {'catboost': '1.2.10', 'lightgbm': '4.7.0', 'numpy': '2.4.6', 'pandas': '3.0.3', 'scikit-learn': '1.9.0', 'tabicl': '2.1.1', 'tabpfn': '8.1.0', 'torch': '2.6.0+cu124', 'xgboost': None}, 'platform': 'Linux-5.14.0-687.15.1.el9_8.x86_64-x86_64-with-glibc2.34', 'python': '3.11.15 | packaged by conda-forge | (main, Jun 11 2026, 03:34:02) [GCC 14.3.0]', 'python_version': '3.11.15', 'torch_available': True, 'torch_version': '2.6.0+cu124'}",,,NVIDIA A100 80GB PCIe,dsiuriofir01,raw,True,tabiclv2,{},44136fa355b3678a,tfm_frozen,official,0.7095115681233933,,0.7441430401956718,0.3893682792265874,0.05760651608208844,0.7336262500411961,0.7494173794108733,0.7336262500411961,0.9407562037780413,250,,False,,unknown,,inductive,TabICL / TabICLv2,steel-plates-fault__tabiclv2__s1__n250__69aecc986aae8aa5,6.9702,1,186,18455309,v1_absolute_budget,success,True,2026-07-22T14:58:50.665548+00:00,"{'all_classes_present_in_labeled': True, 'backbone': 'tabiclv2', 'best_epoch': nan, 'best_val_loss': nan, 'checkpoint': 'tabicl-classifier-v2-20260212.ckpt', 'cold_load_seconds': 1.042272521648556, 'dataset': 'steel-plates-fault', 'dataset_id': 40982, 'embedding_source': None, 'epochs_trained': nan, 'error_message': None, 'final_train_loss': nan, 'finetune_epochs_trained': nan, 'graph_n_neighbors_used': nan, 'graph_n_rows': nan, 'graph_n_unlabeled_used': nan, 'graph_retry_count': nan, 'input_view': 'raw', 'kv_cache': True, 'labeled_class_counts': '{Bumps:50,Dirtiness:11,K_Scratch:48,Other_Faults:80,Pastry:22,Stains:13,Z_Scratch:26}', 'labeled_classes_present': 7, 'max_labeled_per_class': 80, 'max_selected_confidence': nan, 'mean_selected_confidence': nan, 'mean_selected_density': nan, 'method': 'tabiclv2', 'method_fidelity': 'official', 'metric_accuracy': 0.7095115681233933, 'metric_average_precision': None, 'metric_balanced_accuracy': 0.7441430401956718, 'metric_brier': 0.3893682792265874, 'metric_ece': 0.05760651608208844, 'metric_log_loss': 0.7336262500411961, 'metric_macro_f1': 0.7494173794108733, 'metric_nll': 0.7336262500411961, 'metric_roc_auc': 0.9407562037780413, 'min_labeled_per_class': 11, 'min_selected_confidence': nan, 'n_classes': 7, 'n_features_after_preprocessing': 27, 'n_features_before_preprocessing': 27, 'n_labeled': 250, 'n_pseudo_added_last_iter': nan, 'n_pseudo_added_total': nan, 'n_unlabeled': 1302, 'neural_method': nan, 'neural_validation_strategy': nan, 'package_version': 'unknown', 'peak_gpu_memory_mb': 525.51123046875, 'pretrain_epochs_trained': nan, 'protocol': 'inductive', 'pseudo_label_class_distribution': nan, 'pseudo_label_fraction': nan, 'reference_family': 'TabICLv2 / soda-inria/tabicl', 'runtime_seconds': 6.9702, 'seed': 1, 'self_training_iterations': nan, 'status': 'success', 'stopped_reason': nan, 'test_class_counts': '{Bumps:81,Dirtiness:11,K_Scratch:78,Other_Faults:135,Pastry:32,Stains:14,Z_Scratch:38}', 'test_size': 389, 'timestamp_utc': '2026-07-22T14:58:43.665870+00:00', 'train_labeled_size': 200, 'train_pool_class_counts': '{Bumps:321,Dirtiness:44,K_Scratch:313,Other_Faults:538,Pastry:126,Stains:58,Z_Scratch:152}', 'unlabeled_class_counts': '{Bumps:271,Dirtiness:33,K_Scratch:265,Other_Faults:458,Pastry:104,Stains:45,Z_Scratch:126}', 'val_class_counts': '{Bumps:10,Dirtiness:2,K_Scratch:10,Other_Faults:16,Pastry:4,Stains:3,Z_Scratch:5}', 'val_size': 50, 'validation_strategy': 'stratified_labeled_val', 'warm_inference_seconds': 0.07611444406211376}",,False,0.07611444406211376
tabiclv2,tabicl-classifier-v2-20260212.ckpt,,,nogit:afd539c9e2f221fc,,12.4,steel-plates-fault,gpu,False,,,3f9236be15390304,,ssl-tfm,"{'cuda_available': True, 'cuda_version': '12.4', 'env_name': None, 'env_prefix': '/private/ofirlin-lab/suissad4/envs/micromamba', 'gpu_count': 1, 'gpu_name': 'NVIDIA A100 80GB PCIe', 'hostname': 'dsiuriofir01', 'packages': {'catboost': '1.2.10', 'lightgbm': '4.7.0', 'numpy': '2.4.6', 'pandas': '3.0.3', 'scikit-learn': '1.9.0', 'tabicl': '2.1.1', 'tabpfn': '8.1.0', 'torch': '2.6.0+cu124', 'xgboost': None}, 'platform': 'Linux-5.14.0-687.15.1.el9_8.x86_64-x86_64-with-glibc2.34', 'python': '3.11.15 | packaged by conda-forge | (main, Jun 11 2026, 03:34:02) [GCC 14.3.0]', 'python_version': '3.11.15', 'torch_available': True, 'torch_version': '2.6.0+cu124'}",,,NVIDIA A100 80GB PCIe,dsiuriofir01,raw,True,tabiclv2,{},44136fa355b3678a,tfm_frozen,official,0.7532133676092545,,0.7581661272450747,0.33904114238350774,0.055893459286877445,0.6401687566966783,0.7755011967852586,0.6401687566966783,0.9520963032433979,500,,False,,unknown,,inductive,TabICL / TabICLv2,steel-plates-fault__tabiclv2__s1__n500__3e48ace63cfa0ec5,6.2144,1,187,18455310,v1_absolute_budget,success,True,2026-07-22T14:59:05.302919+00:00,"{'all_classes_present_in_labeled': True, 'backbone': 'tabiclv2', 'best_epoch': nan, 'best_val_loss': nan, 'checkpoint': 'tabicl-classifier-v2-20260212.ckpt', 'cold_load_seconds': 1.1033457950688899, 'dataset': 'steel-plates-fault', 'dataset_id': 40982, 'embedding_source': None, 'epochs_trained': nan, 'error_message': None, 'final_train_loss': nan, 'finetune_epochs_trained': nan, 'graph_n_neighbors_used': nan, 'graph_n_rows': nan, 'graph_n_unlabeled_used': nan, 'graph_retry_count': nan, 'input_view': 'raw', 'kv_cache': True, 'labeled_class_counts': '{Bumps:101,Dirtiness:18,K_Scratch:99,Other_Faults:166,Pastry:43,Stains:22,Z_Scratch:51}', 'labeled_classes_present': 7, 'max_labeled_per_class': 166, 'max_selected_confidence': nan, 'mean_selected_confidence': nan, 'mean_selected_density': nan, 'method': 'tabiclv2', 'method_fidelity': 'official', 'metric_accuracy': 0.7532133676092545, 'metric_average_precision': None, 'metric_balanced_accuracy': 0.7581661272450747, 'metric_brier': 0.33904114238350774, 'metric_ece': 0.055893459286877445, 'metric_log_loss': 0.6401687566966783, 'metric_macro_f1': 0.7755011967852586, 'metric_nll': 0.6401687566966783, 'metric_roc_auc': 0.9520963032433979, 'min_labeled_per_class': 18, 'min_selected_confidence': nan, 'n_classes': 7, 'n_features_after_preprocessing': 27, 'n_features_before_preprocessing': 27, 'n_labeled': 500, 'n_pseudo_added_last_iter': nan, 'n_pseudo_added_total': nan, 'n_unlabeled': 1052, 'neural_method': nan, 'neural_validation_strategy': nan, 'package_version': 'unknown', 'peak_gpu_memory_mb': 600.38623046875, 'pretrain_epochs_trained': nan, 'protocol': 'inductive', 'pseudo_label_class_distribution': nan, 'pseudo_label_fraction': nan, 'reference_family': 'TabICLv2 / soda-inria/tabicl', 'runtime_seconds': 6.2144, 'seed': 1, 'self_training_iterations': nan, 'status': 'success', 'stopped_reason': nan, 'test_class_counts': '{Bumps:81,Dirtiness:11,K_Scratch:78,Other_Faults:135,Pastry:32,Stains:14,Z_Scratch:38}', 'test_size': 389, 'timestamp_utc': '2026-07-22T14:58:59.066863+00:00', 'train_labeled_size': 400, 'train_pool_class_counts': '{Bumps:321,Dirtiness:44,K_Scratch:313,Other_Faults:538,Pastry:126,Stains:58,Z_Scratch:152}', 'unlabeled_class_counts': '{Bumps:220,Dirtiness:26,K_Scratch:214,Other_Faults:372,Pastry:83,Stains:36,Z_Scratch:101}', 'val_class_counts': '{Bumps:20,Dirtiness:4,K_Scratch:20,Other_Faults:33,Pastry:9,Stains:4,Z_Scratch:10}', 'val_size': 100, 'validation_strategy': 'stratified_labeled_val', 'warm_inference_seconds': 0.07976568676531315}",,False,0.07976568676531315
tabiclv2,tabicl-classifier-v2-20260212.ckpt,,,nogit:afd539c9e2f221fc,,12.4,steel-plates-fault,gpu,False,,,3f9236be15390304,,ssl-tfm,"{'cuda_available': True, 'cuda_version': '12.4', 'env_name': None, 'env_prefix': '/private/ofirlin-lab/suissad4/envs/micromamba', 'gpu_count': 1, 'gpu_name': 'NVIDIA A100 80GB PCIe', 'hostname': 'dsiuriofir01', 'packages': {'catboost': '1.2.10', 'lightgbm': '4.7.0', 'numpy': '2.4.6', 'pandas': '3.0.3', 'scikit-learn': '1.9.0', 'tabicl': '2.1.1', 'tabpfn': '8.1.0', 'torch': '2.6.0+cu124', 'xgboost': None}, 'platform': 'Linux-5.14.0-687.15.1.el9_8.x86_64-x86_64-with-glibc2.34', 'python': '3.11.15 | packaged by conda-forge | (main, Jun 11 2026, 03:34:02) [GCC 14.3.0]', 'python_version': '3.11.15', 'torch_available': True, 'torch_version': '2.6.0+cu124'}",,,NVIDIA A100 80GB PCIe,dsiuriofir01,raw,True,tabiclv2,{},44136fa355b3678a,tfm_frozen,official,0.5398457583547558,,0.5729374751304576,0.6622521080361499,0.15263688807323228,1.4328471021059004,0.5237596884000562,1.4328471021059004,0.8436610077864255,50,,False,,unknown,,inductive,TabICL / TabICLv2,steel-plates-fault__tabiclv2__s1__n50__58d571a1ee9b0d7d,8.8419,1,184,18455307,v1_absolute_budget,success,True,2026-07-22T14:58:33.461239+00:00,"{'all_classes_present_in_labeled': True, 'backbone': 'tabiclv2', 'best_epoch': nan, 'best_val_loss': nan, 'checkpoint': 'tabicl-classifier-v2-20260212.ckpt', 'cold_load_seconds': 1.0385852144099772, 'dataset': 'steel-plates-fault', 'dataset_id': 40982, 'embedding_source': None, 'epochs_trained': nan, 'error_message': None, 'final_train_loss': nan, 'finetune_epochs_trained': nan, 'graph_n_neighbors_used': nan, 'graph_n_rows': nan, 'graph_n_unlabeled_used': nan, 'graph_retry_count': nan, 'input_view': 'raw', 'kv_cache': True, 'labeled_class_counts': '{Bumps:9,Dirtiness:4,K_Scratch:9,Other_Faults:13,Pastry:5,Stains:4,Z_Scratch:6}', 'labeled_classes_present': 7, 'max_labeled_per_class': 13, 'max_selected_confidence': nan, 'mean_selected_confidence': nan, 'mean_selected_density': nan, 'method': 'tabiclv2', 'method_fidelity': 'official', 'metric_accuracy': 0.5398457583547558, 'metric_average_precision': None, 'metric_balanced_accuracy': 0.5729374751304576, 'metric_brier': 0.6622521080361499, 'metric_ece': 0.15263688807323228, 'metric_log_loss': 1.4328471021059004, 'metric_macro_f1': 0.5237596884000562, 'metric_nll': 1.4328471021059004, 'metric_roc_auc': 0.8436610077864255, 'min_labeled_per_class': 4, 'min_selected_confidence': nan, 'n_classes': 7, 'n_features_after_preprocessing': 27, 'n_features_before_preprocessing': 27, 'n_labeled': 50, 'n_pseudo_added_last_iter': nan, 'n_pseudo_added_total': nan, 'n_unlabeled': 1502, 'neural_method': nan, 'neural_validation_strategy': nan, 'package_version': 'unknown', 'peak_gpu_memory_mb': 467.96435546875, 'pretrain_epochs_trained': nan, 'protocol': 'inductive', 'pseudo_label_class_distribution': nan, 'pseudo_label_fraction': nan, 'reference_family': 'TabICLv2 / soda-inria/tabicl', 'runtime_seconds': 8.8419, 'seed': 1, 'self_training_iterations': nan, 'status': 'success', 'stopped_reason': nan, 'test_class_counts': '{Bumps:81,Dirtiness:11,K_Scratch:78,Other_Faults:135,Pastry:32,Stains:14,Z_Scratch:38}', 'test_size': 389, 'timestamp_utc': '2026-07-22T14:58:24.584480+00:00', 'train_labeled_size': 40, 'train_pool_class_counts': '{Bumps:321,Dirtiness:44,K_Scratch:313,Other_Faults:538,Pastry:126,Stains:58,Z_Scratch:152}', 'unlabeled_class_counts': '{Bumps:312,Dirtiness:40,K_Scratch:304,Other_Faults:525,Pastry:121,Stains:54,Z_Scratch:146}', 'val_class_counts': '{Bumps:2,Dirtiness:1,K_Scratch:2,Other_Faults:2,Pastry:1,Stains:1,Z_Scratch:1}', 'val_size': 10, 'validation_strategy': 'stratified_labeled_val', 'warm_inference_seconds': 0.07612400967627764}",,False,0.07612400967627764
tabiclv2,tabicl-classifier-v2-20260212.ckpt,,,nogit:afd539c9e2f221fc,,12.4,steel-plates-fault,gpu,False,,,3f9236be15390304,,ssl-tfm,"{'cuda_available': True, 'cuda_version': '12.4', 'env_name': None, 'env_prefix': '/private/ofirlin-lab/suissad4/envs/micromamba', 'gpu_count': 1, 'gpu_name': 'NVIDIA A100 80GB PCIe', 'hostname': 'dsiuriofir01', 'packages': {'catboost': '1.2.10', 'lightgbm': '4.7.0', 'numpy': '2.4.6', 'pandas': '3.0.3', 'scikit-learn': '1.9.0', 'tabicl': '2.1.1', 'tabpfn': '8.1.0', 'torch': '2.6.0+cu124', 'xgboost': None}, 'platform': 'Linux-5.14.0-687.15.1.el9_8.x86_64-x86_64-with-glibc2.34', 'python': '3.11.15 | packaged by conda-forge | (main, Jun 11 2026, 03:34:02) [GCC 14.3.0]', 'python_version': '3.11.15', 'torch_available': True, 'torch_version': '2.6.0+cu124'}",,,NVIDIA A100 80GB PCIe,dsiuriofir01,raw,True,tabiclv2,{},44136fa355b3678a,tfm_frozen,official,0.6041131105398457,,0.6883905278328838,0.5198967419315512,0.10387735198777549,1.0125379530629892,0.6280812028254986,1.0125379530629892,0.9094269203565343,100,,False,,unknown,,inductive,TabICL / TabICLv2,steel-plates-fault__tabiclv2__s2__n100__b4c248b703120468,6.0845,2,189,18455313,v1_absolute_budget,success,True,2026-07-22T14:59:17.491846+00:00,"{'all_classes_present_in_labeled': True, 'backbone': 'tabiclv2', 'best_epoch': nan, 'best_val_loss': nan, 'checkpoint': 'tabicl-classifier-v2-20260212.ckpt', 'cold_load_seconds': 1.0182786858640611, 'dataset': 'steel-plates-fault', 'dataset_id': 40982, 'embedding_source': None, 'epochs_trained': nan, 'error_message': None, 'final_train_loss': nan, 'finetune_epochs_trained': nan, 'graph_n_neighbors_used': nan, 'graph_n_rows': nan, 'graph_n_unlabeled_used': nan, 'graph_retry_count': nan, 'input_view': 'raw', 'kv_cache': True, 'labeled_class_counts': '{Bumps:19,Dirtiness:7,K_Scratch:18,Other_Faults:28,Pastry:10,Stains:7,Z_Scratch:11}', 'labeled_classes_present': 7, 'max_labeled_per_class': 28, 'max_selected_confidence': nan, 'mean_selected_confidence': nan, 'mean_selected_density': nan, 'method': 'tabiclv2', 'method_fidelity': 'official', 'metric_accuracy': 0.6041131105398457, 'metric_average_precision': None, 'metric_balanced_accuracy': 0.6883905278328838, 'metric_brier': 0.5198967419315512, 'metric_ece': 0.10387735198777549, 'metric_log_loss': 1.0125379530629892, 'metric_macro_f1': 0.6280812028254986, 'metric_nll': 1.0125379530629892, 'metric_roc_auc': 0.9094269203565343, 'min_labeled_per_class': 7, 'min_selected_confidence': nan, 'n_classes': 7, 'n_features_after_preprocessing': 27, 'n_features_before_preprocessing': 27, 'n_labeled': 100, 'n_pseudo_added_last_iter': nan, 'n_pseudo_added_total': nan, 'n_unlabeled': 1452, 'neural_method': nan, 'neural_validation_strategy': nan, 'package_version': 'unknown', 'peak_gpu_memory_mb': 481.51123046875, 'pretrain_epochs_trained': nan, 'protocol': 'inductive', 'pseudo_label_class_distribution': nan, 'pseudo_label_fraction': nan, 'reference_family': 'TabICLv2 / soda-inria/tabicl', 'runtime_seconds': 6.0845, 'seed': 2, 'self_training_iterations': nan, 'status': 'success', 'stopped_reason': nan, 'test_class_counts': '{Bumps:81,Dirtiness:11,K_Scratch:78,Other_Faults:135,Pastry:32,Stains:14,Z_Scratch:38}', 'test_size': 389, 'timestamp_utc': '2026-07-22T14:59:11.375327+00:00', 'train_labeled_size': 80, 'train_pool_class_counts': '{Bumps:321,Dirtiness:44,K_Scratch:313,Other_Faults:538,Pastry:126,Stains:58,Z_Scratch:152}', 'unlabeled_class_counts': '{Bumps:302,Dirtiness:37,K_Scratch:295,Other_Faults:510,Pastry:116,Stains:51,Z_Scratch:141}', 'val_class_counts': '{Bumps:4,Dirtiness:1,K_Scratch:4,Other_Faults:6,Pastry:2,Stains:1,Z_Scratch:2}', 'val_size': 20, 'validation_strategy': 'stratified_labeled_val', 'warm_inference_seconds': 0.07705093827098608}",,False,0.07705093827098608
tabiclv2,tabicl-classifier-v2-20260212.ckpt,,,nogit:afd539c9e2f221fc,,12.4,steel-plates-fault,gpu,False,,,3f9236be15390304,,ssl-tfm,"{'cuda_available': True, 'cuda_version': '12.4', 'env_name': None, 'env_prefix': '/private/ofirlin-lab/suissad4/envs/micromamba', 'gpu_count': 1, 'gpu_name': 'NVIDIA A100 80GB PCIe', 'hostname': 'dsiuriofir01', 'packages': {'catboost': '1.2.10', 'lightgbm': '4.7.0', 'numpy': '2.4.6', 'pandas': '3.0.3', 'scikit-learn': '1.9.0', 'tabicl': '2.1.1', 'tabpfn': '8.1.0', 'torch': '2.6.0+cu124', 'xgboost': None}, 'platform': 'Linux-5.14.0-687.15.1.el9_8.x86_64-x86_64-with-glibc2.34', 'python': '3.11.15 | packaged by conda-forge | (main, Jun 11 2026, 03:34:02) [GCC 14.3.0]', 'python_version': '3.11.15', 'torch_available': True, 'torch_version': '2.6.0+cu124'}",,,NVIDIA A100 80GB PCIe,dsiuriofir01,raw,True,tabiclv2,{},44136fa355b3678a,tfm_frozen,official,0.7275064267352185,,0.7611563544364296,0.39239248986419095,0.07672821546714544,0.7665454484363625,0.743455879408087,0.7665454484363625,0.9353883314144051,250,,False,,unknown,,inductive,TabICL / TabICLv2,steel-plates-fault__tabiclv2__s2__n250__6c8cf3b8825dc44a,6.0883,2,190,18455314,v1_absolute_budget,success,True,2026-07-22T14:59:17.491911+00:00,"{'all_classes_present_in_labeled': True, 'backbone': 'tabiclv2', 'best_epoch': nan, 'best_val_loss': nan, 'checkpoint': 'tabicl-classifier-v2-20260212.ckpt', 'cold_load_seconds': 1.031780802179128, 'dataset': 'steel-plates-fault', 'dataset_id': 40982, 'embedding_source': None, 'epochs_trained': nan, 'error_message': None, 'final_train_loss': nan, 'finetune_epochs_trained': nan, 'graph_n_neighbors_used': nan, 'graph_n_rows': nan, 'graph_n_unlabeled_used': nan, 'graph_retry_count': nan, 'input_view': 'raw', 'kv_cache': True, 'labeled_class_counts': '{Bumps:50,Dirtiness:11,K_Scratch:48,Other_Faults:80,Pastry:22,Stains:13,Z_Scratch:26}', 'labeled_classes_present': 7, 'max_labeled_per_class': 80, 'max_selected_confidence': nan, 'mean_selected_confidence': nan, 'mean_selected_density': nan, 'method': 'tabiclv2', 'method_fidelity': 'official', 'metric_accuracy': 0.7275064267352185, 'metric_average_precision': None, 'metric_balanced_accuracy': 0.7611563544364296, 'metric_brier': 0.39239248986419095, 'metric_ece': 0.07672821546714544, 'metric_log_loss': 0.7665454484363625, 'metric_macro_f1': 0.743455879408087, 'metric_nll': 0.7665454484363625, 'metric_roc_auc': 0.9353883314144051, 'min_labeled_per_class': 11, 'min_selected_confidence': nan, 'n_classes': 7, 'n_features_after_preprocessing': 27, 'n_features_before_preprocessing': 27, 'n_labeled': 250, 'n_pseudo_added_last_iter': nan, 'n_pseudo_added_total': nan, 'n_unlabeled': 1302, 'neural_method': nan, 'neural_validation_strategy': nan, 'package_version': 'unknown', 'peak_gpu_memory_mb': 525.51123046875, 'pretrain_epochs_trained': nan, 'protocol': 'inductive', 'pseudo_label_class_distribution': nan, 'pseudo_label_fraction': nan, 'reference_family': 'TabICLv2 / soda-inria/tabicl', 'runtime_seconds': 6.0883, 'seed': 2, 'self_training_iterations': nan, 'status': 'success', 'stopped_reason': nan, 'test_class_counts': '{Bumps:81,Dirtiness:11,K_Scratch:78,Other_Faults:135,Pastry:32,Stains:14,Z_Scratch:38}', 'test_size': 389, 'timestamp_utc': '2026-07-22T14:59:11.375384+00:00', 'train_labeled_size': 200, 'train_pool_class_counts': '{Bumps:321,Dirtiness:44,K_Scratch:313,Other_Faults:538,Pastry:126,Stains:58,Z_Scratch:152}', 'unlabeled_class_counts': '{Bumps:271,Dirtiness:33,K_Scratch:265,Other_Faults:458,Pastry:104,Stains:45,Z_Scratch:126}', 'val_class_counts': '{Bumps:10,Dirtiness:2,K_Scratch:10,Other_Faults:16,Pastry:4,Stains:3,Z_Scratch:5}', 'val_size': 50, 'validation_strategy': 'stratified_labeled_val', 'warm_inference_seconds': 0.07784494291990995}",,False,0.07784494291990995
tabiclv2,tabicl-classifier-v2-20260212.ckpt,,,nogit:afd539c9e2f221fc,,12.4,steel-plates-fault,gpu,False,,,3f9236be15390304,,ssl-tfm,"{'cuda_available': True, 'cuda_version': '12.4', 'env_name': None, 'env_prefix': '/private/ofirlin-lab/suissad4/envs/micromamba', 'gpu_count': 1, 'gpu_name': 'NVIDIA A100 80GB PCIe', 'hostname': 'dsiuriofir01', 'packages': {'catboost': '1.2.10', 'lightgbm': '4.7.0', 'numpy': '2.4.6', 'pandas': '3.0.3', 'scikit-learn': '1.9.0', 'tabicl': '2.1.1', 'tabpfn': '8.1.0', 'torch': '2.6.0+cu124', 'xgboost': None}, 'platform': 'Linux-5.14.0-687.15.1.el9_8.x86_64-x86_64-with-glibc2.34', 'python': '3.11.15 | packaged by conda-forge | (main, Jun 11 2026, 03:34:02) [GCC 14.3.0]', 'python_version': '3.11.15', 'torch_available': True, 'torch_version': '2.6.0+cu124'}",,,NVIDIA A100 80GB PCIe,dsiuriofir01,raw,True,tabiclv2,{},44136fa355b3678a,tfm_frozen,official,0.7660668380462725,,0.76952244821919,0.3368958597444459,0.06667681607343252,0.6403887758153713,0.775179573950021,0.6403887758153713,0.9562638617680262,500,,False,,unknown,,inductive,TabICL / TabICLv2,steel-plates-fault__tabiclv2__s2__n500__ffe12cdb699b2016,5.5366,2,191,18409306,v1_absolute_budget,success,True,2026-07-22T14:59:29.855614+00:00,"{'all_classes_present_in_labeled': True, 'backbone': 'tabiclv2', 'best_epoch': nan, 'best_val_loss': nan, 'checkpoint': 'tabicl-classifier-v2-20260212.ckpt', 'cold_load_seconds': 1.065508360043168, 'dataset': 'steel-plates-fault', 'dataset_id': 40982, 'embedding_source': None, 'epochs_trained': nan, 'error_message': None, 'final_train_loss': nan, 'finetune_epochs_trained': nan, 'graph_n_neighbors_used': nan, 'graph_n_rows': nan, 'graph_n_unlabeled_used': nan, 'graph_retry_count': nan, 'input_view': 'raw', 'kv_cache': True, 'labeled_class_counts': '{Bumps:101,Dirtiness:18,K_Scratch:99,Other_Faults:166,Pastry:43,Stains:22,Z_Scratch:51}', 'labeled_classes_present': 7, 'max_labeled_per_class': 166, 'max_selected_confidence': nan, 'mean_selected_confidence': nan, 'mean_selected_density': nan, 'method': 'tabiclv2', 'method_fidelity': 'official', 'metric_accuracy': 0.7660668380462725, 'metric_average_precision': None, 'metric_balanced_accuracy': 0.76952244821919, 'metric_brier': 0.3368958597444459, 'metric_ece': 0.06667681607343252, 'metric_log_loss': 0.6403887758153713, 'metric_macro_f1': 0.775179573950021, 'metric_nll': 0.6403887758153713, 'metric_roc_auc': 0.9562638617680262, 'min_labeled_per_class': 18, 'min_selected_confidence': nan, 'n_classes': 7, 'n_features_after_preprocessing': 27, 'n_features_before_preprocessing': 27, 'n_labeled': 500, 'n_pseudo_added_last_iter': nan, 'n_pseudo_added_total': nan, 'n_unlabeled': 1052, 'neural_method': nan, 'neural_validation_strategy': nan, 'package_version': 'unknown', 'peak_gpu_memory_mb': 600.38623046875, 'pretrain_epochs_trained': nan, 'protocol': 'inductive', 'pseudo_label_class_distribution': nan, 'pseudo_label_fraction': nan, 'reference_family': 'TabICLv2 / soda-inria/tabicl', 'runtime_seconds': 5.5366, 'seed': 2, 'self_training_iterations': nan, 'status': 'success', 'stopped_reason': nan, 'test_class_counts': '{Bumps:81,Dirtiness:11,K_Scratch:78,Other_Faults:135,Pastry:32,Stains:14,Z_Scratch:38}', 'test_size': 389, 'timestamp_utc': '2026-07-22T14:59:24.294345+00:00', 'train_labeled_size': 400, 'train_pool_class_counts': '{Bumps:321,Dirtiness:44,K_Scratch:313,Other_Faults:538,Pastry:126,Stains:58,Z_Scratch:152}', 'unlabeled_class_counts': '{Bumps:220,Dirtiness:26,K_Scratch:214,Other_Faults:372,Pastry:83,Stains:36,Z_Scratch:101}', 'val_class_counts': '{Bumps:20,Dirtiness:4,K_Scratch:20,Other_Faults:33,Pastry:9,Stains:4,Z_Scratch:10}', 'val_size': 100, 'validation_strategy': 'stratified_labeled_val', 'warm_inference_seconds': 0.08183778822422028}",,False,0.08183778822422028
tabiclv2,tabicl-classifier-v2-20260212.ckpt,,,nogit:afd539c9e2f221fc,,12.4,steel-plates-fault,gpu,False,,,3f9236be15390304,,ssl-tfm,"{'cuda_available': True, 'cuda_version': '12.4', 'env_name': None, 'env_prefix': '/private/ofirlin-lab/suissad4/envs/micromamba', 'gpu_count': 1, 'gpu_name': 'NVIDIA A100 80GB PCIe', 'hostname': 'dsiuriofir01', 'packages': {'catboost': '1.2.10', 'lightgbm': '4.7.0', 'numpy': '2.4.6', 'pandas': '3.0.3', 'scikit-learn': '1.9.0', 'tabicl': '2.1.1', 'tabpfn': '8.1.0', 'torch': '2.6.0+cu124', 'xgboost': None}, 'platform': 'Linux-5.14.0-687.15.1.el9_8.x86_64-x86_64-with-glibc2.34', 'python': '3.11.15 | packaged by conda-forge | (main, Jun 11 2026, 03:34:02) [GCC 14.3.0]', 'python_version': '3.11.15', 'torch_available': True, 'torch_version': '2.6.0+cu124'}",,,NVIDIA A100 80GB PCIe,dsiuriofir01,raw,True,tabiclv2,{},44136fa355b3678a,tfm_frozen,official,0.570694087403599,,0.6274082149865359,0.5639961721124542,0.11098335602622462,1.1871383281791499,0.585940274202021,1.1871383281791499,0.8803758735651852,50,,False,,unknown,,inductive,TabICL / TabICLv2,steel-plates-fault__tabiclv2__s2__n50__a52af580d1a66647,6.1173,2,188,18455311,v1_absolute_budget,success,True,2026-07-22T14:59:05.209764+00:00,"{'all_classes_present_in_labeled': True, 'backbone': 'tabiclv2', 'best_epoch': nan, 'best_val_loss': nan, 'checkpoint': 'tabicl-classifier-v2-20260212.ckpt', 'cold_load_seconds': 1.0189909902401268, 'dataset': 'steel-plates-fault', 'dataset_id': 40982, 'embedding_source': None, 'epochs_trained': nan, 'error_message': None, 'final_train_loss': nan, 'finetune_epochs_trained': nan, 'graph_n_neighbors_used': nan, 'graph_n_rows': nan, 'graph_n_unlabeled_used': nan, 'graph_retry_count': nan, 'input_view': 'raw', 'kv_cache': True, 'labeled_class_counts': '{Bumps:9,Dirtiness:4,K_Scratch:9,Other_Faults:13,Pastry:5,Stains:4,Z_Scratch:6}', 'labeled_classes_present': 7, 'max_labeled_per_class': 13, 'max_selected_confidence': nan, 'mean_selected_confidence': nan, 'mean_selected_density': nan, 'method': 'tabiclv2', 'method_fidelity': 'official', 'metric_accuracy': 0.570694087403599, 'metric_average_precision': None, 'metric_balanced_accuracy': 0.6274082149865359, 'metric_brier': 0.5639961721124542, 'metric_ece': 0.11098335602622462, 'metric_log_loss': 1.1871383281791499, 'metric_macro_f1': 0.585940274202021, 'metric_nll': 1.1871383281791499, 'metric_roc_auc': 0.8803758735651852, 'min_labeled_per_class': 4, 'min_selected_confidence': nan, 'n_classes': 7, 'n_features_after_preprocessing': 27, 'n_features_before_preprocessing': 27, 'n_labeled': 50, 'n_pseudo_added_last_iter': nan, 'n_pseudo_added_total': nan, 'n_unlabeled': 1502, 'neural_method': nan, 'neural_validation_strategy': nan, 'package_version': 'unknown', 'peak_gpu_memory_mb': 467.96435546875, 'pretrain_epochs_trained': nan, 'protocol': 'inductive', 'pseudo_label_class_distribution': nan, 'pseudo_label_fraction': nan, 'reference_family': 'TabICLv2 / soda-inria/tabicl', 'runtime_seconds': 6.1173, 'seed': 2, 'self_training_iterations': nan, 'status': 'success', 'stopped_reason': nan, 'test_class_counts': '{Bumps:81,Dirtiness:11,K_Scratch:78,Other_Faults:135,Pastry:32,Stains:14,Z_Scratch:38}', 'test_size': 389, 'timestamp_utc': '2026-07-22T14:58:59.066865+00:00', 'train_labeled_size': 40, 'train_pool_class_counts': '{Bumps:321,Dirtiness:44,K_Scratch:313,Other_Faults:538,Pastry:126,Stains:58,Z_Scratch:152}', 'unlabeled_class_counts': '{Bumps:312,Dirtiness:40,K_Scratch:304,Other_Faults:525,Pastry:121,Stains:54,Z_Scratch:146}', 'val_class_counts': '{Bumps:2,Dirtiness:1,K_Scratch:2,Other_Faults:2,Pastry:1,Stains:1,Z_Scratch:1}', 'val_size': 10, 'validation_strategy': 'stratified_labeled_val', 'warm_inference_seconds': 0.07661403575912118}",,False,0.07661403575912118
tabpfn3,/private/ofirlin-lab/suissad4/caches/tabpfn/tabpfn-v3-classifier-v3_default.ckpt,,,nogit:afd539c9e2f221fc,,12.4,steel-plates-fault,gpu,False,,,3f9236be15390304,,ssl-tfm,"{'cuda_available': True, 'cuda_version': '12.4', 'env_name': None, 'env_prefix': '/private/ofirlin-lab/suissad4/envs/micromamba', 'gpu_count': 1, 'gpu_name': 'NVIDIA A100 80GB PCIe', 'hostname': 'dsiuriofir01', 'packages': {'catboost': '1.2.10', 'lightgbm': '4.7.0', 'numpy': '2.4.6', 'pandas': '3.0.3', 'scikit-learn': '1.9.0', 'tabicl': '2.1.1', 'tabpfn': '8.1.0', 'torch': '2.6.0+cu124', 'xgboost': None}, 'platform': 'Linux-5.14.0-687.15.1.el9_8.x86_64-x86_64-with-glibc2.34', 'python': '3.11.15 | packaged by conda-forge | (main, Jun 11 2026, 03:34:02) [GCC 14.3.0]', 'python_version': '3.11.15', 'torch_available': True, 'torch_version': '2.6.0+cu124'}",,,NVIDIA A100 80GB PCIe,dsiuriofir01,raw,,tabpfn3,{},44136fa355b3678a,tfm_frozen,official,0.7095115681233933,,0.7494337371530354,0.42388246869349056,0.06736504012026398,0.8336380048420556,0.7169438503278329,0.8336380048420556,0.897030376032283,100,,False,,8.1.0,,inductive,Hollmann et al. TabPFN / TabPFN-3,steel-plates-fault__tabpfn3__s0__n100__ff331b970d98df8f,8.673,0,169,18455291,v1_absolute_budget,success,True,2026-07-22T14:56:34.229771+00:00,"{'all_classes_present_in_labeled': True, 'backbone': 'tabpfn3', 'best_epoch': nan, 'best_val_loss': nan, 'checkpoint': '/private/ofirlin-lab/suissad4/caches/tabpfn/tabpfn-v3-classifier-v3_default.ckpt', 'cold_load_seconds': 0.8613667697645724, 'dataset': 'steel-plates-fault', 'dataset_id': 40982, 'embedding_source': None, 'epochs_trained': nan, 'error_message': None, 'final_train_loss': nan, 'finetune_epochs_trained': nan, 'graph_n_neighbors_used': nan, 'graph_n_rows': nan, 'graph_n_unlabeled_used': nan, 'graph_retry_count': nan, 'input_view': 'raw', 'kv_cache': None, 'labeled_class_counts': '{Bumps:19,Dirtiness:7,K_Scratch:18,Other_Faults:28,Pastry:10,Stains:7,Z_Scratch:11}', 'labeled_classes_present': 7, 'max_labeled_per_class': 28, 'max_selected_confidence': nan, 'mean_selected_confidence': nan, 'mean_selected_density': nan, 'method': 'tabpfn3', 'method_fidelity': 'official', 'metric_accuracy': 0.7095115681233933, 'metric_average_precision': None, 'metric_balanced_accuracy': 0.7494337371530354, 'metric_brier': 0.42388246869349056, 'metric_ece': 0.06736504012026398, 'metric_log_loss': 0.8336380048420556, 'metric_macro_f1': 0.7169438503278329, 'metric_nll': 0.8336380048420556, 'metric_roc_auc': 0.897030376032283, 'min_labeled_per_class': 7, 'min_selected_confidence': nan, 'n_classes': 7, 'n_features_after_preprocessing': 27, 'n_features_before_preprocessing': 27, 'n_labeled': 100, 'n_pseudo_added_last_iter': nan, 'n_pseudo_added_total': nan, 'n_unlabeled': 1452, 'neural_method': nan, 'neural_validation_strategy': nan, 'package_version': '8.1.0', 'peak_gpu_memory_mb': 318.38330078125, 'pretrain_epochs_trained': nan, 'protocol': 'inductive', 'pseudo_label_class_distribution': nan, 'pseudo_label_fraction': nan, 'reference_family': 'TabPFN-3 / PriorLabs', 'runtime_seconds': 8.673, 'seed': 0, 'self_training_iterations': nan, 'status': 'success', 'stopped_reason': nan, 'test_class_counts': '{Bumps:81,Dirtiness:11,K_Scratch:78,Other_Faults:135,Pastry:32,Stains:14,Z_Scratch:38}', 'test_size': 389, 'timestamp_utc': '2026-07-22T14:56:25.537521+00:00', 'train_labeled_size': 80, 'train_pool_class_counts': '{Bumps:321,Dirtiness:44,K_Scratch:313,Other_Faults:538,Pastry:126,Stains:58,Z_Scratch:152}', 'unlabeled_class_counts': '{Bumps:302,Dirtiness:37,K_Scratch:295,Other_Faults:510,Pastry:116,Stains:51,Z_Scratch:141}', 'val_class_counts': '{Bumps:4,Dirtiness:1,K_Scratch:4,Other_Faults:6,Pastry:2,Stains:1,Z_Scratch:2}', 'val_size': 20, 'validation_strategy': 'stratified_labeled_val', 'warm_inference_seconds': 0.4112292663194239}",,False,0.4112292663194239
tabpfn3,/private/ofirlin-lab/suissad4/caches/tabpfn/tabpfn-v3-classifier-v3_default.ckpt,,,nogit:afd539c9e2f221fc,,12.4,steel-plates-fault,gpu,False,,,3f9236be15390304,,ssl-tfm,"{'cuda_available': True, 'cuda_version': '12.4', 'env_name': None, 'env_prefix': '/private/ofirlin-lab/suissad4/envs/micromamba', 'gpu_count': 1, 'gpu_name': 'NVIDIA A100 80GB PCIe', 'hostname': 'dsiuriofir01', 'packages': {'catboost': '1.2.10', 'lightgbm': '4.7.0', 'numpy': '2.4.6', 'pandas': '3.0.3', 'scikit-learn': '1.9.0', 'tabicl': '2.1.1', 'tabpfn': '8.1.0', 'torch': '2.6.0+cu124', 'xgboost': None}, 'platform': 'Linux-5.14.0-687.15.1.el9_8.x86_64-x86_64-with-glibc2.34', 'python': '3.11.15 | packaged by conda-forge | (main, Jun 11 2026, 03:34:02) [GCC 14.3.0]', 'python_version': '3.11.15', 'torch_available': True, 'torch_version': '2.6.0+cu124'}",,,NVIDIA A100 80GB PCIe,dsiuriofir01,raw,,tabpfn3,{},44136fa355b3678a,tfm_frozen,official,0.7069408740359897,,0.7604281439807756,0.3673656665265882,0.07379900440509732,0.6729546224461651,0.7429011991110548,0.6729546224461651,0.9451378141091038,250,,False,,8.1.0,,inductive,Hollmann et al. TabPFN / TabPFN-3,steel-plates-fault__tabpfn3__s0__n250__1ba45680028fd738,6.0425,0,170,18455292,v1_absolute_budget,success,True,2026-07-22T14:56:34.579309+00:00,"{'all_classes_present_in_labeled': True, 'backbone': 'tabpfn3', 'best_epoch': nan, 'best_val_loss': nan, 'checkpoint': '/private/ofirlin-lab/suissad4/caches/tabpfn/tabpfn-v3-classifier-v3_default.ckpt', 'cold_load_seconds': 0.8713756613433361, 'dataset': 'steel-plates-fault', 'dataset_id': 40982, 'embedding_source': None, 'epochs_trained': nan, 'error_message': None, 'final_train_loss': nan, 'finetune_epochs_trained': nan, 'graph_n_neighbors_used': nan, 'graph_n_rows': nan, 'graph_n_unlabeled_used': nan, 'graph_retry_count': nan, 'input_view': 'raw', 'kv_cache': None, 'labeled_class_counts': '{Bumps:50,Dirtiness:11,K_Scratch:48,Other_Faults:80,Pastry:22,Stains:13,Z_Scratch:26}', 'labeled_classes_present': 7, 'max_labeled_per_class': 80, 'max_selected_confidence': nan, 'mean_selected_confidence': nan, 'mean_selected_density': nan, 'method': 'tabpfn3', 'method_fidelity': 'official', 'metric_accuracy': 0.7069408740359897, 'metric_average_precision': None, 'metric_balanced_accuracy': 0.7604281439807756, 'metric_brier': 0.3673656665265882, 'metric_ece': 0.07379900440509732, 'metric_log_loss': 0.6729546224461651, 'metric_macro_f1': 0.7429011991110548, 'metric_nll': 0.6729546224461651, 'metric_roc_auc': 0.9451378141091038, 'min_labeled_per_class': 11, 'min_selected_confidence': nan, 'n_classes': 7, 'n_features_after_preprocessing': 27, 'n_features_before_preprocessing': 27, 'n_labeled': 250, 'n_pseudo_added_last_iter': nan, 'n_pseudo_added_total': nan, 'n_unlabeled': 1302, 'neural_method': nan, 'neural_validation_strategy': nan, 'package_version': '8.1.0', 'peak_gpu_memory_mb': 321.1650390625, 'pretrain_epochs_trained': nan, 'protocol': 'inductive', 'pseudo_label_class_distribution': nan, 'pseudo_label_fraction': nan, 'reference_family': 'TabPFN-3 / PriorLabs', 'runtime_seconds': 6.0425, 'seed': 0, 'self_training_iterations': nan, 'status': 'success', 'stopped_reason': nan, 'test_class_counts': '{Bumps:81,Dirtiness:11,K_Scratch:78,Other_Faults:135,Pastry:32,Stains:14,Z_Scratch:38}', 'test_size': 389, 'timestamp_utc': '2026-07-22T14:56:28.516353+00:00', 'train_labeled_size': 200, 'train_pool_class_counts': '{Bumps:321,Dirtiness:44,K_Scratch:313,Other_Faults:538,Pastry:126,Stains:58,Z_Scratch:152}', 'unlabeled_class_counts': '{Bumps:271,Dirtiness:33,K_Scratch:265,Other_Faults:458,Pastry:104,Stains:45,Z_Scratch:126}', 'val_class_counts': '{Bumps:10,Dirtiness:2,K_Scratch:10,Other_Faults:16,Pastry:4,Stains:3,Z_Scratch:5}', 'val_size': 50, 'validation_strategy': 'stratified_labeled_val', 'warm_inference_seconds': 0.480651147197932}",,False,0.480651147197932
tabpfn3,/private/ofirlin-lab/suissad4/caches/tabpfn/tabpfn-v3-classifier-v3_default.ckpt,,,nogit:afd539c9e2f221fc,,12.4,steel-plates-fault,gpu,False,,,3f9236be15390304,,ssl-tfm,"{'cuda_available': True, 'cuda_version': '12.4', 'env_name': None, 'env_prefix': '/private/ofirlin-lab/suissad4/envs/micromamba', 'gpu_count': 1, 'gpu_name': 'NVIDIA A100 80GB PCIe', 'hostname': 'dsiuriofir01', 'packages': {'catboost': '1.2.10', 'lightgbm': '4.7.0', 'numpy': '2.4.6', 'pandas': '3.0.3', 'scikit-learn': '1.9.0', 'tabicl': '2.1.1', 'tabpfn': '8.1.0', 'torch': '2.6.0+cu124', 'xgboost': None}, 'platform': 'Linux-5.14.0-687.15.1.el9_8.x86_64-x86_64-with-glibc2.34', 'python': '3.11.15 | packaged by conda-forge | (main, Jun 11 2026, 03:34:02) [GCC 14.3.0]', 'python_version': '3.11.15', 'torch_available': True, 'torch_version': '2.6.0+cu124'}",,,NVIDIA A100 80GB PCIe,dsiuriofir01,raw,,tabpfn3,{},44136fa355b3678a,tfm_frozen,official,0.7583547557840618,,0.8242687380845276,0.32026375129387147,0.056899465869508024,0.592769950053806,0.8140223398109931,0.592769950053806,0.9566905421888166,500,,False,,8.1.0,,inductive,Hollmann et al. TabPFN / TabPFN-3,steel-plates-fault__tabpfn3__s0__n500__2cfece0b2befb18f,9.0742,0,171,18455293,v1_absolute_budget,success,True,2026-07-22T14:56:50.208232+00:00,"{'all_classes_present_in_labeled': True, 'backbone': 'tabpfn3', 'best_epoch': nan, 'best_val_loss': nan, 'checkpoint': '/private/ofirlin-lab/suissad4/caches/tabpfn/tabpfn-v3-classifier-v3_default.ckpt', 'cold_load_seconds': 0.9331096382811666, 'dataset': 'steel-plates-fault', 'dataset_id': 40982, 'embedding_source': None, 'epochs_trained': nan, 'error_message': None, 'final_train_loss': nan, 'finetune_epochs_trained': nan, 'graph_n_neighbors_used': nan, 'graph_n_rows': nan, 'graph_n_unlabeled_used': nan, 'graph_retry_count': nan, 'input_view': 'raw', 'kv_cache': None, 'labeled_class_counts': '{Bumps:101,Dirtiness:18,K_Scratch:99,Other_Faults:166,Pastry:43,Stains:22,Z_Scratch:51}', 'labeled_classes_present': 7, 'max_labeled_per_class': 166, 'max_selected_confidence': nan, 'mean_selected_confidence': nan, 'mean_selected_density': nan, 'method': 'tabpfn3', 'method_fidelity': 'official', 'metric_accuracy': 0.7583547557840618, 'metric_average_precision': None, 'metric_balanced_accuracy': 0.8242687380845276, 'metric_brier': 0.32026375129387147, 'metric_ece': 0.056899465869508024, 'metric_log_loss': 0.592769950053806, 'metric_macro_f1': 0.8140223398109931, 'metric_nll': 0.592769950053806, 'metric_roc_auc': 0.9566905421888166, 'min_labeled_per_class': 18, 'min_selected_confidence': nan, 'n_classes': 7, 'n_features_after_preprocessing': 27, 'n_features_before_preprocessing': 27, 'n_labeled': 500, 'n_pseudo_added_last_iter': nan, 'n_pseudo_added_total': nan, 'n_unlabeled': 1052, 'neural_method': nan, 'neural_validation_strategy': nan, 'package_version': '8.1.0', 'peak_gpu_memory_mb': 325.33447265625, 'pretrain_epochs_trained': nan, 'protocol': 'inductive', 'pseudo_label_class_distribution': nan, 'pseudo_label_fraction': nan, 'reference_family': 'TabPFN-3 / PriorLabs', 'runtime_seconds': 9.0742, 'seed': 0, 'self_training_iterations': nan, 'status': 'success', 'stopped_reason': nan, 'test_class_counts': '{Bumps:81,Dirtiness:11,K_Scratch:78,Other_Faults:135,Pastry:32,Stains:14,Z_Scratch:38}', 'test_size': 389, 'timestamp_utc': '2026-07-22T14:56:41.095724+00:00', 'train_labeled_size': 400, 'train_pool_class_counts': '{Bumps:321,Dirtiness:44,K_Scratch:313,Other_Faults:538,Pastry:126,Stains:58,Z_Scratch:152}', 'unlabeled_class_counts': '{Bumps:220,Dirtiness:26,K_Scratch:214,Other_Faults:372,Pastry:83,Stains:36,Z_Scratch:101}', 'val_class_counts': '{Bumps:20,Dirtiness:4,K_Scratch:20,Other_Faults:33,Pastry:9,Stains:4,Z_Scratch:10}', 'val_size': 100, 'validation_strategy': 'stratified_labeled_val', 'warm_inference_seconds': 0.5622804723680019}",,False,0.5622804723680019
tabpfn3,/private/ofirlin-lab/suissad4/caches/tabpfn/tabpfn-v3-classifier-v3_default.ckpt,,,nogit:afd539c9e2f221fc,,12.4,steel-plates-fault,gpu,False,,,3f9236be15390304,,ssl-tfm,"{'cuda_available': True, 'cuda_version': '12.4', 'env_name': None, 'env_prefix': '/private/ofirlin-lab/suissad4/envs/micromamba', 'gpu_count': 1, 'gpu_name': 'NVIDIA A100 80GB PCIe', 'hostname': 'dsiuriofir01', 'packages': {'catboost': '1.2.10', 'lightgbm': '4.7.0', 'numpy': '2.4.6', 'pandas': '3.0.3', 'scikit-learn': '1.9.0', 'tabicl': '2.1.1', 'tabpfn': '8.1.0', 'torch': '2.6.0+cu124', 'xgboost': None}, 'platform': 'Linux-5.14.0-687.15.1.el9_8.x86_64-x86_64-with-glibc2.34', 'python': '3.11.15 | packaged by conda-forge | (main, Jun 11 2026, 03:34:02) [GCC 14.3.0]', 'python_version': '3.11.15', 'torch_available': True, 'torch_version': '2.6.0+cu124'}",,,NVIDIA A100 80GB PCIe,dsiuriofir01,raw,,tabpfn3,{},44136fa355b3678a,tfm_frozen,official,0.6478149100257069,,0.6587239839432822,0.500708641487819,0.17140358174353948,1.0312286595713744,0.6645437724144722,1.0312286595713744,0.8878566808790885,50,,False,,8.1.0,,inductive,Hollmann et al. TabPFN / TabPFN-3,steel-plates-fault__tabpfn3__s0__n50__26727884abf2eef3,10.6729,0,168,18455290,v1_absolute_budget,success,True,2026-07-22T14:56:19.981233+00:00,"{'all_classes_present_in_labeled': True, 'backbone': 'tabpfn3', 'best_epoch': nan, 'best_val_loss': nan, 'checkpoint': '/private/ofirlin-lab/suissad4/caches/tabpfn/tabpfn-v3-classifier-v3_default.ckpt', 'cold_load_seconds': 1.0232762088999152, 'dataset': 'steel-plates-fault', 'dataset_id': 40982, 'embedding_source': None, 'epochs_trained': nan, 'error_message': None, 'final_train_loss': nan, 'finetune_epochs_trained': nan, 'graph_n_neighbors_used': nan, 'graph_n_rows': nan, 'graph_n_unlabeled_used': nan, 'graph_retry_count': nan, 'input_view': 'raw', 'kv_cache': None, 'labeled_class_counts': '{Bumps:9,Dirtiness:4,K_Scratch:9,Other_Faults:13,Pastry:5,Stains:4,Z_Scratch:6}', 'labeled_classes_present': 7, 'max_labeled_per_class': 13, 'max_selected_confidence': nan, 'mean_selected_confidence': nan, 'mean_selected_density': nan, 'method': 'tabpfn3', 'method_fidelity': 'official', 'metric_accuracy': 0.6478149100257069, 'metric_average_precision': None, 'metric_balanced_accuracy': 0.6587239839432822, 'metric_brier': 0.500708641487819, 'metric_ece': 0.17140358174353948, 'metric_log_loss': 1.0312286595713744, 'metric_macro_f1': 0.6645437724144722, 'metric_nll': 1.0312286595713744, 'metric_roc_auc': 0.8878566808790885, 'min_labeled_per_class': 4, 'min_selected_confidence': nan, 'n_classes': 7, 'n_features_after_preprocessing': 27, 'n_features_before_preprocessing': 27, 'n_labeled': 50, 'n_pseudo_added_last_iter': nan, 'n_pseudo_added_total': nan, 'n_unlabeled': 1502, 'neural_method': nan, 'neural_validation_strategy': nan, 'package_version': '8.1.0', 'peak_gpu_memory_mb': 317.62939453125, 'pretrain_epochs_trained': nan, 'protocol': 'inductive', 'pseudo_label_class_distribution': nan, 'pseudo_label_fraction': nan, 'reference_family': 'TabPFN-3 / PriorLabs', 'runtime_seconds': 10.6729, 'seed': 0, 'self_training_iterations': nan, 'status': 'success', 'stopped_reason': nan, 'test_class_counts': '{Bumps:81,Dirtiness:11,K_Scratch:78,Other_Faults:135,Pastry:32,Stains:14,Z_Scratch:38}', 'test_size': 389, 'timestamp_utc': '2026-07-22T14:56:09.263159+00:00', 'train_labeled_size': 40, 'train_pool_class_counts': '{Bumps:321,Dirtiness:44,K_Scratch:313,Other_Faults:538,Pastry:126,Stains:58,Z_Scratch:152}', 'unlabeled_class_counts': '{Bumps:312,Dirtiness:40,K_Scratch:304,Other_Faults:525,Pastry:121,Stains:54,Z_Scratch:146}', 'val_class_counts': '{Bumps:2,Dirtiness:1,K_Scratch:2,Other_Faults:2,Pastry:1,Stains:1,Z_Scratch:1}', 'val_size': 10, 'validation_strategy': 'stratified_labeled_val', 'warm_inference_seconds': 0.5483736987225711}",,False,0.5483736987225711
tabpfn3,/private/ofirlin-lab/suissad4/caches/tabpfn/tabpfn-v3-classifier-v3_default.ckpt,,,nogit:afd539c9e2f221fc,,12.4,steel-plates-fault,gpu,False,,,3f9236be15390304,,ssl-tfm,"{'cuda_available': True, 'cuda_version': '12.4', 'env_name': None, 'env_prefix': '/private/ofirlin-lab/suissad4/envs/micromamba', 'gpu_count': 1, 'gpu_name': 'NVIDIA A100 80GB PCIe', 'hostname': 'dsiuriofir01', 'packages': {'catboost': '1.2.10', 'lightgbm': '4.7.0', 'numpy': '2.4.6', 'pandas': '3.0.3', 'scikit-learn': '1.9.0', 'tabicl': '2.1.1', 'tabpfn': '8.1.0', 'torch': '2.6.0+cu124', 'xgboost': None}, 'platform': 'Linux-5.14.0-687.15.1.el9_8.x86_64-x86_64-with-glibc2.34', 'python': '3.11.15 | packaged by conda-forge | (main, Jun 11 2026, 03:34:02) [GCC 14.3.0]', 'python_version': '3.11.15', 'torch_available': True, 'torch_version': '2.6.0+cu124'}",,,NVIDIA A100 80GB PCIe,dsiuriofir01,raw,,tabpfn3,{},44136fa355b3678a,tfm_frozen,official,0.5938303341902313,,0.5879258168731853,0.5576117182879069,0.06747968400300629,1.1472679935558685,0.6049587896222162,1.1472679935558685,0.8679849342596728,100,,False,,8.1.0,,inductive,Hollmann et al. TabPFN / TabPFN-3,steel-plates-fault__tabpfn3__s1__n100__3d2f557e23505798,10.9796,1,173,18455295,v1_absolute_budget,success,True,2026-07-22T14:57:09.297112+00:00,"{'all_classes_present_in_labeled': True, 'backbone': 'tabpfn3', 'best_epoch': nan, 'best_val_loss': nan, 'checkpoint': '/private/ofirlin-lab/suissad4/caches/tabpfn/tabpfn-v3-classifier-v3_default.ckpt', 'cold_load_seconds': 1.0271626310423017, 'dataset': 'steel-plates-fault', 'dataset_id': 40982, 'embedding_source': None, 'epochs_trained': nan, 'error_message': None, 'final_train_loss': nan, 'finetune_epochs_trained': nan, 'graph_n_neighbors_used': nan, 'graph_n_rows': nan, 'graph_n_unlabeled_used': nan, 'graph_retry_count': nan, 'input_view': 'raw', 'kv_cache': None, 'labeled_class_counts': '{Bumps:19,Dirtiness:7,K_Scratch:18,Other_Faults:28,Pastry:10,Stains:7,Z_Scratch:11}', 'labeled_classes_present': 7, 'max_labeled_per_class': 28, 'max_selected_confidence': nan, 'mean_selected_confidence': nan, 'mean_selected_density': nan, 'method': 'tabpfn3', 'method_fidelity': 'official', 'metric_accuracy': 0.5938303341902313, 'metric_average_precision': None, 'metric_balanced_accuracy': 0.5879258168731853, 'metric_brier': 0.5576117182879069, 'metric_ece': 0.06747968400300629, 'metric_log_loss': 1.1472679935558685, 'metric_macro_f1': 0.6049587896222162, 'metric_nll': 1.1472679935558685, 'metric_roc_auc': 0.8679849342596728, 'min_labeled_per_class': 7, 'min_selected_confidence': nan, 'n_classes': 7, 'n_features_after_preprocessing': 27, 'n_features_before_preprocessing': 27, 'n_labeled': 100, 'n_pseudo_added_last_iter': nan, 'n_pseudo_added_total': nan, 'n_unlabeled': 1452, 'neural_method': nan, 'neural_validation_strategy': nan, 'package_version': '8.1.0', 'peak_gpu_memory_mb': 318.38330078125, 'pretrain_epochs_trained': nan, 'protocol': 'inductive', 'pseudo_label_class_distribution': nan, 'pseudo_label_fraction': nan, 'reference_family': 'TabPFN-3 / PriorLabs', 'runtime_seconds': 10.9796, 'seed': 1, 'self_training_iterations': nan, 'status': 'success', 'stopped_reason': nan, 'test_class_counts': '{Bumps:81,Dirtiness:11,K_Scratch:78,Other_Faults:135,Pastry:32,Stains:14,Z_Scratch:38}', 'test_size': 389, 'timestamp_utc': '2026-07-22T14:56:58.281123+00:00', 'train_labeled_size': 80, 'train_pool_class_counts': '{Bumps:321,Dirtiness:44,K_Scratch:313,Other_Faults:538,Pastry:126,Stains:58,Z_Scratch:152}', 'unlabeled_class_counts': '{Bumps:302,Dirtiness:37,K_Scratch:295,Other_Faults:510,Pastry:116,Stains:51,Z_Scratch:141}', 'val_class_counts': '{Bumps:4,Dirtiness:1,K_Scratch:4,Other_Faults:6,Pastry:2,Stains:1,Z_Scratch:2}', 'val_size': 20, 'validation_strategy': 'stratified_labeled_val', 'warm_inference_seconds': 0.5451823663897812}",,False,0.5451823663897812
tabpfn3,/private/ofirlin-lab/suissad4/caches/tabpfn/tabpfn-v3-classifier-v3_default.ckpt,,,nogit:afd539c9e2f221fc,,12.4,steel-plates-fault,gpu,False,,,3f9236be15390304,,ssl-tfm,"{'cuda_available': True, 'cuda_version': '12.4', 'env_name': None, 'env_prefix': '/private/ofirlin-lab/suissad4/envs/micromamba', 'gpu_count': 1, 'gpu_name': 'NVIDIA A100 80GB PCIe', 'hostname': 'dsiuriofir01', 'packages': {'catboost': '1.2.10', 'lightgbm': '4.7.0', 'numpy': '2.4.6', 'pandas': '3.0.3', 'scikit-learn': '1.9.0', 'tabicl': '2.1.1', 'tabpfn': '8.1.0', 'torch': '2.6.0+cu124', 'xgboost': None}, 'platform': 'Linux-5.14.0-687.15.1.el9_8.x86_64-x86_64-with-glibc2.34', 'python': '3.11.15 | packaged by conda-forge | (main, Jun 11 2026, 03:34:02) [GCC 14.3.0]', 'python_version': '3.11.15', 'torch_available': True, 'torch_version': '2.6.0+cu124'}",,,NVIDIA A100 80GB PCIe,dsiuriofir01,raw,,tabpfn3,{},44136fa355b3678a,tfm_frozen,official,0.6940874035989717,,0.7016281030535417,0.4134263825916061,0.056423855040195155,0.787284596363809,0.717128709615572,0.787284596363809,0.9304226746118811,250,,False,,8.1.0,,inductive,Hollmann et al. TabPFN / TabPFN-3,steel-plates-fault__tabpfn3__s1__n250__7fe3662687824a69,10.9944,1,174,18455296,v1_absolute_budget,success,True,2026-07-22T14:57:09.305399+00:00,"{'all_classes_present_in_labeled': True, 'backbone': 'tabpfn3', 'best_epoch': nan, 'best_val_loss': nan, 'checkpoint': '/private/ofirlin-lab/suissad4/caches/tabpfn/tabpfn-v3-classifier-v3_default.ckpt', 'cold_load_seconds': 1.029700739774853, 'dataset': 'steel-plates-fault', 'dataset_id': 40982, 'embedding_source': None, 'epochs_trained': nan, 'error_message': None, 'final_train_loss': nan, 'finetune_epochs_trained': nan, 'graph_n_neighbors_used': nan, 'graph_n_rows': nan, 'graph_n_unlabeled_used': nan, 'graph_retry_count': nan, 'input_view': 'raw', 'kv_cache': None, 'labeled_class_counts': '{Bumps:50,Dirtiness:11,K_Scratch:48,Other_Faults:80,Pastry:22,Stains:13,Z_Scratch:26}', 'labeled_classes_present': 7, 'max_labeled_per_class': 80, 'max_selected_confidence': nan, 'mean_selected_confidence': nan, 'mean_selected_density': nan, 'method': 'tabpfn3', 'method_fidelity': 'official', 'metric_accuracy': 0.6940874035989717, 'metric_average_precision': None, 'metric_balanced_accuracy': 0.7016281030535417, 'metric_brier': 0.4134263825916061, 'metric_ece': 0.056423855040195155, 'metric_log_loss': 0.787284596363809, 'metric_macro_f1': 0.717128709615572, 'metric_nll': 0.787284596363809, 'metric_roc_auc': 0.9304226746118811, 'min_labeled_per_class': 11, 'min_selected_confidence': nan, 'n_classes': 7, 'n_features_after_preprocessing': 27, 'n_features_before_preprocessing': 27, 'n_labeled': 250, 'n_pseudo_added_last_iter': nan, 'n_pseudo_added_total': nan, 'n_unlabeled': 1302, 'neural_method': nan, 'neural_validation_strategy': nan, 'package_version': '8.1.0', 'peak_gpu_memory_mb': 321.1650390625, 'pretrain_epochs_trained': nan, 'protocol': 'inductive', 'pseudo_label_class_distribution': nan, 'pseudo_label_fraction': nan, 'reference_family': 'TabPFN-3 / PriorLabs', 'runtime_seconds': 10.9944, 'seed': 1, 'self_training_iterations': nan, 'status': 'success', 'stopped_reason': nan, 'test_class_counts': '{Bumps:81,Dirtiness:11,K_Scratch:78,Other_Faults:135,Pastry:32,Stains:14,Z_Scratch:38}', 'test_size': 389, 'timestamp_utc': '2026-07-22T14:56:58.280761+00:00', 'train_labeled_size': 200, 'train_pool_class_counts': '{Bumps:321,Dirtiness:44,K_Scratch:313,Other_Faults:538,Pastry:126,Stains:58,Z_Scratch:152}', 'unlabeled_class_counts': '{Bumps:271,Dirtiness:33,K_Scratch:265,Other_Faults:458,Pastry:104,Stains:45,Z_Scratch:126}', 'val_class_counts': '{Bumps:10,Dirtiness:2,K_Scratch:10,Other_Faults:16,Pastry:4,Stains:3,Z_Scratch:5}', 'val_size': 50, 'validation_strategy': 'stratified_labeled_val', 'warm_inference_seconds': 0.5605999738909304}",,False,0.5605999738909304
tabpfn3,/private/ofirlin-lab/suissad4/caches/tabpfn/tabpfn-v3-classifier-v3_default.ckpt,,,nogit:afd539c9e2f221fc,,12.4,steel-plates-fault,gpu,False,,,3f9236be15390304,,ssl-tfm,"{'cuda_available': True, 'cuda_version': '12.4', 'env_name': None, 'env_prefix': '/private/ofirlin-lab/suissad4/envs/micromamba', 'gpu_count': 1, 'gpu_name': 'NVIDIA A100 80GB PCIe', 'hostname': 'dsiuriofir01', 'packages': {'catboost': '1.2.10', 'lightgbm': '4.7.0', 'numpy': '2.4.6', 'pandas': '3.0.3', 'scikit-learn': '1.9.0', 'tabicl': '2.1.1', 'tabpfn': '8.1.0', 'torch': '2.6.0+cu124', 'xgboost': None}, 'platform': 'Linux-5.14.0-687.15.1.el9_8.x86_64-x86_64-with-glibc2.34', 'python': '3.11.15 | packaged by conda-forge | (main, Jun 11 2026, 03:34:02) [GCC 14.3.0]', 'python_version': '3.11.15', 'torch_available': True, 'torch_version': '2.6.0+cu124'}",,,NVIDIA A100 80GB PCIe,dsiuriofir01,raw,,tabpfn3,{},44136fa355b3678a,tfm_frozen,official,0.7609254498714653,,0.7613257356678409,0.3219050382138554,0.05141727790436135,0.6167917722926137,0.7766901264080879,0.6167917722926137,0.9558835253500898,500,,False,,8.1.0,,inductive,Hollmann et al. TabPFN / TabPFN-3,steel-plates-fault__tabpfn3__s1__n500__832fdb4ddd219117,10.2826,1,175,18455297,v1_absolute_budget,success,True,2026-07-22T14:57:28.596176+00:00,"{'all_classes_present_in_labeled': True, 'backbone': 'tabpfn3', 'best_epoch': nan, 'best_val_loss': nan, 'checkpoint': '/private/ofirlin-lab/suissad4/caches/tabpfn/tabpfn-v3-classifier-v3_default.ckpt', 'cold_load_seconds': 1.0351216359995306, 'dataset': 'steel-plates-fault', 'dataset_id': 40982, 'embedding_source': None, 'epochs_trained': nan, 'error_message': None, 'final_train_loss': nan, 'finetune_epochs_trained': nan, 'graph_n_neighbors_used': nan, 'graph_n_rows': nan, 'graph_n_unlabeled_used': nan, 'graph_retry_count': nan, 'input_view': 'raw', 'kv_cache': None, 'labeled_class_counts': '{Bumps:101,Dirtiness:18,K_Scratch:99,Other_Faults:166,Pastry:43,Stains:22,Z_Scratch:51}', 'labeled_classes_present': 7, 'max_labeled_per_class': 166, 'max_selected_confidence': nan, 'mean_selected_confidence': nan, 'mean_selected_density': nan, 'method': 'tabpfn3', 'method_fidelity': 'official', 'metric_accuracy': 0.7609254498714653, 'metric_average_precision': None, 'metric_balanced_accuracy': 0.7613257356678409, 'metric_brier': 0.3219050382138554, 'metric_ece': 0.05141727790436135, 'metric_log_loss': 0.6167917722926137, 'metric_macro_f1': 0.7766901264080879, 'metric_nll': 0.6167917722926137, 'metric_roc_auc': 0.9558835253500898, 'min_labeled_per_class': 18, 'min_selected_confidence': nan, 'n_classes': 7, 'n_features_after_preprocessing': 27, 'n_features_before_preprocessing': 27, 'n_labeled': 500, 'n_pseudo_added_last_iter': nan, 'n_pseudo_added_total': nan, 'n_unlabeled': 1052, 'neural_method': nan, 'neural_validation_strategy': nan, 'package_version': '8.1.0', 'peak_gpu_memory_mb': 325.33447265625, 'pretrain_epochs_trained': nan, 'protocol': 'inductive', 'pseudo_label_class_distribution': nan, 'pseudo_label_fraction': nan, 'reference_family': 'TabPFN-3 / PriorLabs', 'runtime_seconds': 10.2826, 'seed': 1, 'self_training_iterations': nan, 'status': 'success', 'stopped_reason': nan, 'test_class_counts': '{Bumps:81,Dirtiness:11,K_Scratch:78,Other_Faults:135,Pastry:32,Stains:14,Z_Scratch:38}', 'test_size': 389, 'timestamp_utc': '2026-07-22T14:57:18.282230+00:00', 'train_labeled_size': 400, 'train_pool_class_counts': '{Bumps:321,Dirtiness:44,K_Scratch:313,Other_Faults:538,Pastry:126,Stains:58,Z_Scratch:152}', 'unlabeled_class_counts': '{Bumps:220,Dirtiness:26,K_Scratch:214,Other_Faults:372,Pastry:83,Stains:36,Z_Scratch:101}', 'val_class_counts': '{Bumps:20,Dirtiness:4,K_Scratch:20,Other_Faults:33,Pastry:9,Stains:4,Z_Scratch:10}', 'val_size': 100, 'validation_strategy': 'stratified_labeled_val', 'warm_inference_seconds': 0.5569896511733532}",,False,0.5569896511733532
tabpfn3,/private/ofirlin-lab/suissad4/caches/tabpfn/tabpfn-v3-classifier-v3_default.ckpt,,,nogit:afd539c9e2f221fc,,12.4,steel-plates-fault,gpu,False,,,3f9236be15390304,,ssl-tfm,"{'cuda_available': True, 'cuda_version': '12.4', 'env_name': None, 'env_prefix': '/private/ofirlin-lab/suissad4/envs/micromamba', 'gpu_count': 1, 'gpu_name': 'NVIDIA A100 80GB PCIe', 'hostname': 'dsiuriofir01', 'packages': {'catboost': '1.2.10', 'lightgbm': '4.7.0', 'numpy': '2.4.6', 'pandas': '3.0.3', 'scikit-learn': '1.9.0', 'tabicl': '2.1.1', 'tabpfn': '8.1.0', 'torch': '2.6.0+cu124', 'xgboost': None}, 'platform': 'Linux-5.14.0-687.15.1.el9_8.x86_64-x86_64-with-glibc2.34', 'python': '3.11.15 | packaged by conda-forge | (main, Jun 11 2026, 03:34:02) [GCC 14.3.0]', 'python_version': '3.11.15', 'torch_available': True, 'torch_version': '2.6.0+cu124'}",,,NVIDIA A100 80GB PCIe,dsiuriofir01,raw,,tabpfn3,{},44136fa355b3678a,tfm_frozen,official,0.5038560411311054,,0.48315583458127315,0.6374155874999193,0.05319108369588552,1.37653364371034,0.4797808989341804,1.37653364371034,0.8241538892872164,50,,False,,8.1.0,,inductive,Hollmann et al. TabPFN / TabPFN-3,steel-plates-fault__tabpfn3__s1__n50__aab5c244e7b1c225,8.9946,1,172,18455294,v1_absolute_budget,success,True,2026-07-22T14:56:50.127472+00:00,"{'all_classes_present_in_labeled': True, 'backbone': 'tabpfn3', 'best_epoch': nan, 'best_val_loss': nan, 'checkpoint': '/private/ofirlin-lab/suissad4/caches/tabpfn/tabpfn-v3-classifier-v3_default.ckpt', 'cold_load_seconds': 0.9059196067973971, 'dataset': 'steel-plates-fault', 'dataset_id': 40982, 'embedding_source': None, 'epochs_trained': nan, 'error_message': None, 'final_train_loss': nan, 'finetune_epochs_trained': nan, 'graph_n_neighbors_used': nan, 'graph_n_rows': nan, 'graph_n_unlabeled_used': nan, 'graph_retry_count': nan, 'input_view': 'raw', 'kv_cache': None, 'labeled_class_counts': '{Bumps:9,Dirtiness:4,K_Scratch:9,Other_Faults:13,Pastry:5,Stains:4,Z_Scratch:6}', 'labeled_classes_present': 7, 'max_labeled_per_class': 13, 'max_selected_confidence': nan, 'mean_selected_confidence': nan, 'mean_selected_density': nan, 'method': 'tabpfn3', 'method_fidelity': 'official', 'metric_accuracy': 0.5038560411311054, 'metric_average_precision': None, 'metric_balanced_accuracy': 0.48315583458127315, 'metric_brier': 0.6374155874999193, 'metric_ece': 0.05319108369588552, 'metric_log_loss': 1.37653364371034, 'metric_macro_f1': 0.4797808989341804, 'metric_nll': 1.37653364371034, 'metric_roc_auc': 0.8241538892872164, 'min_labeled_per_class': 4, 'min_selected_confidence': nan, 'n_classes': 7, 'n_features_after_preprocessing': 27, 'n_features_before_preprocessing': 27, 'n_labeled': 50, 'n_pseudo_added_last_iter': nan, 'n_pseudo_added_total': nan, 'n_unlabeled': 1502, 'neural_method': nan, 'neural_validation_strategy': nan, 'package_version': '8.1.0', 'peak_gpu_memory_mb': 317.62939453125, 'pretrain_epochs_trained': nan, 'protocol': 'inductive', 'pseudo_label_class_distribution': nan, 'pseudo_label_fraction': nan, 'reference_family': 'TabPFN-3 / PriorLabs', 'runtime_seconds': 8.9946, 'seed': 1, 'self_training_iterations': nan, 'status': 'success', 'stopped_reason': nan, 'test_class_counts': '{Bumps:81,Dirtiness:11,K_Scratch:78,Other_Faults:135,Pastry:32,Stains:14,Z_Scratch:38}', 'test_size': 389, 'timestamp_utc': '2026-07-22T14:56:41.096628+00:00', 'train_labeled_size': 40, 'train_pool_class_counts': '{Bumps:321,Dirtiness:44,K_Scratch:313,Other_Faults:538,Pastry:126,Stains:58,Z_Scratch:152}', 'unlabeled_class_counts': '{Bumps:312,Dirtiness:40,K_Scratch:304,Other_Faults:525,Pastry:121,Stains:54,Z_Scratch:146}', 'val_class_counts': '{Bumps:2,Dirtiness:1,K_Scratch:2,Other_Faults:2,Pastry:1,Stains:1,Z_Scratch:1}', 'val_size': 10, 'validation_strategy': 'stratified_labeled_val', 'warm_inference_seconds': 0.5280170980840921}",,False,0.5280170980840921
tabpfn3,/private/ofirlin-lab/suissad4/caches/tabpfn/tabpfn-v3-classifier-v3_default.ckpt,,,nogit:afd539c9e2f221fc,,12.4,steel-plates-fault,gpu,False,,,3f9236be15390304,,ssl-tfm,"{'cuda_available': True, 'cuda_version': '12.4', 'env_name': None, 'env_prefix': '/private/ofirlin-lab/suissad4/envs/micromamba', 'gpu_count': 1, 'gpu_name': 'NVIDIA A100 80GB PCIe', 'hostname': 'dsiuriofir01', 'packages': {'catboost': '1.2.10', 'lightgbm': '4.7.0', 'numpy': '2.4.6', 'pandas': '3.0.3', 'scikit-learn': '1.9.0', 'tabicl': '2.1.1', 'tabpfn': '8.1.0', 'torch': '2.6.0+cu124', 'xgboost': None}, 'platform': 'Linux-5.14.0-687.15.1.el9_8.x86_64-x86_64-with-glibc2.34', 'python': '3.11.15 | packaged by conda-forge | (main, Jun 11 2026, 03:34:02) [GCC 14.3.0]', 'python_version': '3.11.15', 'torch_available': True, 'torch_version': '2.6.0+cu124'}",,,NVIDIA A100 80GB PCIe,dsiuriofir01,raw,,tabpfn3,{},44136fa355b3678a,tfm_frozen,official,0.570694087403599,,0.6565972398992449,0.5120913265896762,0.07787942271999349,0.9869046738868581,0.6072226458737802,0.9869046738868581,0.9044814208607933,100,,False,,8.1.0,,inductive,Hollmann et al. TabPFN / TabPFN-3,steel-plates-fault__tabpfn3__s2__n100__38eb4a975e37fe75,9.8762,2,177,18455300,v1_absolute_budget,success,True,2026-07-22T14:57:47.016051+00:00,"{'all_classes_present_in_labeled': True, 'backbone': 'tabpfn3', 'best_epoch': nan, 'best_val_loss': nan, 'checkpoint': '/private/ofirlin-lab/suissad4/caches/tabpfn/tabpfn-v3-classifier-v3_default.ckpt', 'cold_load_seconds': 1.010650164913386, 'dataset': 'steel-plates-fault', 'dataset_id': 40982, 'embedding_source': None, 'epochs_trained': nan, 'error_message': None, 'final_train_loss': nan, 'finetune_epochs_trained': nan, 'graph_n_neighbors_used': nan, 'graph_n_rows': nan, 'graph_n_unlabeled_used': nan, 'graph_retry_count': nan, 'input_view': 'raw', 'kv_cache': None, 'labeled_class_counts': '{Bumps:19,Dirtiness:7,K_Scratch:18,Other_Faults:28,Pastry:10,Stains:7,Z_Scratch:11}', 'labeled_classes_present': 7, 'max_labeled_per_class': 28, 'max_selected_confidence': nan, 'mean_selected_confidence': nan, 'mean_selected_density': nan, 'method': 'tabpfn3', 'method_fidelity': 'official', 'metric_accuracy': 0.570694087403599, 'metric_average_precision': None, 'metric_balanced_accuracy': 0.6565972398992449, 'metric_brier': 0.5120913265896762, 'metric_ece': 0.07787942271999349, 'metric_log_loss': 0.9869046738868581, 'metric_macro_f1': 0.6072226458737802, 'metric_nll': 0.9869046738868581, 'metric_roc_auc': 0.9044814208607933, 'min_labeled_per_class': 7, 'min_selected_confidence': nan, 'n_classes': 7, 'n_features_after_preprocessing': 27, 'n_features_before_preprocessing': 27, 'n_labeled': 100, 'n_pseudo_added_last_iter': nan, 'n_pseudo_added_total': nan, 'n_unlabeled': 1452, 'neural_method': nan, 'neural_validation_strategy': nan, 'package_version': '8.1.0', 'peak_gpu_memory_mb': 318.38330078125, 'pretrain_epochs_trained': nan, 'protocol': 'inductive', 'pseudo_label_class_distribution': nan, 'pseudo_label_fraction': nan, 'reference_family': 'TabPFN-3 / PriorLabs', 'runtime_seconds': 9.8762, 'seed': 2, 'self_training_iterations': nan, 'status': 'success', 'stopped_reason': nan, 'test_class_counts': '{Bumps:81,Dirtiness:11,K_Scratch:78,Other_Faults:135,Pastry:32,Stains:14,Z_Scratch:38}', 'test_size': 389, 'timestamp_utc': '2026-07-22T14:57:37.107631+00:00', 'train_labeled_size': 80, 'train_pool_class_counts': '{Bumps:321,Dirtiness:44,K_Scratch:313,Other_Faults:538,Pastry:126,Stains:58,Z_Scratch:152}', 'unlabeled_class_counts': '{Bumps:302,Dirtiness:37,K_Scratch:295,Other_Faults:510,Pastry:116,Stains:51,Z_Scratch:141}', 'val_class_counts': '{Bumps:4,Dirtiness:1,K_Scratch:4,Other_Faults:6,Pastry:2,Stains:1,Z_Scratch:2}', 'val_size': 20, 'validation_strategy': 'stratified_labeled_val', 'warm_inference_seconds': 0.5749824079684913}",,False,0.5749824079684913
tabpfn3,/private/ofirlin-lab/suissad4/caches/tabpfn/tabpfn-v3-classifier-v3_default.ckpt,,,nogit:afd539c9e2f221fc,,12.4,steel-plates-fault,gpu,False,,,3f9236be15390304,,ssl-tfm,"{'cuda_available': True, 'cuda_version': '12.4', 'env_name': None, 'env_prefix': '/private/ofirlin-lab/suissad4/envs/micromamba', 'gpu_count': 1, 'gpu_name': 'NVIDIA A100 80GB PCIe', 'hostname': 'dsiuriofir01', 'packages': {'catboost': '1.2.10', 'lightgbm': '4.7.0', 'numpy': '2.4.6', 'pandas': '3.0.3', 'scikit-learn': '1.9.0', 'tabicl': '2.1.1', 'tabpfn': '8.1.0', 'torch': '2.6.0+cu124', 'xgboost': None}, 'platform': 'Linux-5.14.0-687.15.1.el9_8.x86_64-x86_64-with-glibc2.34', 'python': '3.11.15 | packaged by conda-forge | (main, Jun 11 2026, 03:34:02) [GCC 14.3.0]', 'python_version': '3.11.15', 'torch_available': True, 'torch_version': '2.6.0+cu124'}",,,NVIDIA A100 80GB PCIe,dsiuriofir01,raw,,tabpfn3,{},44136fa355b3678a,tfm_frozen,official,0.7429305912596401,,0.7735450094785934,0.37510834659793973,0.028879841022746083,0.7267962601062034,0.7640406042951551,0.7267962601062034,0.9413991211391739,250,,False,,8.1.0,,inductive,Hollmann et al. TabPFN / TabPFN-3,steel-plates-fault__tabpfn3__s2__n250__4159fd8cb83137db,9.8526,2,178,18455301,v1_absolute_budget,success,True,2026-07-22T14:57:46.994789+00:00,"{'all_classes_present_in_labeled': True, 'backbone': 'tabpfn3', 'best_epoch': nan, 'best_val_loss': nan, 'checkpoint': '/private/ofirlin-lab/suissad4/caches/tabpfn/tabpfn-v3-classifier-v3_default.ckpt', 'cold_load_seconds': 1.0342341838404536, 'dataset': 'steel-plates-fault', 'dataset_id': 40982, 'embedding_source': None, 'epochs_trained': nan, 'error_message': None, 'final_train_loss': nan, 'finetune_epochs_trained': nan, 'graph_n_neighbors_used': nan, 'graph_n_rows': nan, 'graph_n_unlabeled_used': nan, 'graph_retry_count': nan, 'input_view': 'raw', 'kv_cache': None, 'labeled_class_counts': '{Bumps:50,Dirtiness:11,K_Scratch:48,Other_Faults:80,Pastry:22,Stains:13,Z_Scratch:26}', 'labeled_classes_present': 7, 'max_labeled_per_class': 80, 'max_selected_confidence': nan, 'mean_selected_confidence': nan, 'mean_selected_density': nan, 'method': 'tabpfn3', 'method_fidelity': 'official', 'metric_accuracy': 0.7429305912596401, 'metric_average_precision': None, 'metric_balanced_accuracy': 0.7735450094785934, 'metric_brier': 0.37510834659793973, 'metric_ece': 0.028879841022746083, 'metric_log_loss': 0.7267962601062034, 'metric_macro_f1': 0.7640406042951551, 'metric_nll': 0.7267962601062034, 'metric_roc_auc': 0.9413991211391739, 'min_labeled_per_class': 11, 'min_selected_confidence': nan, 'n_classes': 7, 'n_features_after_preprocessing': 27, 'n_features_before_preprocessing': 27, 'n_labeled': 250, 'n_pseudo_added_last_iter': nan, 'n_pseudo_added_total': nan, 'n_unlabeled': 1302, 'neural_method': nan, 'neural_validation_strategy': nan, 'package_version': '8.1.0', 'peak_gpu_memory_mb': 321.1650390625, 'pretrain_epochs_trained': nan, 'protocol': 'inductive', 'pseudo_label_class_distribution': nan, 'pseudo_label_fraction': nan, 'reference_family': 'TabPFN-3 / PriorLabs', 'runtime_seconds': 9.8526, 'seed': 2, 'self_training_iterations': nan, 'status': 'success', 'stopped_reason': nan, 'test_class_counts': '{Bumps:81,Dirtiness:11,K_Scratch:78,Other_Faults:135,Pastry:32,Stains:14,Z_Scratch:38}', 'test_size': 389, 'timestamp_utc': '2026-07-22T14:57:37.106939+00:00', 'train_labeled_size': 200, 'train_pool_class_counts': '{Bumps:321,Dirtiness:44,K_Scratch:313,Other_Faults:538,Pastry:126,Stains:58,Z_Scratch:152}', 'unlabeled_class_counts': '{Bumps:271,Dirtiness:33,K_Scratch:265,Other_Faults:458,Pastry:104,Stains:45,Z_Scratch:126}', 'val_class_counts': '{Bumps:10,Dirtiness:2,K_Scratch:10,Other_Faults:16,Pastry:4,Stains:3,Z_Scratch:5}', 'val_size': 50, 'validation_strategy': 'stratified_labeled_val', 'warm_inference_seconds': 0.5758917541243136}",,False,0.5758917541243136
tabpfn3,/private/ofirlin-lab/suissad4/caches/tabpfn/tabpfn-v3-classifier-v3_default.ckpt,,,nogit:afd539c9e2f221fc,,12.4,steel-plates-fault,gpu,False,,,3f9236be15390304,,ssl-tfm,"{'cuda_available': True, 'cuda_version': '12.4', 'env_name': None, 'env_prefix': '/private/ofirlin-lab/suissad4/envs/micromamba', 'gpu_count': 1, 'gpu_name': 'NVIDIA A100 80GB PCIe', 'hostname': 'dsiuriofir01', 'packages': {'catboost': '1.2.10', 'lightgbm': '4.7.0', 'numpy': '2.4.6', 'pandas': '3.0.3', 'scikit-learn': '1.9.0', 'tabicl': '2.1.1', 'tabpfn': '8.1.0', 'torch': '2.6.0+cu124', 'xgboost': None}, 'platform': 'Linux-5.14.0-687.15.1.el9_8.x86_64-x86_64-with-glibc2.34', 'python': '3.11.15 | packaged by conda-forge | (main, Jun 11 2026, 03:34:02) [GCC 14.3.0]', 'python_version': '3.11.15', 'torch_available': True, 'torch_version': '2.6.0+cu124'}",,,NVIDIA A100 80GB PCIe,dsiuriofir01,raw,,tabpfn3,{},44136fa355b3678a,tfm_frozen,official,0.7583547557840618,,0.7748705723173142,0.33703763488621985,0.04504723597982207,0.6375504603030573,0.7720164463487446,0.6375504603030573,0.9549031373138545,500,,False,,8.1.0,,inductive,Hollmann et al. TabPFN / TabPFN-3,steel-plates-fault__tabpfn3__s2__n500__aab03f1d8152db5c,9.5721,2,179,18455302,v1_absolute_budget,success,True,2026-07-22T14:58:03.663157+00:00,"{'all_classes_present_in_labeled': True, 'backbone': 'tabpfn3', 'best_epoch': nan, 'best_val_loss': nan, 'checkpoint': '/private/ofirlin-lab/suissad4/caches/tabpfn/tabpfn-v3-classifier-v3_default.ckpt', 'cold_load_seconds': 1.053041405044496, 'dataset': 'steel-plates-fault', 'dataset_id': 40982, 'embedding_source': None, 'epochs_trained': nan, 'error_message': None, 'final_train_loss': nan, 'finetune_epochs_trained': nan, 'graph_n_neighbors_used': nan, 'graph_n_rows': nan, 'graph_n_unlabeled_used': nan, 'graph_retry_count': nan, 'input_view': 'raw', 'kv_cache': None, 'labeled_class_counts': '{Bumps:101,Dirtiness:18,K_Scratch:99,Other_Faults:166,Pastry:43,Stains:22,Z_Scratch:51}', 'labeled_classes_present': 7, 'max_labeled_per_class': 166, 'max_selected_confidence': nan, 'mean_selected_confidence': nan, 'mean_selected_density': nan, 'method': 'tabpfn3', 'method_fidelity': 'official', 'metric_accuracy': 0.7583547557840618, 'metric_average_precision': None, 'metric_balanced_accuracy': 0.7748705723173142, 'metric_brier': 0.33703763488621985, 'metric_ece': 0.04504723597982207, 'metric_log_loss': 0.6375504603030573, 'metric_macro_f1': 0.7720164463487446, 'metric_nll': 0.6375504603030573, 'metric_roc_auc': 0.9549031373138545, 'min_labeled_per_class': 18, 'min_selected_confidence': nan, 'n_classes': 7, 'n_features_after_preprocessing': 27, 'n_features_before_preprocessing': 27, 'n_labeled': 500, 'n_pseudo_added_last_iter': nan, 'n_pseudo_added_total': nan, 'n_unlabeled': 1052, 'neural_method': nan, 'neural_validation_strategy': nan, 'package_version': '8.1.0', 'peak_gpu_memory_mb': 325.33447265625, 'pretrain_epochs_trained': nan, 'protocol': 'inductive', 'pseudo_label_class_distribution': nan, 'pseudo_label_fraction': nan, 'reference_family': 'TabPFN-3 / PriorLabs', 'runtime_seconds': 9.5721, 'seed': 2, 'self_training_iterations': nan, 'status': 'success', 'stopped_reason': nan, 'test_class_counts': '{Bumps:81,Dirtiness:11,K_Scratch:78,Other_Faults:135,Pastry:32,Stains:14,Z_Scratch:38}', 'test_size': 389, 'timestamp_utc': '2026-07-22T14:57:54.056333+00:00', 'train_labeled_size': 400, 'train_pool_class_counts': '{Bumps:321,Dirtiness:44,K_Scratch:313,Other_Faults:538,Pastry:126,Stains:58,Z_Scratch:152}', 'unlabeled_class_counts': '{Bumps:220,Dirtiness:26,K_Scratch:214,Other_Faults:372,Pastry:83,Stains:36,Z_Scratch:101}', 'val_class_counts': '{Bumps:20,Dirtiness:4,K_Scratch:20,Other_Faults:33,Pastry:9,Stains:4,Z_Scratch:10}', 'val_size': 100, 'validation_strategy': 'stratified_labeled_val', 'warm_inference_seconds': 0.5878963791765273}",,False,0.5878963791765273
tabpfn3,/private/ofirlin-lab/suissad4/caches/tabpfn/tabpfn-v3-classifier-v3_default.ckpt,,,nogit:afd539c9e2f221fc,,12.4,steel-plates-fault,gpu,False,,,3f9236be15390304,,ssl-tfm,"{'cuda_available': True, 'cuda_version': '12.4', 'env_name': None, 'env_prefix': '/private/ofirlin-lab/suissad4/envs/micromamba', 'gpu_count': 1, 'gpu_name': 'NVIDIA A100 80GB PCIe', 'hostname': 'dsiuriofir01', 'packages': {'catboost': '1.2.10', 'lightgbm': '4.7.0', 'numpy': '2.4.6', 'pandas': '3.0.3', 'scikit-learn': '1.9.0', 'tabicl': '2.1.1', 'tabpfn': '8.1.0', 'torch': '2.6.0+cu124', 'xgboost': None}, 'platform': 'Linux-5.14.0-687.15.1.el9_8.x86_64-x86_64-with-glibc2.34', 'python': '3.11.15 | packaged by conda-forge | (main, Jun 11 2026, 03:34:02) [GCC 14.3.0]', 'python_version': '3.11.15', 'torch_available': True, 'torch_version': '2.6.0+cu124'}",,,NVIDIA A100 80GB PCIe,dsiuriofir01,raw,,tabpfn3,{},44136fa355b3678a,tfm_frozen,official,0.5938303341902313,,0.6160974862415964,0.5183663754557322,0.06579916034445293,1.0968221057963368,0.591420924505611,1.0968221057963368,0.878108084090714,50,,False,,8.1.0,,inductive,Hollmann et al. TabPFN / TabPFN-3,steel-plates-fault__tabpfn3__s2__n50__ece3c694dd4e2b34,10.2275,2,176,18455298,v1_absolute_budget,success,True,2026-07-22T14:57:28.543377+00:00,"{'all_classes_present_in_labeled': True, 'backbone': 'tabpfn3', 'best_epoch': nan, 'best_val_loss': nan, 'checkpoint': '/private/ofirlin-lab/suissad4/caches/tabpfn/tabpfn-v3-classifier-v3_default.ckpt', 'cold_load_seconds': 1.0118578458204865, 'dataset': 'steel-plates-fault', 'dataset_id': 40982, 'embedding_source': None, 'epochs_trained': nan, 'error_message': None, 'final_train_loss': nan, 'finetune_epochs_trained': nan, 'graph_n_neighbors_used': nan, 'graph_n_rows': nan, 'graph_n_unlabeled_used': nan, 'graph_retry_count': nan, 'input_view': 'raw', 'kv_cache': None, 'labeled_class_counts': '{Bumps:9,Dirtiness:4,K_Scratch:9,Other_Faults:13,Pastry:5,Stains:4,Z_Scratch:6}', 'labeled_classes_present': 7, 'max_labeled_per_class': 13, 'max_selected_confidence': nan, 'mean_selected_confidence': nan, 'mean_selected_density': nan, 'method': 'tabpfn3', 'method_fidelity': 'official', 'metric_accuracy': 0.5938303341902313, 'metric_average_precision': None, 'metric_balanced_accuracy': 0.6160974862415964, 'metric_brier': 0.5183663754557322, 'metric_ece': 0.06579916034445293, 'metric_log_loss': 1.0968221057963368, 'metric_macro_f1': 0.591420924505611, 'metric_nll': 1.0968221057963368, 'metric_roc_auc': 0.878108084090714, 'min_labeled_per_class': 4, 'min_selected_confidence': nan, 'n_classes': 7, 'n_features_after_preprocessing': 27, 'n_features_before_preprocessing': 27, 'n_labeled': 50, 'n_pseudo_added_last_iter': nan, 'n_pseudo_added_total': nan, 'n_unlabeled': 1502, 'neural_method': nan, 'neural_validation_strategy': nan, 'package_version': '8.1.0', 'peak_gpu_memory_mb': 317.62939453125, 'pretrain_epochs_trained': nan, 'protocol': 'inductive', 'pseudo_label_class_distribution': nan, 'pseudo_label_fraction': nan, 'reference_family': 'TabPFN-3 / PriorLabs', 'runtime_seconds': 10.2275, 'seed': 2, 'self_training_iterations': nan, 'status': 'success', 'stopped_reason': nan, 'test_class_counts': '{Bumps:81,Dirtiness:11,K_Scratch:78,Other_Faults:135,Pastry:32,Stains:14,Z_Scratch:38}', 'test_size': 389, 'timestamp_utc': '2026-07-22T14:57:18.282221+00:00', 'train_labeled_size': 40, 'train_pool_class_counts': '{Bumps:321,Dirtiness:44,K_Scratch:313,Other_Faults:538,Pastry:126,Stains:58,Z_Scratch:152}', 'unlabeled_class_counts': '{Bumps:312,Dirtiness:40,K_Scratch:304,Other_Faults:525,Pastry:121,Stains:54,Z_Scratch:146}', 'val_class_counts': '{Bumps:2,Dirtiness:1,K_Scratch:2,Other_Faults:2,Pastry:1,Stains:1,Z_Scratch:1}', 'val_size': 10, 'validation_strategy': 'stratified_labeled_val', 'warm_inference_seconds': 0.5371863390319049}",,False,0.5371863390319049
